STOK_KODU,CARI_KOD,FISNO,TARIH,MIKTAR1,MIKTAR2,NET_FIYAT,STHAR_GCKOD,STHAR_HTUR,DOLAR_KURU,STHAR_ACIKLAMA,EKALAN,EKALAN1,TUTAR_USD,ODE_GUN,YIL,AY,HAFTA
H00008,320.01.0002,IRS23700001,2023-02-26,10000,10,37.2068,1,YERLİ,20.0167,Sevk irsaliyesi,E,,18587.8791,90,2023,2,8
D00008,320.01.0002,IRS23700002,2023-03-05,5000,5000,180.5128,1,YERLİ,21.2333,Numune kabul,H,Şartlı kabul,42507.0055,90,2023,3,9
H00016,320.01.0032,IRS23700003,2023-01-24,250,250,43.4202,1,YERLİ,18.8,Kısmi teslim,H,Kalite onaylı,577.3963,45,2023,1,4
H00012,320.01.0046,IRS23700004,2023-04-01,1000,1000,18.9311,1,YERLİ,22.45,Mal kabul,H,Şartlı kabul,843.2561,0,2023,4,13
H00005,320.01.0046,IRS23700005,2023-03-11,10000,10,34.1317,1,YERLİ,21.2333,Sevk irsaliyesi,E,,16074.6092,90,2023,3,10
D00005,320.01.0002,IRS23700006,2023-01-16,250,250,179.7126,1,YERLİ,18.8,Kısmi teslim,E,Şartlı kabul,2389.7952,90,2023,1,3
H00011,320.01.0010,IRS23700007,2023-03-16,120,0.12,20.0064,1,YERLİ,21.2333,Kısmi teslim,H,Kalite onaylı,113.0662,45,2023,3,11
D00010,320.01.0032,IRS23700008,2023-01-13,10000,10000,107.931,1,YERLİ,18.8,Mal kabul,E,,57410.1064,30,2023,1,2
D00008,320.01.0032,IRS23700009,2023-02-14,120,120,189.8722,1,YERLİ,20.0167,Mal kabul,H,Kalite onaylı,1138.2827,60,2023,2,7
D00011,320.01.0001,IRS23700010,2023-04-02,125,125,5.3424,1,YERLİ,22.45,Sevk irsaliyesi,H,Şartlı kabul,29.7461,90,2023,4,13
D00002,320.01.0001,IRS23700011,2023-01-28,500,500,34.6145,1,YERLİ,18.8,Sevk irsaliyesi,E,,920.5984,45,2023,1,4
H00012,320.01.0027,IRS23700012,2023-01-20,1000,1000,15.6404,1,YERLİ,18.8,Sevk irsaliyesi,H,Kalite onaylı,831.9362,45,2023,1,3
D00002,320.01.0027,IRS23700013,2023-01-18,2000,2000,37.824,1,YERLİ,18.8,Mal kabul,E,,4023.8298,30,2023,1,3
D00005,320.01.0043,IRS23700014,2023-01-21,250,250,154.1824,1,İTHAL,18.8,Sevk irsaliyesi,H,Şartlı kabul,2050.2979,0,2023,1,3
D00009,320.01.0006,IRS23700015,2023-02-24,500,500,124.3227,1,YERLİ,20.0167,İthalat dosyası,H,Şartlı kabul,3105.4744,45,2023,2,8
H00004,320.01.0002,IRS23700016,2023-02-27,500,0.5,38.358,1,YERLİ,20.0167,Kısmi teslim,E,,958.1499,45,2023,2,9
H00011,320.01.0002,IRS23700017,2023-03-13,250,0.25,22.188,1,YERLİ,21.2333,Mal kabul,H,Kalite onaylı,261.2406,30,2023,3,11
D00007,320.01.0002,IRS23700018,2023-01-24,5000,5000,44.0795,1,YERLİ,18.8,Mal kabul,E,Kalite onaylı,11723.2713,90,2023,1,4
H00003,320.01.0020,IRS23700019,2023-02-05,10000,10,45.5491,1,YERLİ,20.0167,Sevk irsaliyesi,E,,22755.5491,60,2023,2,5
H00002,320.01.0020,IRS23700020,2023-01-29,500,0.5,11.4093,1,YERLİ,18.8,Mal kabul,H,Kalite onaylı,303.4388,60,2023,1,4
H00003,320.01.0037,IRS23700021,2023-02-21,250,0.25,44.8003,1,İTHAL,20.0167,Kısmi teslim,H,,559.5365,45,2023,2,8
H00008,320.01.0037,IRS23700022,2023-03-19,120,0.12,35.7008,1,İTHAL,21.2333,Numune kabul,H,Şartlı kabul,201.7631,60,2023,3,11
H00014,320.01.0004,IRS23700023,2023-03-07,250,0.25,21.7061,1,YERLİ,21.2333,Sevk irsaliyesi,E,Şartlı kabul,255.5667,60,2023,3,10
D00011,320.01.0009,IRS23700024,2023-03-15,10000,10000,5.0721,1,YERLİ,21.2333,Mal kabul,E,Kalite onaylı,2388.7479,0,2023,3,11
H00008,320.01.0009,IRS23700025,2023-02-02,500,0.5,37.5617,1,YERLİ,20.0167,Sevk irsaliyesi,H,Kalite onaylı,938.2591,60,2023,2,5
H00010,320.01.0012,IRS23700026,2023-02-01,10000,10,12.924,1,YERLİ,20.0167,Kısmi teslim,E,Şartlı kabul,6456.6087,45,2023,2,5
D00001,320.01.0001,IRS23700027,2023-03-21,5000,5000,18.7884,1,YERLİ,21.2333,Sevk irsaliyesi,H,Kalite onaylı,4424.277,60,2023,3,12
D00004,320.01.0001,IRS23700028,2023-02-02,5000,5000,36.5904,1,YERLİ,20.0167,İthalat dosyası,E,,9139.9681,0,2023,2,5
D00005,320.01.0023,IRS23700029,2023-04-08,2000,2000,170.3123,1,İTHAL,22.45,Kısmi teslim,E,Şartlı kabul,15172.588,90,2023,4,14
H00013,320.01.0002,IRS23700030,2023-01-27,500,500,49.3262,1,YERLİ,18.8,İthalat dosyası,H,,1311.867,45,2023,1,4
H00002,320.01.0002,IRS23700031,2023-01-26,500,0.5,11.5774,1,YERLİ,18.8,Mal kabul,E,Kalite onaylı,307.9096,90,2023,1,4
D00003,320.01.0002,IRS23700032,2023-02-03,10000,10000,182.6168,1,YERLİ,20.0167,Kısmi teslim,H,Kalite onaylı,91232.2211,45,2023,2,5
H00003,320.01.0007,IRS23700033,2023-01-19,5000,5,46.6939,1,YERLİ,18.8,Numune kabul,H,,12418.5904,30,2023,1,3
H00004,320.01.0007,IRS23700034,2023-04-17,120,0.12,43.3643,1,YERLİ,22.45,İthalat dosyası,H,Kalite onaylı,231.7914,60,2023,4,16
H00014,320.01.0008,IRS23700035,2023-02-15,120,0.12,19.4864,1,YERLİ,20.0167,Kısmi teslim,H,Kalite onaylı,116.8209,60,2023,2,7
D00003,320.01.0030,IRS23700036,2023-03-01,120,120,187.7887,1,YERLİ,21.2333,İthalat dosyası,E,Kalite onaylı,1061.2879,60,2023,3,9
H00006,320.01.0030,IRS23700037,2023-02-12,500,0.5,59.6507,1,YERLİ,20.0167,Kısmi teslim,H,Şartlı kabul,1490.0233,90,2023,2,6
H00008,320.01.0001,IRS23700038,2023-04-18,120,0.12,35.1009,1,YERLİ,22.45,Kısmi teslim,H,Kalite onaylı,187.6217,30,2023,4,16
D00004,320.01.0001,IRS23700039,2023-02-09,120,120,41.1467,1,YERLİ,20.0167,Numune kabul,H,Şartlı kabul,246.6742,45,2023,2,6
H00015,320.01.0001,IRS23700040,2023-04-22,120,0.12,23.3036,1,YERLİ,22.45,Kısmi teslim,H,Şartlı kabul,124.5627,0,2023,4,16
H00010,320.01.0003,IRS23700041,2023-02-07,120,0.12,14.3411,1,İTHAL,20.0167,Kısmi teslim,E,Şartlı kabul,85.9748,60,2023,2,6
H00016,320.01.0003,IRS23700042,2023-01-29,500,500,43.0899,1,İTHAL,18.8,İthalat dosyası,E,Kalite onaylı,1146.008,30,2023,1,4
H00015,320.01.0003,IRS23700043,2023-01-27,250,0.25,24.7604,1,İTHAL,18.8,İthalat dosyası,H,Şartlı kabul,329.2606,30,2023,1,4
D00009,320.01.0012,IRS23700044,2023-01-31,2000,2000,138.2844,1,YERLİ,18.8,Mal kabul,E,,14711.1064,30,2023,1,5
H00009,320.01.0001,IRS23700045,2023-03-21,500,0.5,49.5406,1,YERLİ,21.2333,İthalat dosyası,H,,1166.578,30,2023,3,12
D00004,320.01.0001,IRS23700046,2023-02-24,10000,10000,36.1748,1,YERLİ,20.0167,Kısmi teslim,H,Kalite onaylı,18072.3096,30,2023,2,8
H00002,320.01.0001,IRS23700047,2023-03-24,1000,1,12.263,1,YERLİ,21.2333,Sevk irsaliyesi,H,,577.5362,0,2023,3,12
H00010,320.01.0041,IRS23700048,2023-03-27,5000,5,11.5239,1,İTHAL,21.2333,Numune kabul,E,Kalite onaylı,2713.6385,30,2023,3,13
D00009,320.01.0006,IRS23700049,2023-02-20,250,250,147.6345,1,YERLİ,20.0167,Kısmi teslim,H,,1843.8916,45,2023,2,8
H00010,320.01.0050,IRS23700050,2023-02-06,1000,1,12.0005,1,YERLİ,20.0167,Kısmi teslim,H,Şartlı kabul,599.5244,30,2023,2,6
H00008,320.01.0050,IRS23700051,2023-03-06,10000,10,34.9763,1,YERLİ,21.2333,Numune kabul,E,Kalite onaylı,16472.3806,60,2023,3,10
H00011,320.01.0006,IRS23700052,2023-02-05,5000,5,20.4052,1,YERLİ,20.0167,Kısmi teslim,H,Şartlı kabul,5097.044,90,2023,2,5
H00008,320.01.0018,IRS23700053,2023-02-05,1000,1,31.4076,1,YERLİ,20.0167,İthalat dosyası,E,Kalite onaylı,1569.0698,60,2023,2,5
D00007,320.01.0018,IRS23700054,2023-03-28,120,120,42.4829,1,YERLİ,21.2333,İthalat dosyası,H,Kalite onaylı,240.0921,60,2023,3,13
D00005,320.01.0018,IRS23700055,2023-04-16,500,500,146.9333,1,YERLİ,22.45,Numune kabul,E,,3272.4566,60,2023,4,15
H00001,320.01.0029,IRS23700056,2023-03-19,10000,10,31.5595,1,YERLİ,21.2333,İthalat dosyası,H,,14863.2101,45,2023,3,11
H00009,320.01.0029,IRS23700057,2023-02-01,500,0.5,39.9846,1,YERLİ,20.0167,Sevk irsaliyesi,E,Kalite onaylı,998.781,30,2023,2,5
H00001,320.01.0032,IRS23700058,2023-02-05,120,0.12,30.8601,1,YERLİ,20.0167,Numune kabul,H,Kalite onaylı,185.0061,30,2023,2,5
D00012,320.01.0032,IRS23700059,2023-04-15,500,500,71.6122,1,YERLİ,22.45,Numune kabul,E,,1594.9265,90,2023,4,15
D00002,320.01.0032,IRS23700060,2023-04-28,10000,10000,32.8016,1,YERLİ,22.45,Kısmi teslim,H,,14610.9577,30,2023,4,17
H00003,320.01.0021,IRS23700061,2023-04-17,120,0.12,40.5635,1,YERLİ,22.45,İthalat dosyası,E,,216.8205,60,2023,4,16
H00011,320.01.0021,IRS23700062,2023-02-17,2000,2,20.7775,1,YERLİ,20.0167,Numune kabul,H,,2076.0165,30,2023,2,7
H00009,320.01.0019,IRS23700063,2023-02-03,120,0.12,42.9932,1,YERLİ,20.0167,Numune kabul,E,Şartlı kabul,257.744,90,2023,2,5
H00012,320.01.0019,IRS23700064,2023-02-22,5000,5000,18.0713,1,YERLİ,20.0167,İthalat dosyası,H,Şartlı kabul,4514.0558,30,2023,2,8
D00004,320.01.0003,IRS23700065,2023-03-12,2000,2000,41.3305,1,İTHAL,21.2333,Mal kabul,H,Şartlı kabul,3892.9888,0,2023,3,10
D00006,320.01.0014,IRS23700066,2023-02-05,120,120,169.899,1,YERLİ,20.0167,Kısmi teslim,E,,1018.5435,0,2023,2,5
H00002,320.01.0004,IRS23700067,2023-01-27,500,0.5,11.6328,1,YERLİ,18.8,Sevk irsaliyesi,E,Şartlı kabul,309.383,90,2023,1,4
H00013,320.01.0008,IRS23700069,2023-04-21,1000,1000,54.375,1,YERLİ,22.45,Sevk irsaliyesi,E,,2422.049,45,2023,4,16
H00011,320.01.0037,IRS23700070,2023-01-31,500,0.5,21.1149,1,İTHAL,18.8,Numune kabul,H,Şartlı kabul,561.5665,0,2023,1,5
D00003,320.01.0010,IRS23700071,2023-03-01,250,250,179.3394,1,YERLİ,21.2333,İthalat dosyası,E,Kalite onaylı,2111.5347,90,2023,3,9
H00016,320.01.0010,IRS23700072,2023-03-02,10000,10000,50.4162,1,YERLİ,21.2333,İthalat dosyası,H,Şartlı kabul,23743.9305,90,2023,3,9
D00003,320.01.0001,IRS23700073,2023-03-10,500,500,166.3733,1,YERLİ,21.2333,Sevk irsaliyesi,H,Şartlı kabul,3917.7448,90,2023,3,10
H00008,320.01.0001,IRS23700074,2023-02-11,500,0.5,33.0507,1,YERLİ,20.0167,Sevk irsaliyesi,E,,825.5781,30,2023,2,6
H00014,320.01.0001,IRS23700075,2023-03-19,10000,10,17.8226,1,YERLİ,21.2333,Kısmi teslim,H,,8393.7023,90,2023,3,11
D00010,320.01.0013,IRS23700076,2023-02-25,10000,10000,126.0217,1,YERLİ,20.0167,İthalat dosyası,H,Şartlı kabul,62958.2798,60,2023,2,8
H00007,320.01.0013,IRS23700077,2023-04-26,5000,5,28.026,1,YERLİ,22.45,Numune kabul,H,,6241.8708,90,2023,4,17
D00012,320.01.0007,IRS23700079,2023-02-24,120,120,69.2337,1,YERLİ,20.0167,Numune kabul,E,Kalite onaylı,415.0556,30,2023,2,8
H00010,320.01.0004,IRS23700080,2023-02-20,10000,10,11.8807,1,YERLİ,20.0167,Kısmi teslim,E,Kalite onaylı,5935.3939,90,2023,2,8
H00009,320.01.0004,IRS23700081,2023-04-28,5000,5,44.3418,1,YERLİ,22.45,Sevk irsaliyesi,H,Kalite onaylı,9875.6793,0,2023,4,17
H00007,320.01.0009,IRS23700083,2023-04-03,500,0.5,27.1819,1,YERLİ,22.45,Mal kabul,E,,605.3875,60,2023,4,14
D00012,320.01.0009,IRS23700084,2023-02-16,2000,2000,79.009,1,YERLİ,20.0167,Mal kabul,E,Şartlı kabul,7894.3083,45,2023,2,7
D00012,320.01.0001,IRS23700085,2023-04-07,10000,10000,79.1835,1,YERLİ,22.45,İthalat dosyası,H,,35271.0468,60,2023,4,14
H00009,320.01.0001,IRS23700086,2023-02-22,5000,5,48.032,1,YERLİ,20.0167,Mal kabul,H,,11997.9817,0,2023,2,8
H00012,320.01.0001,IRS23700087,2023-02-15,2000,2000,18.2824,1,YERLİ,20.0167,İthalat dosyası,H,Şartlı kabul,1826.7147,90,2023,2,7
D00010,320.01.0009,IRS23700088,2023-02-13,10000,10000,109.278,1,YERLİ,20.0167,İthalat dosyası,H,,54593.4145,30,2023,2,7
H00003,320.01.0024,IRS23700089,2023-03-21,500,0.5,39.3134,1,YERLİ,21.2333,Mal kabul,H,Kalite onaylı,925.7487,45,2023,3,12
D00009,320.01.0002,IRS23700090,2023-02-24,120,120,134.0655,1,YERLİ,20.0167,Mal kabul,E,Kalite onaylı,803.7219,0,2023,2,8
D00008,320.01.0017,IRS23700091,2023-02-12,2000,2000,164.1464,1,YERLİ,20.0167,Sevk irsaliyesi,H,,16400.9452,30,2023,2,6
H00014,320.01.0021,IRS23700092,2023-03-18,120,0.12,21.0062,1,YERLİ,21.2333,Sevk irsaliyesi,H,Şartlı kabul,118.7165,90,2023,3,11
D00008,320.01.0021,IRS23700093,2023-02-22,5000,5000,190.4827,1,YERLİ,20.0167,İthalat dosyası,H,Kalite onaylı,47580.9449,90,2023,2,8
H00007,320.01.0021,IRS23700094,2023-02-19,250,0.25,23.695,1,YERLİ,20.0167,İthalat dosyası,E,Şartlı kabul,295.9404,45,2023,2,7
D00011,320.01.0055,IRS23700095,2023-03-05,120,120,5.951,1,İTHAL,21.2333,Numune kabul,H,Şartlı kabul,33.6321,45,2023,3,9
D00009,320.01.0055,IRS23700096,2023-05-05,10000,10000,138.7703,1,İTHAL,23.6667,Numune kabul,H,,58635.2554,45,2023,5,18
H00014,320.01.0011,IRS23700097,2023-02-26,10000,10,21.3944,1,YERLİ,20.0167,Mal kabul,E,,10688.2753,60,2023,2,8
H00012,320.01.0011,IRS23700098,2023-02-08,2000,2000,15.9328,1,YERLİ,20.0167,Sevk irsaliyesi,E,Kalite onaylı,1591.9507,45,2023,2,6
D00001,320.01.0033,IRS23700101,2023-04-07,5000,5000,20.788,1,YERLİ,22.45,Sevk irsaliyesi,H,,4629.8441,90,2023,4,14
H00008,320.01.0001,IRS23700102,2023-03-29,250,0.25,41.2553,1,YERLİ,21.2333,Numune kabul,H,,485.7382,30,2023,3,13
H00011,320.01.0006,IRS23700103,2023-04-01,10000,10,24.3027,1,YERLİ,22.45,İthalat dosyası,E,Kalite onaylı,10825.2561,90,2023,4,13
H00008,320.01.0006,IRS23700104,2023-03-31,120,0.12,37.787,1,YERLİ,21.2333,Kısmi teslim,E,Kalite onaylı,213.5532,90,2023,3,13
H00010,320.01.0001,IRS23700105,2023-03-14,500,0.5,13.6687,1,YERLİ,21.2333,Numune kabul,E,Kalite onaylı,321.8694,0,2023,3,11
H00014,320.01.0008,IRS23700106,2023-04-04,2000,2,21.8311,1,YERLİ,22.45,Sevk irsaliyesi,H,,1944.8641,45,2023,4,14
H00015,320.01.0001,IRS23700107,2023-03-07,1000,1,23.4451,1,YERLİ,21.2333,Numune kabul,H,Kalite onaylı,1104.1666,0,2023,3,10
D00009,320.01.0001,IRS23700108,2023-05-02,2000,2000,159.9594,1,YERLİ,23.6667,İthalat dosyası,E,Şartlı kabul,13517.6767,0,2023,5,18
D00010,320.01.0023,IRS23700109,2023-02-17,250,250,118.081,1,İTHAL,20.0167,Sevk irsaliyesi,E,Kalite onaylı,1474.7811,60,2023,2,7
H00001,320.01.0003,IRS23700110,2023-03-15,10000,10,28.3863,1,İTHAL,21.2333,Sevk irsaliyesi,E,,13368.7651,30,2023,3,11
D00003,320.01.0003,IRS23700111,2023-02-15,250,250,162.226,1,İTHAL,20.0167,Sevk irsaliyesi,H,Kalite onaylı,2026.1332,45,2023,2,7
H00009,320.01.0003,IRS23700112,2023-02-27,250,0.25,44.5243,1,İTHAL,20.0167,Numune kabul,H,Kalite onaylı,556.0894,30,2023,2,9
H00001,320.01.0004,IRS23700113,2023-03-05,5000,5,34.9723,1,YERLİ,21.2333,Mal kabul,E,Kalite onaylı,8235.2484,0,2023,3,9
H00004,320.01.0024,IRS23700115,2023-03-01,250,0.25,42.9575,1,YERLİ,21.2333,Numune kabul,E,Şartlı kabul,505.7798,30,2023,3,9
H00009,320.01.0045,IRS23700116,2023-04-06,120,0.12,50.2375,1,YERLİ,22.45,Mal kabul,H,Şartlı kabul,268.5301,0,2023,4,14
H00015,320.01.0045,IRS23700117,2023-03-31,120,0.12,26.2465,1,YERLİ,21.2333,Sevk irsaliyesi,E,Şartlı kabul,148.3321,45,2023,3,13
D00003,320.01.0045,IRS23700118,2023-02-26,1000,1000,187.781,1,YERLİ,20.0167,İthalat dosyası,E,Şartlı kabul,9381.2167,45,2023,2,8
D00011,320.01.0042,IRS23700119,2023-03-07,120,120,5.274,1,YERLİ,21.2333,Mal kabul,E,Kalite onaylı,29.806,60,2023,3,10
D00007,320.01.0010,IRS23700120,2023-03-13,250,250,44.5792,1,YERLİ,21.2333,Mal kabul,H,,524.8737,45,2023,3,11
D00011,320.01.0003,IRS23700121,2023-04-15,5000,5000,5.8271,1,İTHAL,22.45,Numune kabul,E,Şartlı kabul,1297.7951,30,2023,4,15
D00011,320.01.0003,IRS23700122,2023-02-26,120,120,5.7541,1,İTHAL,20.0167,Kısmi teslim,H,Kalite onaylı,34.4958,30,2023,2,8
D00001,320.01.0006,IRS23700123,2023-02-17,10000,10000,22.5899,1,YERLİ,20.0167,Sevk irsaliyesi,E,Kalite onaylı,11285.5266,30,2023,2,7
D00012,320.01.0006,IRS23700124,2023-03-06,1000,1000,85.1641,1,YERLİ,21.2333,Numune kabul,E,,4010.8744,30,2023,3,10
H00013,320.01.0006,IRS23700125,2023-03-01,2000,2000,61.4678,1,YERLİ,21.2333,İthalat dosyası,H,Şartlı kabul,5789.7548,90,2023,3,9
D00007,320.01.0006,IRS23700126,2023-05-15,5000,5000,51.3248,1,YERLİ,23.6667,Numune kabul,H,Kalite onaylı,10843.2523,0,2023,5,20
D00005,320.01.0002,IRS23700127,2023-03-30,120,120,185.1603,1,YERLİ,21.2333,İthalat dosyası,E,,1046.4335,0,2023,3,13
H00005,320.01.0002,IRS23700128,2023-03-26,2000,2,32.7008,1,YERLİ,21.2333,Numune kabul,E,Şartlı kabul,3080.143,45,2023,3,12
D00012,320.01.0002,IRS23700129,2023-03-07,1000,1000,83.7254,1,YERLİ,21.2333,Kısmi teslim,E,Şartlı kabul,3943.1177,60,2023,3,10
H00006,320.01.0002,IRS23700130,2023-05-18,250,0.25,58.3269,1,YERLİ,23.6667,Kısmi teslim,E,Şartlı kabul,616.1284,90,2023,5,20
D00011,320.01.0020,IRS23700131,2023-03-12,5000,5000,5.5174,1,YERLİ,21.2333,Numune kabul,H,,1299.2328,30,2023,3,10
D00010,320.01.0023,IRS23700132,2023-03-11,250,250,110.0283,1,İTHAL,21.2333,Numune kabul,E,,1295.4687,60,2023,3,10
H00015,320.01.0048,IRS23700133,2023-02-26,10000,10,26.4709,1,YERLİ,20.0167,Numune kabul,E,,13224.4076,90,2023,2,8
H00001,320.01.0031,IRS23700134,2023-05-13,1000,1,33.6757,1,YERLİ,23.6667,Numune kabul,E,,1422.9149,45,2023,5,19
H00012,320.01.0031,IRS23700135,2023-05-18,5000,5000,20.9058,1,YERLİ,23.6667,Mal kabul,H,Kalite onaylı,4416.7121,0,2023,5,20
H00007,320.01.0008,IRS23700136,2023-04-09,10000,10,27.4394,1,YERLİ,22.45,Kısmi teslim,H,Şartlı kabul,12222.4499,30,2023,4,14
H00003,320.01.0008,IRS23700137,2023-02-24,500,0.5,44.039,1,YERLİ,20.0167,Mal kabul,H,Şartlı kabul,1100.0565,90,2023,2,8
D00009,320.01.0007,IRS23700138,2023-02-19,500,500,147.5636,1,YERLİ,20.0167,Numune kabul,H,,3686.0122,90,2023,2,7
H00001,320.01.0007,IRS23700139,2023-02-28,2000,2,33.8408,1,YERLİ,20.0167,Sevk irsaliyesi,E,Şartlı kabul,3381.2567,45,2023,2,9
H00007,320.01.0002,IRS23700140,2023-03-27,5000,5,26.9834,1,YERLİ,21.2333,Numune kabul,E,Şartlı kabul,6354.0288,90,2023,3,13
H00009,320.01.0002,IRS23700141,2023-03-02,500,0.5,48.6186,1,YERLİ,21.2333,Numune kabul,E,Kalite onaylı,1144.8668,60,2023,3,9
H00011,320.01.0002,IRS23700142,2023-03-06,1000,1,24.4658,1,YERLİ,21.2333,Numune kabul,H,Şartlı kabul,1152.2373,0,2023,3,10
H00014,320.01.0002,IRS23700143,2023-03-17,1000,1,19.1122,1,YERLİ,21.2333,Numune kabul,E,Şartlı kabul,900.105,45,2023,3,11
D00010,320.01.0002,IRS23700144,2023-03-10,120,120,130.928,1,YERLİ,21.2333,Mal kabul,H,Kalite onaylı,739.9396,30,2023,3,10
H00016,320.01.0052,IRS23700145,2023-05-13,10000,10000,55.9719,1,YERLİ,23.6667,Mal kabul,H,,23650.0653,60,2023,5,19
D00005,320.01.0001,IRS23700146,2023-03-23,2000,2000,160.1454,1,YERLİ,21.2333,Sevk irsaliyesi,H,Kalite onaylı,15084.3628,0,2023,3,12
H00004,320.01.0001,IRS23700147,2023-04-11,250,0.25,46.9514,1,YERLİ,22.45,İthalat dosyası,H,Kalite onaylı,522.8441,45,2023,4,15
D00002,320.01.0001,IRS23700148,2023-03-26,10000,10000,39.8969,1,YERLİ,21.2333,İthalat dosyası,E,Şartlı kabul,18789.7783,30,2023,3,12
D00001,320.01.0019,IRS23700149,2023-03-21,10000,10000,21.157,1,YERLİ,21.2333,Mal kabul,H,,9964.0659,60,2023,3,12
H00007,320.01.0019,IRS23700150,2023-03-06,250,0.25,29.1894,1,YERLİ,21.2333,Mal kabul,E,Şartlı kabul,343.6748,0,2023,3,10
D00006,320.01.0046,IRS23700151,2023-02-21,120,120,175.1947,1,YERLİ,20.0167,İthalat dosyası,E,,1050.2912,30,2023,2,8
H00009,320.01.0023,IRS23700152,2023-03-07,1000,1,51.3899,1,İTHAL,21.2333,Mal kabul,E,,2420.2503,60,2023,3,10
H00016,320.01.0002,IRS23700153,2023-03-08,2000,2000,48.7489,1,YERLİ,21.2333,İthalat dosyası,H,Şartlı kabul,4591.7403,30,2023,3,10
D00006,320.01.0001,IRS23700155,2023-03-14,2000,2000,201.6963,1,YERLİ,21.2333,Mal kabul,E,,18998.1115,30,2023,3,11
D00009,320.01.0001,IRS23700156,2023-05-20,5000,5000,162.0851,1,YERLİ,23.6667,Sevk irsaliyesi,H,Kalite onaylı,34243.2828,0,2023,5,20
H00004,320.01.0006,IRS23700157,2023-03-02,2000,2,43.7163,1,YERLİ,21.2333,Numune kabul,E,Şartlı kabul,4117.7113,45,2023,3,9
D00005,320.01.0006,IRS23700158,2023-03-11,120,120,183.8106,1,YERLİ,21.2333,Sevk irsaliyesi,H,Kalite onaylı,1038.8056,90,2023,3,10
D00006,320.01.0006,IRS23700159,2023-04-05,1000,1000,176.6785,1,YERLİ,22.45,Sevk irsaliyesi,H,Kalite onaylı,7869.8664,0,2023,4,14
H00015,320.01.0001,IRS23700160,2023-03-16,5000,5,24.7254,1,YERLİ,21.2333,Numune kabul,E,Kalite onaylı,5822.3168,45,2023,3,11
H00009,320.01.0001,IRS23700161,2023-03-27,2000,2,45.8609,1,YERLİ,21.2333,İthalat dosyası,E,Şartlı kabul,4319.7148,30,2023,3,13
H00015,320.01.0005,IRS23700163,2023-04-26,1000,1,26.9807,1,YERLİ,22.45,Numune kabul,H,Şartlı kabul,1201.8129,45,2023,4,17
H00008,320.01.0005,IRS23700164,2023-03-10,120,0.12,40.3327,1,YERLİ,21.2333,İthalat dosyası,H,,227.9403,90,2023,3,10
H00007,320.01.0010,IRS23700165,2023-02-28,10000,10,27.1757,1,YERLİ,20.0167,Numune kabul,E,Kalite onaylı,13576.5136,45,2023,2,9
H00004,320.01.0010,IRS23700166,2023-03-31,5000,5,47.5848,1,YERLİ,21.2333,Kısmi teslim,E,Kalite onaylı,11205.2295,30,2023,3,13
H00015,320.01.0020,IRS23700167,2023-03-18,250,0.25,27.604,1,YERLİ,21.2333,Mal kabul,E,Şartlı kabul,325.0084,45,2023,3,11
D00009,320.01.0020,IRS23700168,2023-04-24,5000,5000,161.0509,1,YERLİ,22.45,Mal kabul,H,Şartlı kabul,35868.7973,45,2023,4,17
H00011,320.01.0011,IRS23700170,2023-03-18,2000,2,22.1411,1,YERLİ,21.2333,Numune kabul,E,Şartlı kabul,2085.5072,45,2023,3,11
H00014,320.01.0008,IRS23700171,2023-03-23,120,0.12,23.5845,1,YERLİ,21.2333,Kısmi teslim,H,,133.2878,30,2023,3,12
D00002,320.01.0008,IRS23700172,2023-03-28,250,250,38.9358,1,YERLİ,21.2333,Mal kabul,H,,458.4285,0,2023,3,13
H00001,320.01.0004,IRS23700173,2023-05-02,1000,1,34.7498,1,YERLİ,23.6667,Mal kabul,H,,1468.2993,90,2023,5,18
D00002,320.01.0008,IRS23700174,2023-03-06,5000,5000,39.8828,1,YERLİ,21.2333,Mal kabul,H,Şartlı kabul,9391.5689,0,2023,3,10
H00016,320.01.0008,IRS23700175,2023-04-08,2000,2000,46.4437,1,YERLİ,22.45,Kısmi teslim,E,Kalite onaylı,4137.5234,45,2023,4,14
D00005,320.01.0008,IRS23700176,2023-03-11,500,500,191.1857,1,YERLİ,21.2333,Kısmi teslim,H,Kalite onaylı,4502.0251,45,2023,3,10
D00004,320.01.0001,IRS23700177,2023-06-01,10000,10000,41.8843,1,YERLİ,24.8833,İthalat dosyası,H,,16832.2931,90,2023,6,22
H00004,320.01.0001,IRS23700178,2023-04-17,500,0.5,39.3014,1,YERLİ,22.45,Kısmi teslim,H,,875.3096,90,2023,4,16
H00007,320.01.0001,IRS23700179,2023-03-27,2000,2,30.9827,1,YERLİ,21.2333,İthalat dosyası,H,Kalite onaylı,2918.3123,0,2023,3,13
D00009,320.01.0003,IRS23700180,2023-03-27,1000,1000,161.6453,1,İTHAL,21.2333,İthalat dosyası,H,,7612.8204,0,2023,3,13
H00008,320.01.0003,IRS23700181,2023-03-06,10000,10,41.3917,1,İTHAL,21.2333,Sevk irsaliyesi,E,,19493.7669,30,2023,3,10
D00012,320.01.0044,IRS23700182,2023-05-05,5000,5000,78.5019,1,YERLİ,23.6667,Mal kabul,H,,16584.8851,90,2023,5,18
H00005,320.01.0044,IRS23700183,2023-04-28,250,0.25,32.6787,1,YERLİ,22.45,İthalat dosyası,E,Şartlı kabul,363.9053,45,2023,4,17
H00009,320.01.0009,IRS23700184,2023-03-27,2000,2,47.4027,1,YERLİ,21.2333,Kısmi teslim,E,Şartlı kabul,4464.9395,0,2023,3,13
H00003,320.01.0006,IRS23700185,2023-04-12,500,0.5,49.9759,1,YERLİ,22.45,İthalat dosyası,H,Şartlı kabul,1113.049,0,2023,4,15
H00014,320.01.0001,IRS23700186,2023-05-31,5000,5,22.6773,1,YERLİ,23.6667,Mal kabul,H,,4790.9721,45,2023,5,22
H00006,320.01.0001,IRS23700187,2023-03-25,60,0.06,59.9129,1,YERLİ,21.2333,Mal kabul,E,,169.2989,0,2023,3,12
D00005,320.01.0011,IRS23700188,2023-03-23,10000,10000,153.0722,1,YERLİ,21.2333,İthalat dosyası,E,,72090.6312,90,2023,3,12
D00010,320.01.0011,IRS23700189,2023-03-18,120,120,129.0213,1,YERLİ,21.2333,Sevk irsaliyesi,E,Şartlı kabul,729.1639,45,2023,3,11
H00014,320.01.0014,IRS23700190,2023-03-23,1000,1,19.5222,1,YERLİ,21.2333,İthalat dosyası,E,Kalite onaylı,919.4143,0,2023,3,12
D00011,320.01.0014,IRS23700191,2023-03-18,10000,10000,6.1796,1,YERLİ,21.2333,Mal kabul,H,Kalite onaylı,2910.3342,0,2023,3,11
D00005,320.01.0023,IRS23700192,2023-03-26,2000,2000,167.1867,1,İTHAL,21.2333,Kısmi teslim,H,Kalite onaylı,15747.5946,45,2023,3,12
D00012,320.01.0023,IRS23700193,2023-03-21,120,120,73.9845,1,İTHAL,21.2333,Kısmi teslim,H,Kalite onaylı,418.1234,60,2023,3,12
D00009,320.01.0011,IRS23700194,2023-03-20,2500,2500,145.0694,1,YERLİ,21.2333,Sevk irsaliyesi,H,Şartlı kabul,17080.4114,90,2023,3,12
H00016,320.01.0011,IRS23700195,2023-03-10,5000,5000,46.2559,1,YERLİ,21.2333,İthalat dosyası,H,Kalite onaylı,10892.3012,0,2023,3,10
H00008,320.01.0001,IRS23700196,2023-03-30,10000,10,34.3537,1,YERLİ,21.2333,Kısmi teslim,H,,16179.162,0,2023,3,13
D00005,320.01.0001,IRS23700198,2023-05-07,250,250,160.78,1,YERLİ,23.6667,Mal kabul,H,Şartlı kabul,1698.3779,0,2023,5,18
H00015,320.01.0031,IRS23700199,2023-05-31,10000,10,26.2143,1,YERLİ,23.6667,Mal kabul,H,Kalite onaylı,11076.4492,60,2023,5,22
H00014,320.01.0001,IRS23700200,2023-05-02,10000,10,21.6859,1,YERLİ,23.6667,Sevk irsaliyesi,H,,9163.0434,45,2023,5,18
H00007,320.01.0001,IRS23700201,2023-03-18,120,0.12,25.8079,1,YERLİ,21.2333,Kısmi teslim,E,,145.8534,45,2023,3,11
H00011,320.01.0001,IRS23700202,2023-06-01,2000,2,24.8919,1,YERLİ,24.8833,İthalat dosyası,E,Kalite onaylı,2000.6912,30,2023,6,22
D00002,320.01.0012,IRS23700203,2023-04-30,5000,5000,37.1205,1,YERLİ,22.45,İthalat dosyası,H,Kalite onaylı,8267.3719,90,2023,4,17
H00008,320.01.0012,IRS23700204,2023-03-24,120,0.12,35.907,1,YERLİ,21.2333,İthalat dosyası,H,Şartlı kabul,202.9284,45,2023,3,12
H00006,320.01.0026,IRS23700205,2023-03-16,250,0.25,62.1977,1,YERLİ,21.2333,İthalat dosyası,H,,732.3132,60,2023,3,11
D00005,320.01.0031,IRS23700206,2023-03-22,500,500,172.7412,1,YERLİ,21.2333,İthalat dosyası,E,Kalite onaylı,4067.6956,90,2023,3,12
D00002,320.01.0031,IRS23700207,2023-04-18,10000,10000,34.3393,1,YERLİ,22.45,Kısmi teslim,H,Şartlı kabul,15295.902,60,2023,4,16
H00003,320.01.0001,IRS23700208,2023-05-08,60,0.06,50.9092,1,YERLİ,23.6667,Kısmi teslim,H,,129.0654,60,2023,5,19
H00016,320.01.0001,IRS23700209,2023-04-11,2500,2500,51.4609,1,YERLİ,22.45,Mal kabul,E,Şartlı kabul,5730.6125,45,2023,4,15
D00001,320.01.0021,IRS23700210,2023-04-03,500,500,20.9588,1,YERLİ,22.45,Numune kabul,E,Kalite onaylı,466.7884,30,2023,4,14
D00007,320.01.0021,IRS23700211,2023-04-21,1000,1000,56.9516,1,YERLİ,22.45,Kısmi teslim,H,,2536.8196,45,2023,4,16
D00004,320.01.0021,IRS23700212,2023-04-25,250,250,50.2354,1,YERLİ,22.45,Sevk irsaliyesi,H,Şartlı kabul,559.4143,0,2023,4,17
H00009,320.01.0030,IRS23700213,2023-03-09,2000,2,44.6122,1,YERLİ,21.2333,Numune kabul,H,Kalite onaylı,4202.0976,60,2023,3,10
H00009,320.01.0015,IRS23700214,2023-05-10,10000,10,44.8988,1,YERLİ,23.6667,Sevk irsaliyesi,E,Şartlı kabul,18971.2972,0,2023,5,19
D00007,320.01.0015,IRS23700215,2023-06-09,2000,2000,46.7574,1,YERLİ,24.8833,İthalat dosyası,E,,3758.135,90,2023,6,23
H00005,320.01.0001,IRS23700217,2023-04-14,500,0.5,38.1981,1,YERLİ,22.45,Sevk irsaliyesi,E,Şartlı kabul,850.7372,90,2023,4,15
D00008,320.01.0001,IRS23700218,2023-03-27,120,120,196.6426,1,YERLİ,21.2333,İthalat dosyası,H,,1111.3257,0,2023,3,13
D00002,320.01.0001,IRS23700219,2023-05-06,5000,5000,40.598,1,YERLİ,23.6667,Sevk irsaliyesi,E,Kalite onaylı,8577.0302,30,2023,5,18
H00016,320.01.0001,IRS23700220,2023-03-26,2000,2000,54.9161,1,YERLİ,21.2333,İthalat dosyası,E,Kalite onaylı,5172.6392,60,2023,3,12
D00009,320.01.0009,IRS23700221,2023-03-20,1000,1000,149.5005,1,YERLİ,21.2333,Sevk irsaliyesi,H,Şartlı kabul,7040.8509,45,2023,3,12
H00005,320.01.0043,IRS23700222,2023-04-24,500,0.5,37.6121,1,İTHAL,22.45,Kısmi teslim,H,Şartlı kabul,837.686,45,2023,4,17
D00001,320.01.0043,IRS23700223,2023-03-17,1000,1000,22.4991,1,İTHAL,21.2333,İthalat dosyası,E,Kalite onaylı,1059.6139,30,2023,3,11
H00008,320.01.0043,IRS23700224,2023-06-10,1000,1,39.1826,1,İTHAL,24.8833,Mal kabul,H,Şartlı kabul,1574.6545,60,2023,6,23
H00002,320.01.0028,IRS23700225,2023-04-19,2000,2,14.1292,1,YERLİ,22.45,Numune kabul,H,Kalite onaylı,1258.7261,90,2023,4,16
H00001,320.01.0042,IRS23700226,2023-04-16,5000,5,34.3858,1,YERLİ,22.45,Mal kabul,H,Şartlı kabul,7658.3073,60,2023,4,15
H00005,320.01.0042,IRS23700227,2023-04-29,10000,10,33.2761,1,YERLİ,22.45,Mal kabul,H,,14822.3163,30,2023,4,17
D00004,320.01.0045,IRS23700228,2023-05-09,250,250,50.2592,1,YERLİ,23.6667,Sevk irsaliyesi,H,,530.9063,90,2023,5,19
D00004,320.01.0045,IRS23700229,2023-03-25,120,120,45.7492,1,YERLİ,21.2333,Sevk irsaliyesi,E,Şartlı kabul,258.5516,45,2023,3,12
H00010,320.01.0018,IRS23700230,2023-03-20,500,0.5,14.2355,1,YERLİ,21.2333,Numune kabul,H,,335.2164,60,2023,3,12
H00011,320.01.0004,IRS23700231,2023-03-23,1000,1,22.0189,1,YERLİ,21.2333,Kısmi teslim,E,Şartlı kabul,1036.9985,0,2023,3,12
D00001,320.01.0004,IRS23700232,2023-06-01,5000,5000,26.412,1,YERLİ,24.8833,Kısmi teslim,H,,5307.1739,0,2023,6,22
H00014,320.01.0002,IRS23700233,2023-04-11,250,0.25,22.1705,1,YERLİ,22.45,Mal kabul,H,Şartlı kabul,246.8875,45,2023,4,15
H00008,320.01.0001,IRS23700234,2023-05-19,1000,1,39.6176,1,YERLİ,23.6667,Numune kabul,H,Kalite onaylı,1673.9807,30,2023,5,20
D00003,320.01.0001,IRS23700235,2023-03-22,120,120,171.016,1,YERLİ,21.2333,İthalat dosyası,E,Kalite onaylı,966.497,0,2023,3,12
D00007,320.01.0001,IRS23700236,2023-03-21,2000,2000,56.0486,1,YERLİ,21.2333,İthalat dosyası,H,Kalite onaylı,5279.3113,0,2023,3,12
D00011,320.01.0013,IRS23700237,2023-05-11,2000,2000,6.5941,1,YERLİ,23.6667,Mal kabul,E,Kalite onaylı,557.2471,30,2023,5,19
H00006,320.01.0004,IRS23700240,2023-05-09,1000,1,65.4306,1,YERLİ,23.6667,Sevk irsaliyesi,H,,2764.6693,60,2023,5,19
H00012,320.01.0004,IRS23700241,2023-05-15,120,120,21.5673,1,YERLİ,23.6667,Kısmi teslim,H,,109.3552,45,2023,5,20
D00001,320.01.0004,IRS23700242,2023-04-06,1000,1000,23.3649,1,YERLİ,22.45,Sevk irsaliyesi,E,Kalite onaylı,1040.7528,60,2023,4,14
H00013,320.01.0005,IRS23700243,2023-03-24,120,120,54.9336,1,YERLİ,21.2333,Numune kabul,E,Kalite onaylı,310.4573,0,2023,3,12
D00001,320.01.0005,IRS23700244,2023-05-16,120,120,20.7766,1,YERLİ,23.6667,İthalat dosyası,E,,105.346,60,2023,5,20
D00009,320.01.0001,IRS23700245,2023-04-27,500,500,141.6885,1,YERLİ,22.45,Numune kabul,E,Şartlı kabul,3155.6459,30,2023,4,17
H00007,320.01.0019,IRS23700246,2023-05-19,2000,2,26.513,1,YERLİ,23.6667,Numune kabul,H,Kalite onaylı,2240.5321,0,2023,5,20
H00002,320.01.0019,IRS23700247,2023-04-13,120,0.12,14.0084,1,YERLİ,22.45,Sevk irsaliyesi,H,Şartlı kabul,74.8779,60,2023,4,15
D00012,320.01.0002,IRS23700248,2023-03-28,5000,5000,83.3177,1,YERLİ,21.2333,Mal kabul,H,Kalite onaylı,19619.5834,30,2023,3,13
H00002,320.01.0002,IRS23700249,2023-03-28,10000,10,14.1665,1,YERLİ,21.2333,İthalat dosyası,H,Kalite onaylı,6671.8315,30,2023,3,13
H00016,320.01.0050,IRS23700250,2023-04-02,120,120,58.0652,1,YERLİ,22.45,Mal kabul,E,Şartlı kabul,310.3708,45,2023,4,13
H00015,320.01.0012,IRS23700251,2023-04-07,500,0.5,26.1599,1,YERLİ,22.45,Sevk irsaliyesi,E,,582.6258,0,2023,4,14
H00008,320.01.0012,IRS23700252,2023-04-21,5000,5,36.0281,1,YERLİ,22.45,Numune kabul,H,Şartlı kabul,8024.0757,60,2023,4,16
H00004,320.01.0012,IRS23700253,2023-04-21,120,0.12,44.1043,1,YERLİ,22.45,Sevk irsaliyesi,H,,235.7468,0,2023,4,16
D00009,320.01.0015,IRS23700254,2023-04-26,120,120,151.7243,1,YERLİ,22.45,Numune kabul,H,Kalite onaylı,810.9985,30,2023,4,17
D00005,320.01.0015,IRS23700255,2023-04-09,2000,2000,194.6268,1,YERLİ,22.45,İthalat dosyası,E,,17338.6904,0,2023,4,14
H00001,320.01.0035,IRS23700256,2023-04-23,2000,2,33.304,1,İTHAL,22.45,İthalat dosyası,H,Şartlı kabul,2966.9488,45,2023,4,16
D00004,320.01.0001,IRS23700257,2023-04-07,500,500,40.4339,1,YERLİ,22.45,Mal kabul,E,Kalite onaylı,900.5323,45,2023,4,14
H00010,320.01.0053,IRS23700258,2023-04-09,500,0.5,14.8585,1,İTHAL,22.45,İthalat dosyası,E,,330.9243,30,2023,4,14
H00016,320.01.0053,IRS23700259,2023-05-18,120,120,55.1771,1,İTHAL,23.6667,Mal kabul,E,Şartlı kabul,279.7708,45,2023,5,20
H00015,320.01.0054,IRS23700260,2023-04-15,2000,2,23.2768,1,YERLİ,22.45,İthalat dosyası,H,,2073.657,60,2023,4,15
D00006,320.01.0054,IRS23700261,2023-04-01,120,120,208.8059,1,YERLİ,22.45,İthalat dosyası,H,,1116.1117,60,2023,4,13
H00006,320.01.0054,IRS23700262,2023-03-23,10000,10,61.9521,1,YERLİ,21.2333,Mal kabul,H,,29176.859,60,2023,3,12
H00002,320.01.0041,IRS23700263,2023-04-27,10000,10,12.4323,1,İTHAL,22.45,Sevk irsaliyesi,E,Şartlı kabul,5537.7728,60,2023,4,17
H00005,320.01.0041,IRS23700264,2023-04-03,1000,1,38.1795,1,İTHAL,22.45,Mal kabul,E,,1700.6459,45,2023,4,14
D00001,320.01.0036,IRS23700265,2023-04-05,500,500,22.1883,1,YERLİ,22.45,Numune kabul,E,Şartlı kabul,494.1715,60,2023,4,14
H00003,320.01.0036,IRS23700266,2023-04-26,120,0.12,52.6336,1,YERLİ,22.45,Sevk irsaliyesi,H,,281.3377,45,2023,4,17
D00001,320.01.0042,IRS23700267,2023-04-13,250,250,24.6074,1,YERLİ,22.45,Sevk irsaliyesi,E,,274.0245,90,2023,4,15
D00003,320.01.0009,IRS23700268,2023-05-03,1000,1000,180.6327,1,YERLİ,23.6667,Sevk irsaliyesi,H,Kalite onaylı,7632.3569,90,2023,5,18
D00006,320.01.0009,IRS23700269,2023-04-10,10000,10000,177.4395,1,YERLİ,22.45,Numune kabul,E,,79037.6392,60,2023,4,15
H00012,320.01.0001,IRS23700270,2023-04-05,1000,1000,21.7627,1,YERLİ,22.45,Mal kabul,E,Şartlı kabul,969.3853,60,2023,4,14
H00001,320.01.0005,IRS23700271,2023-04-17,1000,1,34.3026,1,YERLİ,22.45,Sevk irsaliyesi,H,Şartlı kabul,1527.9555,60,2023,4,16
H00014,320.01.0005,IRS23700272,2023-04-10,250,0.25,20.1548,1,YERLİ,22.45,Kısmi teslim,E,,224.441,30,2023,4,15
H00006,320.01.0015,IRS23700273,2023-03-24,1000,1,68.7014,1,YERLİ,21.2333,Numune kabul,H,,3235.5498,30,2023,3,12
H00010,320.01.0015,IRS23700274,2023-05-19,1000,1,16.2841,1,YERLİ,23.6667,Kısmi teslim,H,Kalite onaylı,688.0596,0,2023,5,20
H00012,320.01.0015,IRS23700275,2023-04-29,2000,2000,20.3646,1,YERLİ,22.45,İthalat dosyası,H,,1814.2183,60,2023,4,17
H00014,320.01.0001,IRS23700276,2023-05-20,1000,1,24.9142,1,YERLİ,23.6667,Kısmi teslim,H,Kalite onaylı,1052.7112,45,2023,5,20
H00013,320.01.0001,IRS23700277,2023-06-25,10000,10000,58.0277,1,YERLİ,24.8833,Sevk irsaliyesi,E,,23319.9375,45,2023,6,25
H00006,320.01.0013,IRS23700278,2023-06-23,500,0.5,74.3084,1,YERLİ,24.8833,Numune kabul,H,Kalite onaylı,1493.138,60,2023,6,25
H00006,320.01.0013,IRS23700279,2023-05-06,500,0.5,70.8899,1,YERLİ,23.6667,Sevk irsaliyesi,E,Şartlı kabul,1497.6718,90,2023,5,18
H00003,320.01.0001,IRS23700280,2023-04-11,2000,2,48.7547,1,YERLİ,22.45,İthalat dosyası,E,Şartlı kabul,4343.4031,45,2023,4,15
H00006,320.01.0020,IRS23700281,2023-04-01,120,0.12,73.9287,1,YERLİ,22.45,İthalat dosyası,E,Kalite onaylı,395.1645,45,2023,4,13
D00012,320.01.0020,IRS23700282,2023-05-23,500,500,93.1719,1,YERLİ,23.6667,Kısmi teslim,H,,1968.4177,0,2023,5,21
H00007,320.01.0023,IRS23700283,2023-05-08,10000,10,29.5144,1,İTHAL,23.6667,İthalat dosyası,E,Şartlı kabul,12470.8557,0,2023,5,19
H00003,320.01.0015,IRS23700284,2023-06-18,10000,10,53.5141,1,YERLİ,24.8833,Numune kabul,E,Şartlı kabul,21506.0301,90,2023,6,24
D00007,320.01.0015,IRS23700285,2023-04-11,10000,10000,55.3583,1,YERLİ,22.45,Mal kabul,E,Şartlı kabul,24658.4855,30,2023,4,15
H00003,320.01.0015,IRS23700286,2023-05-03,500,0.5,53.8221,1,YERLİ,23.6667,Mal kabul,E,Şartlı kabul,1137.085,30,2023,5,18
D00005,320.01.0014,IRS23700287,2023-05-17,10000,10000,178.5102,1,YERLİ,23.6667,Sevk irsaliyesi,H,Şartlı kabul,75426.7388,45,2023,5,20
D00005,320.01.0014,IRS23700288,2023-04-29,250,250,195.8099,1,YERLİ,22.45,Numune kabul,H,,2180.5111,0,2023,4,17
H00005,320.01.0014,IRS23700289,2023-05-27,250,0.25,35.7608,1,YERLİ,23.6667,Mal kabul,E,Şartlı kabul,377.7544,90,2023,5,21
H00013,320.01.0014,IRS23700290,2023-04-07,10000,10000,55.0326,1,YERLİ,22.45,Sevk irsaliyesi,H,Kalite onaylı,24513.4076,0,2023,4,14
H00001,320.01.0002,IRS23700291,2023-06-02,1000,1,37.1519,1,YERLİ,24.8833,İthalat dosyası,H,Kalite onaylı,1493.0455,0,2023,6,22
H00009,320.01.0005,IRS23700292,2023-04-11,500,0.5,48.2585,1,YERLİ,22.45,Sevk irsaliyesi,H,,1074.7996,30,2023,4,15
H00014,320.01.0005,IRS23700293,2023-04-28,500,0.5,22.0469,1,YERLİ,22.45,Mal kabul,E,,491.0223,60,2023,4,17
D00011,320.01.0027,IRS23700294,2023-04-13,500,500,6.6966,1,YERLİ,22.45,İthalat dosyası,E,Şartlı kabul,149.1448,0,2023,4,15
D00004,320.01.0011,IRS23700295,2023-04-09,120,120,42.4409,1,YERLİ,22.45,Numune kabul,E,Şartlı kabul,226.8556,0,2023,4,14
D00011,320.01.0011,IRS23700296,2023-05-06,250,250,5.8411,1,YERLİ,23.6667,Kısmi teslim,E,,61.7017,90,2023,5,18
D00012,320.01.0007,IRS23700297,2023-04-24,5000,5000,86.2076,1,YERLİ,22.45,Numune kabul,E,Kalite onaylı,19199.9109,90,2023,4,17
H00003,320.01.0007,IRS23700298,2023-05-08,120,0.12,43.6284,1,YERLİ,23.6667,Numune kabul,H,Kalite onaylı,221.2141,0,2023,5,19
H00014,320.01.0007,IRS23700299,2023-04-22,120,0.12,24.1684,1,YERLİ,22.45,Mal kabul,E,Kalite onaylı,129.1852,0,2023,4,16
H00014,320.01.0001,IRS23700300,2023-04-09,500,0.5,23.5249,1,YERLİ,22.45,Sevk irsaliyesi,E,Kalite onaylı,523.9399,45,2023,4,14
D00001,320.01.0001,IRS23700302,2023-04-21,2000,2000,26.1373,1,YERLİ,22.45,Numune kabul,E,Şartlı kabul,2328.49,90,2023,4,16
H00004,320.01.0006,IRS23700303,2023-04-23,250,0.25,50.9287,1,YERLİ,22.45,Sevk irsaliyesi,H,,567.1347,45,2023,4,16
H00012,320.01.0006,IRS23700304,2023-05-04,250,250,18.0369,1,YERLİ,23.6667,Kısmi teslim,H,Şartlı kabul,190.5304,45,2023,5,18
H00015,320.01.0010,IRS23700305,2023-05-21,500,0.5,29.2492,1,YERLİ,23.6667,Sevk irsaliyesi,E,Şartlı kabul,617.94,0,2023,5,20
H00002,320.01.0013,IRS23700306,2023-05-22,60,0.06,13.2226,1,YERLİ,23.6667,Sevk irsaliyesi,H,Kalite onaylı,33.522,30,2023,5,21
H00002,320.01.0013,IRS23700307,2023-04-06,250,0.25,12.2971,1,YERLİ,22.45,Mal kabul,H,Kalite onaylı,136.9388,45,2023,4,14
D00002,320.01.0004,IRS23700308,2023-04-13,1000,1000,41.5953,1,YERLİ,22.45,Sevk irsaliyesi,H,Şartlı kabul,1852.7973,0,2023,4,15
H00014,320.01.0004,IRS23700309,2023-04-06,2000,2,24.3969,1,YERLİ,22.45,Numune kabul,E,Şartlı kabul,2173.4432,45,2023,4,14
D00006,320.01.0007,IRS23700310,2023-06-04,120,120,187.3185,1,YERLİ,24.8833,Sevk irsaliyesi,H,,903.3456,90,2023,6,22
D00002,320.01.0007,IRS23700311,2023-04-16,2000,2000,34.6504,1,YERLİ,22.45,Numune kabul,E,Şartlı kabul,3086.8953,0,2023,4,15
H00011,320.01.0007,IRS23700312,2023-05-05,250,0.25,21.5967,1,YERLİ,23.6667,İthalat dosyası,E,Kalite onaylı,228.1338,90,2023,5,18
D00002,320.01.0014,IRS23700313,2023-04-23,5000,5000,35.0312,1,YERLİ,22.45,Mal kabul,H,Şartlı kabul,7802.049,0,2023,4,16
D00004,320.01.0010,IRS23700314,2023-04-16,2000,2000,45.4234,1,YERLİ,22.45,İthalat dosyası,H,Kalite onaylı,4046.6281,60,2023,4,15
D00010,320.01.0010,IRS23700315,2023-04-09,1000,1000,141.5497,1,YERLİ,22.45,Mal kabul,E,,6305.1091,90,2023,4,14
H00001,320.01.0010,IRS23700316,2023-05-07,5000,5,31.9785,1,YERLİ,23.6667,Mal kabul,E,Kalite onaylı,6756.0116,60,2023,5,18
D00002,320.01.0007,IRS23700317,2023-05-03,250,250,41.1924,1,YERLİ,23.6667,Mal kabul,H,,435.1304,30,2023,5,18
H00012,320.01.0011,IRS23700318,2023-04-15,2000,2000,17.8699,1,YERLİ,22.45,Mal kabul,E,Kalite onaylı,1591.9733,0,2023,4,15
D00007,320.01.0002,IRS23700319,2023-04-19,1000,1000,55.818,1,YERLİ,22.45,Kısmi teslim,E,Kalite onaylı,2486.3252,30,2023,4,16
D00008,320.01.0003,IRS23700320,2023-05-03,2000,2000,177.8757,1,İTHAL,23.6667,İthalat dosyası,H,Şartlı kabul,15031.7281,0,2023,5,18
H00005,320.01.0003,IRS23700321,2023-04-29,10000,10,34.8478,1,İTHAL,22.45,Kısmi teslim,H,,15522.4053,60,2023,4,17
H00004,320.01.0007,IRS23700322,2023-04-14,250,0.25,44.0047,1,YERLİ,22.45,Numune kabul,H,,490.0301,0,2023,4,15
H00002,320.01.0007,IRS23700323,2023-05-05,5000,5,12.9826,1,YERLİ,23.6667,İthalat dosyası,E,,2742.799,90,2023,5,18
H00013,320.01.0008,IRS23700324,2023-05-05,2000,2000,64.1494,1,YERLİ,23.6667,Sevk irsaliyesi,H,Şartlı kabul,5421.0684,90,2023,5,18
H00004,320.01.0008,IRS23700325,2023-05-01,5000,5,45.0516,1,YERLİ,23.6667,Sevk irsaliyesi,H,Şartlı kabul,9517.9303,60,2023,5,18
D00008,320.01.0003,IRS23700326,2023-04-22,2000,2000,213.9054,1,İTHAL,22.45,Sevk irsaliyesi,H,Kalite onaylı,19056.1604,60,2023,4,16
D00011,320.01.0003,IRS23700327,2023-06-08,250,250,6.683,1,İTHAL,24.8833,Sevk irsaliyesi,H,,67.1434,45,2023,6,23
D00006,320.01.0001,IRS23700328,2023-05-31,1000,1000,179.5239,1,YERLİ,23.6667,Mal kabul,E,,7585.5062,0,2023,5,22
H00008,320.01.0001,IRS23700329,2023-04-17,120,0.12,40.5165,1,YERLİ,22.45,Numune kabul,E,Şartlı kabul,216.5693,45,2023,4,16
H00008,320.01.0007,IRS23700330,2023-04-14,10000,10,38.6582,1,YERLİ,22.45,Numune kabul,H,,17219.6882,0,2023,4,15
H00005,320.01.0007,IRS23700331,2023-05-16,250,0.25,38.997,1,YERLİ,23.6667,Kısmi teslim,E,,411.9396,45,2023,5,20
H00011,320.01.0009,IRS23700332,2023-05-26,5000,5,23.2137,1,YERLİ,23.6667,Kısmi teslim,H,Şartlı kabul,4904.2959,90,2023,5,21
H00009,320.01.0009,IRS23700333,2023-04-12,10000,10,50.2952,1,YERLİ,22.45,Kısmi teslim,E,,22403.2071,0,2023,4,15
D00001,320.01.0009,IRS23700334,2023-04-28,120,120,22.0123,1,YERLİ,22.45,Mal kabul,H,Kalite onaylı,117.6604,90,2023,4,17
H00008,320.01.0002,IRS23700335,2023-04-27,10000,10,42.3708,1,YERLİ,22.45,Numune kabul,E,Şartlı kabul,18873.4076,90,2023,4,17
H00016,320.01.0002,IRS23700336,2023-05-10,250,250,51.4879,1,YERLİ,23.6667,İthalat dosyası,H,Şartlı kabul,543.8855,45,2023,5,19
H00016,320.01.0002,IRS23700337,2023-05-03,250,250,52.1974,1,YERLİ,23.6667,Numune kabul,E,Kalite onaylı,551.3802,60,2023,5,18
D00002,320.01.0004,IRS23700338,2023-06-07,250,250,41.5324,1,YERLİ,24.8833,Kısmi teslim,H,Şartlı kabul,417.2718,60,2023,6,23
D00006,320.01.0004,IRS23700339,2023-04-11,250,250,185.1152,1,YERLİ,22.45,Mal kabul,E,,2061.4165,45,2023,4,15
D00001,320.01.0012,IRS23700340,2023-05-15,5000,5000,26.4426,1,YERLİ,23.6667,Kısmi teslim,E,Kalite onaylı,5586.4569,45,2023,5,20
H00006,320.01.0008,IRS23700341,2023-04-26,500,0.5,79.1065,1,YERLİ,22.45,Mal kabul,H,Kalite onaylı,1761.8374,0,2023,4,17
D00010,320.01.0003,IRS23700342,2023-04-19,2000,2000,132.0193,1,İTHAL,22.45,Sevk irsaliyesi,E,Kalite onaylı,11761.1849,30,2023,4,16
H00002,320.01.0003,IRS23700343,2023-07-13,1000,1,14.3152,1,İTHAL,26.1,Kısmi teslim,H,Kalite onaylı,548.4751,90,2023,7,28
D00005,320.01.0009,IRS23700344,2023-05-05,5000,5000,194.6775,1,YERLİ,23.6667,Numune kabul,E,Kalite onaylı,41128.9914,90,2023,5,18
H00009,320.01.0009,IRS23700345,2023-05-27,5000,5,54.2071,1,YERLİ,23.6667,İthalat dosyası,H,,11452.1881,90,2023,5,21
H00016,320.01.0017,IRS23700346,2023-04-30,10000,10000,58.5962,1,YERLİ,22.45,İthalat dosyası,H,Kalite onaylı,26100.7572,60,2023,4,17
H00006,320.01.0017,IRS23700347,2023-04-24,5000,5,70.9187,1,YERLİ,22.45,Kısmi teslim,E,Kalite onaylı,15794.8107,0,2023,4,17
H00002,320.01.0035,IRS23700348,2023-04-27,120,0.12,12.9507,1,İTHAL,22.45,Sevk irsaliyesi,E,,69.2242,60,2023,4,17
D00010,320.01.0035,IRS23700349,2023-06-17,250,250,141.067,1,İTHAL,24.8833,Sevk irsaliyesi,E,Kalite onaylı,1417.2859,0,2023,6,24
H00014,320.01.0006,IRS23700350,2023-04-18,250,0.25,22.7363,1,YERLİ,22.45,Sevk irsaliyesi,H,,253.1882,0,2023,4,16
D00006,320.01.0002,IRS23700351,2023-06-05,10000,10000,192.4925,1,YERLİ,24.8833,Numune kabul,E,Kalite onaylı,77358.1076,30,2023,6,23
H00004,320.01.0010,IRS23700352,2023-04-29,1000,1,49.6055,1,YERLİ,22.45,Numune kabul,E,,2209.5991,90,2023,4,17
D00008,320.01.0010,IRS23700353,2023-05-06,250,250,231.1836,1,YERLİ,23.6667,Kısmi teslim,E,Şartlı kabul,2442.0768,30,2023,5,18
H00005,320.01.0003,IRS23700354,2023-05-15,2000,2,36.7394,1,İTHAL,23.6667,Sevk irsaliyesi,H,Kalite onaylı,3104.7337,0,2023,5,20
D00010,320.01.0005,IRS23700355,2023-05-02,2000,2000,144.2233,1,YERLİ,23.6667,İthalat dosyası,H,,12187.8673,0,2023,5,18
H00003,320.01.0005,IRS23700356,2023-04-14,120,0.12,52.7552,1,YERLİ,22.45,Mal kabul,E,,281.9877,30,2023,4,15
H00008,320.01.0026,IRS23700357,2023-05-01,250,0.25,38.1979,1,YERLİ,23.6667,İthalat dosyası,H,Kalite onaylı,403.4984,0,2023,5,18
D00001,320.01.0026,IRS23700358,2023-07-12,120,120,27.3703,1,YERLİ,26.1,İthalat dosyası,H,,125.8405,0,2023,7,28
H00001,320.01.0008,IRS23700359,2023-07-14,120,0.12,33.421,1,YERLİ,26.1,Numune kabul,E,Şartlı kabul,153.6598,45,2023,7,28
H00001,320.01.0008,IRS23700360,2023-06-06,500,0.5,32.2633,1,YERLİ,24.8833,Sevk irsaliyesi,H,Şartlı kabul,648.2922,60,2023,6,23
D00005,320.01.0015,IRS23700361,2023-04-27,500,500,212.9232,1,YERLİ,22.45,Mal kabul,E,,4742.1648,60,2023,4,17
D00008,320.01.0052,IRS23700363,2023-07-19,500,500,234.6782,1,YERLİ,26.1,Sevk irsaliyesi,E,Şartlı kabul,4495.751,30,2023,7,29
D00001,320.01.0052,IRS23700364,2023-05-13,1000,1000,24.145,1,YERLİ,23.6667,Mal kabul,H,Şartlı kabul,1020.2098,60,2023,5,19
H00005,320.01.0044,IRS23700365,2023-05-24,1000,1,36.8937,1,YERLİ,23.6667,Kısmi teslim,E,,1558.8865,30,2023,5,21
H00001,320.01.0044,IRS23700366,2023-05-03,250,0.25,36.7424,1,YERLİ,23.6667,Numune kabul,E,Şartlı kabul,388.1234,60,2023,5,18
D00003,320.01.0015,IRS23700367,2023-05-08,10000,10000,185.8488,1,YERLİ,23.6667,Numune kabul,H,Kalite onaylı,78527.5514,45,2023,5,19
H00013,320.01.0015,IRS23700368,2023-05-07,5000,5000,59.2882,1,YERLİ,23.6667,Sevk irsaliyesi,E,Kalite onaylı,12525.6584,45,2023,5,18
D00009,320.01.0015,IRS23700369,2023-04-22,500,500,153.8174,1,YERLİ,22.45,Numune kabul,H,Kalite onaylı,3425.7773,0,2023,4,16
H00010,320.01.0003,IRS23700370,2023-07-16,2000,2,14.1594,1,İTHAL,26.1,Kısmi teslim,E,Şartlı kabul,1085.0115,30,2023,7,28
H00001,320.01.0048,IRS23700371,2023-07-20,500,0.5,33.8962,1,YERLİ,26.1,İthalat dosyası,H,Kalite onaylı,649.3525,60,2023,7,29
H00008,320.01.0003,IRS23700372,2023-05-15,2000,2,44.1392,1,İTHAL,23.6667,Sevk irsaliyesi,H,Şartlı kabul,3730.068,45,2023,5,20
H00001,320.01.0015,IRS23700373,2023-04-25,2000,2,35.142,1,YERLİ,22.45,Sevk irsaliyesi,E,,3130.6904,45,2023,4,17
D00002,320.01.0015,IRS23700374,2023-04-23,120,120,41.6807,1,YERLİ,22.45,Kısmi teslim,H,,222.7922,60,2023,4,16
D00003,320.01.0015,IRS23700375,2023-06-21,120,120,225.9096,1,YERLİ,24.8833,İthalat dosyası,H,Şartlı kabul,1089.4516,45,2023,6,25
D00001,320.01.0029,IRS23700376,2023-04-28,500,500,24.5609,1,YERLİ,22.45,İthalat dosyası,H,Kalite onaylı,547.0134,30,2023,4,17
D00004,320.01.0029,IRS23700377,2023-05-01,5000,5000,51.9892,1,YERLİ,23.6667,İthalat dosyası,E,Şartlı kabul,10983.6183,30,2023,5,18
D00011,320.01.0001,IRS23700378,2023-05-12,250,250,5.7066,1,YERLİ,23.6667,Mal kabul,E,Kalite onaylı,60.2809,30,2023,5,19
D00012,320.01.0001,IRS23700379,2023-07-16,10000,10000,91.0671,1,YERLİ,26.1,İthalat dosyası,E,,34891.6092,60,2023,7,28
D00012,320.01.0001,IRS23700380,2023-06-12,120,120,91.944,1,YERLİ,24.8833,İthalat dosyası,H,Kalite onaylı,443.401,30,2023,6,24
D00011,320.01.0006,IRS23700381,2023-04-29,5000,5000,6.2431,1,YERLİ,22.45,Sevk irsaliyesi,E,,1390.4454,60,2023,4,17
H00002,320.01.0002,IRS23700382,2023-05-10,250,0.25,15.3074,1,YERLİ,23.6667,Numune kabul,E,,161.6977,45,2023,5,19
H00002,320.01.0002,IRS23700383,2023-05-17,10000,10,14.3832,1,YERLİ,23.6667,Kısmi teslim,E,Kalite onaylı,6077.3999,60,2023,5,20
D00001,320.01.0033,IRS23700384,2023-05-17,5000,5000,22.7758,1,YERLİ,23.6667,Kısmi teslim,E,Şartlı kabul,4811.782,30,2023,5,20
D00010,320.01.0033,IRS23700385,2023-06-17,2000,2000,147.1716,1,YERLİ,24.8833,İthalat dosyası,H,Şartlı kabul,11828.9455,30,2023,6,24
D00005,320.01.0046,IRS23700386,2023-05-08,5000,5000,177.8142,1,YERLİ,23.6667,Mal kabul,E,Şartlı kabul,37566.3274,90,2023,5,19
H00003,320.01.0046,IRS23700387,2023-05-19,120,0.12,52.277,1,YERLİ,23.6667,İthalat dosyası,H,,265.0661,30,2023,5,20
D00007,320.01.0046,IRS23700388,2023-06-27,500,500,56.0189,1,YERLİ,24.8833,İthalat dosyası,H,,1125.6325,90,2023,6,26
H00004,320.01.0053,IRS23700389,2023-05-11,500,0.5,51.4045,1,İTHAL,23.6667,Mal kabul,H,Şartlı kabul,1086.009,0,2023,5,19
D00005,320.01.0053,IRS23700390,2023-05-01,250,250,204.6323,1,İTHAL,23.6667,Kısmi teslim,H,Şartlı kabul,2161.6058,90,2023,5,18
D00004,320.01.0001,IRS23700391,2023-04-29,250,250,52.8805,1,YERLİ,22.45,Kısmi teslim,E,,588.8697,90,2023,4,17
D00004,320.01.0001,IRS23700392,2023-05-19,120,120,45.2871,1,YERLİ,23.6667,Kısmi teslim,E,Şartlı kabul,229.6244,60,2023,5,20
H00016,320.01.0001,IRS23700393,2023-05-15,1000,1000,59.3399,1,YERLİ,23.6667,Sevk irsaliyesi,E,Kalite onaylı,2507.3162,30,2023,5,20
H00015,320.01.0038,IRS23700394,2023-07-14,5000,5,28.0522,1,YERLİ,26.1,İthalat dosyası,E,,5373.9847,90,2023,7,28
H00008,320.01.0038,IRS23700395,2023-06-17,250,0.25,47.296,1,YERLİ,24.8833,Sevk irsaliyesi,E,Şartlı kabul,475.1781,90,2023,6,24
D00003,320.01.0025,IRS23700396,2023-05-01,120,120,215.446,1,İTHAL,23.6667,Kısmi teslim,H,Kalite onaylı,1092.4007,45,2023,5,18
D00008,320.01.0025,IRS23700397,2023-05-06,2000,2000,215.4277,1,İTHAL,23.6667,Numune kabul,E,Kalite onaylı,18205.1321,30,2023,5,18
H00010,320.01.0008,IRS23700398,2023-04-25,1000,1,13.7269,1,YERLİ,22.45,Mal kabul,E,Kalite onaylı,611.4432,45,2023,4,17
H00004,320.01.0008,IRS23700399,2023-07-28,10000,10,53.42,1,YERLİ,26.1,Mal kabul,H,Kalite onaylı,20467.433,60,2023,7,30
H00014,320.01.0002,IRS23700400,2023-05-22,1000,1,22.7217,1,YERLİ,23.6667,Sevk irsaliyesi,H,Kalite onaylı,960.0705,90,2023,5,21
H00006,320.01.0002,IRS23700401,2023-05-12,1000,1,74.89,1,YERLİ,23.6667,Numune kabul,H,Kalite onaylı,3164.3617,60,2023,5,19
H00007,320.01.0002,IRS23700402,2023-06-25,250,0.25,34.1091,1,YERLİ,24.8833,Kısmi teslim,E,Şartlı kabul,342.6907,60,2023,6,25
H00010,320.01.0035,IRS23700403,2023-05-16,1000,1,15.1469,1,İTHAL,23.6667,İthalat dosyası,H,,640.009,0,2023,5,20
H00013,320.01.0035,IRS23700404,2023-07-19,500,500,67.6837,1,İTHAL,26.1,Sevk irsaliyesi,E,Kalite onaylı,1296.6226,60,2023,7,29
H00007,320.01.0035,IRS23700405,2023-05-12,250,0.25,30.1371,1,İTHAL,23.6667,İthalat dosyası,H,,318.3492,60,2023,5,19
H00002,320.01.0034,IRS23700406,2023-05-09,5000,5,15.4339,1,YERLİ,23.6667,Mal kabul,E,Şartlı kabul,3260.6785,0,2023,5,19
D00005,320.01.0034,IRS23700407,2023-05-28,250,250,186.3965,1,YERLİ,23.6667,Kısmi teslim,H,,1968.9743,45,2023,5,21
D00007,320.01.0038,IRS23700408,2023-05-12,5000,5000,55.814,1,YERLİ,23.6667,Mal kabul,H,Şartlı kabul,11791.6735,0,2023,5,19
H00003,320.01.0002,IRS23700409,2023-05-30,2000,2,47.7568,1,YERLİ,23.6667,Kısmi teslim,E,Kalite onaylı,4035.7802,90,2023,5,22
H00003,320.01.0002,IRS23700410,2023-07-17,10000,10,53.1353,1,YERLİ,26.1,Sevk irsaliyesi,H,Şartlı kabul,20358.3525,45,2023,7,29
D00008,320.01.0002,IRS23700411,2023-05-08,250,250,233.3102,1,YERLİ,23.6667,Mal kabul,H,Kalite onaylı,2464.5409,0,2023,5,19
D00004,320.01.0040,IRS23700412,2023-05-18,250,250,48.7656,1,YERLİ,23.6667,Kısmi teslim,E,,515.1289,45,2023,5,20
D00003,320.01.0040,IRS23700413,2023-05-04,5000,5000,181.7119,1,YERLİ,23.6667,Numune kabul,H,,38389.784,30,2023,5,18
H00008,320.01.0017,IRS23700414,2023-07-26,250,0.25,39.8773,1,YERLİ,26.1,Mal kabul,E,,381.9665,60,2023,7,30
H00013,320.01.0014,IRS23700415,2023-05-11,5000,5000,57.0149,1,YERLİ,23.6667,Numune kabul,H,,12045.3844,30,2023,5,19
H00014,320.01.0014,IRS23700416,2023-05-31,120,0.12,23.3691,1,YERLİ,23.6667,Sevk irsaliyesi,H,Şartlı kabul,118.491,60,2023,5,22
H00010,320.01.0018,IRS23700417,2023-05-31,2000,2,14.1372,1,YERLİ,23.6667,Mal kabul,H,,1194.6913,30,2023,5,22
H00010,320.01.0018,IRS23700418,2023-05-31,2000,2,13.7464,1,YERLİ,23.6667,Numune kabul,E,Kalite onaylı,1161.666,0,2023,5,22
D00011,320.01.0018,IRS23700419,2023-06-02,120,120,6.4382,1,YERLİ,24.8833,Mal kabul,E,Kalite onaylı,31.0483,60,2023,6,22
H00005,320.01.0005,IRS23700420,2023-05-14,250,0.25,35.201,1,YERLİ,23.6667,Mal kabul,E,Şartlı kabul,371.841,30,2023,5,19
H00006,320.01.0005,IRS23700421,2023-05-28,5000,5,70.8479,1,YERLİ,23.6667,Mal kabul,E,Kalite onaylı,14967.8451,60,2023,5,21
D00009,320.01.0004,IRS23700422,2023-05-01,5000,5000,150.6354,1,YERLİ,23.6667,Sevk irsaliyesi,E,Şartlı kabul,31824.3355,0,2023,5,18
H00005,320.01.0004,IRS23700423,2023-05-14,10000,10,39.5354,1,YERLİ,23.6667,Sevk irsaliyesi,E,Şartlı kabul,16705.0751,90,2023,5,19
D00007,320.01.0017,IRS23700424,2023-08-01,10000,10000,49.5898,1,YERLİ,26.7167,Sevk irsaliyesi,E,Kalite onaylı,18561.3493,90,2023,8,31
H00002,320.01.0017,IRS23700425,2023-05-12,10000,10,14.1687,1,YERLİ,23.6667,İthalat dosyası,E,Şartlı kabul,5986.7662,60,2023,5,19
D00006,320.01.0017,IRS23700426,2023-07-22,10000,10000,204.6305,1,YERLİ,26.1,Numune kabul,E,,78402.4904,60,2023,7,29
H00009,320.01.0013,IRS23700427,2023-05-21,120,0.12,56.6345,1,YERLİ,23.6667,İthalat dosyası,E,Kalite onaylı,287.1604,60,2023,5,20
D00001,320.01.0013,IRS23700428,2023-06-29,250,250,23.8064,1,YERLİ,24.8833,Mal kabul,E,Kalite onaylı,239.1805,60,2023,6,26
H00013,320.01.0013,IRS23700429,2023-05-27,2000,2000,58.8702,1,YERLİ,23.6667,İthalat dosyası,E,,4974.9395,30,2023,5,21
D00008,320.01.0004,IRS23700430,2023-07-06,5000,5000,208.8618,1,YERLİ,26.1,Numune kabul,H,Şartlı kabul,40011.8391,45,2023,7,27
H00004,320.01.0004,IRS23700431,2023-08-04,500,0.5,46.1831,1,YERLİ,26.7167,İthalat dosyası,H,Kalite onaylı,864.3115,90,2023,8,31
H00016,320.01.0001,IRS23700432,2023-07-21,500,500,53.105,1,YERLİ,26.1,Numune kabul,E,,1017.3372,30,2023,7,29
H00003,320.01.0001,IRS23700433,2023-05-13,120,0.12,45.4422,1,YERLİ,23.6667,Kısmi teslim,H,Kalite onaylı,230.4108,45,2023,5,19
H00009,320.01.0001,IRS23700434,2023-06-11,2000,2,52.7729,1,YERLİ,24.8833,Kısmi teslim,H,Şartlı kabul,4241.6319,30,2023,6,23
D00007,320.01.0001,IRS23700435,2023-05-16,1000,1000,60.7801,1,YERLİ,23.6667,Sevk irsaliyesi,H,Kalite onaylı,2568.1696,60,2023,5,20
H00016,320.01.0013,IRS23700436,2023-06-10,2000,2000,58.2657,1,YERLİ,24.8833,Sevk irsaliyesi,E,Kalite onaylı,4683.1168,60,2023,6,23
D00012,320.01.0013,IRS23700437,2023-07-28,5000,5000,92.5686,1,YERLİ,26.1,İthalat dosyası,E,Şartlı kabul,17733.4483,45,2023,7,30
D00004,320.01.0009,IRS23700438,2023-05-24,120,120,52.6516,1,YERLİ,23.6667,Numune kabul,H,,266.9655,30,2023,5,21
H00010,320.01.0009,IRS23700439,2023-06-13,250,0.25,15.2238,1,YERLİ,24.8833,Mal kabul,H,Kalite onaylı,152.952,60,2023,6,24
D00001,320.01.0009,IRS23700440,2023-06-29,500,500,23.8383,1,YERLİ,24.8833,Sevk irsaliyesi,H,,479.002,45,2023,6,26
H00007,320.01.0018,IRS23700441,2023-06-19,5000,5,34.8053,1,YERLİ,24.8833,Kısmi teslim,H,,6993.7066,45,2023,6,25
D00011,320.01.0002,IRS23700442,2023-05-13,5000,5000,5.8105,1,YERLİ,23.6667,Kısmi teslim,E,Şartlı kabul,1227.5687,90,2023,5,19
D00007,320.01.0002,IRS23700443,2023-07-28,1000,1000,52.4779,1,YERLİ,26.1,İthalat dosyası,H,Kalite onaylı,2010.6475,45,2023,7,30
D00011,320.01.0002,IRS23700444,2023-05-12,250,250,7.034,1,YERLİ,23.6667,Mal kabul,H,Kalite onaylı,74.3027,45,2023,5,19
H00006,320.01.0001,IRS23700445,2023-05-04,500,0.5,76.9688,1,YERLİ,23.6667,İthalat dosyası,H,Şartlı kabul,1626.0991,90,2023,5,18
H00010,320.01.0001,IRS23700446,2023-05-07,125,0.125,15.5862,1,YERLİ,23.6667,Numune kabul,H,,82.3214,0,2023,5,18
D00006,320.01.0001,IRS23700447,2023-05-15,120,120,216.1001,1,YERLİ,23.6667,Kısmi teslim,E,,1095.7173,60,2023,5,20
D00004,320.01.0022,IRS23700448,2023-05-23,250,250,45.7991,1,YERLİ,23.6667,Numune kabul,H,Şartlı kabul,483.7926,90,2023,5,21
D00009,320.01.0022,IRS23700449,2023-06-02,250,250,147.4307,1,YERLİ,24.8833,Numune kabul,H,Şartlı kabul,1481.2213,0,2023,6,22
D00006,320.01.0022,IRS23700450,2023-07-24,120,120,206.5375,1,YERLİ,26.1,Kısmi teslim,H,Şartlı kabul,949.5977,0,2023,7,30
D00004,320.01.0024,IRS23700451,2023-07-05,1000,1000,50.4186,1,YERLİ,26.1,Sevk irsaliyesi,H,Şartlı kabul,1931.7471,45,2023,7,27
H00010,320.01.0012,IRS23700452,2023-06-12,10000,10,14.7595,1,YERLİ,24.8833,İthalat dosyası,H,Kalite onaylı,5931.4882,90,2023,6,24
D00001,320.01.0012,IRS23700453,2023-05-30,10000,10000,27.1003,1,YERLİ,23.6667,Mal kabul,H,,11450.8149,45,2023,5,22
D00006,320.01.0001,IRS23700454,2023-06-28,120,120,205.7477,1,YERLİ,24.8833,Mal kabul,E,Şartlı kabul,992.2206,90,2023,6,26
H00009,320.01.0001,IRS23700455,2023-05-10,120,0.12,48.8402,1,YERLİ,23.6667,İthalat dosyası,H,Şartlı kabul,247.6401,60,2023,5,19
D00011,320.01.0002,IRS23700456,2023-06-03,500,500,6.6721,1,YERLİ,24.8833,Kısmi teslim,E,Şartlı kabul,134.0678,45,2023,6,22
D00012,320.01.0002,IRS23700457,2023-05-17,120,120,99.9882,1,YERLİ,23.6667,İthalat dosyası,H,,506.9817,0,2023,5,20
H00012,320.01.0002,IRS23700458,2023-06-17,10000,10000,20.0044,1,YERLİ,24.8833,Kısmi teslim,H,Kalite onaylı,8039.2874,45,2023,6,24
D00008,320.01.0017,IRS23700459,2023-05-31,1000,1000,214.7736,1,YERLİ,23.6667,İthalat dosyası,E,,9074.9281,60,2023,5,22
D00010,320.01.0017,IRS23700460,2023-05-28,1000,1000,138.1856,1,YERLİ,23.6667,Numune kabul,E,Kalite onaylı,5838.8199,30,2023,5,21
D00003,320.01.0017,IRS23700461,2023-06-09,250,250,227.4928,1,YERLİ,24.8833,Kısmi teslim,H,Kalite onaylı,2285.5972,60,2023,6,23
H00013,320.01.0010,IRS23700462,2023-05-14,250,250,67.0247,1,YERLİ,23.6667,Sevk irsaliyesi,H,Şartlı kabul,708.0064,45,2023,5,19
D00010,320.01.0007,IRS23700463,2023-08-03,2000,2000,130.1229,1,YERLİ,26.7167,Numune kabul,H,Kalite onaylı,9740.9411,30,2023,8,31
H00013,320.01.0007,IRS23700464,2023-05-25,120,120,60.5073,1,YERLİ,23.6667,Numune kabul,H,Şartlı kabul,306.7971,30,2023,5,21
D00003,320.01.0007,IRS23700465,2023-05-19,2000,2000,201.4217,1,YERLİ,23.6667,Sevk irsaliyesi,E,Şartlı kabul,17021.5281,90,2023,5,20
D00002,320.01.0006,IRS23700467,2023-06-29,2000,2000,48.0847,1,YERLİ,24.8833,Numune kabul,E,Şartlı kabul,3864.817,60,2023,6,26
D00007,320.01.0013,IRS23700468,2023-05-15,250,250,59.0614,1,YERLİ,23.6667,Numune kabul,H,,623.8871,45,2023,5,20
H00011,320.01.0013,IRS23700469,2023-08-08,10000,10,27.6772,1,YERLİ,26.7167,Mal kabul,E,,10359.513,60,2023,8,32
H00008,320.01.0013,IRS23700470,2023-07-11,500,0.5,44.2292,1,YERLİ,26.1,Mal kabul,E,,847.3027,45,2023,7,28
H00002,320.01.0004,IRS23700471,2023-07-02,10000,10,14.5226,1,YERLİ,26.1,İthalat dosyası,E,,5564.2146,60,2023,7,26
H00009,320.01.0004,IRS23700472,2023-06-09,5000,5,55.3184,1,YERLİ,24.8833,Mal kabul,E,Şartlı kabul,11115.5675,90,2023,6,23
H00006,320.01.0005,IRS23700473,2023-05-21,2000,2,78.1188,1,YERLİ,23.6667,Sevk irsaliyesi,H,,6601.5794,30,2023,5,20
D00006,320.01.0005,IRS23700474,2023-05-28,500,500,247.1129,1,YERLİ,23.6667,Numune kabul,H,,5220.6877,90,2023,5,21
H00014,320.01.0005,IRS23700475,2023-07-10,500,0.5,26.3712,1,YERLİ,26.1,Mal kabul,H,Kalite onaylı,505.1954,45,2023,7,28
D00002,320.01.0004,IRS23700476,2023-05-26,2000,2000,43.0181,1,YERLİ,23.6667,İthalat dosyası,H,Kalite onaylı,3635.3273,0,2023,5,21
D00007,320.01.0010,IRS23700477,2023-05-16,500,500,61.2384,1,YERLİ,23.6667,Kısmi teslim,H,,1293.7672,60,2023,5,20
D00004,320.01.0010,IRS23700478,2023-05-11,5000,5000,54.6482,1,YERLİ,23.6667,Kısmi teslim,E,Kalite onaylı,11545.3781,60,2023,5,19
H00003,320.01.0049,IRS23700479,2023-06-08,120,0.12,50.4906,1,YERLİ,24.8833,İthalat dosyası,H,Şartlı kabul,243.4915,0,2023,6,23
D00011,320.01.0049,IRS23700480,2023-07-12,1000,1000,6.0343,1,YERLİ,26.1,Numune kabul,E,,231.1992,60,2023,7,28
D00007,320.01.0010,IRS23700481,2023-05-18,120,120,61.9979,1,YERLİ,23.6667,Numune kabul,E,,314.3551,45,2023,5,20
H00004,320.01.0010,IRS23700482,2023-05-27,5000,5,54.1015,1,YERLİ,23.6667,Sevk irsaliyesi,E,Kalite onaylı,11429.8783,30,2023,5,21
H00005,320.01.0041,IRS23700483,2023-08-12,10000,10,42.7526,1,İTHAL,26.7167,Numune kabul,H,Şartlı kabul,16002.2009,30,2023,8,32
H00016,320.01.0041,IRS23700484,2023-05-31,10000,10000,58.6515,1,İTHAL,23.6667,İthalat dosyası,H,,24782.289,60,2023,5,22
H00001,320.01.0038,IRS23700485,2023-07-12,5000,5,35.8083,1,YERLİ,26.1,Kısmi teslim,E,,6859.8276,60,2023,7,28
D00010,320.01.0001,IRS23700486,2023-05-26,2000,2000,131.2438,1,YERLİ,23.6667,Numune kabul,H,,11091.0097,30,2023,5,21
D00012,320.01.0048,IRS23700487,2023-07-14,5000,5000,98.9173,1,YERLİ,26.1,Sevk irsaliyesi,E,,18949.6743,90,2023,7,28
H00013,320.01.0003,IRS23700490,2023-05-22,250,250,62.6506,1,İTHAL,23.6667,İthalat dosyası,H,Kalite onaylı,661.8012,90,2023,5,21
H00008,320.01.0050,IRS23700491,2023-08-14,10000,10,42.3993,1,YERLİ,26.7167,Kısmi teslim,H,Şartlı kabul,15869.9615,0,2023,8,33
H00008,320.01.0050,IRS23700492,2023-07-19,2000,2,42.0475,1,YERLİ,26.1,İthalat dosyası,E,Şartlı kabul,3222.0307,90,2023,7,29
H00013,320.01.0002,IRS23700493,2023-05-21,2000,2000,69.1536,1,YERLİ,23.6667,Numune kabul,H,Şartlı kabul,5843.958,60,2023,5,20
H00007,320.01.0002,IRS23700494,2023-07-05,125,0.125,34.3989,1,YERLİ,26.1,Mal kabul,H,Şartlı kabul,164.7457,0,2023,7,27
H00002,320.01.0001,IRS23700495,2023-05-31,1000,1,13.203,1,YERLİ,23.6667,Numune kabul,E,Kalite onaylı,557.8725,90,2023,5,22
D00006,320.01.0017,IRS23700496,2023-05-27,10000,10000,246.545,1,YERLİ,23.6667,Numune kabul,H,Şartlı kabul,104173.7969,0,2023,5,21
D00005,320.01.0017,IRS23700497,2023-05-29,120,120,189.6955,1,YERLİ,23.6667,Numune kabul,H,Şartlı kabul,961.835,90,2023,5,22
D00004,320.01.0002,IRS23700499,2023-07-18,250,250,51.2279,1,YERLİ,26.1,Sevk irsaliyesi,H,Kalite onaylı,490.6887,30,2023,7,29
D00003,320.01.0002,IRS23700500,2023-08-05,1000,1000,208.5329,1,YERLİ,26.7167,Sevk irsaliyesi,H,,7805.339,45,2023,8,31
D00010,320.01.0006,IRS23700501,2023-08-11,5000,5000,150.8889,1,YERLİ,26.7167,İthalat dosyası,H,,28238.6859,60,2023,8,32
D00012,320.01.0003,IRS23700502,2023-06-03,120,120,95.5349,1,İTHAL,24.8833,Mal kabul,E,Kalite onaylı,460.7182,60,2023,6,22
H00013,320.01.0004,IRS23700503,2023-06-17,10000,10000,63.5644,1,YERLİ,24.8833,Numune kabul,H,Şartlı kabul,25545.0041,60,2023,6,24
D00009,320.01.0050,IRS23700504,2023-06-05,120,120,192.5323,1,YERLİ,24.8833,Numune kabul,E,Kalite onaylı,928.4892,90,2023,6,23
D00004,320.01.0005,IRS23700505,2023-06-27,120,120,46.4287,1,YERLİ,24.8833,Numune kabul,E,Şartlı kabul,223.9029,45,2023,6,26
H00003,320.01.0009,IRS23700506,2023-06-03,2000,2,56.037,1,YERLİ,24.8833,İthalat dosyası,E,Şartlı kabul,4503.9846,0,2023,6,22
H00016,320.01.0009,IRS23700507,2023-06-18,500,500,62.1903,1,YERLİ,24.8833,Kısmi teslim,E,Kalite onaylı,1249.6393,90,2023,6,24
H00008,320.01.0009,IRS23700508,2023-06-24,500,0.5,47.211,1,YERLİ,24.8833,İthalat dosyası,H,,948.6483,90,2023,6,25
D00006,320.01.0046,IRS23700509,2023-07-15,2000,2000,223.8484,1,YERLİ,26.1,Sevk irsaliyesi,H,,17153.1341,60,2023,7,28
H00009,320.01.0046,IRS23700510,2023-06-10,60,0.06,52.6825,1,YERLİ,24.8833,İthalat dosyası,E,Kalite onaylı,127.031,0,2023,6,23
D00002,320.01.0006,IRS23700511,2023-06-20,500,500,44.6167,1,YERLİ,24.8833,Mal kabul,E,,896.519,60,2023,6,25
D00003,320.01.0006,IRS23700512,2023-05-26,5000,5000,205.6924,1,YERLİ,23.6667,Kısmi teslim,H,Kalite onaylı,43456.0796,30,2023,5,21
H00014,320.01.0006,IRS23700513,2023-06-10,250,0.25,22.5004,1,YERLİ,24.8833,Mal kabul,H,,226.0592,0,2023,6,23
H00008,320.01.0001,IRS23700514,2023-07-14,500,0.5,46.9996,1,YERLİ,26.1,İthalat dosyası,E,Kalite onaylı,900.3755,45,2023,7,28
D00010,320.01.0001,IRS23700515,2023-06-01,10000,10000,140.0851,1,YERLİ,24.8833,Sevk irsaliyesi,H,,56296.8336,90,2023,6,22
D00010,320.01.0009,IRS23700516,2023-05-28,10000,10000,135.8509,1,YERLİ,23.6667,Kısmi teslim,E,Kalite onaylı,57401.7079,45,2023,5,21
D00003,320.01.0019,IRS23700517,2023-06-20,250,250,200.4983,1,YERLİ,24.8833,Mal kabul,E,,2014.3862,0,2023,6,25
H00012,320.01.0019,IRS23700518,2023-06-25,250,250,23.7737,1,YERLİ,24.8833,Kısmi teslim,H,Şartlı kabul,238.852,90,2023,6,25
H00015,320.01.0001,IRS23700519,2023-06-13,5000,5,27.1721,1,YERLİ,24.8833,Mal kabul,H,Şartlı kabul,5459.9068,0,2023,6,24
H00006,320.01.0009,IRS23700520,2023-06-01,10000,10,76.9279,1,YERLİ,24.8833,Sevk irsaliyesi,E,Şartlı kabul,30915.4734,45,2023,6,22
H00009,320.01.0020,IRS23700521,2023-05-29,120,0.12,59.6424,1,YERLİ,23.6667,Sevk irsaliyesi,H,Kalite onaylı,302.4117,90,2023,5,22
H00006,320.01.0010,IRS23700522,2023-06-15,250,0.25,85.742,1,YERLİ,24.8833,Sevk irsaliyesi,E,Kalite onaylı,861.4412,90,2023,6,24
D00011,320.01.0001,IRS23700523,2023-07-14,500,500,7.385,1,YERLİ,26.1,Numune kabul,E,,141.4751,45,2023,7,28
D00005,320.01.0016,IRS23700524,2023-06-26,1000,1000,208.32,1,YERLİ,24.8833,Sevk irsaliyesi,H,Şartlı kabul,8371.8799,90,2023,6,26
D00002,320.01.0016,IRS23700525,2023-07-23,5000,5000,43.777,1,YERLİ,26.1,Numune kabul,H,Şartlı kabul,8386.3985,90,2023,7,29
D00009,320.01.0016,IRS23700526,2023-07-09,10000,10000,187.3348,1,YERLİ,26.1,Mal kabul,H,Şartlı kabul,71775.7854,30,2023,7,27
D00001,320.01.0008,IRS23700527,2023-05-29,2000,2000,23.7547,1,YERLİ,23.6667,Kısmi teslim,H,,2007.4366,45,2023,5,22
D00003,320.01.0008,IRS23700528,2023-07-24,2000,2000,188.1464,1,YERLİ,26.1,İthalat dosyası,H,Şartlı kabul,14417.3487,45,2023,7,30
H00010,320.01.0008,IRS23700529,2023-07-15,10000,10,17.3864,1,YERLİ,26.1,İthalat dosyası,E,Şartlı kabul,6661.4559,45,2023,7,28
D00007,320.01.0010,IRS23700530,2023-08-18,2000,2000,62.8657,1,YERLİ,26.7167,İthalat dosyası,E,Kalite onaylı,4706.0977,45,2023,8,33
H00013,320.01.0010,IRS23700531,2023-06-13,250,250,66.8269,1,YERLİ,24.8833,Numune kabul,E,Kalite onaylı,671.4031,60,2023,6,24
H00013,320.01.0010,IRS23700532,2023-07-05,10000,10000,59.1293,1,YERLİ,26.1,Kısmi teslim,H,,22654.9042,30,2023,7,27
H00002,320.01.0027,IRS23700533,2023-05-31,5000,5,13.9597,1,YERLİ,23.6667,Mal kabul,E,Kalite onaylı,2949.2282,45,2023,5,22
H00001,320.01.0027,IRS23700534,2023-07-11,10000,10,37.823,1,YERLİ,26.1,Sevk irsaliyesi,E,Kalite onaylı,14491.5709,90,2023,7,28
H00015,320.01.0001,IRS23700535,2023-06-05,500,0.5,28.7986,1,YERLİ,24.8833,Sevk irsaliyesi,H,,578.6732,60,2023,6,23
H00001,320.01.0036,IRS23700536,2023-08-23,1000,1,34.6295,1,YERLİ,26.7167,Sevk irsaliyesi,E,Şartlı kabul,1296.1743,60,2023,8,34
D00003,320.01.0036,IRS23700537,2023-07-17,1000,1000,200.8024,1,YERLİ,26.1,Numune kabul,E,Şartlı kabul,7693.5785,0,2023,7,29
D00002,320.01.0001,IRS23700538,2023-07-29,5000,5000,38.9173,1,YERLİ,26.1,Mal kabul,E,Kalite onaylı,7455.4215,0,2023,7,30
D00007,320.01.0002,IRS23700540,2023-06-09,2000,2000,55.1276,1,YERLİ,24.8833,Numune kabul,H,Kalite onaylı,4430.8914,60,2023,6,23
D00011,320.01.0027,IRS23700541,2023-06-21,5000,5000,7.0497,1,YERLİ,24.8833,İthalat dosyası,H,,1416.5525,0,2023,6,25
H00014,320.01.0027,IRS23700542,2023-05-31,10000,10,23.0379,1,YERLİ,23.6667,Numune kabul,H,Kalite onaylı,9734.3102,30,2023,5,22
D00007,320.01.0001,IRS23700543,2023-06-20,2000,2000,58.028,1,YERLİ,24.8833,Kısmi teslim,E,Şartlı kabul,4664.0116,0,2023,6,25
D00009,320.01.0007,IRS23700544,2023-07-08,500,500,185.2963,1,YERLİ,26.1,Kısmi teslim,E,Kalite onaylı,3549.7375,30,2023,7,27
D00010,320.01.0041,IRS23700545,2023-06-21,5000,5000,133.223,1,İTHAL,24.8833,İthalat dosyası,H,Şartlı kabul,26769.5603,0,2023,6,25
H00015,320.01.0041,IRS23700546,2023-06-06,5000,5,26.2828,1,İTHAL,24.8833,Numune kabul,E,,5281.2127,45,2023,6,23
D00009,320.01.0001,IRS23700547,2023-08-03,120,120,189.0039,1,YERLİ,26.7167,Sevk irsaliyesi,H,Şartlı kabul,848.9248,90,2023,8,31
H00004,320.01.0001,IRS23700548,2023-06-20,2000,2,55.6463,1,YERLİ,24.8833,Sevk irsaliyesi,E,,4472.582,60,2023,6,25
D00007,320.01.0014,IRS23700549,2023-06-30,120,120,54.4868,1,YERLİ,24.8833,İthalat dosyası,E,Şartlı kabul,262.7632,30,2023,6,26
H00001,320.01.0022,IRS23700550,2023-08-21,1000,1,36.2487,1,YERLİ,26.7167,Kısmi teslim,H,Şartlı kabul,1356.7806,0,2023,8,34
D00002,320.01.0022,IRS23700551,2023-07-06,120,120,43.1922,1,YERLİ,26.1,İthalat dosyası,H,Kalite onaylı,198.5848,60,2023,7,27
H00011,320.01.0022,IRS23700552,2023-06-05,250,0.25,28.9438,1,YERLİ,24.8833,Numune kabul,H,,290.7954,0,2023,6,23
D00002,320.01.0006,IRS23700553,2023-06-20,10000,10000,38.8883,1,YERLİ,24.8833,Sevk irsaliyesi,E,Kalite onaylı,15628.2728,60,2023,6,25
H00008,320.01.0006,IRS23700554,2023-06-13,5000,5,50.0414,1,YERLİ,24.8833,İthalat dosyası,H,,10055.2178,60,2023,6,24
H00003,320.01.0006,IRS23700555,2023-06-20,120,0.12,52.4354,1,YERLİ,24.8833,İthalat dosyası,E,Şartlı kabul,252.8703,90,2023,6,25
H00014,320.01.0006,IRS23700556,2023-08-08,1000,1,26.0458,1,YERLİ,26.7167,İthalat dosyası,H,Kalite onaylı,974.8884,45,2023,8,32
D00003,320.01.0006,IRS23700557,2023-06-22,1000,1000,209.0736,1,YERLİ,24.8833,Kısmi teslim,H,Şartlı kabul,8402.1653,60,2023,6,25
H00006,320.01.0006,IRS23700558,2023-06-26,10000,10,78.9848,1,YERLİ,24.8833,Sevk irsaliyesi,H,Şartlı kabul,31742.0921,90,2023,6,26
H00001,320.01.0046,IRS23700559,2023-06-20,250,0.25,37.3842,1,YERLİ,24.8833,Kısmi teslim,H,Şartlı kabul,375.5953,45,2023,6,25
D00006,320.01.0046,IRS23700560,2023-07-11,250,250,218.7768,1,YERLİ,26.1,İthalat dosyası,H,,2095.5632,90,2023,7,28
D00010,320.01.0046,IRS23700561,2023-06-23,10000,10000,133.0042,1,YERLİ,24.8833,İthalat dosyası,H,Şartlı kabul,53451.1902,90,2023,6,25
H00011,320.01.0039,IRS23700562,2023-07-05,250,0.25,23.4428,1,YERLİ,26.1,Sevk irsaliyesi,E,,224.5479,30,2023,7,27
H00009,320.01.0007,IRS23700563,2023-08-03,500,0.5,58.8536,1,YERLİ,26.7167,Kısmi teslim,H,,1101.4384,45,2023,8,31
D00005,320.01.0007,IRS23700564,2023-06-27,1000,1000,217.1045,1,YERLİ,24.8833,Kısmi teslim,H,,8724.9079,30,2023,6,26
D00005,320.01.0005,IRS23700565,2023-06-13,120,120,217.1159,1,YERLİ,24.8833,Mal kabul,H,,1047.0439,45,2023,6,24
H00006,320.01.0018,IRS23700566,2023-07-09,2000,2,78.735,1,YERLİ,26.1,Sevk irsaliyesi,E,,6033.3333,30,2023,7,27
H00002,320.01.0018,IRS23700567,2023-08-06,2000,2,14.4339,1,YERLİ,26.7167,Kısmi teslim,E,,1080.5152,0,2023,8,31
H00004,320.01.0002,IRS23700569,2023-06-28,250,0.25,47.5268,1,YERLİ,24.8833,Sevk irsaliyesi,E,,477.497,60,2023,6,26
H00002,320.01.0001,IRS23700570,2023-07-04,120,0.12,13.1822,1,YERLİ,26.1,Kısmi teslim,H,,60.6078,45,2023,7,27
H00009,320.01.0003,IRS23700571,2023-07-06,120,0.12,53.8576,1,İTHAL,26.1,Mal kabul,H,Şartlı kabul,247.6211,30,2023,7,27
H00005,320.01.0003,IRS23700572,2023-06-29,500,0.5,34.6518,1,İTHAL,24.8833,Kısmi teslim,H,,696.2863,30,2023,6,26
H00003,320.01.0017,IRS23700573,2023-06-25,10000,10,57.9069,1,YERLİ,24.8833,Sevk irsaliyesi,E,Kalite onaylı,23271.3909,0,2023,6,25
H00012,320.01.0037,IRS23700574,2023-07-30,2000,2000,21.4739,1,İTHAL,26.1,Kısmi teslim,E,Şartlı kabul,1645.5096,90,2023,7,30
D00011,320.01.0037,IRS23700575,2023-06-08,10000,10000,7.5074,1,İTHAL,24.8833,Kısmi teslim,H,Kalite onaylı,3017.0436,60,2023,6,23
H00010,320.01.0028,IRS23700576,2023-07-05,500,0.5,18.9685,1,YERLİ,26.1,İthalat dosyası,E,,363.3812,30,2023,7,27
H00014,320.01.0028,IRS23700577,2023-06-20,10000,10,25.482,1,YERLİ,24.8833,Mal kabul,H,Kalite onaylı,10240.6031,90,2023,6,25
H00010,320.01.0028,IRS23700578,2023-08-13,1000,1,16.7521,1,YERLİ,26.7167,Kısmi teslim,H,Kalite onaylı,627.0273,30,2023,8,32
H00007,320.01.0006,IRS23700579,2023-07-11,120,0.12,33.3955,1,YERLİ,26.1,Mal kabul,H,,153.5425,0,2023,7,28
H00013,320.01.0051,IRS23700580,2023-07-30,1000,1000,64.4785,1,YERLİ,26.1,Mal kabul,H,Kalite onaylı,2470.4406,45,2023,7,30
D00010,320.01.0051,IRS23700581,2023-07-10,250,250,152.4916,1,YERLİ,26.1,Mal kabul,H,Şartlı kabul,1460.6475,60,2023,7,28
D00011,320.01.0051,IRS23700582,2023-07-09,1000,1000,7.4085,1,YERLİ,26.1,Mal kabul,E,Şartlı kabul,283.8506,0,2023,7,27
H00007,320.01.0026,IRS23700583,2023-09-05,250,0.25,30.7753,1,YERLİ,27.3333,Numune kabul,H,Kalite onaylı,281.4817,0,2023,9,36
H00001,320.01.0013,IRS23700584,2023-09-09,250,0.25,39.3898,1,YERLİ,27.3333,Kısmi teslim,H,,360.273,90,2023,9,36
D00001,320.01.0013,IRS23700585,2023-06-30,5000,5000,27.7025,1,YERLİ,24.8833,Sevk irsaliyesi,E,,5566.4843,0,2023,6,26
H00009,320.01.0043,IRS23700586,2023-07-08,120,0.12,66.0812,1,İTHAL,26.1,İthalat dosyası,H,Şartlı kabul,303.8216,90,2023,7,27
H00007,320.01.0036,IRS23700587,2023-08-12,250,0.25,35.9902,1,YERLİ,26.7167,Kısmi teslim,H,Kalite onaylı,336.7762,60,2023,8,32
D00004,320.01.0009,IRS23700588,2023-06-26,250,250,57.7689,1,YERLİ,24.8833,İthalat dosyası,E,,580.3983,0,2023,6,26
H00015,320.01.0022,IRS23700589,2023-07-04,10000,10,27.0202,1,YERLİ,26.1,Kısmi teslim,E,Kalite onaylı,10352.567,45,2023,7,27
D00011,320.01.0022,IRS23700590,2023-09-04,1000,1000,7.1003,1,YERLİ,27.3333,İthalat dosyası,E,,259.7674,45,2023,9,36
H00011,320.01.0013,IRS23700591,2023-06-19,500,0.5,28.4099,1,YERLİ,24.8833,Numune kabul,H,,570.8628,30,2023,6,25
D00008,320.01.0013,IRS23700592,2023-07-13,1000,1000,243.6698,1,YERLİ,26.1,Sevk irsaliyesi,H,Kalite onaylı,9336.0077,90,2023,7,28
D00007,320.01.0023,IRS23700593,2023-06-28,60,60,52.9158,1,İTHAL,24.8833,Kısmi teslim,E,Şartlı kabul,127.5935,30,2023,6,26
D00007,320.01.0023,IRS23700594,2023-09-02,2000,2000,60.6487,1,İTHAL,27.3333,Sevk irsaliyesi,E,Kalite onaylı,4437.7152,30,2023,9,35
D00009,320.01.0005,IRS23700595,2023-08-08,120,120,202.8093,1,YERLİ,26.7167,Sevk irsaliyesi,H,Kalite onaylı,910.9327,60,2023,8,32
D00008,320.01.0005,IRS23700596,2023-06-18,500,500,258.9078,1,YERLİ,24.8833,Kısmi teslim,E,,5202.441,45,2023,6,24
D00012,320.01.0008,IRS23700597,2023-07-29,10000,10000,101.3556,1,YERLİ,26.1,Mal kabul,E,Kalite onaylı,38833.5632,60,2023,7,30
D00008,320.01.0008,IRS23700598,2023-08-17,2000,2000,226.2632,1,YERLİ,26.7167,Numune kabul,H,Kalite onaylı,16937.9602,60,2023,8,33
H00014,320.01.0008,IRS23700599,2023-08-04,500,0.5,26.8405,1,YERLİ,26.7167,Mal kabul,E,Kalite onaylı,502.3169,90,2023,8,31
D00012,320.01.0009,IRS23700600,2023-08-18,120,120,111.2394,1,YERLİ,26.7167,Mal kabul,H,,499.6399,30,2023,8,33
D00010,320.01.0009,IRS23700601,2023-08-06,2000,2000,159.7215,1,YERLİ,26.7167,Numune kabul,H,,11956.6788,0,2023,8,31
D00008,320.01.0005,IRS23700602,2023-07-06,120,120,245.4231,1,YERLİ,26.1,İthalat dosyası,E,,1128.3821,60,2023,7,27
D00006,320.01.0005,IRS23700603,2023-09-07,10000,10000,228.9688,1,YERLİ,27.3333,Kısmi teslim,E,Şartlı kabul,83769.1753,0,2023,9,36
H00013,320.01.0002,IRS23700604,2023-06-21,60,60,75.9544,1,YERLİ,24.8833,İthalat dosyası,E,Şartlı kabul,183.1455,0,2023,6,25
H00011,320.01.0002,IRS23700605,2023-07-04,120,0.12,27.7955,1,YERLİ,26.1,Sevk irsaliyesi,E,,127.7954,45,2023,7,27
D00008,320.01.0004,IRS23700607,2023-06-22,1000,1000,220.4515,1,YERLİ,24.8833,İthalat dosyası,E,Kalite onaylı,8859.4158,45,2023,6,25
H00016,320.01.0004,IRS23700608,2023-07-22,120,120,55.7,1,YERLİ,26.1,Sevk irsaliyesi,H,Kalite onaylı,256.092,60,2023,7,29
H00016,320.01.0004,IRS23700609,2023-07-08,500,500,69.9389,1,YERLİ,26.1,Kısmi teslim,H,,1339.8257,60,2023,7,27
H00003,320.01.0010,IRS23700610,2023-07-14,120,0.12,54.0313,1,YERLİ,26.1,İthalat dosyası,H,Kalite onaylı,248.4198,90,2023,7,28
H00004,320.01.0032,IRS23700611,2023-07-13,5000,5,48.183,1,YERLİ,26.1,Mal kabul,E,,9230.4598,90,2023,7,28
H00009,320.01.0002,IRS23700612,2023-06-25,500,0.5,63.826,1,YERLİ,24.8833,Numune kabul,E,Kalite onaylı,1282.5067,60,2023,6,25
H00008,320.01.0002,IRS23700613,2023-08-07,5000,5,49.5538,1,YERLİ,26.7167,Numune kabul,E,Kalite onaylı,9273.9373,90,2023,8,32
D00012,320.01.0028,IRS23700614,2023-08-14,2000,2000,91.9913,1,YERLİ,26.7167,Mal kabul,H,,6886.4268,90,2023,8,33
H00007,320.01.0024,IRS23700616,2023-09-20,120,0.12,31.6239,1,YERLİ,27.3333,Mal kabul,H,Şartlı kabul,138.8368,30,2023,9,38
H00001,320.01.0001,IRS23700617,2023-09-17,5000,5,43.2721,1,YERLİ,27.3333,Mal kabul,E,Şartlı kabul,7915.6377,90,2023,9,37
H00013,320.01.0001,IRS23700618,2023-07-02,5000,5000,77.907,1,YERLİ,26.1,İthalat dosyası,H,Kalite onaylı,14924.7126,60,2023,7,26
H00011,320.01.0001,IRS23700619,2023-08-02,10000,10,28.7517,1,YERLİ,26.7167,Numune kabul,H,,10761.6959,45,2023,8,31
H00005,320.01.0041,IRS23700620,2023-08-18,5000,5,45.9663,1,İTHAL,26.7167,İthalat dosyası,E,Kalite onaylı,8602.5407,90,2023,8,33
H00010,320.01.0027,IRS23700621,2023-09-12,250,0.25,16.4105,1,YERLİ,27.3333,Kısmi teslim,E,,150.0962,90,2023,9,37
D00010,320.01.0027,IRS23700622,2023-07-02,250,250,145.8049,1,YERLİ,26.1,Kısmi teslim,H,Kalite onaylı,1396.5987,0,2023,7,26
H00013,320.01.0009,IRS23700623,2023-08-05,500,500,70.8328,1,YERLİ,26.7167,Kısmi teslim,H,Kalite onaylı,1325.6278,60,2023,8,31
D00012,320.01.0009,IRS23700624,2023-09-24,1000,1000,105.0356,1,YERLİ,27.3333,Mal kabul,E,Kalite onaylı,3842.7705,60,2023,9,38
D00003,320.01.0001,IRS23700625,2023-06-30,10000,10000,212.0689,1,YERLİ,24.8833,Mal kabul,H,Kalite onaylı,85225.3921,0,2023,6,26
D00009,320.01.0004,IRS23700626,2023-07-01,250,250,161.1772,1,YERLİ,26.1,Sevk irsaliyesi,H,Şartlı kabul,1543.8429,0,2023,7,26
H00012,320.01.0004,IRS23700627,2023-07-04,1000,1000,23.7165,1,YERLİ,26.1,İthalat dosyası,E,Şartlı kabul,908.6782,45,2023,7,27
H00009,320.01.0025,IRS23700628,2023-07-03,500,0.5,53.5334,1,İTHAL,26.1,Kısmi teslim,E,Kalite onaylı,1025.5441,45,2023,7,27
H00012,320.01.0025,IRS23700629,2023-09-20,10000,10000,24.046,1,İTHAL,27.3333,Mal kabul,H,,8797.3278,30,2023,9,38
D00011,320.01.0001,IRS23700630,2023-09-25,500,500,6.9883,1,YERLİ,27.3333,İthalat dosyası,E,,127.8349,60,2023,9,39
H00003,320.01.0001,IRS23700631,2023-08-02,1000,1,61.3232,1,YERLİ,26.7167,Sevk irsaliyesi,H,Kalite onaylı,2295.3134,0,2023,8,31
D00011,320.01.0001,IRS23700632,2023-07-27,500,500,6.687,1,YERLİ,26.1,Numune kabul,H,Şartlı kabul,128.1034,45,2023,7,30
H00012,320.01.0003,IRS23700633,2023-07-03,120,120,20.889,1,İTHAL,26.1,Sevk irsaliyesi,H,Kalite onaylı,96.0414,90,2023,7,27
D00005,320.01.0027,IRS23700634,2023-07-20,1000,1000,233.3703,1,YERLİ,26.1,Numune kabul,E,Kalite onaylı,8941.3908,30,2023,7,29
H00005,320.01.0027,IRS23700635,2023-07-10,2000,2,45.9582,1,YERLİ,26.1,Sevk irsaliyesi,E,Kalite onaylı,3521.7011,0,2023,7,28
D00012,320.01.0006,IRS23700636,2023-08-01,500,500,106.3944,1,YERLİ,26.7167,Numune kabul,E,Kalite onaylı,1991.1591,0,2023,8,31
H00003,320.01.0006,IRS23700637,2023-08-01,1000,1,54.4875,1,YERLİ,26.7167,Mal kabul,E,,2039.4547,60,2023,8,31
H00015,320.01.0006,IRS23700638,2023-07-15,1000,1,28.4116,1,YERLİ,26.1,Mal kabul,H,Şartlı kabul,1088.567,60,2023,7,28
D00001,320.01.0039,IRS23700639,2023-06-26,500,500,30.8472,1,YERLİ,24.8833,İthalat dosyası,H,Kalite onaylı,619.8374,90,2023,6,26
D00005,320.01.0039,IRS23700640,2023-09-28,1000,1000,224.9017,1,YERLİ,27.3333,Kısmi teslim,H,,8228.121,60,2023,9,39
D00012,320.01.0014,IRS23700641,2023-08-06,5000,5000,109.3886,1,YERLİ,26.7167,Mal kabul,E,Kalite onaylı,20471.952,60,2023,8,31
H00004,320.01.0009,IRS23700642,2023-07-14,2000,2,48.9008,1,YERLİ,26.1,Mal kabul,E,,3747.1877,30,2023,7,28
D00002,320.01.0014,IRS23700643,2023-07-11,1000,1000,43.779,1,YERLİ,26.1,Kısmi teslim,E,Kalite onaylı,1677.3563,0,2023,7,28
D00008,320.01.0014,IRS23700644,2023-07-25,1000,1000,224.0169,1,YERLİ,26.1,Numune kabul,E,Şartlı kabul,8583.023,0,2023,7,30
H00016,320.01.0014,IRS23700645,2023-06-27,250,250,60.4217,1,YERLİ,24.8833,Numune kabul,H,Şartlı kabul,607.0507,0,2023,6,26
H00016,320.01.0005,IRS23700646,2023-07-28,120,120,64.0433,1,YERLİ,26.1,Sevk irsaliyesi,E,Kalite onaylı,294.452,90,2023,7,30
D00003,320.01.0005,IRS23700647,2023-08-08,120,120,208.7258,1,YERLİ,26.7167,Numune kabul,H,,937.5071,30,2023,8,32
H00006,320.01.0055,IRS23700648,2023-08-03,5000,5,82.532,1,İTHAL,26.7167,Numune kabul,H,Kalite onaylı,15445.7699,45,2023,8,31
D00011,320.01.0055,IRS23700649,2023-07-25,5000,5000,6.6535,1,İTHAL,26.1,Kısmi teslim,E,Şartlı kabul,1274.6169,30,2023,7,30
D00006,320.01.0008,IRS23700650,2023-06-28,500,500,204.8995,1,YERLİ,24.8833,Sevk irsaliyesi,H,Kalite onaylı,4117.2091,30,2023,6,26
H00014,320.01.0005,IRS23700651,2023-07-05,120,0.12,24.6742,1,YERLİ,26.1,Mal kabul,H,,113.4446,45,2023,7,27
D00002,320.01.0046,IRS23700652,2023-09-30,5000,5000,40.6539,1,YERLİ,27.3333,Mal kabul,E,Şartlı kabul,7436.6981,30,2023,9,39
D00012,320.01.0046,IRS23700653,2023-06-29,250,250,92.4018,1,YERLİ,24.8833,Sevk irsaliyesi,H,,928.3515,0,2023,6,26
D00003,320.01.0042,IRS23700654,2023-07-08,5000,5000,241.1048,1,YERLİ,26.1,Sevk irsaliyesi,E,Kalite onaylı,46188.659,90,2023,7,27
H00004,320.01.0042,IRS23700655,2023-09-01,10000,10,56.9095,1,YERLİ,27.3333,Mal kabul,H,,20820.5742,0,2023,9,35
H00015,320.01.0025,IRS23700656,2023-07-05,2000,2,29.2053,1,İTHAL,26.1,Mal kabul,E,,2237.954,90,2023,7,27
D00006,320.01.0025,IRS23700657,2023-08-19,2000,2000,245.364,1,İTHAL,26.7167,Sevk irsaliyesi,H,,18367.8373,60,2023,8,33
H00007,320.01.0015,IRS23700659,2023-07-16,500,0.5,34.2239,1,YERLİ,26.1,İthalat dosyası,E,Şartlı kabul,655.6303,60,2023,7,28
H00008,320.01.0015,IRS23700660,2023-08-08,120,0.12,45.399,1,YERLİ,26.7167,İthalat dosyası,H,,203.9129,30,2023,8,32
H00004,320.01.0003,IRS23700661,2023-07-10,2000,2,60.4576,1,İTHAL,26.1,İthalat dosyası,E,,4632.7663,30,2023,7,28
H00008,320.01.0003,IRS23700662,2023-09-27,1000,1,46.5628,1,İTHAL,27.3333,Sevk irsaliyesi,E,Kalite onaylı,1703.5192,0,2023,9,39
D00012,320.01.0015,IRS23700663,2023-07-11,2000,2000,92.3398,1,YERLİ,26.1,Numune kabul,H,Kalite onaylı,7075.8467,60,2023,7,28
H00008,320.01.0006,IRS23700664,2023-08-10,120,0.12,42.5312,1,YERLİ,26.7167,Mal kabul,E,,191.032,0,2023,8,32
H00016,320.01.0006,IRS23700665,2023-08-15,1000,1000,61.0406,1,YERLİ,26.7167,Numune kabul,E,Kalite onaylı,2284.7358,30,2023,8,33
D00005,320.01.0025,IRS23700666,2023-07-28,500,500,196.2837,1,İTHAL,26.1,Mal kabul,H,Şartlı kabul,3760.2241,30,2023,7,30
H00003,320.01.0025,IRS23700667,2023-07-17,120,0.12,52.9277,1,İTHAL,26.1,Sevk irsaliyesi,E,,243.3457,30,2023,7,29
D00010,320.01.0007,IRS23700668,2023-08-11,10000,10000,169.474,1,YERLİ,26.7167,Numune kabul,E,Şartlı kabul,63433.7325,90,2023,8,32
D00012,320.01.0007,IRS23700669,2023-08-28,5000,5000,100.0145,1,YERLİ,26.7167,Mal kabul,H,Kalite onaylı,18717.5999,0,2023,8,35
H00010,320.01.0005,IRS23700670,2023-08-27,5000,5,17.7151,1,YERLİ,26.7167,İthalat dosyası,H,,3315.3608,60,2023,8,34
D00003,320.01.0013,IRS23700671,2023-08-22,2500,2500,220.2319,1,YERLİ,26.7167,İthalat dosyası,H,Şartlı kabul,20608.0747,30,2023,8,34
D00003,320.01.0013,IRS23700672,2023-09-29,500,500,241.1843,1,YERLİ,27.3333,İthalat dosyası,E,Kalite onaylı,4411.9133,30,2023,9,39
H00007,320.01.0014,IRS23700673,2023-07-19,2000,2,32.0626,1,YERLİ,26.1,Sevk irsaliyesi,E,Kalite onaylı,2456.9042,60,2023,7,29
D00006,320.01.0004,IRS23700674,2023-08-15,120,120,219.4189,1,YERLİ,26.7167,Numune kabul,H,Şartlı kabul,985.5359,60,2023,8,33
H00002,320.01.0004,IRS23700675,2023-07-30,250,0.25,14.8818,1,YERLİ,26.1,İthalat dosyası,E,Kalite onaylı,142.546,30,2023,7,30
D00001,320.01.0003,IRS23700676,2023-08-23,250,250,29.6709,1,İTHAL,26.7167,Kısmi teslim,H,Kalite onaylı,277.6438,45,2023,8,34
D00008,320.01.0003,IRS23700677,2023-07-04,1000,1000,206.7412,1,İTHAL,26.1,Sevk irsaliyesi,E,Kalite onaylı,7921.1188,45,2023,7,27
H00002,320.01.0003,IRS23700678,2023-08-29,500,0.5,16.9666,1,İTHAL,26.7167,Mal kabul,H,Kalite onaylı,317.528,45,2023,8,35
H00006,320.01.0031,IRS23700679,2023-08-09,250,0.25,89.4909,1,YERLİ,26.7167,Mal kabul,H,,837.406,30,2023,8,32
H00006,320.01.0034,IRS23700680,2023-07-22,1000,1,85.945,1,YERLİ,26.1,İthalat dosyası,E,Şartlı kabul,3292.9119,30,2023,7,29
D00010,320.01.0045,IRS23700681,2023-08-14,10000,10000,169.0342,1,YERLİ,26.7167,Numune kabul,E,,63269.1163,0,2023,8,33
H00012,320.01.0020,IRS23700682,2023-08-30,5000,5000,23.4948,1,YERLİ,26.7167,İthalat dosyası,E,,4397.0251,45,2023,8,35
D00012,320.01.0020,IRS23700683,2023-09-27,2000,2000,108.3796,1,YERLİ,27.3333,İthalat dosyası,H,Kalite onaylı,7930.2243,60,2023,9,39
H00014,320.01.0020,IRS23700684,2023-07-17,500,0.5,29.5325,1,YERLİ,26.1,İthalat dosyası,E,Kalite onaylı,565.7567,60,2023,7,29
H00004,320.01.0009,IRS23700685,2023-07-26,2000,2,50.9393,1,YERLİ,26.1,Kısmi teslim,H,Kalite onaylı,3903.3946,60,2023,7,30
H00005,320.01.0009,IRS23700686,2023-07-30,250,0.25,40.2744,1,YERLİ,26.1,İthalat dosyası,H,Şartlı kabul,385.7701,90,2023,7,30
H00012,320.01.0012,IRS23700687,2023-07-31,1000,1000,23.9413,1,YERLİ,26.1,Kısmi teslim,E,,917.2912,45,2023,7,31
D00009,320.01.0012,IRS23700688,2023-09-28,2000,2000,187.3841,1,YERLİ,27.3333,Mal kabul,H,Kalite onaylı,13711.0484,0,2023,9,39
H00007,320.01.0012,IRS23700689,2023-09-06,500,0.5,35.0815,1,YERLİ,27.3333,Sevk irsaliyesi,E,,641.7355,90,2023,9,36
H00002,320.01.0017,IRS23700691,2023-07-18,1000,1,15.859,1,YERLİ,26.1,Numune kabul,E,Şartlı kabul,607.6245,30,2023,7,29
D00011,320.01.0001,IRS23700692,2023-09-10,120,120,6.4216,1,YERLİ,27.3333,Numune kabul,H,Kalite onaylı,28.1924,45,2023,9,36
H00014,320.01.0022,IRS23700693,2023-09-05,10000,10,27.9896,1,YERLİ,27.3333,Numune kabul,H,,10240.11,0,2023,9,36
H00012,320.01.0022,IRS23700694,2023-09-02,250,250,20.713,1,YERLİ,27.3333,Mal kabul,E,Kalite onaylı,189.4484,90,2023,9,35
H00005,320.01.0013,IRS23700695,2023-07-21,1000,1,37.2817,1,YERLİ,26.1,Sevk irsaliyesi,E,Şartlı kabul,1428.4176,45,2023,7,29
D00012,320.01.0013,IRS23700696,2023-09-25,250,250,100.4487,1,YERLİ,27.3333,Numune kabul,H,,918.7392,45,2023,9,39
D00009,320.01.0009,IRS23700697,2023-09-29,120,120,186.2921,1,YERLİ,27.3333,İthalat dosyası,H,Kalite onaylı,817.8688,60,2023,9,39
D00009,320.01.0009,IRS23700698,2023-09-11,5000,5000,182.1697,1,YERLİ,27.3333,İthalat dosyası,H,Şartlı kabul,33323.7662,0,2023,9,37
H00003,320.01.0009,IRS23700699,2023-07-17,2000,2,57.984,1,YERLİ,26.1,Kısmi teslim,E,Şartlı kabul,4443.2184,45,2023,7,29
D00009,320.01.0018,IRS23700700,2023-08-28,1000,1000,172.5283,1,YERLİ,26.7167,Mal kabul,E,Şartlı kabul,6457.695,60,2023,8,35
H00005,320.01.0002,IRS23700701,2023-09-30,1000,1,42.2545,1,YERLİ,27.3333,Kısmi teslim,H,Kalite onaylı,1545.8982,0,2023,9,39
D00012,320.01.0002,IRS23700702,2023-07-15,250,250,100.387,1,YERLİ,26.1,Numune kabul,H,,961.5613,30,2023,7,28
D00001,320.01.0002,IRS23700703,2023-08-26,500,500,26.5758,1,YERLİ,26.7167,Sevk irsaliyesi,E,Kalite onaylı,497.3631,45,2023,8,34
D00005,320.01.0004,IRS23700704,2023-09-30,1000,1000,221.3752,1,YERLİ,27.3333,İthalat dosyası,E,,8099.1026,30,2023,9,39
H00001,320.01.0004,IRS23700705,2023-10-02,10000,10,40.3954,1,YERLİ,27.95,Numune kabul,H,Kalite onaylı,14452.737,0,2023,10,40
D00012,320.01.0004,IRS23700706,2023-09-13,10000,10000,115.6626,1,YERLİ,27.3333,İthalat dosyası,E,,42315.637,30,2023,9,37
H00007,320.01.0012,IRS23700707,2023-08-02,2000,2,39.492,1,YERLİ,26.7167,Sevk irsaliyesi,H,Kalite onaylı,2956.3531,90,2023,8,31
D00009,320.01.0001,IRS23700708,2023-07-17,2000,2000,201.968,1,YERLİ,26.1,Numune kabul,H,Kalite onaylı,15476.4751,60,2023,7,29
H00016,320.01.0001,IRS23700709,2023-08-02,5000,5000,72.7753,1,YERLİ,26.7167,Mal kabul,E,Kalite onaylı,13619.8146,45,2023,8,31
D00001,320.01.0004,IRS23700710,2023-08-17,250,250,30.9809,1,YERLİ,26.7167,Sevk irsaliyesi,E,Şartlı kabul,289.902,0,2023,8,33
H00001,320.01.0004,IRS23700711,2023-07-15,250,0.25,40.4655,1,YERLİ,26.1,Numune kabul,E,,387.6006,90,2023,7,28
H00004,320.01.0015,IRS23700712,2023-09-01,2000,2,51.0168,1,YERLİ,27.3333,Mal kabul,E,Şartlı kabul,3732.9411,90,2023,9,35
D00007,320.01.0009,IRS23700713,2023-07-18,10000,10000,61.4906,1,YERLİ,26.1,Mal kabul,E,Kalite onaylı,23559.6169,60,2023,7,29
H00004,320.01.0030,IRS23700714,2023-08-23,250,0.25,55.9501,1,YERLİ,26.7167,Kısmi teslim,E,,523.5499,30,2023,8,34
H00011,320.01.0030,IRS23700715,2023-09-08,5000,5,31.707,1,YERLİ,27.3333,İthalat dosyası,H,Kalite onaylı,5800.068,60,2023,9,36
H00003,320.01.0008,IRS23700716,2023-09-12,2000,2,54.1674,1,YERLİ,27.3333,Numune kabul,E,Şartlı kabul,3963.4731,0,2023,9,37
H00003,320.01.0008,IRS23700717,2023-10-07,10000,10,58.8048,1,YERLİ,27.95,Mal kabul,H,Kalite onaylı,21039.2844,0,2023,10,40
D00005,320.01.0010,IRS23700718,2023-07-25,500,500,201.3714,1,YERLİ,26.1,İthalat dosyası,H,Şartlı kabul,3857.6897,0,2023,7,30
D00001,320.01.0025,IRS23700720,2023-09-01,1000,1000,32.1468,1,İTHAL,27.3333,Kısmi teslim,E,,1176.1039,45,2023,9,35
D00006,320.01.0025,IRS23700721,2023-07-18,5000,5000,243.0328,1,İTHAL,26.1,İthalat dosyası,E,Kalite onaylı,46558.0077,60,2023,7,29
D00010,320.01.0025,IRS23700722,2023-08-30,500,500,158.8678,1,İTHAL,26.7167,Mal kabul,E,,2973.1928,90,2023,8,35
H00008,320.01.0043,IRS23700723,2023-08-04,2000,2,52.7508,1,İTHAL,26.7167,Mal kabul,E,,3948.9009,30,2023,8,31
H00002,320.01.0043,IRS23700724,2023-07-22,10000,10,17.2268,1,İTHAL,26.1,Sevk irsaliyesi,H,,6600.3065,0,2023,7,29
D00003,320.01.0043,IRS23700725,2023-10-14,120,120,217.6843,1,İTHAL,27.95,Sevk irsaliyesi,E,Kalite onaylı,934.6016,60,2023,10,41
D00004,320.01.0011,IRS23700726,2023-07-25,2000,2000,58.9476,1,YERLİ,26.1,Kısmi teslim,H,Kalite onaylı,4517.0575,90,2023,7,30
H00012,320.01.0020,IRS23700727,2023-08-15,10000,10000,26.6378,1,YERLİ,26.7167,Mal kabul,E,Kalite onaylı,9970.4679,30,2023,8,33
D00005,320.01.0020,IRS23700728,2023-08-06,120,120,203.2353,1,YERLİ,26.7167,Mal kabul,H,,912.8461,60,2023,8,31
D00001,320.01.0041,IRS23700729,2023-07-21,5000,5000,31.5153,1,İTHAL,26.1,Kısmi teslim,E,,6037.4138,30,2023,7,29
D00005,320.01.0041,IRS23700730,2023-07-25,10000,10000,232.5199,1,İTHAL,26.1,Mal kabul,H,Şartlı kabul,89088.0843,0,2023,7,30
D00005,320.01.0027,IRS23700731,2023-10-08,5000,5000,206.8735,1,YERLİ,27.95,Mal kabul,H,Şartlı kabul,37007.7818,45,2023,10,40
D00010,320.01.0022,IRS23700733,2023-08-01,120,120,153.9045,1,YERLİ,26.7167,Numune kabul,H,,691.2732,30,2023,8,31
D00003,320.01.0042,IRS23700734,2023-09-20,2000,2000,236.2579,1,YERLİ,27.3333,Numune kabul,H,Kalite onaylı,17287.1845,45,2023,9,38
H00008,320.01.0042,IRS23700735,2023-08-17,250,0.25,51.4991,1,YERLİ,26.7167,Sevk irsaliyesi,E,,481.8999,45,2023,8,33
D00007,320.01.0045,IRS23700736,2023-07-31,2000,2000,68.5143,1,YERLİ,26.1,Mal kabul,H,,5250.1379,60,2023,7,31
H00012,320.01.0045,IRS23700737,2023-08-14,10000,10000,22.3529,1,YERLİ,26.7167,İthalat dosyası,E,Kalite onaylı,8366.6396,90,2023,8,33
H00008,320.01.0045,IRS23700738,2023-08-23,1000,1,50.3327,1,YERLİ,26.7167,Mal kabul,E,,1883.9415,90,2023,8,34
H00004,320.01.0008,IRS23700739,2023-09-19,2000,2,62.9245,1,YERLİ,27.3333,İthalat dosyası,E,Şartlı kabul,4604.2373,0,2023,9,38
H00008,320.01.0008,IRS23700740,2023-08-07,5000,5,51.1324,1,YERLİ,26.7167,Numune kabul,E,Kalite onaylı,9569.3705,60,2023,8,32
D00007,320.01.0010,IRS23700741,2023-09-04,10000,10000,57.4529,1,YERLİ,27.3333,İthalat dosyası,E,Şartlı kabul,21019.3793,30,2023,9,36
H00001,320.01.0010,IRS23700742,2023-07-25,10000,10,36.3318,1,YERLİ,26.1,Numune kabul,H,Şartlı kabul,13920.2299,0,2023,7,30
H00005,320.01.0041,IRS23700743,2023-08-05,5000,5,42.3473,1,İTHAL,26.7167,Kısmi teslim,E,Şartlı kabul,7925.249,90,2023,8,31
D00003,320.01.0041,IRS23700744,2023-07-25,250,250,233.9288,1,İTHAL,26.1,Mal kabul,E,,2240.6973,45,2023,7,30
D00011,320.01.0037,IRS23700745,2023-08-02,500,500,7.9738,1,İTHAL,26.7167,Kısmi teslim,H,Şartlı kabul,149.2288,0,2023,8,31
D00011,320.01.0005,IRS23700746,2023-10-17,250,250,6.5201,1,YERLİ,27.95,Numune kabul,H,Şartlı kabul,58.3193,30,2023,10,42
D00009,320.01.0005,IRS23700747,2023-08-09,120,120,214.928,1,YERLİ,26.7167,Mal kabul,H,Şartlı kabul,965.3647,45,2023,8,32
H00007,320.01.0024,IRS23700749,2023-08-11,120,0.12,39.3382,1,YERLİ,26.7167,Sevk irsaliyesi,E,Şartlı kabul,176.6904,60,2023,8,32
H00007,320.01.0008,IRS23700750,2023-09-15,250,0.25,32.4791,1,YERLİ,27.3333,Numune kabul,H,,297.0653,60,2023,9,37
H00015,320.01.0005,IRS23700751,2023-10-24,1000,1,28.9435,1,YERLİ,27.95,İthalat dosyası,H,,1035.5456,30,2023,10,43
H00010,320.01.0005,IRS23700753,2023-07-30,10000,10,16.7508,1,YERLİ,26.1,Mal kabul,E,Kalite onaylı,6417.931,60,2023,7,30
H00013,320.01.0004,IRS23700754,2023-10-22,250,250,72.048,1,YERLİ,27.95,Mal kabul,H,Şartlı kabul,644.4365,60,2023,10,42
D00001,320.01.0004,IRS23700755,2023-08-27,250,250,29.4666,1,YERLİ,26.7167,Mal kabul,H,,275.732,60,2023,8,34
H00010,320.01.0004,IRS23700756,2023-09-17,120,0.12,18.5622,1,YERLİ,27.3333,Sevk irsaliyesi,H,,81.4927,0,2023,9,37
H00008,320.01.0004,IRS23700757,2023-08-27,10000,10,52.1236,1,YERLİ,26.7167,Numune kabul,H,Şartlı kabul,19509.7448,30,2023,8,34
D00011,320.01.0004,IRS23700758,2023-08-13,10000,10000,7.8603,1,YERLİ,26.7167,İthalat dosyası,H,,2942.0924,60,2023,8,32
H00002,320.01.0047,IRS23700759,2023-07-24,500,0.5,14.609,1,YERLİ,26.1,Kısmi teslim,E,,279.8659,30,2023,7,30
H00008,320.01.0021,IRS23700760,2023-09-20,5000,5,52.0504,1,YERLİ,27.3333,İthalat dosyası,E,Şartlı kabul,9521.4262,90,2023,9,38
D00010,320.01.0021,IRS23700761,2023-10-19,1000,1000,172.3835,1,YERLİ,27.95,Numune kabul,E,Kalite onaylı,6167.5671,60,2023,10,42
H00001,320.01.0021,IRS23700762,2023-09-16,250,0.25,42.7503,1,YERLİ,27.3333,Kısmi teslim,E,Kalite onaylı,391.0093,30,2023,9,37
D00009,320.01.0001,IRS23700763,2023-08-20,2000,2000,186.5273,1,YERLİ,26.7167,Kısmi teslim,H,Şartlı kabul,13963.3488,0,2023,8,33
D00002,320.01.0006,IRS23700764,2023-08-31,5000,5000,43.0031,1,YERLİ,26.7167,İthalat dosyası,E,Şartlı kabul,8047.9812,90,2023,8,35
D00011,320.01.0004,IRS23700765,2023-09-25,10000,10000,8.2154,1,YERLİ,27.3333,Numune kabul,E,,3005.6378,90,2023,9,39
H00016,320.01.0004,IRS23700766,2023-08-08,500,500,69.7801,1,YERLİ,26.7167,Numune kabul,E,Şartlı kabul,1305.9266,45,2023,8,32
H00006,320.01.0004,IRS23700767,2023-09-19,250,0.25,86.0596,1,YERLİ,27.3333,Sevk irsaliyesi,H,Şartlı kabul,787.1314,0,2023,9,38
H00015,320.01.0005,IRS23700768,2023-09-26,2000,2,30.7187,1,YERLİ,27.3333,Sevk irsaliyesi,H,Kalite onaylı,2247.7125,0,2023,9,39
D00009,320.01.0005,IRS23700769,2023-10-29,250,250,191.4829,1,YERLİ,27.95,Kısmi teslim,E,Şartlı kabul,1712.7272,60,2023,10,43
D00008,320.01.0001,IRS23700770,2023-08-12,500,500,240.7332,1,YERLİ,26.7167,Sevk irsaliyesi,E,Şartlı kabul,4505.2944,0,2023,8,32
H00012,320.01.0012,IRS23700771,2023-09-24,5000,5000,22.5094,1,YERLİ,27.3333,İthalat dosyası,E,,4117.5782,45,2023,9,38
D00005,320.01.0012,IRS23700772,2023-08-12,500,500,214.6417,1,YERLİ,26.7167,Sevk irsaliyesi,H,Kalite onaylı,4016.995,90,2023,8,32
H00001,320.01.0012,IRS23700773,2023-08-03,10000,10,37.4707,1,YERLİ,26.7167,Numune kabul,E,Şartlı kabul,14025.1977,0,2023,8,31
H00008,320.01.0012,IRS23700774,2023-10-31,10000,10,49.5223,1,YERLİ,27.95,Mal kabul,H,,17718.1753,0,2023,10,44
D00009,320.01.0012,IRS23700775,2023-08-18,120,120,188.7993,1,YERLİ,26.7167,Sevk irsaliyesi,H,,848.0058,45,2023,8,33
H00007,320.01.0012,IRS23700776,2023-08-15,250,0.25,33.9081,1,YERLİ,26.7167,Kısmi teslim,H,Kalite onaylı,317.2931,45,2023,8,33
H00014,320.01.0028,IRS23700777,2023-08-17,5000,5,28.7883,1,YERLİ,26.7167,Sevk irsaliyesi,H,Şartlı kabul,5387.6976,90,2023,8,33
H00009,320.01.0028,IRS23700778,2023-10-02,1000,1,56.8262,1,YERLİ,27.95,Kısmi teslim,E,Şartlı kabul,2033.1377,60,2023,10,40
D00003,320.01.0028,IRS23700779,2023-08-16,120,120,249.5992,1,YERLİ,26.7167,İthalat dosyası,H,Kalite onaylı,1121.0929,60,2023,8,33
H00002,320.01.0025,IRS23700780,2023-11-03,1000,1,14.7743,1,İTHAL,28.5667,Mal kabul,H,Şartlı kabul,517.1861,45,2023,11,44
H00011,320.01.0032,IRS23700781,2023-08-05,10000,10,28.776,1,YERLİ,26.7167,Mal kabul,H,Kalite onaylı,10770.7913,90,2023,8,31
H00001,320.01.0032,IRS23700782,2023-08-10,5000,5,41.3391,1,YERLİ,26.7167,Mal kabul,E,Şartlı kabul,7736.5655,45,2023,8,32
D00010,320.01.0025,IRS23700783,2023-08-09,2000,2000,162.3217,1,İTHAL,26.7167,Sevk irsaliyesi,H,Şartlı kabul,12151.3286,30,2023,8,32
H00007,320.01.0025,IRS23700784,2023-08-27,500,0.5,36.4187,1,İTHAL,26.7167,Sevk irsaliyesi,H,Kalite onaylı,681.5718,0,2023,8,34
H00009,320.01.0014,IRS23700785,2023-11-01,250,0.25,58.727,1,YERLİ,28.5667,Kısmi teslim,H,,513.9463,90,2023,11,44
H00009,320.01.0014,IRS23700786,2023-08-03,10000,10,69.7635,1,YERLİ,26.7167,Sevk irsaliyesi,H,,26112.3193,0,2023,8,31
H00005,320.01.0002,IRS23700787,2023-09-11,2000,2,38.2112,1,YERLİ,27.3333,Sevk irsaliyesi,E,Şartlı kabul,2795.9449,30,2023,9,37
D00002,320.01.0006,IRS23700789,2023-10-03,1000,1000,43.9173,1,YERLİ,27.95,İthalat dosyası,H,Kalite onaylı,1571.2809,60,2023,10,40
H00015,320.01.0006,IRS23700790,2023-08-25,250,0.25,30.5363,1,YERLİ,26.7167,Mal kabul,E,,285.7417,0,2023,8,34
H00015,320.01.0001,IRS23700791,2023-11-05,120,0.12,31.5155,1,YERLİ,28.5667,Sevk irsaliyesi,H,,132.387,60,2023,11,44
H00012,320.01.0016,IRS23700792,2023-09-16,500,500,23.2174,1,YERLİ,27.3333,İthalat dosyası,E,Kalite onaylı,424.7091,60,2023,9,37
D00007,320.01.0003,IRS23700793,2023-08-05,10000,10000,68.4169,1,İTHAL,26.7167,Numune kabul,E,Kalite onaylı,25608.2899,45,2023,8,31
D00009,320.01.0020,IRS23700794,2023-08-08,1000,1000,190.582,1,YERLİ,26.7167,Mal kabul,H,Kalite onaylı,7133.4409,90,2023,8,32
H00007,320.01.0020,IRS23700795,2023-10-29,1000,1,38.4069,1,YERLİ,27.95,Sevk irsaliyesi,E,Kalite onaylı,1374.1288,90,2023,10,43
D00001,320.01.0032,IRS23700797,2023-08-21,5000,5000,28.2976,1,YERLİ,26.7167,Sevk irsaliyesi,H,Kalite onaylı,5295.8636,60,2023,8,34
D00005,320.01.0003,IRS23700798,2023-08-10,500,500,204.4802,1,İTHAL,26.7167,Kısmi teslim,E,,3826.8237,90,2023,8,32
D00008,320.01.0003,IRS23700799,2023-10-23,120,120,269.1101,1,İTHAL,27.95,Kısmi teslim,H,,1155.3922,60,2023,10,43
D00007,320.01.0001,IRS23700800,2023-09-23,1000,1000,66.5166,1,YERLİ,27.3333,Numune kabul,E,Şartlı kabul,2433.5371,60,2023,9,38
H00013,320.01.0001,IRS23700801,2023-08-19,10000,10000,82.6546,1,YERLİ,26.7167,Sevk irsaliyesi,E,,30937.4286,45,2023,8,33
D00004,320.01.0001,IRS23700802,2023-08-24,10000,10000,56.5497,1,YERLİ,26.7167,Kısmi teslim,E,,21166.424,30,2023,8,34
D00010,320.01.0007,IRS23700803,2023-08-15,120,120,162.0036,1,YERLİ,26.7167,İthalat dosyası,H,,727.6509,30,2023,8,33
D00001,320.01.0007,IRS23700804,2023-08-19,10000,10000,28.1126,1,YERLİ,26.7167,Numune kabul,H,Şartlı kabul,10522.4822,30,2023,8,33
D00006,320.01.0007,IRS23700805,2023-09-08,10000,10000,245.0346,1,YERLİ,27.3333,Numune kabul,H,Kalite onaylı,89646.9142,45,2023,9,36
H00006,320.01.0009,IRS23700806,2023-08-17,500,0.5,90.7585,1,YERLİ,26.7167,Numune kabul,H,Kalite onaylı,1698.535,45,2023,8,33
H00016,320.01.0009,IRS23700807,2023-08-19,250,250,63.8077,1,YERLİ,26.7167,Kısmi teslim,E,Kalite onaylı,597.0769,0,2023,8,33
D00003,320.01.0009,IRS23700808,2023-08-18,10000,10000,245.3876,1,YERLİ,26.7167,Kısmi teslim,H,Kalite onaylı,91848.0202,60,2023,8,33
H00006,320.01.0005,IRS23700809,2023-09-11,500,0.5,87.3523,1,YERLİ,27.3333,Kısmi teslim,E,Kalite onaylı,1597.9099,60,2023,9,37
D00006,320.01.0007,IRS23700810,2023-10-11,120,120,240.2795,1,YERLİ,27.95,Kısmi teslim,E,Şartlı kabul,1031.6114,45,2023,10,41
H00001,320.01.0011,IRS23700811,2023-08-22,10000,10,41.1357,1,YERLİ,26.7167,Sevk irsaliyesi,H,Şartlı kabul,15396.9989,60,2023,8,34
H00004,320.01.0011,IRS23700812,2023-08-11,10000,10,56.5262,1,YERLİ,26.7167,Mal kabul,E,Şartlı kabul,21157.628,30,2023,8,32
D00002,320.01.0001,IRS23700813,2023-09-13,500,500,52.9108,1,YERLİ,27.3333,Numune kabul,E,,967.8817,45,2023,9,37
D00006,320.01.0001,IRS23700814,2023-08-11,10000,10000,273.9798,1,YERLİ,26.7167,Numune kabul,H,Kalite onaylı,102550.0155,60,2023,8,32
D00010,320.01.0008,IRS23700815,2023-11-09,2000,2000,166.907,1,YERLİ,28.5667,İthalat dosyası,H,,11685.4239,90,2023,11,45
D00003,320.01.0051,IRS23700816,2023-08-26,5000,5000,225.398,1,YERLİ,26.7167,İthalat dosyası,E,Kalite onaylı,42182.9792,60,2023,8,34
H00013,320.01.0002,IRS23700817,2023-08-20,120,120,76.0708,1,YERLİ,26.7167,İthalat dosyası,E,,341.6775,90,2023,8,33
D00004,320.01.0033,IRS23700818,2023-08-30,250,250,52.4802,1,YERLİ,26.7167,Sevk irsaliyesi,E,Kalite onaylı,491.0805,0,2023,8,35
H00007,320.01.0033,IRS23700819,2023-08-22,250,0.25,32.8314,1,YERLİ,26.7167,Kısmi teslim,H,Şartlı kabul,307.218,30,2023,8,34
D00010,320.01.0033,IRS23700820,2023-08-29,1000,1000,159.1796,1,YERLİ,26.7167,İthalat dosyası,H,Kalite onaylı,5958.0562,0,2023,8,35
D00011,320.01.0012,IRS23700821,2023-09-14,10000,10000,7.2671,1,YERLİ,27.3333,Mal kabul,H,Şartlı kabul,2658.6984,90,2023,9,37
D00001,320.01.0012,IRS23700822,2023-09-08,1000,1000,27.985,1,YERLİ,27.3333,Numune kabul,E,Kalite onaylı,1023.8427,60,2023,9,36
H00012,320.01.0009,IRS23700823,2023-08-29,1000,1000,27.8854,1,YERLİ,26.7167,Mal kabul,E,,1043.7442,30,2023,8,35
D00010,320.01.0009,IRS23700824,2023-08-12,10000,10000,166.795,1,YERLİ,26.7167,Kısmi teslim,E,Şartlı kabul,62430.9889,0,2023,8,32
H00001,320.01.0009,IRS23700825,2023-09-22,1000,1,45.6824,1,YERLİ,27.3333,Mal kabul,E,Kalite onaylı,1671.3094,0,2023,9,38
D00012,320.01.0011,IRS23700826,2023-09-18,5000,5000,118.4116,1,YERLİ,27.3333,Kısmi teslim,E,Şartlı kabul,21660.685,45,2023,9,38
H00004,320.01.0011,IRS23700827,2023-08-29,2000,2,52.0076,1,YERLİ,26.7167,Sevk irsaliyesi,E,Şartlı kabul,3893.2653,60,2023,8,35
H00016,320.01.0011,IRS23700828,2023-11-04,2000,2000,74.1066,1,YERLİ,28.5667,İthalat dosyası,E,Kalite onaylı,5188.3207,0,2023,11,44
H00008,320.01.0003,IRS23700829,2023-09-24,250,0.25,49.1248,1,İTHAL,27.3333,Kısmi teslim,E,Şartlı kabul,449.3127,0,2023,9,38
D00004,320.01.0030,IRS23700830,2023-09-21,1000,1000,57.4167,1,YERLİ,27.3333,Sevk irsaliyesi,E,Kalite onaylı,2100.6135,90,2023,9,38
H00005,320.01.0027,IRS23700831,2023-09-23,120,0.12,39.5195,1,YERLİ,27.3333,Sevk irsaliyesi,H,Kalite onaylı,173.5005,90,2023,9,38
H00005,320.01.0027,IRS23700832,2023-09-10,500,0.5,48.9012,1,YERLİ,27.3333,Kısmi teslim,H,Şartlı kabul,894.5352,30,2023,9,36
H00006,320.01.0010,IRS23700834,2023-08-27,500,0.5,93.6861,1,YERLİ,26.7167,Sevk irsaliyesi,H,,1753.3247,30,2023,8,34
H00004,320.01.0010,IRS23700835,2023-10-05,250,0.25,60.9059,1,YERLİ,27.95,Sevk irsaliyesi,E,Kalite onaylı,544.7755,30,2023,10,40
H00014,320.01.0013,IRS23700836,2023-09-19,10000,10,29.6807,1,YERLİ,27.3333,Mal kabul,E,Şartlı kabul,10858.8059,45,2023,9,38
D00006,320.01.0030,IRS23700837,2023-08-26,60,60,255.2572,1,YERLİ,26.7167,Numune kabul,H,Şartlı kabul,573.2531,60,2023,8,34
H00002,320.01.0030,IRS23700838,2023-10-12,10000,10,16.8177,1,YERLİ,27.95,İthalat dosyası,H,Şartlı kabul,6017.0662,45,2023,10,41
D00012,320.01.0017,IRS23700839,2023-09-18,500,500,116.9279,1,YERLİ,27.3333,İthalat dosyası,E,Şartlı kabul,2138.9276,45,2023,9,38
H00006,320.01.0017,IRS23700840,2023-11-14,10000,10,85.4884,1,YERLİ,28.5667,Mal kabul,H,Şartlı kabul,29925.8927,90,2023,11,46
H00010,320.01.0017,IRS23700841,2023-09-19,5000,5,20.0528,1,YERLİ,27.3333,Sevk irsaliyesi,E,,3668.1996,0,2023,9,38
D00001,320.01.0009,IRS23700843,2023-11-14,120,120,26.9233,1,YERLİ,28.5667,Mal kabul,H,Kalite onaylı,113.0966,45,2023,11,46
D00007,320.01.0003,IRS23700844,2023-08-30,5000,5000,63.1032,1,İTHAL,26.7167,Kısmi teslim,H,Kalite onaylı,11809.6921,90,2023,8,35
H00002,320.01.0003,IRS23700845,2023-08-20,250,0.25,16.1123,1,İTHAL,26.7167,Sevk irsaliyesi,H,Kalite onaylı,150.7699,60,2023,8,33
H00008,320.01.0037,IRS23700846,2023-11-10,250,0.25,44.7039,1,İTHAL,28.5667,Kısmi teslim,E,Şartlı kabul,391.2239,90,2023,11,45
H00004,320.01.0037,IRS23700847,2023-09-18,5000,5,53.1542,1,İTHAL,27.3333,Mal kabul,E,Şartlı kabul,9723.3411,45,2023,9,38
H00015,320.01.0005,IRS23700848,2023-10-07,250,0.25,29.2115,1,YERLİ,27.95,Kısmi teslim,H,Şartlı kabul,261.2835,60,2023,10,40
D00007,320.01.0005,IRS23700849,2023-10-14,5000,5000,70.9626,1,YERLİ,27.95,İthalat dosyası,H,,12694.5617,30,2023,10,41
D00011,320.01.0005,IRS23700850,2023-10-18,5000,5000,8.1978,1,YERLİ,27.95,Sevk irsaliyesi,E,Şartlı kabul,1466.5116,60,2023,10,42
D00011,320.01.0019,IRS23700851,2023-08-30,5000,5000,8.4092,1,YERLİ,26.7167,Sevk irsaliyesi,E,Şartlı kabul,1573.7722,45,2023,8,35
D00006,320.01.0019,IRS23700852,2023-09-04,2000,2000,257.2672,1,YERLİ,27.3333,İthalat dosyası,E,Kalite onaylı,18824.4522,90,2023,9,36
D00001,320.01.0012,IRS23700853,2023-08-18,250,250,27.594,1,YERLİ,26.7167,İthalat dosyası,E,Kalite onaylı,258.2093,30,2023,8,33
D00010,320.01.0042,IRS23700854,2023-08-24,500,500,168.3605,1,YERLİ,26.7167,Kısmi teslim,E,,3150.8476,60,2023,8,34
H00015,320.01.0042,IRS23700855,2023-08-26,5000,5,34.8488,1,YERLİ,26.7167,Mal kabul,H,Şartlı kabul,6521.9133,60,2023,8,34
H00008,320.01.0005,IRS23700856,2023-09-22,2000,2,55.9457,1,YERLİ,27.3333,İthalat dosyası,H,,4093.5928,90,2023,9,38
H00012,320.01.0005,IRS23700857,2023-09-21,1000,1000,26.1375,1,YERLİ,27.3333,İthalat dosyası,E,Kalite onaylı,956.2512,90,2023,9,38
D00002,320.01.0018,IRS23700858,2023-09-21,500,500,53.3287,1,YERLİ,27.3333,Mal kabul,E,Şartlı kabul,975.5262,90,2023,9,38
D00008,320.01.0018,IRS23700859,2023-10-04,2500,2500,245.2625,1,YERLİ,27.95,Numune kabul,E,Şartlı kabul,21937.6118,90,2023,10,40
H00008,320.01.0009,IRS23700860,2023-09-25,500,0.5,55.6165,1,YERLİ,27.3333,Numune kabul,E,Kalite onaylı,1017.3762,90,2023,9,39
H00010,320.01.0042,IRS23700862,2023-09-01,250,0.25,17.2612,1,YERLİ,27.3333,Mal kabul,E,Kalite onaylı,157.877,90,2023,9,35
H00001,320.01.0001,IRS23700863,2023-09-26,1000,1,44.627,1,YERLİ,27.3333,Numune kabul,H,Kalite onaylı,1632.6971,90,2023,9,39
D00009,320.01.0028,IRS23700864,2023-11-26,10000,10000,216.538,1,YERLİ,28.5667,Sevk irsaliyesi,E,,75800.845,0,2023,11,47
H00005,320.01.0001,IRS23700865,2023-10-26,10000,10,48.8054,1,YERLİ,27.95,Sevk irsaliyesi,E,Kalite onaylı,17461.6816,60,2023,10,43
H00004,320.01.0003,IRS23700866,2023-11-12,2500,2.5,52.187,1,İTHAL,28.5667,İthalat dosyası,H,,4567.1184,30,2023,11,45
H00016,320.01.0003,IRS23700867,2023-09-28,1000,1000,62.8788,1,İTHAL,27.3333,İthalat dosyası,E,Kalite onaylı,2300.4467,45,2023,9,39
H00014,320.01.0004,IRS23700869,2023-09-15,120,0.12,30.3056,1,YERLİ,27.3333,İthalat dosyası,H,,133.0491,45,2023,9,37
H00014,320.01.0004,IRS23700870,2023-10-03,5000,5,29.5232,1,YERLİ,27.95,Sevk irsaliyesi,E,,5281.4311,45,2023,10,40
D00009,320.01.0015,IRS23700871,2023-09-05,10000,10000,187.44,1,YERLİ,27.3333,Sevk irsaliyesi,E,,68575.6934,30,2023,9,36
H00001,320.01.0015,IRS23700872,2023-11-18,10000,10,45.5701,1,YERLİ,28.5667,Kısmi teslim,E,,15952.1751,45,2023,11,46
H00002,320.01.0015,IRS23700873,2023-10-27,5000,5,17.7655,1,YERLİ,27.95,Mal kabul,H,Kalite onaylı,3178.0859,90,2023,10,43
D00008,320.01.0002,IRS23700874,2023-09-11,250,250,265.6732,1,YERLİ,27.3333,Mal kabul,E,,2429.9408,90,2023,9,37
H00002,320.01.0002,IRS23700875,2023-09-28,120,0.12,16.6754,1,YERLİ,27.3333,Mal kabul,E,,73.2092,0,2023,9,39
H00007,320.01.0027,IRS23700876,2023-08-29,250,0.25,36.9817,1,YERLİ,26.7167,Kısmi teslim,E,,346.0542,30,2023,8,35
D00008,320.01.0027,IRS23700877,2023-09-08,1000,1000,245.423,1,YERLİ,27.3333,Kısmi teslim,H,Kalite onaylı,8978.9012,45,2023,9,36
D00012,320.01.0004,IRS23700878,2023-10-26,2000,2000,94.8548,1,YERLİ,27.95,Numune kabul,E,Kalite onaylı,6787.4633,90,2023,10,43
D00012,320.01.0005,IRS23700879,2023-10-19,120,120,109.8494,1,YERLİ,27.95,Numune kabul,E,,471.6253,0,2023,10,42
D00005,320.01.0005,IRS23700880,2023-10-17,10000,10000,218.8135,1,YERLİ,27.95,İthalat dosyası,H,Kalite onaylı,78287.4776,90,2023,10,42
D00011,320.01.0054,IRS23700881,2023-09-20,2000,2000,8.0039,1,YERLİ,27.3333,İthalat dosyası,E,Şartlı kabul,585.6519,0,2023,9,38
H00003,320.01.0054,IRS23700882,2023-09-29,500,0.5,61.2388,1,YERLİ,27.3333,Mal kabul,H,,1120.2233,30,2023,9,39
H00007,320.01.0019,IRS23700883,2023-09-04,2000,2,39.8899,1,YERLİ,27.3333,Mal kabul,E,,2918.7767,90,2023,9,36
D00012,320.01.0004,IRS23700884,2023-08-31,10000,10000,109.9652,1,YERLİ,26.7167,Numune kabul,H,,41159.7241,45,2023,8,35
H00010,320.01.0004,IRS23700885,2023-10-10,5000,5,19.0375,1,YERLİ,27.95,Mal kabul,H,Şartlı kabul,3405.6351,0,2023,10,41
D00012,320.01.0008,IRS23700886,2023-10-01,10000,10000,105.6294,1,YERLİ,27.95,Kısmi teslim,E,,37792.2719,90,2023,10,39
H00003,320.01.0030,IRS23700887,2023-10-19,10000,10,63.7429,1,YERLİ,27.95,Kısmi teslim,H,Kalite onaylı,22806.0465,60,2023,10,42
H00013,320.01.0030,IRS23700888,2023-09-13,1000,1000,66.766,1,YERLİ,27.3333,Mal kabul,E,Şartlı kabul,2442.6615,45,2023,9,37
D00012,320.01.0020,IRS23700889,2023-11-27,120,120,103.3725,1,YERLİ,28.5667,Numune kabul,E,Şartlı kabul,434.2364,45,2023,11,48
D00012,320.01.0036,IRS23700890,2023-11-22,500,500,103.7311,1,YERLİ,28.5667,Sevk irsaliyesi,H,,1815.5947,45,2023,11,47
H00005,320.01.0036,IRS23700891,2023-11-02,1000,1,44.9998,1,YERLİ,28.5667,Kısmi teslim,E,,1575.2537,90,2023,11,44
D00005,320.01.0036,IRS23700892,2023-10-26,5000,5000,208.4417,1,YERLİ,27.95,Sevk irsaliyesi,E,,37288.3184,0,2023,10,43
H00014,320.01.0007,IRS23700893,2023-09-17,1000,1,25.6096,1,YERLİ,27.3333,Numune kabul,E,,936.9377,90,2023,9,37
D00012,320.01.0010,IRS23700894,2023-09-27,250,250,102.1561,1,YERLİ,27.3333,Kısmi teslim,H,,934.3557,45,2023,9,39
H00007,320.01.0010,IRS23700895,2023-09-26,10000,10,35.6762,1,YERLİ,27.3333,Kısmi teslim,E,Şartlı kabul,13052.2842,30,2023,9,39
D00008,320.01.0005,IRS23700896,2023-09-24,5000,5000,276.9543,1,YERLİ,27.3333,Numune kabul,E,,50662.4337,30,2023,9,38
H00007,320.01.0005,IRS23700897,2023-09-11,1000,1,36.3026,1,YERLİ,27.3333,Sevk irsaliyesi,E,Şartlı kabul,1328.1455,30,2023,9,37
D00003,320.01.0005,IRS23700898,2023-09-19,10000,10000,250.1119,1,YERLİ,27.3333,Sevk irsaliyesi,H,,91504.4652,30,2023,9,38
H00005,320.01.0002,IRS23700899,2023-10-01,2000,2,48.8221,1,YERLİ,27.95,Numune kabul,H,Şartlı kabul,3493.5313,0,2023,10,39
H00012,320.01.0002,IRS23700900,2023-11-22,5000,5000,25.9235,1,YERLİ,28.5667,İthalat dosyası,E,Kalite onaylı,4537.3634,30,2023,11,47
H00014,320.01.0047,IRS23700901,2023-11-02,10000,10,30.0103,1,YERLİ,28.5667,İthalat dosyası,H,Kalite onaylı,10505.3436,0,2023,11,44
H00016,320.01.0047,IRS23700902,2023-09-19,500,500,70.47,1,YERLİ,27.3333,Sevk irsaliyesi,E,Şartlı kabul,1289.0869,90,2023,9,38
H00013,320.01.0029,IRS23700903,2023-09-13,500,500,76.8385,1,YERLİ,27.3333,Sevk irsaliyesi,E,,1405.584,45,2023,9,37
D00008,320.01.0029,IRS23700904,2023-10-29,5000,5000,221.2747,1,YERLİ,27.95,İthalat dosyası,E,Kalite onaylı,39584.025,90,2023,10,43
H00014,320.01.0029,IRS23700905,2023-10-21,250,0.25,29.12,1,YERLİ,27.95,Numune kabul,E,Şartlı kabul,260.4651,45,2023,10,42
H00006,320.01.0026,IRS23700906,2023-10-29,5000,5,77.8355,1,YERLİ,27.95,İthalat dosyası,H,,13924.0608,90,2023,10,43
D00003,320.01.0002,IRS23700907,2023-08-31,10000,10000,221.029,1,YERLİ,26.7167,Sevk irsaliyesi,H,,82730.6516,90,2023,8,35
D00003,320.01.0040,IRS23700908,2023-10-14,250,250,259.7498,1,YERLİ,27.95,Numune kabul,H,Kalite onaylı,2323.3435,45,2023,10,41
D00008,320.01.0040,IRS23700909,2023-10-07,2000,2000,279.0682,1,YERLİ,27.95,Numune kabul,H,Şartlı kabul,19969.102,45,2023,10,40
H00010,320.01.0040,IRS23700910,2023-10-28,5000,5,19.7453,1,YERLİ,27.95,Sevk irsaliyesi,E,Şartlı kabul,3532.254,90,2023,10,43
D00011,320.01.0005,IRS23700911,2023-10-20,1000,1000,8.1184,1,YERLİ,27.95,Sevk irsaliyesi,E,Şartlı kabul,290.4615,30,2023,10,42
D00002,320.01.0005,IRS23700913,2023-09-21,250,250,49.447,1,YERLİ,27.3333,Numune kabul,E,,452.2597,30,2023,9,38
H00003,320.01.0005,IRS23700914,2023-11-05,60,0.06,63.5693,1,YERLİ,28.5667,Mal kabul,E,Kalite onaylı,133.5176,60,2023,11,44
H00001,320.01.0005,IRS23700915,2023-10-02,1000,1,37.5586,1,YERLİ,27.95,Kısmi teslim,E,,1343.7782,0,2023,10,40
H00015,320.01.0037,IRS23700916,2023-09-26,2000,2,34.5956,1,İTHAL,27.3333,Numune kabul,H,,2531.3885,90,2023,9,39
H00014,320.01.0037,IRS23700917,2023-09-18,5000,5,27.4937,1,İTHAL,27.3333,Kısmi teslim,H,Kalite onaylı,5029.3415,30,2023,9,38
D00007,320.01.0037,IRS23700918,2023-09-22,10000,10000,62.5811,1,İTHAL,27.3333,İthalat dosyası,E,Şartlı kabul,22895.5523,30,2023,9,38
H00013,320.01.0001,IRS23700919,2023-09-28,10000,10000,85.0219,1,YERLİ,27.3333,Sevk irsaliyesi,E,,31105.6111,0,2023,9,39
H00011,320.01.0001,IRS23700920,2023-09-21,500,0.5,31.6746,1,YERLİ,27.3333,Mal kabul,H,Şartlı kabul,579.4141,90,2023,9,38
H00008,320.01.0007,IRS23700921,2023-12-02,10000,10,53.9671,1,YERLİ,29.1833,İthalat dosyası,H,Şartlı kabul,18492.4597,45,2023,12,48
D00010,320.01.0004,IRS23700922,2023-09-22,1000,1000,153.0523,1,YERLİ,27.3333,Kısmi teslim,H,Kalite onaylı,5599.4812,45,2023,9,38
H00005,320.01.0005,IRS23700923,2023-10-10,500,0.5,40.9121,1,YERLİ,27.95,Mal kabul,H,Kalite onaylı,731.8801,60,2023,10,41
H00015,320.01.0005,IRS23700924,2023-10-27,5000,5,31.5291,1,YERLİ,27.95,İthalat dosyası,H,Kalite onaylı,5640.2683,60,2023,10,43
H00015,320.01.0022,IRS23700925,2023-10-15,1000,1,35.1908,1,YERLİ,27.95,Kısmi teslim,H,,1259.0626,0,2023,10,41
D00001,320.01.0022,IRS23700926,2023-11-28,500,500,29.6348,1,YERLİ,28.5667,İthalat dosyası,H,,518.6948,30,2023,11,48
H00002,320.01.0013,IRS23700927,2023-10-01,120,0.12,16.0199,1,YERLİ,27.95,Numune kabul,E,Şartlı kabul,68.7795,30,2023,10,39
D00001,320.01.0013,IRS23700928,2023-09-13,120,120,29.3987,1,YERLİ,27.3333,İthalat dosyası,E,,129.0676,60,2023,9,37
D00005,320.01.0013,IRS23700929,2023-09-21,1000,1000,235.1837,1,YERLİ,27.3333,Kısmi teslim,E,Şartlı kabul,8604.2922,90,2023,9,38
H00009,320.01.0034,IRS23700930,2023-12-08,120,0.12,69.7431,1,YERLİ,29.1833,Sevk irsaliyesi,E,Kalite onaylı,286.7795,0,2023,12,49
H00007,320.01.0034,IRS23700931,2023-09-18,1000,1,39.2988,1,YERLİ,27.3333,Kısmi teslim,H,Şartlı kabul,1437.7627,60,2023,9,38
D00004,320.01.0001,IRS23700932,2023-10-28,250,250,56.8413,1,YERLİ,27.95,Mal kabul,H,,508.4195,0,2023,10,43
H00015,320.01.0031,IRS23700933,2023-11-05,120,0.12,29.9978,1,YERLİ,28.5667,Numune kabul,H,Şartlı kabul,126.0116,0,2023,11,44
H00003,320.01.0007,IRS23700934,2023-09-24,1000,1,56.2152,1,YERLİ,27.3333,Kısmi teslim,H,Şartlı kabul,2056.6562,0,2023,9,38
H00009,320.01.0007,IRS23700935,2023-12-11,500,0.5,60.6841,1,YERLİ,29.1833,Numune kabul,E,Kalite onaylı,1039.7059,90,2023,12,50
D00001,320.01.0007,IRS23700936,2023-11-03,2000,2000,29.6887,1,YERLİ,28.5667,Sevk irsaliyesi,H,Kalite onaylı,2078.553,90,2023,11,44
H00011,320.01.0024,IRS23700937,2023-10-03,2000,2,33.3098,1,YERLİ,27.95,İthalat dosyası,E,Şartlı kabul,2383.5277,60,2023,10,40
H00006,320.01.0024,IRS23700938,2023-09-14,120,0.12,92.66,1,YERLİ,27.3333,Sevk irsaliyesi,H,Şartlı kabul,406.8005,60,2023,9,37
H00010,320.01.0050,IRS23700939,2023-10-20,250,0.25,20.9084,1,YERLİ,27.95,İthalat dosyası,H,,187.0161,0,2023,10,42
H00015,320.01.0009,IRS23700940,2023-10-01,250,0.25,36.8607,1,YERLİ,27.95,İthalat dosyası,H,Şartlı kabul,329.7021,30,2023,10,39
D00002,320.01.0009,IRS23700941,2023-09-23,250,250,44.923,1,YERLİ,27.3333,Numune kabul,E,Şartlı kabul,410.8816,30,2023,9,38
H00013,320.01.0009,IRS23700942,2023-09-22,500,500,77.4917,1,YERLİ,27.3333,Kısmi teslim,E,Kalite onaylı,1417.5328,90,2023,9,38
D00003,320.01.0026,IRS23700943,2023-09-30,10000,10000,234.3393,1,YERLİ,27.3333,Kısmi teslim,E,Şartlı kabul,85733.9948,0,2023,9,39
D00009,320.01.0009,IRS23700944,2023-10-02,120,120,197.1894,1,YERLİ,27.95,Mal kabul,H,Şartlı kabul,846.6092,90,2023,10,40
D00004,320.01.0009,IRS23700945,2023-12-04,250,250,64.7275,1,YERLİ,29.1833,Kısmi teslim,E,Şartlı kabul,554.4909,90,2023,12,49
H00001,320.01.0002,IRS23700946,2023-09-17,500,0.5,39.3075,1,YERLİ,27.3333,Mal kabul,H,,719.0405,45,2023,9,37
H00006,320.01.0028,IRS23700948,2023-09-26,120,0.12,90.5045,1,YERLİ,27.3333,Numune kabul,E,,397.3373,60,2023,9,39
H00001,320.01.0031,IRS23700949,2023-09-26,250,0.25,43.0819,1,YERLİ,27.3333,Sevk irsaliyesi,E,Kalite onaylı,394.0422,45,2023,9,39
H00005,320.01.0008,IRS23700950,2023-10-25,120,0.12,41.5813,1,YERLİ,27.95,Mal kabul,H,Şartlı kabul,178.5244,30,2023,10,43
H00010,320.01.0050,IRS23700951,2023-09-24,1000,1,20.684,1,YERLİ,27.3333,Mal kabul,H,Şartlı kabul,756.7326,45,2023,9,38
D00003,320.01.0002,IRS23700953,2023-10-18,5000,5000,235.3841,1,YERLİ,27.95,Sevk irsaliyesi,H,,42108.068,60,2023,10,42
D00011,320.01.0048,IRS23700954,2023-11-06,120,120,7.6702,1,YERLİ,28.5667,Sevk irsaliyesi,H,,32.2202,30,2023,11,45
H00009,320.01.0048,IRS23700955,2023-09-21,250,0.25,59.2537,1,YERLİ,27.3333,Numune kabul,H,Kalite onaylı,541.9552,45,2023,9,38
D00010,320.01.0040,IRS23700956,2023-12-10,10000,10000,153.7472,1,YERLİ,29.1833,Kısmi teslim,H,Şartlı kabul,52683.2812,30,2023,12,49
H00003,320.01.0040,IRS23700957,2023-11-05,5000,5,65.8192,1,YERLİ,28.5667,Mal kabul,E,,11520.2666,60,2023,11,44
H00011,320.01.0018,IRS23700958,2023-09-30,10000,10,31.748,1,YERLİ,27.3333,Kısmi teslim,H,,11615.1361,90,2023,9,39
H00008,320.01.0018,IRS23700959,2023-10-06,5000,5,57.5681,1,YERLİ,27.95,İthalat dosyası,H,Şartlı kabul,10298.4079,30,2023,10,40
D00007,320.01.0018,IRS23700960,2023-09-22,10000,10000,67.1792,1,YERLİ,27.3333,İthalat dosyası,H,Kalite onaylı,24577.7861,45,2023,9,38
D00006,320.01.0007,IRS23700961,2023-09-28,2000,2000,251.5413,1,YERLİ,27.3333,Numune kabul,H,,18405.4834,90,2023,9,39
D00001,320.01.0007,IRS23700962,2023-10-10,250,250,30.6997,1,YERLİ,27.95,Kısmi teslim,H,Kalite onaylı,274.5948,60,2023,10,41
D00010,320.01.0001,IRS23700963,2023-12-18,10000,10000,182.3777,1,YERLİ,29.1833,Numune kabul,H,,62493.8578,0,2023,12,51
H00016,320.01.0001,IRS23700964,2023-11-07,5000,5000,65.4952,1,YERLİ,28.5667,Mal kabul,E,Kalite onaylı,11463.5572,60,2023,11,45
D00009,320.01.0001,IRS23700965,2023-10-09,2000,2000,193.8047,1,YERLİ,27.95,İthalat dosyası,H,Şartlı kabul,13867.9571,60,2023,10,41
H00014,320.01.0002,IRS23700966,2023-10-28,250,0.25,28.851,1,YERLİ,27.95,Mal kabul,E,Şartlı kabul,258.059,0,2023,10,43
H00016,320.01.0002,IRS23700967,2023-09-25,500,500,61.8098,1,YERLİ,27.3333,Numune kabul,H,,1130.6685,60,2023,9,39
H00003,320.01.0005,IRS23700968,2023-11-06,250,0.25,64.1354,1,YERLİ,28.5667,Kısmi teslim,E,,561.2776,90,2023,11,45
H00004,320.01.0003,IRS23700969,2023-10-05,5000,5,65.9328,1,İTHAL,27.95,İthalat dosyası,E,Şartlı kabul,11794.7764,30,2023,10,40
D00010,320.01.0021,IRS23700970,2023-09-30,10000,10000,169.0863,1,YERLİ,27.3333,İthalat dosyası,H,Şartlı kabul,61860.9169,45,2023,9,39
H00010,320.01.0019,IRS23700971,2023-10-26,250,0.25,18.9042,1,YERLİ,27.95,Kısmi teslim,E,,169.0894,90,2023,10,43
D00010,320.01.0019,IRS23700972,2023-10-12,10000,10000,167.1336,1,YERLİ,27.95,Mal kabul,E,Şartlı kabul,59797.3524,30,2023,10,41
D00009,320.01.0019,IRS23700973,2023-09-28,5000,5000,224.0091,1,YERLİ,27.3333,Sevk irsaliyesi,H,Şartlı kabul,40977.3244,0,2023,9,39
D00008,320.01.0023,IRS23700974,2023-10-29,2000,2000,233.8696,1,İTHAL,27.95,Kısmi teslim,H,,16734.8551,90,2023,10,43
H00004,320.01.0001,IRS23700975,2023-11-15,250,0.25,65.5472,1,YERLİ,28.5667,Numune kabul,E,Şartlı kabul,573.6329,60,2023,11,46
D00011,320.01.0001,IRS23700976,2023-11-21,5000,5000,7.4184,1,YERLİ,28.5667,Sevk irsaliyesi,E,,1298.4349,45,2023,11,47
H00007,320.01.0003,IRS23700977,2023-12-10,10000,10,36.058,1,İTHAL,29.1833,Sevk irsaliyesi,E,Kalite onaylı,12355.6966,60,2023,12,49
H00014,320.01.0017,IRS23700978,2023-10-30,120,0.12,30.6153,1,YERLİ,27.95,Sevk irsaliyesi,E,,131.4431,90,2023,10,44
H00008,320.01.0017,IRS23700979,2023-10-28,5000,5,46.4689,1,YERLİ,27.95,Mal kabul,H,Şartlı kabul,8312.8623,0,2023,10,43
H00012,320.01.0017,IRS23700980,2023-11-02,250,250,25.2695,1,YERLİ,28.5667,İthalat dosyası,H,Şartlı kabul,221.1447,60,2023,11,44
H00016,320.01.0040,IRS23700981,2023-10-13,5000,5000,76.6927,1,YERLİ,27.95,Kısmi teslim,E,,13719.6243,30,2023,10,41
H00006,320.01.0040,IRS23700982,2023-10-31,2000,2,89.5873,1,YERLİ,27.95,Mal kabul,H,Şartlı kabul,6410.5403,30,2023,10,44
H00006,320.01.0040,IRS23700983,2023-10-11,5000,5,93.4566,1,YERLİ,27.95,Numune kabul,H,,16718.5331,90,2023,10,41
H00011,320.01.0014,IRS23700984,2023-09-30,120,0.12,33.4644,1,YERLİ,27.3333,Numune kabul,E,Şartlı kabul,146.9171,90,2023,9,39
D00009,320.01.0014,IRS23700985,2023-12-16,5000,5000,178.8783,1,YERLİ,29.1833,Kısmi teslim,H,,30647.3737,60,2023,12,50
H00001,320.01.0012,IRS23700986,2023-10-04,120,0.12,44.4217,1,YERLİ,27.95,Sevk irsaliyesi,H,Kalite onaylı,190.7193,45,2023,10,40
D00011,320.01.0012,IRS23700987,2023-10-14,500,500,7.6113,1,YERLİ,27.95,Kısmi teslim,E,,136.1592,30,2023,10,41
D00009,320.01.0033,IRS23700988,2023-11-17,250,250,216.9532,1,YERLİ,28.5667,Sevk irsaliyesi,E,Kalite onaylı,1898.6547,60,2023,11,46
H00016,320.01.0033,IRS23700989,2023-10-07,120,120,69.986,1,YERLİ,27.95,Mal kabul,E,,300.4766,0,2023,10,40
D00009,320.01.0001,IRS23700990,2023-10-31,2000,2000,186.0825,1,YERLİ,27.95,Numune kabul,H,Kalite onaylı,13315.3846,90,2023,10,44
D00003,320.01.0039,IRS23700991,2023-11-23,500,500,255.1406,1,YERLİ,28.5667,İthalat dosyası,H,,4465.6996,30,2023,11,47
H00012,320.01.0041,IRS23700992,2023-09-28,250,250,27.4285,1,İTHAL,27.3333,Mal kabul,E,,250.8707,0,2023,9,39
H00011,320.01.0007,IRS23700993,2023-10-23,250,0.25,27.6613,1,YERLİ,27.95,İthalat dosyası,H,Kalite onaylı,247.4177,60,2023,10,43
D00008,320.01.0004,IRS23700994,2023-12-18,500,500,227.147,1,YERLİ,29.1833,Numune kabul,H,Kalite onaylı,3891.7292,0,2023,12,51
D00009,320.01.0004,IRS23700995,2023-10-05,10000,10000,218.7146,1,YERLİ,27.95,Kısmi teslim,E,Şartlı kabul,78252.093,90,2023,10,40
H00003,320.01.0049,IRS23700996,2023-12-20,120,0.12,60.6621,1,YERLİ,29.1833,Sevk irsaliyesi,H,Şartlı kabul,249.439,0,2023,12,51
H00015,320.01.0049,IRS23700997,2023-11-16,120,0.12,37.0155,1,YERLİ,28.5667,İthalat dosyası,H,,155.4908,45,2023,11,46
H00006,320.01.0049,IRS23700998,2023-10-16,5000,5,96.3672,1,YERLİ,27.95,Kısmi teslim,E,Kalite onaylı,17239.2129,60,2023,10,42
H00010,320.01.0010,IRS23700999,2023-11-21,1000,1,16.9653,1,YERLİ,28.5667,İthalat dosyası,H,,593.8838,60,2023,11,47
H00008,320.01.0010,IRS23701000,2023-10-05,2000,2,51.5631,1,YERLİ,27.95,Kısmi teslim,E,Kalite onaylı,3689.6673,30,2023,10,40
H00011,320.01.0010,IRS23701001,2023-10-13,1000,1,28.1356,1,YERLİ,27.95,Kısmi teslim,E,Şartlı kabul,1006.6404,60,2023,10,41
H00002,320.01.0046,IRS23701002,2023-10-09,1000,1,15.3426,1,YERLİ,27.95,İthalat dosyası,H,Kalite onaylı,548.9302,90,2023,10,41
H00007,320.01.0046,IRS23701003,2023-11-02,10000,10,39.7111,1,YERLİ,28.5667,İthalat dosyası,E,,13901.1856,30,2023,11,44
D00006,320.01.0046,IRS23701004,2023-11-25,5000,5000,238.0954,1,YERLİ,28.5667,Mal kabul,E,,41673.592,45,2023,11,47
D00002,320.01.0013,IRS23701006,2023-10-04,120,120,47.2177,1,YERLİ,27.95,Mal kabul,H,Kalite onaylı,202.7236,45,2023,10,40
D00004,320.01.0013,IRS23701007,2023-10-17,2000,2000,53.6718,1,YERLİ,27.95,İthalat dosyası,H,,3840.5581,60,2023,10,42
D00009,320.01.0005,IRS23701008,2023-11-17,500,500,196.6824,1,YERLİ,28.5667,Kısmi teslim,E,,3442.5117,90,2023,11,46
D00009,320.01.0005,IRS23701009,2023-11-25,120,120,203.9672,1,YERLİ,28.5667,İthalat dosyası,E,Şartlı kabul,856.804,90,2023,11,47
D00003,320.01.0010,IRS23701010,2023-09-30,250,250,274.2874,1,YERLİ,27.3333,Kısmi teslim,E,Kalite onaylı,2508.7293,60,2023,9,39
H00010,320.01.0010,IRS23701011,2023-10-04,5000,5,19.1933,1,YERLİ,27.95,İthalat dosyası,H,Şartlı kabul,3433.5063,0,2023,10,40
D00005,320.01.0010,IRS23701012,2023-10-18,2000,2000,209.3751,1,YERLİ,27.95,Mal kabul,H,Kalite onaylı,14982.1181,0,2023,10,42
D00012,320.01.0003,IRS23701013,2023-10-10,250,250,107.3388,1,İTHAL,27.95,İthalat dosyası,E,Kalite onaylı,960.0966,45,2023,10,41
D00005,320.01.0003,IRS23701014,2023-11-03,500,500,233.4492,1,İTHAL,28.5667,Kısmi teslim,E,Şartlı kabul,4086.0372,45,2023,11,44
H00001,320.01.0001,IRS23701015,2023-10-09,1000,1,39.5513,1,YERLİ,27.95,Numune kabul,E,Kalite onaylı,1415.0733,0,2023,10,41
D00006,320.01.0001,IRS23701016,2023-10-10,250,250,281.6526,1,YERLİ,27.95,Numune kabul,E,,2519.254,90,2023,10,41
H00005,320.01.0010,IRS23701017,2023-12-25,120,0.12,45.5493,1,YERLİ,29.1833,Numune kabul,H,Şartlı kabul,187.296,0,2023,12,52
H00009,320.01.0002,IRS23701019,2023-11-26,120,0.12,66.0251,1,YERLİ,28.5667,Kısmi teslim,E,Kalite onaylı,277.3513,45,2023,11,47
H00015,320.01.0036,IRS23701020,2023-11-22,250,0.25,31.274,1,YERLİ,28.5667,Sevk irsaliyesi,E,,273.6928,60,2023,11,47
D00012,320.01.0036,IRS23701021,2023-10-14,5000,5000,121.2061,1,YERLİ,27.95,Numune kabul,E,Kalite onaylı,21682.6655,90,2023,10,41
D00004,320.01.0005,IRS23701022,2023-10-05,500,500,59.7418,1,YERLİ,27.95,Mal kabul,E,Şartlı kabul,1068.7263,0,2023,10,40
D00010,320.01.0004,IRS23701024,2023-11-03,120,120,188.1891,1,YERLİ,28.5667,Sevk irsaliyesi,H,Kalite onaylı,790.5251,45,2023,11,44
H00011,320.01.0007,IRS23701025,2023-10-10,120,0.12,32.3447,1,YERLİ,27.95,Numune kabul,E,Kalite onaylı,138.8681,45,2023,10,41
H00008,320.01.0037,IRS23701026,2023-12-06,1000,1,48.4984,1,İTHAL,29.1833,İthalat dosyası,H,,1661.8546,60,2023,12,49
H00006,320.01.0037,IRS23701027,2023-10-22,5000,5,89.0345,1,İTHAL,27.95,Sevk irsaliyesi,E,Kalite onaylı,15927.4597,60,2023,10,42
H00006,320.01.0003,IRS23701028,2023-12-03,2000,2,79.1787,1,İTHAL,29.1833,Numune kabul,H,Kalite onaylı,5426.302,30,2023,12,48
D00010,320.01.0003,IRS23701029,2023-10-15,5000,5000,161.9499,1,İTHAL,27.95,Kısmi teslim,E,,28971.3596,30,2023,10,41
D00012,320.01.0021,IRS23701030,2023-10-27,2000,2000,106.0746,1,YERLİ,27.95,Mal kabul,H,Şartlı kabul,7590.3113,90,2023,10,43
H00012,320.01.0021,IRS23701031,2023-11-18,120,120,25.7851,1,YERLİ,28.5667,İthalat dosyası,H,Kalite onaylı,108.3153,90,2023,11,46
H00008,320.01.0021,IRS23701032,2023-10-04,10000,10,56.2392,1,YERLİ,27.95,Numune kabul,H,,20121.3596,0,2023,10,40
H00010,320.01.0017,IRS23701033,2023-11-28,5000,5,19.525,1,YERLİ,28.5667,Kısmi teslim,H,Kalite onaylı,3417.4406,30,2023,11,48
H00003,320.01.0005,IRS23701035,2023-10-15,5000,5,66.3067,1,YERLİ,27.95,İthalat dosyası,E,,11861.6637,60,2023,10,41
H00012,320.01.0002,IRS23701036,2023-10-28,120,120,25.0287,1,YERLİ,27.95,Kısmi teslim,E,,107.4577,0,2023,10,43
D00006,320.01.0002,IRS23701037,2023-11-14,10000,10000,283.8927,1,YERLİ,28.5667,Mal kabul,E,,99378.8922,90,2023,11,46
H00008,320.01.0002,IRS23701038,2023-10-14,250,0.25,49.6942,1,YERLİ,27.95,İthalat dosyası,E,,444.4919,45,2023,10,41
H00010,320.01.0017,IRS23701039,2023-11-25,10000,10,20.6722,1,YERLİ,28.5667,İthalat dosyası,E,Kalite onaylı,7236.4676,30,2023,11,47
H00015,320.01.0017,IRS23701040,2023-10-25,5000,5,37.0367,1,YERLİ,27.95,Mal kabul,H,Kalite onaylı,6625.5277,90,2023,10,43
H00007,320.01.0017,IRS23701041,2023-10-12,60,0.06,34.8307,1,YERLİ,27.95,Kısmi teslim,E,,74.7707,90,2023,10,41
H00006,320.01.0008,IRS23701042,2023-12-07,500,0.5,88.3889,1,YERLİ,29.1833,Numune kabul,E,Şartlı kabul,1514.3747,60,2023,12,49
D00009,320.01.0008,IRS23701043,2023-10-22,5000,5000,203.8852,1,YERLİ,27.95,Numune kabul,E,,36473.2021,90,2023,10,42
D00008,320.01.0013,IRS23701045,2023-10-21,1000,1000,265.4082,1,YERLİ,27.95,Kısmi teslim,H,,9495.8211,0,2023,10,42
H00005,320.01.0013,IRS23701046,2023-11-02,250,0.25,44.4867,1,YERLİ,28.5667,Numune kabul,E,,389.3231,0,2023,11,44
H00008,320.01.0013,IRS23701047,2023-12-13,10000,10,46.9591,1,YERLİ,29.1833,Mal kabul,H,,16091.0863,90,2023,12,50
H00003,320.01.0006,IRS23701048,2023-11-25,120,0.12,63.6471,1,YERLİ,28.5667,Sevk irsaliyesi,H,Şartlı kabul,267.3621,0,2023,11,47
H00011,320.01.0006,IRS23701049,2023-11-14,10000,10,31.1239,1,YERLİ,28.5667,Numune kabul,H,Şartlı kabul,10895.1682,30,2023,11,46
D00004,320.01.0014,IRS24701050,2024-01-07,2000,2000,62.7729,1,YERLİ,29.8,Numune kabul,E,Kalite onaylı,4212.9463,60,2024,1,1
D00004,320.01.0023,IRS23701051,2023-11-02,120,120,59.1006,1,İTHAL,28.5667,Kısmi teslim,E,,248.2636,45,2023,11,44
H00012,320.01.0023,IRS23701052,2023-11-16,2000,2000,24.7461,1,İTHAL,28.5667,Kısmi teslim,H,Şartlı kabul,1732.5137,90,2023,11,46
H00012,320.01.0008,IRS23701053,2023-12-30,120,120,27.6422,1,YERLİ,29.1833,İthalat dosyası,H,Şartlı kabul,113.6631,0,2023,12,52
H00009,320.01.0008,IRS23701054,2023-11-01,500,0.5,63.5746,1,YERLİ,28.5667,Sevk irsaliyesi,E,Kalite onaylı,1112.7397,0,2023,11,44
H00006,320.01.0006,IRS23701055,2023-11-04,10000,10,91.2416,1,YERLİ,28.5667,Numune kabul,E,Şartlı kabul,31939.846,0,2023,11,44
D00008,320.01.0004,IRS23701056,2023-12-05,2000,2000,280.9739,1,YERLİ,29.1833,İthalat dosyası,H,Şartlı kabul,19255.8004,0,2023,12,49
D00008,320.01.0010,IRS23701057,2023-11-20,2000,2000,255.1147,1,YERLİ,28.5667,Numune kabul,H,Şartlı kabul,17860.985,45,2023,11,47
H00014,320.01.0003,IRS24701058,2024-01-09,5000,5,30.1467,1,İTHAL,29.8,Sevk irsaliyesi,H,,5058.1711,60,2024,1,2
H00010,320.01.0003,IRS23701059,2023-10-27,5000,5,19.1351,1,İTHAL,27.95,Sevk irsaliyesi,H,Şartlı kabul,3423.0948,45,2023,10,43
H00010,320.01.0003,IRS23701060,2023-12-10,250,0.25,17.1803,1,İTHAL,29.1833,Mal kabul,H,,147.1758,60,2023,12,49
H00006,320.01.0001,IRS23701061,2023-10-19,120,0.12,92.7503,1,YERLİ,27.95,Kısmi teslim,E,,398.2124,0,2023,10,42
H00006,320.01.0034,IRS23701062,2023-11-23,5000,5,98.4719,1,YERLİ,28.5667,İthalat dosyası,H,Kalite onaylı,17235.435,90,2023,11,47
D00001,320.01.0034,IRS23701063,2023-12-03,10000,10000,30.9991,1,YERLİ,29.1833,Sevk irsaliyesi,H,,10622.2052,45,2023,12,48
D00001,320.01.0015,IRS23701064,2023-10-30,10000,10000,27.4239,1,YERLİ,27.95,İthalat dosyası,E,Kalite onaylı,9811.771,30,2023,10,44
H00008,320.01.0002,IRS23701065,2023-12-14,120,0.12,58.1568,1,YERLİ,29.1833,Numune kabul,E,Şartlı kabul,239.1373,60,2023,12,50
H00014,320.01.0002,IRS24701066,2024-01-12,500,0.5,29.2204,1,YERLİ,29.8,Sevk irsaliyesi,E,,490.2752,30,2024,1,2
D00006,320.01.0017,IRS23701067,2023-10-22,250,250,284.9823,1,YERLİ,27.95,Sevk irsaliyesi,H,Şartlı kabul,2549.0367,90,2023,10,42
H00016,320.01.0017,IRS23701068,2023-10-18,250,250,64.3614,1,YERLİ,27.95,Sevk irsaliyesi,H,,575.6834,60,2023,10,42
D00010,320.01.0017,IRS24701069,2024-01-13,120,120,190.1882,1,YERLİ,29.8,Kısmi teslim,H,Kalite onaylı,765.8585,90,2024,1,2
D00012,320.01.0020,IRS23701070,2023-12-04,500,500,119.9811,1,YERLİ,29.1833,Kısmi teslim,E,Şartlı kabul,2055.6466,90,2023,12,49
H00011,320.01.0020,IRS24701071,2024-01-06,500,0.5,34.7787,1,YERLİ,29.8,Kısmi teslim,H,Şartlı kabul,583.5352,0,2024,1,1
H00009,320.01.0022,IRS23701073,2023-10-19,120,0.12,66.5837,1,YERLİ,27.95,İthalat dosyası,E,Şartlı kabul,285.8692,60,2023,10,42
D00010,320.01.0022,IRS23701074,2023-11-04,120,120,187.6323,1,YERLİ,28.5667,İthalat dosyası,H,,788.1861,0,2023,11,44
H00013,320.01.0043,IRS24701075,2024-01-04,120,120,73.7107,1,İTHAL,29.8,Sevk irsaliyesi,H,Şartlı kabul,296.8216,30,2024,1,1
H00006,320.01.0043,IRS23701076,2023-12-04,5000,5,96.3994,1,İTHAL,29.1833,Numune kabul,E,Şartlı kabul,16516.1925,0,2023,12,49
D00005,320.01.0043,IRS23701077,2023-10-28,2000,2000,264.9464,1,İTHAL,27.95,İthalat dosyası,H,,18958.5975,30,2023,10,43
H00001,320.01.0020,IRS23701078,2023-10-25,10000,10,39.4355,1,YERLİ,27.95,İthalat dosyası,H,Kalite onaylı,14109.3023,45,2023,10,43
H00006,320.01.0004,IRS23701079,2023-10-26,5000,5,92.9792,1,YERLİ,27.95,İthalat dosyası,E,Kalite onaylı,16633.1306,45,2023,10,43
D00008,320.01.0032,IRS23701080,2023-11-07,1000,1000,232.0378,1,YERLİ,28.5667,İthalat dosyası,E,,8122.6673,0,2023,11,45
D00006,320.01.0051,IRS23701081,2023-12-21,500,500,267.4877,1,YERLİ,29.1833,Numune kabul,E,Kalite onaylı,4582.8899,0,2023,12,51
D00011,320.01.0051,IRS23701082,2023-11-17,10000,10000,7.6834,1,YERLİ,28.5667,İthalat dosyası,H,,2689.6351,90,2023,11,46
H00014,320.01.0045,IRS24701083,2024-01-19,5000,5,28.2163,1,YERLİ,29.8,Kısmi teslim,H,,4734.2785,30,2024,1,3
D00012,320.01.0008,IRS23701084,2023-11-01,2000,2000,116.2002,1,YERLİ,28.5667,Kısmi teslim,H,,8135.3604,90,2023,11,44
H00016,320.01.0010,IRS23701085,2023-11-15,250,250,69.8292,1,YERLİ,28.5667,İthalat dosyası,H,Şartlı kabul,611.1066,0,2023,11,46
H00001,320.01.0010,IRS23701086,2023-10-20,250,0.25,40.3325,1,YERLİ,27.95,Mal kabul,H,Kalite onaylı,360.7558,30,2023,10,42
H00004,320.01.0003,IRS23701087,2023-11-19,500,0.5,64.6546,1,İTHAL,28.5667,Mal kabul,E,,1131.6428,60,2023,11,46
H00012,320.01.0003,IRS23701088,2023-11-13,250,250,24.0957,1,İTHAL,28.5667,Kısmi teslim,H,Kalite onaylı,210.8723,0,2023,11,46
H00013,320.01.0019,IRS23701089,2023-10-21,1000,1000,79.7395,1,YERLİ,27.95,Numune kabul,H,Şartlı kabul,2852.9338,30,2023,10,42
H00012,320.01.0022,IRS23701090,2023-11-24,500,500,28.2492,1,YERLİ,28.5667,Mal kabul,H,Şartlı kabul,494.4428,45,2023,11,47
H00001,320.01.0035,IRS23701091,2023-11-18,5000,5,41.9268,1,İTHAL,28.5667,Sevk irsaliyesi,E,Kalite onaylı,7338.4045,90,2023,11,46
D00004,320.01.0001,IRS23701092,2023-11-26,5000,5000,54.4063,1,YERLİ,28.5667,İthalat dosyası,E,,9522.6785,45,2023,11,47
D00011,320.01.0001,IRS23701093,2023-12-16,250,250,7.0583,1,YERLİ,29.1833,Sevk irsaliyesi,E,Şartlı kabul,60.4652,0,2023,12,50
D00006,320.01.0001,IRS23701094,2023-11-07,2000,2000,284.8986,1,YERLİ,28.5667,Mal kabul,H,Kalite onaylı,19946.2031,30,2023,11,45
D00010,320.01.0006,IRS23701095,2023-11-12,5000,5000,154.4741,1,YERLİ,28.5667,İthalat dosyası,E,Şartlı kabul,27037.4422,45,2023,11,45
H00013,320.01.0006,IRS24701096,2024-01-19,500,500,83.2848,1,YERLİ,29.8,Numune kabul,H,Kalite onaylı,1397.396,30,2024,1,3
D00009,320.01.0006,IRS24701097,2024-01-23,5000,5000,191.7459,1,YERLİ,29.8,Mal kabul,E,Kalite onaylı,32172.1309,45,2024,1,4
H00004,320.01.0027,IRS23701098,2023-12-17,500,0.5,61.1474,1,YERLİ,29.1833,Kısmi teslim,H,,1047.6437,45,2023,12,50
D00005,320.01.0002,IRS23701099,2023-11-01,1000,1000,267.0718,1,YERLİ,28.5667,Kısmi teslim,H,Şartlı kabul,9349.0603,45,2023,11,44
D00010,320.01.0002,IRS23701100,2023-12-03,10000,10000,192.269,1,YERLİ,29.1833,Sevk irsaliyesi,H,Kalite onaylı,65883.2277,90,2023,12,48
H00006,320.01.0002,IRS23701101,2023-11-05,1000,1,95.9348,1,YERLİ,28.5667,Numune kabul,E,Şartlı kabul,3358.2738,90,2023,11,44
D00010,320.01.0011,IRS24701102,2024-01-19,10000,10000,171.9207,1,YERLİ,29.8,Numune kabul,H,Kalite onaylı,57691.5101,0,2024,1,3
D00010,320.01.0011,IRS23701103,2023-11-10,250,250,180.3064,1,YERLİ,28.5667,Numune kabul,E,Şartlı kabul,1577.9421,60,2023,11,45
H00012,320.01.0055,IRS23701104,2023-12-17,500,500,28.3015,1,İTHAL,29.1833,Sevk irsaliyesi,H,,484.892,30,2023,12,50
H00005,320.01.0055,IRS23701105,2023-12-27,2000,2,46.3772,1,İTHAL,29.1833,Mal kabul,E,Kalite onaylı,3178.3383,45,2023,12,52
D00007,320.01.0055,IRS23701106,2023-11-08,500,500,73.9072,1,İTHAL,28.5667,İthalat dosyası,H,Kalite onaylı,1293.5901,45,2023,11,45
H00005,320.01.0015,IRS23701107,2023-12-10,250,0.25,47.8694,1,YERLİ,29.1833,Kısmi teslim,E,Şartlı kabul,410.0753,45,2023,12,49
H00010,320.01.0015,IRS23701108,2023-11-04,5000,5,18.1328,1,YERLİ,28.5667,Mal kabul,E,Kalite onaylı,3173.7653,30,2023,11,44
H00011,320.01.0016,IRS23701109,2023-11-08,500,0.5,27.7224,1,YERLİ,28.5667,İthalat dosyası,H,Kalite onaylı,485.2223,90,2023,11,45
D00005,320.01.0016,IRS23701110,2023-12-19,500,500,241.5804,1,YERLİ,29.1833,İthalat dosyası,H,,4139.0179,0,2023,12,51
D00012,320.01.0003,IRS23701111,2023-11-24,120,120,116.937,1,İTHAL,28.5667,Sevk irsaliyesi,H,Kalite onaylı,491.2167,0,2023,11,47
H00010,320.01.0003,IRS23701112,2023-12-19,1000,1,21.4456,1,İTHAL,29.1833,İthalat dosyası,H,,734.8586,45,2023,12,51
H00013,320.01.0021,IRS24701113,2024-01-28,250,250,78.1284,1,YERLİ,29.8,İthalat dosyası,E,,655.4396,30,2024,1,4
H00004,320.01.0002,IRS23701114,2023-11-09,250,0.25,55.5376,1,YERLİ,28.5667,Kısmi teslim,H,Şartlı kabul,486.0344,0,2023,11,45
H00002,320.01.0002,IRS23701115,2023-12-01,120,0.12,17.4424,1,YERLİ,29.1833,Numune kabul,E,,71.7221,60,2023,12,48
H00007,320.01.0010,IRS23701116,2023-11-16,10000,10,42.091,1,YERLİ,28.5667,Mal kabul,E,,14734.2885,0,2023,11,46
D00012,320.01.0010,IRS23701117,2023-11-27,1000,1000,117.2058,1,YERLİ,28.5667,Mal kabul,H,Şartlı kabul,4102.882,45,2023,11,48
D00002,320.01.0013,IRS23701118,2023-11-18,250,250,55.9513,1,YERLİ,28.5667,Kısmi teslim,H,Kalite onaylı,489.6549,30,2023,11,46
H00012,320.01.0028,IRS24701120,2024-01-23,250,250,24.6966,1,YERLİ,29.8,İthalat dosyası,H,Kalite onaylı,207.1862,45,2024,1,4
H00006,320.01.0028,IRS23701121,2023-11-03,1000,1,85.883,1,YERLİ,28.5667,Kısmi teslim,E,Kalite onaylı,3006.4026,90,2023,11,44
H00011,320.01.0003,IRS23701122,2023-11-04,2000,2,34.9118,1,İTHAL,28.5667,İthalat dosyası,H,,2444.2305,45,2023,11,44
H00006,320.01.0003,IRS23701123,2023-11-15,120,0.12,99.198,1,İTHAL,28.5667,Kısmi teslim,E,,416.7006,60,2023,11,46
H00012,320.01.0032,IRS23701124,2023-11-25,1000,1000,27.2268,1,YERLİ,28.5667,Kısmi teslim,E,Kalite onaylı,953.0957,60,2023,11,47
D00010,320.01.0032,IRS23701125,2023-11-11,2000,2000,155.6555,1,YERLİ,28.5667,Sevk irsaliyesi,H,Şartlı kabul,10897.6886,60,2023,11,45
H00014,320.01.0002,IRS23701126,2023-12-27,120,0.12,32.1199,1,YERLİ,29.1833,Sevk irsaliyesi,H,Kalite onaylı,132.0751,0,2023,12,52
D00005,320.01.0002,IRS24701127,2024-01-27,5000,5000,258.7552,1,YERLİ,29.8,Mal kabul,E,Kalite onaylı,43415.302,30,2024,1,4
D00005,320.01.0002,IRS23701128,2023-11-15,2000,2000,243.4131,1,YERLİ,28.5667,İthalat dosyası,E,Kalite onaylı,17041.7374,45,2023,11,46
H00003,320.01.0004,IRS23701129,2023-11-28,1000,1,59.7159,1,YERLİ,28.5667,Numune kabul,H,Kalite onaylı,2090.4025,90,2023,11,48
D00004,320.01.0004,IRS24701130,2024-02-03,120,120,59.1818,1,YERLİ,30.3167,Sevk irsaliyesi,H,Kalite onaylı,234.2543,30,2024,2,5
D00010,320.01.0007,IRS23701132,2023-11-22,2000,2000,173.3845,1,YERLİ,28.5667,Sevk irsaliyesi,H,Şartlı kabul,12138.924,90,2023,11,47
D00009,320.01.0002,IRS23701133,2023-11-23,500,500,228.8702,1,YERLİ,28.5667,Kısmi teslim,E,,4005.8915,0,2023,11,47
H00002,320.01.0002,IRS23701134,2023-12-06,500,0.5,18.6757,1,YERLİ,29.1833,Kısmi teslim,E,Şartlı kabul,319.9724,60,2023,12,49
H00012,320.01.0007,IRS23701136,2023-11-12,10000,10000,26.6525,1,YERLİ,28.5667,İthalat dosyası,H,,9329.9191,45,2023,11,45
H00012,320.01.0007,IRS23701137,2023-11-15,250,250,24.9861,1,YERLİ,28.5667,Numune kabul,E,,218.6646,90,2023,11,46
D00006,320.01.0017,IRS23701138,2023-11-12,2000,2000,261.5181,1,YERLİ,28.5667,Sevk irsaliyesi,E,,18309.2972,60,2023,11,45
D00003,320.01.0034,IRS23701139,2023-11-21,2000,2000,225.4405,1,YERLİ,28.5667,Mal kabul,E,Kalite onaylı,15783.4472,45,2023,11,47
D00008,320.01.0007,IRS23701140,2023-11-18,10000,10000,262.6755,1,YERLİ,28.5667,Numune kabul,E,Şartlı kabul,91951.643,90,2023,11,46
D00001,320.01.0007,IRS24701141,2024-02-05,5000,5000,32.1627,1,YERLİ,30.3167,İthalat dosyası,E,Şartlı kabul,5304.4527,30,2024,2,6
H00008,320.01.0003,IRS23701142,2023-11-17,500,0.5,57.009,1,İTHAL,28.5667,Numune kabul,H,Kalite onaylı,997.8226,60,2023,11,46
H00005,320.01.0003,IRS24701143,2024-01-24,120,0.12,47.794,1,İTHAL,29.8,Kısmi teslim,H,Kalite onaylı,192.4591,0,2024,1,4
H00016,320.01.0003,IRS24701144,2024-01-29,500,500,64.5614,1,İTHAL,29.8,Kısmi teslim,H,Şartlı kabul,1083.245,30,2024,1,5
D00003,320.01.0001,IRS23701145,2023-11-18,1000,1000,245.0109,1,YERLİ,28.5667,Numune kabul,E,,8576.801,90,2023,11,46
H00004,320.01.0001,IRS23701146,2023-12-03,250,0.25,59.0168,1,YERLİ,29.1833,Sevk irsaliyesi,E,Şartlı kabul,505.57,90,2023,12,48
D00003,320.01.0003,IRS24701147,2024-02-03,120,120,233.9056,1,İTHAL,30.3167,Numune kabul,H,,925.8485,60,2024,2,5
D00005,320.01.0001,IRS23701148,2023-11-25,2000,2000,227.503,1,YERLİ,28.5667,İthalat dosyası,E,Kalite onaylı,15927.8461,0,2023,11,47
D00009,320.01.0001,IRS23701149,2023-12-24,2000,2000,191.6832,1,YERLİ,29.1833,Kısmi teslim,H,Kalite onaylı,13136.4993,90,2023,12,51
D00009,320.01.0001,IRS23701150,2023-11-23,120,120,186.9421,1,YERLİ,28.5667,Mal kabul,H,Şartlı kabul,785.2868,0,2023,11,47
D00008,320.01.0022,IRS23701151,2023-11-30,2000,2000,255.5598,1,YERLİ,28.5667,Numune kabul,E,Kalite onaylı,17892.1472,60,2023,11,48
H00014,320.01.0022,IRS24701152,2024-01-30,500,0.5,32.674,1,YERLİ,29.8,Numune kabul,E,Şartlı kabul,548.2215,90,2024,1,5
H00005,320.01.0022,IRS23701153,2023-12-26,500,0.5,42.5455,1,YERLİ,29.1833,Kısmi teslim,H,Şartlı kabul,728.9357,30,2023,12,52
H00010,320.01.0002,IRS23701154,2023-11-29,120,0.12,19.8373,1,YERLİ,28.5667,Sevk irsaliyesi,E,Kalite onaylı,83.3305,30,2023,11,48
D00004,320.01.0002,IRS23701155,2023-11-23,10000,10000,65.4427,1,YERLİ,28.5667,Sevk irsaliyesi,H,Kalite onaylı,22908.7364,45,2023,11,47
H00013,320.01.0024,IRS23701156,2023-11-15,500,500,90.8435,1,YERLİ,28.5667,Mal kabul,H,Şartlı kabul,1590.0244,90,2023,11,46
H00011,320.01.0002,IRS24701157,2024-02-10,120,0.12,28.4593,1,YERLİ,30.3167,Sevk irsaliyesi,E,Kalite onaylı,112.648,45,2024,2,6
D00001,320.01.0002,IRS23701158,2023-11-30,500,500,33.4455,1,YERLİ,28.5667,Mal kabul,E,Kalite onaylı,585.3931,60,2023,11,48
D00012,320.01.0037,IRS23701159,2023-11-14,500,500,107.7627,1,İTHAL,28.5667,Numune kabul,E,Kalite onaylı,1886.1594,60,2023,11,46
H00012,320.01.0006,IRS23701160,2023-12-29,2000,2000,29.5088,1,YERLİ,29.1833,Kısmi teslim,E,Şartlı kabul,2022.3073,45,2023,12,52
H00012,320.01.0006,IRS23701161,2023-12-30,250,250,24.6547,1,YERLİ,29.1833,Kısmi teslim,E,,211.2056,60,2023,12,52
D00012,320.01.0050,IRS23701162,2023-12-09,500,500,124.4906,1,YERLİ,29.1833,Kısmi teslim,H,,2132.9082,60,2023,12,49
H00005,320.01.0028,IRS24701163,2024-02-13,10000,10,51.1074,1,YERLİ,30.3167,İthalat dosyası,E,Kalite onaylı,16857.8374,0,2024,2,7
D00005,320.01.0028,IRS23701164,2023-11-24,500,500,266.218,1,YERLİ,28.5667,Mal kabul,E,Şartlı kabul,4659.5862,45,2023,11,47
D00003,320.01.0027,IRS24701165,2024-02-07,250,250,248.1014,1,YERLİ,30.3167,Mal kabul,H,Kalite onaylı,2045.9136,90,2024,2,6
H00015,320.01.0027,IRS23701166,2023-11-30,250,0.25,33.1489,1,YERLİ,28.5667,Sevk irsaliyesi,E,Kalite onaylı,290.1009,0,2023,11,48
H00004,320.01.0005,IRS24701167,2024-01-12,500,0.5,57.8768,1,YERLİ,29.8,Mal kabul,E,Kalite onaylı,971.0872,45,2024,1,2
H00002,320.01.0005,IRS23701168,2023-12-31,2000,2,19.0775,1,YERLİ,29.1833,Sevk irsaliyesi,H,Şartlı kabul,1307.4258,0,2023,12,52
D00004,320.01.0019,IRS23701169,2023-11-27,500,500,61.1887,1,YERLİ,28.5667,Sevk irsaliyesi,E,,1070.9795,30,2023,11,48
D00002,320.01.0019,IRS24701170,2024-01-16,1000,1000,51.9364,1,YERLİ,29.8,İthalat dosyası,H,Şartlı kabul,1742.8322,30,2024,1,3
H00007,320.01.0029,IRS23701171,2023-12-04,2000,2,37.7419,1,YERLİ,29.1833,Kısmi teslim,H,Şartlı kabul,2586.5409,30,2023,12,49
H00016,320.01.0029,IRS23701172,2023-12-13,2000,2000,71.8964,1,YERLİ,29.1833,Mal kabul,H,Şartlı kabul,4927.2289,90,2023,12,50
D00010,320.01.0002,IRS24701173,2024-01-02,2000,2000,180.409,1,YERLİ,29.8,İthalat dosyası,E,Kalite onaylı,12107.9866,90,2024,1,1
H00007,320.01.0002,IRS23701174,2023-11-14,10000,10,42.1568,1,YERLİ,28.5667,Sevk irsaliyesi,E,,14757.3223,45,2023,11,46
D00006,320.01.0002,IRS23701175,2023-12-09,10000,10000,241.9681,1,YERLİ,29.1833,Kısmi teslim,E,Kalite onaylı,82913.2072,0,2023,12,49
D00010,320.01.0005,IRS23701176,2023-12-09,1000,1000,180.8836,1,YERLİ,29.1833,İthalat dosyası,H,,6198.1887,90,2023,12,49
H00009,320.01.0001,IRS24701177,2024-01-07,1000,1,68.5494,1,YERLİ,29.8,Mal kabul,E,Kalite onaylı,2300.3154,60,2024,1,1
H00007,320.01.0001,IRS23701178,2023-12-02,500,0.5,37.5893,1,YERLİ,29.1833,Sevk irsaliyesi,H,,644.0207,30,2023,12,48
H00008,320.01.0019,IRS24701179,2024-02-14,1000,1,57.9389,1,YERLİ,30.3167,İthalat dosyası,E,Kalite onaylı,1911.1216,90,2024,2,7
H00013,320.01.0049,IRS24701180,2024-01-11,2000,2000,74.6485,1,YERLİ,29.8,Kısmi teslim,H,Kalite onaylı,5009.9664,60,2024,1,2
D00005,320.01.0049,IRS23701181,2023-12-31,10000,10000,246.8842,1,YERLİ,29.1833,Mal kabul,E,Kalite onaylı,84597.7665,90,2023,12,52
D00012,320.01.0026,IRS23701182,2023-12-26,120,120,101.6398,1,YERLİ,29.1833,Kısmi teslim,E,Şartlı kabul,417.9368,60,2023,12,52
H00005,320.01.0050,IRS23701183,2023-12-18,120,0.12,48.7274,1,YERLİ,29.1833,Sevk irsaliyesi,E,Kalite onaylı,200.3642,45,2023,12,51
H00012,320.01.0001,IRS23701185,2023-12-01,1000,1000,27.6859,1,YERLİ,29.1833,Kısmi teslim,H,Kalite onaylı,948.6898,90,2023,12,48
D00010,320.01.0031,IRS23701186,2023-11-30,500,500,197.7115,1,YERLİ,28.5667,İthalat dosyası,H,Şartlı kabul,3460.524,45,2023,11,48
D00003,320.01.0002,IRS24701187,2024-02-08,5000,5000,288.4171,1,YERLİ,30.3167,İthalat dosyası,E,Şartlı kabul,47567.3639,60,2024,2,6
H00003,320.01.0002,IRS23701189,2023-12-31,120,0.12,57.6353,1,YERLİ,29.1833,Kısmi teslim,E,Şartlı kabul,236.9929,30,2023,12,52
H00010,320.01.0008,IRS24701190,2024-02-13,250,0.25,21.3749,1,YERLİ,30.3167,Kısmi teslim,E,Şartlı kabul,176.2634,0,2024,2,7
D00011,320.01.0008,IRS23701191,2023-12-20,120,120,7.9046,1,YERLİ,29.1833,Kısmi teslim,E,,32.5032,45,2023,12,51
H00011,320.01.0008,IRS24701192,2024-01-03,2000,2,33.6379,1,YERLİ,29.8,Sevk irsaliyesi,E,,2257.5772,90,2024,1,1
H00016,320.01.0004,IRS23701193,2023-11-23,1000,1000,68.9549,1,YERLİ,28.5667,Mal kabul,H,Şartlı kabul,2413.821,0,2023,11,47
H00013,320.01.0007,IRS23701195,2023-12-24,10000,10000,85.1275,1,YERLİ,29.1833,Sevk irsaliyesi,H,Şartlı kabul,29169.9362,30,2023,12,51
D00010,320.01.0007,IRS24701196,2024-01-19,120,120,161.6133,1,YERLİ,29.8,Numune kabul,E,Kalite onaylı,650.7918,0,2024,1,3
H00014,320.01.0040,IRS23701197,2023-12-21,500,0.5,29.2884,1,YERLİ,29.1833,Kısmi teslim,H,Şartlı kabul,501.8007,60,2023,12,51
H00012,320.01.0040,IRS23701198,2023-12-29,1000,1000,28.2826,1,YERLİ,29.1833,İthalat dosyası,H,Şartlı kabul,969.1365,0,2023,12,52
H00012,320.01.0011,IRS23701199,2023-12-08,5000,5000,29.1054,1,YERLİ,29.1833,Sevk irsaliyesi,H,,4986.6533,90,2023,12,49
D00010,320.01.0054,IRS24701200,2024-01-21,10000,10000,190.5823,1,YERLİ,29.8,Mal kabul,E,Şartlı kabul,63953.7919,90,2024,1,3
D00003,320.01.0054,IRS23701201,2023-12-11,1000,1000,237.0341,1,YERLİ,29.1833,Sevk irsaliyesi,E,Şartlı kabul,8122.2514,30,2023,12,50
D00012,320.01.0001,IRS23701202,2023-12-23,120,120,115.9049,1,YERLİ,29.1833,Kısmi teslim,H,,476.5941,90,2023,12,51
D00004,320.01.0001,IRS24701203,2024-02-14,1000,1000,61.1433,1,YERLİ,30.3167,Numune kabul,E,Şartlı kabul,2016.8191,90,2024,2,7
D00010,320.01.0001,IRS23701204,2023-12-05,10000,10000,177.6213,1,YERLİ,29.1833,Kısmi teslim,H,Şartlı kabul,60864.0215,0,2023,12,49
H00016,320.01.0001,IRS23701205,2023-12-06,5000,5000,64.7084,1,YERLİ,29.1833,Mal kabul,H,Kalite onaylı,11086.5461,30,2023,12,49
D00001,320.01.0001,IRS23701206,2023-12-22,2000,2000,33.752,1,YERLİ,29.1833,Sevk irsaliyesi,E,Kalite onaylı,2313.1037,60,2023,12,51
H00010,320.01.0007,IRS23701208,2023-12-12,5000,5,17.5707,1,YERLİ,29.1833,Kısmi teslim,E,Şartlı kabul,3010.4032,30,2023,12,50
D00004,320.01.0007,IRS23701209,2023-12-21,5000,5000,65.8907,1,YERLİ,29.1833,Numune kabul,E,,11289.1106,60,2023,12,51
D00002,320.01.0004,IRS23701210,2023-11-28,500,500,50.8063,1,YERLİ,28.5667,Mal kabul,E,Şartlı kabul,889.2574,0,2023,11,48
D00002,320.01.0009,IRS23701211,2023-12-27,5000,5000,57.8295,1,YERLİ,29.1833,Numune kabul,H,Şartlı kabul,9907.9782,0,2023,12,52
D00011,320.01.0009,IRS23701212,2023-12-22,2000,2000,8.6388,1,YERLİ,29.1833,Numune kabul,H,,592.0372,0,2023,12,51
D00001,320.01.0023,IRS23701213,2023-12-24,10000,10000,29.1956,1,İTHAL,29.1833,Kısmi teslim,H,Şartlı kabul,10004.2147,30,2023,12,51
H00005,320.01.0012,IRS23701214,2023-12-14,5000,5,42.7549,1,YERLİ,29.1833,Mal kabul,E,Şartlı kabul,7325.234,90,2023,12,50
D00010,320.01.0047,IRS24701215,2024-01-16,5000,5000,185.3433,1,YERLİ,29.8,Numune kabul,H,Şartlı kabul,31097.8691,60,2024,1,3
D00007,320.01.0047,IRS23701216,2023-12-06,1000,1000,64.3756,1,YERLİ,29.1833,Mal kabul,H,Şartlı kabul,2205.9054,90,2023,12,49
D00002,320.01.0047,IRS24701217,2024-01-07,1000,1000,50.0976,1,YERLİ,29.8,Mal kabul,H,,1681.1275,90,2024,1,1
D00009,320.01.0002,IRS23701218,2023-11-23,5000,5000,221.8317,1,YERLİ,28.5667,Kısmi teslim,H,Kalite onaylı,38826.9734,45,2023,11,47
H00008,320.01.0002,IRS23701219,2023-12-10,2000,2,54.6332,1,YERLİ,29.1833,Numune kabul,H,,3744.1413,45,2023,12,49
D00002,320.01.0004,IRS23701220,2023-12-17,250,250,53.5552,1,YERLİ,29.1833,Kısmi teslim,H,Şartlı kabul,458.7829,60,2023,12,50
H00001,320.01.0004,IRS24701221,2024-02-25,5000,5,48.8916,1,YERLİ,30.3167,Sevk irsaliyesi,H,,8063.4766,60,2024,2,8
D00006,320.01.0011,IRS23701223,2023-12-14,120,120,247.106,1,YERLİ,29.1833,Sevk irsaliyesi,E,Şartlı kabul,1016.0852,60,2023,12,50
H00004,320.01.0005,IRS23701224,2023-11-27,2500,2.5,66.0657,1,YERLİ,28.5667,Numune kabul,E,,5781.7056,0,2023,11,48
H00016,320.01.0024,IRS23701225,2023-12-20,2000,2000,74.6074,1,YERLİ,29.1833,Mal kabul,E,Kalite onaylı,5113.0201,60,2023,12,51
H00012,320.01.0002,IRS23701226,2023-11-25,5000,5000,24.9057,1,YERLİ,28.5667,Kısmi teslim,H,Şartlı kabul,4359.219,30,2023,11,47
H00014,320.01.0002,IRS24701227,2024-01-18,250,0.25,27.1737,1,YERLİ,29.8,Mal kabul,E,Kalite onaylı,227.9673,45,2024,1,3
H00015,320.01.0007,IRS23701228,2023-11-30,10000,10,38.7146,1,YERLİ,28.5667,Mal kabul,E,Kalite onaylı,13552.3529,0,2023,11,48
D00008,320.01.0007,IRS23701229,2023-12-19,120,120,297.5476,1,YERLİ,29.1833,Mal kabul,H,Kalite onaylı,1223.4981,0,2023,12,51
H00015,320.01.0008,IRS24701230,2024-01-17,5000,5,35.474,1,YERLİ,29.8,İthalat dosyası,E,Kalite onaylı,5952.0134,90,2024,1,3
D00008,320.01.0004,IRS23701231,2023-12-01,5000,5000,251.1122,1,YERLİ,29.1833,Kısmi teslim,H,Kalite onaylı,43023.2702,90,2023,12,48
H00002,320.01.0004,IRS23701232,2023-12-20,5000,5,17.3621,1,YERLİ,29.1833,Sevk irsaliyesi,E,,2974.6636,30,2023,12,51
H00010,320.01.0006,IRS23701233,2023-12-02,5000,5,19.1113,1,YERLİ,29.1833,Numune kabul,H,Kalite onaylı,3274.3555,90,2023,12,48
D00009,320.01.0005,IRS23701234,2023-12-23,1000,1000,215.9165,1,YERLİ,29.1833,İthalat dosyası,H,Kalite onaylı,7398.6321,0,2023,12,51
H00015,320.01.0005,IRS23701235,2023-12-23,2000,2,33.1788,1,YERLİ,29.1833,İthalat dosyası,E,Kalite onaylı,2273.821,0,2023,12,51
H00005,320.01.0005,IRS23701236,2023-12-05,120,0.12,47.7009,1,YERLİ,29.1833,İthalat dosyası,E,,196.1433,90,2023,12,49
H00015,320.01.0005,IRS23701237,2023-12-19,5000,5,39.2305,1,YERLİ,29.1833,İthalat dosyası,E,,6721.3955,30,2023,12,51
H00012,320.01.0015,IRS23701238,2023-12-05,5000,5000,27.8326,1,YERLİ,29.1833,Mal kabul,E,Şartlı kabul,4768.5834,30,2023,12,49
D00008,320.01.0001,IRS24701239,2024-01-10,2000,2000,291.9222,1,YERLİ,29.8,Numune kabul,H,Kalite onaylı,19592.094,30,2024,1,2
D00006,320.01.0001,IRS23701240,2023-12-07,2000,2000,294.8505,1,YERLİ,29.1833,Sevk irsaliyesi,E,,20206.7964,90,2023,12,49
H00006,320.01.0001,IRS23701241,2023-12-17,250,0.25,89.767,1,YERLİ,29.1833,İthalat dosyası,E,Şartlı kabul,768.9929,45,2023,12,50
D00009,320.01.0016,IRS24701242,2024-01-14,120,120,200.3594,1,YERLİ,29.8,Numune kabul,H,Kalite onaylı,806.8164,0,2024,1,2
D00002,320.01.0016,IRS23701243,2023-12-11,5000,5000,52.1715,1,YERLİ,29.1833,Mal kabul,H,Şartlı kabul,8938.5882,30,2023,12,50
H00004,320.01.0016,IRS23701244,2023-12-19,10000,10,68.5839,1,YERLİ,29.1833,Numune kabul,H,,23501.0777,0,2023,12,51
H00005,320.01.0001,IRS23701245,2023-12-21,2000,2,45.6139,1,YERLİ,29.1833,İthalat dosyası,E,,3126.0276,30,2023,12,51
D00004,320.01.0002,IRS24701246,2024-02-22,500,500,68.0486,1,YERLİ,30.3167,Mal kabul,E,Şartlı kabul,1122.2956,0,2024,2,8
D00012,320.01.0002,IRS23701247,2023-12-24,1000,1000,122.9283,1,YERLİ,29.1833,İthalat dosyası,H,,4212.2824,0,2023,12,51
H00002,320.01.0012,IRS24701248,2024-01-04,1000,1,18.0748,1,YERLİ,29.8,Kısmi teslim,H,,606.5369,30,2024,1,1
D00003,320.01.0012,IRS24701249,2024-01-16,250,250,234.8914,1,YERLİ,29.8,Numune kabul,H,Şartlı kabul,1970.5654,30,2024,1,3
D00005,320.01.0010,IRS23701250,2023-12-24,120,120,262.4313,1,YERLİ,29.1833,Kısmi teslim,H,Şartlı kabul,1079.102,45,2023,12,51
H00004,320.01.0045,IRS23701251,2023-12-13,250,0.25,54.6362,1,YERLİ,29.1833,İthalat dosyası,E,,468.0434,0,2023,12,50
H00014,320.01.0045,IRS23701252,2023-12-25,120,0.12,33.5206,1,YERLİ,29.1833,Mal kabul,E,Şartlı kabul,137.8347,90,2023,12,52
H00005,320.01.0003,IRS24701253,2024-01-08,2000,2,44.2183,1,İTHAL,29.8,Numune kabul,H,,2967.6711,90,2024,1,2
D00002,320.01.0012,IRS24701254,2024-01-28,250,250,46.7834,1,YERLİ,29.8,Numune kabul,H,Kalite onaylı,392.4782,60,2024,1,4
D00010,320.01.0019,IRS23701255,2023-12-11,1000,1000,195.6485,1,YERLİ,29.1833,Numune kabul,E,Şartlı kabul,6704.1253,45,2023,12,50
H00006,320.01.0019,IRS23701257,2023-12-12,2000,2,101.0301,1,YERLİ,29.1833,Mal kabul,H,Şartlı kabul,6923.8297,0,2023,12,50
D00011,320.01.0051,IRS24701258,2024-02-26,1000,1000,8.1989,1,YERLİ,30.3167,Numune kabul,H,Şartlı kabul,270.4417,90,2024,2,9
D00008,320.01.0051,IRS24701259,2024-02-03,2000,2000,237.5772,1,YERLİ,30.3167,Numune kabul,E,Şartlı kabul,15673.0251,90,2024,2,5
D00011,320.01.0005,IRS23701261,2023-12-08,60,60,8.8336,1,YERLİ,29.1833,Mal kabul,H,Kalite onaylı,18.1616,30,2023,12,49
D00008,320.01.0055,IRS24701262,2024-01-14,10000,10000,270.5582,1,İTHAL,29.8,Sevk irsaliyesi,E,,90791.3423,45,2024,1,2
D00010,320.01.0055,IRS24701263,2024-03-03,10000,10000,183.8904,1,İTHAL,30.8333,Numune kabul,E,Kalite onaylı,59640.1942,45,2024,3,9
D00002,320.01.0055,IRS24701264,2024-01-11,1000,1000,54.0872,1,İTHAL,29.8,Sevk irsaliyesi,H,Kalite onaylı,1815.0067,90,2024,1,2
H00015,320.01.0003,IRS24701265,2024-01-08,5000,5,35.505,1,İTHAL,29.8,Numune kabul,H,Kalite onaylı,5957.2148,45,2024,1,2
H00016,320.01.0028,IRS24701266,2024-02-03,250,250,78.74,1,YERLİ,30.3167,Mal kabul,H,,649.3121,90,2024,2,5
H00015,320.01.0037,IRS24701267,2024-02-29,1000,1,31.4554,1,İTHAL,30.3167,Mal kabul,H,Şartlı kabul,1037.5602,90,2024,2,9
D00002,320.01.0001,IRS23701268,2023-12-29,500,500,53.2909,1,YERLİ,29.1833,Kısmi teslim,H,Şartlı kabul,913.0376,30,2023,12,52
H00015,320.01.0001,IRS24701269,2024-01-17,2000,2,37.9351,1,YERLİ,29.8,Mal kabul,H,Şartlı kabul,2545.9799,90,2024,1,3
H00013,320.01.0036,IRS24701270,2024-01-07,2000,2000,75.3522,1,YERLİ,29.8,Sevk irsaliyesi,H,Kalite onaylı,5057.1946,0,2024,1,1
H00011,320.01.0036,IRS24701271,2024-01-02,120,0.12,33.9839,1,YERLİ,29.8,Mal kabul,E,Şartlı kabul,136.8479,0,2024,1,1
H00014,320.01.0017,IRS23701272,2023-12-29,120,0.12,29.6727,1,YERLİ,29.1833,İthalat dosyası,H,,122.0124,60,2023,12,52
H00010,320.01.0017,IRS23701273,2023-12-08,2000,2,18.3656,1,YERLİ,29.1833,İthalat dosyası,H,Şartlı kabul,1258.6376,45,2023,12,49
H00003,320.01.0005,IRS24701274,2024-01-02,120,0.12,73.6675,1,YERLİ,29.8,Numune kabul,H,,296.6477,60,2024,1,1
H00006,320.01.0018,IRS24701275,2024-02-03,10000,10,97.8767,1,YERLİ,30.3167,Numune kabul,H,,32284.7474,45,2024,2,5
H00016,320.01.0012,IRS24701276,2024-03-15,2000,2000,82.6388,1,YERLİ,30.8333,Mal kabul,H,,5360.3604,0,2024,3,11
D00004,320.01.0012,IRS24701277,2024-03-01,2000,2000,64.0852,1,YERLİ,30.8333,Numune kabul,E,,4156.8823,60,2024,3,9
H00014,320.01.0001,IRS24701278,2024-02-02,120,0.12,30.6026,1,YERLİ,30.3167,İthalat dosyası,E,Kalite onaylı,121.1317,60,2024,2,5
D00009,320.01.0001,IRS24701279,2024-01-21,1000,1000,235.5103,1,YERLİ,29.8,İthalat dosyası,E,Kalite onaylı,7903.0302,45,2024,1,3
H00014,320.01.0001,IRS24701280,2024-02-15,500,0.5,33.1061,1,YERLİ,30.3167,Sevk irsaliyesi,E,Kalite onaylı,546.0043,60,2024,2,7
H00009,320.01.0009,IRS24701281,2024-02-03,500,0.5,74.2648,1,YERLİ,30.3167,İthalat dosyası,H,Kalite onaylı,1224.8167,90,2024,2,5
D00007,320.01.0009,IRS24701282,2024-02-06,250,250,63.4645,1,YERLİ,30.3167,İthalat dosyası,H,Şartlı kabul,523.346,45,2024,2,6
D00001,320.01.0014,IRS24701283,2024-02-08,500,500,28.4291,1,YERLİ,30.3167,Sevk irsaliyesi,E,,468.8686,90,2024,2,6
H00009,320.01.0014,IRS24701284,2024-01-31,2000,2,67.0308,1,YERLİ,29.8,Mal kabul,E,,4498.7114,0,2024,1,5
D00008,320.01.0019,IRS24701285,2024-01-03,500,500,263.5773,1,YERLİ,29.8,İthalat dosyası,E,Şartlı kabul,4422.4379,30,2024,1,1
D00011,320.01.0004,IRS24701286,2024-03-08,2000,2000,8.1221,1,YERLİ,30.8333,Kısmi teslim,H,Şartlı kabul,526.8395,45,2024,3,10
H00001,320.01.0021,IRS23701287,2023-12-29,250,0.25,50.7914,1,YERLİ,29.1833,Kısmi teslim,E,Şartlı kabul,435.1067,90,2023,12,52
D00006,320.01.0030,IRS24701288,2024-01-18,1000,1000,252.1473,1,YERLİ,29.8,Kısmi teslim,E,,8461.3188,45,2024,1,3
H00009,320.01.0030,IRS24701289,2024-01-07,5000,5,68.5676,1,YERLİ,29.8,Numune kabul,E,Şartlı kabul,11504.6309,30,2024,1,1
H00004,320.01.0049,IRS24701290,2024-02-10,120,0.12,59.9017,1,YERLİ,30.3167,Numune kabul,E,Şartlı kabul,237.1038,60,2024,2,6
D00011,320.01.0001,IRS24701291,2024-03-17,10000,10000,7.8187,1,YERLİ,30.8333,Mal kabul,E,,2535.7973,0,2024,3,11
H00009,320.01.0022,IRS24701292,2024-02-08,500,0.5,67.4451,1,YERLİ,30.3167,İthalat dosyası,E,,1112.3424,0,2024,2,6
H00013,320.01.0022,IRS23701293,2023-12-20,120,120,91.9403,1,YERLİ,29.1833,Mal kabul,E,Şartlı kabul,378.0531,30,2023,12,51
H00016,320.01.0022,IRS24701294,2024-02-17,500,500,73.3549,1,YERLİ,30.3167,Numune kabul,H,,1209.8101,30,2024,2,7
H00014,320.01.0003,IRS23701295,2023-12-30,10000,10,33.217,1,İTHAL,29.1833,Mal kabul,E,,11382.1946,90,2023,12,52
H00007,320.01.0003,IRS23701297,2023-12-28,120,0.12,38.7911,1,İTHAL,29.1833,Mal kabul,E,,159.5067,90,2023,12,52
D00007,320.01.0003,IRS24701298,2024-02-07,500,500,72.2795,1,İTHAL,30.3167,Mal kabul,E,Şartlı kabul,1192.074,30,2024,2,6
H00005,320.01.0003,IRS23701299,2023-12-31,10000,10,48.1213,1,İTHAL,29.1833,İthalat dosyası,E,,16489.3278,60,2023,12,52
D00011,320.01.0002,IRS24701300,2024-02-10,5000,5000,8.5964,1,YERLİ,30.3167,Numune kabul,H,Şartlı kabul,1417.7664,60,2024,2,6
D00009,320.01.0002,IRS24701301,2024-01-08,10000,10000,211.2054,1,YERLİ,29.8,İthalat dosyası,H,Kalite onaylı,70874.2953,30,2024,1,2
H00008,320.01.0018,IRS23701302,2023-12-26,1000,1,59.2091,1,YERLİ,29.1833,Kısmi teslim,H,,2028.8693,90,2023,12,52
H00013,320.01.0018,IRS24701303,2024-01-24,120,120,73.1202,1,YERLİ,29.8,Sevk irsaliyesi,H,Şartlı kabul,294.4438,45,2024,1,4
H00005,320.01.0023,IRS24701304,2024-01-12,250,0.25,44.5555,1,İTHAL,29.8,Mal kabul,E,Şartlı kabul,373.7878,60,2024,1,2
H00014,320.01.0023,IRS23701305,2023-12-28,5000,5,27.3342,1,İTHAL,29.1833,Mal kabul,E,,4683.1921,0,2023,12,52
D00011,320.01.0001,IRS24701306,2024-01-10,500,500,9.0507,1,YERLİ,29.8,İthalat dosyası,H,Şartlı kabul,151.8574,90,2024,1,2
H00012,320.01.0001,IRS24701307,2024-01-09,250,250,30.0576,1,YERLİ,29.8,Kısmi teslim,H,Kalite onaylı,252.1611,0,2024,1,2
H00015,320.01.0009,IRS23701308,2023-12-31,5000,5,33.1497,1,YERLİ,29.1833,Sevk irsaliyesi,H,,5679.5667,45,2023,12,52
H00001,320.01.0005,IRS24701309,2024-01-29,500,0.5,49.8802,1,YERLİ,29.8,Mal kabul,H,Kalite onaylı,836.9161,30,2024,1,5
D00011,320.01.0021,IRS23701310,2023-12-21,2000,2000,8.6773,1,YERLİ,29.1833,Kısmi teslim,E,Kalite onaylı,594.6757,0,2023,12,51
D00007,320.01.0010,IRS24701311,2024-01-01,500,500,64.5166,1,YERLİ,29.8,Mal kabul,E,,1082.4933,60,2024,1,1
H00003,320.01.0010,IRS24701312,2024-02-04,10000,10,63.8513,1,YERLİ,30.3167,İthalat dosyası,H,Kalite onaylı,21061.4282,90,2024,2,5
H00012,320.01.0001,IRS24701313,2024-01-07,10000,10000,27.5561,1,YERLİ,29.8,Mal kabul,E,Kalite onaylı,9247.0134,45,2024,1,1
H00015,320.01.0004,IRS24701315,2024-02-15,5000,5,35.5619,1,YERLİ,30.3167,Sevk irsaliyesi,E,Kalite onaylı,5865.0678,45,2024,2,7
H00005,320.01.0001,IRS24701316,2024-03-16,2000,2,48.4797,1,YERLİ,30.8333,Kısmi teslim,E,Şartlı kabul,3144.6326,60,2024,3,11
H00012,320.01.0001,IRS24701317,2024-03-22,120,120,28.7435,1,YERLİ,30.8333,Mal kabul,E,Şartlı kabul,111.8667,0,2024,3,12
D00010,320.01.0008,IRS24701318,2024-03-25,10000,10000,190.231,1,YERLİ,30.8333,Numune kabul,E,Şartlı kabul,61696.6072,30,2024,3,13
H00014,320.01.0008,IRS24701319,2024-01-06,1000,1,28.5801,1,YERLİ,29.8,Kısmi teslim,H,,959.0638,45,2024,1,1
H00008,320.01.0002,IRS24701320,2024-01-14,250,0.25,60.6371,1,YERLİ,29.8,Mal kabul,E,,508.7005,45,2024,1,2
H00008,320.01.0018,IRS24701321,2024-01-02,5000,5,57.2905,1,YERLİ,29.8,Kısmi teslim,E,Şartlı kabul,9612.5,45,2024,1,1
H00009,320.01.0002,IRS24701322,2024-01-12,120,0.12,65.5013,1,YERLİ,29.8,İthalat dosyası,H,,263.7636,60,2024,1,2
H00013,320.01.0002,IRS24701323,2024-02-11,5000,5000,84.2449,1,YERLİ,30.3167,Kısmi teslim,E,,13894.1409,0,2024,2,6
H00015,320.01.0011,IRS23701324,2023-12-29,5000,5,39.2715,1,YERLİ,29.1833,Mal kabul,E,Kalite onaylı,6728.42,30,2023,12,52
H00014,320.01.0006,IRS24701325,2024-01-02,5000,5,30.9275,1,YERLİ,29.8,Sevk irsaliyesi,E,Kalite onaylı,5189.1779,60,2024,1,1
H00005,320.01.0006,IRS24701326,2024-01-10,1000,1,51.1647,1,YERLİ,29.8,Sevk irsaliyesi,H,,1716.9362,30,2024,1,2
H00011,320.01.0001,IRS24701327,2024-01-05,500,0.5,29.3881,1,YERLİ,29.8,Numune kabul,H,Şartlı kabul,493.0889,60,2024,1,1
H00014,320.01.0024,IRS24701328,2024-02-22,1000,1,28.8443,1,YERLİ,30.3167,Kısmi teslim,H,Şartlı kabul,951.4327,45,2024,2,8
H00013,320.01.0024,IRS24701329,2024-01-21,10000,10000,92.2723,1,YERLİ,29.8,Numune kabul,H,Şartlı kabul,30963.8591,60,2024,1,3
D00012,320.01.0004,IRS24701330,2024-02-03,500,500,112.3238,1,YERLİ,30.3167,Mal kabul,E,Kalite onaylı,1852.507,30,2024,2,5
D00003,320.01.0016,IRS24701332,2024-01-12,250,250,263.3705,1,YERLİ,29.8,Numune kabul,H,Kalite onaylı,2209.4841,45,2024,1,2
H00006,320.01.0016,IRS24701333,2024-03-27,500,0.5,105.5992,1,YERLİ,30.8333,İthalat dosyası,E,Şartlı kabul,1712.4213,45,2024,3,13
H00015,320.01.0009,IRS24701334,2024-01-13,2000,2,38.6787,1,YERLİ,29.8,İthalat dosyası,E,,2595.8859,60,2024,1,2
D00003,320.01.0009,IRS24701335,2024-01-17,250,250,283.6407,1,YERLİ,29.8,Numune kabul,H,Kalite onaylı,2379.5361,45,2024,1,3
H00006,320.01.0002,IRS24701336,2024-02-12,2000,2,88.2563,1,YERLİ,30.3167,Numune kabul,H,Şartlı kabul,5822.2894,30,2024,2,7
H00013,320.01.0002,IRS24701337,2024-01-05,250,250,75.5826,1,YERLİ,29.8,Numune kabul,E,Kalite onaylı,634.0822,30,2024,1,1
D00012,320.01.0048,IRS24701338,2024-01-13,250,250,114.9237,1,YERLİ,29.8,Kısmi teslim,H,,964.125,0,2024,1,2
D00009,320.01.0048,IRS24701339,2024-01-24,500,500,240.6446,1,YERLİ,29.8,İthalat dosyası,H,Kalite onaylı,4037.6611,0,2024,1,4
H00008,320.01.0046,IRS24701340,2024-02-02,2500,2.5,54.5248,1,YERLİ,30.3167,Sevk irsaliyesi,E,Şartlı kabul,4496.2677,30,2024,2,5
H00009,320.01.0007,IRS24701342,2024-03-26,500,0.5,74.5039,1,YERLİ,30.8333,Numune kabul,H,Şartlı kabul,1208.1727,30,2024,3,13
D00007,320.01.0007,IRS24701343,2024-02-08,120,120,64.2268,1,YERLİ,30.3167,Numune kabul,H,,254.2234,45,2024,2,6
H00006,320.01.0019,IRS24701344,2024-01-16,250,0.25,100.9819,1,YERLİ,29.8,Mal kabul,E,,847.1636,0,2024,1,3
H00015,320.01.0034,IRS24701345,2024-03-24,10000,10,32.7245,1,YERLİ,30.8333,İthalat dosyası,H,,10613.3628,0,2024,3,12
H00007,320.01.0034,IRS24701346,2024-01-14,500,0.5,37.6646,1,YERLİ,29.8,Numune kabul,H,,631.9564,45,2024,1,2
D00001,320.01.0004,IRS24701347,2024-01-08,1000,1000,30.1927,1,YERLİ,29.8,Sevk irsaliyesi,H,Şartlı kabul,1013.1779,60,2024,1,2
D00004,320.01.0004,IRS24701348,2024-01-10,5000,5000,62.6463,1,YERLİ,29.8,İthalat dosyası,E,Şartlı kabul,10511.1242,60,2024,1,2
H00001,320.01.0009,IRS24701349,2024-02-28,120,0.12,43.0728,1,YERLİ,30.3167,Kısmi teslim,H,Şartlı kabul,170.4914,30,2024,2,9
H00005,320.01.0009,IRS24701350,2024-01-16,5000,5,46.1912,1,YERLİ,29.8,Kısmi teslim,H,Kalite onaylı,7750.2013,0,2024,1,3
H00016,320.01.0002,IRS24701351,2024-01-10,250,250,70.6478,1,YERLİ,29.8,Sevk irsaliyesi,E,,592.6829,90,2024,1,2
H00006,320.01.0002,IRS24701352,2024-01-19,120,0.12,105.9022,1,YERLİ,29.8,Sevk irsaliyesi,E,Kalite onaylı,426.4518,90,2024,1,3
H00013,320.01.0007,IRS24701353,2024-03-02,500,500,77.7002,1,YERLİ,30.8333,Numune kabul,H,,1260.0046,45,2024,3,9
H00015,320.01.0007,IRS24701354,2024-01-05,2000,2,33.11,1,YERLİ,29.8,Kısmi teslim,H,Kalite onaylı,2222.1477,90,2024,1,1
D00009,320.01.0016,IRS24701355,2024-02-03,5000,5000,210.1889,1,YERLİ,30.3167,Sevk irsaliyesi,E,,34665.5309,90,2024,2,5
H00011,320.01.0016,IRS24701356,2024-01-28,120,0.12,30.1864,1,YERLİ,29.8,İthalat dosyası,E,,121.556,30,2024,1,4
D00001,320.01.0017,IRS24701357,2024-01-20,5000,5000,31.0131,1,YERLİ,29.8,Sevk irsaliyesi,E,,5203.5403,60,2024,1,3
D00001,320.01.0017,IRS24701358,2024-01-16,1000,1000,32.4268,1,YERLİ,29.8,Numune kabul,E,Şartlı kabul,1088.1477,0,2024,1,3
H00005,320.01.0017,IRS24701359,2024-02-05,250,0.25,53.2868,1,YERLİ,30.3167,Numune kabul,H,Şartlı kabul,439.4179,45,2024,2,6
H00008,320.01.0023,IRS24701360,2024-01-04,2000,2,57.5821,1,İTHAL,29.8,Numune kabul,H,,3864.5705,60,2024,1,1
H00011,320.01.0023,IRS24701361,2024-01-18,120,0.12,28.9512,1,İTHAL,29.8,Sevk irsaliyesi,E,Kalite onaylı,116.582,60,2024,1,3
H00001,320.01.0023,IRS24701362,2024-03-28,500,0.5,44.4318,1,İTHAL,30.8333,Numune kabul,E,,720.5165,60,2024,3,13
H00004,320.01.0022,IRS24701363,2024-01-15,10000,10,64.2904,1,YERLİ,29.8,Numune kabul,E,Kalite onaylı,21573.9597,60,2024,1,3
H00003,320.01.0022,IRS24701364,2024-01-19,5000,5,70.5987,1,YERLİ,29.8,İthalat dosyası,E,Şartlı kabul,11845.4195,30,2024,1,3
H00014,320.01.0025,IRS24701365,2024-01-15,5000,5,33.2021,1,İTHAL,29.8,Sevk irsaliyesi,H,Kalite onaylı,5570.8221,30,2024,1,3
D00005,320.01.0025,IRS24701366,2024-02-22,1000,1000,229.2592,1,İTHAL,30.3167,İthalat dosyası,H,Şartlı kabul,7562.1423,90,2024,2,8
D00002,320.01.0003,IRS24701367,2024-04-09,5000,5000,55.8874,1,İTHAL,31.35,Kısmi teslim,E,Kalite onaylı,8913.4609,45,2024,4,15
D00007,320.01.0003,IRS24701368,2024-04-04,250,250,65.7065,1,İTHAL,31.35,Kısmi teslim,H,,523.9753,60,2024,4,14
H00011,320.01.0009,IRS24701369,2024-02-18,250,0.25,34.3054,1,YERLİ,30.3167,Mal kabul,E,Kalite onaylı,282.8919,90,2024,2,7
H00013,320.01.0009,IRS24701370,2024-04-12,5000,5000,80.3203,1,YERLİ,31.35,Sevk irsaliyesi,E,,12810.2552,60,2024,4,15
H00010,320.01.0032,IRS24701371,2024-01-26,10000,10,18.4944,1,YERLİ,29.8,Kısmi teslim,E,,6206.1745,0,2024,1,4
H00003,320.01.0032,IRS24701372,2024-03-06,500,0.5,68.177,1,YERLİ,30.8333,Kısmi teslim,E,,1105.5742,30,2024,3,10
H00002,320.01.0002,IRS24701373,2024-01-17,250,0.25,18.8378,1,YERLİ,29.8,Sevk irsaliyesi,H,,158.0352,90,2024,1,3
H00002,320.01.0002,IRS24701374,2024-02-05,500,0.5,16.3899,1,YERLİ,30.3167,Numune kabul,H,Kalite onaylı,270.3114,45,2024,2,6
D00003,320.01.0008,IRS24701375,2024-01-25,500,500,296.0991,1,YERLİ,29.8,Numune kabul,E,Şartlı kabul,4968.1057,45,2024,1,4
D00005,320.01.0003,IRS24701376,2024-02-02,2000,2000,229.4605,1,İTHAL,30.3167,Numune kabul,H,,15137.5644,90,2024,2,5
D00003,320.01.0003,IRS24701377,2024-01-20,2000,2000,277.9216,1,İTHAL,29.8,İthalat dosyası,E,,18652.4564,45,2024,1,3
D00002,320.01.0048,IRS24701378,2024-01-17,500,500,52.5139,1,YERLİ,29.8,Kısmi teslim,H,Kalite onaylı,881.1057,30,2024,1,3
H00008,320.01.0004,IRS24701379,2024-02-26,2000,2,57.6282,1,YERLİ,30.3167,Numune kabul,H,Kalite onaylı,3801.7462,90,2024,2,9
H00008,320.01.0025,IRS24701380,2024-02-09,250,0.25,52.7458,1,İTHAL,30.3167,Numune kabul,E,,434.9566,60,2024,2,6
H00014,320.01.0025,IRS24701381,2024-01-25,250,0.25,33.0338,1,İTHAL,29.8,Numune kabul,H,,277.1292,0,2024,1,4
D00012,320.01.0016,IRS24701383,2024-01-31,5000,5000,124.2668,1,YERLİ,29.8,Numune kabul,E,Kalite onaylı,20850.1342,45,2024,1,5
H00006,320.01.0001,IRS24701384,2024-04-13,120,0.12,104.6086,1,YERLİ,31.35,İthalat dosyası,H,Şartlı kabul,400.4157,0,2024,4,15
H00012,320.01.0001,IRS24701385,2024-02-01,1000,1000,27.583,1,YERLİ,30.3167,Sevk irsaliyesi,E,Kalite onaylı,909.8286,0,2024,2,5
D00011,320.01.0037,IRS24701386,2024-01-26,10000,10000,9.3107,1,İTHAL,29.8,Sevk irsaliyesi,H,,3124.396,60,2024,1,4
D00008,320.01.0005,IRS24701387,2024-02-26,250,250,288.033,1,YERLİ,30.3167,Sevk irsaliyesi,H,Şartlı kabul,2375.2008,30,2024,2,9
D00008,320.01.0005,IRS24701388,2024-02-19,120,120,292.8145,1,YERLİ,30.3167,Sevk irsaliyesi,E,Şartlı kabul,1159.0226,60,2024,2,8
H00002,320.01.0016,IRS24701389,2024-04-02,10000,10,18.1632,1,YERLİ,31.35,Mal kabul,E,Şartlı kabul,5793.6842,0,2024,4,14
D00004,320.01.0016,IRS24701390,2024-01-12,120,120,68.9198,1,YERLİ,29.8,Numune kabul,H,Kalite onaylı,277.5294,30,2024,1,2
D00010,320.01.0001,IRS24701391,2024-01-31,250,250,192.1168,1,YERLİ,29.8,İthalat dosyası,E,Kalite onaylı,1611.7181,45,2024,1,5
D00009,320.01.0008,IRS24701392,2024-01-29,500,500,223.8656,1,YERLİ,29.8,Kısmi teslim,E,,3756.1342,60,2024,1,5
D00003,320.01.0045,IRS24701393,2024-01-30,250,250,246.9572,1,YERLİ,29.8,Kısmi teslim,H,Kalite onaylı,2071.7886,30,2024,1,5
H00010,320.01.0045,IRS24701394,2024-02-14,500,0.5,22.1755,1,YERLİ,30.3167,İthalat dosyası,H,Kalite onaylı,365.7308,0,2024,2,7
H00005,320.01.0023,IRS24701395,2024-02-05,250,0.25,52.5685,1,İTHAL,30.3167,Numune kabul,H,Kalite onaylı,433.4946,90,2024,2,6
D00003,320.01.0023,IRS24701396,2024-03-18,1000,1000,271.8899,1,İTHAL,30.8333,İthalat dosyası,H,Kalite onaylı,8818.0603,90,2024,3,12
H00005,320.01.0023,IRS24701397,2024-02-04,10000,10,51.1443,1,İTHAL,30.3167,İthalat dosyası,H,Kalite onaylı,16870.0089,45,2024,2,5
D00007,320.01.0049,IRS24701398,2024-02-28,5000,5000,66.6699,1,YERLİ,30.3167,Mal kabul,H,,10995.5734,0,2024,2,9
H00013,320.01.0049,IRS24701399,2024-02-16,250,250,87.8324,1,YERLİ,30.3167,Kısmi teslim,E,,724.2906,45,2024,2,7
H00006,320.01.0011,IRS24701400,2024-04-14,1000,1,97.4281,1,YERLİ,31.35,Numune kabul,H,Kalite onaylı,3107.7544,30,2024,4,15
H00016,320.01.0011,IRS24701401,2024-04-06,250,250,84.3949,1,YERLİ,31.35,İthalat dosyası,E,,673.0056,60,2024,4,14
D00002,320.01.0011,IRS24701402,2024-02-26,5000,5000,59.4974,1,YERLİ,30.3167,Numune kabul,H,,9812.6445,30,2024,2,9
D00009,320.01.0001,IRS24701403,2024-01-28,5000,5000,234.6961,1,YERLİ,29.8,Sevk irsaliyesi,E,,39378.5403,90,2024,1,4
D00010,320.01.0018,IRS24701404,2024-01-27,2000,2000,197.2302,1,YERLİ,29.8,Numune kabul,H,Kalite onaylı,13236.9262,90,2024,1,4
H00006,320.01.0018,IRS24701405,2024-02-21,2000,2,104.5705,1,YERLİ,30.3167,Mal kabul,H,Kalite onaylı,6898.5411,0,2024,2,8
D00010,320.01.0018,IRS24701406,2024-01-23,5000,5000,163.588,1,YERLİ,29.8,Sevk irsaliyesi,E,Şartlı kabul,27447.651,90,2024,1,4
H00008,320.01.0008,IRS24701407,2024-01-28,10000,10,54.0904,1,YERLİ,29.8,Numune kabul,E,Kalite onaylı,18151.1409,30,2024,1,4
D00002,320.01.0008,IRS24701408,2024-02-26,250,250,56.2498,1,YERLİ,30.3167,Numune kabul,E,Şartlı kabul,463.8516,30,2024,2,9
H00014,320.01.0008,IRS24701409,2024-02-17,120,0.12,29.101,1,YERLİ,30.3167,Mal kabul,E,Kalite onaylı,115.188,60,2024,2,7
D00012,320.01.0005,IRS24701410,2024-02-02,5000,5000,133.0337,1,YERLİ,30.3167,İthalat dosyası,H,,21940.6631,30,2024,2,5
H00004,320.01.0001,IRS24701411,2024-01-29,5000,5,67.2273,1,YERLİ,29.8,İthalat dosyası,E,Kalite onaylı,11279.7483,90,2024,1,5
H00011,320.01.0001,IRS24701412,2024-04-14,120,0.12,37.0902,1,YERLİ,31.35,Mal kabul,H,Kalite onaylı,141.9721,45,2024,4,15
H00007,320.01.0041,IRS24701413,2024-01-26,1000,1,44.8398,1,İTHAL,29.8,Numune kabul,H,Kalite onaylı,1504.6913,0,2024,1,4
D00003,320.01.0006,IRS24701414,2024-02-25,500,500,256.976,1,YERLİ,30.3167,Numune kabul,E,Şartlı kabul,4238.1922,30,2024,2,8
H00008,320.01.0001,IRS24701415,2024-04-13,5000,5,52.2708,1,YERLİ,31.35,Mal kabul,H,Şartlı kabul,8336.6507,45,2024,4,15
D00001,320.01.0002,IRS24701416,2024-03-09,250,250,29.3746,1,YERLİ,30.8333,Mal kabul,H,Kalite onaylı,238.1727,45,2024,3,10
D00005,320.01.0002,IRS24701417,2024-04-12,10000,10000,277.2695,1,YERLİ,31.35,Kısmi teslim,E,Şartlı kabul,88443.2217,60,2024,4,15
H00016,320.01.0004,IRS24701418,2024-02-15,120,120,70.2858,1,YERLİ,30.3167,İthalat dosyası,H,,278.2063,45,2024,2,7
H00005,320.01.0004,IRS24701419,2024-03-21,1000,1,48.7031,1,YERLİ,30.8333,Kısmi teslim,E,Kalite onaylı,1579.5617,60,2024,3,12
H00009,320.01.0004,IRS24701420,2024-02-13,1000,1,62.9604,1,YERLİ,30.3167,Kısmi teslim,E,,2076.7564,60,2024,2,7
D00008,320.01.0019,IRS24701421,2024-04-18,120,120,263.6775,1,YERLİ,31.35,Numune kabul,H,Kalite onaylı,1009.2919,0,2024,4,16
D00002,320.01.0048,IRS24701422,2024-02-20,1000,1000,58.6083,1,YERLİ,30.3167,Numune kabul,H,Kalite onaylı,1933.2018,45,2024,2,8
H00010,320.01.0001,IRS24701423,2024-03-06,5000,5,22.3974,1,YERLİ,30.8333,Sevk irsaliyesi,E,Kalite onaylı,3632.0147,45,2024,3,10
H00007,320.01.0001,IRS24701424,2024-02-10,5000,5,37.4562,1,YERLİ,30.3167,Numune kabul,H,,6177.4863,60,2024,2,6
D00011,320.01.0001,IRS24701425,2024-03-05,5000,5000,8.0382,1,YERLİ,30.8333,Sevk irsaliyesi,E,Kalite onaylı,1303.4933,60,2024,3,10
D00011,320.01.0009,IRS24701426,2024-02-09,1000,1000,7.9451,1,YERLİ,30.3167,Numune kabul,H,Şartlı kabul,262.0701,90,2024,2,6
H00004,320.01.0009,IRS24701427,2024-01-28,120,0.12,68.1787,1,YERLİ,29.8,Numune kabul,H,,274.5451,90,2024,1,4
D00007,320.01.0009,IRS24701428,2024-01-28,250,250,73.5982,1,YERLİ,29.8,Numune kabul,H,,617.4346,0,2024,1,4
D00004,320.01.0037,IRS24701429,2024-04-22,1000,1000,67.4485,1,İTHAL,31.35,Kısmi teslim,H,,2151.4673,30,2024,4,17
H00003,320.01.0037,IRS24701430,2024-04-27,5000,5,75.7623,1,İTHAL,31.35,Numune kabul,E,Kalite onaylı,12083.3014,60,2024,4,17
H00013,320.01.0015,IRS24701431,2024-01-30,500,500,78.1185,1,YERLİ,29.8,Numune kabul,H,Şartlı kabul,1310.7131,0,2024,1,5
H00001,320.01.0015,IRS24701432,2024-02-07,250,0.25,42.6208,1,YERLİ,30.3167,Sevk irsaliyesi,H,,351.4631,60,2024,2,6
H00014,320.01.0008,IRS24701433,2024-04-23,120,0.12,32.7359,1,YERLİ,31.35,Mal kabul,H,Kalite onaylı,125.3049,45,2024,4,17
D00002,320.01.0008,IRS24701434,2024-04-17,250,250,60.1862,1,YERLİ,31.35,Sevk irsaliyesi,H,Kalite onaylı,479.9537,60,2024,4,16
H00011,320.01.0003,IRS24701435,2024-04-26,120,0.12,35.2471,1,İTHAL,31.35,Sevk irsaliyesi,H,,134.9171,60,2024,4,17
H00011,320.01.0003,IRS24701436,2024-04-24,120,0.12,33.42,1,İTHAL,31.35,Numune kabul,E,Şartlı kabul,127.9234,45,2024,4,17
H00005,320.01.0009,IRS24701437,2024-02-08,10000,10,55.0632,1,YERLİ,30.3167,İthalat dosyası,E,Kalite onaylı,18162.6628,30,2024,2,6
H00012,320.01.0021,IRS24701438,2024-03-04,250,250,29.9658,1,YERLİ,30.8333,Kısmi teslim,E,Şartlı kabul,242.9662,45,2024,3,10
H00010,320.01.0021,IRS24701439,2024-02-18,5000,5,21.7432,1,YERLİ,30.3167,Sevk irsaliyesi,E,Kalite onaylı,3586.0104,30,2024,2,7
D00003,320.01.0021,IRS24701440,2024-04-24,1000,1000,256.0135,1,YERLİ,31.35,İthalat dosyası,E,,8166.2998,30,2024,4,17
D00010,320.01.0007,IRS24701441,2024-02-02,120,120,202.1093,1,YERLİ,30.3167,Kısmi teslim,E,Kalite onaylı,799.992,60,2024,2,5
D00008,320.01.0007,IRS24701442,2024-04-27,5000,5000,272.3989,1,YERLİ,31.35,Numune kabul,H,,43444.8006,30,2024,4,17
H00016,320.01.0007,IRS24701443,2024-03-01,500,500,78.0725,1,YERLİ,30.8333,İthalat dosyası,E,Şartlı kabul,1266.0419,60,2024,3,9
H00011,320.01.0019,IRS24701444,2024-02-01,500,0.5,33.0142,1,YERLİ,30.3167,Mal kabul,H,,544.4887,30,2024,2,5
H00014,320.01.0001,IRS24701445,2024-03-30,2000,2,33.8954,1,YERLİ,30.8333,Sevk irsaliyesi,H,Şartlı kabul,2198.6229,45,2024,3,13
H00013,320.01.0001,IRS24701446,2024-02-19,500,500,92.2702,1,YERLİ,30.3167,Kısmi teslim,H,,1521.7718,0,2024,2,8
H00013,320.01.0004,IRS24701447,2024-02-24,1000,1000,80.9884,1,YERLİ,30.3167,Sevk irsaliyesi,H,Kalite onaylı,2671.4121,30,2024,2,8
H00012,320.01.0008,IRS24701448,2024-03-09,120,120,25.7475,1,YERLİ,30.8333,İthalat dosyası,H,Şartlı kabul,100.2066,60,2024,3,10
H00016,320.01.0008,IRS24701449,2024-02-18,5000,5000,73.6127,1,YERLİ,30.3167,İthalat dosyası,H,Şartlı kabul,12140.6189,90,2024,2,7
H00004,320.01.0025,IRS24701450,2024-02-12,250,0.25,63.6535,1,İTHAL,30.3167,Kısmi teslim,E,Kalite onaylı,524.9046,0,2024,2,7
H00015,320.01.0025,IRS24701451,2024-02-22,250,0.25,37.2713,1,İTHAL,30.3167,Kısmi teslim,H,Şartlı kabul,307.3496,0,2024,2,8
D00010,320.01.0012,IRS24701452,2024-02-09,2000,2000,167.0667,1,YERLİ,30.3167,Sevk irsaliyesi,E,,11021.4304,0,2024,2,6
D00005,320.01.0001,IRS24701453,2024-03-11,5000,5000,268.1798,1,YERLİ,30.8333,İthalat dosyası,E,Kalite onaylı,43488.6632,90,2024,3,11
D00003,320.01.0028,IRS24701454,2024-05-01,1000,1000,265.1527,1,YERLİ,31.8667,Numune kabul,E,,8320.6827,0,2024,5,18
D00008,320.01.0028,IRS24701455,2024-04-27,10000,10000,289.1399,1,YERLİ,31.35,Kısmi teslim,H,,92229.6332,45,2024,4,17
H00007,320.01.0028,IRS24701456,2024-02-17,500,0.5,43.012,1,YERLİ,30.3167,Mal kabul,E,Kalite onaylı,709.378,45,2024,2,7
D00005,320.01.0046,IRS24701457,2024-04-29,60,60,257.7736,1,YERLİ,31.35,İthalat dosyası,H,Şartlı kabul,493.3466,0,2024,4,18
H00011,320.01.0046,IRS24701458,2024-03-10,250,0.25,32.0074,1,YERLİ,30.8333,Kısmi teslim,E,Kalite onaylı,259.5197,90,2024,3,10
H00001,320.01.0051,IRS24701459,2024-02-27,5000,5,50.1621,1,YERLİ,30.3167,Kısmi teslim,E,Şartlı kabul,8273.0145,60,2024,2,9
H00006,320.01.0051,IRS24701460,2024-03-28,5000,5,104.4341,1,YERLİ,30.8333,Kısmi teslim,H,Kalite onaylı,16935.2778,60,2024,3,13
H00003,320.01.0005,IRS24701461,2024-04-06,5000,5,60.7439,1,YERLİ,31.35,Numune kabul,H,,9688.0223,30,2024,4,14
D00010,320.01.0045,IRS24701462,2024-02-06,250,250,205.3266,1,YERLİ,30.3167,İthalat dosyası,E,,1693.1807,60,2024,2,6
D00001,320.01.0019,IRS24701463,2024-02-12,10000,10000,31.8002,1,YERLİ,30.3167,Sevk irsaliyesi,H,Kalite onaylı,10489.3343,0,2024,2,7
H00008,320.01.0048,IRS24701464,2024-02-17,2000,2,58.5749,1,YERLİ,30.3167,Kısmi teslim,H,Kalite onaylı,3864.2003,90,2024,2,7
H00010,320.01.0048,IRS24701465,2024-02-19,250,0.25,22.2101,1,YERLİ,30.3167,Numune kabul,E,Şartlı kabul,183.1507,60,2024,2,8
H00005,320.01.0001,IRS24701466,2024-02-29,1000,1,49.3661,1,YERLİ,30.3167,Sevk irsaliyesi,E,,1628.3468,45,2024,2,9
D00004,320.01.0007,IRS24701468,2024-03-23,120,120,70.3623,1,YERLİ,30.8333,İthalat dosyası,E,,273.8428,60,2024,3,12
H00010,320.01.0008,IRS24701469,2024-02-23,125,0.125,20.802,1,YERLİ,30.3167,Sevk irsaliyesi,H,,85.7696,30,2024,2,8
H00013,320.01.0001,IRS24701470,2024-04-30,250,250,85.8478,1,YERLİ,31.35,Kısmi teslim,H,Kalite onaylı,684.5917,30,2024,4,18
H00007,320.01.0001,IRS24701471,2024-03-02,120,0.12,43.6283,1,YERLİ,30.8333,Kısmi teslim,H,,169.7968,30,2024,3,9
H00010,320.01.0001,IRS24701472,2024-03-28,250,0.25,21.3607,1,YERLİ,30.8333,Sevk irsaliyesi,H,Şartlı kabul,173.1951,45,2024,3,13
H00010,320.01.0003,IRS24701473,2024-03-06,2000,2,18.1815,1,İTHAL,30.8333,İthalat dosyası,H,Kalite onaylı,1179.3418,60,2024,3,10
H00012,320.01.0006,IRS24701474,2024-03-18,120,120,30.1398,1,YERLİ,30.8333,Mal kabul,H,,117.301,30,2024,3,12
H00012,320.01.0006,IRS24701475,2024-02-07,500,500,25.2527,1,YERLİ,30.3167,Mal kabul,E,Kalite onaylı,416.4817,60,2024,2,6
H00011,320.01.0052,IRS24701476,2024-02-19,500,0.5,34.8476,1,YERLİ,30.3167,Sevk irsaliyesi,E,Kalite onaylı,574.7261,90,2024,2,8
H00015,320.01.0004,IRS24701477,2024-05-09,5000,5,40.0891,1,YERLİ,31.8667,Sevk irsaliyesi,H,,6290.1242,60,2024,5,19
D00010,320.01.0004,IRS24701478,2024-04-02,250,250,163.8511,1,YERLİ,31.35,Kısmi teslim,E,Şartlı kabul,1306.6276,0,2024,4,14
D00002,320.01.0019,IRS24701479,2024-05-06,1000,1000,59.7369,1,YERLİ,31.8667,Numune kabul,E,Kalite onaylı,1874.587,90,2024,5,19
H00011,320.01.0001,IRS24701480,2024-04-04,250,0.25,30.4864,1,YERLİ,31.35,Numune kabul,H,,243.1132,30,2024,4,14
D00002,320.01.0024,IRS24701481,2024-03-30,500,500,61.0631,1,YERLİ,30.8333,İthalat dosyası,H,,990.2135,30,2024,3,13
H00004,320.01.0001,IRS24701482,2024-03-06,120,0.12,61.5135,1,YERLİ,30.8333,Sevk irsaliyesi,H,,239.4042,60,2024,3,10
H00001,320.01.0001,IRS24701483,2024-02-29,5000,5,47.5662,1,YERLİ,30.3167,Numune kabul,H,,7844.8842,30,2024,2,9
H00014,320.01.0001,IRS24701484,2024-02-20,2000,2,35.9826,1,YERLİ,30.3167,İthalat dosyası,E,Şartlı kabul,2373.7808,45,2024,2,8
D00001,320.01.0001,IRS24701485,2024-03-29,2000,2000,35.1258,1,YERLİ,30.8333,Numune kabul,E,Kalite onaylı,2278.4327,30,2024,3,13
H00010,320.01.0004,IRS24701487,2024-03-18,500,0.5,22.4379,1,YERLİ,30.8333,İthalat dosyası,E,Kalite onaylı,363.8582,45,2024,3,12
D00009,320.01.0004,IRS24701488,2024-02-22,10000,10000,217.6532,1,YERLİ,30.3167,İthalat dosyası,H,,71793.1701,90,2024,2,8
H00004,320.01.0003,IRS24701489,2024-03-27,1000,1,64.5996,1,İTHAL,30.8333,Mal kabul,H,,2095.1244,30,2024,3,13
D00006,320.01.0003,IRS24701490,2024-03-27,5000,5000,268.5646,1,İTHAL,30.8333,Numune kabul,H,,43551.0633,30,2024,3,13
D00012,320.01.0010,IRS24701491,2024-05-18,5000,5000,114.5376,1,YERLİ,31.8667,Numune kabul,H,Şartlı kabul,17971.362,30,2024,5,20
H00004,320.01.0010,IRS24701492,2024-02-19,2000,2,66.2179,1,YERLİ,30.3167,Kısmi teslim,H,Şartlı kabul,4368.4108,60,2024,2,8
H00002,320.01.0002,IRS24701493,2024-02-18,10000,10,19.7403,1,YERLİ,30.3167,Mal kabul,H,Kalite onaylı,6511.3617,30,2024,2,7
H00013,320.01.0007,IRS24701495,2024-05-13,10000,10000,80.3089,1,YERLİ,31.8667,Sevk irsaliyesi,E,Şartlı kabul,25201.5113,30,2024,5,20
D00010,320.01.0005,IRS24701496,2024-02-22,500,500,169.679,1,YERLİ,30.3167,İthalat dosyası,E,Kalite onaylı,2798.4411,60,2024,2,8
H00016,320.01.0005,IRS24701497,2024-02-28,500,500,73.3383,1,YERLİ,30.3167,Mal kabul,E,,1209.5363,60,2024,2,9
H00003,320.01.0018,IRS24701498,2024-05-16,5000,5,68.7714,1,YERLİ,31.8667,Kısmi teslim,H,,10790.4803,30,2024,5,20
D00003,320.01.0018,IRS24701499,2024-03-25,500,500,268.0195,1,YERLİ,30.8333,İthalat dosyası,H,,4346.2669,0,2024,3,13
H00011,320.01.0003,IRS24701500,2024-03-08,10000,10,35.1833,1,İTHAL,30.8333,Mal kabul,E,Kalite onaylı,11410.8123,30,2024,3,10
H00004,320.01.0007,IRS24701501,2024-03-27,2000,2,63.9516,1,YERLİ,30.8333,Numune kabul,E,,4148.2164,90,2024,3,13
H00009,320.01.0037,IRS24701502,2024-03-09,1000,1,76.7795,1,İTHAL,30.8333,Mal kabul,E,,2490.1486,0,2024,3,10
D00008,320.01.0037,IRS24701503,2024-02-27,500,500,296.5297,1,İTHAL,30.3167,İthalat dosyası,H,Şartlı kabul,4890.5339,45,2024,2,9
D00003,320.01.0001,IRS24701504,2024-03-23,120,120,289.4081,1,YERLİ,30.8333,Sevk irsaliyesi,H,Kalite onaylı,1126.3463,0,2024,3,12
H00016,320.01.0024,IRS24701505,2024-05-12,10000,10000,85.8146,1,YERLİ,31.8667,Sevk irsaliyesi,H,Şartlı kabul,26929.2396,45,2024,5,19
H00010,320.01.0024,IRS24701506,2024-03-13,10000,10,19.1257,1,YERLİ,30.8333,İthalat dosyası,E,Kalite onaylı,6202.9364,90,2024,3,11
D00009,320.01.0024,IRS24701507,2024-03-12,120,120,204.5958,1,YERLİ,30.8333,Numune kabul,E,Kalite onaylı,796.2656,0,2024,3,11
H00007,320.01.0017,IRS24701508,2024-03-01,2000,2,44.3034,1,YERLİ,30.8333,Mal kabul,E,Kalite onaylı,2873.7372,60,2024,3,9
H00015,320.01.0031,IRS24701509,2024-04-09,120,0.12,38.1552,1,YERLİ,31.35,Mal kabul,H,,146.0486,0,2024,4,15
D00005,320.01.0031,IRS24701510,2024-02-19,250,250,234.2259,1,YERLİ,30.3167,İthalat dosyası,E,Kalite onaylı,1931.4924,0,2024,2,8
H00013,320.01.0003,IRS24701511,2024-05-11,1000,1000,93.6291,1,İTHAL,31.8667,İthalat dosyası,H,,2938.1486,30,2024,5,19
D00009,320.01.0003,IRS24701512,2024-03-05,5000,5000,196.0202,1,İTHAL,30.8333,Kısmi teslim,E,Şartlı kabul,31787.0938,30,2024,3,10
H00015,320.01.0001,IRS24701513,2024-03-06,2000,2,38.5447,1,YERLİ,30.8333,Kısmi teslim,H,Şartlı kabul,2500.1995,60,2024,3,10
H00015,320.01.0009,IRS24701514,2024-05-16,1000,1,37.2883,1,YERLİ,31.8667,Kısmi teslim,H,Kalite onaylı,1170.1337,60,2024,5,20
H00002,320.01.0009,IRS24701515,2024-03-14,1000,1,20.2921,1,YERLİ,30.8333,Sevk irsaliyesi,H,,658.1229,30,2024,3,11
D00005,320.01.0017,IRS24701517,2024-04-03,120,120,236.7327,1,YERLİ,31.35,Mal kabul,E,Kalite onaylı,906.1539,60,2024,4,14
H00004,320.01.0001,IRS24701518,2024-05-10,10000,10,70.7769,1,YERLİ,31.8667,Kısmi teslim,E,,22210.301,0,2024,5,19
H00014,320.01.0001,IRS24701519,2024-04-17,1000,1,33.9808,1,YERLİ,31.35,İthalat dosyası,E,Şartlı kabul,1083.9171,45,2024,4,16
D00004,320.01.0001,IRS24701520,2024-04-22,5000,5000,64.5968,1,YERLİ,31.35,İthalat dosyası,H,,10302.5199,0,2024,4,17
D00007,320.01.0001,IRS24701521,2024-02-29,120,120,69.012,1,YERLİ,30.3167,İthalat dosyası,H,Kalite onaylı,273.1643,30,2024,2,9
D00001,320.01.0001,IRS24701522,2024-05-23,10000,10000,34.8303,1,YERLİ,31.8667,Numune kabul,E,,10929.999,0,2024,5,21
H00011,320.01.0001,IRS24701523,2024-03-12,250,0.25,34.2105,1,YERLİ,30.8333,İthalat dosyası,H,Kalite onaylı,277.3827,90,2024,3,11
H00006,320.01.0001,IRS24701524,2024-05-19,10000,10,107.1675,1,YERLİ,31.8667,Sevk irsaliyesi,E,Şartlı kabul,33629.9334,90,2024,5,20
H00004,320.01.0001,IRS24701525,2024-05-24,250,0.25,63.6943,1,YERLİ,31.8667,Mal kabul,E,Şartlı kabul,499.6933,60,2024,5,21
D00002,320.01.0001,IRS24701526,2024-04-02,250,250,53.2839,1,YERLİ,31.35,Sevk irsaliyesi,E,Kalite onaylı,424.9115,45,2024,4,14
D00002,320.01.0050,IRS24701527,2024-03-14,120,120,54.0992,1,YERLİ,30.8333,Sevk irsaliyesi,H,Şartlı kabul,210.5485,90,2024,3,11
H00015,320.01.0050,IRS24701528,2024-03-20,1000,1,41.6,1,YERLİ,30.8333,Numune kabul,E,,1349.1906,45,2024,3,12
D00012,320.01.0001,IRS24701529,2024-03-04,5000,5000,135.5728,1,YERLİ,30.8333,Sevk irsaliyesi,E,Şartlı kabul,21984.8021,90,2024,3,10
D00009,320.01.0001,IRS24701530,2024-05-25,250,250,212.8391,1,YERLİ,31.8667,Sevk irsaliyesi,E,Kalite onaylı,1669.7611,30,2024,5,21
H00002,320.01.0015,IRS24701531,2024-03-06,5000,5,18.5383,1,YERLİ,30.8333,Mal kabul,H,Şartlı kabul,3006.2141,0,2024,3,10
D00007,320.01.0015,IRS24701532,2024-03-24,1000,1000,67.7578,1,YERLİ,30.8333,Kısmi teslim,H,Kalite onaylı,2197.5526,45,2024,3,12
H00009,320.01.0008,IRS24701533,2024-02-27,1000,1,64.8027,1,YERLİ,30.3167,Numune kabul,H,Şartlı kabul,2137.5249,0,2024,2,9
D00012,320.01.0003,IRS24701534,2024-03-07,500,500,123.2885,1,İTHAL,30.8333,İthalat dosyası,H,Şartlı kabul,1999.2751,60,2024,3,10
H00016,320.01.0001,IRS24701535,2024-05-16,2000,2000,73.3691,1,YERLİ,31.8667,Mal kabul,H,Şartlı kabul,4604.7504,45,2024,5,20
D00005,320.01.0001,IRS24701536,2024-05-29,2000,2000,243.078,1,YERLİ,31.8667,Numune kabul,H,Şartlı kabul,15255.9255,45,2024,5,22
H00010,320.01.0024,IRS24701537,2024-03-10,10000,10,21.189,1,YERLİ,30.8333,Mal kabul,H,Şartlı kabul,6872.1155,0,2024,3,10
H00006,320.01.0002,IRS24701538,2024-04-27,2000,2,103.5347,1,YERLİ,31.35,Kısmi teslim,E,Kalite onaylı,6605.0845,60,2024,4,17
H00016,320.01.0030,IRS24701539,2024-05-30,5000,5000,82.5673,1,YERLİ,31.8667,Sevk irsaliyesi,H,Kalite onaylı,12955.1067,90,2024,5,22
H00013,320.01.0030,IRS24701540,2024-03-22,500,500,80.5045,1,YERLİ,30.8333,İthalat dosyası,H,Şartlı kabul,1305.4798,0,2024,3,12
D00008,320.01.0045,IRS24701541,2024-03-13,120,120,282.1547,1,YERLİ,30.8333,Numune kabul,H,Kalite onaylı,1098.1168,45,2024,3,11
D00012,320.01.0045,IRS24701542,2024-04-12,2000,2000,123.4927,1,YERLİ,31.35,Numune kabul,H,,7878.3222,45,2024,4,15
H00010,320.01.0045,IRS24701543,2024-05-26,120,0.12,19.2751,1,YERLİ,31.8667,Kısmi teslim,H,Kalite onaylı,72.584,30,2024,5,21
D00002,320.01.0050,IRS24701544,2024-04-16,10000,10000,50.981,1,YERLİ,31.35,Numune kabul,E,Şartlı kabul,16261.882,60,2024,4,16
H00013,320.01.0003,IRS24701545,2024-04-12,5000,5000,89.6419,1,İTHAL,31.35,İthalat dosyası,E,Şartlı kabul,14296.9537,0,2024,4,15
D00006,320.01.0003,IRS24701546,2024-04-24,500,500,316.085,1,İTHAL,31.35,Numune kabul,H,Şartlı kabul,5041.2281,30,2024,4,17
H00006,320.01.0003,IRS24701547,2024-04-25,1000,1,92.4171,1,İTHAL,31.35,Mal kabul,H,Kalite onaylı,2947.9139,60,2024,4,17
H00006,320.01.0003,IRS24701549,2024-04-21,5000,5,96.0206,1,İTHAL,31.35,Kısmi teslim,H,,15314.2903,0,2024,4,16
H00016,320.01.0003,IRS24701550,2024-03-07,1000,1000,73.9889,1,İTHAL,30.8333,Numune kabul,E,Kalite onaylı,2399.6426,45,2024,3,10
D00006,320.01.0032,IRS24701551,2024-03-26,1000,1000,255.9812,1,YERLİ,30.8333,Numune kabul,E,Şartlı kabul,8302.1019,30,2024,3,13
H00012,320.01.0001,IRS24701552,2024-04-16,250,250,25.5758,1,YERLİ,31.35,İthalat dosyası,E,Şartlı kabul,203.9537,90,2024,4,16
D00008,320.01.0001,IRS24701553,2024-03-06,10000,10000,308.0742,1,YERLİ,30.8333,Sevk irsaliyesi,E,,99916.0648,60,2024,3,10
H00001,320.01.0006,IRS24701554,2024-05-05,120,0.12,50.7265,1,YERLİ,31.8667,Numune kabul,E,Kalite onaylı,191.0201,60,2024,5,18
H00015,320.01.0006,IRS24701555,2024-05-02,120,0.12,36.3704,1,YERLİ,31.8667,İthalat dosyası,E,Kalite onaylı,136.9595,0,2024,5,18
H00015,320.01.0001,IRS24701556,2024-05-23,5000,5,40.3219,1,YERLİ,31.8667,Sevk irsaliyesi,H,Şartlı kabul,6326.6513,90,2024,5,21
H00012,320.01.0001,IRS24701557,2024-03-12,500,500,25.3505,1,YERLİ,30.8333,Kısmi teslim,H,Şartlı kabul,411.0896,45,2024,3,11
H00009,320.01.0019,IRS24701558,2024-03-02,5000,5,71.8401,1,YERLİ,30.8333,Numune kabul,E,Şartlı kabul,11649.7585,0,2024,3,9
D00001,320.01.0010,IRS24701559,2024-03-27,2000,2000,31.6902,1,YERLİ,30.8333,Kısmi teslim,E,,2055.5828,45,2024,3,13
H00013,320.01.0012,IRS24701560,2024-04-05,2000,2000,92.7852,1,YERLİ,31.35,İthalat dosyası,E,,5919.311,45,2024,4,14
H00009,320.01.0021,IRS24701561,2024-03-30,120,0.12,69.6744,1,YERLİ,30.8333,Kısmi teslim,E,Kalite onaylı,271.1655,90,2024,3,13
H00012,320.01.0044,IRS24701562,2024-04-24,1000,1000,25.8722,1,YERLİ,31.35,Numune kabul,H,Kalite onaylı,825.2695,0,2024,4,17
D00011,320.01.0006,IRS24701563,2024-03-20,500,500,8.1901,1,YERLİ,30.8333,Mal kabul,H,Şartlı kabul,132.8126,0,2024,3,12
H00011,320.01.0003,IRS24701564,2024-04-24,2500,2.5,34.0242,1,İTHAL,31.35,Mal kabul,H,Şartlı kabul,2713.2536,0,2024,4,17
D00002,320.01.0003,IRS24701565,2024-03-11,120,120,53.7422,1,İTHAL,30.8333,Numune kabul,E,Şartlı kabul,209.1591,60,2024,3,11
D00009,320.01.0028,IRS24701567,2024-03-16,5000,5000,203.8454,1,YERLİ,30.8333,Sevk irsaliyesi,E,Şartlı kabul,33056.0465,30,2024,3,11
D00003,320.01.0028,IRS24701568,2024-03-23,120,120,270.5684,1,YERLİ,30.8333,İthalat dosyası,E,Şartlı kabul,1053.0241,0,2024,3,12
D00005,320.01.0028,IRS24701569,2024-04-26,10000,10000,275.1255,1,YERLİ,31.35,Numune kabul,H,Kalite onaylı,87759.3301,90,2024,4,17
H00012,320.01.0003,IRS24701570,2024-06-08,2000,2000,31.5374,1,İTHAL,32.3833,Numune kabul,H,Kalite onaylı,1947.757,30,2024,6,23
H00009,320.01.0002,IRS24701571,2024-03-17,120,0.12,73.096,1,YERLİ,30.8333,Numune kabul,E,,284.482,0,2024,3,11
H00001,320.01.0029,IRS24701572,2024-03-21,500,0.5,42.3338,1,YERLİ,30.8333,Sevk irsaliyesi,E,Şartlı kabul,686.4948,45,2024,3,12
H00014,320.01.0029,IRS24701573,2024-04-08,10000,10,28.8035,1,YERLİ,31.35,Mal kabul,H,Şartlı kabul,9187.7193,60,2024,4,15
H00011,320.01.0049,IRS24701574,2024-04-03,500,0.5,38.0245,1,YERLİ,31.35,İthalat dosyası,H,,606.4514,90,2024,4,14
D00011,320.01.0003,IRS24701575,2024-04-12,2000,2000,8.1252,1,İTHAL,31.35,Kısmi teslim,H,,518.3541,45,2024,4,15
D00008,320.01.0003,IRS24701576,2024-05-01,500,500,275.9304,1,İTHAL,31.8667,Numune kabul,H,Kalite onaylı,4329.4474,60,2024,5,18
D00006,320.01.0003,IRS24701579,2024-03-25,10000,10000,268.5683,1,İTHAL,30.8333,Mal kabul,H,Şartlı kabul,87103.3266,30,2024,3,13
H00010,320.01.0003,IRS24701580,2024-04-24,120,0.12,21.4064,1,İTHAL,31.35,İthalat dosyası,E,Şartlı kabul,81.9384,45,2024,4,17
H00009,320.01.0032,IRS24701581,2024-05-14,2000,2,69.5766,1,YERLİ,31.8667,Mal kabul,E,Kalite onaylı,4366.7276,30,2024,5,20
H00003,320.01.0003,IRS24701582,2024-04-03,2000,2,71.0902,1,İTHAL,31.35,Numune kabul,H,,4535.26,45,2024,4,14
D00008,320.01.0034,IRS24701583,2024-04-11,5000,5000,323.0886,1,YERLİ,31.35,Kısmi teslim,E,,51529.2823,30,2024,4,15
H00009,320.01.0034,IRS24701584,2024-05-17,1000,1,66.0634,1,YERLİ,31.8667,İthalat dosyası,H,Kalite onaylı,2073.1171,0,2024,5,20
H00002,320.01.0034,IRS24701585,2024-03-22,5000,5,19.0595,1,YERLİ,30.8333,Kısmi teslim,E,Kalite onaylı,3090.7331,60,2024,3,12
H00006,320.01.0003,IRS24701586,2024-05-02,1000,1,106.6669,1,İTHAL,31.8667,İthalat dosyası,H,,3347.2842,90,2024,5,18
H00005,320.01.0016,IRS24701587,2024-05-13,500,0.5,55.135,1,YERLİ,31.8667,Numune kabul,E,Kalite onaylı,865.088,60,2024,5,20
H00015,320.01.0016,IRS24701588,2024-03-29,250,0.25,35.0578,1,YERLİ,30.8333,Kısmi teslim,E,,284.2527,90,2024,3,13
H00003,320.01.0016,IRS24701589,2024-05-17,120,0.12,73.3759,1,YERLİ,31.8667,Kısmi teslim,H,Kalite onaylı,276.3106,30,2024,5,20
D00006,320.01.0035,IRS24701590,2024-03-13,2000,2000,273.6537,1,İTHAL,30.8333,Sevk irsaliyesi,E,Kalite onaylı,17750.5295,30,2024,3,11
H00005,320.01.0035,IRS24701591,2024-03-24,500,0.5,44.8576,1,İTHAL,30.8333,Numune kabul,E,Kalite onaylı,727.4213,90,2024,3,12
H00002,320.01.0001,IRS24701592,2024-03-22,1000,1,18.2306,1,YERLİ,30.8333,Mal kabul,E,Kalite onaylı,591.2633,60,2024,3,12
H00007,320.01.0001,IRS24701593,2024-04-07,5000,5,46.5272,1,YERLİ,31.35,İthalat dosyası,E,Kalite onaylı,7420.6061,45,2024,4,14
D00004,320.01.0023,IRS24701594,2024-04-15,1000,1000,58.1926,1,İTHAL,31.35,Sevk irsaliyesi,E,Şartlı kabul,1856.2233,0,2024,4,16
H00002,320.01.0023,IRS24701595,2024-04-07,120,0.12,19.0352,1,İTHAL,31.35,Mal kabul,E,Kalite onaylı,72.862,0,2024,4,14
H00011,320.01.0045,IRS24701596,2024-05-17,120,0.12,37.2266,1,YERLİ,31.8667,İthalat dosyası,E,,140.1837,45,2024,5,20
D00011,320.01.0045,IRS24701597,2024-04-04,1000,1000,8.9353,1,YERLİ,31.35,Numune kabul,H,Şartlı kabul,285.0175,45,2024,4,14
D00007,320.01.0002,IRS24701598,2024-05-11,10000,10000,76.2179,1,YERLİ,31.8667,Numune kabul,H,Kalite onaylı,23917.726,45,2024,5,19
H00013,320.01.0001,IRS24701599,2024-04-17,10000,10000,83.3592,1,YERLİ,31.35,Kısmi teslim,H,Kalite onaylı,26589.8565,90,2024,4,16
H00014,320.01.0001,IRS24701600,2024-04-10,1000,1,36.6821,1,YERLİ,31.35,Mal kabul,H,Kalite onaylı,1170.0829,90,2024,4,15
H00014,320.01.0001,IRS24701601,2024-03-22,120,0.12,28.7593,1,YERLİ,30.8333,Mal kabul,H,,111.9282,90,2024,3,12
H00016,320.01.0026,IRS24701602,2024-05-14,250,250,77.4834,1,YERLİ,31.8667,Numune kabul,H,,607.8712,45,2024,5,20
D00001,320.01.0026,IRS24701603,2024-04-06,2000,2000,34.5502,1,YERLİ,31.35,Sevk irsaliyesi,H,Şartlı kabul,2204.1595,45,2024,4,14
D00009,320.01.0024,IRS24701604,2024-04-30,5000,5000,230.1649,1,YERLİ,31.35,Numune kabul,H,Şartlı kabul,36708.9155,45,2024,4,18
D00006,320.01.0024,IRS24701605,2024-04-03,1000,1000,318.9296,1,YERLİ,31.35,Sevk irsaliyesi,H,Şartlı kabul,10173.193,30,2024,4,14
H00013,320.01.0015,IRS24701606,2024-04-03,500,500,93.1716,1,YERLİ,31.35,İthalat dosyası,E,,1485.9904,45,2024,4,14
H00003,320.01.0015,IRS24701607,2024-03-20,250,0.25,72.7373,1,YERLİ,30.8333,Mal kabul,E,Kalite onaylı,589.7625,30,2024,3,12
H00016,320.01.0004,IRS24701608,2024-05-02,250,250,77.3213,1,YERLİ,31.8667,Kısmi teslim,H,,606.5995,90,2024,5,18
D00009,320.01.0004,IRS24701609,2024-03-28,1000,1000,199.7921,1,YERLİ,30.8333,Numune kabul,E,Kalite onaylı,6479.7508,60,2024,3,13
D00001,320.01.0003,IRS24701610,2024-04-12,250,250,33.7857,1,İTHAL,31.35,İthalat dosyası,E,,269.4234,45,2024,4,15
H00015,320.01.0007,IRS24701612,2024-03-25,2000,2,41.4148,1,YERLİ,30.8333,Sevk irsaliyesi,E,Şartlı kabul,2686.3683,30,2024,3,13
H00012,320.01.0007,IRS24701613,2024-03-25,10000,10000,29.2803,1,YERLİ,30.8333,İthalat dosyası,H,,9496.3238,30,2024,3,13
H00010,320.01.0051,IRS24701614,2024-04-27,120,0.12,18.7846,1,YERLİ,31.35,Numune kabul,E,Kalite onaylı,71.9028,45,2024,4,17
H00005,320.01.0003,IRS24701615,2024-04-07,120,0.12,56.4938,1,İTHAL,31.35,Mal kabul,E,Şartlı kabul,216.2442,30,2024,4,14
H00010,320.01.0015,IRS24701616,2024-04-30,1000,1,20.7265,1,YERLİ,31.35,Sevk irsaliyesi,H,Kalite onaylı,661.1324,60,2024,4,18
H00011,320.01.0001,IRS24701617,2024-04-25,500,0.5,38.6039,1,YERLİ,31.35,Numune kabul,E,,615.6922,30,2024,4,17
H00009,320.01.0001,IRS24701618,2024-05-24,10000,10,69.8787,1,YERLİ,31.8667,Numune kabul,E,,21928.4394,45,2024,5,21
D00011,320.01.0001,IRS24701619,2024-04-09,250,250,8.2102,1,YERLİ,31.35,Mal kabul,E,,65.4721,30,2024,4,15
H00016,320.01.0001,IRS24701621,2024-03-30,500,500,73.3965,1,YERLİ,30.8333,İthalat dosyası,H,,1190.2148,0,2024,3,13
H00003,320.01.0030,IRS24701622,2024-03-25,5000,5,74.132,1,YERLİ,30.8333,Numune kabul,H,Şartlı kabul,12021.4184,45,2024,3,13
D00004,320.01.0030,IRS24701623,2024-06-18,5000,5000,66.5999,1,YERLİ,32.3833,Sevk irsaliyesi,E,,10283.0626,30,2024,6,25
H00008,320.01.0030,IRS24701624,2024-05-14,120,0.12,56.8756,1,YERLİ,31.8667,Mal kabul,H,Şartlı kabul,214.1757,60,2024,5,20
H00013,320.01.0003,IRS24701625,2024-04-23,2000,2000,85.3984,1,İTHAL,31.35,Mal kabul,H,,5448.0638,90,2024,4,17
H00013,320.01.0047,IRS24701626,2024-04-16,2000,2000,92.901,1,YERLİ,31.35,Numune kabul,E,Kalite onaylı,5926.6986,60,2024,4,16
H00010,320.01.0047,IRS24701627,2024-04-02,2000,2,23.9453,1,YERLİ,31.35,Sevk irsaliyesi,E,Şartlı kabul,1527.6108,90,2024,4,14
H00014,320.01.0047,IRS24701628,2024-04-16,500,0.5,29.9398,1,YERLİ,31.35,Mal kabul,E,Şartlı kabul,477.5088,45,2024,4,16
D00006,320.01.0002,IRS24701629,2024-06-12,1000,1000,299.2065,1,YERLİ,32.3833,Numune kabul,H,Kalite onaylı,9239.5309,60,2024,6,24
H00005,320.01.0002,IRS24701630,2024-04-14,5000,5,50.7176,1,YERLİ,31.35,Sevk irsaliyesi,E,Şartlı kabul,8088.9314,45,2024,4,15
H00016,320.01.0002,IRS24701631,2024-03-28,2000,2000,78.094,1,YERLİ,30.8333,Numune kabul,H,Şartlı kabul,5065.5622,0,2024,3,13
H00001,320.01.0017,IRS24701632,2024-05-12,250,0.25,48.1428,1,YERLİ,31.8667,Sevk irsaliyesi,E,Şartlı kabul,377.6889,0,2024,5,19
D00003,320.01.0017,IRS24701633,2024-04-02,5000,5000,299.0695,1,YERLİ,31.35,Numune kabul,E,Kalite onaylı,47698.4848,90,2024,4,14
H00006,320.01.0011,IRS24701634,2024-03-30,10000,10,111.5806,1,YERLİ,30.8333,Sevk irsaliyesi,E,Kalite onaylı,36188.3418,30,2024,3,13
H00008,320.01.0011,IRS24701635,2024-04-14,250,0.25,55.9524,1,YERLİ,31.35,Kısmi teslim,H,Şartlı kabul,446.1914,45,2024,4,15
H00004,320.01.0008,IRS24701636,2024-04-07,1000,1,70.2992,1,YERLİ,31.35,İthalat dosyası,E,Şartlı kabul,2242.3987,60,2024,4,14
H00001,320.01.0008,IRS24701637,2024-06-15,5000,5,46.7753,1,YERLİ,32.3833,İthalat dosyası,E,Şartlı kabul,7222.133,90,2024,6,24
H00010,320.01.0008,IRS24701638,2024-04-17,500,0.5,21.0633,1,YERLİ,31.35,Sevk irsaliyesi,H,Kalite onaylı,335.9378,30,2024,4,16
H00004,320.01.0014,IRS24701639,2024-04-09,2000,2,64.7569,1,YERLİ,31.35,Sevk irsaliyesi,H,Şartlı kabul,4131.2217,0,2024,4,15
D00002,320.01.0002,IRS24701640,2024-04-08,500,500,62.6934,1,YERLİ,31.35,Kısmi teslim,H,Kalite onaylı,999.8947,0,2024,4,15
H00004,320.01.0002,IRS24701641,2024-04-03,5000,5,61.9715,1,YERLİ,31.35,Sevk irsaliyesi,H,,9883.8118,45,2024,4,14
H00004,320.01.0017,IRS24701642,2024-04-30,2000,2,63.9068,1,YERLİ,31.35,Sevk irsaliyesi,E,Kalite onaylı,4076.9888,60,2024,4,18
D00007,320.01.0002,IRS24701643,2024-04-17,120,120,67.6267,1,YERLİ,31.35,Numune kabul,H,,258.8582,90,2024,4,16
H00009,320.01.0003,IRS24701644,2024-06-15,500,0.5,79.3261,1,İTHAL,32.3833,Mal kabul,H,Kalite onaylı,1224.7995,90,2024,6,24
D00007,320.01.0020,IRS24701645,2024-04-16,120,120,67.4383,1,YERLİ,31.35,Kısmi teslim,H,Kalite onaylı,258.137,90,2024,4,16
H00006,320.01.0020,IRS24701646,2024-03-28,250,0.25,106.8953,1,YERLİ,30.8333,İthalat dosyası,H,Kalite onaylı,866.7196,60,2024,3,13
D00006,320.01.0020,IRS24701647,2024-04-16,5000,5000,276.3321,1,YERLİ,31.35,Sevk irsaliyesi,H,Şartlı kabul,44072.1053,30,2024,4,16
H00005,320.01.0004,IRS24701648,2024-04-22,250,0.25,56.3829,1,YERLİ,31.35,Kısmi teslim,H,Şartlı kabul,449.6244,0,2024,4,17
H00003,320.01.0004,IRS24701649,2024-04-24,500,0.5,68.9156,1,YERLİ,31.35,Sevk irsaliyesi,H,Şartlı kabul,1099.1324,0,2024,4,17
D00012,320.01.0018,IRS24701650,2024-03-28,250,250,131.7561,1,YERLİ,30.8333,Mal kabul,E,Kalite onaylı,1068.2939,45,2024,3,13
H00007,320.01.0020,IRS24701651,2024-05-31,1000,1,40.865,1,YERLİ,31.8667,Mal kabul,E,Şartlı kabul,1282.3731,45,2024,5,22
H00015,320.01.0028,IRS24701652,2024-06-20,5000,5,38.4918,1,YERLİ,32.3833,Mal kabul,H,,5943.1559,45,2024,6,25
D00011,320.01.0028,IRS24701653,2024-04-22,500,500,8.7747,1,YERLİ,31.35,Kısmi teslim,H,,139.9474,0,2024,4,17
H00015,320.01.0028,IRS24701654,2024-05-29,2000,2,34.7605,1,YERLİ,31.8667,İthalat dosyası,H,Kalite onaylı,2181.6191,0,2024,5,22
D00005,320.01.0012,IRS24701655,2024-05-04,1000,1000,284.6997,1,YERLİ,31.8667,İthalat dosyası,E,Kalite onaylı,8934.0817,60,2024,5,18
H00009,320.01.0012,IRS24701656,2024-06-17,120,0.12,67.1009,1,YERLİ,32.3833,İthalat dosyası,H,,248.65,0,2024,6,25
H00010,320.01.0012,IRS24701657,2024-04-10,10000,10,19.4667,1,YERLİ,31.35,Kısmi teslim,E,Kalite onaylı,6209.4737,0,2024,4,15
D00005,320.01.0031,IRS24701658,2024-04-24,2000,2000,265.6911,1,YERLİ,31.35,Numune kabul,H,,16949.9904,90,2024,4,17
D00010,320.01.0009,IRS24701660,2024-06-27,1000,1000,196.4835,1,YERLİ,32.3833,İthalat dosyası,E,,6067.4329,0,2024,6,26
D00010,320.01.0004,IRS24701661,2024-04-03,500,500,202.7896,1,YERLİ,31.35,Numune kabul,E,Şartlı kabul,3234.2839,0,2024,4,14
D00002,320.01.0022,IRS24701662,2024-04-08,10000,10000,52.2258,1,YERLİ,31.35,Kısmi teslim,E,Kalite onaylı,16658.9474,60,2024,4,15
H00005,320.01.0022,IRS24701663,2024-04-04,120,0.12,56.4155,1,YERLİ,31.35,Mal kabul,E,Kalite onaylı,215.9445,30,2024,4,14
H00008,320.01.0002,IRS24701664,2024-04-21,10000,10,53.6842,1,YERLİ,31.35,Numune kabul,E,Kalite onaylı,17124.1467,30,2024,4,16
D00012,320.01.0002,IRS24701665,2024-04-10,1000,1000,125.838,1,YERLİ,31.35,Mal kabul,E,,4013.9713,60,2024,4,15
H00010,320.01.0002,IRS24701666,2024-06-27,10000,10,21.1208,1,YERLİ,32.3833,İthalat dosyası,E,Şartlı kabul,6522.1271,90,2024,6,26
H00004,320.01.0003,IRS24701667,2024-05-14,500,0.5,71.8657,1,İTHAL,31.8667,Numune kabul,H,,1127.5987,60,2024,5,20
D00005,320.01.0003,IRS24701668,2024-04-21,5000,5000,253.315,1,İTHAL,31.35,Numune kabul,E,,40401.1164,60,2024,4,16
H00010,320.01.0004,IRS24701669,2024-05-10,120,0.12,19.9397,1,YERLİ,31.8667,Mal kabul,H,Kalite onaylı,75.0867,90,2024,5,19
H00003,320.01.0020,IRS24701670,2024-04-22,250,0.25,77.3661,1,YERLİ,31.35,İthalat dosyası,H,Kalite onaylı,616.9545,90,2024,4,17
D00012,320.01.0020,IRS24701671,2024-04-14,10000,10000,114.9685,1,YERLİ,31.35,Mal kabul,H,Şartlı kabul,36672.5678,45,2024,4,15
H00008,320.01.0002,IRS24701672,2024-05-01,5000,5,55.372,1,YERLİ,31.8667,Numune kabul,E,,8688.0662,30,2024,5,18
H00015,320.01.0002,IRS24701673,2024-04-15,10000,10,38.3761,1,YERLİ,31.35,Mal kabul,E,Kalite onaylı,12241.1802,30,2024,4,16
H00002,320.01.0002,IRS24701674,2024-04-23,120,0.12,20.9933,1,YERLİ,31.35,Kısmi teslim,E,Şartlı kabul,80.3571,30,2024,4,17
H00014,320.01.0033,IRS24701675,2024-06-02,2000,2,36.0289,1,YERLİ,32.3833,Sevk irsaliyesi,H,,2225.1531,30,2024,6,22
D00007,320.01.0033,IRS24701676,2024-07-05,120,120,66.2956,1,YERLİ,32.9,Numune kabul,H,Kalite onaylı,241.8077,90,2024,7,27
H00004,320.01.0048,IRS24701678,2024-04-29,5000,5,62.0223,1,YERLİ,31.35,İthalat dosyası,H,Şartlı kabul,9891.9139,0,2024,4,18
H00011,320.01.0048,IRS24701679,2024-04-29,2000,2,34.167,1,YERLİ,31.35,Sevk irsaliyesi,E,Şartlı kabul,2179.7129,30,2024,4,18
H00015,320.01.0048,IRS24701680,2024-06-03,2000,2,35.0474,1,YERLİ,32.3833,Kısmi teslim,E,Şartlı kabul,2164.5354,45,2024,6,23
H00015,320.01.0016,IRS24701681,2024-04-12,1000,1,37.7396,1,YERLİ,31.35,Numune kabul,E,Şartlı kabul,1203.815,0,2024,4,15
H00011,320.01.0016,IRS24701682,2024-04-24,500,0.5,35.0169,1,YERLİ,31.35,Numune kabul,H,Şartlı kabul,558.4833,90,2024,4,17
D00005,320.01.0008,IRS24701683,2024-04-12,1000,1000,283.9456,1,YERLİ,31.35,Sevk irsaliyesi,E,Kalite onaylı,9057.2759,60,2024,4,15
H00001,320.01.0008,IRS24701684,2024-04-11,10000,10,48.3955,1,YERLİ,31.35,Mal kabul,H,,15437.1611,90,2024,4,15
D00005,320.01.0001,IRS24701685,2024-05-01,2000,2000,293.1542,1,YERLİ,31.8667,Mal kabul,E,Kalite onaylı,18398.7799,45,2024,5,18
D00006,320.01.0008,IRS24701686,2024-04-08,120,120,254.6957,1,YERLİ,31.35,Kısmi teslim,H,Şartlı kabul,974.9118,30,2024,4,15
H00003,320.01.0021,IRS24701687,2024-04-25,2000,2,67.451,1,YERLİ,31.35,Mal kabul,H,Kalite onaylı,4303.0941,45,2024,4,17
D00010,320.01.0021,IRS24701688,2024-04-14,2000,2000,195.8581,1,YERLİ,31.35,Numune kabul,H,Şartlı kabul,12494.9346,60,2024,4,15
H00007,320.01.0006,IRS24701689,2024-05-04,250,0.25,43.1165,1,YERLİ,31.8667,Sevk irsaliyesi,H,Şartlı kabul,338.2567,60,2024,5,18
D00001,320.01.0006,IRS24701690,2024-04-25,500,500,34.7203,1,YERLİ,31.35,Kısmi teslim,H,,553.7528,30,2024,4,17
H00010,320.01.0006,IRS24701691,2024-04-23,1000,1,21.8999,1,YERLİ,31.35,İthalat dosyası,H,Kalite onaylı,698.5614,60,2024,4,17
H00010,320.01.0033,IRS24701692,2024-05-22,2000,2,20.4655,1,YERLİ,31.8667,İthalat dosyası,E,,1284.4443,30,2024,5,21
D00005,320.01.0033,IRS24701693,2024-04-12,250,250,295.5057,1,YERLİ,31.35,Numune kabul,H,,2356.5048,90,2024,4,15
D00002,320.01.0033,IRS24701694,2024-04-20,120,120,56.1145,1,YERLİ,31.35,Numune kabul,H,,214.7923,60,2024,4,16
H00004,320.01.0010,IRS24701695,2024-06-08,2000,2,72.0633,1,YERLİ,32.3833,İthalat dosyası,E,Şartlı kabul,4450.6459,90,2024,6,23
D00011,320.01.0006,IRS24701696,2024-06-29,10000,10000,8.4253,1,YERLİ,32.3833,Numune kabul,H,Şartlı kabul,2601.7423,90,2024,6,26
D00004,320.01.0006,IRS24701697,2024-05-13,10000,10000,63.1384,1,YERLİ,31.8667,Numune kabul,E,Şartlı kabul,19813.2847,30,2024,5,20
H00004,320.01.0006,IRS24701698,2024-04-26,250,0.25,69.18,1,YERLİ,31.35,Sevk irsaliyesi,E,Kalite onaylı,551.6746,60,2024,4,17
D00005,320.01.0001,IRS24701699,2024-06-28,250,250,267.734,1,YERLİ,32.3833,Mal kabul,E,Şartlı kabul,2066.9141,45,2024,6,26
H00010,320.01.0001,IRS24701700,2024-04-30,120,0.12,24.2595,1,YERLİ,31.35,Sevk irsaliyesi,E,,92.8593,90,2024,4,18
H00008,320.01.0001,IRS24701701,2024-05-30,5000,5,57.4924,1,YERLİ,31.8667,Numune kabul,E,,9020.7646,60,2024,5,22
H00012,320.01.0010,IRS24701702,2024-04-15,500,500,26.0618,1,YERLİ,31.35,Numune kabul,H,Şartlı kabul,415.6587,45,2024,4,16
H00014,320.01.0010,IRS24701703,2024-05-03,5000,5,34.4012,1,YERLİ,31.8667,Kısmi teslim,H,Şartlı kabul,5397.6722,60,2024,5,18
D00004,320.01.0003,IRS24701704,2024-05-30,5000,5000,71.1869,1,İTHAL,31.8667,Sevk irsaliyesi,H,,11169.481,0,2024,5,22
H00016,320.01.0002,IRS24701705,2024-05-02,250,250,75.4872,1,YERLİ,31.8667,İthalat dosyası,E,,592.2107,30,2024,5,18
H00015,320.01.0002,IRS24701706,2024-05-05,5000,5,40.5195,1,YERLİ,31.8667,Sevk irsaliyesi,H,Kalite onaylı,6357.6555,60,2024,5,18
D00002,320.01.0003,IRS24701707,2024-05-28,250,250,63.8324,1,İTHAL,31.8667,İthalat dosyası,H,,500.7767,0,2024,5,22
D00008,320.01.0003,IRS24701708,2024-04-20,1000,1000,278.9103,1,İTHAL,31.35,Kısmi teslim,H,Şartlı kabul,8896.6603,45,2024,4,16
D00009,320.01.0003,IRS24701709,2024-04-10,5000,5000,251.5299,1,İTHAL,31.35,İthalat dosyası,H,,40116.4115,45,2024,4,15
H00004,320.01.0003,IRS24701710,2024-04-30,1000,1,72.6432,1,İTHAL,31.35,Kısmi teslim,E,Kalite onaylı,2317.1675,0,2024,4,18
H00006,320.01.0049,IRS24701712,2024-05-19,5000,5,103.395,1,YERLİ,31.8667,Sevk irsaliyesi,H,Kalite onaylı,16223.0479,0,2024,5,20
D00001,320.01.0049,IRS24701713,2024-05-05,250,250,32.3548,1,YERLİ,31.8667,Kısmi teslim,E,Şartlı kabul,253.8292,45,2024,5,18
D00008,320.01.0002,IRS24701714,2024-06-11,10000,10000,264.2957,1,YERLİ,32.3833,Sevk irsaliyesi,H,Kalite onaylı,81614.8138,90,2024,6,24
H00012,320.01.0001,IRS24701715,2024-04-27,1000,1000,28.9489,1,YERLİ,31.35,İthalat dosyası,H,Şartlı kabul,923.4099,45,2024,4,17
H00013,320.01.0001,IRS24701716,2024-05-25,1000,1000,81.4253,1,YERLİ,31.8667,Kısmi teslim,E,,2555.1846,90,2024,5,21
H00003,320.01.0035,IRS24701717,2024-05-06,250,0.25,71.4754,1,İTHAL,31.8667,Mal kabul,E,Kalite onaylı,560.7374,0,2024,5,19
D00008,320.01.0035,IRS24701718,2024-05-31,10000,10000,273.9056,1,İTHAL,31.8667,Kısmi teslim,E,,85953.5503,90,2024,5,22
H00009,320.01.0035,IRS24701719,2024-04-16,10000,10,74.2005,1,İTHAL,31.35,Sevk irsaliyesi,H,Şartlı kabul,23668.4211,0,2024,4,16
H00009,320.01.0007,IRS24701720,2024-04-24,2000,2,81.7649,1,YERLİ,31.35,Kısmi teslim,E,Şartlı kabul,5216.2616,45,2024,4,17
D00005,320.01.0014,IRS24701721,2024-07-12,2000,2000,282.502,1,YERLİ,32.9,Kısmi teslim,H,Şartlı kabul,17173.3739,90,2024,7,28
H00010,320.01.0014,IRS24701722,2024-05-28,250,0.25,19.7259,1,YERLİ,31.8667,Sevk irsaliyesi,H,Kalite onaylı,154.7532,45,2024,5,22
H00003,320.01.0014,IRS24701723,2024-04-29,10000,10,66.3815,1,YERLİ,31.35,Numune kabul,H,Şartlı kabul,21174.3222,60,2024,4,18
H00003,320.01.0002,IRS24701724,2024-05-11,2000,2,75.709,1,YERLİ,31.8667,Numune kabul,H,,4751.6059,90,2024,5,19
H00012,320.01.0002,IRS24701725,2024-04-28,500,500,28.769,1,YERLİ,31.35,Mal kabul,H,Şartlı kabul,458.8357,60,2024,4,17
H00002,320.01.0002,IRS24701726,2024-05-13,1000,1,21.4671,1,YERLİ,31.8667,Numune kabul,H,Kalite onaylı,673.6531,60,2024,5,20
H00008,320.01.0028,IRS24701727,2024-04-29,120,0.12,64.767,1,YERLİ,31.35,İthalat dosyası,H,Kalite onaylı,247.912,0,2024,4,18
H00008,320.01.0028,IRS24701728,2024-06-07,1000,1,56.9929,1,YERLİ,32.3833,Kısmi teslim,E,Şartlı kabul,1759.9473,45,2024,6,23
H00005,320.01.0025,IRS24701729,2024-07-10,2000,2,49.4465,1,İTHAL,32.9,Numune kabul,E,,3005.8663,30,2024,7,28
H00016,320.01.0025,IRS24701730,2024-04-23,120,120,86.9489,1,İTHAL,31.35,Sevk irsaliyesi,E,Şartlı kabul,332.8188,0,2024,4,17
H00013,320.01.0025,IRS24701731,2024-04-19,5000,5000,85.8457,1,İTHAL,31.35,İthalat dosyası,H,,13691.4992,0,2024,4,16
D00003,320.01.0014,IRS24701732,2024-07-09,1000,1000,285.7212,1,YERLİ,32.9,Mal kabul,E,Kalite onaylı,8684.535,30,2024,7,28
D00004,320.01.0001,IRS24701733,2024-05-06,5000,5000,63.9256,1,YERLİ,31.8667,İthalat dosyası,E,Şartlı kabul,10030.1569,90,2024,5,19
H00015,320.01.0001,IRS24701734,2024-05-05,1000,1,35.1063,1,YERLİ,31.8667,İthalat dosyası,E,Şartlı kabul,1101.661,90,2024,5,18
D00001,320.01.0001,IRS24701735,2024-07-10,500,500,38.9782,1,YERLİ,32.9,Kısmi teslim,H,Kalite onaylı,592.3739,60,2024,7,28
H00015,320.01.0005,IRS24701736,2024-05-23,1000,1,37.5868,1,YERLİ,31.8667,Sevk irsaliyesi,E,Şartlı kabul,1179.5009,60,2024,5,21
H00016,320.01.0006,IRS24701737,2024-06-02,120,120,85.1264,1,YERLİ,32.3833,Mal kabul,H,Şartlı kabul,315.4456,90,2024,6,22
H00007,320.01.0021,IRS24701738,2024-06-17,250,0.25,44.0811,1,YERLİ,32.3833,Mal kabul,H,,340.3073,60,2024,6,25
D00004,320.01.0001,IRS24701740,2024-07-20,500,500,65.2948,1,YERLİ,32.9,İthalat dosyası,E,Kalite onaylı,992.3222,90,2024,7,29
D00011,320.01.0048,IRS24701741,2024-05-05,500,500,8.8234,1,YERLİ,31.8667,Sevk irsaliyesi,E,Şartlı kabul,138.4423,30,2024,5,18
D00001,320.01.0048,IRS24701742,2024-05-13,500,500,31.1175,1,YERLİ,31.8667,Sevk irsaliyesi,H,Kalite onaylı,488.2448,30,2024,5,20
D00007,320.01.0005,IRS24701743,2024-06-13,500,500,83.8722,1,YERLİ,32.3833,Kısmi teslim,E,Şartlı kabul,1294.9916,0,2024,6,24
D00012,320.01.0008,IRS24701744,2024-06-19,1000,1000,116.7842,1,YERLİ,32.3833,Kısmi teslim,H,Kalite onaylı,3606.3094,45,2024,6,25
D00004,320.01.0008,IRS24701745,2024-05-08,120,120,71.5366,1,YERLİ,31.8667,Kısmi teslim,H,Şartlı kabul,269.3844,90,2024,5,19
H00013,320.01.0004,IRS24701746,2024-05-08,500,500,97.5747,1,YERLİ,31.8667,Sevk irsaliyesi,H,Şartlı kabul,1530.9822,90,2024,5,19
H00008,320.01.0004,IRS24701747,2024-06-01,5000,5,62.0331,1,YERLİ,32.3833,Numune kabul,H,Şartlı kabul,9577.946,60,2024,6,22
H00003,320.01.0042,IRS24701748,2024-06-27,1000,1,76.9028,1,YERLİ,32.3833,Mal kabul,H,,2374.7672,0,2024,6,26
H00014,320.01.0042,IRS24701749,2024-05-21,2000,2,32.341,1,YERLİ,31.8667,Sevk irsaliyesi,E,,2029.7678,45,2024,5,21
D00003,320.01.0042,IRS24701750,2024-06-22,500,500,282.4233,1,YERLİ,32.3833,Numune kabul,E,Şartlı kabul,4360.6319,90,2024,6,25
H00013,320.01.0045,IRS24701751,2024-05-08,120,120,80.0281,1,YERLİ,31.8667,Kısmi teslim,E,Şartlı kabul,301.3607,30,2024,5,19
H00006,320.01.0045,IRS24701752,2024-05-08,250,0.25,110.3321,1,YERLİ,31.8667,Numune kabul,E,Kalite onaylı,865.5752,45,2024,5,19
D00012,320.01.0045,IRS24701753,2024-04-30,2000,2000,135.1343,1,YERLİ,31.35,Mal kabul,H,,8621.008,90,2024,4,18
D00007,320.01.0009,IRS24701754,2024-05-03,120,120,76.7644,1,YERLİ,31.8667,Mal kabul,H,Şartlı kabul,289.0707,45,2024,5,18
H00001,320.01.0009,IRS24701755,2024-05-02,5000,5,53.7982,1,YERLİ,31.8667,Sevk irsaliyesi,E,Kalite onaylı,8441.1313,45,2024,5,18
D00002,320.01.0001,IRS24701756,2024-05-07,10000,10000,56.3118,1,YERLİ,31.8667,İthalat dosyası,E,Şartlı kabul,17671.0485,45,2024,5,19
H00008,320.01.0001,IRS24701757,2024-05-02,250,0.25,52.4802,1,YERLİ,31.8667,Sevk irsaliyesi,E,Şartlı kabul,411.7166,0,2024,5,18
H00005,320.01.0001,IRS24701758,2024-06-21,120,0.12,51.6329,1,YERLİ,32.3833,Mal kabul,E,,191.3316,30,2024,6,25
H00001,320.01.0033,IRS24701759,2024-04-28,2000,2,50.2861,1,YERLİ,31.35,Sevk irsaliyesi,H,Kalite onaylı,3208.0447,30,2024,4,17
H00002,320.01.0004,IRS24701760,2024-07-15,2000,2,17.3348,1,YERLİ,32.9,Numune kabul,E,Kalite onaylı,1053.7872,0,2024,7,29
H00014,320.01.0004,IRS24701761,2024-05-25,1000,1,36.2974,1,YERLİ,31.8667,İthalat dosyası,H,Şartlı kabul,1139.0386,45,2024,5,21
H00004,320.01.0004,IRS24701762,2024-06-15,5000,5,73.8981,1,YERLİ,32.3833,Kısmi teslim,E,Kalite onaylı,11409.9088,30,2024,6,24
H00003,320.01.0001,IRS24701763,2024-05-03,10000,10,73.1588,1,YERLİ,31.8667,Sevk irsaliyesi,H,Kalite onaylı,22957.7584,45,2024,5,18
D00010,320.01.0001,IRS24701764,2024-07-19,120,120,196.1888,1,YERLİ,32.9,Sevk irsaliyesi,E,Şartlı kabul,715.5822,60,2024,7,29
D00004,320.01.0046,IRS24701765,2024-07-28,250,250,58.9063,1,YERLİ,32.9,Sevk irsaliyesi,E,Kalite onaylı,447.6163,30,2024,7,30
H00013,320.01.0038,IRS24701766,2024-07-28,250,250,78.8398,1,YERLİ,32.9,Sevk irsaliyesi,H,Şartlı kabul,599.0866,60,2024,7,30
H00003,320.01.0038,IRS24701767,2024-05-13,120,0.12,64.5238,1,YERLİ,31.8667,Numune kabul,E,,242.9764,90,2024,5,20
H00012,320.01.0019,IRS24701768,2024-06-25,10000,10000,26.6523,1,YERLİ,32.3833,İthalat dosyası,E,Kalite onaylı,8230.2607,45,2024,6,26
H00005,320.01.0038,IRS24701769,2024-05-21,1000,1,57.223,1,YERLİ,31.8667,İthalat dosyası,H,Kalite onaylı,1795.699,30,2024,5,21
H00015,320.01.0038,IRS24701770,2024-05-30,250,0.25,39.7387,1,YERLİ,31.8667,Sevk irsaliyesi,H,Şartlı kabul,311.7573,0,2024,5,22
H00005,320.01.0003,IRS24701771,2024-04-27,2000,2,48.2173,1,İTHAL,31.35,İthalat dosyası,E,Şartlı kabul,3076.0638,60,2024,4,17
D00003,320.01.0003,IRS24701772,2024-05-16,2000,2000,281.0184,1,İTHAL,31.8667,Kısmi teslim,H,Kalite onaylı,17637.1196,90,2024,5,20
H00012,320.01.0012,IRS24701773,2024-05-13,120,120,30.246,1,YERLİ,31.8667,İthalat dosyası,H,,113.897,90,2024,5,20
H00008,320.01.0012,IRS24701774,2024-05-15,5000,5,57.4757,1,YERLİ,31.8667,Numune kabul,E,Kalite onaylı,9018.1443,30,2024,5,20
D00010,320.01.0003,IRS24701775,2024-05-08,1000,1000,194.9491,1,İTHAL,31.8667,İthalat dosyası,H,Kalite onaylı,6117.6432,0,2024,5,19
H00009,320.01.0003,IRS24701776,2024-05-12,120,0.12,75.4714,1,İTHAL,31.8667,Mal kabul,H,Kalite onaylı,284.2016,45,2024,5,19
D00011,320.01.0004,IRS24701777,2024-06-12,250,250,9.7287,1,YERLİ,32.3833,İthalat dosyası,H,Kalite onaylı,75.1058,0,2024,6,24
H00001,320.01.0004,IRS24701778,2024-06-20,500,0.5,46.9378,1,YERLİ,32.3833,Kısmi teslim,H,,724.7223,90,2024,6,25
D00008,320.01.0041,IRS24701779,2024-05-02,5000,5000,286.3293,1,İTHAL,31.8667,Mal kabul,H,Kalite onaylı,44926.0984,45,2024,5,18
D00009,320.01.0001,IRS24701780,2024-05-01,250,250,217.3746,1,YERLİ,31.8667,Sevk irsaliyesi,E,Şartlı kabul,1705.3429,0,2024,5,18
H00005,320.01.0001,IRS24701781,2024-05-13,120,0.12,49.9193,1,YERLİ,31.8667,Mal kabul,H,Kalite onaylı,187.9804,60,2024,5,20
H00011,320.01.0001,IRS24701782,2024-05-21,1000,1,37.8858,1,YERLİ,31.8667,İthalat dosyası,H,,1188.8837,30,2024,5,21
D00010,320.01.0006,IRS24701783,2024-05-14,2000,2000,196.4856,1,YERLİ,31.8667,Numune kabul,E,Kalite onaylı,12331.7193,45,2024,5,20
H00015,320.01.0006,IRS24701784,2024-07-24,500,0.5,40.099,1,YERLİ,32.9,Kısmi teslim,E,Kalite onaylı,609.4073,30,2024,7,30
H00015,320.01.0005,IRS24701785,2024-05-09,500,0.5,39.8568,1,YERLİ,31.8667,Sevk irsaliyesi,E,Şartlı kabul,625.3675,90,2024,5,19
D00011,320.01.0002,IRS24701786,2024-07-25,500,500,8.468,1,YERLİ,32.9,Kısmi teslim,H,,128.693,45,2024,7,30
H00015,320.01.0003,IRS24701787,2024-06-19,1000,1,42.8229,1,İTHAL,32.3833,Mal kabul,E,Şartlı kabul,1322.376,90,2024,6,25
D00005,320.01.0003,IRS24701788,2024-06-08,1000,1000,242.4244,1,İTHAL,32.3833,İthalat dosyası,H,,7486.0931,45,2024,6,23
D00010,320.01.0004,IRS24701789,2024-06-18,1000,1000,192.1002,1,YERLİ,32.3833,İthalat dosyası,H,Kalite onaylı,5932.0761,45,2024,6,25
H00013,320.01.0004,IRS24701790,2024-05-23,5000,5000,95.6084,1,YERLİ,31.8667,Kısmi teslim,E,Şartlı kabul,15001.3023,45,2024,5,21
D00009,320.01.0033,IRS24701791,2024-05-16,500,500,223.0669,1,YERLİ,31.8667,İthalat dosyası,E,Kalite onaylı,3500,90,2024,5,20
H00015,320.01.0033,IRS24701792,2024-05-22,250,0.25,37.4997,1,YERLİ,31.8667,Kısmi teslim,E,Kalite onaylı,294.1919,60,2024,5,21
D00012,320.01.0007,IRS24701793,2024-05-16,10000,10000,112.5243,1,YERLİ,31.8667,İthalat dosyası,E,,35310.9359,60,2024,5,20
H00015,320.01.0004,IRS24701794,2024-06-03,10000,10,39.8709,1,YERLİ,32.3833,İthalat dosyası,E,Şartlı kabul,12312.1794,45,2024,6,23
D00003,320.01.0004,IRS24701795,2024-06-16,120,120,278.3652,1,YERLİ,32.3833,Mal kabul,E,,1031.5139,30,2024,6,24
D00009,320.01.0004,IRS24701796,2024-06-25,120,120,255.5619,1,YERLİ,32.3833,Sevk irsaliyesi,H,Kalite onaylı,947.0137,90,2024,6,26
D00009,320.01.0003,IRS24701797,2024-08-08,120,120,223.8039,1,İTHAL,33.35,Mal kabul,H,Kalite onaylı,805.2914,0,2024,8,32
D00002,320.01.0003,IRS24701798,2024-07-06,120,120,54.4343,1,İTHAL,32.9,Numune kabul,E,,198.5446,30,2024,7,27
D00009,320.01.0001,IRS24701799,2024-06-14,500,500,258.2625,1,YERLİ,32.3833,İthalat dosyası,H,Kalite onaylı,3987.5877,0,2024,6,24
D00012,320.01.0024,IRS24701800,2024-05-13,120,120,126.7416,1,YERLİ,31.8667,Mal kabul,E,Şartlı kabul,477.2691,30,2024,5,20
D00003,320.01.0024,IRS24701801,2024-07-07,10000,10000,261.1871,1,YERLİ,32.9,İthalat dosyası,H,Şartlı kabul,79388.1763,45,2024,7,27
H00005,320.01.0016,IRS24701802,2024-07-31,500,0.5,46.634,1,YERLİ,32.9,Mal kabul,E,Kalite onaylı,708.7234,30,2024,7,31
H00016,320.01.0016,IRS24701803,2024-06-11,5000,5000,80.811,1,YERLİ,32.3833,İthalat dosyası,H,Kalite onaylı,12477.2645,0,2024,6,24
D00004,320.01.0009,IRS24701804,2024-06-01,250,250,74.3383,1,YERLİ,32.3833,Mal kabul,E,Şartlı kabul,573.8938,30,2024,6,22
H00009,320.01.0009,IRS24701805,2024-06-02,2000,2,74.6555,1,YERLİ,32.3833,İthalat dosyası,H,Şartlı kabul,4610.7407,30,2024,6,22
H00001,320.01.0016,IRS24701806,2024-06-11,120,0.12,51.1214,1,YERLİ,32.3833,Sevk irsaliyesi,H,Şartlı kabul,189.4362,30,2024,6,24
D00007,320.01.0016,IRS24701807,2024-06-12,500,500,80.9344,1,YERLİ,32.3833,İthalat dosyası,H,Kalite onaylı,1249.6318,30,2024,6,24
D00010,320.01.0020,IRS24701808,2024-05-27,5000,5000,195.9698,1,YERLİ,31.8667,İthalat dosyası,E,,30748.3674,60,2024,5,22
D00001,320.01.0044,IRS24701809,2024-08-08,250,250,35.1617,1,YERLİ,33.35,Kısmi teslim,H,Kalite onaylı,263.581,60,2024,8,32
D00009,320.01.0001,IRS24701810,2024-07-09,2000,2000,228.9827,1,YERLİ,32.9,Sevk irsaliyesi,E,Şartlı kabul,13919.921,90,2024,7,28
H00002,320.01.0001,IRS24701811,2024-05-23,500,0.5,18.5164,1,YERLİ,31.8667,Numune kabul,E,Kalite onaylı,290.529,60,2024,5,21
H00007,320.01.0005,IRS24701813,2024-06-01,2000,2,48.665,1,YERLİ,32.3833,İthalat dosyası,H,,3005.5615,90,2024,6,22
H00005,320.01.0005,IRS24701814,2024-06-03,1000,1,53.3296,1,YERLİ,32.3833,Sevk irsaliyesi,E,,1646.8241,90,2024,6,23
D00004,320.01.0005,IRS24701815,2024-06-27,10000,10000,71.8521,1,YERLİ,32.3833,Mal kabul,H,Şartlı kabul,22188.0105,90,2024,6,26
D00009,320.01.0019,IRS24701816,2024-06-16,10000,10000,210.9124,1,YERLİ,32.3833,Sevk irsaliyesi,E,Şartlı kabul,65129.9898,90,2024,6,24
H00012,320.01.0019,IRS24701817,2024-07-16,500,500,32.057,1,YERLİ,32.9,Numune kabul,H,Kalite onaylı,487.1884,90,2024,7,29
H00009,320.01.0019,IRS24701818,2024-06-05,2000,2,79.9172,1,YERLİ,32.3833,Sevk irsaliyesi,H,,4935.7045,0,2024,6,23
H00009,320.01.0001,IRS24701819,2024-08-02,250,0.25,85.0024,1,YERLİ,33.35,Sevk irsaliyesi,H,,637.1994,45,2024,8,31
H00013,320.01.0001,IRS24701820,2024-07-14,5000,5000,101.2053,1,YERLİ,32.9,İthalat dosyası,H,,15380.7447,45,2024,7,28
D00001,320.01.0025,IRS24701821,2024-08-11,250,250,37.0514,1,İTHAL,33.35,Kısmi teslim,H,Kalite onaylı,277.7466,45,2024,8,32
D00003,320.01.0025,IRS24701822,2024-06-18,2000,2000,296.8719,1,İTHAL,32.3833,Kısmi teslim,E,,18334.8763,0,2024,6,25
H00016,320.01.0002,IRS24701823,2024-06-08,10000,10000,89.7967,1,YERLİ,32.3833,Sevk irsaliyesi,H,,27729.3234,60,2024,6,23
D00002,320.01.0002,IRS24701824,2024-06-19,120,120,61.8156,1,YERLİ,32.3833,Mal kabul,H,,229.0647,60,2024,6,25
D00005,320.01.0043,IRS24701825,2024-06-25,5000,5000,273.6658,1,İTHAL,32.3833,Mal kabul,H,Kalite onaylı,42254.1557,90,2024,6,26
D00010,320.01.0043,IRS24701826,2024-06-16,2000,2000,196.3431,1,İTHAL,32.3833,Sevk irsaliyesi,H,Kalite onaylı,12126.1947,90,2024,6,24
H00001,320.01.0005,IRS24701827,2024-06-12,5000,5,53.7035,1,YERLİ,32.3833,Numune kabul,H,Şartlı kabul,8291.851,30,2024,6,24
H00015,320.01.0005,IRS24701828,2024-06-22,2000,2,42.8656,1,YERLİ,32.3833,İthalat dosyası,E,,2647.3892,90,2024,6,25
H00012,320.01.0005,IRS24701829,2024-05-25,500,500,31.2441,1,YERLİ,31.8667,İthalat dosyası,E,,490.2312,60,2024,5,21
H00013,320.01.0005,IRS24701830,2024-05-26,5000,5000,79.4928,1,YERLİ,31.8667,İthalat dosyası,H,Kalite onaylı,12472.7066,0,2024,5,21
H00002,320.01.0005,IRS24701831,2024-08-15,500,0.5,19.6778,1,YERLİ,33.35,Sevk irsaliyesi,H,Şartlı kabul,295.0195,60,2024,8,33
H00016,320.01.0001,IRS24701832,2024-05-23,5000,5000,82.7196,1,YERLİ,31.8667,Mal kabul,E,Kalite onaylı,12979.0032,0,2024,5,21
H00004,320.01.0001,IRS24701833,2024-06-11,500,0.5,62.6279,1,YERLİ,32.3833,İthalat dosyası,H,,966.9783,30,2024,6,24
H00005,320.01.0001,IRS24701834,2024-06-19,500,0.5,58.9806,1,YERLİ,32.3833,Mal kabul,E,Şartlı kabul,910.6638,90,2024,6,25
D00004,320.01.0002,IRS24701835,2024-05-21,2000,2000,68.1164,1,YERLİ,31.8667,Kısmi teslim,H,Şartlı kabul,4275.0834,0,2024,5,21
D00011,320.01.0020,IRS24701836,2024-06-01,1000,1000,9.4631,1,YERLİ,32.3833,Kısmi teslim,E,Şartlı kabul,292.2216,30,2024,6,22
H00001,320.01.0029,IRS24701837,2024-05-27,1000,1,47.3993,1,YERLİ,31.8667,Sevk irsaliyesi,E,Şartlı kabul,1487.4242,30,2024,5,22
D00006,320.01.0029,IRS24701838,2024-08-13,1000,1000,304.4394,1,YERLİ,33.35,Numune kabul,E,,9128.6177,0,2024,8,33
H00005,320.01.0002,IRS24701839,2024-08-17,250,0.25,51.2061,1,YERLİ,33.35,İthalat dosyası,E,,383.8538,45,2024,8,33
H00002,320.01.0002,IRS24701840,2024-05-30,120,0.12,18.3093,1,YERLİ,31.8667,Mal kabul,H,,68.9471,30,2024,5,22
D00005,320.01.0049,IRS24701841,2024-06-06,250,250,240.8892,1,YERLİ,32.3833,Kısmi teslim,E,,1859.6715,60,2024,6,23
H00011,320.01.0049,IRS24701842,2024-05-31,500,0.5,39.0747,1,YERLİ,31.8667,Numune kabul,H,,613.0961,0,2024,5,22
H00005,320.01.0008,IRS24701843,2024-06-20,250,0.25,46.5871,1,YERLİ,32.3833,Sevk irsaliyesi,H,Kalite onaylı,359.6537,60,2024,6,25
D00011,320.01.0020,IRS24701845,2024-05-25,500,500,9.6882,1,YERLİ,31.8667,Kısmi teslim,H,Şartlı kabul,152.0113,60,2024,5,21
D00003,320.01.0020,IRS24701846,2024-08-05,250,250,296.9954,1,YERLİ,33.35,Numune kabul,E,Kalite onaylı,2226.3523,60,2024,8,32
D00002,320.01.0009,IRS24701847,2024-08-18,1000,1000,56.3032,1,YERLİ,33.35,Sevk irsaliyesi,E,Şartlı kabul,1688.2519,0,2024,8,33
H00015,320.01.0010,IRS24701848,2024-07-02,5000,5,36.8838,1,YERLİ,32.9,İthalat dosyası,H,Şartlı kabul,5605.4407,90,2024,7,27
H00006,320.01.0010,IRS24701849,2024-06-09,500,0.5,111.8397,1,YERLİ,32.3833,Kısmi teslim,H,Şartlı kabul,1726.8114,45,2024,6,23
H00011,320.01.0010,IRS24701850,2024-05-23,120,0.12,31.814,1,YERLİ,31.8667,Sevk irsaliyesi,E,Kalite onaylı,119.8015,30,2024,5,21
H00005,320.01.0002,IRS24701851,2024-07-15,250,0.25,57.2176,1,YERLİ,32.9,Mal kabul,E,Şartlı kabul,434.7842,45,2024,7,29
H00001,320.01.0005,IRS24701852,2024-06-08,250,0.25,45.7287,1,YERLİ,32.3833,Mal kabul,H,,353.0269,60,2024,6,23
H00006,320.01.0005,IRS24701853,2024-06-16,2000,2,91.952,1,YERLİ,32.3833,Mal kabul,E,,5678.9765,45,2024,6,24
H00001,320.01.0009,IRS24701855,2024-08-24,2000,2,50.7849,1,YERLİ,33.35,Kısmi teslim,H,Kalite onaylı,3045.5712,90,2024,8,34
D00001,320.01.0009,IRS24701856,2024-05-27,1000,1000,32.1923,1,YERLİ,31.8667,Numune kabul,H,Kalite onaylı,1010.2176,60,2024,5,22
H00012,320.01.0005,IRS24701857,2024-07-08,120,120,31.1948,1,YERLİ,32.9,Numune kabul,H,Kalite onaylı,113.7804,45,2024,7,28
H00001,320.01.0004,IRS24701858,2024-07-22,250,0.25,51.9432,1,YERLİ,32.9,Kısmi teslim,H,Kalite onaylı,394.7052,90,2024,7,30
H00006,320.01.0003,IRS24701860,2024-06-26,500,0.5,97.3126,1,İTHAL,32.3833,İthalat dosyası,E,Şartlı kabul,1502.5121,30,2024,6,26
H00008,320.01.0002,IRS24701861,2024-06-15,250,0.25,55.1934,1,YERLİ,32.3833,Kısmi teslim,H,Kalite onaylı,426.0946,45,2024,6,24
D00002,320.01.0021,IRS24701862,2024-07-17,5000,5000,52.3133,1,YERLİ,32.9,Numune kabul,E,Şartlı kabul,7950.3495,0,2024,7,29
H00003,320.01.0021,IRS24701863,2024-07-23,500,0.5,76.6412,1,YERLİ,32.9,İthalat dosyası,H,Kalite onaylı,1164.7599,30,2024,7,30
H00012,320.01.0001,IRS24701864,2024-05-27,10000,10000,33.6706,1,YERLİ,31.8667,Mal kabul,E,,10566.0768,45,2024,5,22
H00016,320.01.0001,IRS24701865,2024-08-17,10000,10000,89.7921,1,YERLİ,33.35,Kısmi teslim,H,,26924.1679,60,2024,8,33
H00016,320.01.0001,IRS24701866,2024-07-05,250,250,76.3516,1,YERLİ,32.9,Mal kabul,H,,580.1793,90,2024,7,27
H00010,320.01.0004,IRS24701867,2024-06-01,120,0.12,23.09,1,YERLİ,32.3833,Kısmi teslim,H,Kalite onaylı,85.5626,0,2024,6,22
D00011,320.01.0004,IRS24701868,2024-06-15,10000,10000,8.1288,1,YERLİ,32.3833,Mal kabul,E,Kalite onaylı,2510.1827,45,2024,6,24
H00002,320.01.0004,IRS24701869,2024-06-02,5000,5,20.7067,1,YERLİ,32.3833,Mal kabul,E,Şartlı kabul,3197.1263,30,2024,6,22
D00011,320.01.0010,IRS24701870,2024-06-10,120,120,8.2381,1,YERLİ,32.3833,Sevk irsaliyesi,E,Şartlı kabul,30.5272,30,2024,6,24
D00009,320.01.0032,IRS24701871,2024-06-18,2000,2000,259.6102,1,YERLİ,32.3833,Kısmi teslim,H,,16033.5852,60,2024,6,25
D00009,320.01.0032,IRS24701872,2024-07-24,500,500,248.8429,1,YERLİ,32.9,Numune kabul,E,Kalite onaylı,3781.807,0,2024,7,30
H00009,320.01.0042,IRS24701873,2024-06-30,120,0.12,69.5501,1,YERLİ,32.3833,Sevk irsaliyesi,H,Şartlı kabul,257.7258,30,2024,6,26
D00005,320.01.0042,IRS24701874,2024-08-20,500,500,294.0168,1,YERLİ,33.35,Numune kabul,E,,4408.048,90,2024,8,34
H00010,320.01.0002,IRS24701875,2024-08-28,1000,1,20.3869,1,YERLİ,33.35,Mal kabul,E,Şartlı kabul,611.3013,0,2024,8,35
H00011,320.01.0002,IRS24701876,2024-07-19,1000,1,32.9725,1,YERLİ,32.9,Mal kabul,E,,1002.2036,60,2024,7,29
H00012,320.01.0024,IRS24701877,2024-07-10,10000,10000,29.2581,1,YERLİ,32.9,Mal kabul,H,Kalite onaylı,8893.0395,45,2024,7,28
D00012,320.01.0002,IRS24701878,2024-06-25,5000,5000,140.3554,1,YERLİ,32.3833,İthalat dosyası,H,,21670.9539,45,2024,6,26
D00012,320.01.0016,IRS24701879,2024-06-03,120,120,115.051,1,YERLİ,32.3833,Numune kabul,E,,426.3346,60,2024,6,23
D00010,320.01.0002,IRS24701880,2024-08-18,120,120,192.2546,1,YERLİ,33.35,Kısmi teslim,E,,691.7707,45,2024,8,33
D00007,320.01.0013,IRS24701881,2024-08-01,1000,1000,78.716,1,YERLİ,33.35,Kısmi teslim,H,Şartlı kabul,2360.2999,0,2024,8,31
H00001,320.01.0013,IRS24701882,2024-06-10,10000,10,46.5143,1,YERLİ,32.3833,Mal kabul,H,,14363.6689,90,2024,6,24
H00007,320.01.0002,IRS24701883,2024-06-07,5000,5,41.2987,1,YERLİ,32.3833,İthalat dosyası,E,Şartlı kabul,6376.5428,0,2024,6,23
H00009,320.01.0002,IRS24701884,2024-07-12,500,0.5,83.8003,1,YERLİ,32.9,Numune kabul,E,Şartlı kabul,1273.5608,0,2024,7,28
D00012,320.01.0002,IRS24701885,2024-06-13,5000,5000,116.7762,1,YERLİ,32.3833,Sevk irsaliyesi,H,,18030.3119,30,2024,6,24
D00009,320.01.0005,IRS24701886,2024-05-31,5000,5000,225.5131,1,YERLİ,31.8667,Kısmi teslim,H,,35383.8176,60,2024,5,22
H00004,320.01.0005,IRS24701887,2024-07-19,5000,5,61.7244,1,YERLİ,32.9,Mal kabul,H,Kalite onaylı,9380.6079,30,2024,7,29
D00004,320.01.0014,IRS24701888,2024-07-26,5000,5000,65.1138,1,YERLİ,32.9,İthalat dosyası,H,Şartlı kabul,9895.7143,30,2024,7,30
H00002,320.01.0014,IRS24701889,2024-08-04,10000,10,21.4304,1,YERLİ,33.35,Mal kabul,E,Şartlı kabul,6425.907,30,2024,8,31
D00011,320.01.0004,IRS24701890,2024-06-23,1000,1000,10.0785,1,YERLİ,32.3833,Numune kabul,E,,311.2252,45,2024,6,25
D00004,320.01.0004,IRS24701891,2024-06-14,5000,5000,67.2163,1,YERLİ,32.3833,İthalat dosyası,E,Kalite onaylı,10378.2351,45,2024,6,24
D00009,320.01.0007,IRS24701892,2024-06-28,10000,10000,253.8615,1,YERLİ,32.3833,Sevk irsaliyesi,E,Kalite onaylı,78392.7209,30,2024,6,26
H00013,320.01.0007,IRS24701893,2024-06-15,120,120,100.1372,1,YERLİ,32.3833,Numune kabul,H,Şartlı kabul,371.0698,0,2024,6,24
H00003,320.01.0007,IRS24701894,2024-08-02,120,0.12,72.799,1,YERLİ,33.35,İthalat dosyası,E,Kalite onaylı,261.9454,45,2024,8,31
H00012,320.01.0001,IRS24701895,2024-06-28,120,120,31.3805,1,YERLİ,32.3833,Kısmi teslim,E,,116.284,90,2024,6,26
H00016,320.01.0001,IRS24701896,2024-06-05,500,500,84.5451,1,YERLİ,32.3833,Numune kabul,E,,1305.3812,0,2024,6,23
H00009,320.01.0014,IRS24701897,2024-06-23,120,0.12,69.8282,1,YERLİ,32.3833,Kısmi teslim,H,Şartlı kabul,258.7563,90,2024,6,25
D00002,320.01.0027,IRS24701898,2024-09-07,250,250,56.4834,1,YERLİ,33.8,Mal kabul,H,,417.7766,30,2024,9,36
H00001,320.01.0018,IRS24701899,2024-07-13,250,0.25,48.1457,1,YERLİ,32.9,Sevk irsaliyesi,E,Şartlı kabul,365.8488,0,2024,7,28
D00007,320.01.0008,IRS24701900,2024-07-01,1000,1000,80.9311,1,YERLİ,32.9,Sevk irsaliyesi,E,Şartlı kabul,2459.9119,45,2024,7,27
D00001,320.01.0023,IRS24701901,2024-06-26,250,250,38.2409,1,İTHAL,32.3833,Mal kabul,H,Kalite onaylı,295.2208,60,2024,6,26
D00007,320.01.0023,IRS24701902,2024-06-12,2000,2000,74.7227,1,İTHAL,32.3833,İthalat dosyası,E,Şartlı kabul,4614.891,45,2024,6,24
H00005,320.01.0004,IRS24701903,2024-09-09,10000,10,58.1749,1,YERLİ,33.8,Numune kabul,E,Şartlı kabul,17211.5089,0,2024,9,37
H00011,320.01.0001,IRS24701904,2024-06-28,250,0.25,39.6047,1,YERLİ,32.3833,Sevk irsaliyesi,E,Kalite onaylı,305.7494,60,2024,6,26
H00016,320.01.0050,IRS24701905,2024-07-05,250,250,71.5593,1,YERLİ,32.9,Numune kabul,E,Kalite onaylı,543.7637,30,2024,7,27
H00012,320.01.0024,IRS24701906,2024-09-01,5000,5000,30.044,1,YERLİ,33.8,İthalat dosyası,H,,4444.3787,0,2024,9,35
H00005,320.01.0024,IRS24701907,2024-08-28,10000,10,57.9119,1,YERLİ,33.35,Kısmi teslim,E,Kalite onaylı,17364.8876,45,2024,8,35
H00013,320.01.0024,IRS24701908,2024-08-01,250,250,96.0585,1,YERLİ,33.35,Sevk irsaliyesi,E,Kalite onaylı,720.0787,45,2024,8,31
H00004,320.01.0004,IRS24701909,2024-06-20,120,0.12,67.8547,1,YERLİ,32.3833,Numune kabul,H,,251.4433,0,2024,6,25
D00011,320.01.0004,IRS24701910,2024-08-09,2000,2000,8.7075,1,YERLİ,33.35,Sevk irsaliyesi,H,,522.1889,45,2024,8,32
H00009,320.01.0004,IRS24701911,2024-06-23,250,0.25,72.8441,1,YERLİ,32.3833,Sevk irsaliyesi,H,Şartlı kabul,562.3585,0,2024,6,25
D00006,320.01.0001,IRS24701912,2024-08-05,250,250,297.3523,1,YERLİ,33.35,Kısmi teslim,E,Şartlı kabul,2229.0277,30,2024,8,32
H00007,320.01.0001,IRS24701913,2024-09-07,500,0.5,45.0508,1,YERLİ,33.8,İthalat dosyası,E,Şartlı kabul,666.432,60,2024,9,36
H00008,320.01.0004,IRS24701914,2024-09-07,10000,10,60.4799,1,YERLİ,33.8,Mal kabul,E,Kalite onaylı,17893.4615,45,2024,9,36
H00003,320.01.0004,IRS24701915,2024-07-04,2500,2.5,76.7004,1,YERLİ,32.9,İthalat dosyası,H,Şartlı kabul,5828.2979,30,2024,7,27
D00009,320.01.0004,IRS24701916,2024-08-08,2000,2000,221.529,1,YERLİ,33.35,Kısmi teslim,E,Kalite onaylı,13285.0975,0,2024,8,32
D00004,320.01.0003,IRS24701917,2024-07-02,500,500,76.1316,1,İTHAL,32.9,Sevk irsaliyesi,H,Kalite onaylı,1157.0152,90,2024,7,27
D00011,320.01.0003,IRS24701918,2024-06-18,500,500,8.8441,1,İTHAL,32.3833,Kısmi teslim,H,Şartlı kabul,136.5534,0,2024,6,25
H00010,320.01.0003,IRS24701919,2024-08-31,250,0.25,22.979,1,İTHAL,33.35,Sevk irsaliyesi,E,,172.2564,60,2024,8,35
H00011,320.01.0001,IRS24701920,2024-06-29,250,0.25,33.6574,1,YERLİ,32.3833,Sevk irsaliyesi,H,,259.8361,0,2024,6,26
H00010,320.01.0023,IRS24701921,2024-06-25,1000,1,22.1951,1,İTHAL,32.3833,Numune kabul,H,,685.3872,30,2024,6,26
D00009,320.01.0002,IRS24701922,2024-07-02,5000,5000,225.559,1,YERLİ,32.9,Numune kabul,H,Şartlı kabul,34279.4833,45,2024,7,27
H00005,320.01.0005,IRS24701923,2024-06-30,2000,2,48.2944,1,YERLİ,32.3833,Mal kabul,E,,2982.6732,0,2024,6,26
D00003,320.01.0005,IRS24701924,2024-07-18,500,500,272.6454,1,YERLİ,32.9,Kısmi teslim,H,Şartlı kabul,4143.5471,90,2024,7,29
D00011,320.01.0003,IRS24701925,2024-07-09,10000,10000,10.3209,1,İTHAL,32.9,İthalat dosyası,H,Kalite onaylı,3137.0517,30,2024,7,28
H00012,320.01.0003,IRS24701926,2024-06-27,250,250,31.8213,1,İTHAL,32.3833,Mal kabul,H,Şartlı kabul,245.6613,90,2024,6,26
H00013,320.01.0003,IRS24701927,2024-07-29,500,500,86.9822,1,İTHAL,32.9,Mal kabul,E,,1321.9179,90,2024,7,31
H00009,320.01.0004,IRS24701929,2024-08-11,500,0.5,70.618,1,YERLİ,33.35,İthalat dosyası,H,,1058.7406,90,2024,8,32
D00006,320.01.0002,IRS24701930,2024-07-07,500,500,286.0131,1,YERLİ,32.9,Mal kabul,H,Şartlı kabul,4346.7036,45,2024,7,27
D00003,320.01.0002,IRS24701931,2024-09-12,1000,1000,257.5461,1,YERLİ,33.8,Kısmi teslim,H,Şartlı kabul,7619.7071,90,2024,9,37
H00016,320.01.0002,IRS24701932,2024-09-03,10000,10000,75.2675,1,YERLİ,33.8,Kısmi teslim,E,Kalite onaylı,22268.4911,60,2024,9,36
D00003,320.01.0002,IRS24701933,2024-07-13,5000,5000,263.6495,1,YERLİ,32.9,İthalat dosyası,E,Şartlı kabul,40068.3131,30,2024,7,28
H00016,320.01.0030,IRS24701934,2024-07-03,1000,1000,91.9459,1,YERLİ,32.9,İthalat dosyası,E,Kalite onaylı,2794.7082,60,2024,7,27
D00009,320.01.0031,IRS24701935,2024-09-05,250,250,232.0087,1,YERLİ,33.8,Kısmi teslim,H,Kalite onaylı,1716.0407,0,2024,9,36
D00012,320.01.0031,IRS24701936,2024-09-06,120,120,141.6945,1,YERLİ,33.8,Sevk irsaliyesi,H,Şartlı kabul,503.0574,60,2024,9,36
D00009,320.01.0015,IRS24701937,2024-07-06,120,120,264.2426,1,YERLİ,32.9,Kısmi teslim,E,Şartlı kabul,963.8028,90,2024,7,27
H00015,320.01.0003,IRS24701938,2024-07-10,10000,10,40.1489,1,İTHAL,32.9,Mal kabul,H,Şartlı kabul,12203.3131,0,2024,7,28
D00011,320.01.0027,IRS24701940,2024-07-05,1000,1000,10.329,1,YERLİ,32.9,Kısmi teslim,H,,313.9514,0,2024,7,27
D00004,320.01.0024,IRS24701941,2024-07-01,500,500,73.9359,1,YERLİ,32.9,Numune kabul,E,,1123.6459,90,2024,7,27
H00008,320.01.0030,IRS24701942,2024-06-20,250,0.25,61.8034,1,YERLİ,32.3833,Sevk irsaliyesi,E,,477.124,60,2024,6,25
H00003,320.01.0030,IRS24701943,2024-07-12,5000,5,69.4324,1,YERLİ,32.9,Mal kabul,H,Kalite onaylı,10552.0365,45,2024,7,28
D00002,320.01.0001,IRS24701944,2024-07-07,10000,10000,58.7311,1,YERLİ,32.9,Mal kabul,H,Kalite onaylı,17851.3982,90,2024,7,27
D00003,320.01.0001,IRS24701945,2024-07-07,5000,5000,290.0976,1,YERLİ,32.9,Numune kabul,E,Şartlı kabul,44087.7812,45,2024,7,27
H00010,320.01.0048,IRS24701946,2024-08-08,1000,1,21.5721,1,YERLİ,33.35,Sevk irsaliyesi,H,Şartlı kabul,646.8396,60,2024,8,32
H00007,320.01.0048,IRS24701947,2024-07-04,500,0.5,43.3547,1,YERLİ,32.9,Kısmi teslim,E,Şartlı kabul,658.886,0,2024,7,27
D00001,320.01.0048,IRS24701948,2024-09-10,500,500,38.2109,1,YERLİ,33.8,İthalat dosyası,H,Şartlı kabul,565.25,60,2024,9,37
D00005,320.01.0030,IRS24701949,2024-06-19,1000,1000,299.2395,1,YERLİ,32.3833,Mal kabul,E,Kalite onaylı,9240.5499,30,2024,6,25
D00006,320.01.0009,IRS24701950,2024-08-08,120,120,281.1471,1,YERLİ,33.35,Mal kabul,E,Kalite onaylı,1011.6237,0,2024,8,32
D00012,320.01.0006,IRS24701951,2024-09-21,500,500,118.4673,1,YERLİ,33.8,Sevk irsaliyesi,E,,1752.4749,0,2024,9,38
H00013,320.01.0006,IRS24701952,2024-06-29,10000,10000,86.6695,1,YERLİ,32.3833,İthalat dosyası,E,Şartlı kabul,26763.6405,45,2024,6,26
H00012,320.01.0037,IRS24701953,2024-06-30,10000,10000,33.1231,1,İTHAL,32.3833,Mal kabul,H,Şartlı kabul,10228.4511,90,2024,6,26
H00011,320.01.0021,IRS24701954,2024-06-27,250,0.25,40.5112,1,YERLİ,32.3833,İthalat dosyası,E,,312.7476,45,2024,6,26
H00003,320.01.0021,IRS24701955,2024-07-10,1000,1,72.2554,1,YERLİ,32.9,Mal kabul,E,Kalite onaylı,2196.2128,90,2024,7,28
H00009,320.01.0048,IRS24701956,2024-08-03,10000,10,81.201,1,YERLİ,33.35,İthalat dosyası,H,Şartlı kabul,24348.1259,90,2024,8,31
D00008,320.01.0048,IRS24701957,2024-06-26,2000,2000,329.2464,1,YERLİ,32.3833,Sevk irsaliyesi,H,Şartlı kabul,20334.3328,45,2024,6,26
H00015,320.01.0048,IRS24701958,2024-08-10,5000,5,36.563,1,YERLİ,33.35,Sevk irsaliyesi,H,Şartlı kabul,5481.7091,90,2024,8,32
D00004,320.01.0002,IRS24701959,2024-07-03,500,500,62.9023,1,YERLİ,32.9,Mal kabul,H,Kalite onaylı,955.962,90,2024,7,27
H00010,320.01.0002,IRS24701960,2024-07-13,2000,2,24.0531,1,YERLİ,32.9,Mal kabul,E,,1462.1945,90,2024,7,28
H00010,320.01.0005,IRS24701961,2024-07-01,1000,1,20.0758,1,YERLİ,32.9,Sevk irsaliyesi,H,Şartlı kabul,610.2067,30,2024,7,27
D00010,320.01.0006,IRS24701962,2024-08-01,250,250,219.3955,1,YERLİ,33.35,Kısmi teslim,H,,1644.6439,45,2024,8,31
H00011,320.01.0006,IRS24701963,2024-08-15,2000,2,33.918,1,YERLİ,33.35,Sevk irsaliyesi,H,,2034.063,0,2024,8,33
H00009,320.01.0006,IRS24701964,2024-08-25,250,0.25,76.4871,1,YERLİ,33.35,Numune kabul,H,,573.3666,30,2024,8,34
D00010,320.01.0033,IRS24701965,2024-07-01,250,250,199.9076,1,YERLİ,32.9,Mal kabul,H,Şartlı kabul,1519.0547,90,2024,7,27
H00015,320.01.0033,IRS24701966,2024-08-18,5000,5,41.5902,1,YERLİ,33.35,İthalat dosyası,H,Şartlı kabul,6235.4123,0,2024,8,33
H00011,320.01.0006,IRS24701967,2024-08-13,2000,2,34.6859,1,YERLİ,33.35,Mal kabul,E,Şartlı kabul,2080.1139,60,2024,8,33
D00004,320.01.0006,IRS24701968,2024-07-31,500,500,64.887,1,YERLİ,32.9,İthalat dosyası,H,Şartlı kabul,986.1246,0,2024,7,31
H00006,320.01.0010,IRS24701969,2024-07-03,2000,2,112.1168,1,YERLİ,32.9,Sevk irsaliyesi,E,Kalite onaylı,6815.6109,90,2024,7,27
D00009,320.01.0021,IRS24701970,2024-07-19,10000,10000,247.5303,1,YERLİ,32.9,Mal kabul,E,Şartlı kabul,75237.1733,45,2024,7,29
D00007,320.01.0021,IRS24701971,2024-07-23,250,250,74.6151,1,YERLİ,32.9,İthalat dosyası,H,Şartlı kabul,566.984,0,2024,7,30
D00010,320.01.0034,IRS24701972,2024-07-03,250,250,190.7485,1,YERLİ,32.9,Mal kabul,E,Şartlı kabul,1449.4567,60,2024,7,27
H00016,320.01.0034,IRS24701973,2024-08-05,120,120,75.4334,1,YERLİ,33.35,Kısmi teslim,E,Kalite onaylı,271.4245,45,2024,8,32
H00004,320.01.0034,IRS24701974,2024-09-21,1000,1,65.8461,1,YERLİ,33.8,Mal kabul,H,,1948.1095,0,2024,9,38
H00002,320.01.0031,IRS24701975,2024-08-17,2000,2,19.193,1,YERLİ,33.35,Kısmi teslim,E,Şartlı kabul,1151.0045,0,2024,8,33
D00009,320.01.0031,IRS24701976,2024-07-04,10000,10000,250.3169,1,YERLİ,32.9,İthalat dosyası,E,,76084.1641,90,2024,7,27
H00006,320.01.0031,IRS24701977,2024-07-25,250,0.25,116.6643,1,YERLİ,32.9,İthalat dosyası,E,,886.5068,45,2024,7,30
H00012,320.01.0032,IRS24701978,2024-09-27,1000,1000,28.0843,1,YERLİ,33.8,Mal kabul,H,,830.8964,30,2024,9,39
H00014,320.01.0022,IRS24701979,2024-07-11,120,0.12,31.3974,1,YERLİ,32.9,Sevk irsaliyesi,E,Şartlı kabul,114.5194,60,2024,7,28
D00009,320.01.0022,IRS24701980,2024-07-20,120,120,254.2144,1,YERLİ,32.9,İthalat dosyası,H,,927.2258,60,2024,7,29
H00010,320.01.0022,IRS24701981,2024-09-28,10000,10,20.0316,1,YERLİ,33.8,Kısmi teslim,H,Kalite onaylı,5926.5089,60,2024,9,39
D00012,320.01.0015,IRS24701982,2024-06-29,1000,1000,126.871,1,YERLİ,32.3833,Numune kabul,E,Şartlı kabul,3917.791,0,2024,6,26
H00012,320.01.0007,IRS24701983,2024-08-06,250,250,27.1002,1,YERLİ,33.35,Numune kabul,H,Şartlı kabul,203.1499,90,2024,8,32
D00009,320.01.0007,IRS24701984,2024-07-10,120,120,239.33,1,YERLİ,32.9,İthalat dosyası,H,Kalite onaylı,872.9362,60,2024,7,28
H00006,320.01.0010,IRS24701985,2024-08-24,10000,10,107.1973,1,YERLİ,33.35,Kısmi teslim,H,Kalite onaylı,32143.1184,90,2024,8,34
D00005,320.01.0010,IRS24701986,2024-08-24,500,500,275.3532,1,YERLİ,33.35,Numune kabul,E,,4128.2339,30,2024,8,34
H00004,320.01.0010,IRS24701987,2024-08-30,250,0.25,67.785,1,YERLİ,33.35,Numune kabul,E,,508.1334,45,2024,8,35
H00016,320.01.0001,IRS24701988,2024-07-14,500,500,85.5193,1,YERLİ,32.9,Mal kabul,H,Kalite onaylı,1299.6854,30,2024,7,28
H00006,320.01.0001,IRS24701989,2024-08-26,1000,1,104.841,1,YERLİ,33.35,Kısmi teslim,H,Şartlı kabul,3143.6582,60,2024,8,35
H00008,320.01.0001,IRS24701990,2024-07-02,2000,2,61.9559,1,YERLİ,32.9,Mal kabul,E,Şartlı kabul,3766.3161,0,2024,7,27
H00002,320.01.0012,IRS24701991,2024-08-10,500,0.5,21.3386,1,YERLİ,33.35,Numune kabul,E,Kalite onaylı,319.919,0,2024,8,32
D00011,320.01.0012,IRS24701992,2024-07-25,5000,5000,10.01,1,YERLİ,32.9,Mal kabul,E,Şartlı kabul,1521.2766,0,2024,7,30
D00005,320.01.0012,IRS24701993,2024-07-17,500,500,262.5957,1,YERLİ,32.9,Sevk irsaliyesi,E,,3990.8161,45,2024,7,29
D00010,320.01.0001,IRS24701995,2024-08-22,250,250,189.4187,1,YERLİ,33.35,Mal kabul,E,,1419.9303,90,2024,8,34
D00002,320.01.0046,IRS24701996,2024-07-30,2000,2000,57.8865,1,YERLİ,32.9,Kısmi teslim,E,Kalite onaylı,3518.9362,45,2024,7,31
H00009,320.01.0023,IRS24701997,2024-07-10,10000,10,84.6187,1,İTHAL,32.9,Mal kabul,H,Şartlı kabul,25719.9696,30,2024,7,28
D00004,320.01.0023,IRS24701998,2024-07-06,2000,2000,66.4006,1,İTHAL,32.9,İthalat dosyası,E,,4036.5106,0,2024,7,27
H00004,320.01.0021,IRS24701999,2024-09-03,120,0.12,77.8509,1,YERLİ,33.8,Kısmi teslim,E,Şartlı kabul,276.3937,60,2024,9,36
H00006,320.01.0014,IRS24702000,2024-08-28,1000,1,101.9084,1,YERLİ,33.35,Mal kabul,H,Şartlı kabul,3055.7241,60,2024,8,35
H00010,320.01.0025,IRS24702001,2024-08-23,500,0.5,23.7703,1,İTHAL,33.35,Sevk irsaliyesi,H,Şartlı kabul,356.3763,90,2024,8,34
H00006,320.01.0025,IRS24702002,2024-08-03,250,0.25,117.8002,1,İTHAL,33.35,Kısmi teslim,E,Kalite onaylı,883.06,60,2024,8,31
H00001,320.01.0010,IRS24702003,2024-07-30,1000,1,51.6096,1,YERLİ,32.9,Kısmi teslim,H,Şartlı kabul,1568.6809,60,2024,7,31
D00003,320.01.0010,IRS24702004,2024-07-29,5000,5000,268.1322,1,YERLİ,32.9,Kısmi teslim,H,Şartlı kabul,40749.5745,0,2024,7,31
D00003,320.01.0012,IRS24702005,2024-07-22,120,120,310.7232,1,YERLİ,32.9,Sevk irsaliyesi,E,Kalite onaylı,1133.3369,45,2024,7,30
D00009,320.01.0012,IRS24702007,2024-09-29,10000,10000,230.491,1,YERLİ,33.8,İthalat dosyası,H,,68192.6036,30,2024,9,39
D00012,320.01.0001,IRS24702008,2024-07-28,500,500,125.8663,1,YERLİ,32.9,İthalat dosyası,E,Kalite onaylı,1912.8617,90,2024,7,30
D00008,320.01.0001,IRS24702009,2024-07-17,120,120,280.5017,1,YERLİ,32.9,Numune kabul,H,Şartlı kabul,1023.1065,60,2024,7,29
D00010,320.01.0013,IRS24702010,2024-09-02,1000,1000,193.5592,1,YERLİ,33.8,Sevk irsaliyesi,H,,5726.6036,0,2024,9,36
H00014,320.01.0013,IRS24702011,2024-08-28,500,0.5,35.0006,1,YERLİ,33.35,Numune kabul,H,,524.7466,0,2024,8,35
D00002,320.01.0002,IRS24702012,2024-08-03,10000,10000,56.6236,1,YERLİ,33.35,Kısmi teslim,E,Kalite onaylı,16978.5907,60,2024,8,31
D00011,320.01.0002,IRS24702013,2024-09-11,2000,2000,8.7601,1,YERLİ,33.8,Numune kabul,H,,518.3491,45,2024,9,37
D00009,320.01.0015,IRS24702014,2024-08-18,10000,10000,266.0215,1,YERLİ,33.35,Numune kabul,E,Şartlı kabul,79766.5667,45,2024,8,33
H00006,320.01.0015,IRS24702015,2024-08-07,5000,5,95.0078,1,YERLİ,33.35,Sevk irsaliyesi,H,,14244.048,45,2024,8,32
D00010,320.01.0004,IRS24702016,2024-07-29,1000,1000,204.5848,1,YERLİ,32.9,Sevk irsaliyesi,H,Şartlı kabul,6218.383,45,2024,7,31
H00002,320.01.0004,IRS24702017,2024-07-29,5000,5,19.0182,1,YERLİ,32.9,İthalat dosyası,E,,2890.304,60,2024,7,31
D00010,320.01.0004,IRS24702018,2024-07-15,250,250,220.3492,1,YERLİ,32.9,Mal kabul,E,Şartlı kabul,1674.386,45,2024,7,29
H00008,320.01.0011,IRS24702019,2024-07-22,250,0.25,65.5795,1,YERLİ,32.9,Numune kabul,H,,498.3245,0,2024,7,30
D00005,320.01.0016,IRS24702020,2024-08-17,1000,1000,295.6135,1,YERLİ,33.35,Kısmi teslim,E,Şartlı kabul,8863.973,90,2024,8,33
H00004,320.01.0016,IRS24702021,2024-08-12,5000,5,77.6579,1,YERLİ,33.35,Numune kabul,E,Şartlı kabul,11642.8636,0,2024,8,33
D00009,320.01.0032,IRS24702022,2024-09-11,1000,1000,228.5033,1,YERLİ,33.8,Mal kabul,E,,6760.4527,30,2024,9,37
H00012,320.01.0022,IRS24702023,2024-08-04,120,120,32.1821,1,YERLİ,33.35,İthalat dosyası,H,Kalite onaylı,115.7977,60,2024,8,31
D00005,320.01.0008,IRS24702025,2024-08-12,120,120,264.9348,1,YERLİ,33.35,Mal kabul,E,Kalite onaylı,953.2886,30,2024,8,33
H00005,320.01.0008,IRS24702026,2024-08-04,120,0.12,52.1312,1,YERLİ,33.35,Kısmi teslim,H,Şartlı kabul,187.5785,60,2024,8,31
H00012,320.01.0008,IRS24702027,2024-07-28,1000,1000,31.6849,1,YERLİ,32.9,Kısmi teslim,H,Kalite onaylı,963.0669,45,2024,7,30
H00005,320.01.0002,IRS24702028,2024-07-29,500,0.5,59.4835,1,YERLİ,32.9,Kısmi teslim,E,,904.0046,30,2024,7,31
D00004,320.01.0004,IRS24702029,2024-10-14,250,250,63.6681,1,YERLİ,34.25,Numune kabul,E,Şartlı kabul,464.7307,60,2024,10,42
H00009,320.01.0001,IRS24702030,2024-08-11,5000,5,71.8782,1,YERLİ,33.35,Kısmi teslim,H,,10776.3418,0,2024,8,32
H00002,320.01.0006,IRS24702031,2024-10-08,2000,2,18.3123,1,YERLİ,34.25,İthalat dosyası,H,Kalite onaylı,1069.3314,45,2024,10,41
D00007,320.01.0006,IRS24702032,2024-07-22,10000,10000,72.2468,1,YERLİ,32.9,Kısmi teslim,H,,21959.5137,0,2024,7,30
H00013,320.01.0021,IRS24702033,2024-07-31,2000,2000,94.9167,1,YERLİ,32.9,Sevk irsaliyesi,E,,5770.0122,30,2024,7,31
D00012,320.01.0009,IRS24702034,2024-10-08,500,500,125.1413,1,YERLİ,34.25,İthalat dosyası,E,Kalite onaylı,1826.8803,45,2024,10,41
D00011,320.01.0013,IRS24702035,2024-08-09,1000,1000,10.0376,1,YERLİ,33.35,Numune kabul,H,,300.9775,30,2024,8,32
H00011,320.01.0002,IRS24702037,2024-08-22,500,0.5,41.3042,1,YERLİ,33.35,Sevk irsaliyesi,E,,619.2534,60,2024,8,34
H00006,320.01.0002,IRS24702038,2024-08-09,120,0.12,110.7517,1,YERLİ,33.35,Sevk irsaliyesi,E,,398.5069,45,2024,8,32
H00005,320.01.0051,IRS24702041,2024-10-18,120,0.12,48.0614,1,YERLİ,34.25,Mal kabul,E,Şartlı kabul,168.3903,90,2024,10,42
H00006,320.01.0002,IRS24702042,2024-08-06,120,0.12,118.3971,1,YERLİ,33.35,Numune kabul,H,Şartlı kabul,426.0166,45,2024,8,32
H00004,320.01.0002,IRS24702043,2024-07-28,5000,5,62.8597,1,YERLİ,32.9,Sevk irsaliyesi,E,Kalite onaylı,9553.1459,30,2024,7,30
D00003,320.01.0002,IRS24702044,2024-10-13,5000,5000,270.1881,1,YERLİ,34.25,Mal kabul,E,Kalite onaylı,39443.5182,0,2024,10,41
D00006,320.01.0011,IRS24702045,2024-08-01,2000,2000,337.0802,1,YERLİ,33.35,Mal kabul,H,Kalite onaylı,20214.7046,60,2024,8,31
H00013,320.01.0048,IRS24702046,2024-08-24,5000,5000,91.6049,1,YERLİ,33.35,Mal kabul,E,,13733.8681,30,2024,8,34
D00002,320.01.0001,IRS24702047,2024-08-12,1000,1000,58.3006,1,YERLİ,33.35,Kısmi teslim,H,,1748.1439,0,2024,8,33
D00006,320.01.0010,IRS24702048,2024-08-21,120,120,278.5135,1,YERLİ,33.35,İthalat dosyası,H,,1002.1475,90,2024,8,34
H00010,320.01.0010,IRS24702049,2024-08-09,120,0.12,22.5135,1,YERLİ,33.35,Kısmi teslim,E,,81.0081,60,2024,8,32
D00012,320.01.0003,IRS24702050,2024-08-19,500,500,123.4634,1,İTHAL,33.35,Kısmi teslim,H,,1851.0255,30,2024,8,34
H00016,320.01.0003,IRS24702051,2024-10-21,120,120,93.5625,1,İTHAL,34.25,Mal kabul,H,Şartlı kabul,327.8102,90,2024,10,43
D00010,320.01.0031,IRS24702052,2024-08-14,1000,1000,215.8305,1,YERLİ,33.35,Mal kabul,E,,6471.6792,45,2024,8,33
H00012,320.01.0031,IRS24702053,2024-10-15,5000,5000,29.3486,1,YERLİ,34.25,İthalat dosyası,E,Şartlı kabul,4284.4672,30,2024,10,42
H00012,320.01.0031,IRS24702054,2024-08-15,5000,5000,34.23,1,YERLİ,33.35,Mal kabul,H,,5131.934,30,2024,8,33
H00003,320.01.0025,IRS24702055,2024-08-25,10000,10,74.4763,1,İTHAL,33.35,Mal kabul,H,Şartlı kabul,22331.7241,45,2024,8,34
H00010,320.01.0001,IRS24702056,2024-08-15,60,0.06,22.175,1,YERLİ,33.35,İthalat dosyası,H,Kalite onaylı,39.8951,60,2024,8,33
H00008,320.01.0001,IRS24702057,2024-08-27,5000,5,58.3291,1,YERLİ,33.35,Kısmi teslim,E,Şartlı kabul,8744.9925,45,2024,8,35
D00002,320.01.0001,IRS24702058,2024-09-09,1000,1000,59.3324,1,YERLİ,33.8,Kısmi teslim,E,Kalite onaylı,1755.3964,0,2024,9,37
H00014,320.01.0001,IRS24702059,2024-10-19,250,0.25,37.7478,1,YERLİ,34.25,Sevk irsaliyesi,E,,275.5314,45,2024,10,42
D00011,320.01.0011,IRS24702060,2024-08-12,5000,5000,8.6661,1,YERLİ,33.35,Numune kabul,E,Şartlı kabul,1299.2654,0,2024,8,33
D00005,320.01.0011,IRS24702061,2024-08-12,120,120,314.7245,1,YERLİ,33.35,Sevk irsaliyesi,H,Şartlı kabul,1132.442,0,2024,8,33
D00002,320.01.0014,IRS24702062,2024-08-08,250,250,61.9701,1,YERLİ,33.35,Mal kabul,H,Kalite onaylı,464.5435,60,2024,8,32
D00002,320.01.0033,IRS24702063,2024-08-26,120,120,58.2292,1,YERLİ,33.35,Sevk irsaliyesi,E,Şartlı kabul,209.5204,30,2024,8,35
D00001,320.01.0033,IRS24702064,2024-08-10,5000,5000,34.741,1,YERLİ,33.35,Sevk irsaliyesi,E,,5208.5457,90,2024,8,32
H00008,320.01.0004,IRS24702065,2024-08-06,120,0.12,61.8714,1,YERLİ,33.35,Kısmi teslim,E,Kalite onaylı,222.6257,0,2024,8,32
D00002,320.01.0005,IRS24702066,2024-09-18,500,500,56.4014,1,YERLİ,33.8,Kısmi teslim,E,Kalite onaylı,834.3402,45,2024,9,38
H00014,320.01.0005,IRS24702067,2024-08-06,1000,1,31.79,1,YERLİ,33.35,Kısmi teslim,H,Kalite onaylı,953.2234,0,2024,8,32
D00008,320.01.0005,IRS24702068,2024-09-23,500,500,309.9887,1,YERLİ,33.8,Kısmi teslim,H,Şartlı kabul,4585.6317,90,2024,9,39
D00009,320.01.0003,IRS24702069,2024-09-08,2000,2000,219.5039,1,İTHAL,33.8,Numune kabul,E,,12988.3964,30,2024,9,36
D00001,320.01.0003,IRS24702070,2024-08-12,10000,10000,36.7693,1,İTHAL,33.35,Kısmi teslim,H,Kalite onaylı,11025.2774,30,2024,8,33
H00010,320.01.0003,IRS24702071,2024-08-12,1000,1,24.6789,1,İTHAL,33.35,Numune kabul,H,Şartlı kabul,739.997,45,2024,8,33
H00016,320.01.0002,IRS24702072,2024-08-07,120,120,89.9568,1,YERLİ,33.35,Mal kabul,E,Kalite onaylı,323.6826,60,2024,8,32
D00003,320.01.0002,IRS24702073,2024-08-19,120,120,294.9489,1,YERLİ,33.35,Numune kabul,H,Kalite onaylı,1061.2854,30,2024,8,34
D00009,320.01.0002,IRS24702074,2024-08-15,250,250,248.4068,1,YERLİ,33.35,Numune kabul,E,Şartlı kabul,1862.1199,0,2024,8,33
H00011,320.01.0008,IRS24702075,2024-08-14,500,0.5,32.5446,1,YERLİ,33.35,Kısmi teslim,H,Kalite onaylı,487.925,60,2024,8,33
D00001,320.01.0008,IRS24702076,2024-08-06,120,120,37.8401,1,YERLİ,33.35,Mal kabul,E,,136.1563,0,2024,8,32
H00008,320.01.0022,IRS24702077,2024-09-05,2000,2,55.9337,1,YERLİ,33.8,Numune kabul,H,Şartlı kabul,3309.6864,0,2024,9,36
D00004,320.01.0022,IRS24702078,2024-08-20,500,500,76.6569,1,YERLİ,33.35,Numune kabul,H,Şartlı kabul,1149.2789,60,2024,8,34
H00011,320.01.0022,IRS24702079,2024-08-24,250,0.25,39.6154,1,YERLİ,33.35,İthalat dosyası,E,,296.967,90,2024,8,34
D00010,320.01.0006,IRS24702080,2024-08-28,250,250,212.2505,1,YERLİ,33.35,Numune kabul,E,,1591.0832,60,2024,8,35
H00006,320.01.0020,IRS24702081,2024-08-18,5000,5,109.687,1,YERLİ,33.35,İthalat dosyası,E,,16444.8276,45,2024,8,33
D00007,320.01.0020,IRS24702082,2024-09-21,1000,1000,85.2522,1,YERLİ,33.8,Kısmi teslim,H,Şartlı kabul,2522.2544,45,2024,9,38
H00011,320.01.0001,IRS24702083,2024-08-22,500,0.5,38.4115,1,YERLİ,33.35,Numune kabul,E,,575.8846,45,2024,8,34
H00010,320.01.0006,IRS24702084,2024-09-06,2000,2,20.3987,1,YERLİ,33.8,Sevk irsaliyesi,H,Şartlı kabul,1207.0237,0,2024,9,36
D00001,320.01.0006,IRS24702085,2024-08-24,500,500,37.1877,1,YERLİ,33.35,Mal kabul,E,,557.5367,30,2024,8,34
H00015,320.01.0006,IRS24702086,2024-08-25,250,0.25,45.0298,1,YERLİ,33.35,İthalat dosyası,H,,337.5547,0,2024,8,34
D00005,320.01.0014,IRS24702087,2024-09-21,10000,10000,271.2886,1,YERLİ,33.8,Sevk irsaliyesi,E,Kalite onaylı,80262.8994,90,2024,9,38
H00006,320.01.0014,IRS24702088,2024-08-08,250,0.25,110.4776,1,YERLİ,33.35,Numune kabul,H,Şartlı kabul,828.1679,90,2024,8,32
H00007,320.01.0014,IRS24702089,2024-08-04,5000,5,42.4895,1,YERLİ,33.35,İthalat dosyası,H,Şartlı kabul,6370.2399,90,2024,8,31
D00002,320.01.0001,IRS24702091,2024-10-23,5000,5000,58.7116,1,YERLİ,34.25,Numune kabul,H,Kalite onaylı,8571.0365,0,2024,10,43
H00002,320.01.0001,IRS24702092,2024-09-11,5000,5,21.6448,1,YERLİ,33.8,İthalat dosyası,E,Şartlı kabul,3201.8935,90,2024,9,37
D00005,320.01.0028,IRS24702093,2024-08-08,120,120,292.9454,1,YERLİ,33.35,Kısmi teslim,H,,1054.0764,90,2024,8,32
H00007,320.01.0028,IRS24702094,2024-08-03,120,0.12,46.1983,1,YERLİ,33.35,Kısmi teslim,H,Kalite onaylı,166.2308,60,2024,8,31
H00004,320.01.0006,IRS24702095,2024-09-25,2000,2,66.8557,1,YERLİ,33.8,Numune kabul,E,,3955.9586,90,2024,9,39
D00004,320.01.0007,IRS24702096,2024-10-24,1000,1000,62.1372,1,YERLİ,34.25,Mal kabul,E,,1814.2248,60,2024,10,43
D00011,320.01.0043,IRS24702097,2024-08-16,500,500,8.6597,1,İTHAL,33.35,Mal kabul,E,Kalite onaylı,129.8306,30,2024,8,33
H00013,320.01.0043,IRS24702098,2024-09-13,250,250,82.9072,1,İTHAL,33.8,Sevk irsaliyesi,H,Kalite onaylı,613.2189,90,2024,9,37
D00011,320.01.0043,IRS24702099,2024-08-11,120,120,8.6544,1,İTHAL,33.35,Mal kabul,H,,31.1403,60,2024,8,32
D00002,320.01.0034,IRS24702100,2024-08-15,10000,10000,57.6627,1,YERLİ,33.35,Sevk irsaliyesi,E,Şartlı kabul,17290.1649,60,2024,8,33
H00004,320.01.0004,IRS24702101,2024-08-11,10000,10,64.8593,1,YERLİ,33.35,Kısmi teslim,E,Şartlı kabul,19448.066,60,2024,8,32
H00016,320.01.0004,IRS24702102,2024-09-09,120,120,75.9374,1,YERLİ,33.8,Mal kabul,H,,269.6002,30,2024,9,37
H00003,320.01.0004,IRS24702103,2024-08-05,120,0.12,68.2628,1,YERLİ,33.35,Sevk irsaliyesi,E,,245.6233,45,2024,8,32
H00001,320.01.0029,IRS24702104,2024-08-29,5000,5,54.5733,1,YERLİ,33.35,Sevk irsaliyesi,E,Şartlı kabul,8181.904,45,2024,8,35
H00006,320.01.0029,IRS24702105,2024-11-01,1000,1,119.4245,1,YERLİ,34.7,Kısmi teslim,H,Kalite onaylı,3441.6282,60,2024,11,44
H00002,320.01.0029,IRS24702106,2024-11-02,500,0.5,21.6963,1,YERLİ,34.7,Kısmi teslim,H,Kalite onaylı,312.6268,0,2024,11,44
D00007,320.01.0005,IRS24702107,2024-08-12,5000,5000,72.4034,1,YERLİ,33.35,İthalat dosyası,E,Kalite onaylı,10855.0825,90,2024,8,33
D00012,320.01.0033,IRS24702108,2024-08-28,500,500,132.6801,1,YERLİ,33.35,İthalat dosyası,H,Kalite onaylı,1989.2069,90,2024,8,35
D00010,320.01.0033,IRS24702109,2024-08-11,2000,2000,222.2148,1,YERLİ,33.35,İthalat dosyası,E,Kalite onaylı,13326.2249,60,2024,8,32
H00015,320.01.0002,IRS24702110,2024-08-26,5000,5,45.1967,1,YERLİ,33.35,Kısmi teslim,H,Kalite onaylı,6776.1169,0,2024,8,35
H00006,320.01.0002,IRS24702111,2024-09-04,250,0.25,108.1263,1,YERLİ,33.8,İthalat dosyası,H,Şartlı kabul,799.7507,45,2024,9,36
H00006,320.01.0028,IRS24702112,2024-08-19,250,0.25,110.3657,1,YERLİ,33.35,İthalat dosyası,H,Şartlı kabul,827.3291,90,2024,8,34
D00012,320.01.0008,IRS24702113,2024-08-28,10000,10000,127.6171,1,YERLİ,33.35,Sevk irsaliyesi,E,,38265.997,60,2024,8,35
D00008,320.01.0008,IRS24702114,2024-09-09,10000,10000,299.5479,1,YERLİ,33.8,İthalat dosyası,E,,88623.6391,60,2024,9,37
H00016,320.01.0007,IRS24702115,2024-10-10,500,500,90.7876,1,YERLİ,34.25,Numune kabul,H,,1325.3664,0,2024,10,41
H00002,320.01.0025,IRS24702116,2024-08-30,5000,5,21.5503,1,İTHAL,33.35,Numune kabul,H,Şartlı kabul,3230.9295,60,2024,8,35
H00013,320.01.0050,IRS24702117,2024-08-28,120,120,100.9118,1,YERLİ,33.35,Kısmi teslim,E,Kalite onaylı,363.1009,45,2024,8,35
H00003,320.01.0050,IRS24702118,2024-09-13,1000,1,71.7695,1,YERLİ,33.8,Numune kabul,E,,2123.358,30,2024,9,37
H00013,320.01.0050,IRS24702119,2024-08-25,120,120,95.8689,1,YERLİ,33.35,Kısmi teslim,H,Kalite onaylı,344.9556,60,2024,8,34
D00004,320.01.0010,IRS24702120,2024-08-23,250,250,73.1918,1,YERLİ,33.35,Sevk irsaliyesi,H,Kalite onaylı,548.6642,90,2024,8,34
D00005,320.01.0053,IRS24702121,2024-09-26,1000,1000,286.651,1,İTHAL,33.8,Mal kabul,H,,8480.7988,60,2024,9,39
H00002,320.01.0044,IRS24702122,2024-11-10,250,0.25,21.8391,1,YERLİ,34.7,Kısmi teslim,H,Kalite onaylı,157.3422,60,2024,11,45
D00010,320.01.0044,IRS24702123,2024-08-22,2000,2000,192.3944,1,YERLİ,33.35,Kısmi teslim,H,Şartlı kabul,11537.8951,30,2024,8,34
H00016,320.01.0018,IRS24702124,2024-09-09,10000,10000,85.5821,1,YERLİ,33.8,Mal kabul,H,Şartlı kabul,25320.1479,60,2024,9,37
H00012,320.01.0018,IRS24702125,2024-08-30,120,120,34.2495,1,YERLİ,33.35,Numune kabul,E,Kalite onaylı,123.2366,45,2024,8,35
D00012,320.01.0007,IRS24702126,2024-08-22,10000,10000,142.2479,1,YERLİ,33.35,Mal kabul,E,Kalite onaylı,42653.0435,45,2024,8,34
H00015,320.01.0007,IRS24702127,2024-09-14,2000,2,42.1445,1,YERLİ,33.8,Numune kabul,E,Kalite onaylı,2493.7574,0,2024,9,37
D00009,320.01.0012,IRS24702128,2024-09-26,10000,10000,260.7234,1,YERLİ,33.8,Numune kabul,H,Kalite onaylı,77137.1006,30,2024,9,39
D00005,320.01.0012,IRS24702129,2024-10-10,1000,1000,253.8281,1,YERLİ,34.25,Numune kabul,E,Şartlı kabul,7411.0394,30,2024,10,41
H00007,320.01.0012,IRS24702130,2024-08-28,1000,1,40.9657,1,YERLİ,33.35,Numune kabul,E,,1228.3568,30,2024,8,35
D00003,320.01.0005,IRS24702131,2024-08-11,125,125,302.8163,1,YERLİ,33.35,İthalat dosyası,H,Kalite onaylı,1134.9936,60,2024,8,32
H00016,320.01.0007,IRS24702132,2024-08-18,2000,2000,86.2968,1,YERLİ,33.35,Sevk irsaliyesi,H,,5175.2204,45,2024,8,33
D00011,320.01.0009,IRS24702133,2024-08-21,2000,2000,8.4016,1,YERLİ,33.35,Kısmi teslim,E,Şartlı kabul,503.8441,90,2024,8,34
H00005,320.01.0001,IRS24702134,2024-09-17,250,0.25,54.0402,1,YERLİ,33.8,Numune kabul,H,Şartlı kabul,399.7056,45,2024,9,38
H00002,320.01.0002,IRS24702135,2024-08-17,1000,1,20.1482,1,YERLİ,33.35,Kısmi teslim,E,Kalite onaylı,604.1439,90,2024,8,33
D00008,320.01.0004,IRS24702136,2024-09-29,2000,2000,290.095,1,YERLİ,33.8,Mal kabul,E,,17165.3846,0,2024,9,39
D00012,320.01.0003,IRS24702137,2024-11-01,125,125,145.1522,1,İTHAL,34.7,Numune kabul,H,Kalite onaylı,522.8826,0,2024,11,44
D00007,320.01.0004,IRS24702139,2024-08-17,500,500,86.5054,1,YERLİ,33.35,Kısmi teslim,H,,1296.9325,60,2024,8,33
H00011,320.01.0004,IRS24702140,2024-09-10,1000,1,37.9251,1,YERLİ,33.8,İthalat dosyası,E,Kalite onaylı,1122.0444,90,2024,9,37
H00002,320.01.0002,IRS24702141,2024-10-16,120,0.12,21.5005,1,YERLİ,34.25,Mal kabul,E,,75.3302,0,2024,10,42
D00008,320.01.0002,IRS24702142,2024-09-03,5000,5000,317.4346,1,YERLİ,33.8,Kısmi teslim,E,,46957.7811,45,2024,9,36
H00002,320.01.0003,IRS24702143,2024-08-31,1000,1,20.2307,1,İTHAL,33.35,Sevk irsaliyesi,H,,606.6177,90,2024,8,35
H00007,320.01.0003,IRS24702144,2024-11-16,5000,5,41.4514,1,İTHAL,34.7,Kısmi teslim,E,Kalite onaylı,5972.8242,90,2024,11,46
H00010,320.01.0003,IRS24702145,2024-08-29,10000,10,22.9029,1,İTHAL,33.35,Numune kabul,E,Kalite onaylı,6867.4363,0,2024,8,35
D00002,320.01.0002,IRS24702146,2024-10-02,120,120,63.2217,1,YERLİ,34.25,Mal kabul,H,,221.5067,30,2024,10,40
D00005,320.01.0046,IRS24702147,2024-08-21,250,250,313.192,1,YERLİ,33.35,Kısmi teslim,H,,2347.7661,45,2024,8,34
H00016,320.01.0046,IRS24702148,2024-08-16,5000,5000,82.1887,1,YERLİ,33.35,Numune kabul,E,Kalite onaylı,12322.1439,0,2024,8,33
H00005,320.01.0046,IRS24702149,2024-10-08,2000,2,57.4894,1,YERLİ,34.25,İthalat dosyası,E,,3357.0453,90,2024,10,41
H00015,320.01.0011,IRS24702150,2024-11-06,1000,1,36.3888,1,YERLİ,34.7,İthalat dosyası,H,,1048.6686,45,2024,11,45
D00002,320.01.0011,IRS24702151,2024-09-08,120,120,60.1639,1,YERLİ,33.8,Mal kabul,H,,213.5996,45,2024,9,36
H00014,320.01.0023,IRS24702152,2024-08-26,500,0.5,35.8374,1,İTHAL,33.35,İthalat dosyası,E,,537.2924,0,2024,8,35
D00004,320.01.0033,IRS24702153,2024-09-10,10000,10000,77.4487,1,YERLİ,33.8,Numune kabul,H,Şartlı kabul,22913.8166,45,2024,9,37
D00008,320.01.0033,IRS24702154,2024-09-21,500,500,347.459,1,YERLİ,33.8,Mal kabul,E,,5139.926,30,2024,9,38
D00004,320.01.0033,IRS24702155,2024-08-23,120,120,78.8098,1,YERLİ,33.35,Numune kabul,H,Kalite onaylı,283.5735,90,2024,8,34
D00007,320.01.0002,IRS24702156,2024-08-31,2000,2000,88.6673,1,YERLİ,33.35,İthalat dosyası,H,Şartlı kabul,5317.3793,60,2024,8,35
H00007,320.01.0002,IRS24702157,2024-09-16,250,0.25,43.8448,1,YERLİ,33.8,İthalat dosyası,H,Şartlı kabul,324.2959,45,2024,9,38
H00014,320.01.0002,IRS24702158,2024-10-04,10000,10,34.9551,1,YERLİ,34.25,Numune kabul,H,Kalite onaylı,10205.8686,0,2024,10,40
D00008,320.01.0013,IRS24702159,2024-09-20,250,250,321.7614,1,YERLİ,33.8,Numune kabul,H,Kalite onaylı,2379.892,45,2024,9,38
H00011,320.01.0055,IRS24702160,2024-10-13,120,0.12,33.6492,1,İTHAL,34.25,Kısmi teslim,E,,117.895,30,2024,10,41
H00007,320.01.0055,IRS24702161,2024-10-23,1000,1,48.7996,1,İTHAL,34.25,Numune kabul,E,,1424.8058,30,2024,10,43
H00002,320.01.0008,IRS24702162,2024-08-23,500,0.5,20.9472,1,YERLİ,33.35,Sevk irsaliyesi,H,Kalite onaylı,314.051,60,2024,8,34
H00003,320.01.0008,IRS24702163,2024-10-19,5000,5,67.3585,1,YERLİ,34.25,İthalat dosyası,H,,9833.3577,90,2024,10,42
H00004,320.01.0017,IRS24702164,2024-09-06,2000,2,72.2746,1,YERLİ,33.8,Numune kabul,E,,4276.6036,90,2024,9,36
H00011,320.01.0004,IRS24702165,2024-08-31,250,0.25,38.28,1,YERLİ,33.35,İthalat dosyası,H,Kalite onaylı,286.9565,45,2024,8,35
H00001,320.01.0050,IRS24702166,2024-10-12,5000,5,53.189,1,YERLİ,34.25,Kısmi teslim,H,,7764.8175,45,2024,10,41
D00002,320.01.0003,IRS24702167,2024-09-23,5000,5000,56.6104,1,İTHAL,33.8,İthalat dosyası,H,,8374.3195,90,2024,9,39
H00010,320.01.0002,IRS24702168,2024-09-04,500,0.5,23.0842,1,YERLİ,33.8,Mal kabul,H,,341.4822,90,2024,9,36
D00003,320.01.0002,IRS24702169,2024-08-30,2000,2000,294.457,1,YERLİ,33.35,Sevk irsaliyesi,H,,17658.5907,30,2024,8,35
H00001,320.01.0024,IRS24702170,2024-09-29,1000,1,48.6588,1,YERLİ,33.8,Mal kabul,H,Şartlı kabul,1439.6095,30,2024,9,39
H00002,320.01.0001,IRS24702171,2024-10-16,2000,2,18.9568,1,YERLİ,34.25,Mal kabul,H,Şartlı kabul,1106.9664,90,2024,10,42
D00011,320.01.0013,IRS24702172,2024-11-22,500,500,9.3494,1,YERLİ,34.7,Mal kabul,E,Şartlı kabul,134.7176,45,2024,11,47
H00005,320.01.0013,IRS24702173,2024-08-26,500,0.5,61.2837,1,YERLİ,33.35,Mal kabul,H,Şartlı kabul,918.7961,90,2024,8,35
D00011,320.01.0013,IRS24702174,2024-09-04,5000,5000,9.8297,1,YERLİ,33.8,Numune kabul,E,Şartlı kabul,1454.0976,0,2024,9,36
D00011,320.01.0004,IRS24702175,2024-09-25,120,120,9.6094,1,YERLİ,33.8,Mal kabul,H,,34.1162,60,2024,9,39
D00001,320.01.0004,IRS24702176,2024-09-06,10000,10000,35.1244,1,YERLİ,33.8,Kısmi teslim,E,Şartlı kabul,10391.8343,90,2024,9,36
H00008,320.01.0013,IRS24702177,2024-09-07,1000,1,67.7533,1,YERLİ,33.8,Sevk irsaliyesi,H,Kalite onaylı,2004.5355,90,2024,9,36
H00008,320.01.0013,IRS24702178,2024-09-15,10000,10,70.1473,1,YERLİ,33.8,Numune kabul,H,,20753.6391,30,2024,9,37
H00007,320.01.0013,IRS24702179,2024-09-13,500,0.5,44.356,1,YERLİ,33.8,İthalat dosyası,E,Şartlı kabul,656.1538,45,2024,9,37
H00002,320.01.0040,IRS24702180,2024-09-09,120,0.12,22.6861,1,YERLİ,33.8,Numune kabul,E,,80.5424,30,2024,9,37
H00004,320.01.0050,IRS24702181,2024-09-10,1000,1,71.461,1,YERLİ,33.8,Numune kabul,H,,2114.2308,45,2024,9,37
H00013,320.01.0050,IRS24702182,2024-09-20,10000,10000,95.6468,1,YERLİ,33.8,Sevk irsaliyesi,E,,28297.8698,45,2024,9,38
D00008,320.01.0015,IRS24702183,2024-11-21,5000,5000,315.0531,1,YERLİ,34.7,Kısmi teslim,E,Kalite onaylı,45396.7003,45,2024,11,47
H00008,320.01.0015,IRS24702184,2024-10-25,250,0.25,56.2074,1,YERLİ,34.25,Sevk irsaliyesi,H,Kalite onaylı,410.273,90,2024,10,43
D00009,320.01.0005,IRS24702185,2024-09-14,2000,2000,264.6132,1,YERLİ,33.8,Sevk irsaliyesi,H,Şartlı kabul,15657.5858,90,2024,9,37
D00011,320.01.0012,IRS24702186,2024-09-12,5000,5000,9.7564,1,YERLİ,33.8,Kısmi teslim,H,Kalite onaylı,1443.2544,45,2024,9,37
D00002,320.01.0030,IRS24702187,2024-11-19,1000,1000,63.27,1,YERLİ,34.7,Mal kabul,E,,1823.3429,30,2024,11,47
H00012,320.01.0003,IRS24702188,2024-11-14,500,500,29.1177,1,İTHAL,34.7,Sevk irsaliyesi,E,Kalite onaylı,419.5634,0,2024,11,46
H00013,320.01.0012,IRS24702189,2024-10-04,500,500,92.8743,1,YERLİ,34.25,Numune kabul,E,Şartlı kabul,1355.8292,60,2024,10,40
H00003,320.01.0030,IRS24702190,2024-09-23,250,0.25,79.3563,1,YERLİ,33.8,İthalat dosyası,H,Kalite onaylı,586.9549,0,2024,9,39
D00004,320.01.0030,IRS24702191,2024-09-09,10000,10000,79.0519,1,YERLİ,33.8,Sevk irsaliyesi,H,Şartlı kabul,23388.1361,0,2024,9,37
D00011,320.01.0030,IRS24702192,2024-09-20,1000,1000,8.669,1,YERLİ,33.8,Kısmi teslim,E,Şartlı kabul,256.4793,30,2024,9,38
H00016,320.01.0019,IRS24702193,2024-09-27,5000,5000,82.7339,1,YERLİ,33.8,Sevk irsaliyesi,E,Şartlı kabul,12238.7426,60,2024,9,39
D00008,320.01.0019,IRS24702194,2024-09-16,1000,1000,324.9274,1,YERLİ,33.8,Sevk irsaliyesi,E,,9613.2367,45,2024,9,38
D00006,320.01.0002,IRS24702196,2024-09-28,500,500,317.5531,1,YERLİ,33.8,Kısmi teslim,E,Şartlı kabul,4697.5311,90,2024,9,39
H00012,320.01.0002,IRS24702197,2024-09-01,250,250,33.1184,1,YERLİ,33.8,Kısmi teslim,H,Kalite onaylı,244.9586,90,2024,9,35
H00004,320.01.0001,IRS24702199,2024-11-16,250,0.25,68.1478,1,YERLİ,34.7,İthalat dosyası,E,Şartlı kabul,490.9784,45,2024,11,46
H00003,320.01.0001,IRS24702200,2024-08-31,500,0.5,77.3252,1,YERLİ,33.35,Numune kabul,E,,1159.2984,90,2024,8,35
H00001,320.01.0001,IRS24702201,2024-10-23,250,0.25,57.6367,1,YERLİ,34.25,İthalat dosyası,E,Şartlı kabul,420.7058,30,2024,10,43
D00010,320.01.0019,IRS24702202,2024-09-28,1000,1000,191.6884,1,YERLİ,33.8,Kısmi teslim,H,Şartlı kabul,5671.2544,90,2024,9,39
D00009,320.01.0008,IRS24702203,2024-09-09,5000,5000,270.0197,1,YERLİ,33.8,İthalat dosyası,E,,39943.7426,30,2024,9,37
H00016,320.01.0010,IRS24702204,2024-09-20,250,250,85.8916,1,YERLİ,33.8,Kısmi teslim,H,Şartlı kabul,635.2929,0,2024,9,38
H00004,320.01.0010,IRS24702205,2024-09-05,1000,1,76.2873,1,YERLİ,33.8,Sevk irsaliyesi,H,,2257.0207,90,2024,9,36
H00006,320.01.0010,IRS24702206,2024-10-05,120,0.12,121.1173,1,YERLİ,34.25,Mal kabul,E,Kalite onaylı,424.3526,60,2024,10,40
H00014,320.01.0010,IRS24702207,2024-10-13,5000,5,38.3583,1,YERLİ,34.25,Numune kabul,E,Kalite onaylı,5599.7518,90,2024,10,41
D00003,320.01.0010,IRS24702208,2024-12-03,1000,1000,324.5622,1,YERLİ,35.15,Sevk irsaliyesi,E,Şartlı kabul,9233.633,0,2024,12,49
H00005,320.01.0010,IRS24702209,2024-11-03,1000,1,54.5926,1,YERLİ,34.7,Numune kabul,E,,1573.2738,0,2024,11,44
D00011,320.01.0002,IRS24702211,2024-10-28,2000,2000,9.6853,1,YERLİ,34.25,Mal kabul,E,Kalite onaylı,565.565,90,2024,10,44
D00001,320.01.0030,IRS24702212,2024-10-10,250,250,35.129,1,YERLİ,34.25,Mal kabul,H,Şartlı kabul,256.4161,60,2024,10,41
H00003,320.01.0030,IRS24702213,2024-10-22,10000,10,75.5319,1,YERLİ,34.25,Numune kabul,H,,22053.1095,30,2024,10,43
H00015,320.01.0002,IRS24702214,2024-09-18,5000,5,39.6718,1,YERLİ,33.8,İthalat dosyası,H,,5868.6095,45,2024,9,38
H00007,320.01.0006,IRS24702215,2024-10-05,1000,1,49.0933,1,YERLİ,34.25,Sevk irsaliyesi,H,,1433.381,90,2024,10,40
H00014,320.01.0006,IRS24702216,2024-09-23,250,0.25,37.534,1,YERLİ,33.8,İthalat dosyası,E,Şartlı kabul,277.6183,90,2024,9,39
D00011,320.01.0006,IRS24702217,2024-10-13,500,500,8.9614,1,YERLİ,34.25,Numune kabul,E,,130.8234,90,2024,10,41
H00001,320.01.0008,IRS24702218,2024-10-08,500,0.5,49.1467,1,YERLİ,34.25,İthalat dosyası,E,Şartlı kabul,717.4701,0,2024,10,41
H00006,320.01.0016,IRS24702219,2024-09-25,10000,10,111.2232,1,YERLİ,33.8,Numune kabul,E,Şartlı kabul,32906.2722,0,2024,9,39
H00004,320.01.0016,IRS24702220,2024-10-09,1000,1,63.4768,1,YERLİ,34.25,Numune kabul,E,,1853.3372,90,2024,10,41
H00011,320.01.0005,IRS24702221,2024-10-17,120,0.12,34.5001,1,YERLİ,34.25,İthalat dosyası,E,Kalite onaylı,120.8763,45,2024,10,42
H00014,320.01.0038,IRS24702223,2024-09-11,1000,1,37.1807,1,YERLİ,33.8,Sevk irsaliyesi,H,,1100.0207,45,2024,9,37
D00008,320.01.0038,IRS24702224,2024-10-23,5000,5000,335.7658,1,YERLİ,34.25,Mal kabul,H,Kalite onaylı,49016.9051,60,2024,10,43
H00006,320.01.0001,IRS24702225,2024-11-03,1000,1,106.7271,1,YERLİ,34.7,Numune kabul,H,Kalite onaylı,3075.7089,45,2024,11,44
H00003,320.01.0001,IRS24702226,2024-10-02,500,0.5,78.6874,1,YERLİ,34.25,İthalat dosyası,H,Şartlı kabul,1148.7212,0,2024,10,40
H00013,320.01.0001,IRS24702227,2024-09-22,10000,10000,99.0431,1,YERLİ,33.8,Sevk irsaliyesi,H,Kalite onaylı,29302.6923,90,2024,9,38
H00004,320.01.0016,IRS24702228,2024-10-12,500,0.5,67.2059,1,YERLİ,34.25,Sevk irsaliyesi,E,,981.108,45,2024,10,41
H00010,320.01.0016,IRS24702229,2024-10-10,1000,1,23.4134,1,YERLİ,34.25,Kısmi teslim,H,Kalite onaylı,683.6029,0,2024,10,41
H00012,320.01.0029,IRS24702230,2024-10-05,1000,1000,30.6873,1,YERLİ,34.25,Numune kabul,H,Kalite onaylı,895.9796,60,2024,10,40
D00010,320.01.0042,IRS24702231,2024-09-17,1000,1000,218.1235,1,YERLİ,33.8,Mal kabul,H,,6453.358,0,2024,9,38
D00008,320.01.0001,IRS24702232,2024-11-06,500,500,344.9661,1,YERLİ,34.7,Numune kabul,E,Kalite onaylı,4970.6931,90,2024,11,45
H00011,320.01.0011,IRS24702233,2024-10-28,500,0.5,33.4002,1,YERLİ,34.25,Numune kabul,E,,487.5942,90,2024,10,44
H00015,320.01.0011,IRS24702234,2024-09-25,5000,5,38.1139,1,YERLİ,33.8,Numune kabul,E,,5638.1509,30,2024,9,39
H00003,320.01.0011,IRS24702235,2024-09-15,10000,10,83.9789,1,YERLİ,33.8,Numune kabul,H,,24845.8284,45,2024,9,37
H00011,320.01.0026,IRS24702236,2024-10-07,250,0.25,34.3638,1,YERLİ,34.25,Sevk irsaliyesi,H,Şartlı kabul,250.8307,60,2024,10,41
H00016,320.01.0036,IRS24702237,2024-10-25,500,500,92.6847,1,YERLİ,34.25,Mal kabul,H,Kalite onaylı,1353.0613,45,2024,10,43
H00012,320.01.0036,IRS24702238,2024-10-05,2000,2000,28.1755,1,YERLİ,34.25,İthalat dosyası,H,Kalite onaylı,1645.2847,60,2024,10,40
D00004,320.01.0001,IRS24702239,2024-09-23,1000,1000,73.8298,1,YERLİ,33.8,İthalat dosyası,E,Şartlı kabul,2184.3136,45,2024,9,39
D00007,320.01.0039,IRS24702240,2024-11-08,10000,10000,91.0446,1,YERLİ,34.7,Mal kabul,H,,26237.6369,45,2024,11,45
H00016,320.01.0004,IRS24702241,2024-10-02,2000,2000,78.756,1,YERLİ,34.25,İthalat dosyası,E,Kalite onaylı,4598.8905,30,2024,10,40
H00014,320.01.0011,IRS24702242,2024-10-21,5000,5,32.6708,1,YERLİ,34.25,İthalat dosyası,E,Şartlı kabul,4769.4599,90,2024,10,43
D00002,320.01.0018,IRS24702243,2024-09-27,5000,5000,58.1453,1,YERLİ,33.8,Numune kabul,E,Kalite onaylı,8601.3757,30,2024,9,39
H00005,320.01.0018,IRS24702244,2024-09-26,10000,10,51.7971,1,YERLİ,33.8,Mal kabul,H,Şartlı kabul,15324.5858,60,2024,9,39
H00010,320.01.0026,IRS24702245,2024-12-06,2000,2,21.1928,1,YERLİ,35.15,Mal kabul,H,Şartlı kabul,1205.8492,30,2024,12,49
H00013,320.01.0026,IRS24702246,2024-09-22,250,250,101.7751,1,YERLİ,33.8,Sevk irsaliyesi,E,Şartlı kabul,752.7744,90,2024,9,38
H00013,320.01.0026,IRS24702247,2024-12-06,5000,5000,87.8722,1,YERLİ,35.15,Kısmi teslim,E,Şartlı kabul,12499.6017,30,2024,12,49
H00007,320.01.0003,IRS24702248,2024-09-30,120,0.12,46.4931,1,İTHAL,33.8,İthalat dosyası,H,Şartlı kabul,165.0643,45,2024,9,40
D00011,320.01.0003,IRS24702249,2024-09-25,500,500,8.6373,1,İTHAL,33.8,Kısmi teslim,H,Kalite onaylı,127.7707,90,2024,9,39
D00001,320.01.0033,IRS24702250,2024-10-01,1000,1000,40.6244,1,YERLİ,34.25,Sevk irsaliyesi,H,Kalite onaylı,1186.1139,0,2024,10,40
H00010,320.01.0008,IRS24702251,2024-09-17,250,0.25,23.5482,1,YERLİ,33.8,Numune kabul,E,Kalite onaylı,174.1731,30,2024,9,38
H00011,320.01.0041,IRS24702252,2024-10-26,250,0.25,40.0513,1,İTHAL,34.25,Numune kabul,H,,292.3453,90,2024,10,43
H00013,320.01.0041,IRS24702253,2024-09-19,120,120,84.8287,1,İTHAL,33.8,Mal kabul,H,Şartlı kabul,301.167,60,2024,9,38
H00005,320.01.0001,IRS24702254,2024-11-12,120,0.12,57.8443,1,YERLİ,34.7,Numune kabul,E,Kalite onaylı,200.0379,90,2024,11,46
H00001,320.01.0001,IRS24702255,2024-10-03,250,0.25,54.5375,1,YERLİ,34.25,İthalat dosyası,H,Şartlı kabul,398.0839,45,2024,10,40
D00011,320.01.0002,IRS24702257,2024-10-14,250,250,9.4865,1,YERLİ,34.25,İthalat dosyası,H,Kalite onaylı,69.2445,60,2024,10,42
H00008,320.01.0002,IRS24702258,2024-11-01,2000,2,70.0754,1,YERLİ,34.7,İthalat dosyası,H,,4038.928,45,2024,11,44
D00003,320.01.0027,IRS24702259,2024-10-07,2000,2000,341.1373,1,YERLİ,34.25,Kısmi teslim,H,Kalite onaylı,19920.4263,30,2024,10,41
D00009,320.01.0027,IRS24702260,2024-12-17,10000,10000,264.6104,1,YERLİ,35.15,İthalat dosyası,H,,75280.3414,45,2024,12,51
H00006,320.01.0048,IRS24702261,2024-09-29,500,0.5,123.6468,1,YERLİ,33.8,İthalat dosyası,E,Şartlı kabul,1829.0947,0,2024,9,39
H00015,320.01.0048,IRS24702262,2024-09-19,2000,2,38.1418,1,YERLİ,33.8,Kısmi teslim,E,,2256.9112,30,2024,9,38
D00012,320.01.0048,IRS24702263,2024-12-06,120,120,146.6832,1,YERLİ,35.15,Kısmi teslim,H,,500.7677,0,2024,12,49
H00005,320.01.0001,IRS24702264,2024-10-10,125,0.125,49.443,1,YERLİ,34.25,Sevk irsaliyesi,E,Kalite onaylı,180.4489,45,2024,10,41
H00010,320.01.0004,IRS24702265,2024-09-19,1000,1,25.1112,1,YERLİ,33.8,İthalat dosyası,E,Şartlı kabul,742.9349,60,2024,9,38
H00003,320.01.0004,IRS24702266,2024-10-07,5000,5,80.0759,1,YERLİ,34.25,İthalat dosyası,H,Şartlı kabul,11689.9124,60,2024,10,41
H00002,320.01.0012,IRS24702267,2024-12-11,250,0.25,22.7769,1,YERLİ,35.15,İthalat dosyası,H,Kalite onaylı,161.9979,0,2024,12,50
H00002,320.01.0012,IRS24702268,2024-10-05,120,0.12,21.5447,1,YERLİ,34.25,İthalat dosyası,H,Kalite onaylı,75.4851,30,2024,10,40
D00004,320.01.0012,IRS24702269,2024-12-19,500,500,76.1063,1,YERLİ,35.15,Numune kabul,E,Şartlı kabul,1082.5932,30,2024,12,51
D00012,320.01.0012,IRS24702270,2024-11-23,500,500,141.2143,1,YERLİ,34.7,Numune kabul,H,Kalite onaylı,2034.7882,60,2024,11,47
D00009,320.01.0013,IRS24702271,2024-10-08,5000,5000,266.031,1,YERLİ,34.25,Kısmi teslim,E,Kalite onaylı,38836.6423,30,2024,10,41
D00009,320.01.0013,IRS24702272,2024-10-13,120,120,231.961,1,YERLİ,34.25,Numune kabul,E,Şartlı kabul,812.7101,0,2024,10,41
H00016,320.01.0020,IRS24702273,2024-10-26,10000,10000,95.1514,1,YERLİ,34.25,Kısmi teslim,E,Kalite onaylı,27781.4307,90,2024,10,43
D00002,320.01.0026,IRS24702274,2024-10-09,2000,2000,67.8641,1,YERLİ,34.25,Mal kabul,E,Şartlı kabul,3962.8672,45,2024,10,41
D00010,320.01.0026,IRS24702275,2024-11-20,250,250,229.0255,1,YERLİ,34.7,İthalat dosyası,H,Şartlı kabul,1650.0396,90,2024,11,47
D00010,320.01.0026,IRS24702276,2024-10-09,1000,1000,234.0957,1,YERLİ,34.25,Sevk irsaliyesi,E,Kalite onaylı,6834.9109,90,2024,10,41
H00005,320.01.0007,IRS24702277,2024-10-20,250,0.25,58.3106,1,YERLİ,34.25,İthalat dosyası,H,Şartlı kabul,425.6248,90,2024,10,42
H00011,320.01.0007,IRS24702278,2024-10-07,10000,10,38.2122,1,YERLİ,34.25,İthalat dosyası,E,,11156.8467,0,2024,10,41
D00001,320.01.0007,IRS24702279,2024-12-14,250,250,37.7512,1,YERLİ,35.15,Kısmi teslim,E,Şartlı kabul,268.5007,30,2024,12,50
H00009,320.01.0001,IRS24702280,2024-10-02,10000,10,88.4697,1,YERLİ,34.25,İthalat dosyası,E,Şartlı kabul,25830.5693,30,2024,10,40
D00001,320.01.0001,IRS24702281,2024-11-18,250,250,35.5886,1,YERLİ,34.7,Numune kabul,E,Kalite onaylı,256.402,30,2024,11,47
H00006,320.01.0001,IRS24702282,2024-11-13,500,0.5,113.012,1,YERLİ,34.7,Mal kabul,E,Kalite onaylı,1628.415,90,2024,11,46
H00010,320.01.0044,IRS24702283,2024-12-18,5000,5,21.2941,1,YERLİ,35.15,Mal kabul,H,,3029.0327,90,2024,12,51
D00001,320.01.0044,IRS24702284,2024-10-31,2000,2000,35.278,1,YERLİ,34.25,Kısmi teslim,E,Kalite onaylı,2060.0292,45,2024,10,44
H00002,320.01.0032,IRS24702285,2024-10-09,250,0.25,20.4713,1,YERLİ,34.25,Mal kabul,H,Şartlı kabul,149.4255,90,2024,10,41
H00003,320.01.0032,IRS24702286,2024-11-14,2000,2,79.0534,1,YERLİ,34.7,İthalat dosyası,E,Şartlı kabul,4556.3919,30,2024,11,46
H00005,320.01.0032,IRS24702287,2024-11-07,500,0.5,53.0707,1,YERLİ,34.7,Numune kabul,E,,764.7075,30,2024,11,45
H00014,320.01.0048,IRS24702288,2024-11-07,5000,5,33.3674,1,YERLİ,34.7,İthalat dosyası,H,,4807.9827,90,2024,11,45
H00004,320.01.0048,IRS24702289,2024-11-14,5000,5,73.8074,1,YERLİ,34.7,İthalat dosyası,H,Kalite onaylı,10635.072,60,2024,11,46
D00010,320.01.0048,IRS24702290,2024-11-15,1000,1000,207.9507,1,YERLİ,34.7,Mal kabul,E,Şartlı kabul,5992.8156,45,2024,11,46
H00015,320.01.0002,IRS24702291,2024-11-15,1000,1,44.3061,1,YERLİ,34.7,Mal kabul,E,Kalite onaylı,1276.8329,60,2024,11,46
D00010,320.01.0002,IRS24702292,2024-10-01,250,250,183.4182,1,YERLİ,34.25,Mal kabul,E,Kalite onaylı,1338.819,45,2024,10,40
H00004,320.01.0002,IRS24702293,2024-10-29,5000,5,67.6388,1,YERLİ,34.25,Mal kabul,H,Şartlı kabul,9874.2774,60,2024,10,44
D00010,320.01.0031,IRS24702294,2024-12-18,1000,1000,220.7822,1,YERLİ,35.15,Sevk irsaliyesi,H,Kalite onaylı,6281.1437,60,2024,12,51
H00009,320.01.0040,IRS24702295,2024-10-10,120,0.12,81.7428,1,YERLİ,34.25,Numune kabul,E,Kalite onaylı,286.3981,60,2024,10,41
D00004,320.01.0040,IRS24702296,2024-10-16,2000,2000,70.5601,1,YERLİ,34.25,İthalat dosyası,E,Şartlı kabul,4120.2978,90,2024,10,42
H00008,320.01.0001,IRS24702297,2024-11-07,10000,10,64.8993,1,YERLİ,34.7,Kısmi teslim,E,Şartlı kabul,18702.9683,45,2024,11,45
H00015,320.01.0001,IRS24702298,2024-11-18,120,0.12,45.4523,1,YERLİ,34.7,Sevk irsaliyesi,H,Şartlı kabul,157.1837,30,2024,11,47
D00004,320.01.0004,IRS24702299,2024-11-22,1000,1000,66.1492,1,YERLİ,34.7,İthalat dosyası,E,Kalite onaylı,1906.317,30,2024,11,47
H00013,320.01.0007,IRS24702300,2024-10-20,120,120,105.2677,1,YERLİ,34.25,Kısmi teslim,H,Kalite onaylı,368.8211,45,2024,10,42
D00009,320.01.0001,IRS24702301,2024-10-08,250,250,273.8516,1,YERLİ,34.25,Mal kabul,H,,1998.9168,0,2024,10,41
D00001,320.01.0001,IRS24702302,2024-10-10,2000,2000,34.1439,1,YERLİ,34.25,İthalat dosyası,H,Şartlı kabul,1993.8044,30,2024,10,41
H00015,320.01.0001,IRS24702304,2024-10-20,5000,5,43.343,1,YERLİ,34.25,Kısmi teslim,H,,6327.4453,45,2024,10,42
H00015,320.01.0001,IRS24702305,2024-10-09,60,0.06,38.7349,1,YERLİ,34.25,Numune kabul,H,Kalite onaylı,67.8568,45,2024,10,41
H00014,320.01.0021,IRS24702306,2024-11-20,500,0.5,35.0762,1,YERLİ,34.7,Numune kabul,H,Şartlı kabul,505.4207,60,2024,11,47
D00006,320.01.0021,IRS24702307,2024-11-24,10000,10000,283.5552,1,YERLİ,34.7,Sevk irsaliyesi,H,Kalite onaylı,81716.196,45,2024,11,47
H00015,320.01.0007,IRS24702308,2024-10-24,1000,1,37.4014,1,YERLİ,34.25,Kısmi teslim,E,Kalite onaylı,1092.0117,90,2024,10,43
H00003,320.01.0004,IRS24702309,2024-10-27,10000,10,85.8369,1,YERLİ,34.25,İthalat dosyası,H,Kalite onaylı,25061.8686,45,2024,10,43
H00005,320.01.0004,IRS24702310,2024-10-24,2000,2,50.2953,1,YERLİ,34.25,Kısmi teslim,H,Kalite onaylı,2936.9518,0,2024,10,43
D00003,320.01.0003,IRS24702311,2024-10-28,10000,10000,288.5614,1,İTHAL,34.25,İthalat dosyası,H,Şartlı kabul,84251.5036,30,2024,10,44
H00016,320.01.0040,IRS24702312,2024-11-11,500,500,83.8365,1,YERLİ,34.7,Kısmi teslim,H,,1208.0187,30,2024,11,46
H00013,320.01.0040,IRS24702313,2024-11-05,250,250,97.2483,1,YERLİ,34.7,Mal kabul,E,Kalite onaylı,700.6362,60,2024,11,45
D00011,320.01.0040,IRS24702314,2024-12-29,5000,5000,8.8913,1,YERLİ,35.15,Kısmi teslim,H,,1264.7653,60,2024,12,52
H00007,320.01.0013,IRS24702315,2024-10-08,250,0.25,41.3579,1,YERLİ,34.25,Kısmi teslim,H,Kalite onaylı,301.8825,90,2024,10,41
D00008,320.01.0001,IRS24702316,2024-10-24,1000,1000,320.1048,1,YERLİ,34.25,Mal kabul,H,Kalite onaylı,9346.1255,90,2024,10,43
D00001,320.01.0001,IRS24702317,2024-12-25,5000,5000,41.6857,1,YERLİ,35.15,Numune kabul,E,Şartlı kabul,5929.6871,45,2024,12,52
H00005,320.01.0001,IRS24702318,2024-10-23,10000,10,55.6022,1,YERLİ,34.25,Kısmi teslim,H,,16234.219,30,2024,10,43
D00005,320.01.0002,IRS24702319,2024-11-10,10000,10000,256.4837,1,YERLİ,34.7,İthalat dosyası,H,,73914.611,45,2024,11,45
D00002,320.01.0002,IRS24702320,2024-10-12,5000,5000,56.3754,1,YERLİ,34.25,Sevk irsaliyesi,H,Şartlı kabul,8229.9854,0,2024,10,41
D00006,320.01.0001,IRS24702321,2024-12-31,5000,5000,284.5814,1,YERLİ,35.15,Mal kabul,E,Kalite onaylı,40480.9957,45,2024,12,1
H00007,320.01.0001,IRS24702322,2024-11-12,500,0.5,45.0961,1,YERLİ,34.7,İthalat dosyası,H,,649.7997,30,2024,11,46
H00003,320.01.0001,IRS24702323,2024-10-22,5000,5,70.1787,1,YERLİ,34.25,Mal kabul,E,Şartlı kabul,10245.0657,0,2024,10,43
H00011,320.01.0001,IRS24702324,2024-11-28,10000,10,40.5839,1,YERLİ,34.7,İthalat dosyası,E,Şartlı kabul,11695.6484,30,2024,11,48
H00007,320.01.0008,IRS24702325,2024-12-06,250,0.25,47.3735,1,YERLİ,35.15,Kısmi teslim,H,,336.9381,45,2024,12,49
D00005,320.01.0001,IRS24702326,2024-11-18,2000,2000,305.4008,1,YERLİ,34.7,Numune kabul,E,Kalite onaylı,17602.3516,30,2024,11,47
D00010,320.01.0020,IRS24702327,2024-10-23,5000,5000,215.8358,1,YERLİ,34.25,Kısmi teslim,H,Kalite onaylı,31508.8759,90,2024,10,43
H00002,320.01.0020,IRS24702328,2024-10-22,1000,1,23.6654,1,YERLİ,34.25,Numune kabul,E,Şartlı kabul,690.9606,90,2024,10,43
D00002,320.01.0014,IRS24702329,2024-12-11,2000,2000,67.5861,1,YERLİ,35.15,Mal kabul,H,Şartlı kabul,3845.5818,0,2024,12,50
H00009,320.01.0014,IRS24702330,2024-10-24,5000,5,84.3284,1,YERLİ,34.25,İthalat dosyası,H,Şartlı kabul,12310.7153,60,2024,10,43
D00011,320.01.0004,IRS24702331,2024-12-02,500,500,8.9323,1,YERLİ,35.15,Mal kabul,E,Şartlı kabul,127.0597,0,2024,12,49
D00005,320.01.0005,IRS25702332,2025-01-08,1000,1000,275.2348,1,YERLİ,35.6,Kısmi teslim,E,,7731.3146,60,2025,1,2
D00005,320.01.0005,IRS24702333,2024-10-28,5000,5000,263.4393,1,YERLİ,34.25,Kısmi teslim,H,Kalite onaylı,38458.292,45,2024,10,44
D00007,320.01.0005,IRS24702334,2024-10-30,500,500,86.6138,1,YERLİ,34.25,Sevk irsaliyesi,H,Şartlı kabul,1264.435,45,2024,10,44
H00005,320.01.0015,IRS24702335,2024-11-18,250,0.25,59.6166,1,YERLİ,34.7,Mal kabul,E,,429.5144,30,2024,11,47
D00010,320.01.0015,IRS24702336,2024-12-06,2000,2000,211.6212,1,YERLİ,35.15,İthalat dosyası,H,Kalite onaylı,12041.0356,60,2024,12,49
D00004,320.01.0021,IRS24702338,2024-10-15,2000,2000,73.6335,1,YERLİ,34.25,Kısmi teslim,H,Kalite onaylı,4299.7664,90,2024,10,42
H00014,320.01.0007,IRS25702339,2025-01-05,500,0.5,35.4664,1,YERLİ,35.6,Mal kabul,H,Kalite onaylı,498.1236,90,2025,1,1
H00013,320.01.0007,IRS24702340,2024-10-15,120,120,98.3637,1,YERLİ,34.25,Kısmi teslim,E,Kalite onaylı,344.6319,30,2024,10,42
H00003,320.01.0023,IRS24702341,2024-11-24,5000,5,72.7151,1,İTHAL,34.7,Kısmi teslim,H,,10477.6801,45,2024,11,47
D00010,320.01.0023,IRS25702342,2025-01-10,1000,1000,206.2456,1,İTHAL,35.6,Mal kabul,E,Kalite onaylı,5793.4157,0,2025,1,2
H00007,320.01.0003,IRS24702343,2024-10-23,250,0.25,50.9142,1,İTHAL,34.25,Kısmi teslim,E,Şartlı kabul,371.6365,90,2024,10,43
H00015,320.01.0003,IRS24702344,2024-11-04,5000,5,44.5506,1,İTHAL,34.7,Sevk irsaliyesi,H,,6419.3948,90,2024,11,45
D00006,320.01.0042,IRS24702345,2024-11-21,250,250,350.27,1,YERLİ,34.7,Mal kabul,E,Şartlı kabul,2523.5591,90,2024,11,47
H00009,320.01.0042,IRS24702346,2024-11-02,250,0.25,85.6498,1,YERLİ,34.7,Sevk irsaliyesi,H,Kalite onaylı,617.0735,90,2024,11,44
D00006,320.01.0054,IRS24702347,2024-10-26,10000,10000,353.0032,1,YERLİ,34.25,Kısmi teslim,H,Kalite onaylı,103066.6277,0,2024,10,43
H00009,320.01.0054,IRS24702348,2024-11-19,5000,5,78.9899,1,YERLİ,34.7,Kısmi teslim,E,Kalite onaylı,11381.83,30,2024,11,47
H00012,320.01.0012,IRS24702349,2024-10-23,2000,2000,31.9344,1,YERLİ,34.25,Sevk irsaliyesi,H,Kalite onaylı,1864.7825,0,2024,10,43
D00008,320.01.0012,IRS24702350,2024-10-25,500,500,314.3459,1,YERLİ,34.25,Mal kabul,E,Kalite onaylı,4588.9912,60,2024,10,43
D00004,320.01.0012,IRS24702351,2024-12-04,250,250,72.0279,1,YERLİ,35.15,Sevk irsaliyesi,E,Kalite onaylı,512.2895,30,2024,12,49
H00002,320.01.0044,IRS24702352,2024-11-07,2000,2,22.3412,1,YERLİ,34.7,Numune kabul,E,Şartlı kabul,1287.6772,45,2024,11,45
H00015,320.01.0044,IRS24702353,2024-12-09,120,0.12,44.2552,1,YERLİ,35.15,Numune kabul,E,Şartlı kabul,151.0846,45,2024,12,50
H00010,320.01.0016,IRS24702354,2024-11-06,10000,10,21.5617,1,YERLİ,34.7,Sevk irsaliyesi,E,,6213.7464,30,2024,11,45
D00004,320.01.0016,IRS24702355,2024-10-23,5000,5000,71.5766,1,YERLİ,34.25,Numune kabul,H,,10449.1387,0,2024,10,43
D00007,320.01.0001,IRS24702356,2024-10-25,120,120,88.6579,1,YERLİ,34.25,Kısmi teslim,E,Şartlı kabul,310.6262,45,2024,10,43
H00008,320.01.0001,IRS24702357,2024-10-30,1000,1,65.8,1,YERLİ,34.25,Mal kabul,H,,1921.1679,30,2024,10,44
H00001,320.01.0006,IRS24702358,2024-11-01,2000,2,49.1582,1,YERLİ,34.7,Numune kabul,H,Kalite onaylı,2833.3256,90,2024,11,44
D00012,320.01.0006,IRS24702359,2024-12-08,2000,2000,152.0221,1,YERLİ,35.15,İthalat dosyası,E,Kalite onaylı,8649.9061,45,2024,12,49
H00003,320.01.0003,IRS24702360,2024-12-14,2000,2,83.2201,1,İTHAL,35.15,İthalat dosyası,H,Şartlı kabul,4735.1408,0,2024,12,50
D00007,320.01.0002,IRS24702361,2024-10-23,2000,2000,88.2873,1,YERLİ,34.25,Kısmi teslim,H,,5155.4628,30,2024,10,43
H00005,320.01.0002,IRS25702362,2025-01-17,10000,10,52.5288,1,YERLİ,35.6,Mal kabul,H,,14755.2809,90,2025,1,3
D00009,320.01.0012,IRS25702363,2025-01-15,120,120,271.8338,1,YERLİ,35.6,İthalat dosyası,E,Şartlı kabul,916.2937,30,2025,1,3
H00012,320.01.0012,IRS25702364,2025-01-13,5000,5000,30.6502,1,YERLİ,35.6,Mal kabul,E,,4304.8034,60,2025,1,3
H00015,320.01.0012,IRS25702365,2025-01-17,120,0.12,41.6771,1,YERLİ,35.6,Sevk irsaliyesi,E,Şartlı kabul,140.4846,45,2025,1,3
H00003,320.01.0007,IRS24702366,2024-10-23,10000,10,69.3408,1,YERLİ,34.25,İthalat dosyası,H,Kalite onaylı,20245.4891,90,2024,10,43
D00005,320.01.0007,IRS24702367,2024-11-02,10000,10000,307.4097,1,YERLİ,34.7,Mal kabul,E,Şartlı kabul,88590.6916,90,2024,11,44
H00007,320.01.0004,IRS25702368,2025-01-05,500,0.5,49.5952,1,YERLİ,35.6,Sevk irsaliyesi,E,Şartlı kabul,696.5618,60,2025,1,1
H00007,320.01.0004,IRS24702369,2024-12-14,2000,2,47.4693,1,YERLİ,35.15,Sevk irsaliyesi,H,Şartlı kabul,2700.9559,90,2024,12,50
D00002,320.01.0004,IRS24702370,2024-11-16,10000,10000,56.7143,1,YERLİ,34.7,Mal kabul,H,Şartlı kabul,16344.1787,0,2024,11,46
H00012,320.01.0003,IRS24702372,2024-10-20,5000,5000,33.9154,1,İTHAL,34.25,İthalat dosyası,H,Şartlı kabul,4951.1533,0,2024,10,42
D00012,320.01.0001,IRS24702373,2024-10-23,10000,10000,139.2115,1,YERLİ,34.25,Mal kabul,E,Şartlı kabul,40645.6934,0,2024,10,43
H00012,320.01.0001,IRS24702374,2024-12-06,250,250,35.5215,1,YERLİ,35.15,Numune kabul,H,Şartlı kabul,252.6422,30,2024,12,49
H00016,320.01.0001,IRS24702375,2024-10-27,5000,5000,78.41,1,YERLİ,34.25,Numune kabul,E,Şartlı kabul,11446.7153,60,2024,10,43
H00013,320.01.0001,IRS24702376,2024-12-06,10000,10000,87.7104,1,YERLİ,35.15,Mal kabul,H,Kalite onaylı,24953.1721,30,2024,12,49
D00006,320.01.0005,IRS24702377,2024-10-18,120,120,298.3967,1,YERLİ,34.25,Sevk irsaliyesi,H,,1045.4775,30,2024,10,42
H00003,320.01.0005,IRS24702378,2024-11-19,250,0.25,77.4968,1,YERLİ,34.7,Kısmi teslim,H,Şartlı kabul,558.3343,90,2024,11,47
D00006,320.01.0001,IRS24702379,2024-10-28,1000,1000,337.5545,1,YERLİ,34.25,Sevk irsaliyesi,H,Şartlı kabul,9855.6058,60,2024,10,44
H00010,320.01.0001,IRS24702380,2024-11-01,1000,1,21.1109,1,YERLİ,34.7,İthalat dosyası,E,Şartlı kabul,608.3833,60,2024,11,44
D00002,320.01.0006,IRS24702381,2024-11-06,5000,5000,59.6981,1,YERLİ,34.7,Numune kabul,E,Kalite onaylı,8602.0317,45,2024,11,45
H00007,320.01.0003,IRS24702382,2024-12-20,500,0.5,45.282,1,İTHAL,35.15,Numune kabul,H,Şartlı kabul,644.1252,60,2024,12,51
D00002,320.01.0003,IRS24702383,2024-11-26,250,250,68.0762,1,İTHAL,34.7,Numune kabul,E,Kalite onaylı,490.4625,60,2024,11,48
D00001,320.01.0003,IRS24702384,2024-11-12,120,120,33.8104,1,İTHAL,34.7,Mal kabul,H,Şartlı kabul,116.9236,45,2024,11,46
H00010,320.01.0002,IRS24702385,2024-11-01,500,0.5,26.2383,1,YERLİ,34.7,Sevk irsaliyesi,E,Kalite onaylı,378.0735,60,2024,11,44
D00009,320.01.0011,IRS24702386,2024-11-21,1000,1000,281.5093,1,YERLİ,34.7,Numune kabul,H,,8112.6599,30,2024,11,47
D00004,320.01.0007,IRS24702387,2024-10-25,5000,5000,67.5519,1,YERLİ,34.25,Kısmi teslim,H,,9861.5912,30,2024,10,43
D00006,320.01.0007,IRS24702388,2024-11-08,10000,10000,283.2136,1,YERLİ,34.7,Mal kabul,E,,81617.7522,30,2024,11,45
D00010,320.01.0007,IRS24702389,2024-12-13,500,500,192.7194,1,YERLİ,35.15,İthalat dosyası,E,Şartlı kabul,2741.3855,0,2024,12,50
D00007,320.01.0005,IRS24702390,2024-12-08,10000,10000,77.0278,1,YERLİ,35.15,İthalat dosyası,E,,21914.0256,90,2024,12,49
D00004,320.01.0005,IRS24702391,2024-10-24,125,125,74.2938,1,YERLİ,34.25,Kısmi teslim,H,Kalite onaylı,271.1453,0,2024,10,43
D00012,320.01.0001,IRS24702392,2024-10-30,5000,5000,125.5861,1,YERLİ,34.25,Mal kabul,H,Şartlı kabul,18333.7372,45,2024,10,44
D00001,320.01.0015,IRS24702394,2024-11-15,250,250,41.9667,1,YERLİ,34.7,İthalat dosyası,H,Şartlı kabul,302.3537,45,2024,11,46
H00010,320.01.0002,IRS24702397,2024-11-17,250,0.25,22.6662,1,YERLİ,34.7,Mal kabul,E,Kalite onaylı,163.3012,60,2024,11,46
D00009,320.01.0006,IRS24702398,2024-11-07,2000,2000,254.5705,1,YERLİ,34.7,Sevk irsaliyesi,H,,14672.6513,60,2024,11,45
D00007,320.01.0045,IRS24702399,2024-11-13,5000,5000,74.2612,1,YERLİ,34.7,Sevk irsaliyesi,H,,10700.4611,60,2024,11,46
D00002,320.01.0002,IRS24702400,2024-10-29,250,250,57.5229,1,YERLİ,34.25,İthalat dosyası,H,Kalite onaylı,419.8752,60,2024,10,44
D00009,320.01.0006,IRS24702401,2024-12-07,500,500,278.8879,1,YERLİ,35.15,Numune kabul,E,Kalite onaylı,3967.111,90,2024,12,49
H00001,320.01.0006,IRS25702402,2025-01-19,1000,1,51.0573,1,YERLİ,35.6,İthalat dosyası,H,,1434.1938,0,2025,1,3
H00014,320.01.0002,IRS24702403,2024-11-03,500,0.5,33.3834,1,YERLİ,34.7,İthalat dosyası,H,Kalite onaylı,481.0288,90,2024,11,44
D00011,320.01.0002,IRS24702404,2024-11-23,2000,2000,8.7652,1,YERLİ,34.7,Kısmi teslim,E,Kalite onaylı,505.1988,0,2024,11,47
H00005,320.01.0006,IRS24702405,2024-11-23,500,0.5,59.7601,1,YERLİ,34.7,Kısmi teslim,E,Şartlı kabul,861.0965,30,2024,11,47
D00005,320.01.0012,IRS24702406,2024-11-03,5000,5000,260.3715,1,YERLİ,34.7,Sevk irsaliyesi,E,Şartlı kabul,37517.5072,60,2024,11,44
D00002,320.01.0001,IRS24702407,2024-12-20,10000,10000,60.7168,1,YERLİ,35.15,Sevk irsaliyesi,H,,17273.6273,45,2024,12,51
H00009,320.01.0001,IRS24702408,2024-12-14,1000,1,73.6855,1,YERLİ,35.15,Mal kabul,H,Şartlı kabul,2096.3158,60,2024,12,50
D00001,320.01.0019,IRS24702409,2024-11-23,2000,2000,35.0936,1,YERLİ,34.7,Numune kabul,E,Şartlı kabul,2022.6859,45,2024,11,47
H00013,320.01.0016,IRS24702410,2024-11-02,120,120,93.2147,1,YERLİ,34.7,Numune kabul,H,Kalite onaylı,322.3563,30,2024,11,44
H00002,320.01.0016,IRS24702411,2024-11-07,1000,1,22.9167,1,YERLİ,34.7,Sevk irsaliyesi,E,,660.4236,90,2024,11,45
H00006,320.01.0001,IRS24702412,2024-11-07,1000,1,105.9127,1,YERLİ,34.7,Mal kabul,E,Şartlı kabul,3052.2392,45,2024,11,45
H00016,320.01.0001,IRS24702413,2024-11-13,250,250,78.6655,1,YERLİ,34.7,Mal kabul,H,,566.7543,60,2024,11,46
H00014,320.01.0052,IRS25702414,2025-01-26,500,0.5,32.314,1,YERLİ,35.6,İthalat dosyası,H,Kalite onaylı,453.8483,60,2025,1,4
H00001,320.01.0052,IRS24702415,2024-11-02,5000,5,56.5292,1,YERLİ,34.7,Mal kabul,H,Kalite onaylı,8145.4179,90,2024,11,44
D00004,320.01.0031,IRS24702416,2024-11-05,120,120,75.8128,1,YERLİ,34.7,Sevk irsaliyesi,E,Şartlı kabul,262.1768,0,2024,11,45
H00001,320.01.0005,IRS24702417,2024-11-04,250,0.25,48.5737,1,YERLİ,34.7,Mal kabul,H,,349.9546,0,2024,11,45
D00008,320.01.0005,IRS24702418,2024-11-15,250,250,292.8354,1,YERLİ,34.7,İthalat dosyası,H,Şartlı kabul,2109.7651,90,2024,11,46
D00010,320.01.0043,IRS24702419,2024-12-18,10000,10000,227.9201,1,İTHAL,35.15,Sevk irsaliyesi,H,Şartlı kabul,64842.1337,90,2024,12,51
H00014,320.01.0043,IRS24702420,2024-11-09,500,0.5,34.4632,1,İTHAL,34.7,Sevk irsaliyesi,E,Şartlı kabul,496.5879,45,2024,11,45
D00011,320.01.0043,IRS24702421,2024-12-09,500,500,9.0113,1,İTHAL,35.15,Numune kabul,E,Şartlı kabul,128.1835,45,2024,12,50
H00005,320.01.0003,IRS24702422,2024-11-04,500,0.5,52.5584,1,İTHAL,34.7,Mal kabul,H,Şartlı kabul,757.3256,90,2024,11,45
H00008,320.01.0003,IRS25702423,2025-02-02,2000,2,66.8262,1,İTHAL,36.3667,Mal kabul,H,Kalite onaylı,3675.1314,90,2025,2,5
H00009,320.01.0003,IRS24702424,2024-11-08,1000,1,87.0808,1,İTHAL,34.7,Numune kabul,H,,2509.5331,90,2024,11,45
H00003,320.01.0025,IRS24702425,2024-11-16,120,0.12,75.9465,1,İTHAL,34.7,Kısmi teslim,H,,262.6392,60,2024,11,46
D00012,320.01.0025,IRS24702426,2024-11-21,1000,1000,148.1197,1,İTHAL,34.7,Mal kabul,E,Şartlı kabul,4268.5793,45,2024,11,47
H00015,320.01.0005,IRS24702427,2024-12-27,250,0.25,45.4286,1,YERLİ,35.15,Sevk irsaliyesi,E,,323.1053,45,2024,12,52
D00008,320.01.0005,IRS25702428,2025-02-03,5000,5000,293.2665,1,YERLİ,36.3667,İthalat dosyası,H,,40320.7467,30,2025,2,6
H00008,320.01.0005,IRS25702429,2025-01-01,250,0.25,62.0249,1,YERLİ,35.6,İthalat dosyası,H,Şartlı kabul,435.5681,60,2025,1,1
H00014,320.01.0015,IRS24702430,2024-11-20,5000,5,39.6461,1,YERLİ,34.7,İthalat dosyası,E,,5712.6945,90,2024,11,47
D00008,320.01.0015,IRS24702431,2024-11-24,5000,5000,303.7875,1,YERLİ,34.7,Numune kabul,E,Şartlı kabul,43773.415,0,2024,11,47
H00007,320.01.0031,IRS24702432,2024-11-02,120,0.12,48.8213,1,YERLİ,34.7,Mal kabul,H,Kalite onaylı,168.8345,45,2024,11,44
H00016,320.01.0025,IRS24702433,2024-12-05,250,250,86.1236,1,İTHAL,35.15,Sevk irsaliyesi,H,Şartlı kabul,612.5434,90,2024,12,49
D00008,320.01.0025,IRS24702434,2024-12-05,2000,2000,303.8591,1,İTHAL,35.15,Kısmi teslim,H,Kalite onaylı,17289.2802,0,2024,12,49
D00006,320.01.0017,IRS24702435,2024-11-09,250,250,295.584,1,YERLİ,34.7,Kısmi teslim,H,,2129.5677,0,2024,11,45
D00007,320.01.0017,IRS24702436,2024-11-22,120,120,75.499,1,YERLİ,34.7,Kısmi teslim,E,,261.0916,60,2024,11,47
H00014,320.01.0011,IRS25702437,2025-01-01,250,0.25,35.6168,1,YERLİ,35.6,Kısmi teslim,H,Kalite onaylı,250.118,0,2025,1,1
H00004,320.01.0011,IRS24702438,2024-11-20,5000,5,72.9407,1,YERLİ,34.7,İthalat dosyası,H,Kalite onaylı,10510.1873,90,2024,11,47
D00008,320.01.0004,IRS24702439,2024-11-23,10000,10000,303.1403,1,YERLİ,34.7,İthalat dosyası,H,,87360.317,45,2024,11,47
D00008,320.01.0001,IRS24702440,2024-11-11,2000,2000,354.6283,1,YERLİ,34.7,Numune kabul,E,Şartlı kabul,20439.6715,0,2024,11,46
D00004,320.01.0001,IRS25702441,2025-01-28,2000,2000,68.3129,1,YERLİ,35.6,Numune kabul,H,Kalite onaylı,3837.8034,60,2025,1,5
D00002,320.01.0010,IRS24702442,2024-11-15,5000,5000,67.8778,1,YERLİ,34.7,İthalat dosyası,H,Kalite onaylı,9780.6628,90,2024,11,46
D00004,320.01.0010,IRS24702444,2024-12-04,120,120,79.3867,1,YERLİ,35.15,Kısmi teslim,H,Kalite onaylı,271.0215,60,2024,12,49
H00016,320.01.0019,IRS25702445,2025-01-02,500,500,76.9867,1,YERLİ,35.6,Sevk irsaliyesi,E,Şartlı kabul,1081.2739,45,2025,1,1
H00003,320.01.0019,IRS24702447,2024-11-26,5000,5,78.5926,1,YERLİ,34.7,Sevk irsaliyesi,H,Kalite onaylı,11324.5821,60,2024,11,48
H00004,320.01.0004,IRS25702448,2025-01-02,120,0.12,69.8546,1,YERLİ,35.6,Sevk irsaliyesi,H,,235.4649,45,2025,1,1
D00003,320.01.0020,IRS24702449,2024-12-25,250,250,288.8537,1,YERLİ,35.15,Kısmi teslim,H,Kalite onaylı,2054.436,60,2024,12,52
D00001,320.01.0025,IRS24702450,2024-12-07,5000,5000,41.4267,1,İTHAL,35.15,Mal kabul,E,Kalite onaylı,5892.845,60,2024,12,49
H00011,320.01.0052,IRS24702451,2024-11-20,500,0.5,36.9868,1,YERLİ,34.7,Numune kabul,E,Şartlı kabul,532.951,30,2024,11,47
D00007,320.01.0052,IRS24702452,2024-11-18,10000,10000,90.1348,1,YERLİ,34.7,Sevk irsaliyesi,E,Kalite onaylı,25975.4467,90,2024,11,47
D00004,320.01.0052,IRS25702453,2025-01-06,500,500,75.3625,1,YERLİ,35.6,Sevk irsaliyesi,E,Şartlı kabul,1058.4621,45,2025,1,2
D00004,320.01.0005,IRS24702454,2024-12-16,5000,5000,77.1405,1,YERLİ,35.15,İthalat dosyası,E,,10973.0441,0,2024,12,51
D00010,320.01.0004,IRS25702455,2025-02-01,2000,2000,220.0425,1,YERLİ,36.3667,İthalat dosyası,H,Şartlı kabul,12101.318,0,2025,2,5
H00008,320.01.0004,IRS24702456,2024-12-03,10000,10,57.6973,1,YERLİ,35.15,Numune kabul,E,Şartlı kabul,16414.5946,30,2024,12,49
H00001,320.01.0004,IRS25702457,2025-02-09,2000,2,59.5544,1,YERLİ,36.3667,Sevk irsaliyesi,H,Kalite onaylı,3275.2161,45,2025,2,6
H00005,320.01.0031,IRS24702458,2024-11-20,500,0.5,58.7997,1,YERLİ,34.7,İthalat dosyası,H,,847.2579,90,2024,11,47
H00012,320.01.0020,IRS25702459,2025-01-03,500,500,34.3334,1,YERLİ,35.6,Mal kabul,E,Kalite onaylı,482.2107,30,2025,1,1
D00005,320.01.0020,IRS25702460,2025-02-02,2000,2000,287.4474,1,YERLİ,36.3667,İthalat dosyası,E,Şartlı kabul,15808.2752,45,2025,2,5
D00001,320.01.0005,IRS24702461,2024-12-18,1000,1000,39.9786,1,YERLİ,35.15,Kısmi teslim,H,Kalite onaylı,1137.3713,0,2024,12,51
D00006,320.01.0005,IRS24702462,2024-11-21,250,250,328.127,1,YERLİ,34.7,İthalat dosyası,H,,2364.0274,60,2024,11,47
H00016,320.01.0005,IRS25702463,2025-01-29,1000,1000,90.3398,1,YERLİ,35.6,Mal kabul,H,Şartlı kabul,2537.6348,0,2025,1,5
H00007,320.01.0004,IRS24702464,2024-11-16,5000,5,53.6079,1,YERLİ,34.7,Sevk irsaliyesi,E,Şartlı kabul,7724.4813,0,2024,11,46
D00006,320.01.0040,IRS24702465,2024-12-17,500,500,345.2494,1,YERLİ,35.15,Numune kabul,E,,4911.0868,0,2024,12,51
D00008,320.01.0040,IRS24702466,2024-11-28,5000,5000,294.0045,1,YERLİ,34.7,Kısmi teslim,H,Kalite onaylı,42363.7608,90,2024,11,48
D00006,320.01.0040,IRS25702467,2025-01-30,1000,1000,297.3657,1,YERLİ,35.6,Sevk irsaliyesi,E,Kalite onaylı,8352.9691,60,2025,1,5
H00006,320.01.0002,IRS24702468,2024-11-13,1000,1,123.2366,1,YERLİ,34.7,Kısmi teslim,H,Kalite onaylı,3551.487,90,2024,11,46
D00004,320.01.0002,IRS24702469,2024-11-25,250,250,80.1472,1,YERLİ,34.7,İthalat dosyası,E,Kalite onaylı,577.4294,30,2024,11,48
H00006,320.01.0002,IRS24702470,2024-11-28,120,0.12,111.3052,1,YERLİ,34.7,Sevk irsaliyesi,H,,384.9171,90,2024,11,48
H00013,320.01.0030,IRS25702471,2025-02-12,1000,1000,92.6656,1,YERLİ,36.3667,Kısmi teslim,H,Şartlı kabul,2548.0893,45,2025,2,7
D00007,320.01.0019,IRS25702472,2025-01-13,500,500,84.1096,1,YERLİ,35.6,İthalat dosyası,E,,1181.3146,0,2025,1,3
H00010,320.01.0030,IRS25702473,2025-02-14,10000,10,22.6756,1,YERLİ,36.3667,Mal kabul,H,Şartlı kabul,6235.2647,0,2025,2,7
H00004,320.01.0001,IRS24702474,2024-11-13,2000,2,71.6523,1,YERLİ,34.7,Mal kabul,E,Şartlı kabul,4129.8156,60,2024,11,46
H00003,320.01.0001,IRS24702475,2024-12-27,10000,10,69.5833,1,YERLİ,35.15,Numune kabul,H,,19796.1024,45,2024,12,52
H00009,320.01.0001,IRS25702476,2025-01-02,120,0.12,74.804,1,YERLİ,35.6,Mal kabul,H,Şartlı kabul,252.1483,0,2025,1,1
H00010,320.01.0001,IRS25702477,2025-01-17,10000,10,24.2755,1,YERLİ,35.6,Numune kabul,H,Şartlı kabul,6818.9607,90,2025,1,3
D00007,320.01.0001,IRS24702478,2024-12-02,500,500,74.6738,1,YERLİ,35.15,İthalat dosyası,E,Şartlı kabul,1062.2162,0,2024,12,49
D00003,320.01.0011,IRS24702479,2024-12-28,500,500,292.069,1,YERLİ,35.15,İthalat dosyası,E,,4154.6088,90,2024,12,52
H00003,320.01.0026,IRS25702480,2025-01-16,2000,2,85.6886,1,YERLİ,35.6,İthalat dosyası,E,Şartlı kabul,4813.9663,0,2025,1,3
H00014,320.01.0032,IRS25702481,2025-02-13,5000,5,37.81,1,YERLİ,36.3667,Sevk irsaliyesi,E,Kalite onaylı,5198.437,0,2025,2,7
H00004,320.01.0032,IRS25702482,2025-01-03,5000,5,74.63,1,YERLİ,35.6,Mal kabul,H,Kalite onaylı,10481.7416,90,2025,1,1
D00006,320.01.0015,IRS25702483,2025-01-10,1000,1000,312.3232,1,YERLİ,35.6,Sevk irsaliyesi,E,Şartlı kabul,8773.1236,30,2025,1,2
H00011,320.01.0009,IRS24702484,2024-12-10,500,0.5,35.9138,1,YERLİ,35.15,Numune kabul,H,Şartlı kabul,510.8649,60,2024,12,50
D00011,320.01.0009,IRS25702485,2025-02-04,1000,1000,9.4291,1,YERLİ,36.3667,Numune kabul,E,Şartlı kabul,259.2784,60,2025,2,6
H00011,320.01.0009,IRS24702486,2024-12-07,1000,1,38.2258,1,YERLİ,35.15,Kısmi teslim,H,,1087.505,30,2024,12,49
H00001,320.01.0021,IRS25702487,2025-01-04,1000,1,57.8408,1,YERLİ,35.6,İthalat dosyası,H,Şartlı kabul,1624.7416,0,2025,1,1
H00005,320.01.0001,IRS25702488,2025-01-19,2000,2,51.6289,1,YERLİ,35.6,Sevk irsaliyesi,H,Kalite onaylı,2900.5,45,2025,1,3
D00004,320.01.0021,IRS24702489,2024-12-16,120,120,79.9293,1,YERLİ,35.15,İthalat dosyası,E,,272.8739,30,2024,12,51
D00002,320.01.0021,IRS25702490,2025-01-09,1000,1000,59.5047,1,YERLİ,35.6,İthalat dosyası,H,Şartlı kabul,1671.4803,30,2025,1,2
H00011,320.01.0003,IRS25702491,2025-01-15,250,0.25,37.3217,1,İTHAL,35.6,İthalat dosyası,E,,262.0906,90,2025,1,3
H00012,320.01.0009,IRS24702492,2024-11-26,10000,10000,35.6399,1,YERLİ,34.7,İthalat dosyası,E,Kalite onaylı,10270.8646,45,2024,11,48
H00007,320.01.0042,IRS24702494,2024-12-03,10000,10,43.0031,1,YERLİ,35.15,Numune kabul,E,Kalite onaylı,12234.1679,45,2024,12,49
H00005,320.01.0042,IRS24702495,2024-12-11,10000,10,55.9322,1,YERLİ,35.15,İthalat dosyası,E,Kalite onaylı,15912.4324,90,2024,12,50
H00015,320.01.0031,IRS24702496,2024-12-15,10000,10,39.749,1,YERLİ,35.15,Sevk irsaliyesi,E,Şartlı kabul,11308.3926,30,2024,12,50
D00007,320.01.0031,IRS24702497,2024-12-15,120,120,91.2079,1,YERLİ,35.15,Mal kabul,E,Şartlı kabul,311.3783,60,2024,12,50
H00010,320.01.0020,IRS24702498,2024-12-14,2000,2,21.667,1,YERLİ,35.15,Sevk irsaliyesi,H,Şartlı kabul,1232.8307,45,2024,12,50
H00010,320.01.0020,IRS24702499,2024-11-20,2000,2,26.8193,1,YERLİ,34.7,Sevk irsaliyesi,E,Kalite onaylı,1545.781,45,2024,11,47
H00010,320.01.0005,IRS24702500,2024-12-24,5000,5,21.6698,1,YERLİ,35.15,Mal kabul,E,,3082.4751,30,2024,12,52
D00008,320.01.0005,IRS24702501,2024-12-02,1000,1000,320.9118,1,YERLİ,35.15,Sevk irsaliyesi,H,Kalite onaylı,9129.7809,30,2024,12,49
H00010,320.01.0007,IRS25702502,2025-01-05,10000,10,24.9206,1,YERLİ,35.6,İthalat dosyası,E,Şartlı kabul,7000.1685,90,2025,1,1
H00004,320.01.0009,IRS24702503,2024-12-01,500,0.5,71.3116,1,YERLİ,35.15,İthalat dosyası,E,Kalite onaylı,1014.3898,90,2024,12,48
D00009,320.01.0009,IRS25702504,2025-01-02,5000,5000,224.2099,1,YERLİ,35.6,Mal kabul,H,Kalite onaylı,31490.1545,45,2025,1,1
H00003,320.01.0002,IRS25702505,2025-02-21,1000,1,87.3988,1,YERLİ,36.3667,İthalat dosyası,H,Kalite onaylı,2403.2645,0,2025,2,8
H00003,320.01.0002,IRS25702506,2025-01-09,10000,10,75.8695,1,YERLİ,35.6,Sevk irsaliyesi,E,Şartlı kabul,21311.6573,30,2025,1,2
D00007,320.01.0034,IRS25702507,2025-02-24,250,250,82.1003,1,YERLİ,36.3667,Mal kabul,E,Kalite onaylı,564.392,30,2025,2,9
H00003,320.01.0034,IRS25702508,2025-01-06,120,0.12,79.9939,1,YERLİ,35.6,Numune kabul,E,,269.6424,60,2025,1,2
D00002,320.01.0030,IRS24702509,2024-12-01,500,500,66.2758,1,YERLİ,35.15,Kısmi teslim,H,Kalite onaylı,942.7568,90,2024,12,48
H00014,320.01.0030,IRS25702510,2025-01-20,5000,5,35.6465,1,YERLİ,35.6,Sevk irsaliyesi,H,Şartlı kabul,5006.5309,45,2025,1,4
D00001,320.01.0002,IRS24702511,2024-12-27,1000,1000,35.3826,1,YERLİ,35.15,İthalat dosyası,H,,1006.6174,30,2024,12,52
D00004,320.01.0001,IRS24702512,2024-11-28,5000,5000,73.6386,1,YERLİ,34.7,Sevk irsaliyesi,H,Şartlı kabul,10610.7493,30,2024,11,48
H00012,320.01.0024,IRS24702514,2024-11-25,2000,2000,30.2795,1,YERLİ,34.7,Sevk irsaliyesi,H,,1745.2161,90,2024,11,48
H00003,320.01.0024,IRS24702515,2024-11-28,120,0.12,79.9533,1,YERLİ,34.7,İthalat dosyası,E,Kalite onaylı,276.4956,0,2024,11,48
H00016,320.01.0054,IRS24702516,2024-12-01,120,120,88.7716,1,YERLİ,35.15,Numune kabul,E,Kalite onaylı,303.0609,60,2024,12,48
D00011,320.01.0049,IRS24702517,2024-12-14,2000,2000,9.1782,1,YERLİ,35.15,Numune kabul,E,,522.2304,45,2024,12,50
D00011,320.01.0013,IRS25702518,2025-01-09,120,120,10.815,1,YERLİ,35.6,Sevk irsaliyesi,H,,36.4551,0,2025,1,2
H00002,320.01.0013,IRS24702519,2024-12-13,10000,10,22.6873,1,YERLİ,35.15,Numune kabul,H,Şartlı kabul,6454.4239,45,2024,12,50
D00011,320.01.0013,IRS24702520,2024-12-12,1000,1000,9.4226,1,YERLİ,35.15,Kısmi teslim,H,Şartlı kabul,268.0683,45,2024,12,50
H00007,320.01.0024,IRS25702521,2025-01-08,250,0.25,48.0617,1,YERLİ,35.6,Sevk irsaliyesi,E,Kalite onaylı,337.5119,90,2025,1,2
H00001,320.01.0024,IRS24702522,2024-11-30,500,0.5,59.7386,1,YERLİ,34.7,İthalat dosyası,E,,860.7867,90,2024,11,48
H00011,320.01.0006,IRS24702523,2024-12-08,5000,5,39.5834,1,YERLİ,35.15,Kısmi teslim,H,Kalite onaylı,5630.6401,30,2024,12,49
D00008,320.01.0006,IRS25702524,2025-01-19,120,120,318.9205,1,YERLİ,35.6,Kısmi teslim,E,Kalite onaylı,1075.0129,45,2025,1,3
H00009,320.01.0006,IRS25702525,2025-02-18,120,0.12,76.1443,1,YERLİ,36.3667,İthalat dosyası,H,Kalite onaylı,251.255,30,2025,2,8
D00002,320.01.0005,IRS24702526,2024-12-01,120,120,64.7841,1,YERLİ,35.15,İthalat dosyası,E,Kalite onaylı,221.169,90,2024,12,48
H00012,320.01.0018,IRS24702527,2024-12-13,250,250,30.1443,1,YERLİ,35.15,Numune kabul,E,,214.3976,45,2024,12,50
H00003,320.01.0018,IRS24702528,2024-12-18,120,0.12,85.3789,1,YERLİ,35.15,Kısmi teslim,E,,291.4785,0,2024,12,51
H00013,320.01.0013,IRS24702529,2024-12-21,500,500,109.8603,1,YERLİ,35.15,İthalat dosyası,E,Kalite onaylı,1562.7354,0,2024,12,51
D00003,320.01.0013,IRS25702530,2025-01-17,500,500,328.9689,1,YERLİ,35.6,Mal kabul,E,,4620.3497,60,2025,1,3
H00012,320.01.0013,IRS24702531,2024-12-15,5000,5000,35.6367,1,YERLİ,35.15,Mal kabul,E,,5069.2319,60,2024,12,50
H00003,320.01.0040,IRS25702532,2025-01-10,2000,2,71.1735,1,YERLİ,35.6,Mal kabul,E,,3998.5112,30,2025,1,2
H00006,320.01.0028,IRS25702534,2025-03-02,250,0.25,126.788,1,YERLİ,37.1333,Numune kabul,H,,853.6004,60,2025,3,9
D00008,320.01.0006,IRS24702535,2024-12-05,2000,2000,317.944,1,YERLİ,35.15,İthalat dosyası,E,Şartlı kabul,18090.697,30,2024,12,49
D00012,320.01.0006,IRS24702536,2024-12-15,250,250,136.2838,1,YERLİ,35.15,İthalat dosyası,E,Şartlı kabul,969.3016,45,2024,12,50
H00002,320.01.0006,IRS24702537,2024-12-27,500,0.5,19.8906,1,YERLİ,35.15,Numune kabul,E,Şartlı kabul,282.9388,90,2024,12,52
D00005,320.01.0015,IRS25702538,2025-03-04,10000,10000,278.6057,1,YERLİ,37.1333,Numune kabul,E,Şartlı kabul,75028.5323,60,2025,3,10
D00011,320.01.0013,IRS25702539,2025-02-21,1000,1000,9.9002,1,YERLİ,36.3667,Kısmi teslim,H,Şartlı kabul,272.2326,60,2025,2,8
D00011,320.01.0027,IRS25702540,2025-03-04,2000,2000,9.5495,1,YERLİ,37.1333,Sevk irsaliyesi,E,,514.3362,0,2025,3,10
H00002,320.01.0027,IRS24702541,2024-12-13,5000,5,21.265,1,YERLİ,35.15,Kısmi teslim,E,Kalite onaylı,3024.8933,60,2024,12,50
D00001,320.01.0019,IRS25702542,2025-01-31,10000,10000,36.2518,1,YERLİ,35.6,Sevk irsaliyesi,H,Şartlı kabul,10183.0899,60,2025,1,5
H00013,320.01.0019,IRS25702543,2025-01-22,10000,10000,108.9318,1,YERLİ,35.6,Mal kabul,E,,30598.8202,30,2025,1,4
H00010,320.01.0005,IRS24702544,2024-12-09,60,0.06,26.151,1,YERLİ,35.15,Sevk irsaliyesi,H,Kalite onaylı,44.639,45,2024,12,50
H00007,320.01.0017,IRS24702545,2024-12-18,250,0.25,49.9119,1,YERLİ,35.15,İthalat dosyası,H,Şartlı kabul,354.9922,30,2024,12,51
D00009,320.01.0017,IRS24702546,2024-12-16,5000,5000,279.4041,1,YERLİ,35.15,Mal kabul,H,Şartlı kabul,39744.5377,45,2024,12,51
D00001,320.01.0014,IRS24702547,2024-12-11,1000,1000,34.7808,1,YERLİ,35.15,Mal kabul,E,Şartlı kabul,989.4964,0,2024,12,50
D00006,320.01.0014,IRS24702548,2024-12-08,2000,2000,348.1078,1,YERLİ,35.15,Kısmi teslim,E,Kalite onaylı,19806.9872,45,2024,12,49
H00008,320.01.0002,IRS24702549,2024-12-20,250,0.25,58.8194,1,YERLİ,35.15,Numune kabul,E,,418.3457,45,2024,12,51
H00001,320.01.0002,IRS24702550,2024-12-29,1000,1,57.7569,1,YERLİ,35.15,Sevk irsaliyesi,H,Şartlı kabul,1643.155,30,2024,12,52
H00005,320.01.0030,IRS25702551,2025-01-22,1000,1,54.8705,1,YERLİ,35.6,Numune kabul,E,Şartlı kabul,1541.3062,45,2025,1,4
H00014,320.01.0004,IRS24702553,2024-12-24,500,0.5,36.9375,1,YERLİ,35.15,Numune kabul,E,Şartlı kabul,525.4267,60,2024,12,52
H00014,320.01.0011,IRS25702554,2025-03-10,250,0.25,37.5498,1,YERLİ,37.1333,Mal kabul,H,Şartlı kabul,252.8041,45,2025,3,11
D00012,320.01.0026,IRS25702555,2025-02-03,5000,5000,154.7267,1,YERLİ,36.3667,Numune kabul,H,Şartlı kabul,21273.129,30,2025,2,6
D00010,320.01.0026,IRS25702556,2025-02-07,2000,2000,237.117,1,YERLİ,36.3667,İthalat dosyası,E,Kalite onaylı,13040.3364,30,2025,2,6
D00003,320.01.0026,IRS24702557,2024-12-14,10000,10000,284.3994,1,YERLİ,35.15,Kısmi teslim,H,Şartlı kabul,80910.2134,30,2024,12,50
D00003,320.01.0034,IRS25702558,2025-03-03,250,250,289.297,1,YERLİ,37.1333,Numune kabul,E,Kalite onaylı,1947.6925,45,2025,3,10
H00016,320.01.0034,IRS25702559,2025-03-01,5000,5000,98.4299,1,YERLİ,37.1333,Sevk irsaliyesi,H,Kalite onaylı,13253.5891,90,2025,3,9
H00009,320.01.0001,IRS25702560,2025-02-26,500,0.5,74.4038,1,YERLİ,36.3667,Sevk irsaliyesi,H,Kalite onaylı,1022.9661,45,2025,2,9
H00003,320.01.0015,IRS24702561,2024-12-10,120,0.12,87.161,1,YERLİ,35.15,Mal kabul,E,,297.5624,60,2024,12,50
D00007,320.01.0012,IRS25702562,2025-01-22,5000,5000,90.7768,1,YERLİ,35.6,Sevk irsaliyesi,H,,12749.5506,30,2025,1,4
H00005,320.01.0012,IRS25702563,2025-01-04,2000,2,64.5998,1,YERLİ,35.6,Mal kabul,E,Şartlı kabul,3629.2022,60,2025,1,1
H00012,320.01.0002,IRS25702564,2025-01-04,1000,1000,30.8086,1,YERLİ,35.6,Numune kabul,E,,865.4101,30,2025,1,1
H00014,320.01.0002,IRS25702565,2025-03-11,10000,10,38.1042,1,YERLİ,37.1333,Mal kabul,H,,10261.4634,90,2025,3,11
D00007,320.01.0055,IRS25702566,2025-02-08,1000,1000,82.5447,1,İTHAL,36.3667,Mal kabul,H,Şartlı kabul,2269.788,90,2025,2,6
H00014,320.01.0055,IRS24702567,2024-12-11,500,0.5,33.0733,1,İTHAL,35.15,İthalat dosyası,H,Şartlı kabul,470.4595,45,2024,12,50
D00007,320.01.0044,IRS24702568,2024-12-31,5000,5000,90.7278,1,YERLİ,35.15,İthalat dosyası,H,Şartlı kabul,12905.8037,0,2024,12,1
H00014,320.01.0044,IRS24702569,2024-12-22,250,0.25,35.4516,1,YERLİ,35.15,Kısmi teslim,E,Şartlı kabul,252.1451,60,2024,12,51
H00011,320.01.0004,IRS24702570,2024-12-21,500,0.5,36.7428,1,YERLİ,35.15,Sevk irsaliyesi,E,Şartlı kabul,522.6572,30,2024,12,51
H00013,320.01.0006,IRS25702571,2025-02-10,2000,2000,108.0032,1,YERLİ,36.3667,Kısmi teslim,E,,5939.6756,60,2025,2,7
D00009,320.01.0006,IRS25702572,2025-01-04,500,500,249.1593,1,YERLİ,35.6,Numune kabul,H,,3499.4284,45,2025,1,1
H00001,320.01.0001,IRS25702573,2025-03-04,2000,2,51.305,1,YERLİ,37.1333,İthalat dosyası,H,,2763.2879,90,2025,3,10
H00006,320.01.0020,IRS25702574,2025-02-15,120,0.12,106.3741,1,YERLİ,36.3667,Sevk irsaliyesi,E,Şartlı kabul,351.005,45,2025,2,7
D00001,320.01.0020,IRS25702575,2025-01-01,1000,1000,39.0605,1,YERLİ,35.6,Kısmi teslim,H,Şartlı kabul,1097.2051,0,2025,1,1
D00008,320.01.0020,IRS25702576,2025-02-01,500,500,304.9091,1,YERLİ,36.3667,Sevk irsaliyesi,H,Kalite onaylı,4192.1469,30,2025,2,5
H00016,320.01.0003,IRS25702577,2025-01-09,250,250,95.3292,1,İTHAL,35.6,Mal kabul,E,,669.4466,45,2025,1,2
D00003,320.01.0003,IRS24702578,2024-12-28,120,120,350.9344,1,İTHAL,35.15,Kısmi teslim,E,,1198.0691,45,2024,12,52
H00001,320.01.0003,IRS24702579,2024-12-18,10000,10,51.9897,1,İTHAL,35.15,İthalat dosyası,E,,14790.8108,0,2024,12,51
D00010,320.01.0008,IRS25702580,2025-01-05,500,500,197.8681,1,YERLİ,35.6,Kısmi teslim,E,Kalite onaylı,2779.0463,30,2025,1,1
H00008,320.01.0008,IRS25702581,2025-01-31,5000,5,66.3171,1,YERLİ,35.6,Sevk irsaliyesi,H,,9314.1994,90,2025,1,5
D00007,320.01.0008,IRS25702582,2025-02-04,10000,10000,75.5405,1,YERLİ,36.3667,Sevk irsaliyesi,H,Kalite onaylı,20771.8875,30,2025,2,6
H00013,320.01.0002,IRS25702583,2025-01-28,1000,1000,104.4488,1,YERLİ,35.6,Sevk irsaliyesi,E,,2933.9551,30,2025,1,5
D00010,320.01.0002,IRS25702584,2025-01-02,120,120,237.3665,1,YERLİ,35.6,Mal kabul,E,Şartlı kabul,800.1118,0,2025,1,1
D00009,320.01.0002,IRS25702585,2025-01-12,2000,2000,289.8569,1,YERLİ,35.6,Numune kabul,E,,16284.0955,60,2025,1,2
H00014,320.01.0022,IRS24702586,2024-12-29,10000,10,33.0217,1,YERLİ,35.15,Mal kabul,H,Şartlı kabul,9394.5092,60,2024,12,52
H00016,320.01.0022,IRS25702587,2025-02-01,2000,2000,90.2851,1,YERLİ,36.3667,Kısmi teslim,E,Kalite onaylı,4965.2622,0,2025,2,5
H00013,320.01.0020,IRS24702588,2024-12-23,250,250,91.7529,1,YERLİ,35.15,Numune kabul,E,,652.5811,60,2024,12,52
D00007,320.01.0026,IRS25702589,2025-03-10,10000,10000,89.3036,1,YERLİ,37.1333,Numune kabul,E,Kalite onaylı,24049.465,60,2025,3,11
H00016,320.01.0004,IRS25702590,2025-02-07,120,120,78.7038,1,YERLİ,36.3667,Numune kabul,H,Kalite onaylı,259.7007,90,2025,2,6
H00004,320.01.0004,IRS24702591,2024-12-30,500,0.5,75.9959,1,YERLİ,35.15,İthalat dosyası,H,Kalite onaylı,1081.0228,60,2024,12,1
H00014,320.01.0002,IRS25702592,2025-02-05,2000,2,40.1865,1,YERLİ,36.3667,Sevk irsaliyesi,E,Şartlı kabul,2210.0713,45,2025,2,6
H00002,320.01.0002,IRS25702593,2025-01-04,120,0.12,19.243,1,YERLİ,35.6,Kısmi teslim,H,Şartlı kabul,64.864,90,2025,1,1
D00011,320.01.0002,IRS25702594,2025-03-14,10000,10000,9.5447,1,YERLİ,37.1333,Sevk irsaliyesi,E,Şartlı kabul,2570.3883,90,2025,3,11
H00014,320.01.0001,IRS25702595,2025-02-09,10000,10,41.461,1,YERLİ,36.3667,İthalat dosyası,H,Şartlı kabul,11400.8145,90,2025,2,6
D00005,320.01.0001,IRS25702596,2025-02-06,1000,1000,307.6729,1,YERLİ,36.3667,İthalat dosyası,E,,8460.292,90,2025,2,6
D00001,320.01.0001,IRS25702597,2025-01-05,120,120,38.848,1,YERLİ,35.6,Mal kabul,E,Şartlı kabul,130.9483,90,2025,1,1
H00015,320.01.0001,IRS25702598,2025-01-01,60,0.06,38.8227,1,YERLİ,35.6,İthalat dosyası,H,Kalite onaylı,65.4315,0,2025,1,1
H00009,320.01.0005,IRS25702599,2025-01-09,120,0.12,84.0805,1,YERLİ,35.6,Numune kabul,H,Kalite onaylı,283.4174,90,2025,1,2
D00010,320.01.0018,IRS25702600,2025-01-04,120,120,191.4085,1,YERLİ,35.6,Mal kabul,E,Kalite onaylı,645.1972,60,2025,1,1
H00011,320.01.0018,IRS24702601,2024-12-26,120,0.12,40.2788,1,YERLİ,35.15,Numune kabul,H,,137.5094,30,2024,12,52
D00005,320.01.0018,IRS25702602,2025-01-25,1000,1000,335.7387,1,YERLİ,35.6,Kısmi teslim,E,Şartlı kabul,9430.8624,0,2025,1,4
H00009,320.01.0018,IRS25702603,2025-02-15,2000,2,93.5698,1,YERLİ,36.3667,Numune kabul,H,Şartlı kabul,5145.9055,90,2025,2,7
H00011,320.01.0004,IRS24702604,2024-12-24,2000,2,43.4161,1,YERLİ,35.15,Kısmi teslim,H,Şartlı kabul,2470.3329,30,2024,12,52
D00009,320.01.0001,IRS25702605,2025-03-17,10000,10000,257.1792,1,YERLİ,37.1333,Sevk irsaliyesi,H,,69258.3746,0,2025,3,12
H00010,320.01.0001,IRS25702606,2025-01-04,1000,1,23.9388,1,YERLİ,35.6,Mal kabul,E,Şartlı kabul,672.4382,0,2025,1,1
H00013,320.01.0001,IRS25702607,2025-01-14,10000,10000,97.7582,1,YERLİ,35.6,Kısmi teslim,E,,27460.1685,30,2025,1,3
H00011,320.01.0012,IRS24702608,2024-12-30,120,0.12,36.7857,1,YERLİ,35.15,İthalat dosyası,H,,125.5842,45,2024,12,1
H00006,320.01.0012,IRS25702609,2025-01-11,500,0.5,116.1851,1,YERLİ,35.6,Kısmi teslim,H,Şartlı kabul,1631.8132,60,2025,1,2
H00014,320.01.0012,IRS25702610,2025-01-14,120,0.12,37.1628,1,YERLİ,35.6,Mal kabul,H,Kalite onaylı,125.2679,30,2025,1,3
H00012,320.01.0015,IRS25702611,2025-02-02,120,120,32.2927,1,YERLİ,36.3667,Kısmi teslim,H,Şartlı kabul,106.5569,0,2025,2,5
D00010,320.01.0003,IRS25702612,2025-01-24,250,250,220.4919,1,İTHAL,35.6,Mal kabul,E,,1548.3982,45,2025,1,4
H00016,320.01.0003,IRS25702613,2025-02-02,10000,10000,80.1621,1,İTHAL,36.3667,Kısmi teslim,E,Kalite onaylı,22042.7204,90,2025,2,5
D00012,320.01.0003,IRS25702614,2025-03-16,500,500,153.0078,1,İTHAL,37.1333,Mal kabul,H,,2060.2505,90,2025,3,11
D00001,320.01.0004,IRS25702615,2025-01-15,5000,5000,43.3379,1,YERLİ,35.6,Sevk irsaliyesi,H,,6086.7837,45,2025,1,3
H00013,320.01.0004,IRS25702616,2025-03-25,10000,10000,99.1214,1,YERLİ,37.1333,Kısmi teslim,E,,26693.3992,90,2025,3,13
H00004,320.01.0007,IRS25702617,2025-01-09,1000,1,78.251,1,YERLİ,35.6,İthalat dosyası,H,Kalite onaylı,2198.0618,90,2025,1,2
H00005,320.01.0024,IRS25702618,2025-01-03,10000,10,59.9765,1,YERLİ,35.6,Numune kabul,H,Şartlı kabul,16847.3315,45,2025,1,1
H00004,320.01.0024,IRS25702619,2025-02-14,5000,5,67.0662,1,YERLİ,36.3667,Numune kabul,E,,9220.8256,30,2025,2,7
H00015,320.01.0007,IRS25702620,2025-01-02,5000,5,39.413,1,YERLİ,35.6,Numune kabul,H,,5535.5337,90,2025,1,1
D00002,320.01.0005,IRS25702621,2025-02-25,10000,10000,60.9699,1,YERLİ,36.3667,Sevk irsaliyesi,E,Kalite onaylı,16765.31,60,2025,2,9
H00002,320.01.0005,IRS25702622,2025-01-11,250,0.25,22.2465,1,YERLİ,35.6,Numune kabul,H,,156.2254,90,2025,1,2
H00013,320.01.0023,IRS25702623,2025-01-16,120,120,91.2854,1,İTHAL,35.6,Sevk irsaliyesi,H,Kalite onaylı,307.7036,30,2025,1,3
D00002,320.01.0003,IRS25702624,2025-03-28,1000,1000,70.9205,1,İTHAL,37.1333,Kısmi teslim,E,,1909.8895,45,2025,3,13
D00002,320.01.0025,IRS25702625,2025-01-24,500,500,62.8209,1,İTHAL,35.6,Numune kabul,H,Şartlı kabul,882.316,30,2025,1,4
H00007,320.01.0025,IRS25702626,2025-01-04,10000,10,46.1209,1,İTHAL,35.6,Sevk irsaliyesi,H,Kalite onaylı,12955.309,0,2025,1,1
D00005,320.01.0001,IRS25702627,2025-03-28,1000,1000,334.8477,1,YERLİ,37.1333,İthalat dosyası,E,Şartlı kabul,9017.4506,90,2025,3,13
D00010,320.01.0001,IRS25702628,2025-01-03,1000,1000,231.3184,1,YERLİ,35.6,Numune kabul,E,Kalite onaylı,6497.7079,0,2025,1,1
H00006,320.01.0001,IRS25702629,2025-01-15,250,0.25,103.552,1,YERLİ,35.6,İthalat dosyası,H,Kalite onaylı,727.191,30,2025,1,3
H00005,320.01.0001,IRS25702630,2025-01-09,1000,1,56.0972,1,YERLİ,35.6,İthalat dosyası,H,Kalite onaylı,1575.764,30,2025,1,2
D00003,320.01.0001,IRS25702631,2025-02-02,5000,5000,297.6174,1,YERLİ,36.3667,Sevk irsaliyesi,E,Şartlı kabul,40918.9451,90,2025,2,5
H00010,320.01.0003,IRS25702632,2025-02-07,250,0.25,23.1545,1,İTHAL,36.3667,Numune kabul,E,Şartlı kabul,159.1738,90,2025,2,6
D00011,320.01.0003,IRS25702633,2025-01-09,500,500,10.3842,1,İTHAL,35.6,Kısmi teslim,E,,145.8455,30,2025,1,2
D00012,320.01.0045,IRS25702634,2025-01-24,500,500,151.0097,1,YERLİ,35.6,Sevk irsaliyesi,H,,2120.9228,60,2025,1,4
H00007,320.01.0045,IRS25702635,2025-01-11,1000,1,52.1685,1,YERLİ,35.6,Mal kabul,E,,1465.4073,60,2025,1,2
D00008,320.01.0007,IRS25702636,2025-02-19,500,500,361.9704,1,YERLİ,36.3667,Numune kabul,E,Kalite onaylı,4976.6737,30,2025,2,8
H00005,320.01.0007,IRS25702637,2025-01-07,250,0.25,61.5465,1,YERLİ,35.6,Numune kabul,E,,432.2086,30,2025,1,2
D00002,320.01.0019,IRS25702638,2025-01-02,250,250,63.211,1,YERLİ,35.6,Numune kabul,H,,443.8975,60,2025,1,1
H00006,320.01.0019,IRS25702639,2025-01-06,10000,10,113.5497,1,YERLİ,35.6,İthalat dosyası,H,Kalite onaylı,31895.9831,60,2025,1,2
H00011,320.01.0019,IRS25702640,2025-01-30,120,0.12,42.793,1,YERLİ,35.6,İthalat dosyası,E,,144.2461,0,2025,1,5
D00005,320.01.0011,IRS25702641,2025-02-19,500,500,306.2779,1,YERLİ,36.3667,Mal kabul,E,Şartlı kabul,4210.9664,90,2025,2,8
D00003,320.01.0006,IRS25702642,2025-01-07,5000,5000,299.0207,1,YERLİ,35.6,Numune kabul,E,Kalite onaylı,41997.2893,45,2025,1,2
H00013,320.01.0009,IRS25702644,2025-02-25,250,250,108.6311,1,YERLİ,36.3667,İthalat dosyası,E,Kalite onaylı,746.7759,0,2025,2,9
H00012,320.01.0009,IRS25702645,2025-02-01,2000,2000,29.8461,1,YERLİ,36.3667,Numune kabul,H,Kalite onaylı,1641.3972,90,2025,2,5
D00010,320.01.0009,IRS25702646,2025-03-29,500,500,220.1943,1,YERLİ,37.1333,Kısmi teslim,E,Kalite onaylı,2964.9169,90,2025,3,13
D00006,320.01.0011,IRS25702647,2025-02-28,5000,5000,338.3855,1,YERLİ,36.3667,Mal kabul,H,,46524.0866,90,2025,2,9
H00004,320.01.0011,IRS25702648,2025-04-02,500,0.5,84.2824,1,YERLİ,37.9,Numune kabul,E,Şartlı kabul,1111.905,90,2025,4,14
D00004,320.01.0011,IRS25702649,2025-02-21,10000,10000,67.4966,1,YERLİ,36.3667,Sevk irsaliyesi,E,Kalite onaylı,18560.0013,45,2025,2,8
H00006,320.01.0018,IRS25702650,2025-01-11,10000,10,116.1343,1,YERLİ,35.6,Mal kabul,H,Kalite onaylı,32621.9944,90,2025,1,2
D00003,320.01.0002,IRS25702651,2025-02-04,5000,5000,334.6108,1,YERLİ,36.3667,Sevk irsaliyesi,H,Kalite onaylı,46005.1091,0,2025,2,6
H00004,320.01.0002,IRS25702652,2025-01-15,5000,5,75.5627,1,YERLİ,35.6,Kısmi teslim,H,Şartlı kabul,10612.7388,90,2025,1,3
D00007,320.01.0048,IRS25702653,2025-02-14,5000,5000,90.4385,1,YERLİ,36.3667,Kısmi teslim,E,Kalite onaylı,12434.2462,0,2025,2,7
H00001,320.01.0048,IRS25702654,2025-01-12,1000,1,54.9496,1,YERLİ,35.6,Mal kabul,E,Kalite onaylı,1543.5281,45,2025,1,2
H00012,320.01.0011,IRS25702655,2025-03-02,1000,1000,33.7573,1,YERLİ,37.1333,Mal kabul,E,Şartlı kabul,909.0843,45,2025,3,9
H00003,320.01.0030,IRS25702656,2025-01-25,500,0.5,83.9781,1,YERLİ,35.6,Kısmi teslim,E,,1179.4677,60,2025,1,4
D00011,320.01.0001,IRS25702657,2025-01-25,5000,5000,9.6432,1,YERLİ,35.6,Kısmi teslim,H,,1354.382,45,2025,1,4
D00001,320.01.0001,IRS25702658,2025-04-05,2000,2000,35.0817,1,YERLİ,37.9,Sevk irsaliyesi,E,Kalite onaylı,1851.277,45,2025,4,14
H00001,320.01.0055,IRS25702659,2025-03-25,250,0.25,59.6969,1,İTHAL,37.1333,Kısmi teslim,E,,401.9095,90,2025,3,13
D00008,320.01.0012,IRS25702660,2025-01-20,1000,1000,310.8367,1,YERLİ,35.6,Kısmi teslim,E,Kalite onaylı,8731.368,45,2025,1,4
H00002,320.01.0012,IRS25702661,2025-02-12,10000,10,21.4576,1,YERLİ,36.3667,Kısmi teslim,E,Kalite onaylı,5900.3429,30,2025,2,7
H00009,320.01.0009,IRS25702662,2025-03-24,2000,2,84.0569,1,YERLİ,37.1333,Mal kabul,H,Kalite onaylı,4527.3057,45,2025,3,13
H00003,320.01.0003,IRS25702663,2025-03-05,2000,2,89.1778,1,İTHAL,37.1333,Numune kabul,H,Kalite onaylı,4803.1174,90,2025,3,10
D00007,320.01.0004,IRS25702664,2025-02-15,1000,1000,90.4984,1,YERLİ,36.3667,Sevk irsaliyesi,H,Kalite onaylı,2488.4963,45,2025,2,7
D00002,320.01.0004,IRS25702665,2025-03-27,500,500,62.0005,1,YERLİ,37.1333,İthalat dosyası,E,Şartlı kabul,834.8369,45,2025,3,13
H00010,320.01.0001,IRS25702666,2025-03-28,10000,10,25.3702,1,YERLİ,37.1333,İthalat dosyası,E,Kalite onaylı,6832.1964,30,2025,3,13
D00006,320.01.0001,IRS25702667,2025-02-15,5000,5000,356.2208,1,YERLİ,36.3667,İthalat dosyası,H,,48976.2338,90,2025,2,7
H00005,320.01.0007,IRS25702668,2025-01-07,1000,1,64.0717,1,YERLİ,35.6,İthalat dosyası,H,Kalite onaylı,1799.7669,90,2025,1,2
H00002,320.01.0007,IRS25702669,2025-02-22,1000,1,19.9772,1,YERLİ,36.3667,Sevk irsaliyesi,H,Şartlı kabul,549.3267,60,2025,2,8
D00002,320.01.0021,IRS25702670,2025-02-16,10000,10000,66.2737,1,YERLİ,36.3667,Kısmi teslim,H,,18223.7322,60,2025,2,7
H00004,320.01.0007,IRS25702671,2025-03-04,250,0.25,80.4212,1,YERLİ,37.1333,Sevk irsaliyesi,H,Şartlı kabul,541.4359,45,2025,3,10
D00009,320.01.0007,IRS25702672,2025-02-25,10000,10000,287.8162,1,YERLİ,36.3667,Kısmi teslim,E,Kalite onaylı,79142.7872,90,2025,2,9
H00004,320.01.0013,IRS25702673,2025-01-24,120,0.12,76.5188,1,YERLİ,35.6,Mal kabul,H,Kalite onaylı,257.9285,45,2025,1,4
H00004,320.01.0005,IRS25702674,2025-02-17,500,0.5,70.0524,1,YERLİ,36.3667,Kısmi teslim,E,Şartlı kabul,963.1394,45,2025,2,8
H00013,320.01.0055,IRS25702675,2025-01-18,10000,10000,104.1457,1,İTHAL,35.6,Numune kabul,H,Kalite onaylı,29254.4101,60,2025,1,3
D00001,320.01.0006,IRS25702676,2025-02-08,500,500,40.848,1,YERLİ,36.3667,İthalat dosyası,H,Şartlı kabul,561.6127,45,2025,2,6
H00001,320.01.0022,IRS25702677,2025-02-10,2000,2,50.8431,1,YERLİ,36.3667,İthalat dosyası,H,,2796.1349,0,2025,2,7
H00012,320.01.0002,IRS25702678,2025-02-19,500,500,30.1766,1,YERLİ,36.3667,Mal kabul,H,,414.8933,60,2025,2,8
H00003,320.01.0020,IRS25702679,2025-01-19,2000,2,75.6859,1,YERLİ,35.6,Kısmi teslim,H,Kalite onaylı,4252.0169,30,2025,1,3
D00001,320.01.0020,IRS25702680,2025-01-21,2500,2500,42.2984,1,YERLİ,35.6,Kısmi teslim,H,Kalite onaylı,2970.3933,60,2025,1,4
H00006,320.01.0003,IRS25702681,2025-02-06,120,0.12,120.0352,1,İTHAL,36.3667,Kısmi teslim,E,Kalite onaylı,396.0828,30,2025,2,6
H00008,320.01.0003,IRS25702682,2025-02-17,120,0.12,66.3995,1,İTHAL,36.3667,Sevk irsaliyesi,H,,219.0999,30,2025,2,8
H00003,320.01.0003,IRS25702683,2025-01-30,1000,1,88.4823,1,İTHAL,35.6,Mal kabul,H,Şartlı kabul,2485.4579,30,2025,1,5
D00008,320.01.0008,IRS25702684,2025-02-13,500,500,320.3578,1,YERLİ,36.3667,Numune kabul,H,Kalite onaylı,4404.5487,45,2025,2,7
H00006,320.01.0008,IRS25702685,2025-02-02,250,0.25,111.1384,1,YERLİ,36.3667,Mal kabul,H,Kalite onaylı,764.0121,90,2025,2,5
H00006,320.01.0051,IRS25702686,2025-02-24,500,0.5,110.3171,1,YERLİ,36.3667,Numune kabul,E,,1516.7323,60,2025,2,9
H00005,320.01.0051,IRS25702687,2025-03-11,5000,5,57.4923,1,YERLİ,37.1333,İthalat dosyası,H,Şartlı kabul,7741.34,90,2025,3,11
D00010,320.01.0026,IRS25702688,2025-04-03,2000,2000,235.1488,1,YERLİ,37.9,İthalat dosyası,H,,12408.9077,90,2025,4,14
H00003,320.01.0026,IRS25702690,2025-02-09,10000,10,82.7224,1,YERLİ,36.3667,İthalat dosyası,E,Şartlı kabul,22746.7436,0,2025,2,6
H00005,320.01.0001,IRS25702691,2025-03-05,500,0.5,59.5058,1,YERLİ,37.1333,İthalat dosyası,E,Şartlı kabul,801.2458,30,2025,3,10
D00002,320.01.0001,IRS25702692,2025-02-15,120,120,62.236,1,YERLİ,36.3667,Kısmi teslim,H,Kalite onaylı,205.3615,90,2025,2,7
H00002,320.01.0041,IRS25702693,2025-02-07,5000,5,21.7553,1,İTHAL,36.3667,Numune kabul,E,Şartlı kabul,2991.1017,45,2025,2,6
D00007,320.01.0003,IRS25702694,2025-02-04,250,250,76.2473,1,İTHAL,36.3667,Mal kabul,H,,524.156,45,2025,2,6
H00010,320.01.0003,IRS25702695,2025-01-20,10000,10,23.4149,1,İTHAL,35.6,Kısmi teslim,H,Kalite onaylı,6577.2191,0,2025,1,4
D00009,320.01.0019,IRS25702696,2025-02-18,500,500,231.9649,1,YERLİ,36.3667,İthalat dosyası,E,Kalite onaylı,3189.2487,90,2025,2,8
D00002,320.01.0019,IRS25702697,2025-03-09,120,120,73.8401,1,YERLİ,37.1333,Sevk irsaliyesi,H,Şartlı kabul,238.6217,0,2025,3,10
H00014,320.01.0001,IRS25702698,2025-02-28,1000,1,39.8485,1,YERLİ,36.3667,Kısmi teslim,E,Şartlı kabul,1095.7414,30,2025,2,9
H00007,320.01.0043,IRS25702700,2025-03-14,5000,5,50.4472,1,İTHAL,37.1333,Numune kabul,H,,6792.717,45,2025,3,11
D00004,320.01.0043,IRS25702701,2025-04-06,10000,10000,69.2463,1,İTHAL,37.9,Numune kabul,H,Şartlı kabul,18270.7916,30,2025,4,14
D00006,320.01.0005,IRS25702702,2025-01-18,5000,5000,356.8672,1,YERLİ,35.6,Sevk irsaliyesi,H,Kalite onaylı,50121.7978,60,2025,1,3
H00010,320.01.0002,IRS25702703,2025-02-12,2000,2,25.8034,1,YERLİ,36.3667,Numune kabul,H,,1419.0674,0,2025,2,7
H00015,320.01.0002,IRS25702704,2025-01-21,500,0.5,39.1848,1,YERLİ,35.6,Sevk irsaliyesi,E,,550.3483,90,2025,1,4
H00013,320.01.0013,IRS25702706,2025-03-05,500,500,110.6264,1,YERLİ,37.1333,Sevk irsaliyesi,E,,1489.5848,45,2025,3,10
H00010,320.01.0008,IRS25702708,2025-03-04,1000,1,21.6982,1,YERLİ,37.1333,Sevk irsaliyesi,H,Şartlı kabul,584.3327,45,2025,3,10
H00012,320.01.0013,IRS25702709,2025-02-24,125,125,30.9824,1,YERLİ,36.3667,Mal kabul,E,,106.493,30,2025,2,9
H00008,320.01.0005,IRS25702710,2025-02-13,10000,10,64.2642,1,YERLİ,36.3667,Numune kabul,H,Kalite onaylı,17671.1662,0,2025,2,7
H00007,320.01.0005,IRS25702711,2025-02-23,250,0.25,52.7838,1,YERLİ,36.3667,Numune kabul,H,Kalite onaylı,362.8581,60,2025,2,8
D00011,320.01.0002,IRS25702712,2025-04-07,120,120,9.8459,1,YERLİ,37.9,Mal kabul,H,,31.1744,30,2025,4,15
H00009,320.01.0002,IRS25702713,2025-03-06,120,0.12,86.225,1,YERLİ,37.1333,Numune kabul,E,Şartlı kabul,278.6448,60,2025,3,10
H00014,320.01.0024,IRS25702714,2025-01-29,2000,2,38.9988,1,YERLİ,35.6,Sevk irsaliyesi,E,,2190.9438,45,2025,1,5
H00010,320.01.0024,IRS25702715,2025-02-03,500,0.5,23.1433,1,YERLİ,36.3667,Kısmi teslim,H,Şartlı kabul,318.1936,90,2025,2,6
D00011,320.01.0024,IRS25702716,2025-03-15,120,120,9.526,1,YERLİ,37.1333,Kısmi teslim,E,,30.7842,60,2025,3,11
D00011,320.01.0036,IRS25702717,2025-03-08,2000,2000,9.7344,1,YERLİ,37.1333,İthalat dosyası,E,Şartlı kabul,524.2949,60,2025,3,10
H00006,320.01.0049,IRS25702718,2025-04-21,2000,2,125.6011,1,YERLİ,37.9,Sevk irsaliyesi,H,,6628.0264,45,2025,4,17
H00010,320.01.0042,IRS25702719,2025-02-01,10000,10,26.508,1,YERLİ,36.3667,Sevk irsaliyesi,E,Şartlı kabul,7289.0859,30,2025,2,5
D00010,320.01.0026,IRS25702720,2025-02-08,1000,1000,197.8401,1,YERLİ,36.3667,Sevk irsaliyesi,H,,5440.1444,45,2025,2,6
H00012,320.01.0026,IRS25702721,2025-02-10,5000,5000,31.4018,1,YERLİ,36.3667,Kısmi teslim,E,Şartlı kabul,4317.3838,90,2025,2,7
D00010,320.01.0014,IRS25702722,2025-01-28,2500,2500,201.502,1,YERLİ,35.6,İthalat dosyası,H,,14150.4213,90,2025,1,5
H00006,320.01.0005,IRS25702723,2025-03-22,2000,2,117.9691,1,YERLİ,37.1333,Sevk irsaliyesi,H,Şartlı kabul,6353.8172,45,2025,3,12
D00002,320.01.0005,IRS25702724,2025-01-31,250,250,72.363,1,YERLİ,35.6,Numune kabul,E,Kalite onaylı,508.1671,30,2025,1,5
H00004,320.01.0002,IRS25702725,2025-02-11,1000,1,75.4362,1,YERLİ,36.3667,Mal kabul,E,Şartlı kabul,2074.3207,45,2025,2,7
H00001,320.01.0002,IRS25702726,2025-02-17,500,0.5,56.6665,1,YERLİ,36.3667,Kısmi teslim,H,,779.0987,90,2025,2,8
H00008,320.01.0002,IRS25702727,2025-01-31,1000,1,75.4671,1,YERLİ,35.6,Numune kabul,E,Şartlı kabul,2119.8624,60,2025,1,5
D00009,320.01.0007,IRS25702728,2025-02-03,500,500,278.942,1,YERLİ,36.3667,Numune kabul,E,Şartlı kabul,3835.1294,30,2025,2,6
H00011,320.01.0007,IRS25702729,2025-02-10,500,0.5,37.4146,1,YERLİ,36.3667,Mal kabul,E,Kalite onaylı,514.4074,45,2025,2,7
H00014,320.01.0021,IRS25702730,2025-01-27,120,0.12,39.7788,1,YERLİ,35.6,Kısmi teslim,E,Şartlı kabul,134.0858,0,2025,1,5
D00005,320.01.0021,IRS25702731,2025-01-28,1000,1000,277.1499,1,YERLİ,35.6,İthalat dosyası,E,Şartlı kabul,7785.1096,0,2025,1,5
D00012,320.01.0021,IRS25702732,2025-02-02,250,250,152.2987,1,YERLİ,36.3667,İthalat dosyası,H,Kalite onaylı,1046.9654,45,2025,2,5
H00011,320.01.0036,IRS25702733,2025-03-26,250,0.25,44.09,1,YERLİ,37.1333,İthalat dosyası,E,,296.836,90,2025,3,13
D00003,320.01.0001,IRS25702734,2025-02-12,5000,5000,283.2541,1,YERLİ,36.3667,Sevk irsaliyesi,H,Kalite onaylı,38944.1577,0,2025,2,7
H00002,320.01.0007,IRS25702735,2025-04-20,1000,1,20.9913,1,YERLİ,37.9,İthalat dosyası,E,Şartlı kabul,553.8602,90,2025,4,16
D00003,320.01.0025,IRS25702736,2025-03-28,120,120,321.0122,1,İTHAL,37.1333,Mal kabul,H,Kalite onaylı,1037.3833,90,2025,3,13
H00005,320.01.0025,IRS25702737,2025-03-02,500,0.5,56.7553,1,İTHAL,37.1333,Sevk irsaliyesi,E,,764.2103,45,2025,3,9
D00011,320.01.0010,IRS25702738,2025-01-30,5000,5000,10.819,1,YERLİ,35.6,Kısmi teslim,E,Kalite onaylı,1519.5225,30,2025,1,5
H00004,320.01.0010,IRS25702739,2025-01-27,5000,5,76.1933,1,YERLİ,35.6,Kısmi teslim,H,Şartlı kabul,10701.3062,45,2025,1,5
H00012,320.01.0010,IRS25702740,2025-02-20,1000,1000,34.3636,1,YERLİ,36.3667,Sevk irsaliyesi,H,,944.9194,60,2025,2,8
D00006,320.01.0033,IRS25702741,2025-02-28,1000,1000,347.7849,1,YERLİ,36.3667,Mal kabul,E,Şartlı kabul,9563.279,0,2025,2,9
H00003,320.01.0033,IRS25702742,2025-03-14,250,0.25,88.3908,1,YERLİ,37.1333,Kısmi teslim,E,,595.0912,90,2025,3,11
D00007,320.01.0018,IRS25702743,2025-02-28,1000,1000,84.8148,1,YERLİ,36.3667,İthalat dosyası,E,,2332.2105,90,2025,2,9
H00013,320.01.0018,IRS25702744,2025-02-08,5000,5000,104.7041,1,YERLİ,36.3667,Mal kabul,H,Kalite onaylı,14395.6009,90,2025,2,6
D00009,320.01.0018,IRS25702745,2025-02-13,250,250,246.7946,1,YERLİ,36.3667,Mal kabul,H,Şartlı kabul,1696.5699,90,2025,2,7
D00011,320.01.0011,IRS25702746,2025-04-20,2000,2000,10.6915,1,YERLİ,37.9,Numune kabul,H,,564.1953,90,2025,4,16
D00009,320.01.0001,IRS25702747,2025-02-02,250,250,249.3564,1,YERLİ,36.3667,Mal kabul,H,,1714.1808,90,2025,2,5
H00004,320.01.0001,IRS25702748,2025-02-13,1000,1,86.2153,1,YERLİ,36.3667,Kısmi teslim,E,Kalite onaylı,2370.721,0,2025,2,7
H00011,320.01.0018,IRS25702749,2025-03-09,500,0.5,38.1587,1,YERLİ,37.1333,İthalat dosyası,H,Şartlı kabul,513.807,0,2025,3,10
D00004,320.01.0047,IRS25702750,2025-03-07,500,500,73.0201,1,YERLİ,37.1333,Sevk irsaliyesi,H,,983.2159,0,2025,3,10
D00008,320.01.0047,IRS25702751,2025-04-25,120,120,315.8452,1,YERLİ,37.9,Numune kabul,E,Kalite onaylı,1000.0376,30,2025,4,17
H00010,320.01.0047,IRS25702752,2025-04-02,5000,5,23.3779,1,YERLİ,37.9,Kısmi teslim,E,Kalite onaylı,3084.1557,45,2025,4,14
H00011,320.01.0005,IRS25702754,2025-02-19,10000,10,37.4458,1,YERLİ,36.3667,Sevk irsaliyesi,H,Şartlı kabul,10296.7275,30,2025,2,8
D00005,320.01.0043,IRS25702755,2025-03-23,10000,10000,315.3337,1,İTHAL,37.1333,Kısmi teslim,E,Şartlı kabul,84919.385,60,2025,3,12
D00001,320.01.0010,IRS25702756,2025-03-22,5000,5000,39.9329,1,YERLİ,37.1333,Numune kabul,H,Kalite onaylı,5376.9662,45,2025,3,12
H00005,320.01.0005,IRS25702757,2025-04-27,2000,2,57.959,1,YERLİ,37.9,Mal kabul,H,Kalite onaylı,3058.5224,45,2025,4,17
D00006,320.01.0009,IRS25702758,2025-02-04,1000,1000,333.591,1,YERLİ,36.3667,Mal kabul,H,Kalite onaylı,9172.9797,0,2025,2,6
D00005,320.01.0009,IRS25702759,2025-04-03,250,250,322.357,1,YERLİ,37.9,Numune kabul,H,Şartlı kabul,2126.3654,0,2025,4,14
D00006,320.01.0009,IRS25702760,2025-02-09,1000,1000,350.5774,1,YERLİ,36.3667,Kısmi teslim,H,Kalite onaylı,9640.0663,30,2025,2,6
H00016,320.01.0002,IRS25702761,2025-04-01,2000,2000,86.1139,1,YERLİ,37.9,İthalat dosyası,H,Kalite onaylı,4544.2691,90,2025,4,14
H00015,320.01.0002,IRS25702762,2025-03-11,10000,10,45.9386,1,YERLİ,37.1333,Kısmi teslim,E,Kalite onaylı,12371.2678,0,2025,3,11
H00012,320.01.0044,IRS25702763,2025-03-03,1000,1000,30.6473,1,YERLİ,37.1333,Mal kabul,E,Kalite onaylı,825.332,0,2025,3,10
H00009,320.01.0012,IRS25702765,2025-03-09,10000,10,89.8948,1,YERLİ,37.1333,Sevk irsaliyesi,E,Kalite onaylı,24208.6752,45,2025,3,10
H00003,320.01.0012,IRS25702766,2025-04-28,120,0.12,71.1775,1,YERLİ,37.9,Sevk irsaliyesi,H,Şartlı kabul,225.3641,45,2025,4,18
H00011,320.01.0054,IRS25702767,2025-03-20,10000,10,40.6173,1,YERLİ,37.1333,Mal kabul,E,Kalite onaylı,10938.2414,45,2025,3,12
H00006,320.01.0054,IRS25702768,2025-03-24,1000,1,123.5138,1,YERLİ,37.1333,Kısmi teslim,E,Kalite onaylı,3326.2274,90,2025,3,13
D00004,320.01.0054,IRS25702769,2025-03-01,120,120,84.9138,1,YERLİ,37.1333,Numune kabul,E,Kalite onaylı,274.4075,30,2025,3,9
H00007,320.01.0001,IRS25702770,2025-02-13,5000,5,43.4896,1,YERLİ,36.3667,Kısmi teslim,E,,5979.3162,0,2025,2,7
H00009,320.01.0024,IRS25702771,2025-02-10,1000,1,82.3279,1,YERLİ,36.3667,Numune kabul,E,,2263.8265,90,2025,2,7
D00002,320.01.0006,IRS25702772,2025-04-25,250,250,61.1691,1,YERLİ,37.9,Numune kabul,E,Şartlı kabul,403.4901,90,2025,4,17
D00008,320.01.0042,IRS25702773,2025-05-02,1000,1000,356.3487,1,YERLİ,38.6667,İthalat dosyası,E,Şartlı kabul,9215.9067,45,2025,5,18
D00001,320.01.0042,IRS25702774,2025-04-28,1000,1000,40.2451,1,YERLİ,37.9,Mal kabul,H,Kalite onaylı,1061.876,30,2025,4,18
H00006,320.01.0007,IRS25702775,2025-02-14,1000,1,115.5016,1,YERLİ,36.3667,Kısmi teslim,H,Şartlı kabul,3176.0264,60,2025,2,7
H00009,320.01.0007,IRS25702776,2025-03-17,120,0.12,90.9934,1,YERLİ,37.1333,Mal kabul,H,Şartlı kabul,294.0543,0,2025,3,12
H00002,320.01.0053,IRS25702777,2025-05-10,5000,5,24.656,1,İTHAL,38.6667,Numune kabul,H,,3188.2731,45,2025,5,19
D00005,320.01.0026,IRS25702778,2025-02-16,500,500,314.579,1,YERLİ,36.3667,İthalat dosyası,E,Şartlı kabul,4325.0969,90,2025,2,7
D00005,320.01.0004,IRS25702779,2025-03-13,120,120,308.1351,1,YERLİ,37.1333,Numune kabul,H,,995.7696,60,2025,3,11
D00012,320.01.0004,IRS25702780,2025-03-07,5000,5000,133.7907,1,YERLİ,37.1333,İthalat dosyası,H,Kalite onaylı,18014.9219,45,2025,3,10
D00005,320.01.0001,IRS25702781,2025-02-12,2000,2000,305.2898,1,YERLİ,36.3667,İthalat dosyası,H,Şartlı kabul,16789.5245,60,2025,2,7
D00006,320.01.0001,IRS25702782,2025-02-23,5000,5000,321.0189,1,YERLİ,36.3667,Kısmi teslim,E,Şartlı kabul,44136.3803,90,2025,2,8
D00007,320.01.0011,IRS25702783,2025-05-05,1000,1000,93.498,1,YERLİ,38.6667,Kısmi teslim,H,Kalite onaylı,2418.0496,45,2025,5,19
H00013,320.01.0014,IRS25702785,2025-04-03,120,120,107.7081,1,YERLİ,37.9,Kısmi teslim,E,,341.0283,30,2025,4,14
H00004,320.01.0014,IRS25702786,2025-04-04,120,0.12,86.4128,1,YERLİ,37.9,İthalat dosyası,H,,273.6025,90,2025,4,14
H00007,320.01.0014,IRS25702787,2025-03-02,500,0.5,44.8521,1,YERLİ,37.1333,Mal kabul,E,Kalite onaylı,603.9337,60,2025,3,9
H00016,320.01.0011,IRS25702788,2025-02-12,120,120,93.2239,1,YERLİ,36.3667,Mal kabul,H,Şartlı kabul,307.613,30,2025,2,7
H00007,320.01.0011,IRS25702789,2025-03-06,120,0.12,54.6348,1,YERLİ,37.1333,İthalat dosyası,H,Şartlı kabul,176.5579,45,2025,3,10
D00003,320.01.0011,IRS25702790,2025-03-19,250,250,316.3644,1,YERLİ,37.1333,Mal kabul,H,,2129.9238,45,2025,3,12
H00008,320.01.0039,IRS25702791,2025-04-01,1000,1,65.2097,1,YERLİ,37.9,İthalat dosyası,H,Şartlı kabul,1720.5726,0,2025,4,14
D00011,320.01.0008,IRS25702792,2025-02-28,120,120,10.8536,1,YERLİ,36.3667,Mal kabul,H,Kalite onaylı,35.8139,0,2025,2,9
H00004,320.01.0003,IRS25702793,2025-03-07,250,0.25,77.73,1,İTHAL,37.1333,Sevk irsaliyesi,H,Kalite onaylı,523.3173,45,2025,3,10
D00005,320.01.0003,IRS25702794,2025-03-10,250,250,335.4326,1,İTHAL,37.1333,Kısmi teslim,H,,2258.3005,30,2025,3,11
D00004,320.01.0018,IRS25702795,2025-02-23,250,250,85.2508,1,YERLİ,36.3667,Mal kabul,H,,586.0499,60,2025,2,8
H00016,320.01.0009,IRS25702796,2025-05-03,500,500,89.518,1,YERLİ,38.6667,Sevk irsaliyesi,H,,1157.5593,90,2025,5,18
D00002,320.01.0009,IRS25702797,2025-02-17,1000,1000,64.4536,1,YERLİ,36.3667,Kısmi teslim,E,Şartlı kabul,1772.3247,0,2025,2,8
D00001,320.01.0006,IRS25702798,2025-04-02,120,120,43.6005,1,YERLİ,37.9,İthalat dosyası,E,,138.0491,90,2025,4,14
H00010,320.01.0006,IRS25702799,2025-03-03,5000,5,25.0591,1,YERLİ,37.1333,İthalat dosyası,H,Kalite onaylı,3374.2086,0,2025,3,10
H00003,320.01.0047,IRS25702800,2025-03-23,250,0.25,78.5456,1,YERLİ,37.1333,Numune kabul,E,Şartlı kabul,528.8084,0,2025,3,12
H00004,320.01.0047,IRS25702801,2025-03-07,2000,2,69.8401,1,YERLİ,37.1333,İthalat dosyası,H,Kalite onaylı,3761.5887,30,2025,3,10
D00007,320.01.0001,IRS25702803,2025-02-17,10000,10000,81.6445,1,YERLİ,36.3667,Numune kabul,E,Kalite onaylı,22450.3461,30,2025,2,8
D00009,320.01.0001,IRS25702804,2025-03-17,1000,1000,239.1521,1,YERLİ,37.1333,İthalat dosyası,H,Şartlı kabul,6440.3675,30,2025,3,12
H00011,320.01.0001,IRS25702805,2025-03-15,1000,1,43.4269,1,YERLİ,37.1333,Numune kabul,E,Kalite onaylı,1169.4867,0,2025,3,11
H00016,320.01.0037,IRS25702806,2025-03-14,500,500,94.1599,1,İTHAL,37.1333,Kısmi teslim,E,Kalite onaylı,1267.8633,90,2025,3,11
D00008,320.01.0037,IRS25702807,2025-03-01,5000,5000,367.2221,1,İTHAL,37.1333,Mal kabul,E,Kalite onaylı,49446.4672,90,2025,3,9
D00006,320.01.0019,IRS25702808,2025-04-15,500,500,364.065,1,YERLİ,37.9,Kısmi teslim,E,Kalite onaylı,4802.9683,90,2025,4,16
H00009,320.01.0019,IRS25702809,2025-02-25,2000,2,79.781,1,YERLİ,36.3667,Sevk irsaliyesi,E,Kalite onaylı,4387.5853,90,2025,2,9
H00006,320.01.0001,IRS25702810,2025-03-08,1000,1,105.2855,1,YERLİ,37.1333,Mal kabul,H,Kalite onaylı,2835.3392,0,2025,3,10
H00002,320.01.0010,IRS25702811,2025-02-19,120,0.12,20.8079,1,YERLİ,36.3667,Mal kabul,E,Şartlı kabul,68.6603,60,2025,2,8
H00007,320.01.0010,IRS25702812,2025-05-14,5000,5,51.0321,1,YERLİ,38.6667,Numune kabul,E,Şartlı kabul,6598.9728,60,2025,5,20
H00012,320.01.0022,IRS25702813,2025-05-11,5000,5000,32.937,1,YERLİ,38.6667,Numune kabul,H,Kalite onaylı,4259.0912,30,2025,5,19
H00016,320.01.0022,IRS25702814,2025-03-13,5000,5000,88.8732,1,YERLİ,37.1333,Sevk irsaliyesi,E,Kalite onaylı,11966.7791,0,2025,3,11
H00011,320.01.0024,IRS25702815,2025-04-08,10000,10,41.3355,1,YERLİ,37.9,Mal kabul,E,Kalite onaylı,10906.4644,30,2025,4,15
H00008,320.01.0024,IRS25702816,2025-04-11,120,0.12,68.7766,1,YERLİ,37.9,Sevk irsaliyesi,H,Şartlı kabul,217.7623,90,2025,4,15
D00006,320.01.0048,IRS25702817,2025-03-01,5000,5000,377.0081,1,YERLİ,37.1333,İthalat dosyası,E,Şartlı kabul,50764.1524,45,2025,3,9
H00001,320.01.0048,IRS25702818,2025-03-09,120,0.12,57.6538,1,YERLİ,37.1333,Kısmi teslim,E,Şartlı kabul,186.3141,90,2025,3,10
H00014,320.01.0006,IRS25702819,2025-02-18,2000,2,36.3374,1,YERLİ,36.3667,Mal kabul,H,Kalite onaylı,1998.3886,90,2025,2,8
H00007,320.01.0006,IRS25702820,2025-04-19,500,0.5,47.4005,1,YERLİ,37.9,İthalat dosyası,E,Kalite onaylı,625.3364,60,2025,4,16
D00005,320.01.0028,IRS25702821,2025-04-14,10000,10000,334.9449,1,YERLİ,37.9,Kısmi teslim,E,,88375.9631,45,2025,4,16
H00014,320.01.0028,IRS25702822,2025-05-11,5000,5,40.9176,1,YERLİ,38.6667,Kısmi teslim,H,,5291.0644,0,2025,5,19
H00014,320.01.0054,IRS25702823,2025-02-23,5000,5,40.1609,1,YERLİ,36.3667,İthalat dosyası,H,,5521.6586,30,2025,2,8
H00013,320.01.0001,IRS25702824,2025-02-27,120,120,97.3856,1,YERLİ,36.3667,Kısmi teslim,H,Kalite onaylı,321.3454,60,2025,2,9
H00010,320.01.0001,IRS25702825,2025-04-11,250,0.25,24.4582,1,YERLİ,37.9,Sevk irsaliyesi,E,Şartlı kabul,161.3338,60,2025,4,15
H00015,320.01.0001,IRS25702826,2025-04-07,5000,5,39.623,1,YERLİ,37.9,Numune kabul,E,Şartlı kabul,5227.3087,90,2025,4,15
H00001,320.01.0054,IRS25702827,2025-04-14,1000,1,58.0685,1,YERLİ,37.9,Sevk irsaliyesi,H,Şartlı kabul,1532.1504,0,2025,4,16
D00009,320.01.0026,IRS25702828,2025-04-04,10000,10000,268.5726,1,YERLİ,37.9,Mal kabul,H,Şartlı kabul,70863.4828,0,2025,4,14
H00003,320.01.0026,IRS25702829,2025-02-27,250,0.25,85.0703,1,YERLİ,36.3667,Mal kabul,E,Kalite onaylı,584.809,90,2025,2,9
H00004,320.01.0001,IRS25702830,2025-05-24,5000,5,77.4233,1,YERLİ,38.6667,Kısmi teslim,H,,10011.625,90,2025,5,21
D00001,320.01.0001,IRS25702831,2025-04-11,1000,1000,38.76,1,YERLİ,37.9,İthalat dosyası,E,,1022.6913,30,2025,4,15
H00005,320.01.0004,IRS25702832,2025-04-20,250,0.25,58.6972,1,YERLİ,37.9,Mal kabul,E,Kalite onaylı,387.1847,30,2025,4,16
H00007,320.01.0003,IRS25702833,2025-05-12,5000,5,53.8539,1,İTHAL,38.6667,Kısmi teslim,E,Kalite onaylı,6963.8604,45,2025,5,20
D00003,320.01.0003,IRS25702834,2025-02-23,250,250,302.2234,1,İTHAL,36.3667,Sevk irsaliyesi,E,Şartlı kabul,2077.6108,30,2025,2,8
D00004,320.01.0003,IRS25702835,2025-03-02,2000,2000,72.0048,1,İTHAL,37.1333,Numune kabul,H,Şartlı kabul,3878.1794,0,2025,3,9
H00002,320.01.0010,IRS25702836,2025-03-13,2000,2,24.007,1,YERLİ,37.1333,Sevk irsaliyesi,E,,1293.0173,45,2025,3,11
H00001,320.01.0034,IRS25702837,2025-03-26,10000,10,53.3243,1,YERLİ,37.1333,Kısmi teslim,H,,14360.2373,60,2025,3,13
H00010,320.01.0034,IRS25702838,2025-03-05,1000,1,26.3724,1,YERLİ,37.1333,Numune kabul,H,Şartlı kabul,710.2089,45,2025,3,10
H00010,320.01.0002,IRS25702839,2025-05-15,10000,10,28.0904,1,YERLİ,38.6667,Sevk irsaliyesi,E,,7264.7524,0,2025,5,20
H00011,320.01.0002,IRS25702840,2025-03-13,2000,2,44.0468,1,YERLİ,37.1333,Mal kabul,E,,2372.3612,45,2025,3,11
H00015,320.01.0002,IRS25702841,2025-04-12,1000,1,44.7332,1,YERLİ,37.9,Mal kabul,H,,1180.2955,0,2025,4,15
H00012,320.01.0008,IRS25702842,2025-03-03,250,250,34.148,1,YERLİ,37.1333,Numune kabul,H,Şartlı kabul,229.9015,60,2025,3,10
D00007,320.01.0002,IRS25702843,2025-02-27,1000,1000,90.0806,1,YERLİ,36.3667,İthalat dosyası,E,Kalite onaylı,2477.0078,60,2025,2,9
H00008,320.01.0002,IRS25702844,2025-04-05,120,0.12,74.9321,1,YERLİ,37.9,İthalat dosyası,E,Şartlı kabul,237.252,90,2025,4,14
D00003,320.01.0002,IRS25702845,2025-03-18,2000,2000,360.4756,1,YERLİ,37.1333,İthalat dosyası,H,,19415.2203,45,2025,3,12
D00005,320.01.0009,IRS25702846,2025-03-10,500,500,274.651,1,YERLİ,37.1333,İthalat dosyası,H,,3698.1766,45,2025,3,11
D00007,320.01.0013,IRS25702847,2025-03-21,250,250,90.1701,1,YERLİ,37.1333,Kısmi teslim,H,Şartlı kabul,607.0703,90,2025,3,12
D00001,320.01.0013,IRS25702848,2025-03-04,250,250,44.095,1,YERLİ,37.1333,İthalat dosyası,H,Kalite onaylı,296.8697,60,2025,3,10
D00003,320.01.0005,IRS25702849,2025-03-21,250,250,296.3163,1,YERLİ,37.1333,Kısmi teslim,E,Kalite onaylı,1994.95,30,2025,3,12
D00001,320.01.0005,IRS25702850,2025-03-09,120,120,38.0834,1,YERLİ,37.1333,Mal kabul,E,Kalite onaylı,123.0703,90,2025,3,10
H00008,320.01.0010,IRS25702851,2025-03-03,5000,5,70.7415,1,YERLİ,37.1333,Numune kabul,H,Kalite onaylı,9525.3452,0,2025,3,10
D00008,320.01.0016,IRS25702852,2025-05-17,1000,1000,370.8953,1,YERLİ,38.6667,İthalat dosyası,H,Kalite onaylı,9592.1116,0,2025,5,20
H00012,320.01.0012,IRS25702853,2025-03-01,10000,10000,34.0638,1,YERLİ,37.1333,İthalat dosyası,H,Şartlı kabul,9173.3835,30,2025,3,9
D00008,320.01.0012,IRS25702854,2025-03-03,250,250,363.2098,1,YERLİ,37.1333,İthalat dosyası,E,Şartlı kabul,2445.3105,90,2025,3,10
H00010,320.01.0003,IRS25702855,2025-02-27,250,0.25,22.3128,1,İTHAL,36.3667,Sevk irsaliyesi,H,Kalite onaylı,153.3876,45,2025,2,9
H00012,320.01.0003,IRS25702856,2025-04-30,5000,5000,32.9754,1,İTHAL,37.9,Sevk irsaliyesi,H,Kalite onaylı,4350.3166,0,2025,4,18
D00002,320.01.0003,IRS25702857,2025-06-01,5000,5000,69.4183,1,İTHAL,39.4333,Kısmi teslim,H,Kalite onaylı,8801.9897,90,2025,6,22
H00001,320.01.0034,IRS25702858,2025-03-03,1000,1,61.3628,1,YERLİ,37.1333,İthalat dosyası,E,,1652.5006,30,2025,3,10
H00006,320.01.0034,IRS25702859,2025-05-28,5000,5,123.2941,1,YERLİ,38.6667,Numune kabul,H,Şartlı kabul,15943.1888,60,2025,5,22
D00006,320.01.0034,IRS25702860,2025-04-12,2000,2000,326.4493,1,YERLİ,37.9,Sevk irsaliyesi,E,,17226.876,30,2025,4,15
H00010,320.01.0013,IRS25702862,2025-05-29,10000,10,22.9674,1,YERLİ,38.6667,Sevk irsaliyesi,H,Kalite onaylı,5939.8397,0,2025,5,22
H00006,320.01.0002,IRS25702863,2025-03-24,1000,1,132.8777,1,YERLİ,37.1333,Sevk irsaliyesi,E,,3578.3973,90,2025,3,13
D00011,320.01.0002,IRS25702864,2025-03-25,2000,2000,10.058,1,YERLİ,37.1333,Sevk irsaliyesi,H,Kalite onaylı,541.724,60,2025,3,13
D00011,320.01.0004,IRS25702865,2025-03-11,10000,10000,9.103,1,YERLİ,37.1333,İthalat dosyası,H,,2451.4385,0,2025,3,11
H00012,320.01.0004,IRS25702866,2025-03-20,500,500,31.8523,1,YERLİ,37.1333,Sevk irsaliyesi,E,Şartlı kabul,428.8913,30,2025,3,12
H00003,320.01.0002,IRS25702867,2025-03-16,2000,2,74.6591,1,YERLİ,37.1333,Numune kabul,H,Kalite onaylı,4021.1401,30,2025,3,11
D00001,320.01.0001,IRS25702868,2025-04-16,2000,2000,45.1646,1,YERLİ,37.9,İthalat dosyası,H,Şartlı kabul,2383.3562,0,2025,4,16
H00004,320.01.0001,IRS25702869,2025-03-10,1000,1,83.3833,1,YERLİ,37.1333,İthalat dosyası,E,Kalite onaylı,2245.5128,60,2025,3,11
D00011,320.01.0001,IRS25702870,2025-03-14,250,250,11.5279,1,YERLİ,37.1333,Kısmi teslim,H,Kalite onaylı,77.6116,30,2025,3,11
D00007,320.01.0001,IRS25702871,2025-03-01,500,500,81.6646,1,YERLİ,37.1333,Mal kabul,H,Şartlı kabul,1099.6141,60,2025,3,9
H00005,320.01.0001,IRS25702872,2025-03-05,120,0.12,52.9984,1,YERLİ,37.1333,Numune kabul,E,Kalite onaylı,171.2697,60,2025,3,10
D00005,320.01.0010,IRS25702873,2025-03-23,500,500,347.11,1,YERLİ,37.1333,İthalat dosyası,H,Kalite onaylı,4673.8372,45,2025,3,12
D00007,320.01.0003,IRS25702874,2025-04-29,120,120,98.1637,1,İTHAL,37.9,Kısmi teslim,E,,310.8085,45,2025,4,18
D00007,320.01.0002,IRS25702875,2025-05-19,250,250,87.2962,1,YERLİ,38.6667,Sevk irsaliyesi,H,Kalite onaylı,564.4146,90,2025,5,21
D00009,320.01.0027,IRS25702876,2025-06-05,120,120,244.8352,1,YERLİ,39.4333,Sevk irsaliyesi,H,,745.0613,60,2025,6,23
D00001,320.01.0027,IRS25702877,2025-04-18,2000,2000,44.8566,1,YERLİ,37.9,Mal kabul,E,Şartlı kabul,2367.1029,90,2025,4,16
H00003,320.01.0027,IRS25702878,2025-04-21,2000,2,91.8269,1,YERLİ,37.9,Mal kabul,E,,4845.7467,0,2025,4,17
D00002,320.01.0002,IRS25702879,2025-03-13,2000,2000,61.8464,1,YERLİ,37.1333,Sevk irsaliyesi,E,Şartlı kabul,3331.0479,45,2025,3,11
H00008,320.01.0002,IRS25702880,2025-03-17,120,0.12,77.2625,1,YERLİ,37.1333,Numune kabul,E,,249.6816,60,2025,3,12
D00003,320.01.0002,IRS25702881,2025-04-08,120,120,293.852,1,YERLİ,37.9,İthalat dosyası,E,Şartlı kabul,930.4021,30,2025,4,15
H00013,320.01.0001,IRS25702882,2025-05-08,10000,10000,95.3437,1,YERLİ,38.6667,Kısmi teslim,H,Şartlı kabul,24657.8322,60,2025,5,19
D00011,320.01.0005,IRS25702883,2025-05-24,5000,5000,11.5611,1,YERLİ,38.6667,Mal kabul,E,,1494.9685,60,2025,5,21
H00005,320.01.0005,IRS25702884,2025-03-20,250,0.25,54.605,1,YERLİ,37.1333,Mal kabul,H,Kalite onaylı,367.6282,30,2025,3,12
D00012,320.01.0027,IRS25702885,2025-05-29,250,250,154.0365,1,YERLİ,38.6667,Numune kabul,H,Şartlı kabul,995.9248,0,2025,5,22
D00005,320.01.0027,IRS25702886,2025-04-14,1000,1000,298.6774,1,YERLİ,37.9,İthalat dosyası,H,Şartlı kabul,7880.6702,0,2025,4,16
D00012,320.01.0019,IRS25702887,2025-03-06,5000,5000,138.7554,1,YERLİ,37.1333,Mal kabul,E,Şartlı kabul,18683.4189,45,2025,3,10
D00008,320.01.0019,IRS25702888,2025-03-24,120,120,345.1846,1,YERLİ,37.1333,Sevk irsaliyesi,H,Kalite onaylı,1115.4988,60,2025,3,13
H00015,320.01.0019,IRS25702889,2025-03-28,10000,10,46.1142,1,YERLİ,37.1333,Sevk irsaliyesi,H,,12418.5569,60,2025,3,13
D00001,320.01.0001,IRS25702890,2025-03-17,500,500,40.478,1,YERLİ,37.1333,İthalat dosyası,E,Kalite onaylı,545.0364,30,2025,3,12
H00012,320.01.0001,IRS25702891,2025-06-05,250,250,36.3357,1,YERLİ,39.4333,Numune kabul,H,Şartlı kabul,230.3618,60,2025,6,23
H00015,320.01.0001,IRS25702892,2025-03-16,2000,2,41.404,1,YERLİ,37.1333,Kısmi teslim,H,Şartlı kabul,2230.02,45,2025,3,11
D00002,320.01.0002,IRS25702893,2025-03-09,1000,1000,73.0934,1,YERLİ,37.1333,Numune kabul,H,,1968.4057,0,2025,3,10
D00001,320.01.0002,IRS25702894,2025-05-10,2000,2000,41.2155,1,YERLİ,38.6667,Mal kabul,E,Kalite onaylı,2131.8344,90,2025,5,19
H00014,320.01.0029,IRS25702895,2025-03-11,10000,10,34.2602,1,YERLİ,37.1333,Sevk irsaliyesi,E,,9226.274,45,2025,3,11
H00015,320.01.0029,IRS25702896,2025-05-10,500,0.5,44.7527,1,YERLİ,38.6667,İthalat dosyası,H,Şartlı kabul,578.6982,0,2025,5,19
D00003,320.01.0008,IRS25702897,2025-05-06,1000,1000,296.7519,1,YERLİ,38.6667,Mal kabul,E,Kalite onaylı,7674.6115,30,2025,5,19
H00015,320.01.0008,IRS25702898,2025-04-14,120,0.12,42.6606,1,YERLİ,37.9,Kısmi teslim,H,,135.0731,30,2025,4,16
H00010,320.01.0002,IRS25702899,2025-03-12,2000,2,23.4259,1,YERLİ,37.1333,Kısmi teslim,E,,1261.7193,0,2025,3,11
H00003,320.01.0010,IRS25702900,2025-05-30,120,0.12,92.2647,1,YERLİ,38.6667,Sevk irsaliyesi,E,Şartlı kabul,286.3385,0,2025,5,22
D00007,320.01.0010,IRS25702901,2025-06-07,250,250,91.5694,1,YERLİ,39.4333,İthalat dosyası,H,,580.5335,90,2025,6,23
H00009,320.01.0010,IRS25702902,2025-06-03,10000,10,81.3693,1,YERLİ,39.4333,Kısmi teslim,H,Kalite onaylı,20634.6666,90,2025,6,23
H00015,320.01.0010,IRS25702903,2025-05-01,250,0.25,49.8416,1,YERLİ,38.6667,Kısmi teslim,E,,322.2514,30,2025,5,18
D00005,320.01.0010,IRS25702904,2025-03-28,1000,1000,342.6624,1,YERLİ,37.1333,Numune kabul,H,,9227.9006,45,2025,3,13
H00014,320.01.0048,IRS25702905,2025-03-22,250,0.25,37.3973,1,YERLİ,37.1333,Mal kabul,E,Kalite onaylı,251.7774,30,2025,3,12
H00005,320.01.0003,IRS25702906,2025-04-05,5000,5,68.8098,1,İTHAL,37.9,Sevk irsaliyesi,E,,9077.81,0,2025,4,14
H00016,320.01.0003,IRS25702907,2025-03-26,120,120,105.1371,1,İTHAL,37.1333,Kısmi teslim,H,Kalite onaylı,339.7611,30,2025,3,13
H00008,320.01.0025,IRS25702908,2025-06-03,2000,2,61.803,1,İTHAL,39.4333,Numune kabul,H,Kalite onaylı,3134.5589,60,2025,6,23
H00004,320.01.0025,IRS25702909,2025-03-24,10000,10,82.0237,1,İTHAL,37.1333,Numune kabul,E,,22088.9875,60,2025,3,13
H00002,320.01.0025,IRS25702910,2025-05-06,5000,5,20.3611,1,İTHAL,38.6667,Numune kabul,E,Şartlı kabul,2632.8986,90,2025,5,19
H00003,320.01.0055,IRS25702911,2025-04-05,1000,1,94.4403,1,İTHAL,37.9,İthalat dosyası,E,Kalite onaylı,2491.8285,60,2025,4,14
H00014,320.01.0008,IRS25702912,2025-04-04,5000,5,36.4711,1,YERLİ,37.9,Mal kabul,E,,4811.4908,60,2025,4,14
D00005,320.01.0007,IRS25702913,2025-06-05,120,120,345.8988,1,YERLİ,39.4333,Kısmi teslim,H,,1052.6092,90,2025,6,23
D00010,320.01.0003,IRS25702914,2025-03-26,1000,1000,247.6584,1,İTHAL,37.1333,Kısmi teslim,H,Kalite onaylı,6669.4423,30,2025,3,13
D00011,320.01.0003,IRS25702915,2025-06-05,125,125,9.6449,1,İTHAL,39.4333,Sevk irsaliyesi,E,Kalite onaylı,30.5735,30,2025,6,23
H00006,320.01.0006,IRS25702916,2025-04-04,5000,5,135.6178,1,YERLİ,37.9,İthalat dosyası,E,,17891.5303,0,2025,4,14
D00009,320.01.0001,IRS25702917,2025-03-23,2000,2000,299.9766,1,YERLİ,37.1333,Kısmi teslim,H,Kalite onaylı,16156.7434,45,2025,3,12
H00008,320.01.0001,IRS25702918,2025-05-03,10000,10,77.3403,1,YERLİ,38.6667,Sevk irsaliyesi,H,Kalite onaylı,20001.7845,60,2025,5,18
D00002,320.01.0021,IRS25702919,2025-03-25,500,500,74.8746,1,YERLİ,37.1333,Kısmi teslim,H,Şartlı kabul,1008.1867,45,2025,3,13
D00004,320.01.0021,IRS25702920,2025-04-23,5000,5000,73.9121,1,YERLİ,37.9,Kısmi teslim,E,Kalite onaylı,9750.9367,45,2025,4,17
H00007,320.01.0021,IRS25702921,2025-03-29,5000,5,52.9988,1,YERLİ,37.1333,Sevk irsaliyesi,E,,7136.2901,0,2025,3,13
D00009,320.01.0011,IRS25702922,2025-06-15,2000,2000,285.4144,1,YERLİ,39.4333,Numune kabul,H,Şartlı kabul,14475.806,60,2025,6,24
D00006,320.01.0012,IRS25702923,2025-04-13,120,120,307.2785,1,YERLİ,37.9,Mal kabul,E,Şartlı kabul,972.9135,60,2025,4,15
H00012,320.01.0012,IRS25702924,2025-05-13,10000,10000,38.7805,1,YERLİ,38.6667,Numune kabul,H,Şartlı kabul,10029.431,45,2025,5,20
H00002,320.01.0012,IRS25702925,2025-04-07,120,0.12,22.5038,1,YERLİ,37.9,Mal kabul,E,Kalite onaylı,71.2521,30,2025,4,15
D00005,320.01.0013,IRS25702926,2025-04-06,10000,10000,316.1024,1,YERLİ,37.9,Sevk irsaliyesi,H,Kalite onaylı,83404.3272,0,2025,4,14
H00014,320.01.0013,IRS25702927,2025-04-02,1000,1,35.5762,1,YERLİ,37.9,Mal kabul,E,Kalite onaylı,938.686,45,2025,4,14
H00011,320.01.0002,IRS25702928,2025-04-10,500,0.5,44.1977,1,YERLİ,37.9,Numune kabul,H,Kalite onaylı,583.0831,0,2025,4,15
H00006,320.01.0021,IRS25702929,2025-03-29,500,0.5,132.0089,1,YERLİ,37.1333,Kısmi teslim,E,Şartlı kabul,1777.5002,30,2025,3,13
H00015,320.01.0021,IRS25702930,2025-04-25,10000,10,45.6874,1,YERLİ,37.9,Numune kabul,H,Kalite onaylı,12054.723,0,2025,4,17
H00011,320.01.0040,IRS25702931,2025-04-29,10000,10,41.3441,1,YERLİ,37.9,Sevk irsaliyesi,E,Kalite onaylı,10908.7335,45,2025,4,18
D00002,320.01.0040,IRS25702932,2025-05-03,500,500,75.0732,1,YERLİ,38.6667,Numune kabul,E,Şartlı kabul,970.7733,30,2025,5,18
H00014,320.01.0040,IRS25702933,2025-04-30,5000,5,43.7021,1,YERLİ,37.9,Numune kabul,E,Şartlı kabul,5765.4485,60,2025,4,18
D00003,320.01.0003,IRS25702934,2025-05-16,2000,2000,341.0674,1,İTHAL,38.6667,Numune kabul,E,Şartlı kabul,17641.402,30,2025,5,20
H00006,320.01.0003,IRS25702935,2025-04-30,500,0.5,134.3671,1,İTHAL,37.9,Mal kabul,E,,1772.653,0,2025,4,18
H00005,320.01.0012,IRS25702936,2025-04-27,250,0.25,53.999,1,YERLİ,37.9,Numune kabul,E,Şartlı kabul,356.1939,60,2025,4,17
D00007,320.01.0007,IRS25702937,2025-04-01,5000,5000,83.8696,1,YERLİ,37.9,Numune kabul,H,Kalite onaylı,11064.591,30,2025,4,14
H00016,320.01.0007,IRS25702938,2025-04-03,10000,10000,86.8466,1,YERLİ,37.9,Mal kabul,H,,22914.6702,0,2025,4,14
H00005,320.01.0007,IRS25702939,2025-04-09,10000,10,58.5659,1,YERLİ,37.9,Mal kabul,H,Kalite onaylı,15452.7441,0,2025,4,15
D00004,320.01.0008,IRS25702940,2025-03-26,10000,10000,70.8759,1,YERLİ,37.1333,Sevk irsaliyesi,E,Kalite onaylı,19086.8843,60,2025,3,13
H00001,320.01.0002,IRS25702941,2025-05-24,10000,10,59.2586,1,YERLİ,38.6667,İthalat dosyası,E,Kalite onaylı,15325.4868,30,2025,5,21
D00011,320.01.0002,IRS25702942,2025-04-22,5000,5000,10.6094,1,YERLİ,37.9,Kısmi teslim,H,Şartlı kabul,1399.657,0,2025,4,17
H00004,320.01.0021,IRS25702943,2025-06-21,1000,1,85.9515,1,YERLİ,39.4333,Sevk irsaliyesi,H,Kalite onaylı,2179.6679,0,2025,6,25
H00011,320.01.0007,IRS25702944,2025-04-10,2000,2,42.0358,1,YERLİ,37.9,İthalat dosyası,H,Şartlı kabul,2218.248,60,2025,4,15
H00008,320.01.0043,IRS25702945,2025-04-13,500,0.5,62.2971,1,İTHAL,37.9,İthalat dosyası,H,,821.8615,45,2025,4,15
H00001,320.01.0043,IRS25702946,2025-03-30,500,0.5,52.527,1,İTHAL,37.1333,İthalat dosyası,E,Şartlı kabul,707.2762,45,2025,3,13
H00006,320.01.0017,IRS25702947,2025-04-02,500,0.5,134.9523,1,YERLİ,37.9,Sevk irsaliyesi,H,,1780.3734,45,2025,4,14
H00014,320.01.0017,IRS25702948,2025-04-18,500,0.5,38.1941,1,YERLİ,37.9,Sevk irsaliyesi,E,Şartlı kabul,503.8799,45,2025,4,16
D00007,320.01.0003,IRS25702949,2025-04-10,2000,2000,97.884,1,İTHAL,37.9,Kısmi teslim,E,,5165.3826,60,2025,4,15
H00012,320.01.0003,IRS25702950,2025-03-24,5000,5000,37.1976,1,İTHAL,37.1333,Kısmi teslim,E,Şartlı kabul,5008.658,0,2025,3,13
H00016,320.01.0003,IRS25702951,2025-04-05,500,500,91.1146,1,İTHAL,37.9,Kısmi teslim,H,,1202.0396,30,2025,4,14
D00002,320.01.0003,IRS25702952,2025-05-20,1000,1000,73.252,1,İTHAL,38.6667,Numune kabul,H,,1894.4466,90,2025,5,21
H00005,320.01.0007,IRS25702953,2025-05-24,10000,10,55.878,1,YERLİ,38.6667,Mal kabul,H,Şartlı kabul,14451.1944,45,2025,5,21
D00003,320.01.0007,IRS25702954,2025-04-19,2000,2000,361.486,1,YERLİ,37.9,Numune kabul,H,Kalite onaylı,19075.7784,60,2025,4,16
D00002,320.01.0002,IRS25702955,2025-04-29,2000,2000,62.1222,1,YERLİ,37.9,Sevk irsaliyesi,E,,3278.2164,90,2025,4,18
D00012,320.01.0013,IRS25702956,2025-04-07,1000,1000,162.1223,1,YERLİ,37.9,Kısmi teslim,H,Kalite onaylı,4277.6332,45,2025,4,15
D00003,320.01.0003,IRS25702957,2025-05-31,10000,10000,302.7573,1,İTHAL,38.6667,Numune kabul,E,,78299.2342,60,2025,5,22
H00009,320.01.0006,IRS25702958,2025-06-19,120,0.12,94.9142,1,YERLİ,39.4333,Sevk irsaliyesi,H,Kalite onaylı,288.8347,60,2025,6,25
D00007,320.01.0002,IRS25702959,2025-05-20,250,250,85.0447,1,YERLİ,38.6667,Kısmi teslim,H,,549.8575,30,2025,5,21
D00011,320.01.0014,IRS25702960,2025-04-17,2000,2000,10.5593,1,YERLİ,37.9,İthalat dosyası,H,Şartlı kabul,557.219,60,2025,4,16
D00009,320.01.0014,IRS25702961,2025-04-25,120,120,255.3575,1,YERLİ,37.9,Numune kabul,E,Kalite onaylı,808.5198,90,2025,4,17
H00014,320.01.0006,IRS25702962,2025-04-30,1000,1,40.2856,1,YERLİ,37.9,Numune kabul,E,Şartlı kabul,1062.9446,0,2025,4,18
D00012,320.01.0006,IRS25702963,2025-06-22,5000,5000,158.7432,1,YERLİ,39.4333,Kısmi teslim,H,Şartlı kabul,20128.0644,90,2025,6,25
H00011,320.01.0006,IRS25702964,2025-04-11,250,0.25,39.1193,1,YERLİ,37.9,Kısmi teslim,H,Şartlı kabul,258.0429,60,2025,4,15
H00005,320.01.0005,IRS25702965,2025-04-13,500,0.5,65.9714,1,YERLİ,37.9,Kısmi teslim,H,Şartlı kabul,870.3351,60,2025,4,15
H00014,320.01.0005,IRS25702966,2025-04-09,2000,2,40.8485,1,YERLİ,37.9,İthalat dosyası,H,,2155.5937,45,2025,4,15
D00003,320.01.0002,IRS25702967,2025-06-23,120,120,346.3014,1,YERLİ,39.4333,Sevk irsaliyesi,E,Şartlı kabul,1053.8344,0,2025,6,26
H00014,320.01.0002,IRS25702968,2025-04-01,120,0.12,40.4574,1,YERLİ,37.9,Kısmi teslim,E,,128.0973,45,2025,4,14
H00015,320.01.0002,IRS25702969,2025-07-04,2000,2,47.8522,1,YERLİ,40.2,Numune kabul,H,Kalite onaylı,2380.7065,0,2025,7,27
H00008,320.01.0015,IRS25702970,2025-04-16,5000,5,65.1453,1,YERLİ,37.9,İthalat dosyası,H,Şartlı kabul,8594.3668,60,2025,4,16
H00008,320.01.0006,IRS25702971,2025-04-09,1000,1,64.0929,1,YERLİ,37.9,Numune kabul,H,Şartlı kabul,1691.1055,60,2025,4,15
D00012,320.01.0006,IRS25702972,2025-04-26,2000,2000,157.2817,1,YERLİ,37.9,Mal kabul,H,Kalite onaylı,8299.8259,60,2025,4,17
H00013,320.01.0006,IRS25702973,2025-05-02,500,500,106.1005,1,YERLİ,38.6667,İthalat dosyası,E,Kalite onaylı,1371.988,60,2025,5,18
H00001,320.01.0011,IRS25702974,2025-05-27,250,0.25,64.0735,1,YERLİ,38.6667,İthalat dosyası,H,Şartlı kabul,414.268,90,2025,5,22
H00016,320.01.0011,IRS25702975,2025-04-08,1000,1000,103.4126,1,YERLİ,37.9,Sevk irsaliyesi,E,Kalite onaylı,2728.5646,45,2025,4,15
H00006,320.01.0011,IRS25702976,2025-04-11,500,0.5,107.7873,1,YERLİ,37.9,Kısmi teslim,H,Şartlı kabul,1421.996,90,2025,4,15
D00004,320.01.0015,IRS25702977,2025-04-15,500,500,84.1024,1,YERLİ,37.9,Numune kabul,H,,1109.5303,30,2025,4,16
H00008,320.01.0022,IRS25702978,2025-07-01,500,0.5,73.7009,1,YERLİ,40.2,Kısmi teslim,E,Şartlı kabul,916.6779,90,2025,7,27
D00002,320.01.0022,IRS25702979,2025-04-30,120,120,65.4308,1,YERLİ,37.9,Sevk irsaliyesi,H,Kalite onaylı,207.1688,60,2025,4,18
D00006,320.01.0022,IRS25702980,2025-04-10,1000,1000,357.1016,1,YERLİ,37.9,İthalat dosyası,E,Kalite onaylı,9422.2058,90,2025,4,15
H00014,320.01.0043,IRS25702981,2025-05-15,250,0.25,37.476,1,İTHAL,38.6667,Sevk irsaliyesi,E,,242.3015,90,2025,5,20
H00005,320.01.0028,IRS25702982,2025-07-03,5000,5,59.9585,1,YERLİ,40.2,Mal kabul,H,,7457.5249,90,2025,7,27
D00002,320.01.0046,IRS25702983,2025-04-30,120,120,61.5646,1,YERLİ,37.9,Kısmi teslim,H,,194.9275,30,2025,4,18
H00005,320.01.0046,IRS25702984,2025-07-01,5000,5,58.664,1,YERLİ,40.2,İthalat dosyası,H,,7296.5174,60,2025,7,27
D00004,320.01.0008,IRS25702985,2025-04-14,120,120,71.4251,1,YERLİ,37.9,Numune kabul,H,,226.1481,30,2025,4,16
D00005,320.01.0002,IRS25702986,2025-04-14,2000,2000,353.5701,1,YERLİ,37.9,Numune kabul,E,Kalite onaylı,18658.0528,30,2025,4,16
D00008,320.01.0002,IRS25702987,2025-04-16,5000,5000,373.7678,1,YERLİ,37.9,Kısmi teslim,E,Kalite onaylı,49309.7361,90,2025,4,16
H00007,320.01.0049,IRS25702988,2025-05-31,120,0.12,51.0033,1,YERLİ,38.6667,Mal kabul,E,,158.286,90,2025,5,22
D00008,320.01.0049,IRS25702989,2025-05-05,5000,5000,392.7047,1,YERLİ,38.6667,Sevk irsaliyesi,H,,50780.7364,45,2025,5,19
D00011,320.01.0006,IRS25702990,2025-04-29,2000,2000,11.9909,1,YERLİ,37.9,Numune kabul,E,Kalite onaylı,632.7652,30,2025,4,18
D00009,320.01.0042,IRS25702991,2025-05-04,10000,10000,309.884,1,YERLİ,38.6667,Numune kabul,H,Kalite onaylı,80142.3447,45,2025,5,18
H00008,320.01.0042,IRS25702992,2025-06-04,500,0.5,75.5041,1,YERLİ,39.4333,Kısmi teslim,H,Kalite onaylı,957.3647,0,2025,6,23
D00011,320.01.0006,IRS25702993,2025-07-04,1000,1000,11.6607,1,YERLİ,40.2,Sevk irsaliyesi,H,Kalite onaylı,290.0672,45,2025,7,27
D00007,320.01.0006,IRS25702994,2025-05-05,500,500,95.2718,1,YERLİ,38.6667,Mal kabul,H,,1231.9619,30,2025,5,19
H00007,320.01.0004,IRS25702995,2025-04-14,5000,5,55.4994,1,YERLİ,37.9,İthalat dosyası,E,Kalite onaylı,7321.8206,90,2025,4,16
D00009,320.01.0004,IRS25702996,2025-07-14,250,250,311.7083,1,YERLİ,40.2,Kısmi teslim,H,Kalite onaylı,1938.4845,60,2025,7,29
H00004,320.01.0033,IRS25702997,2025-05-12,250,0.25,83.7109,1,YERLİ,38.6667,İthalat dosyası,H,,541.2338,30,2025,5,20
H00016,320.01.0039,IRS25702998,2025-05-05,5000,5000,107.9152,1,YERLİ,38.6667,Numune kabul,H,Kalite onaylı,13954.5397,90,2025,5,19
D00003,320.01.0039,IRS25702999,2025-04-11,120,120,314.8638,1,YERLİ,37.9,Mal kabul,E,Kalite onaylı,996.9302,0,2025,4,15
H00009,320.01.0020,IRS25703000,2025-05-01,250,0.25,100.5674,1,YERLİ,38.6667,Sevk irsaliyesi,H,,650.2197,0,2025,5,18
D00011,320.01.0020,IRS25703001,2025-04-21,5000,5000,11.321,1,YERLİ,37.9,İthalat dosyası,E,Kalite onaylı,1493.5356,90,2025,4,17
H00014,320.01.0011,IRS25703002,2025-04-22,250,0.25,37.0559,1,YERLİ,37.9,Kısmi teslim,H,Şartlı kabul,244.4321,45,2025,4,17
H00007,320.01.0011,IRS25703003,2025-04-24,10000,10,49.2798,1,YERLİ,37.9,Sevk irsaliyesi,E,Şartlı kabul,13002.5858,0,2025,4,17
D00002,320.01.0011,IRS25703004,2025-05-10,2000,2000,66.6654,1,YERLİ,38.6667,Sevk irsaliyesi,E,Şartlı kabul,3448.2074,30,2025,5,19
H00005,320.01.0033,IRS25703005,2025-07-11,10000,10,61.1621,1,YERLİ,40.2,Mal kabul,H,Kalite onaylı,15214.4527,0,2025,7,28
H00002,320.01.0001,IRS25703006,2025-04-25,2000,2,25.1288,1,YERLİ,37.9,Kısmi teslim,E,Şartlı kabul,1326.058,60,2025,4,17
H00014,320.01.0003,IRS25703007,2025-06-18,10000,10,37.0973,1,İTHAL,39.4333,Numune kabul,H,Kalite onaylı,9407.6073,90,2025,6,25
H00014,320.01.0003,IRS25703008,2025-05-03,500,0.5,36.9357,1,İTHAL,38.6667,Numune kabul,H,Şartlı kabul,477.6164,0,2025,5,18
D00008,320.01.0003,IRS25703009,2025-07-05,500,500,328.7856,1,İTHAL,40.2,Sevk irsaliyesi,E,,4089.3731,45,2025,7,27
H00012,320.01.0041,IRS25703010,2025-07-05,120,120,37.6734,1,İTHAL,40.2,Mal kabul,E,Şartlı kabul,112.4579,30,2025,7,27
H00004,320.01.0041,IRS25703011,2025-05-01,120,0.12,81.5554,1,İTHAL,38.6667,Sevk irsaliyesi,H,Kalite onaylı,253.1027,90,2025,5,18
H00007,320.01.0003,IRS25703012,2025-06-04,500,0.5,58.2038,1,İTHAL,39.4333,Mal kabul,E,Şartlı kabul,738.0032,90,2025,6,23
H00010,320.01.0003,IRS25703013,2025-04-23,500,0.5,25.0239,1,İTHAL,37.9,Numune kabul,H,Şartlı kabul,330.1306,60,2025,4,17
D00001,320.01.0003,IRS25703014,2025-07-17,250,250,38.4101,1,İTHAL,40.2,Kısmi teslim,H,,238.8688,30,2025,7,29
D00004,320.01.0035,IRS25703015,2025-07-15,1000,1000,71.9299,1,İTHAL,40.2,Sevk irsaliyesi,E,Kalite onaylı,1789.301,60,2025,7,29
D00008,320.01.0035,IRS25703016,2025-04-16,10000,10000,367.2634,1,İTHAL,37.9,İthalat dosyası,E,Kalite onaylı,96903.2718,30,2025,4,16
D00005,320.01.0011,IRS25703017,2025-05-01,2000,2000,328.5026,1,YERLİ,38.6667,Sevk irsaliyesi,E,,16991.4991,45,2025,5,18
H00004,320.01.0011,IRS25703018,2025-04-30,250,0.25,87.9644,1,YERLİ,37.9,Mal kabul,E,Kalite onaylı,580.2401,45,2025,4,18
D00007,320.01.0002,IRS25703019,2025-04-24,120,120,89.6695,1,YERLİ,37.9,Sevk irsaliyesi,E,,283.914,60,2025,4,17
D00008,320.01.0002,IRS25703020,2025-05-04,250,250,359.198,1,YERLİ,38.6667,Kısmi teslim,H,,2322.3989,45,2025,5,18
D00009,320.01.0003,IRS25703021,2025-06-09,250,250,246.9152,1,İTHAL,39.4333,Kısmi teslim,E,Şartlı kabul,1565.3978,60,2025,6,24
D00010,320.01.0003,IRS25703022,2025-05-01,2000,2000,243.0372,1,İTHAL,38.6667,Mal kabul,H,,12570.8788,60,2025,5,18
D00005,320.01.0002,IRS25703023,2025-05-15,500,500,360.4245,1,YERLİ,38.6667,Kısmi teslim,H,Kalite onaylı,4660.6576,90,2025,5,20
D00008,320.01.0002,IRS25703024,2025-05-12,120,120,377.0989,1,YERLİ,38.6667,Sevk irsaliyesi,H,Şartlı kabul,1170.3059,0,2025,5,20
H00005,320.01.0015,IRS25703025,2025-05-14,60,0.06,65.4034,1,YERLİ,38.6667,Numune kabul,H,,101.4879,45,2025,5,20
H00004,320.01.0004,IRS25703026,2025-07-21,250,0.25,83.861,1,YERLİ,40.2,İthalat dosyası,H,,521.5236,0,2025,7,30
H00001,320.01.0004,IRS25703027,2025-04-26,10000,10,65.44,1,YERLİ,37.9,Numune kabul,E,Şartlı kabul,17266.4908,90,2025,4,17
D00001,320.01.0002,IRS25703028,2025-05-31,10000,10000,46.2299,1,YERLİ,38.6667,Numune kabul,H,Kalite onaylı,11955.9983,30,2025,5,22
H00006,320.01.0017,IRS25703029,2025-04-21,2000,2,136.3442,1,YERLİ,37.9,Numune kabul,H,,7194.9446,45,2025,4,17
D00012,320.01.0017,IRS25703030,2025-05-14,5000,5000,158.7518,1,YERLİ,38.6667,İthalat dosyası,E,Şartlı kabul,20528.2323,90,2025,5,20
D00005,320.01.0017,IRS25703031,2025-06-25,120,120,303.6134,1,YERLİ,39.4333,Sevk irsaliyesi,E,,923.93,60,2025,6,26
H00008,320.01.0001,IRS25703033,2025-04-27,250,0.25,76.4044,1,YERLİ,37.9,İthalat dosyası,H,Şartlı kabul,503.9868,0,2025,4,17
H00002,320.01.0001,IRS25703034,2025-05-12,120,0.12,20.8236,1,YERLİ,38.6667,Kısmi teslim,E,,64.6249,60,2025,5,20
H00008,320.01.0001,IRS25703035,2025-05-13,120,0.12,76.6016,1,YERLİ,38.6667,Mal kabul,E,Kalite onaylı,237.7289,45,2025,5,20
H00007,320.01.0006,IRS25703036,2025-06-10,1000,1,53.4739,1,YERLİ,39.4333,Kısmi teslim,E,Kalite onaylı,1356.0595,30,2025,6,24
D00012,320.01.0006,IRS25703037,2025-07-14,2000,2000,133.0809,1,YERLİ,40.2,Numune kabul,E,Kalite onaylı,6620.9403,60,2025,7,29
D00004,320.01.0006,IRS25703038,2025-06-24,120,120,73.8265,1,YERLİ,39.4333,İthalat dosyası,H,Şartlı kabul,224.6624,45,2025,6,26
D00006,320.01.0006,IRS25703039,2025-05-12,500,500,373.7478,1,YERLİ,38.6667,Kısmi teslim,H,,4832.9415,45,2025,5,20
H00002,320.01.0017,IRS25703040,2025-05-21,5000,5,20.7007,1,YERLİ,38.6667,Numune kabul,H,Kalite onaylı,2676.8123,30,2025,5,21
D00005,320.01.0017,IRS25703041,2025-04-28,120,120,311.6415,1,YERLİ,37.9,İthalat dosyası,E,Şartlı kabul,986.7277,30,2025,4,18
H00013,320.01.0013,IRS25703042,2025-05-14,250,250,103.553,1,YERLİ,38.6667,Sevk irsaliyesi,H,Şartlı kabul,669.5231,0,2025,5,20
D00002,320.01.0007,IRS25703043,2025-06-27,120,120,67.3048,1,YERLİ,39.4333,Mal kabul,H,Kalite onaylı,204.8161,90,2025,6,26
D00005,320.01.0002,IRS25703044,2025-05-15,2000,2000,350.6996,1,YERLİ,38.6667,Sevk irsaliyesi,H,Kalite onaylı,18139.6188,90,2025,5,20
D00008,320.01.0023,IRS25703045,2025-05-04,2000,2000,377.3676,1,İTHAL,38.6667,Sevk irsaliyesi,E,Kalite onaylı,19518.997,0,2025,5,18
H00012,320.01.0023,IRS25703046,2025-05-28,120,120,38.4943,1,İTHAL,38.6667,Kısmi teslim,H,Kalite onaylı,119.465,30,2025,5,22
H00014,320.01.0032,IRS25703047,2025-06-17,500,0.5,39.4773,1,YERLİ,39.4333,Mal kabul,E,Şartlı kabul,500.5579,30,2025,6,25
H00003,320.01.0012,IRS25703048,2025-05-18,500,0.5,85.4526,1,YERLİ,38.6667,Sevk irsaliyesi,E,Şartlı kabul,1104.9896,90,2025,5,20
H00009,320.01.0012,IRS25703049,2025-06-09,1000,1,89.9546,1,YERLİ,39.4333,Kısmi teslim,H,Şartlı kabul,2281.1837,60,2025,6,24
H00004,320.01.0005,IRS25703050,2025-06-14,120,0.12,77.3198,1,YERLİ,39.4333,İthalat dosyası,E,,235.2929,0,2025,6,24
D00003,320.01.0005,IRS25703051,2025-05-19,500,500,311.7705,1,YERLİ,38.6667,Numune kabul,E,Kalite onaylı,4031.5116,90,2025,5,21
H00002,320.01.0003,IRS25703052,2025-05-04,5000,5,24.4957,1,İTHAL,38.6667,Numune kabul,E,Kalite onaylı,3167.5447,30,2025,5,18
D00009,320.01.0036,IRS25703053,2025-05-02,1000,1000,277.9527,1,YERLİ,38.6667,Mal kabul,E,,7188.4257,90,2025,5,18
D00010,320.01.0036,IRS25703054,2025-05-14,10000,10000,229.2421,1,YERLİ,38.6667,Mal kabul,H,Şartlı kabul,59286.6989,30,2025,5,20
D00011,320.01.0036,IRS25703055,2025-05-14,1000,1000,9.6897,1,YERLİ,38.6667,İthalat dosyası,H,Kalite onaylı,250.5955,60,2025,5,20
H00001,320.01.0001,IRS25703056,2025-06-02,500,0.5,53.283,1,YERLİ,39.4333,Mal kabul,E,,675.6092,30,2025,6,23
H00016,320.01.0001,IRS25703057,2025-07-24,120,120,101.1106,1,YERLİ,40.2,Numune kabul,E,,301.8227,60,2025,7,30
D00010,320.01.0007,IRS25703058,2025-06-11,10000,10000,224.7103,1,YERLİ,39.4333,Kısmi teslim,H,,56984.9087,45,2025,6,24
H00015,320.01.0007,IRS25703059,2025-05-15,120,0.12,43.5414,1,YERLİ,38.6667,Mal kabul,E,Kalite onaylı,135.1284,90,2025,5,20
D00006,320.01.0008,IRS25703060,2025-05-25,250,250,333.8755,1,YERLİ,38.6667,Numune kabul,H,,2158.6759,0,2025,5,21
D00003,320.01.0008,IRS25703061,2025-06-06,500,500,357.806,1,YERLİ,39.4333,İthalat dosyası,E,Şartlı kabul,4536.8508,60,2025,6,23
D00005,320.01.0009,IRS25703062,2025-07-30,120,120,333.204,1,YERLİ,40.2,Numune kabul,H,Şartlı kabul,994.6388,30,2025,7,31
H00005,320.01.0009,IRS25703063,2025-07-28,120,0.12,65.3393,1,YERLİ,40.2,Sevk irsaliyesi,E,,195.0427,90,2025,7,31
H00007,320.01.0009,IRS25703064,2025-06-30,1000,1,56.5087,1,YERLİ,39.4333,İthalat dosyası,E,,1433.0198,45,2025,6,27
H00005,320.01.0003,IRS25703065,2025-05-06,5000,5,70.14,1,İTHAL,38.6667,Sevk irsaliyesi,E,Kalite onaylı,9069.8198,0,2025,5,19
D00002,320.01.0003,IRS25703066,2025-05-11,500,500,64.8591,1,İTHAL,38.6667,Kısmi teslim,E,,838.6945,0,2025,5,19
D00002,320.01.0003,IRS25703067,2025-06-26,10000,10000,73.927,1,İTHAL,39.4333,Mal kabul,E,Şartlı kabul,18747.3531,30,2025,6,26
D00006,320.01.0001,IRS25703068,2025-05-13,10000,10000,343.1837,1,YERLİ,38.6667,Mal kabul,E,Kalite onaylı,88754.3287,60,2025,5,20
D00006,320.01.0001,IRS25703069,2025-06-30,120,120,335.69,1,YERLİ,39.4333,İthalat dosyası,H,Şartlı kabul,1021.5427,60,2025,6,27
D00008,320.01.0001,IRS25703070,2025-05-12,10000,10000,379.2592,1,YERLİ,38.6667,Mal kabul,H,Kalite onaylı,98084.1913,0,2025,5,20
H00013,320.01.0010,IRS25703071,2025-05-16,5000,5000,106.7902,1,YERLİ,38.6667,Sevk irsaliyesi,H,,13809.0657,45,2025,5,20
D00003,320.01.0010,IRS25703072,2025-05-30,1000,1000,373.3078,1,YERLİ,38.6667,Numune kabul,E,,9654.5037,90,2025,5,22
D00012,320.01.0030,IRS25703073,2025-05-12,500,500,136.4957,1,YERLİ,38.6667,Numune kabul,H,Kalite onaylı,1765.0291,30,2025,5,20
H00002,320.01.0014,IRS25703074,2025-04-30,2000,2,25.7554,1,YERLİ,37.9,Mal kabul,H,Kalite onaylı,1359.124,45,2025,4,18
D00009,320.01.0028,IRS25703075,2025-05-06,10000,10000,303.4155,1,YERLİ,38.6667,Mal kabul,H,Şartlı kabul,78469.4582,60,2025,5,19
H00008,320.01.0028,IRS25703076,2025-05-23,120,0.12,65.4801,1,YERLİ,38.6667,Kısmi teslim,H,,203.2139,30,2025,5,21
H00013,320.01.0028,IRS25703077,2025-05-14,10000,10000,98.2158,1,YERLİ,38.6667,Kısmi teslim,H,,25400.616,30,2025,5,20
H00003,320.01.0021,IRS25703078,2025-06-24,120,0.12,79.4524,1,YERLİ,39.4333,Kısmi teslim,H,,241.7827,90,2025,6,26
D00012,320.01.0021,IRS25703079,2025-05-07,250,250,136.5664,1,YERLİ,38.6667,Sevk irsaliyesi,E,Şartlı kabul,882.9717,90,2025,5,19
H00015,320.01.0002,IRS25703080,2025-05-11,2000,2,46.5817,1,YERLİ,38.6667,Numune kabul,H,,2409.3962,45,2025,5,19
H00004,320.01.0002,IRS25703081,2025-05-26,250,0.25,72.9535,1,YERLİ,38.6667,Mal kabul,E,Kalite onaylı,471.6817,0,2025,5,22
D00005,320.01.0028,IRS25703082,2025-07-03,1000,1000,310.0377,1,YERLİ,40.2,İthalat dosyası,E,Kalite onaylı,7712.3806,45,2025,7,27
D00004,320.01.0028,IRS25703083,2025-07-01,10000,10000,80.2078,1,YERLİ,40.2,Kısmi teslim,E,Kalite onaylı,19952.1891,0,2025,7,27
D00002,320.01.0001,IRS25703084,2025-05-14,120,120,68.4144,1,YERLİ,38.6667,Mal kabul,E,,212.3204,0,2025,5,20
D00010,320.01.0001,IRS25703085,2025-05-13,2000,2000,218.8137,1,YERLİ,38.6667,Kısmi teslim,E,Kalite onaylı,11317.9402,60,2025,5,20
H00008,320.01.0004,IRS25703086,2025-06-20,2000,2,69.2316,1,YERLİ,39.4333,Mal kabul,E,Kalite onaylı,3511.3267,45,2025,6,25
H00010,320.01.0006,IRS25703087,2025-06-15,5000,5,26.8491,1,YERLİ,39.4333,Kısmi teslim,E,Kalite onaylı,3404.3689,60,2025,6,24
D00010,320.01.0018,IRS25703089,2025-06-06,250,250,228.8293,1,YERLİ,39.4333,Mal kabul,H,,1450.7364,60,2025,6,23
D00004,320.01.0018,IRS25703090,2025-05-13,5000,5000,73.2758,1,YERLİ,38.6667,Mal kabul,E,Kalite onaylı,9475.3108,30,2025,5,20
D00011,320.01.0018,IRS25703091,2025-06-10,120,120,11.47,1,YERLİ,39.4333,Numune kabul,H,Kalite onaylı,34.9045,60,2025,6,24
D00011,320.01.0018,IRS25703092,2025-05-13,10000,10000,10.3676,1,YERLİ,38.6667,Numune kabul,H,Kalite onaylı,2681.2736,30,2025,5,20
H00001,320.01.0018,IRS25703093,2025-05-08,10000,10,61.49,1,YERLİ,38.6667,Numune kabul,E,Kalite onaylı,15902.5725,90,2025,5,19
H00016,320.01.0004,IRS25703094,2025-05-29,2000,2000,94.5428,1,YERLİ,38.6667,Numune kabul,E,Şartlı kabul,4890.1406,0,2025,5,22
D00001,320.01.0004,IRS25703095,2025-05-21,5000,5000,41.1263,1,YERLİ,38.6667,Kısmi teslim,H,,5318.0514,60,2025,5,21
H00007,320.01.0014,IRS25703096,2025-07-27,1000,1,58.3028,1,YERLİ,40.2,Numune kabul,E,Kalite onaylı,1450.3184,0,2025,7,30
D00012,320.01.0003,IRS25703097,2025-06-13,500,500,146.2488,1,İTHAL,39.4333,Kısmi teslim,H,Şartlı kabul,1854.382,45,2025,6,24
D00011,320.01.0003,IRS25703098,2025-06-30,250,250,11.6002,1,İTHAL,39.4333,Numune kabul,E,,73.5432,90,2025,6,27
D00005,320.01.0003,IRS25703099,2025-07-05,5000,5000,341.0112,1,İTHAL,40.2,Kısmi teslim,H,Şartlı kabul,42414.3284,30,2025,7,27
H00016,320.01.0001,IRS25703100,2025-05-09,250,250,91.9478,1,YERLİ,38.6667,İthalat dosyası,H,Kalite onaylı,594.4896,30,2025,5,19
H00015,320.01.0001,IRS25703101,2025-08-01,10000,10,44.7875,1,YERLİ,40.85,Sevk irsaliyesi,E,Şartlı kabul,10963.8923,90,2025,8,31
H00008,320.01.0001,IRS25703102,2025-07-01,5000,5,75.3806,1,YERLİ,40.2,Kısmi teslim,E,Şartlı kabul,9375.6965,0,2025,7,27
H00008,320.01.0001,IRS25703103,2025-07-08,5000,5,78.1311,1,YERLİ,40.2,İthalat dosyası,H,Şartlı kabul,9717.7985,90,2025,7,28
H00010,320.01.0001,IRS25703104,2025-06-30,250,0.25,24.4721,1,YERLİ,39.4333,Sevk irsaliyesi,H,Kalite onaylı,155.1487,90,2025,6,27
D00005,320.01.0001,IRS25703105,2025-06-29,10000,10000,347.286,1,YERLİ,39.4333,İthalat dosyası,H,,88069.2207,30,2025,6,26
D00010,320.01.0019,IRS25703107,2025-06-10,10000,10000,215.7626,1,YERLİ,39.4333,Numune kabul,E,,54715.8366,60,2025,6,24
D00001,320.01.0019,IRS25703108,2025-05-16,500,500,46.502,1,YERLİ,38.6667,Numune kabul,H,,601.3184,90,2025,5,20
H00014,320.01.0003,IRS25703109,2025-08-08,500,0.5,36.4362,1,İTHAL,40.85,İthalat dosyası,H,Şartlı kabul,445.9755,0,2025,8,32
D00012,320.01.0003,IRS25703110,2025-05-18,250,250,159.8999,1,İTHAL,38.6667,Mal kabul,H,Şartlı kabul,1033.8347,30,2025,5,20
D00002,320.01.0009,IRS25703111,2025-05-13,500,500,77.357,1,YERLİ,38.6667,Kısmi teslim,H,Kalite onaylı,1000.3052,0,2025,5,20
H00004,320.01.0004,IRS25703112,2025-07-29,500,0.5,83.8161,1,YERLİ,40.2,Sevk irsaliyesi,E,Kalite onaylı,1042.4888,90,2025,7,31
D00003,320.01.0004,IRS25703113,2025-06-25,2000,2000,387.2759,1,YERLİ,39.4333,Mal kabul,E,,19642.0741,30,2025,6,26
H00008,320.01.0012,IRS25703114,2025-05-30,1000,1,74.6847,1,YERLİ,38.6667,Sevk irsaliyesi,H,Şartlı kabul,1931.4992,0,2025,5,22
H00004,320.01.0012,IRS25703115,2025-05-21,500,0.5,78.8631,1,YERLİ,38.6667,İthalat dosyası,E,Kalite onaylı,1019.7806,45,2025,5,21
H00010,320.01.0043,IRS25703116,2025-08-05,1000,1,25.5695,1,İTHAL,40.85,Sevk irsaliyesi,E,Şartlı kabul,625.9364,45,2025,8,32
H00014,320.01.0003,IRS25703117,2025-06-27,5000,5,38.2676,1,İTHAL,39.4333,Kısmi teslim,H,Şartlı kabul,4852.1935,45,2025,6,26
H00016,320.01.0003,IRS25703118,2025-05-14,1000,1000,108.0493,1,İTHAL,38.6667,Kısmi teslim,H,Şartlı kabul,2794.376,60,2025,5,20
H00013,320.01.0014,IRS25703119,2025-08-09,2000,2000,122.1383,1,YERLİ,40.85,Kısmi teslim,E,Kalite onaylı,5979.8433,60,2025,8,32
H00014,320.01.0004,IRS25703120,2025-07-10,250,0.25,38.7656,1,YERLİ,40.2,Sevk irsaliyesi,E,Şartlı kabul,241.0796,90,2025,7,28
H00013,320.01.0001,IRS25703121,2025-05-26,5000,5000,106.0195,1,YERLİ,38.6667,Sevk irsaliyesi,H,Kalite onaylı,13709.4063,90,2025,5,22
D00006,320.01.0020,IRS25703122,2025-06-11,250,250,359.5298,1,YERLİ,39.4333,Numune kabul,H,,2279.354,90,2025,6,24
D00006,320.01.0020,IRS25703123,2025-05-16,1000,1000,331.1597,1,YERLİ,38.6667,Kısmi teslim,H,Şartlı kabul,8564.4676,60,2025,5,20
H00004,320.01.0054,IRS25703124,2025-08-15,500,0.5,91.9317,1,YERLİ,40.85,Numune kabul,E,Kalite onaylı,1125.235,0,2025,8,33
H00005,320.01.0005,IRS25703125,2025-07-06,10000,10,61.7358,1,YERLİ,40.2,Kısmi teslim,H,,15357.1642,30,2025,7,27
D00004,320.01.0005,IRS25703126,2025-08-06,1000,1000,73.2241,1,YERLİ,40.85,Numune kabul,E,,1792.5116,60,2025,8,32
H00004,320.01.0002,IRS25703127,2025-06-24,250,0.25,80.6123,1,YERLİ,39.4333,Sevk irsaliyesi,E,Kalite onaylı,511.0674,30,2025,6,26
D00005,320.01.0002,IRS25703128,2025-05-27,2000,2000,292.7377,1,YERLİ,38.6667,Kısmi teslim,H,Şartlı kabul,15141.5921,90,2025,5,22
D00006,320.01.0012,IRS25703129,2025-05-29,500,500,398.784,1,YERLİ,38.6667,İthalat dosyası,E,Şartlı kabul,5156.6852,90,2025,5,22
D00009,320.01.0012,IRS25703130,2025-05-21,120,120,282.1295,1,YERLİ,38.6667,Sevk irsaliyesi,H,,875.5736,0,2025,5,21
D00009,320.01.0012,IRS25703131,2025-08-03,5000,5000,296.3556,1,YERLİ,40.85,Numune kabul,H,Şartlı kabul,36273.6353,45,2025,8,31
D00003,320.01.0003,IRS25703132,2025-06-30,10000,10000,336.2254,1,İTHAL,39.4333,Numune kabul,E,Şartlı kabul,85264.3324,90,2025,6,27
H00013,320.01.0003,IRS25703133,2025-07-11,1000,1000,121.3149,1,İTHAL,40.2,Sevk irsaliyesi,H,Şartlı kabul,3017.7836,60,2025,7,28
D00002,320.01.0036,IRS25703134,2025-08-05,1000,1000,63.4593,1,YERLİ,40.85,Mal kabul,E,Kalite onaylı,1553.4712,45,2025,8,32
D00009,320.01.0036,IRS25703135,2025-06-16,5000,5000,298.2479,1,YERLİ,39.4333,Sevk irsaliyesi,H,Şartlı kabul,37816.7564,90,2025,6,25
D00007,320.01.0022,IRS25703136,2025-06-03,5000,5000,101.5906,1,YERLİ,39.4333,Numune kabul,E,Şartlı kabul,12881.3211,30,2025,6,23
D00011,320.01.0031,IRS25703137,2025-05-20,10000,10000,11.8805,1,YERLİ,38.6667,Sevk irsaliyesi,E,Şartlı kabul,3072.5405,60,2025,5,21
H00006,320.01.0004,IRS25703138,2025-05-31,10000,10,131.4568,1,YERLİ,38.6667,İthalat dosyası,E,Şartlı kabul,33997.419,90,2025,5,22
H00008,320.01.0013,IRS25703139,2025-08-17,1000,1,64.616,1,YERLİ,40.85,Mal kabul,E,Şartlı kabul,1581.787,30,2025,8,33
H00012,320.01.0015,IRS25703140,2025-06-04,120,120,33.1749,1,YERLİ,39.4333,Numune kabul,H,Kalite onaylı,100.955,90,2025,6,23
H00004,320.01.0030,IRS25703141,2025-08-18,250,0.25,85.7991,1,YERLİ,40.85,Numune kabul,E,Kalite onaylı,525.0863,30,2025,8,34
H00014,320.01.0030,IRS25703142,2025-06-02,500,0.5,37.5505,1,YERLİ,39.4333,Mal kabul,H,Kalite onaylı,476.1268,0,2025,6,23
D00009,320.01.0030,IRS25703143,2025-05-16,1000,1000,302.0877,1,YERLİ,38.6667,Sevk irsaliyesi,H,Kalite onaylı,7812.6062,90,2025,5,20
D00002,320.01.0003,IRS25703144,2025-05-28,10000,10000,78.2228,1,İTHAL,38.6667,Mal kabul,H,Kalite onaylı,20230.017,60,2025,5,22
H00006,320.01.0051,IRS25703145,2025-06-11,500,0.5,131.918,1,YERLİ,39.4333,Numune kabul,E,,1672.6726,60,2025,6,24
D00011,320.01.0001,IRS25703146,2025-06-15,500,500,12.1099,1,YERLİ,39.4333,İthalat dosyası,H,Kalite onaylı,153.5492,30,2025,6,24
D00010,320.01.0001,IRS25703147,2025-06-13,10000,10000,257.6328,1,YERLİ,39.4333,Numune kabul,E,Kalite onaylı,65333.8169,90,2025,6,24
H00002,320.01.0006,IRS25703148,2025-06-09,120,0.12,24.7199,1,YERLİ,39.4333,Sevk irsaliyesi,H,,75.2255,60,2025,6,24
H00014,320.01.0002,IRS25703149,2025-08-20,250,0.25,45.3464,1,YERLİ,40.85,Mal kabul,E,Kalite onaylı,277.5177,45,2025,8,34
H00001,320.01.0011,IRS25703150,2025-06-10,250,0.25,57.5965,1,YERLİ,39.4333,Numune kabul,E,,365.1514,0,2025,6,24
H00007,320.01.0041,IRS25703151,2025-07-18,120,0.12,59.6481,1,İTHAL,40.2,Numune kabul,E,,178.054,45,2025,7,29
H00014,320.01.0041,IRS25703152,2025-06-08,10000,10,40.226,1,İTHAL,39.4333,Sevk irsaliyesi,E,,10201.023,45,2025,6,23
H00006,320.01.0006,IRS25703153,2025-05-31,1000,1,131.3731,1,YERLİ,38.6667,İthalat dosyası,H,Şartlı kabul,3397.5772,0,2025,5,22
D00007,320.01.0006,IRS25703154,2025-06-13,120,120,92.5029,1,YERLİ,39.4333,Mal kabul,E,Şartlı kabul,281.4968,60,2025,6,24
H00001,320.01.0035,IRS25703155,2025-07-19,1000,1,61.5644,1,İTHAL,40.2,Mal kabul,E,,1531.4527,90,2025,7,29
H00003,320.01.0035,IRS25703156,2025-07-06,250,0.25,90.7582,1,İTHAL,40.2,Numune kabul,H,,564.4167,45,2025,7,27
H00007,320.01.0035,IRS25703157,2025-05-21,1000,1,48.3522,1,İTHAL,38.6667,Kısmi teslim,H,Şartlı kabul,1250.4869,30,2025,5,21
H00005,320.01.0013,IRS25703158,2025-06-05,5000,5,69.0991,1,YERLİ,39.4333,Sevk irsaliyesi,E,,8761.5163,45,2025,6,23
D00012,320.01.0013,IRS25703159,2025-07-14,120,120,146.1331,1,YERLİ,40.2,Mal kabul,H,Kalite onaylı,436.2182,60,2025,7,29
D00005,320.01.0013,IRS25703160,2025-06-10,120,120,370.7655,1,YERLİ,39.4333,İthalat dosyası,H,,1128.2814,90,2025,6,24
D00012,320.01.0007,IRS25703161,2025-06-16,1000,1000,169.6298,1,YERLİ,39.4333,Kısmi teslim,E,,4301.6892,30,2025,6,25
H00013,320.01.0001,IRS25703162,2025-06-16,5000,5000,108.93,1,YERLİ,39.4333,Sevk irsaliyesi,E,Kalite onaylı,13811.9305,30,2025,6,25
D00010,320.01.0001,IRS25703163,2025-06-12,5000,5000,243.5379,1,YERLİ,39.4333,Kısmi teslim,E,Şartlı kabul,30879.726,90,2025,6,24
H00014,320.01.0005,IRS25703164,2025-08-19,500,0.5,40.4107,1,YERLİ,40.85,Kısmi teslim,E,Şartlı kabul,494.623,30,2025,8,34
H00008,320.01.0019,IRS25703165,2025-06-07,250,0.25,75.322,1,YERLİ,39.4333,Sevk irsaliyesi,E,Şartlı kabul,477.5279,60,2025,6,23
H00003,320.01.0017,IRS25703166,2025-06-08,1000,1,97.8182,1,YERLİ,39.4333,Kısmi teslim,H,Şartlı kabul,2480.5989,90,2025,6,23
D00012,320.01.0051,IRS25703167,2025-06-06,1000,1000,159.6992,1,YERLİ,39.4333,Mal kabul,H,,4049.8563,60,2025,6,23
H00008,320.01.0051,IRS25703168,2025-05-27,10000,10,72.6011,1,YERLİ,38.6667,Numune kabul,H,Şartlı kabul,18776.1304,0,2025,5,22
H00012,320.01.0051,IRS25703169,2025-07-21,10000,10000,37.2998,1,YERLİ,40.2,İthalat dosyası,H,,9278.5572,60,2025,7,30
D00001,320.01.0045,IRS25703170,2025-06-29,10000,10000,44.8166,1,YERLİ,39.4333,Numune kabul,H,Şartlı kabul,11365.166,90,2025,6,26
D00010,320.01.0045,IRS25703171,2025-07-15,10000,10000,210.072,1,YERLİ,40.2,Numune kabul,E,Kalite onaylı,52256.7164,0,2025,7,29
H00006,320.01.0015,IRS25703172,2025-06-11,5000,5,117.9514,1,YERLİ,39.4333,İthalat dosyası,H,Kalite onaylı,14955.8115,30,2025,6,24
D00005,320.01.0015,IRS25703173,2025-06-05,125,125,358.2744,1,YERLİ,39.4333,İthalat dosyası,H,,1135.6975,90,2025,6,23
H00015,320.01.0029,IRS25703174,2025-07-04,10000,10,47.5632,1,YERLİ,40.2,Kısmi teslim,H,,11831.6418,45,2025,7,27
H00012,320.01.0003,IRS25703175,2025-07-19,500,500,38.4384,1,İTHAL,40.2,Sevk irsaliyesi,E,Şartlı kabul,478.0896,90,2025,7,29
D00004,320.01.0003,IRS25703176,2025-06-01,250,250,87.3376,1,İTHAL,39.4333,Mal kabul,E,,553.7046,30,2025,6,22
H00002,320.01.0046,IRS25703177,2025-06-10,1000,1,24.7081,1,YERLİ,39.4333,Numune kabul,E,,626.5796,90,2025,6,24
H00006,320.01.0001,IRS25703178,2025-07-13,2000,2,139.5315,1,YERLİ,40.2,Kısmi teslim,H,Şartlı kabul,6941.8657,0,2025,7,28
H00014,320.01.0001,IRS25703179,2025-06-07,5000,5,37.2646,1,YERLİ,39.4333,Mal kabul,H,,4725.0167,60,2025,6,23
D00003,320.01.0005,IRS25703180,2025-06-09,5000,5000,339.7543,1,YERLİ,39.4333,İthalat dosyası,H,Şartlı kabul,43079.618,90,2025,6,24
H00009,320.01.0005,IRS25703181,2025-07-01,5000,5,94.2215,1,YERLİ,40.2,Mal kabul,E,Kalite onaylı,11719.092,0,2025,7,27
H00012,320.01.0018,IRS25703182,2025-08-26,500,500,33.0932,1,YERLİ,40.85,Mal kabul,H,Kalite onaylı,405.0575,90,2025,8,35
H00012,320.01.0043,IRS25703183,2025-06-08,10000,10000,32.7501,1,İTHAL,39.4333,Mal kabul,E,Şartlı kabul,8305.1888,45,2025,6,23
H00016,320.01.0043,IRS25703184,2025-06-29,2000,2000,95.6442,1,İTHAL,39.4333,Sevk irsaliyesi,E,Şartlı kabul,4850.9356,30,2025,6,26
D00002,320.01.0002,IRS25703185,2025-06-17,10000,10000,78.9753,1,YERLİ,39.4333,İthalat dosyası,H,Kalite onaylı,20027.5655,60,2025,6,25
H00004,320.01.0004,IRS25703186,2025-08-26,10000,10,85.2007,1,YERLİ,40.85,İthalat dosyası,E,Kalite onaylı,20856.9645,90,2025,8,35
H00008,320.01.0004,IRS25703187,2025-06-08,250,0.25,74.5348,1,YERLİ,39.4333,Numune kabul,H,Şartlı kabul,472.5372,0,2025,6,23
D00006,320.01.0019,IRS25703188,2025-07-18,2000,2000,371.8297,1,YERLİ,40.2,Kısmi teslim,H,Kalite onaylı,18498.99,45,2025,7,29
D00007,320.01.0019,IRS25703189,2025-06-19,2000,2000,86.7963,1,YERLİ,39.4333,Kısmi teslim,H,,4402.1829,45,2025,6,25
H00002,320.01.0009,IRS25703190,2025-06-17,2500,2.5,21.2877,1,YERLİ,39.4333,Sevk irsaliyesi,H,Kalite onaylı,1349.6017,45,2025,6,25
D00005,320.01.0009,IRS25703191,2025-06-05,2000,2000,357.7235,1,YERLİ,39.4333,Mal kabul,H,,18143.2191,30,2025,6,23
H00010,320.01.0005,IRS25703192,2025-07-14,10000,10,29.8283,1,YERLİ,40.2,Sevk irsaliyesi,H,Kalite onaylı,7419.9751,90,2025,7,29
D00003,320.01.0005,IRS25703193,2025-07-04,250,250,348.8535,1,YERLİ,40.2,Kısmi teslim,H,Şartlı kabul,2169.4869,30,2025,7,27
D00006,320.01.0005,IRS25703194,2025-06-15,5000,5000,360.6421,1,YERLİ,39.4333,İthalat dosyası,E,Şartlı kabul,45728.1156,60,2025,6,24
H00012,320.01.0005,IRS25703195,2025-06-13,500,500,39.5424,1,YERLİ,39.4333,Mal kabul,H,Şartlı kabul,501.3833,45,2025,6,24
H00005,320.01.0002,IRS25703197,2025-07-20,1000,1,71.1365,1,YERLİ,40.2,Numune kabul,E,Şartlı kabul,1769.5647,30,2025,7,29
H00005,320.01.0023,IRS25703198,2025-06-21,1000,1,69.9243,1,İTHAL,39.4333,Mal kabul,E,Şartlı kabul,1773.2297,45,2025,6,25
H00014,320.01.0020,IRS25703199,2025-07-25,10000,10,41.8935,1,YERLİ,40.2,Mal kabul,E,Kalite onaylı,10421.2687,45,2025,7,30
H00004,320.01.0020,IRS25703200,2025-06-14,500,0.5,86.6104,1,YERLİ,39.4333,İthalat dosyası,H,Şartlı kabul,1098.1886,45,2025,6,24
H00007,320.01.0020,IRS25703201,2025-06-24,10000,10,47.7604,1,YERLİ,39.4333,Numune kabul,E,,12111.6924,90,2025,6,26
H00001,320.01.0002,IRS25703202,2025-06-24,500,0.5,64.4035,1,YERLİ,39.4333,Sevk irsaliyesi,H,,816.6131,60,2025,6,26
H00014,320.01.0002,IRS25703203,2025-08-25,2000,2,37.2108,1,YERLİ,40.85,Mal kabul,E,Şartlı kabul,1821.8262,0,2025,8,35
D00009,320.01.0006,IRS25703204,2025-06-24,500,500,283.3287,1,YERLİ,39.4333,İthalat dosyası,E,Kalite onaylı,3592.5056,0,2025,6,26
H00007,320.01.0006,IRS25703205,2025-07-25,5000,5,55.671,1,YERLİ,40.2,İthalat dosyası,H,Kalite onaylı,6924.2537,90,2025,7,30
H00002,320.01.0006,IRS25703206,2025-07-07,5000,5,21.5435,1,YERLİ,40.2,Mal kabul,E,Kalite onaylı,2679.5398,45,2025,7,28
H00016,320.01.0003,IRS25703207,2025-07-15,2000,2000,101.437,1,İTHAL,40.2,Sevk irsaliyesi,E,,5046.6169,90,2025,7,29
D00002,320.01.0003,IRS25703208,2025-06-30,250,250,65.1533,1,İTHAL,39.4333,Numune kabul,H,Kalite onaylı,413.0602,45,2025,6,27
H00011,320.01.0003,IRS25703209,2025-09-01,500,0.5,46.5826,1,İTHAL,41.5,Mal kabul,H,Şartlı kabul,561.2361,90,2025,9,36
H00016,320.01.0014,IRS25703210,2025-08-07,250,250,86.3871,1,YERLİ,40.85,Sevk irsaliyesi,H,,528.6848,30,2025,8,32
H00015,320.01.0002,IRS25703211,2025-07-21,500,0.5,45.9824,1,YERLİ,40.2,Mal kabul,E,Kalite onaylı,571.9204,90,2025,7,30
D00004,320.01.0002,IRS25703212,2025-07-26,250,250,73.7172,1,YERLİ,40.2,Numune kabul,E,,458.4403,0,2025,7,30
D00009,320.01.0002,IRS25703213,2025-08-28,250,250,268.5483,1,YERLİ,40.85,Mal kabul,E,Kalite onaylı,1643.5024,30,2025,8,35
H00010,320.01.0010,IRS25703214,2025-09-06,10000,10,26.9654,1,YERLİ,41.5,Kısmi teslim,H,,6497.6867,0,2025,9,36
D00001,320.01.0010,IRS25703215,2025-09-04,2000,2000,39.4504,1,YERLİ,41.5,Numune kabul,H,Şartlı kabul,1901.2241,30,2025,9,36
H00008,320.01.0010,IRS25703216,2025-07-17,1000,1,70.3216,1,YERLİ,40.2,Kısmi teslim,H,Şartlı kabul,1749.2935,90,2025,7,29
H00016,320.01.0022,IRS25703217,2025-06-29,1000,1000,105.792,1,YERLİ,39.4333,Kısmi teslim,E,Kalite onaylı,2682.8087,60,2025,6,26
D00002,320.01.0022,IRS25703218,2025-08-14,10000,10000,66.3582,1,YERLİ,40.85,İthalat dosyası,E,Şartlı kabul,16244.3574,0,2025,8,33
H00005,320.01.0022,IRS25703219,2025-06-21,500,0.5,62.3994,1,YERLİ,39.4333,Kısmi teslim,H,,791.2019,90,2025,6,25
D00012,320.01.0003,IRS25703220,2025-08-11,250,250,163.4693,1,İTHAL,40.85,Mal kabul,H,Kalite onaylı,1000.4241,90,2025,8,33
H00003,320.01.0003,IRS25703221,2025-09-04,1000,1,97.7554,1,İTHAL,41.5,Sevk irsaliyesi,H,,2355.5518,30,2025,9,36
D00004,320.01.0003,IRS25703222,2025-06-24,10000,10000,88.0376,1,İTHAL,39.4333,Numune kabul,H,Kalite onaylı,22325.6993,30,2025,6,26
H00006,320.01.0019,IRS25703223,2025-08-08,250,0.25,124.0208,1,YERLİ,40.85,Kısmi teslim,H,Kalite onaylı,759.0012,0,2025,8,32
D00012,320.01.0004,IRS25703224,2025-07-15,2000,2000,139.8653,1,YERLİ,40.2,Numune kabul,H,Kalite onaylı,6958.4726,45,2025,7,29
H00015,320.01.0041,IRS25703225,2025-08-09,5000,5,49.1722,1,İTHAL,40.85,Mal kabul,E,,6018.6291,45,2025,8,32
D00005,320.01.0041,IRS25703226,2025-06-24,250,250,299.0074,1,İTHAL,39.4333,İthalat dosyası,H,,1895.6529,60,2025,6,26
H00007,320.01.0015,IRS25703227,2025-07-01,5000,5,49.5048,1,YERLİ,40.2,İthalat dosyası,E,Şartlı kabul,6157.3134,0,2025,7,27
H00004,320.01.0015,IRS25703228,2025-07-09,1000,1,79.0888,1,YERLİ,40.2,Mal kabul,E,Şartlı kabul,1967.3831,90,2025,7,28
H00005,320.01.0023,IRS25703229,2025-06-26,10000,10,71.1293,1,İTHAL,39.4333,Numune kabul,E,,18037.8766,0,2025,6,26
H00015,320.01.0023,IRS25703230,2025-07-03,10000,10,51.1515,1,İTHAL,40.2,Numune kabul,H,Kalite onaylı,12724.2537,30,2025,7,27
H00008,320.01.0023,IRS25703231,2025-06-25,5000,5,82.4768,1,İTHAL,39.4333,Kısmi teslim,H,Kalite onaylı,10457.7603,90,2025,6,26
H00011,320.01.0034,IRS25703232,2025-06-19,120,0.12,39.6201,1,YERLİ,39.4333,Numune kabul,H,,120.5685,90,2025,6,25
H00007,320.01.0034,IRS25703233,2025-07-06,2000,2,52.8113,1,YERLİ,40.2,Numune kabul,E,Şartlı kabul,2627.4279,30,2025,7,27
D00003,320.01.0005,IRS25703234,2025-06-29,500,500,368.0981,1,YERLİ,39.4333,Kısmi teslim,H,,4667.3509,60,2025,6,26
D00003,320.01.0005,IRS25703235,2025-09-07,10000,10000,368.0346,1,YERLİ,41.5,Kısmi teslim,H,Şartlı kabul,88683.0361,30,2025,9,36
H00016,320.01.0052,IRS25703236,2025-09-03,2000,2000,98.3919,1,YERLİ,41.5,Kısmi teslim,H,Kalite onaylı,4741.7783,60,2025,9,36
H00010,320.01.0052,IRS25703237,2025-06-25,2000,2,26.0627,1,YERLİ,39.4333,Sevk irsaliyesi,E,Şartlı kabul,1321.8625,90,2025,6,26
H00013,320.01.0003,IRS25703238,2025-07-09,120,120,116.1117,1,İTHAL,40.2,İthalat dosyası,E,,346.6021,30,2025,7,28
D00005,320.01.0002,IRS25703239,2025-07-21,500,500,341.9625,1,YERLİ,40.2,Kısmi teslim,H,,4253.2649,30,2025,7,30
H00008,320.01.0002,IRS25703240,2025-06-24,1000,1,76.5377,1,YERLİ,39.4333,Mal kabul,H,,1940.9408,90,2025,6,26
D00010,320.01.0014,IRS25703241,2025-07-21,1000,1000,260.9142,1,YERLİ,40.2,Mal kabul,H,Kalite onaylı,6490.403,90,2025,7,30
D00003,320.01.0014,IRS25703242,2025-09-18,250,250,343.4381,1,YERLİ,41.5,Kısmi teslim,H,Kalite onaylı,2068.9042,60,2025,9,38
D00004,320.01.0003,IRS25703243,2025-07-24,1000,1000,77.6925,1,İTHAL,40.2,Sevk irsaliyesi,H,Kalite onaylı,1932.6493,60,2025,7,30
H00002,320.01.0003,IRS25703244,2025-07-06,5000,5,22.1355,1,İTHAL,40.2,Numune kabul,H,Kalite onaylı,2753.1716,90,2025,7,27
D00006,320.01.0041,IRS25703245,2025-08-19,10000,10000,408.5578,1,İTHAL,40.85,İthalat dosyası,E,Kalite onaylı,100014.1493,45,2025,8,34
H00009,320.01.0041,IRS25703246,2025-07-30,5000,5,88.4266,1,İTHAL,40.2,Mal kabul,E,Kalite onaylı,10998.3333,0,2025,7,31
D00010,320.01.0041,IRS25703247,2025-06-20,5000,5000,263.4031,1,İTHAL,39.4333,İthalat dosyası,H,,33398.5616,90,2025,6,25
D00001,320.01.0005,IRS25703248,2025-07-14,2000,2000,45.4576,1,YERLİ,40.2,İthalat dosyası,H,Şartlı kabul,2261.5721,30,2025,7,29
H00002,320.01.0043,IRS25703249,2025-08-11,2000,2,22.8731,1,İTHAL,40.85,Sevk irsaliyesi,E,Şartlı kabul,1119.858,0,2025,8,33
D00009,320.01.0043,IRS25703250,2025-07-29,1000,1000,309.688,1,İTHAL,40.2,Numune kabul,E,,7703.6816,60,2025,7,31
D00009,320.01.0014,IRS25703251,2025-08-12,120,120,315.1444,1,YERLİ,40.85,Kısmi teslim,E,,925.7608,45,2025,8,33
H00007,320.01.0003,IRS25703252,2025-07-08,2000,2,54.7727,1,İTHAL,40.2,Mal kabul,E,,2725.01,90,2025,7,28
H00007,320.01.0017,IRS25703253,2025-08-06,500,0.5,54.1547,1,YERLİ,40.85,Kısmi teslim,H,,662.8482,0,2025,8,32
H00014,320.01.0017,IRS25703254,2025-08-08,250,0.25,45.3821,1,YERLİ,40.85,İthalat dosyası,E,Şartlı kabul,277.7362,45,2025,8,32
H00001,320.01.0045,IRS25703255,2025-08-19,120,0.12,56.8358,1,YERLİ,40.85,Mal kabul,E,Şartlı kabul,166.9595,45,2025,8,34
D00004,320.01.0045,IRS25703256,2025-07-12,2000,2000,93.5414,1,YERLİ,40.2,İthalat dosyası,E,Şartlı kabul,4653.801,30,2025,7,28
H00006,320.01.0022,IRS25703257,2025-07-09,10000,10,114.948,1,YERLİ,40.2,Kısmi teslim,H,Şartlı kabul,28594.0299,90,2025,7,28
H00009,320.01.0002,IRS25703258,2025-06-23,120,0.12,90.9987,1,YERLİ,39.4333,Kısmi teslim,E,Kalite onaylı,276.9194,90,2025,6,26
H00006,320.01.0002,IRS25703259,2025-07-17,500,0.5,131.0185,1,YERLİ,40.2,Numune kabul,H,,1629.5833,45,2025,7,29
D00012,320.01.0001,IRS25703260,2025-08-16,250,250,145.3527,1,YERLİ,40.85,İthalat dosyası,E,,889.5514,45,2025,8,33
H00001,320.01.0001,IRS25703261,2025-07-15,120,0.12,66.2486,1,YERLİ,40.2,Numune kabul,E,Kalite onaylı,197.757,60,2025,7,29
D00003,320.01.0001,IRS25703262,2025-09-12,250,250,398.333,1,YERLİ,41.5,Numune kabul,H,,2399.5964,0,2025,9,37
H00013,320.01.0012,IRS25703263,2025-08-26,250,250,113.8752,1,YERLİ,40.85,Kısmi teslim,E,,696.9106,0,2025,8,35
D00011,320.01.0009,IRS25703264,2025-08-10,1000,1000,10.7201,1,YERLİ,40.85,İthalat dosyası,H,,262.4259,30,2025,8,32
H00016,320.01.0009,IRS25703265,2025-06-30,250,250,90.7443,1,YERLİ,39.4333,Mal kabul,E,Şartlı kabul,575.3025,60,2025,6,27
H00006,320.01.0005,IRS25703266,2025-07-15,10000,10,131.2615,1,YERLİ,40.2,Numune kabul,E,Şartlı kabul,32652.1144,30,2025,7,29
H00016,320.01.0005,IRS25703267,2025-09-19,2000,2000,109.2283,1,YERLİ,41.5,Mal kabul,E,Kalite onaylı,5264.0145,45,2025,9,38
H00002,320.01.0005,IRS25703268,2025-09-15,5000,5,26.6657,1,YERLİ,41.5,Sevk irsaliyesi,H,,3212.7349,30,2025,9,38
H00013,320.01.0005,IRS25703269,2025-07-13,5000,5000,122.6023,1,YERLİ,40.2,İthalat dosyası,H,,15249.0423,0,2025,7,28
H00013,320.01.0004,IRS25703270,2025-08-07,1000,1000,114.3925,1,YERLİ,40.85,Kısmi teslim,E,,2800.306,30,2025,8,32
D00012,320.01.0004,IRS25703271,2025-07-10,120,120,173.694,1,YERLİ,40.2,Kısmi teslim,H,Kalite onaylı,518.4896,0,2025,7,28
H00006,320.01.0004,IRS25703272,2025-09-21,500,0.5,128.042,1,YERLİ,41.5,İthalat dosyası,H,Şartlı kabul,1542.6747,60,2025,9,38
H00004,320.01.0010,IRS25703273,2025-07-06,10000,10,93.1105,1,YERLİ,40.2,İthalat dosyası,E,Şartlı kabul,23161.8159,45,2025,7,27
H00001,320.01.0010,IRS25703274,2025-07-15,120,0.12,64.6324,1,YERLİ,40.2,Numune kabul,H,Kalite onaylı,192.9325,60,2025,7,29
H00009,320.01.0005,IRS25703275,2025-08-06,5000,5,83.009,1,YERLİ,40.85,İthalat dosyası,H,Kalite onaylı,10160.2203,30,2025,8,32
H00012,320.01.0002,IRS25703276,2025-07-22,500,500,37.542,1,YERLİ,40.2,Numune kabul,E,Şartlı kabul,466.9403,30,2025,7,30
H00015,320.01.0013,IRS25703277,2025-07-03,120,0.12,43.7019,1,YERLİ,40.2,Mal kabul,E,,130.4534,90,2025,7,27
D00008,320.01.0004,IRS25703278,2025-08-10,2000,2000,388.469,1,YERLİ,40.85,Kısmi teslim,E,Kalite onaylı,19019.2901,0,2025,8,32
H00003,320.01.0020,IRS25703279,2025-07-19,5000,5,99.6285,1,YERLİ,40.2,Sevk irsaliyesi,E,,12391.6045,30,2025,7,29
H00004,320.01.0020,IRS25703280,2025-07-17,2000,2,95.3558,1,YERLİ,40.2,Numune kabul,H,,4744.0697,0,2025,7,29
H00012,320.01.0008,IRS25703281,2025-08-24,5000,5000,34.5277,1,YERLİ,40.85,Numune kabul,E,Kalite onaylı,4226.1567,60,2025,8,34
D00002,320.01.0035,IRS25703282,2025-08-03,10000,10000,75.9677,1,İTHAL,40.85,Kısmi teslim,H,Kalite onaylı,18596.7442,45,2025,8,31
H00006,320.01.0035,IRS25703283,2025-08-27,500,0.5,126.1755,1,İTHAL,40.85,Kısmi teslim,H,,1544.3758,30,2025,8,35
H00009,320.01.0003,IRS25703284,2025-09-29,500,0.5,89.0418,1,İTHAL,41.5,Sevk irsaliyesi,E,Şartlı kabul,1072.7928,90,2025,9,40
H00006,320.01.0002,IRS25703285,2025-08-14,120,0.12,120.9003,1,YERLİ,40.85,Sevk irsaliyesi,H,Kalite onaylı,355.1539,30,2025,8,33
H00009,320.01.0051,IRS25703286,2025-07-23,120,0.12,96.1471,1,YERLİ,40.2,Numune kabul,H,Kalite onaylı,287.0063,45,2025,7,30
D00009,320.01.0051,IRS25703287,2025-07-05,2000,2000,288.4477,1,YERLİ,40.2,İthalat dosyası,H,Şartlı kabul,14350.6318,60,2025,7,27
H00002,320.01.0003,IRS25703288,2025-10-03,10000,10,23.7752,1,İTHAL,42.15,İthalat dosyası,E,Şartlı kabul,5640.6168,30,2025,10,40
D00006,320.01.0003,IRS25703289,2025-07-12,250,250,411.2476,1,İTHAL,40.2,Sevk irsaliyesi,E,,2557.51,30,2025,7,28
H00002,320.01.0004,IRS25703290,2025-08-28,120,0.12,22.5128,1,YERLİ,40.85,İthalat dosyası,E,Kalite onaylı,66.1331,45,2025,8,35
D00009,320.01.0004,IRS25703291,2025-07-21,2000,2000,302.5154,1,YERLİ,40.2,Numune kabul,H,,15050.5174,0,2025,7,30
H00012,320.01.0028,IRS25703292,2025-08-20,500,500,33.2911,1,YERLİ,40.85,Numune kabul,H,Şartlı kabul,407.4798,0,2025,8,34
H00007,320.01.0028,IRS25703293,2025-08-11,5000,5,50.2523,1,YERLİ,40.85,Sevk irsaliyesi,H,Kalite onaylı,6150.8323,0,2025,8,33
D00010,320.01.0021,IRS25703294,2025-07-25,500,500,251.5791,1,YERLİ,40.2,İthalat dosyası,E,,3129.0933,45,2025,7,30
H00016,320.01.0021,IRS25703295,2025-07-30,5000,5000,111.1194,1,YERLİ,40.2,Numune kabul,E,,13820.8209,90,2025,7,31
H00008,320.01.0021,IRS25703296,2025-07-20,5000,5,70.299,1,YERLİ,40.2,Mal kabul,H,Şartlı kabul,8743.6567,45,2025,7,29
D00002,320.01.0010,IRS25703297,2025-09-01,120,120,77.3435,1,YERLİ,41.5,Sevk irsaliyesi,E,Şartlı kabul,223.6439,0,2025,9,36
D00003,320.01.0010,IRS25703298,2025-07-24,10000,10000,369.8361,1,YERLİ,40.2,Kısmi teslim,E,,91999.0299,45,2025,7,30
H00003,320.01.0043,IRS25703299,2025-07-25,125,0.125,84.4618,1,İTHAL,40.2,Mal kabul,E,Kalite onaylı,262.63,30,2025,7,30
H00007,320.01.0022,IRS25703300,2025-07-21,250,0.25,56.6278,1,YERLİ,40.2,İthalat dosyası,E,Şartlı kabul,352.1629,45,2025,7,30
D00002,320.01.0022,IRS25703301,2025-08-08,5000,5000,72.723,1,YERLİ,40.85,Sevk irsaliyesi,E,Kalite onaylı,8901.224,30,2025,8,32
D00005,320.01.0037,IRS25703302,2025-09-03,500,500,323.4696,1,İTHAL,41.5,Sevk irsaliyesi,H,Şartlı kabul,3897.2241,90,2025,9,36
D00005,320.01.0001,IRS25703304,2025-09-09,2000,2000,326.8264,1,YERLİ,41.5,İthalat dosyası,H,,15750.6699,30,2025,9,37
H00014,320.01.0001,IRS25703305,2025-08-11,2000,2,43.9563,1,YERLİ,40.85,Numune kabul,E,Kalite onaylı,2152.0832,30,2025,8,33
H00003,320.01.0020,IRS25703306,2025-08-25,500,0.5,84.0949,1,YERLİ,40.85,Numune kabul,E,Kalite onaylı,1029.3133,0,2025,8,35
D00004,320.01.0001,IRS25703307,2025-07-25,1000,1000,92.5376,1,YERLİ,40.2,Kısmi teslim,H,,2301.9303,0,2025,7,30
D00005,320.01.0004,IRS25703308,2025-08-09,120,120,374.6108,1,YERLİ,40.85,Numune kabul,E,,1100.4479,0,2025,8,32
H00014,320.01.0039,IRS25703309,2025-08-29,5000,5,43.8079,1,YERLİ,40.85,İthalat dosyası,H,Kalite onaylı,5362.0441,90,2025,8,35
D00010,320.01.0017,IRS25703311,2025-08-24,60,60,264.2522,1,YERLİ,40.85,Numune kabul,H,Kalite onaylı,388.1305,90,2025,8,34
H00002,320.01.0004,IRS25703312,2025-07-15,500,0.5,22.378,1,YERLİ,40.2,İthalat dosyası,H,,278.3333,0,2025,7,29
D00009,320.01.0001,IRS25703313,2025-08-16,120,120,274.195,1,YERLİ,40.85,İthalat dosyası,H,Şartlı kabul,805.4688,45,2025,8,33
D00005,320.01.0006,IRS25703315,2025-09-07,250,250,318.3704,1,YERLİ,41.5,Numune kabul,H,Kalite onaylı,1917.894,45,2025,9,36
D00012,320.01.0006,IRS25703316,2025-07-25,250,250,168.3265,1,YERLİ,40.2,İthalat dosyası,E,,1046.8066,30,2025,7,30
D00009,320.01.0025,IRS25703317,2025-08-20,5000,5000,298.7873,1,İTHAL,40.85,Sevk irsaliyesi,H,Kalite onaylı,36571.2729,90,2025,8,34
H00016,320.01.0008,IRS25703318,2025-09-29,500,500,100.0917,1,YERLİ,41.5,Kısmi teslim,E,,1205.9241,30,2025,9,40
D00005,320.01.0029,IRS25703319,2025-09-13,2000,2000,325.0364,1,YERLİ,41.5,Numune kabul,E,,15664.4048,0,2025,9,37
H00011,320.01.0001,IRS25703320,2025-07-22,2000,2,43.1081,1,YERLİ,40.2,Sevk irsaliyesi,E,Şartlı kabul,2144.6816,45,2025,7,30
H00009,320.01.0001,IRS25703321,2025-10-01,5000,5,103.7901,1,YERLİ,42.15,Mal kabul,H,Şartlı kabul,12311.9929,30,2025,10,40
D00012,320.01.0001,IRS25703322,2025-07-21,1000,1000,143.4368,1,YERLİ,40.2,Kısmi teslim,H,Kalite onaylı,3568.0796,30,2025,7,30
H00001,320.01.0001,IRS25703323,2025-07-30,500,0.5,61.6762,1,YERLİ,40.2,Sevk irsaliyesi,E,Kalite onaylı,767.1169,0,2025,7,31
H00010,320.01.0001,IRS25703324,2025-07-26,2000,2,27.3052,1,YERLİ,40.2,Kısmi teslim,H,Kalite onaylı,1358.4677,0,2025,7,30
H00008,320.01.0001,IRS25703325,2025-08-07,500,0.5,67.4825,1,YERLİ,40.85,Kısmi teslim,E,Şartlı kabul,825.9792,60,2025,8,32
H00007,320.01.0030,IRS25703326,2025-07-21,5000,5,59.308,1,YERLİ,40.2,Kısmi teslim,E,,7376.6169,45,2025,7,30
H00012,320.01.0055,IRS25703327,2025-07-27,120,120,38.819,1,İTHAL,40.2,Mal kabul,E,Şartlı kabul,115.8776,60,2025,7,30
H00003,320.01.0055,IRS25703328,2025-07-25,120,0.12,90.6111,1,İTHAL,40.2,Kısmi teslim,H,Şartlı kabul,270.4809,45,2025,7,30
D00002,320.01.0008,IRS25703329,2025-08-25,10000,10000,81.6706,1,YERLİ,40.85,İthalat dosyası,H,Şartlı kabul,19992.8029,45,2025,8,35
D00007,320.01.0003,IRS25703330,2025-09-09,1000,1000,90.2407,1,İTHAL,41.5,Mal kabul,E,Şartlı kabul,2174.4747,60,2025,9,37
D00010,320.01.0033,IRS25703331,2025-10-05,120,120,232.2508,1,YERLİ,42.15,Numune kabul,E,,661.2122,45,2025,10,40
D00002,320.01.0033,IRS25703332,2025-09-07,500,500,69.2582,1,YERLİ,41.5,İthalat dosyası,H,Kalite onaylı,834.4361,60,2025,9,36
D00003,320.01.0004,IRS25703333,2025-08-13,1000,1000,388.0062,1,YERLİ,40.85,Kısmi teslim,E,,9498.3158,0,2025,8,33
H00013,320.01.0004,IRS25703334,2025-09-14,5000,5000,103.9695,1,YERLİ,41.5,İthalat dosyası,H,Kalite onaylı,12526.4458,0,2025,9,37
D00003,320.01.0004,IRS25703335,2025-07-23,10000,10000,366.4221,1,YERLİ,40.2,Sevk irsaliyesi,H,Şartlı kabul,91149.7761,45,2025,7,30
D00010,320.01.0006,IRS25703336,2025-08-06,2000,2000,243.4731,1,YERLİ,40.85,Kısmi teslim,H,Kalite onaylı,11920.3476,0,2025,8,32
H00009,320.01.0018,IRS25703337,2025-08-02,500,0.5,92.0582,1,YERLİ,40.85,Mal kabul,E,Kalite onaylı,1126.7834,0,2025,8,31
D00012,320.01.0018,IRS25703338,2025-08-07,2000,2000,171.4202,1,YERLİ,40.85,Mal kabul,H,Şartlı kabul,8392.6659,30,2025,8,32
H00002,320.01.0018,IRS25703339,2025-08-12,120,0.12,22.5394,1,YERLİ,40.85,Sevk irsaliyesi,E,,66.2112,90,2025,8,33
H00007,320.01.0020,IRS25703340,2025-09-10,1000,1,52.6359,1,YERLİ,41.5,Numune kabul,E,,1268.3349,30,2025,9,37
H00005,320.01.0020,IRS25703341,2025-07-29,500,0.5,72.7646,1,YERLİ,40.2,İthalat dosyası,H,,905.0323,45,2025,7,31
D00012,320.01.0002,IRS25703342,2025-10-19,5000,5000,167.019,1,YERLİ,42.15,Kısmi teslim,E,,19812.4555,45,2025,10,42
H00010,320.01.0002,IRS25703343,2025-07-20,120,0.12,26.922,1,YERLİ,40.2,İthalat dosyası,H,Kalite onaylı,80.3642,45,2025,7,29
H00015,320.01.0002,IRS25703344,2025-07-26,2000,2,52.2844,1,YERLİ,40.2,Sevk irsaliyesi,E,,2601.2139,0,2025,7,30
H00010,320.01.0006,IRS25703345,2025-09-05,500,0.5,27.6947,1,YERLİ,41.5,İthalat dosyası,H,,333.6711,30,2025,9,36
D00005,320.01.0001,IRS25703346,2025-07-19,5000,5000,374.7744,1,YERLİ,40.2,Kısmi teslim,E,Şartlı kabul,46613.7313,60,2025,7,29
D00004,320.01.0006,IRS25703347,2025-08-21,500,500,95.2622,1,YERLİ,40.85,İthalat dosyası,E,Kalite onaylı,1166,30,2025,8,34
H00002,320.01.0006,IRS25703348,2025-10-15,2000,2,25.864,1,YERLİ,42.15,Numune kabul,E,Kalite onaylı,1227.2361,0,2025,10,42
H00011,320.01.0005,IRS25703349,2025-08-18,120,0.12,46.1337,1,YERLİ,40.85,İthalat dosyası,H,Şartlı kabul,135.5213,30,2025,8,34
H00014,320.01.0005,IRS25703350,2025-08-29,10000,10,40.402,1,YERLİ,40.85,Kısmi teslim,E,,9890.3305,45,2025,8,35
D00003,320.01.0026,IRS25703351,2025-09-04,120,120,406.5945,1,YERLİ,41.5,Numune kabul,E,,1175.6949,0,2025,9,36
D00006,320.01.0026,IRS25703352,2025-08-16,500,500,381.4351,1,YERLİ,40.85,Numune kabul,H,Şartlı kabul,4668.7283,60,2025,8,33
H00014,320.01.0001,IRS25703353,2025-09-14,1000,1,42.4114,1,YERLİ,41.5,Numune kabul,E,Şartlı kabul,1021.9614,60,2025,9,37
H00015,320.01.0001,IRS25703354,2025-07-24,5000,5,43.862,1,YERLİ,40.2,Mal kabul,H,Kalite onaylı,5455.4726,0,2025,7,30
H00009,320.01.0017,IRS25703355,2025-08-04,250,0.25,98.7926,1,YERLİ,40.85,Sevk irsaliyesi,E,Kalite onaylı,604.6059,0,2025,8,32
H00010,320.01.0017,IRS25703356,2025-10-14,250,0.25,25.0673,1,YERLİ,42.15,Numune kabul,H,Şartlı kabul,148.6791,45,2025,10,42
H00016,320.01.0001,IRS25703357,2025-07-30,120,120,95.0299,1,YERLİ,40.2,Numune kabul,E,Kalite onaylı,283.6713,90,2025,7,31
H00001,320.01.0008,IRS25703358,2025-08-29,2000,2,65.2162,1,YERLİ,40.85,Sevk irsaliyesi,H,,3192.9596,0,2025,8,35
D00009,320.01.0008,IRS25703359,2025-08-01,2000,2000,262.9719,1,YERLİ,40.85,Sevk irsaliyesi,E,Kalite onaylı,12875.0012,60,2025,8,31
D00006,320.01.0021,IRS25703360,2025-08-11,10000,10000,347.2277,1,YERLİ,40.85,Kısmi teslim,H,Kalite onaylı,85000.661,45,2025,8,33
D00008,320.01.0015,IRS25703361,2025-10-12,10000,10000,381.2234,1,YERLİ,42.15,Kısmi teslim,E,,90444.4603,45,2025,10,41
D00004,320.01.0001,IRS25703362,2025-09-11,5000,5000,75.7632,1,YERLİ,41.5,İthalat dosyası,H,Kalite onaylı,9128.0964,30,2025,9,37
D00003,320.01.0002,IRS25703363,2025-09-09,2000,2000,371.7369,1,YERLİ,41.5,Kısmi teslim,H,Kalite onaylı,17915.0313,45,2025,9,37
D00007,320.01.0002,IRS25703364,2025-10-19,1000,1000,99.6664,1,YERLİ,42.15,Kısmi teslim,H,Şartlı kabul,2364.5647,0,2025,10,42
H00015,320.01.0031,IRS25703365,2025-09-06,1000,1,43.8415,1,YERLİ,41.5,Mal kabul,E,,1056.4217,60,2025,9,36
D00004,320.01.0031,IRS25703366,2025-08-29,10000,10000,80.7231,1,YERLİ,40.85,Sevk irsaliyesi,H,Şartlı kabul,19760.8568,45,2025,8,35
D00005,320.01.0003,IRS25703367,2025-09-26,120,120,358.6112,1,İTHAL,41.5,Numune kabul,H,Şartlı kabul,1036.948,45,2025,9,39
H00009,320.01.0002,IRS25703368,2025-07-25,500,0.5,94.7322,1,YERLİ,40.2,Kısmi teslim,H,,1178.2612,90,2025,7,30
H00001,320.01.0002,IRS25703369,2025-07-28,2000,2,56.1797,1,YERLİ,40.2,Sevk irsaliyesi,E,Kalite onaylı,2795.01,90,2025,7,31
D00009,320.01.0002,IRS25703370,2025-07-30,1000,1000,299.2826,1,YERLİ,40.2,Mal kabul,H,Kalite onaylı,7444.8408,30,2025,7,31
D00011,320.01.0008,IRS25703371,2025-09-08,250,250,12.0742,1,YERLİ,41.5,Sevk irsaliyesi,E,Şartlı kabul,72.7361,0,2025,9,37
H00009,320.01.0049,IRS25703372,2025-08-31,10000,10,86.6787,1,YERLİ,40.85,Sevk irsaliyesi,H,Kalite onaylı,21218.776,0,2025,8,35
H00002,320.01.0049,IRS25703373,2025-08-13,120,0.12,26.1969,1,YERLİ,40.85,Kısmi teslim,E,,76.9554,90,2025,8,33
D00002,320.01.0049,IRS25703374,2025-10-27,2000,2000,79.1669,1,YERLİ,42.15,Kısmi teslim,H,,3756.4365,60,2025,10,44
H00006,320.01.0002,IRS25703375,2025-08-10,250,0.25,132.6385,1,YERLİ,40.85,Numune kabul,E,,811.7411,45,2025,8,32
D00008,320.01.0048,IRS25703376,2025-07-29,2000,2000,393.0859,1,YERLİ,40.2,Mal kabul,H,,19556.5124,60,2025,7,31
H00007,320.01.0048,IRS25703377,2025-09-28,1000,1,55.1086,1,YERLİ,41.5,Numune kabul,E,Kalite onaylı,1327.9181,45,2025,9,39
D00002,320.01.0048,IRS25703378,2025-08-12,10000,10000,82.5004,1,YERLİ,40.85,Mal kabul,E,,20195.9364,30,2025,8,33
H00007,320.01.0016,IRS25703379,2025-10-19,10000,10,60.3522,1,YERLİ,42.15,Sevk irsaliyesi,H,,14318.4342,45,2025,10,42
D00010,320.01.0002,IRS25703380,2025-07-25,120,120,225.0271,1,YERLİ,40.2,İthalat dosyası,E,Şartlı kabul,671.7227,60,2025,7,30
D00006,320.01.0002,IRS25703381,2025-08-09,5000,5000,415.5362,1,YERLİ,40.85,Numune kabul,E,,50861.224,30,2025,8,32
D00004,320.01.0004,IRS25703382,2025-09-30,120,120,90.1276,1,YERLİ,41.5,Mal kabul,H,Kalite onaylı,260.6099,30,2025,9,40
D00011,320.01.0004,IRS25703383,2025-08-13,2000,2000,10.1067,1,YERLİ,40.85,İthalat dosyası,H,Şartlı kabul,494.8201,90,2025,8,33
D00002,320.01.0004,IRS25703384,2025-09-04,10000,10000,75.5366,1,YERLİ,41.5,Sevk irsaliyesi,E,,18201.5904,30,2025,9,36
D00009,320.01.0010,IRS25703385,2025-09-25,5000,5000,286.1381,1,YERLİ,41.5,Kısmi teslim,E,Şartlı kabul,34474.4699,45,2025,9,39
D00004,320.01.0002,IRS25703386,2025-08-05,1000,1000,82.0169,1,YERLİ,40.85,Mal kabul,H,Şartlı kabul,2007.7576,90,2025,8,32
H00016,320.01.0005,IRS25703387,2025-09-28,1000,1000,109.7194,1,YERLİ,41.5,İthalat dosyası,H,Şartlı kabul,2643.841,30,2025,9,39
H00003,320.01.0006,IRS25703388,2025-10-28,500,0.5,90.6711,1,YERLİ,42.15,Kısmi teslim,H,,1075.5765,0,2025,10,44
D00012,320.01.0006,IRS25703389,2025-08-09,1000,1000,157.5338,1,YERLİ,40.85,Mal kabul,H,,3856.3966,45,2025,8,32
H00002,320.01.0006,IRS25703390,2025-10-30,10000,10,25.7979,1,YERLİ,42.15,Mal kabul,E,Şartlı kabul,6120.4982,0,2025,10,44
D00007,320.01.0004,IRS25703391,2025-08-24,250,250,94.4531,1,YERLİ,40.85,Numune kabul,E,Kalite onaylı,578.0483,30,2025,8,34
H00011,320.01.0004,IRS25703392,2025-10-27,500,0.5,48.6964,1,YERLİ,42.15,İthalat dosyası,H,Şartlı kabul,577.656,45,2025,10,44
H00013,320.01.0020,IRS25703393,2025-09-27,2000,2000,119.1664,1,YERLİ,41.5,Mal kabul,E,,5742.959,90,2025,9,39
H00009,320.01.0022,IRS25703394,2025-08-06,120,0.12,94.7002,1,YERLİ,40.85,Numune kabul,H,Kalite onaylı,278.1891,0,2025,8,32
H00010,320.01.0022,IRS25703395,2025-09-02,1000,1,29.422,1,YERLİ,41.5,Numune kabul,E,,708.9639,0,2025,9,36
D00008,320.01.0012,IRS25703396,2025-10-24,500,500,361.217,1,YERLİ,42.15,Mal kabul,E,Şartlı kabul,4284.8992,30,2025,10,43
D00007,320.01.0041,IRS25703397,2025-08-21,1000,1000,89.2012,1,İTHAL,40.85,Numune kabul,E,Şartlı kabul,2183.6279,90,2025,8,34
D00005,320.01.0041,IRS25703398,2025-09-30,250,250,332.0455,1,İTHAL,41.5,Mal kabul,H,,2000.2741,90,2025,9,40
H00005,320.01.0007,IRS25703399,2025-10-25,1000,1,70.3049,1,YERLİ,42.15,Sevk irsaliyesi,E,,1667.9692,30,2025,10,43
H00011,320.01.0024,IRS25703400,2025-10-23,120,0.12,39.9399,1,YERLİ,42.15,İthalat dosyası,E,Şartlı kabul,113.7079,60,2025,10,43
H00004,320.01.0024,IRS25703401,2025-08-14,10000,10,92.8316,1,YERLİ,40.85,Numune kabul,H,Kalite onaylı,22724.9939,45,2025,8,33
H00010,320.01.0002,IRS25703402,2025-08-20,120,0.12,29.8127,1,YERLİ,40.85,Kısmi teslim,H,Kalite onaylı,87.5771,45,2025,8,34
H00010,320.01.0002,IRS25703403,2025-08-26,5000,5,26.5857,1,YERLİ,40.85,Mal kabul,E,,3254.0636,90,2025,8,35
H00004,320.01.0041,IRS25703404,2025-10-01,2000,2,89.6702,1,İTHAL,42.15,İthalat dosyası,E,Şartlı kabul,4254.8138,45,2025,10,40
H00010,320.01.0041,IRS25703405,2025-08-19,2000,2,26.4665,1,İTHAL,40.85,İthalat dosyası,E,Şartlı kabul,1295.7895,60,2025,8,34
H00004,320.01.0041,IRS25703406,2025-10-29,120,0.12,83.7024,1,İTHAL,42.15,İthalat dosyası,H,,238.2986,0,2025,10,44
D00008,320.01.0002,IRS25703407,2025-08-14,2000,2000,332.3225,1,YERLİ,40.85,Mal kabul,H,,16270.3794,90,2025,8,33
D00002,320.01.0017,IRS25703410,2025-08-18,250,250,82.3356,1,YERLİ,40.85,Kısmi teslim,E,,503.8898,90,2025,8,34
D00011,320.01.0001,IRS25703411,2025-08-10,1000,1000,11.9191,1,YERLİ,40.85,Sevk irsaliyesi,H,,291.7772,0,2025,8,32
D00004,320.01.0009,IRS25703413,2025-09-14,2000,2000,91.4604,1,YERLİ,41.5,Sevk irsaliyesi,E,Şartlı kabul,4407.7301,60,2025,9,37
H00005,320.01.0009,IRS25703414,2025-09-19,120,0.12,73.97,1,YERLİ,41.5,Kısmi teslim,H,,213.8892,0,2025,9,38
D00002,320.01.0009,IRS25703415,2025-09-22,1000,1000,71.4723,1,YERLİ,41.5,İthalat dosyası,H,Şartlı kabul,1722.2241,30,2025,9,39
D00005,320.01.0004,IRS25703416,2025-11-01,120,120,305.6883,1,YERLİ,42.8,İthalat dosyası,E,Şartlı kabul,857.07,60,2025,11,44
D00008,320.01.0004,IRS25703417,2025-08-23,1000,1000,419.8548,1,YERLİ,40.85,Mal kabul,E,,10277.9633,60,2025,8,34
D00005,320.01.0018,IRS25703418,2025-08-18,10000,10000,331.4768,1,YERLİ,40.85,Numune kabul,E,Kalite onaylı,81144.8715,0,2025,8,34
D00002,320.01.0051,IRS25703419,2025-09-18,120,120,81.5811,1,YERLİ,41.5,Kısmi teslim,H,,235.8972,45,2025,9,38
D00011,320.01.0028,IRS25703420,2025-08-06,2000,2000,12.7512,1,YERLİ,40.85,Mal kabul,H,Kalite onaylı,624.2938,30,2025,8,32
H00003,320.01.0001,IRS25703421,2025-09-10,120,0.12,86.3209,1,YERLİ,41.5,Mal kabul,E,Şartlı kabul,249.6026,90,2025,9,37
H00001,320.01.0001,IRS25703422,2025-09-18,5000,5,66.1755,1,YERLİ,41.5,Sevk irsaliyesi,H,Kalite onaylı,7972.9518,90,2025,9,38
H00014,320.01.0001,IRS25703423,2025-08-12,500,0.5,41.3401,1,YERLİ,40.85,Mal kabul,H,Kalite onaylı,505.9988,60,2025,8,33
D00004,320.01.0005,IRS25703424,2025-09-29,2000,2000,80.3699,1,YERLİ,41.5,İthalat dosyası,H,Şartlı kabul,3873.2482,45,2025,9,40
D00011,320.01.0003,IRS25703425,2025-09-25,250,250,11.7683,1,İTHAL,41.5,Sevk irsaliyesi,H,Şartlı kabul,70.8934,60,2025,9,39
H00009,320.01.0003,IRS25703426,2025-08-31,10000,10,86.2625,1,İTHAL,40.85,Kısmi teslim,E,Kalite onaylı,21116.8911,45,2025,8,35
D00010,320.01.0003,IRS25703427,2025-10-28,500,500,234.1857,1,İTHAL,42.15,Sevk irsaliyesi,H,Kalite onaylı,2778.0036,0,2025,10,44
H00010,320.01.0001,IRS25703428,2025-08-22,120,0.12,25.1881,1,YERLİ,40.85,Sevk irsaliyesi,E,Şartlı kabul,73.992,30,2025,8,34
D00007,320.01.0001,IRS25703429,2025-08-21,250,250,89.4213,1,YERLİ,40.85,İthalat dosyası,H,Şartlı kabul,547.254,0,2025,8,34
D00001,320.01.0001,IRS25703430,2025-08-22,1000,1000,45.6107,1,YERLİ,40.85,Sevk irsaliyesi,E,Şartlı kabul,1116.541,45,2025,8,34
D00003,320.01.0005,IRS25703431,2025-10-28,250,250,379.1622,1,YERLİ,42.15,Kısmi teslim,E,,2248.8861,60,2025,10,44
H00015,320.01.0002,IRS25703432,2025-08-28,10000,10,54.7413,1,YERLİ,40.85,İthalat dosyası,E,Şartlı kabul,13400.563,60,2025,8,35
H00015,320.01.0002,IRS25703433,2025-08-18,2000,2,55.3882,1,YERLİ,40.85,Mal kabul,E,Kalite onaylı,2711.7846,0,2025,8,34
D00001,320.01.0002,IRS25703434,2025-09-04,2000,2000,40.2725,1,YERLİ,41.5,Sevk irsaliyesi,H,,1940.8434,60,2025,9,36
H00011,320.01.0002,IRS25703435,2025-11-04,250,0.25,43.3353,1,YERLİ,42.8,Kısmi teslim,E,Şartlı kabul,253.1268,30,2025,11,45
D00001,320.01.0017,IRS25703436,2025-10-03,10000,10000,44.285,1,YERLİ,42.15,Numune kabul,E,Şartlı kabul,10506.5243,45,2025,10,40
D00011,320.01.0008,IRS25703437,2025-08-19,500,500,11.9991,1,YERLİ,40.85,Kısmi teslim,H,,146.8678,90,2025,8,34
H00012,320.01.0008,IRS25703438,2025-11-05,120,120,36.6957,1,YERLİ,42.8,Numune kabul,H,,102.8851,30,2025,11,45
H00012,320.01.0020,IRS25703440,2025-10-14,10000,10000,34.6996,1,YERLİ,42.15,İthalat dosyası,E,,8232.4081,60,2025,10,42
D00005,320.01.0001,IRS25703441,2025-11-11,500,500,317.3689,1,YERLİ,42.8,İthalat dosyası,H,Kalite onaylı,3707.5806,45,2025,11,46
H00014,320.01.0001,IRS25703442,2025-09-28,500,0.5,41.5231,1,YERLİ,41.5,Kısmi teslim,H,,500.2783,45,2025,9,39
H00008,320.01.0017,IRS25703443,2025-09-27,1000,1,73.4315,1,YERLİ,41.5,Kısmi teslim,H,Şartlı kabul,1769.4337,0,2025,9,39
D00002,320.01.0017,IRS25703444,2025-09-06,120,120,73.6605,1,YERLİ,41.5,İthalat dosyası,H,Kalite onaylı,212.9942,0,2025,9,36
H00006,320.01.0017,IRS25703445,2025-09-23,10000,10,134.6422,1,YERLİ,41.5,İthalat dosyası,H,Şartlı kabul,32443.9036,0,2025,9,39
H00011,320.01.0034,IRS25703446,2025-09-16,120,0.12,43.7335,1,YERLİ,41.5,Sevk irsaliyesi,H,,126.4583,45,2025,9,38
D00003,320.01.0015,IRS25703447,2025-09-28,120,120,402.8011,1,YERLİ,41.5,İthalat dosyası,E,Şartlı kabul,1164.7261,30,2025,9,39
H00011,320.01.0045,IRS25703449,2025-10-05,1000,1,46.2897,1,YERLİ,42.15,Numune kabul,E,Kalite onaylı,1098.2135,60,2025,10,40
H00013,320.01.0029,IRS25703450,2025-08-29,5000,5000,121.4579,1,YERLİ,40.85,Mal kabul,E,,14866.328,45,2025,8,35
D00004,320.01.0029,IRS25703451,2025-09-16,250,250,87.289,1,YERLİ,41.5,Sevk irsaliyesi,H,Şartlı kabul,525.8373,90,2025,9,38
H00004,320.01.0029,IRS25703452,2025-08-29,120,0.12,78.1247,1,YERLİ,40.85,İthalat dosyası,H,Şartlı kabul,229.4973,45,2025,8,35
H00010,320.01.0011,IRS25703453,2025-10-13,2000,2,24.9661,1,YERLİ,42.15,Sevk irsaliyesi,H,Kalite onaylı,1184.6311,30,2025,10,42
D00003,320.01.0001,IRS25703454,2025-08-19,250,250,388.5218,1,YERLİ,40.85,İthalat dosyası,E,Şartlı kabul,2377.7344,30,2025,8,34
D00009,320.01.0002,IRS25703455,2025-09-06,1000,1000,329.348,1,YERLİ,41.5,Sevk irsaliyesi,H,Şartlı kabul,7936.0964,90,2025,9,36
D00007,320.01.0019,IRS25703456,2025-09-03,250,250,109.4554,1,YERLİ,41.5,Numune kabul,H,Kalite onaylı,659.3699,30,2025,9,36
H00010,320.01.0019,IRS25703457,2025-08-21,1000,1,28.3988,1,YERLİ,40.85,Sevk irsaliyesi,E,Kalite onaylı,695.1971,30,2025,8,34
H00002,320.01.0003,IRS25703459,2025-08-22,10000,10,25.2691,1,İTHAL,40.85,İthalat dosyası,H,Şartlı kabul,6185.8262,30,2025,8,34
H00007,320.01.0003,IRS25703460,2025-08-28,120,0.12,56.2792,1,İTHAL,40.85,Mal kabul,E,,165.3245,30,2025,8,35
H00012,320.01.0006,IRS25703461,2025-11-14,500,500,34.1991,1,YERLİ,42.8,İthalat dosyası,H,Kalite onaylı,399.5222,60,2025,11,46
H00010,320.01.0006,IRS25703462,2025-10-04,2000,2,27.8946,1,YERLİ,42.15,Sevk irsaliyesi,E,Kalite onaylı,1323.5872,30,2025,10,40
H00004,320.01.0049,IRS25703463,2025-09-03,1000,1,80.019,1,YERLİ,41.5,Mal kabul,H,Şartlı kabul,1928.1687,30,2025,9,36
H00008,320.01.0049,IRS25703464,2025-09-25,10000,10,83.7687,1,YERLİ,41.5,Mal kabul,H,,20185.2289,45,2025,9,39
D00006,320.01.0002,IRS25703465,2025-09-22,1000,1000,396.5051,1,YERLİ,41.5,İthalat dosyası,H,Şartlı kabul,9554.3398,0,2025,9,39
D00012,320.01.0002,IRS25703466,2025-08-22,1000,1000,158.4159,1,YERLİ,40.85,Numune kabul,E,Kalite onaylı,3877.9902,0,2025,8,34
D00005,320.01.0001,IRS25703467,2025-09-10,10000,10000,343.4398,1,YERLİ,41.5,Mal kabul,H,Şartlı kabul,82756.5783,0,2025,9,37
H00008,320.01.0001,IRS25703468,2025-09-07,2000,2,80.4743,1,YERLİ,41.5,Sevk irsaliyesi,H,Şartlı kabul,3878.2795,30,2025,9,36
H00012,320.01.0015,IRS25703469,2025-08-24,120,120,42.2004,1,YERLİ,40.85,Mal kabul,H,Şartlı kabul,123.9669,30,2025,8,34
D00001,320.01.0015,IRS25703470,2025-10-05,250,250,39.956,1,YERLİ,42.15,Kısmi teslim,E,Şartlı kabul,236.987,0,2025,10,40
H00010,320.01.0055,IRS25703471,2025-08-22,5000,5,25.2433,1,İTHAL,40.85,Sevk irsaliyesi,E,,3089.7552,0,2025,8,34
D00009,320.01.0055,IRS25703472,2025-10-20,2000,2000,315.3799,1,İTHAL,42.15,Mal kabul,H,Şartlı kabul,14964.6453,45,2025,10,43
D00006,320.01.0008,IRS25703473,2025-10-02,120,120,373.479,1,YERLİ,42.15,Mal kabul,E,Kalite onaylı,1063.2854,45,2025,10,40
D00012,320.01.0008,IRS25703474,2025-08-26,250,250,155.8684,1,YERLİ,40.85,Numune kabul,E,Kalite onaylı,953.907,90,2025,8,35
H00010,320.01.0004,IRS25703475,2025-09-01,2000,2,31.6819,1,YERLİ,41.5,Numune kabul,E,Şartlı kabul,1526.8386,30,2025,9,36
D00012,320.01.0007,IRS25703476,2025-09-27,1000,1000,153.5731,1,YERLİ,41.5,Numune kabul,E,,3700.5566,30,2025,9,39
H00004,320.01.0007,IRS25703477,2025-11-14,120,0.12,93.9331,1,YERLİ,42.8,Sevk irsaliyesi,E,Şartlı kabul,263.3638,60,2025,11,46
D00008,320.01.0007,IRS25703478,2025-08-20,10000,10000,360.8145,1,YERLİ,40.85,İthalat dosyası,E,,88326.683,60,2025,8,34
D00006,320.01.0007,IRS25703479,2025-11-22,500,500,402.0856,1,YERLİ,42.8,Sevk irsaliyesi,E,Şartlı kabul,4697.2617,45,2025,11,47
D00002,320.01.0011,IRS25703480,2025-09-06,1000,1000,69.0755,1,YERLİ,41.5,İthalat dosyası,E,Kalite onaylı,1664.4699,0,2025,9,36
H00012,320.01.0029,IRS25703481,2025-11-17,500,500,36.9584,1,YERLİ,42.8,İthalat dosyası,H,Şartlı kabul,431.757,30,2025,11,47
D00011,320.01.0028,IRS25703482,2025-11-18,10000,10000,12.045,1,YERLİ,42.8,Sevk irsaliyesi,E,Kalite onaylı,2814.2523,0,2025,11,47
H00010,320.01.0052,IRS25703483,2025-09-21,5000,5,28.8953,1,YERLİ,41.5,İthalat dosyası,H,Kalite onaylı,3481.3614,0,2025,9,38
H00004,320.01.0027,IRS25703484,2025-11-19,500,0.5,86.9801,1,YERLİ,42.8,Kısmi teslim,E,,1016.1227,90,2025,11,47
H00005,320.01.0027,IRS25703485,2025-10-09,1000,1,72.1478,1,YERLİ,42.15,Numune kabul,E,Kalite onaylı,1711.6916,0,2025,10,41
D00008,320.01.0027,IRS25703486,2025-09-03,1000,1000,400.5907,1,YERLİ,41.5,Kısmi teslim,E,,9652.788,30,2025,9,36
H00004,320.01.0002,IRS25703487,2025-11-19,5000,5,93.5635,1,YERLİ,42.8,Sevk irsaliyesi,E,Kalite onaylı,10930.3154,60,2025,11,47
D00003,320.01.0036,IRS25703488,2025-09-05,5000,5000,361.4587,1,YERLİ,41.5,Numune kabul,E,Kalite onaylı,43549.241,45,2025,9,36
D00010,320.01.0036,IRS25703489,2025-08-26,500,500,279.4797,1,YERLİ,40.85,İthalat dosyası,H,,3420.8042,90,2025,8,35
D00005,320.01.0036,IRS25703490,2025-11-22,1000,1000,364.8193,1,YERLİ,42.8,İthalat dosyası,H,Şartlı kabul,8523.8154,60,2025,11,47
H00015,320.01.0001,IRS25703491,2025-08-31,1000,1,53.9047,1,YERLİ,40.85,Mal kabul,H,Kalite onaylı,1319.5765,30,2025,8,35
D00007,320.01.0001,IRS25703492,2025-08-31,1000,1000,94.3075,1,YERLİ,40.85,Kısmi teslim,H,Şartlı kabul,2308.6291,30,2025,8,35
H00016,320.01.0002,IRS25703493,2025-09-04,250,250,95.1065,1,YERLİ,41.5,Kısmi teslim,H,Şartlı kabul,572.9307,60,2025,9,36
D00009,320.01.0002,IRS25703494,2025-09-07,2000,2000,269.967,1,YERLİ,41.5,Numune kabul,H,,13010.4578,30,2025,9,36
D00005,320.01.0017,IRS25703495,2025-09-14,5000,5000,353.8782,1,YERLİ,41.5,Kısmi teslim,E,Şartlı kabul,42635.9277,45,2025,9,37
H00010,320.01.0015,IRS25703496,2025-09-24,1000,1,28.0729,1,YERLİ,41.5,Sevk irsaliyesi,H,Kalite onaylı,676.4554,60,2025,9,39
D00010,320.01.0015,IRS25703497,2025-09-21,500,500,226.0188,1,YERLİ,41.5,Mal kabul,E,,2723.1181,60,2025,9,38
D00010,320.01.0012,IRS25703498,2025-09-03,1000,1000,227.1066,1,YERLİ,41.5,İthalat dosyası,H,Kalite onaylı,5472.4482,90,2025,9,36
D00008,320.01.0001,IRS25703499,2025-09-02,2000,2000,418.842,1,YERLİ,41.5,Mal kabul,E,Kalite onaylı,20185.1566,60,2025,9,36
H00004,320.01.0049,IRS25703500,2025-09-04,120,0.12,87.6203,1,YERLİ,41.5,İthalat dosyası,H,Kalite onaylı,253.3599,90,2025,9,36
D00012,320.01.0049,IRS25703501,2025-11-29,10000,10000,145.6103,1,YERLİ,42.8,İthalat dosyası,H,Kalite onaylı,34021.0981,60,2025,11,48
H00009,320.01.0045,IRS25703502,2025-10-10,5000,5,90.7891,1,YERLİ,42.15,Mal kabul,H,Şartlı kabul,10769.7628,0,2025,10,41
H00010,320.01.0045,IRS25703503,2025-11-22,500,0.5,28.4794,1,YERLİ,42.8,Sevk irsaliyesi,H,Şartlı kabul,332.7033,90,2025,11,47
H00010,320.01.0001,IRS25703504,2025-09-13,1000,1,24.9184,1,YERLİ,41.5,İthalat dosyası,H,Kalite onaylı,600.4434,0,2025,9,37
H00010,320.01.0001,IRS25703505,2025-09-10,2000,2,30.932,1,YERLİ,41.5,Mal kabul,E,Şartlı kabul,1490.6988,90,2025,9,37
H00012,320.01.0011,IRS25703506,2025-09-24,10000,10000,35.8103,1,YERLİ,41.5,Numune kabul,H,,8628.988,90,2025,9,39
H00007,320.01.0004,IRS25703507,2025-11-23,500,0.5,61.1982,1,YERLİ,42.8,Sevk irsaliyesi,E,,714.9322,0,2025,11,47
D00006,320.01.0004,IRS25703508,2025-09-19,250,250,358.8021,1,YERLİ,41.5,Sevk irsaliyesi,E,,2161.4584,90,2025,9,38
H00003,320.01.0004,IRS25703509,2025-09-02,1000,1,102.9815,1,YERLİ,41.5,Sevk irsaliyesi,H,,2481.4819,45,2025,9,36
D00001,320.01.0004,IRS25703510,2025-11-25,500,500,40.1024,1,YERLİ,42.8,Mal kabul,E,Şartlı kabul,468.486,45,2025,11,48
H00001,320.01.0004,IRS25703511,2025-09-07,1000,1,58.0477,1,YERLİ,41.5,Kısmi teslim,H,,1398.7398,0,2025,9,36
H00016,320.01.0001,IRS25703512,2025-11-25,10000,10000,100.1151,1,YERLİ,42.8,Kısmi teslim,H,Kalite onaylı,23391.3785,0,2025,11,48
H00015,320.01.0001,IRS25703513,2025-09-15,250,0.25,56.2478,1,YERLİ,41.5,İthalat dosyası,E,Kalite onaylı,338.8422,45,2025,9,38
D00009,320.01.0001,IRS25703514,2025-09-03,250,250,277.8944,1,YERLİ,41.5,Mal kabul,H,Kalite onaylı,1674.0627,60,2025,9,36
D00012,320.01.0002,IRS25703515,2025-09-10,1000,1000,155.2018,1,YERLİ,41.5,Numune kabul,H,,3739.8024,30,2025,9,37
H00013,320.01.0037,IRS25703516,2025-11-02,5000,5000,121.8162,1,İTHAL,42.8,Sevk irsaliyesi,H,Kalite onaylı,14230.8645,90,2025,11,44
H00005,320.01.0037,IRS25703517,2025-09-15,1000,1,70.8404,1,İTHAL,41.5,Sevk irsaliyesi,E,,1706.9976,0,2025,9,38
D00009,320.01.0039,IRS25703518,2025-09-25,10000,10000,317.926,1,YERLİ,41.5,İthalat dosyası,E,Kalite onaylı,76608.6747,60,2025,9,39
H00004,320.01.0039,IRS25703519,2025-09-27,1000,1,80.5972,1,YERLİ,41.5,Kısmi teslim,E,,1942.1012,30,2025,9,39
D00010,320.01.0006,IRS25703520,2025-10-09,10000,10000,222.7035,1,YERLİ,42.15,İthalat dosyası,E,Şartlı kabul,52835.9431,90,2025,10,41
D00006,320.01.0006,IRS25703521,2025-09-16,2000,2000,396.0301,1,YERLİ,41.5,İthalat dosyası,E,,19085.788,0,2025,9,38
H00006,320.01.0002,IRS25703522,2025-09-11,2000,2,132.1365,1,YERLİ,41.5,Mal kabul,E,Şartlı kabul,6368.0241,90,2025,9,37
H00007,320.01.0001,IRS25703523,2025-12-04,5000,5,61.667,1,YERLİ,43.45,Mal kabul,H,,7096.3176,60,2025,12,49
D00010,320.01.0001,IRS25703524,2025-09-09,2000,2000,233.0122,1,YERLİ,41.5,Kısmi teslim,H,Kalite onaylı,11229.5036,90,2025,9,37
D00001,320.01.0008,IRS25703525,2025-09-17,10000,10000,48.554,1,YERLİ,41.5,Sevk irsaliyesi,E,,11699.759,30,2025,9,38
H00015,320.01.0008,IRS25703526,2025-09-18,10000,10,52.9731,1,YERLİ,41.5,Sevk irsaliyesi,H,Şartlı kabul,12764.6024,0,2025,9,38
D00010,320.01.0008,IRS25703527,2025-11-05,120,120,228.6875,1,YERLİ,42.8,Kısmi teslim,E,Şartlı kabul,641.1799,0,2025,11,45
H00006,320.01.0007,IRS25703528,2025-09-28,120,0.12,131.0397,1,YERLİ,41.5,Kısmi teslim,H,Kalite onaylı,378.91,0,2025,9,39
D00001,320.01.0001,IRS25703529,2025-10-05,60,60,49.3425,1,YERLİ,42.15,Kısmi teslim,E,Kalite onaylı,70.2384,0,2025,10,40
H00008,320.01.0001,IRS25703530,2025-11-30,2000,2,68.1161,1,YERLİ,42.8,Numune kabul,H,,3182.9953,45,2025,11,48
H00015,320.01.0015,IRS25703531,2025-09-27,2000,2,48.2206,1,YERLİ,41.5,İthalat dosyası,H,,2323.8843,30,2025,9,39
H00002,320.01.0015,IRS25703532,2025-10-23,10000,10,23.2096,1,YERLİ,42.15,Sevk irsaliyesi,E,,5506.4294,90,2025,10,43
D00002,320.01.0012,IRS25703533,2025-09-22,5000,5000,84.7501,1,YERLİ,41.5,Mal kabul,E,Şartlı kabul,10210.8554,0,2025,9,39
D00010,320.01.0012,IRS25703534,2025-11-01,10000,10000,232.3453,1,YERLİ,42.8,Sevk irsaliyesi,H,Şartlı kabul,54286.285,90,2025,11,44
D00003,320.01.0002,IRS25703535,2025-09-09,2000,2000,412.8155,1,YERLİ,41.5,Kısmi teslim,E,,19894.7229,0,2025,9,37
H00005,320.01.0002,IRS25703536,2025-09-16,500,0.5,66.3714,1,YERLİ,41.5,İthalat dosyası,E,,799.6554,0,2025,9,38
H00015,320.01.0001,IRS25703537,2025-09-09,500,0.5,54.2137,1,YERLİ,41.5,Mal kabul,H,Şartlı kabul,653.1771,0,2025,9,37
D00006,320.01.0001,IRS25703538,2025-10-17,1000,1000,363.1766,1,YERLİ,42.15,İthalat dosyası,H,,8616.2894,30,2025,10,42
D00003,320.01.0043,IRS25703539,2025-09-22,500,500,405.5381,1,İTHAL,41.5,Kısmi teslim,H,,4886.0012,90,2025,9,39
D00009,320.01.0004,IRS25703541,2025-11-25,1000,1000,308.4733,1,YERLİ,42.8,İthalat dosyası,E,Kalite onaylı,7207.3201,45,2025,11,48
H00013,320.01.0004,IRS25703542,2025-11-02,1000,1000,123.5877,1,YERLİ,42.8,İthalat dosyası,H,Şartlı kabul,2887.5631,90,2025,11,44
D00012,320.01.0004,IRS25703543,2025-10-26,1000,1000,147.888,1,YERLİ,42.15,Numune kabul,E,Kalite onaylı,3508.6121,30,2025,10,43
D00009,320.01.0004,IRS25703544,2025-10-29,500,500,341.9031,1,YERLİ,42.15,Kısmi teslim,H,,4055.79,0,2025,10,44
H00005,320.01.0002,IRS25703545,2025-11-06,1000,1,60.409,1,YERLİ,42.8,Mal kabul,E,,1411.4252,30,2025,11,45
H00008,320.01.0002,IRS25703546,2025-12-05,500,0.5,76.3634,1,YERLİ,43.45,İthalat dosyası,E,Kalite onaylı,878.7503,30,2025,12,49
H00008,320.01.0014,IRS25703547,2025-10-27,250,0.25,78.4755,1,YERLİ,42.15,Numune kabul,H,,465.4537,30,2025,10,44
H00003,320.01.0014,IRS25703548,2025-11-28,250,0.25,85.0379,1,YERLİ,42.8,Numune kabul,E,Kalite onaylı,496.7167,45,2025,11,48
H00007,320.01.0014,IRS25703549,2025-10-01,250,0.25,62.249,1,YERLİ,42.15,Numune kabul,E,Kalite onaylı,369.2112,0,2025,10,40
H00004,320.01.0034,IRS25703550,2025-09-17,2000,2,91.0464,1,YERLİ,41.5,Kısmi teslim,H,,4387.7783,45,2025,9,38
H00002,320.01.0007,IRS25703551,2025-09-16,250,0.25,22.6868,1,YERLİ,41.5,Mal kabul,E,Şartlı kabul,136.6675,60,2025,9,38
H00003,320.01.0016,IRS25703552,2025-10-07,10000,10,97.4702,1,YERLİ,42.15,İthalat dosyası,H,,23124.6026,60,2025,10,41
D00004,320.01.0021,IRS25703553,2025-12-12,2000,2000,86.8733,1,YERLİ,43.45,Kısmi teslim,H,Şartlı kabul,3998.771,60,2025,12,50
H00014,320.01.0021,IRS25703554,2025-10-29,5000,5,47.1639,1,YERLİ,42.15,Numune kabul,H,Kalite onaylı,5594.7687,0,2025,10,44
D00010,320.01.0021,IRS25703555,2025-10-25,250,250,263.7625,1,YERLİ,42.15,Mal kabul,H,Şartlı kabul,1564.4276,45,2025,10,43
H00002,320.01.0001,IRS25703556,2025-09-11,10000,10,26.3971,1,YERLİ,41.5,Numune kabul,H,Kalite onaylı,6360.747,90,2025,9,37
D00011,320.01.0038,IRS25703557,2025-12-02,500,500,12.5948,1,YERLİ,43.45,Sevk irsaliyesi,H,,144.9344,90,2025,12,49
H00011,320.01.0001,IRS25703558,2025-09-27,5000,5,43.5581,1,YERLİ,41.5,İthalat dosyası,H,Kalite onaylı,5247.9639,60,2025,9,39
D00007,320.01.0001,IRS25703559,2025-09-11,120,120,91.9076,1,YERLİ,41.5,Numune kabul,E,,265.7569,0,2025,9,37
H00015,320.01.0001,IRS25703560,2025-11-11,2000,2,48.4051,1,YERLİ,42.8,Kısmi teslim,H,Şartlı kabul,2261.9206,45,2025,11,46
H00009,320.01.0007,IRS25703561,2025-09-23,2000,2,96.3303,1,YERLİ,41.5,Sevk irsaliyesi,E,,4642.4241,90,2025,9,39
D00008,320.01.0007,IRS25703562,2025-10-05,250,250,347.5407,1,YERLİ,42.15,Sevk irsaliyesi,H,Şartlı kabul,2061.3327,90,2025,10,40
D00011,320.01.0019,IRS25703564,2025-10-16,5000,5000,11.2821,1,YERLİ,42.15,İthalat dosyası,H,,1338.3274,30,2025,10,42
H00004,320.01.0019,IRS25703565,2025-09-27,1000,1,81.988,1,YERLİ,41.5,Kısmi teslim,H,Şartlı kabul,1975.6145,45,2025,9,39
D00004,320.01.0003,IRS25703566,2025-10-15,250,250,83.9649,1,İTHAL,42.15,Kısmi teslim,E,Kalite onaylı,498.0125,30,2025,10,42
H00012,320.01.0003,IRS25703567,2025-10-07,10000,10000,40.5401,1,İTHAL,42.15,İthalat dosyası,E,Şartlı kabul,9618.0546,30,2025,10,41
H00005,320.01.0010,IRS25703568,2025-11-15,2000,2,73.9711,1,YERLİ,42.8,Kısmi teslim,E,,3456.5935,0,2025,11,46
H00016,320.01.0003,IRS25703569,2025-09-26,1000,1000,104.2437,1,İTHAL,41.5,İthalat dosyası,H,,2511.8964,30,2025,9,39
D00011,320.01.0027,IRS25703570,2025-10-16,2000,2000,10.6109,1,YERLİ,42.15,Kısmi teslim,E,,503.4828,30,2025,10,42
H00005,320.01.0027,IRS25703571,2025-10-22,10000,10,71.4962,1,YERLİ,42.15,Sevk irsaliyesi,H,Şartlı kabul,16962.325,30,2025,10,43
H00010,320.01.0010,IRS25703572,2025-09-16,250,0.25,26.3244,1,YERLİ,41.5,Mal kabul,H,Kalite onaylı,158.5807,90,2025,9,38
H00006,320.01.0010,IRS25703573,2025-12-09,2000,2,149.2039,1,YERLİ,43.45,Kısmi teslim,H,Şartlı kabul,6867.8435,0,2025,12,50
H00004,320.01.0010,IRS25703574,2025-11-01,250,0.25,100.3771,1,YERLİ,42.8,Numune kabul,H,Kalite onaylı,586.3148,60,2025,11,44
D00012,320.01.0020,IRS25703575,2025-09-24,10000,10000,157.9127,1,YERLİ,41.5,Mal kabul,H,Kalite onaylı,38051.253,30,2025,9,39
D00010,320.01.0020,IRS25703576,2025-11-02,120,120,285.2574,1,YERLİ,42.8,Mal kabul,H,Kalite onaylı,799.7871,60,2025,11,44
H00013,320.01.0002,IRS25703577,2025-09-27,10000,10000,120.0388,1,YERLİ,41.5,Sevk irsaliyesi,E,Şartlı kabul,28925.012,60,2025,9,39
H00009,320.01.0002,IRS25703579,2025-11-09,1000,1,90.0929,1,YERLİ,42.8,Numune kabul,H,Şartlı kabul,2104.9743,30,2025,11,45
D00011,320.01.0001,IRS25703580,2025-11-03,10000,10000,12.0624,1,YERLİ,42.8,Mal kabul,H,Kalite onaylı,2818.3178,30,2025,11,45
H00001,320.01.0001,IRS25703581,2025-09-30,1000,1,61.5277,1,YERLİ,41.5,İthalat dosyası,H,,1482.5952,45,2025,9,40
H00006,320.01.0001,IRS25703582,2025-11-10,10000,10,143.3286,1,YERLİ,42.8,İthalat dosyası,E,Şartlı kabul,33487.9907,90,2025,11,46
D00011,320.01.0016,IRS25703583,2025-10-11,5000,5000,11.7827,1,YERLİ,42.15,Sevk irsaliyesi,H,Şartlı kabul,1397.7106,45,2025,10,41
H00005,320.01.0016,IRS25703584,2025-10-04,500,0.5,74.0861,1,YERLİ,42.15,Mal kabul,H,Şartlı kabul,878.8387,0,2025,10,40
H00007,320.01.0028,IRS25703585,2025-11-25,500,0.5,63.9174,1,YERLİ,42.8,Numune kabul,E,Kalite onaylı,746.6986,30,2025,11,48
H00005,320.01.0038,IRS25703586,2025-10-27,1000,1,68.9384,1,YERLİ,42.15,İthalat dosyası,H,,1635.5492,90,2025,10,44
D00010,320.01.0030,IRS25703587,2025-10-17,5000,5000,241.2475,1,YERLİ,42.15,Sevk irsaliyesi,H,Şartlı kabul,28617.7343,60,2025,10,42
H00008,320.01.0005,IRS25703588,2025-10-16,5000,5,86.4554,1,YERLİ,42.15,Kısmi teslim,H,Kalite onaylı,10255.6821,45,2025,10,42
H00010,320.01.0011,IRS25703589,2025-10-13,10000,10,31.7116,1,YERLİ,42.15,Sevk irsaliyesi,H,,7523.5113,90,2025,10,42
D00008,320.01.0016,IRS25703590,2025-10-09,5000,5000,420.112,1,YERLİ,42.15,Sevk irsaliyesi,E,Şartlı kabul,49835.3499,30,2025,10,41
H00005,320.01.0005,IRS25703591,2025-12-13,10000,10,62.3313,1,YERLİ,43.45,Sevk irsaliyesi,E,Şartlı kabul,14345.5236,0,2025,12,50
H00010,320.01.0005,IRS25703592,2025-12-14,500,0.5,25.5514,1,YERLİ,43.45,Sevk irsaliyesi,H,Şartlı kabul,294.0322,30,2025,12,50
H00005,320.01.0004,IRS25703593,2025-10-13,1000,1,65.0004,1,YERLİ,42.15,Sevk irsaliyesi,E,Şartlı kabul,1542.121,60,2025,10,42
H00004,320.01.0005,IRS25703594,2025-10-29,10000,10,100.4245,1,YERLİ,42.15,Sevk irsaliyesi,E,,23825.5042,90,2025,10,44
H00007,320.01.0005,IRS25703595,2025-11-29,5000,5,54.8223,1,YERLİ,42.8,Mal kabul,E,,6404.4743,45,2025,11,48
H00011,320.01.0001,IRS25703596,2025-11-21,120,0.12,49.1717,1,YERLİ,42.8,Sevk irsaliyesi,H,Şartlı kabul,137.8646,90,2025,11,47
H00016,320.01.0001,IRS25703597,2025-10-17,1000,1000,102.3302,1,YERLİ,42.15,Sevk irsaliyesi,E,,2427.7628,90,2025,10,42
H00004,320.01.0001,IRS25703598,2025-10-14,10000,10,80.313,1,YERLİ,42.15,Mal kabul,E,,19054.0925,60,2025,10,42
D00012,320.01.0003,IRS25703599,2025-10-05,10000,10000,154.0232,1,İTHAL,42.15,Numune kabul,H,Kalite onaylı,36541.6845,30,2025,10,40
D00012,320.01.0003,IRS25703600,2025-11-15,1000,1000,161.9007,1,İTHAL,42.8,Sevk irsaliyesi,E,Şartlı kabul,3782.7266,30,2025,11,46
H00012,320.01.0003,IRS25703601,2025-12-26,2000,2000,40.4391,1,İTHAL,43.45,İthalat dosyası,H,Kalite onaylı,1861.4085,90,2025,12,52
D00006,320.01.0002,IRS25703602,2025-10-19,5000,5000,410.551,1,YERLİ,42.15,Kısmi teslim,E,Kalite onaylı,48701.1862,45,2025,10,42
H00008,320.01.0002,IRS25703603,2025-11-14,120,0.12,78.8409,1,YERLİ,42.8,Numune kabul,E,,221.0493,90,2025,11,46
H00012,320.01.0002,IRS25703604,2025-11-30,5000,5000,36.9922,1,YERLİ,42.8,Numune kabul,E,Şartlı kabul,4321.5187,90,2025,11,48
D00007,320.01.0014,IRS25703605,2025-12-27,10000,10000,89.1191,1,YERLİ,43.45,Sevk irsaliyesi,H,Kalite onaylı,20510.725,60,2025,12,52
D00004,320.01.0014,IRS25703606,2025-10-20,250,250,94.7253,1,YERLİ,42.15,Kısmi teslim,H,Kalite onaylı,561.8345,45,2025,10,43
D00004,320.01.0009,IRS25703607,2025-11-15,10000,10000,91.4525,1,YERLİ,42.8,İthalat dosyası,H,Şartlı kabul,21367.4065,45,2025,11,46
H00012,320.01.0009,IRS25703608,2025-11-16,2000,2000,39.0494,1,YERLİ,42.8,İthalat dosyası,E,Şartlı kabul,1824.7383,45,2025,11,46
H00004,320.01.0034,IRS25703609,2025-10-20,1000,1,96.5705,1,YERLİ,42.15,Numune kabul,H,,2291.1151,0,2025,10,43
H00003,320.01.0014,IRS25703610,2025-11-10,120,0.12,104.7054,1,YERLİ,42.8,Mal kabul,E,,293.5665,90,2025,11,46
H00014,320.01.0014,IRS25703611,2025-12-05,10000,10,43.814,1,YERLİ,43.45,Mal kabul,E,Şartlı kabul,10083.7745,30,2025,12,49
H00008,320.01.0003,IRS25703612,2025-10-08,120,0.12,71.6536,1,İTHAL,42.15,Kısmi teslim,H,Kalite onaylı,203.996,90,2025,10,41
D00009,320.01.0002,IRS25703613,2025-10-16,10000,10000,338.3755,1,YERLİ,42.15,Kısmi teslim,H,Şartlı kabul,80278.8849,0,2025,10,42
H00003,320.01.0001,IRS25703614,2025-11-27,10000,10,96.2454,1,YERLİ,42.8,Numune kabul,H,Şartlı kabul,22487.243,90,2025,11,48
D00009,320.01.0001,IRS25703615,2025-11-19,250,250,319.2037,1,YERLİ,42.8,Numune kabul,H,Kalite onaylı,1864.5076,30,2025,11,47
H00015,320.01.0011,IRS25703616,2025-11-20,5000,5,46.6918,1,YERLİ,42.8,Sevk irsaliyesi,H,,5454.6495,90,2025,11,47
H00008,320.01.0011,IRS25703617,2025-11-04,10000,10,81.0935,1,YERLİ,42.8,İthalat dosyası,H,Şartlı kabul,18947.0794,60,2025,11,45
D00010,320.01.0008,IRS25703618,2025-10-21,125,125,235.6162,1,YERLİ,42.15,Numune kabul,H,,698.7432,90,2025,10,43
H00015,320.01.0008,IRS25703619,2025-10-20,250,0.25,51.5155,1,YERLİ,42.15,İthalat dosyası,E,,305.5486,90,2025,10,43
D00011,320.01.0008,IRS25703620,2025-10-07,1000,1000,12.4502,1,YERLİ,42.15,Kısmi teslim,H,Kalite onaylı,295.3784,30,2025,10,41
H00016,320.01.0003,IRS25703621,2025-10-12,2000,2000,107.6803,1,İTHAL,42.15,Numune kabul,H,Kalite onaylı,5109.3855,90,2025,10,41
D00010,320.01.0003,IRS25703622,2025-11-08,10000,10000,277.1994,1,İTHAL,42.8,İthalat dosyası,E,Kalite onaylı,64766.215,30,2025,11,45
H00003,320.01.0021,IRS25703623,2025-10-23,1000,1,88.8759,1,YERLİ,42.15,Mal kabul,H,Kalite onaylı,2108.5623,60,2025,10,43
D00003,320.01.0021,IRS25703624,2025-10-16,1000,1000,351.7846,1,YERLİ,42.15,Numune kabul,H,,8346.0166,45,2025,10,42
H00011,320.01.0036,IRS25703625,2025-10-15,500,0.5,43.466,1,YERLİ,42.15,Numune kabul,H,,515.6109,60,2025,10,42
H00009,320.01.0036,IRS25703626,2025-11-22,60,0.06,93.6188,1,YERLİ,42.8,İthalat dosyası,H,,131.2413,45,2025,11,47
D00003,320.01.0036,IRS25703627,2025-10-29,1000,1000,395.6237,1,YERLİ,42.15,Numune kabul,H,,9386.0902,0,2025,10,44
H00007,320.01.0002,IRS25703628,2025-10-22,120,0.12,54.2722,1,YERLİ,42.15,Sevk irsaliyesi,E,,154.5116,0,2025,10,43
D00008,320.01.0002,IRS25703629,2025-10-04,1000,1000,411.0514,1,YERLİ,42.15,İthalat dosyası,E,,9752.1091,60,2025,10,40
H00007,320.01.0002,IRS25703630,2025-11-05,120,0.12,53.4858,1,YERLİ,42.8,İthalat dosyası,H,,149.9602,90,2025,11,45
H00012,320.01.0022,IRS25703631,2025-11-17,250,250,40.6154,1,YERLİ,42.8,İthalat dosyası,H,Şartlı kabul,237.2395,45,2025,11,47
H00016,320.01.0008,IRS25703632,2025-10-23,10000,10000,108.2524,1,YERLİ,42.15,İthalat dosyası,H,Kalite onaylı,25682.6572,90,2025,10,43
D00010,320.01.0008,IRS25703633,2025-12-30,250,250,255.9979,1,YERLİ,43.45,Numune kabul,E,,1472.9453,60,2025,12,1
H00002,320.01.0008,IRS25703634,2025-10-17,2000,2,28.2844,1,YERLİ,42.15,İthalat dosyası,H,,1342.083,45,2025,10,42
H00008,320.01.0001,IRS25703635,2025-10-19,2000,2,84.2079,1,YERLİ,42.15,Sevk irsaliyesi,H,Kalite onaylı,3995.6299,60,2025,10,42
H00012,320.01.0004,IRS25703636,2025-11-04,10000,10000,37.6089,1,YERLİ,42.8,Kısmi teslim,H,Kalite onaylı,8787.1262,30,2025,11,45
D00002,320.01.0004,IRS25703637,2025-10-28,10000,10000,80.0046,1,YERLİ,42.15,Kısmi teslim,E,Kalite onaylı,18980.9253,45,2025,10,44
H00010,320.01.0006,IRS25703638,2025-11-12,10000,10,26.4897,1,YERLİ,42.8,Sevk irsaliyesi,E,Kalite onaylı,6189.1822,0,2025,11,46
H00006,320.01.0017,IRS25703639,2025-12-09,5000,5,127.6745,1,YERLİ,43.45,Sevk irsaliyesi,H,Kalite onaylı,14692.1174,60,2025,12,50
H00007,320.01.0052,IRS25703640,2025-10-28,5000,5,58.9501,1,YERLİ,42.15,Mal kabul,E,Şartlı kabul,6992.8944,60,2025,10,44
H00004,320.01.0004,IRS25703641,2025-12-09,1000,1,100.1663,1,YERLİ,43.45,Kısmi teslim,H,Şartlı kabul,2305.3234,30,2025,12,50
H00007,320.01.0004,IRS25703642,2025-10-24,120,0.12,61.8618,1,YERLİ,42.15,İthalat dosyası,E,,176.119,0,2025,10,43
H00016,320.01.0012,IRS25703643,2025-12-12,1000,1000,97.1253,1,YERLİ,43.45,Sevk irsaliyesi,H,Şartlı kabul,2235.3349,45,2025,12,50
D00010,320.01.0012,IRS25703644,2025-10-21,120,120,234.3659,1,YERLİ,42.15,Sevk irsaliyesi,E,,667.2339,30,2025,10,43
D00010,320.01.0012,IRS25703645,2025-12-02,2000,2000,250.3962,1,YERLİ,43.45,Sevk irsaliyesi,E,Kalite onaylı,11525.7169,30,2025,12,49
D00007,320.01.0008,IRS25703646,2025-12-11,2000,2000,103.7946,1,YERLİ,43.45,Mal kabul,H,Kalite onaylı,4777.6571,60,2025,12,50
H00003,320.01.0008,IRS25703647,2025-12-13,120,0.12,86.0667,1,YERLİ,43.45,Numune kabul,H,Şartlı kabul,237.6986,45,2025,12,50
H00003,320.01.0002,IRS25703648,2025-11-15,5000,5,85.0101,1,YERLİ,42.8,Kısmi teslim,H,,9931.0864,60,2025,11,46
H00003,320.01.0002,IRS25703649,2025-10-26,500,0.5,102.3333,1,YERLİ,42.15,İthalat dosyası,H,Şartlı kabul,1213.9181,30,2025,10,43
D00012,320.01.0050,IRS25703650,2025-10-29,2000,2000,177.1468,1,YERLİ,42.15,Kısmi teslim,H,Şartlı kabul,8405.5421,90,2025,10,44
H00008,320.01.0050,IRS25703651,2025-10-31,500,0.5,87.5046,1,YERLİ,42.15,Mal kabul,E,,1038.0142,60,2025,10,44
H00012,320.01.0004,IRS25703652,2025-11-30,10000,10000,42.9261,1,YERLİ,42.8,Kısmi teslim,H,Şartlı kabul,10029.4626,0,2025,11,48
H00010,320.01.0004,IRS26703653,2026-01-11,500,0.5,31.6656,1,YERLİ,44.1,Kısmi teslim,H,,359.0204,0,2026,1,2
D00010,320.01.0004,IRS25703654,2025-10-10,500,500,240.6236,1,YERLİ,42.15,Numune kabul,E,Şartlı kabul,2854.3725,90,2025,10,41
H00008,320.01.0028,IRS25703655,2025-12-07,10000,10,85.6405,1,YERLİ,43.45,İthalat dosyası,E,Şartlı kabul,19710.1266,90,2025,12,49
D00006,320.01.0028,IRS25703656,2025-10-30,250,250,418.2567,1,YERLİ,42.15,Kısmi teslim,H,,2480.7633,60,2025,10,44
D00008,320.01.0009,IRS25703658,2025-10-25,2500,2500,380.946,1,YERLİ,42.15,Mal kabul,E,Şartlı kabul,22594.6619,60,2025,10,43
D00010,320.01.0009,IRS26703659,2026-01-11,125,125,242.7429,1,YERLİ,44.1,Kısmi teslim,H,Kalite onaylı,688.0468,90,2026,1,2
D00002,320.01.0009,IRS26703660,2026-01-03,250,250,82.6661,1,YERLİ,44.1,Kısmi teslim,E,,468.6287,90,2026,1,1
H00012,320.01.0006,IRS25703661,2025-11-15,500,500,41.3782,1,YERLİ,42.8,İthalat dosyası,H,Şartlı kabul,483.3902,60,2025,11,46
H00011,320.01.0006,IRS25703662,2025-10-27,1000,1,45.3539,1,YERLİ,42.15,Mal kabul,H,,1076.0119,90,2025,10,44
H00001,320.01.0001,IRS25703663,2025-10-21,120,0.12,73.1044,1,YERLİ,42.15,Mal kabul,E,Kalite onaylı,208.1264,30,2025,10,43
H00014,320.01.0001,IRS25703664,2025-10-19,2000,2,47.7237,1,YERLİ,42.15,Kısmi teslim,E,,2264.4698,45,2025,10,42
D00001,320.01.0014,IRS26703665,2026-01-02,250,250,43.9551,1,YERLİ,44.1,Numune kabul,H,,249.1786,90,2026,1,1
D00008,320.01.0014,IRS25703666,2025-11-07,120,120,402.7923,1,YERLİ,42.8,Mal kabul,H,Şartlı kabul,1129.3242,90,2025,11,45
D00002,320.01.0025,IRS25703667,2025-12-15,500,500,81.4671,1,İTHAL,43.45,Numune kabul,H,,937.481,0,2025,12,51
D00007,320.01.0025,IRS25703669,2025-11-17,10000,10000,101.2958,1,İTHAL,42.8,Mal kabul,H,,23667.243,0,2025,11,47
D00005,320.01.0002,IRS25703670,2025-12-03,500,500,338.6325,1,YERLİ,43.45,Kısmi teslim,E,,3896.8067,45,2025,12,49
D00011,320.01.0007,IRS25703673,2025-11-18,500,500,11.4749,1,YERLİ,42.8,Kısmi teslim,H,Şartlı kabul,134.0526,30,2025,11,47
H00007,320.01.0007,IRS25703674,2025-11-22,10000,10,51.9778,1,YERLİ,42.8,Kısmi teslim,H,Şartlı kabul,12144.3458,30,2025,11,47
H00011,320.01.0007,IRS25703675,2025-10-18,2000,2,46.93,1,YERLİ,42.15,İthalat dosyası,E,,2226.809,30,2025,10,42
D00008,320.01.0004,IRS26703676,2026-01-07,2000,2000,387.5097,1,YERLİ,44.1,Kısmi teslim,E,,17574.1361,0,2026,1,2
D00007,320.01.0020,IRS26703677,2026-01-06,1000,1000,105.4032,1,YERLİ,44.1,Mal kabul,E,,2390.0952,90,2026,1,2
D00002,320.01.0020,IRS25703678,2025-11-09,1000,1000,73.0069,1,YERLİ,42.8,Numune kabul,H,,1705.7687,45,2025,11,45
H00006,320.01.0003,IRS25703679,2025-11-03,120,0.12,129.9348,1,İTHAL,42.8,Kısmi teslim,H,,364.3032,90,2025,11,45
D00011,320.01.0003,IRS25703680,2025-11-10,500,500,13.171,1,İTHAL,42.8,Numune kabul,H,,153.8668,0,2025,11,46
D00005,320.01.0003,IRS26703681,2026-01-16,2000,2000,385.4821,1,İTHAL,44.1,İthalat dosyası,E,Şartlı kabul,17482.1814,90,2026,1,3
D00004,320.01.0008,IRS25703682,2025-12-05,10000,10000,84.9363,1,YERLİ,43.45,Sevk irsaliyesi,E,,19548.0552,90,2025,12,49
D00002,320.01.0008,IRS25703683,2025-12-18,500,500,75.3634,1,YERLİ,43.45,Sevk irsaliyesi,H,Şartlı kabul,867.2428,0,2025,12,51
H00009,320.01.0008,IRS25703684,2025-12-07,5000,5,91.2613,1,YERLİ,43.45,İthalat dosyası,H,Şartlı kabul,10501.8757,30,2025,12,49
H00010,320.01.0002,IRS25703685,2025-11-05,1000,1,28.3279,1,YERLİ,42.8,Numune kabul,H,,661.8668,90,2025,11,45
D00004,320.01.0002,IRS26703686,2026-01-06,10000,10000,79.4159,1,YERLİ,44.1,Sevk irsaliyesi,E,,18008.1406,45,2026,1,2
H00001,320.01.0002,IRS25703687,2025-11-28,2000,2,60.5034,1,YERLİ,42.8,Sevk irsaliyesi,H,Şartlı kabul,2827.2617,30,2025,11,48
H00015,320.01.0010,IRS25703688,2025-11-11,10000,10,47.4061,1,YERLİ,42.8,Numune kabul,H,Şartlı kabul,11076.1916,60,2025,11,46
H00010,320.01.0010,IRS25703689,2025-12-16,1000,1,29.5963,1,YERLİ,43.45,Sevk irsaliyesi,E,Kalite onaylı,681.1577,45,2025,12,51
H00015,320.01.0006,IRS25703690,2025-11-27,120,0.12,54.9008,1,YERLİ,42.8,Kısmi teslim,E,Kalite onaylı,153.9275,45,2025,11,48
D00011,320.01.0042,IRS25703691,2025-11-29,10000,10000,10.8909,1,YERLİ,42.8,Numune kabul,E,Kalite onaylı,2544.6028,30,2025,11,48
H00016,320.01.0042,IRS25703692,2025-11-11,10000,10000,101.6375,1,YERLİ,42.8,Mal kabul,H,,23747.0794,90,2025,11,46
D00004,320.01.0042,IRS26703693,2026-01-18,1000,1000,98.1085,1,YERLİ,44.1,Kısmi teslim,H,Şartlı kabul,2224.6825,0,2026,1,3
D00008,320.01.0035,IRS25703694,2025-11-11,120,120,425.6722,1,İTHAL,42.8,Mal kabul,E,Kalite onaylı,1193.4735,30,2025,11,46
H00016,320.01.0035,IRS25703695,2025-12-17,1000,1000,106.9011,1,İTHAL,43.45,İthalat dosyası,E,Kalite onaylı,2460.3245,30,2025,12,51
H00014,320.01.0018,IRS25703696,2025-12-05,250,0.25,46.1679,1,YERLİ,43.45,Sevk irsaliyesi,H,,265.6381,0,2025,12,49
H00003,320.01.0018,IRS25703697,2025-11-07,2000,2,95.641,1,YERLİ,42.8,İthalat dosyası,E,,4469.2056,30,2025,11,45
H00002,320.01.0002,IRS25703698,2025-10-31,1000,1,28.3954,1,YERLİ,42.15,Numune kabul,E,,673.675,0,2025,10,44
D00008,320.01.0002,IRS25703699,2025-11-11,10000,10000,416.1781,1,YERLİ,42.8,Kısmi teslim,H,Şartlı kabul,97237.8738,60,2025,11,46
D00003,320.01.0026,IRS25703700,2025-11-15,5000,5000,339.7066,1,YERLİ,42.8,Numune kabul,E,,39685.3505,90,2025,11,46
D00002,320.01.0035,IRS25703701,2025-11-10,10000,10000,71.5923,1,İTHAL,42.8,Sevk irsaliyesi,E,,16727.1729,0,2025,11,46
H00004,320.01.0022,IRS25703702,2025-12-16,2000,2,89.1018,1,YERLİ,43.45,İthalat dosyası,E,Kalite onaylı,4101.3487,30,2025,12,51
H00015,320.01.0022,IRS25703703,2025-10-21,120,0.12,57.8661,1,YERLİ,42.15,İthalat dosyası,H,,164.7433,0,2025,10,43
D00011,320.01.0048,IRS25703704,2025-12-07,500,500,12.2369,1,YERLİ,43.45,İthalat dosyası,E,Kalite onaylı,140.8159,60,2025,12,49
H00016,320.01.0048,IRS25703705,2025-11-28,250,250,111.8861,1,YERLİ,42.8,Numune kabul,H,,653.5403,0,2025,11,48
H00001,320.01.0048,IRS25703706,2025-11-16,120,0.12,72.6718,1,YERLİ,42.8,Numune kabul,H,,203.7527,0,2025,11,46
D00010,320.01.0003,IRS25703707,2025-11-05,250,250,241.3476,1,İTHAL,42.8,Numune kabul,H,,1409.7407,90,2025,11,45
D00010,320.01.0012,IRS25703708,2025-12-24,10000,10000,233.2383,1,YERLİ,43.45,İthalat dosyası,H,,53679.7008,0,2025,12,52
H00009,320.01.0012,IRS25703709,2025-11-03,5000,5,95.9117,1,YERLİ,42.8,İthalat dosyası,E,Kalite onaylı,11204.6379,60,2025,11,45
H00014,320.01.0003,IRS25703710,2025-11-09,500,0.5,49.0949,1,İTHAL,42.8,Mal kabul,E,,573.5386,90,2025,11,45
H00011,320.01.0003,IRS25703711,2025-12-16,1000,1,53.0059,1,İTHAL,43.45,Sevk irsaliyesi,H,Kalite onaylı,1219.9287,30,2025,12,51
H00011,320.01.0050,IRS25703712,2025-11-29,500,0.5,49.6776,1,YERLİ,42.8,Kısmi teslim,H,Kalite onaylı,580.3458,90,2025,11,48
D00009,320.01.0018,IRS25703713,2025-12-12,2000,2000,326.4716,1,YERLİ,43.45,Mal kabul,E,Şartlı kabul,15027.4614,0,2025,12,50
D00003,320.01.0025,IRS25703714,2025-12-19,250,250,377.2023,1,İTHAL,43.45,Kısmi teslim,H,Şartlı kabul,2170.3239,45,2025,12,51
D00004,320.01.0025,IRS25703715,2025-10-29,120,120,92.1226,1,İTHAL,42.15,Kısmi teslim,E,,262.2707,45,2025,10,44
H00003,320.01.0002,IRS25703716,2025-11-15,500,0.5,101.5583,1,YERLİ,42.8,Numune kabul,E,Kalite onaylı,1186.4287,45,2025,11,46
D00005,320.01.0017,IRS25703717,2025-11-09,5000,5000,317.3282,1,YERLİ,42.8,İthalat dosyası,E,Kalite onaylı,37071.0514,60,2025,11,45
H00016,320.01.0017,IRS25703718,2025-10-25,2000,2000,96.7334,1,YERLİ,42.15,Kısmi teslim,E,Şartlı kabul,4589.9597,45,2025,10,43
H00014,320.01.0017,IRS25703719,2025-11-20,250,0.25,43.6091,1,YERLİ,42.8,Mal kabul,H,Şartlı kabul,254.7261,30,2025,11,47
H00007,320.01.0010,IRS25703720,2025-11-04,10000,10,63.6536,1,YERLİ,42.8,Sevk irsaliyesi,E,Şartlı kabul,14872.3364,45,2025,11,45
D00010,320.01.0010,IRS25703721,2025-11-17,2000,2000,273.5774,1,YERLİ,42.8,Sevk irsaliyesi,H,,12783.9907,45,2025,11,47
H00009,320.01.0010,IRS26703722,2026-01-20,250,0.25,112.5763,1,YERLİ,44.1,Kısmi teslim,E,,638.1876,60,2026,1,4
D00005,320.01.0012,IRS25703723,2025-11-30,10000,10000,317.6727,1,YERLİ,42.8,Kısmi teslim,E,,74222.5935,45,2025,11,48
H00008,320.01.0003,IRS25703724,2025-11-06,5000,5,79.3367,1,İTHAL,42.8,Mal kabul,E,,9268.3061,45,2025,11,45
H00016,320.01.0003,IRS25703725,2025-11-07,10000,10000,102.042,1,İTHAL,42.8,Mal kabul,E,Kalite onaylı,23841.5888,30,2025,11,45
D00012,320.01.0014,IRS25703726,2025-11-07,10000,10000,153.9032,1,YERLİ,42.8,İthalat dosyası,H,,35958.6916,0,2025,11,45
D00008,320.01.0003,IRS25703727,2025-12-15,10000,10000,353.3542,1,İTHAL,43.45,İthalat dosyası,H,Şartlı kabul,81324.3268,60,2025,12,51
H00011,320.01.0003,IRS25703728,2025-11-29,1000,1,51.0112,1,İTHAL,42.8,Numune kabul,E,,1191.8505,0,2025,11,48
H00008,320.01.0005,IRS25703729,2025-12-30,1000,1,71.0575,1,YERLİ,43.45,Kısmi teslim,H,Şartlı kabul,1635.3855,90,2025,12,1
D00005,320.01.0009,IRS25703730,2025-12-29,500,500,320.82,1,YERLİ,43.45,Mal kabul,E,,3691.8297,90,2025,12,1
H00013,320.01.0018,IRS25703731,2025-12-16,250,250,112.4822,1,YERLİ,43.45,Sevk irsaliyesi,H,Şartlı kabul,647.1933,90,2025,12,51
H00007,320.01.0004,IRS25703732,2025-10-30,2000,2,63.7238,1,YERLİ,42.15,İthalat dosyası,E,Şartlı kabul,3023.6679,0,2025,10,44
D00002,320.01.0004,IRS26703733,2026-01-30,500,500,76.6285,1,YERLİ,44.1,Sevk irsaliyesi,E,Kalite onaylı,868.8039,45,2026,1,5
D00011,320.01.0009,IRS25703734,2025-11-12,2000,2000,10.8936,1,YERLİ,42.8,Sevk irsaliyesi,H,Kalite onaylı,509.0467,60,2025,11,46
H00016,320.01.0001,IRS25703735,2025-12-27,500,500,116.7388,1,YERLİ,43.45,Kısmi teslim,H,Kalite onaylı,1343.3694,60,2025,12,52
H00003,320.01.0002,IRS26703736,2026-02-02,250,0.25,98.1237,1,YERLİ,44.6833,Kısmi teslim,H,,548.9954,90,2026,2,6
H00016,320.01.0002,IRS25703737,2025-11-25,5000,5000,112.8541,1,YERLİ,42.8,Mal kabul,H,Şartlı kabul,13183.8902,45,2025,11,48
D00003,320.01.0003,IRS25703738,2025-12-30,1000,1000,417.9524,1,İTHAL,43.45,Mal kabul,H,,9619.1577,45,2025,12,1
H00001,320.01.0003,IRS25703739,2025-11-15,5000,5,68.0285,1,İTHAL,42.8,Sevk irsaliyesi,E,Kalite onaylı,7947.2547,0,2025,11,46
D00004,320.01.0003,IRS25703740,2025-11-26,1000,1000,80.1481,1,İTHAL,42.8,İthalat dosyası,H,,1872.6192,0,2025,11,48
D00007,320.01.0003,IRS25703741,2025-12-27,500,500,92.625,1,İTHAL,43.45,Numune kabul,E,Şartlı kabul,1065.8803,0,2025,12,52
H00002,320.01.0003,IRS25703742,2025-11-28,500,0.5,23.3888,1,İTHAL,42.8,Numune kabul,H,,273.2336,60,2025,11,48
H00016,320.01.0005,IRS25703743,2025-12-23,250,250,98.1453,1,YERLİ,43.45,Sevk irsaliyesi,E,Kalite onaylı,564.7025,45,2025,12,52
H00008,320.01.0005,IRS25703744,2025-11-29,250,0.25,84.0242,1,YERLİ,42.8,İthalat dosyası,H,,490.7956,60,2025,11,48
H00001,320.01.0005,IRS25703745,2025-12-05,250,0.25,65.0959,1,YERLİ,43.45,Sevk irsaliyesi,E,Kalite onaylı,374.5449,60,2025,12,49
H00004,320.01.0012,IRS26703746,2026-02-07,500,0.5,97.7468,1,YERLİ,44.6833,Kısmi teslim,H,Şartlı kabul,1093.7733,90,2026,2,6
D00009,320.01.0007,IRS25703747,2025-11-29,1000,1000,294.679,1,YERLİ,42.8,Mal kabul,E,Şartlı kabul,6885.0234,30,2025,11,48
D00006,320.01.0007,IRS25703748,2025-11-27,120,120,370.5113,1,YERLİ,42.8,Sevk irsaliyesi,H,,1038.8167,60,2025,11,48
D00004,320.01.0004,IRS26703749,2026-01-05,250,250,79.911,1,YERLİ,44.1,Numune kabul,H,Şartlı kabul,453.0102,30,2026,1,2
H00010,320.01.0004,IRS26703750,2026-01-29,1000,1,32.6776,1,YERLİ,44.1,Kısmi teslim,E,Şartlı kabul,740.9887,90,2026,1,5
D00012,320.01.0011,IRS26703751,2026-02-05,10000,10000,178.0434,1,YERLİ,44.6833,İthalat dosyası,E,Kalite onaylı,39845.6247,30,2026,2,6
H00008,320.01.0011,IRS26703752,2026-01-04,500,0.5,89.3494,1,YERLİ,44.1,Mal kabul,H,Kalite onaylı,1013.0317,30,2026,1,1
D00007,320.01.0011,IRS25703753,2025-12-25,500,500,96.0719,1,YERLİ,43.45,Mal kabul,E,Kalite onaylı,1105.5455,30,2025,12,52
D00005,320.01.0030,IRS25703754,2025-11-17,10000,10000,397.437,1,YERLİ,42.8,Numune kabul,H,Şartlı kabul,92859.1121,30,2025,11,47
D00007,320.01.0030,IRS26703755,2026-01-24,5000,5000,109.7494,1,YERLİ,44.1,İthalat dosyası,E,,12443.2426,0,2026,1,4
D00003,320.01.0002,IRS26703756,2026-02-02,1000,1000,405.8067,1,YERLİ,44.6833,Numune kabul,E,Şartlı kabul,9081.8427,90,2026,2,6
H00007,320.01.0020,IRS25703757,2025-12-15,10000,10,56.7857,1,YERLİ,43.45,Kısmi teslim,E,,13069.206,90,2025,12,51
H00011,320.01.0001,IRS25703758,2025-12-12,10000,10,46.2509,1,YERLİ,43.45,Numune kabul,H,Şartlı kabul,10644.626,45,2025,12,50
H00003,320.01.0001,IRS26703759,2026-02-02,250,0.25,95.6511,1,YERLİ,44.6833,İthalat dosyası,H,Kalite onaylı,535.1613,30,2026,2,6
H00001,320.01.0001,IRS26703760,2026-01-29,120,0.12,65.9092,1,YERLİ,44.1,Mal kabul,H,Şartlı kabul,179.3448,60,2026,1,5
D00008,320.01.0040,IRS26703761,2026-01-27,10000,10000,414.4366,1,YERLİ,44.1,Mal kabul,H,Kalite onaylı,93976.5533,0,2026,1,5
H00012,320.01.0040,IRS25703762,2025-12-15,1000,1000,41.0557,1,YERLİ,43.45,Kısmi teslim,E,Şartlı kabul,944.8953,60,2025,12,51
D00008,320.01.0020,IRS25703763,2025-12-26,10000,10000,434.5007,1,YERLİ,43.45,Kısmi teslim,E,Şartlı kabul,100000.1611,30,2025,12,52
D00010,320.01.0001,IRS25703764,2025-11-16,250,250,235.2933,1,YERLİ,42.8,Kısmi teslim,H,Şartlı kabul,1374.3768,30,2025,11,46
H00014,320.01.0001,IRS26703765,2026-02-01,10000,10,41.0108,1,YERLİ,44.6833,Kısmi teslim,H,,9178.1046,45,2026,2,5
H00012,320.01.0001,IRS25703766,2025-11-22,250,250,40.3295,1,YERLİ,42.8,Sevk irsaliyesi,E,Kalite onaylı,235.5695,30,2025,11,47
D00011,320.01.0014,IRS25703768,2025-12-19,2000,2000,13.2746,1,YERLİ,43.45,Numune kabul,H,Kalite onaylı,611.0288,60,2025,12,51
D00007,320.01.0034,IRS25703769,2025-11-23,1000,1000,103.5123,1,YERLİ,42.8,İthalat dosyası,H,Kalite onaylı,2418.5117,90,2025,11,47
D00003,320.01.0009,IRS25703770,2025-12-05,120,120,386.5945,1,YERLİ,43.45,Kısmi teslim,H,Şartlı kabul,1067.6948,30,2025,12,49
H00003,320.01.0009,IRS25703771,2025-11-25,500,0.5,87.0745,1,YERLİ,42.8,Kısmi teslim,H,Kalite onaylı,1017.2255,45,2025,11,48
H00001,320.01.0050,IRS25703772,2025-11-15,2500,2.5,59.3576,1,YERLİ,42.8,Numune kabul,H,,3467.1495,60,2025,11,46
D00007,320.01.0050,IRS26703773,2026-02-06,10000,10000,113.5828,1,YERLİ,44.6833,Numune kabul,E,,25419.5191,60,2026,2,6
D00010,320.01.0050,IRS26703774,2026-02-10,120,120,263.6592,1,YERLİ,44.6833,İthalat dosyası,E,,708.0745,45,2026,2,7
D00002,320.01.0003,IRS25703776,2025-12-09,250,250,70.5035,1,İTHAL,43.45,İthalat dosyası,E,Kalite onaylı,405.6588,90,2025,12,50
D00007,320.01.0016,IRS25703777,2025-12-02,500,500,99.3391,1,YERLİ,43.45,İthalat dosyası,E,Şartlı kabul,1143.1427,30,2025,12,49
H00015,320.01.0016,IRS25703778,2025-12-04,120,0.12,54.7274,1,YERLİ,43.45,Sevk irsaliyesi,E,Şartlı kabul,151.1459,60,2025,12,49
H00014,320.01.0023,IRS26703779,2026-01-02,5000,5,46.2861,1,İTHAL,44.1,Sevk irsaliyesi,E,Şartlı kabul,5247.8571,45,2026,1,1
H00009,320.01.0014,IRS25703780,2025-12-03,2000,2,103.9361,1,YERLİ,43.45,Sevk irsaliyesi,H,,4784.1703,0,2025,12,49
H00002,320.01.0014,IRS25703781,2025-12-28,1000,1,28.069,1,YERLİ,43.45,İthalat dosyası,E,,646.0069,30,2025,12,52
H00014,320.01.0002,IRS25703782,2025-11-24,5000,5,44.9657,1,YERLİ,42.8,Kısmi teslim,H,Şartlı kabul,5253.0023,45,2025,11,48
D00003,320.01.0002,IRS26703783,2026-02-16,10000,10000,383.1685,1,YERLİ,44.6833,Numune kabul,E,Kalite onaylı,85752.0595,90,2026,2,8
D00006,320.01.0013,IRS26703784,2026-02-04,250,250,446.123,1,YERLİ,44.6833,Numune kabul,H,Şartlı kabul,2496.0276,45,2026,2,6
D00012,320.01.0013,IRS25703785,2025-12-09,500,500,162.3881,1,YERLİ,43.45,Sevk irsaliyesi,H,Şartlı kabul,1868.6778,90,2025,12,50
D00008,320.01.0039,IRS25703786,2025-12-30,10000,10000,389.7602,1,YERLİ,43.45,Numune kabul,H,Şartlı kabul,89703.153,60,2025,12,1
D00011,320.01.0039,IRS25703787,2025-12-18,1000,1000,12.0425,1,YERLİ,43.45,Sevk irsaliyesi,E,,277.1577,60,2025,12,51
D00011,320.01.0030,IRS25703788,2025-11-21,2000,2000,11.7253,1,YERLİ,42.8,İthalat dosyası,E,Şartlı kabul,547.9112,90,2025,11,47
H00011,320.01.0030,IRS25703789,2025-12-06,500,0.5,42.9363,1,YERLİ,43.45,Mal kabul,E,,494.0886,60,2025,12,49
H00003,320.01.0030,IRS25703790,2025-11-26,120,0.12,101.3579,1,YERLİ,42.8,Numune kabul,E,Şartlı kabul,284.181,90,2025,11,48
H00001,320.01.0013,IRS25703791,2025-11-25,250,0.25,67.2766,1,YERLİ,42.8,Numune kabul,H,Kalite onaylı,392.9708,0,2025,11,48
H00014,320.01.0029,IRS25703792,2025-11-14,250,0.25,49.1605,1,YERLİ,42.8,Numune kabul,E,,287.1525,45,2025,11,46
H00001,320.01.0004,IRS25703793,2025-12-19,500,0.5,66.5742,1,YERLİ,43.45,Sevk irsaliyesi,H,,766.1013,45,2025,12,51
D00007,320.01.0004,IRS25703794,2025-12-10,120,120,109.2928,1,YERLİ,43.45,İthalat dosyası,H,Kalite onaylı,301.8443,90,2025,12,50
D00010,320.01.0004,IRS25703795,2025-11-25,120,120,266.5208,1,YERLİ,42.8,Kısmi teslim,E,Kalite onaylı,747.2546,60,2025,11,48
D00009,320.01.0033,IRS25703796,2025-12-18,2000,2000,296.1517,1,YERLİ,43.45,Mal kabul,H,Şartlı kabul,13631.8389,45,2025,12,51
H00001,320.01.0003,IRS25703797,2025-12-08,120,0.12,72.0421,1,İTHAL,43.45,İthalat dosyası,E,Şartlı kabul,198.9655,45,2025,12,50
D00012,320.01.0019,IRS26703798,2026-02-13,250,250,162.9862,1,YERLİ,44.6833,Numune kabul,H,,911.8966,90,2026,2,7
H00004,320.01.0019,IRS26703799,2026-02-17,10000,10,99.9363,1,YERLİ,44.6833,Sevk irsaliyesi,E,Şartlı kabul,22365.4699,45,2026,2,8
H00005,320.01.0026,IRS25703800,2025-12-06,5000,5,65.1852,1,YERLİ,43.45,Kısmi teslim,H,Şartlı kabul,7501.1738,30,2025,12,49
D00009,320.01.0026,IRS26703801,2026-02-20,250,250,315.313,1,YERLİ,44.6833,İthalat dosyası,H,Kalite onaylı,1764.1546,45,2026,2,8
H00010,320.01.0005,IRS25703802,2025-12-26,1000,1,31.5615,1,YERLİ,43.45,İthalat dosyası,E,Şartlı kabul,726.3867,30,2025,12,52
D00010,320.01.0019,IRS25703803,2025-12-12,2000,2000,294.0964,1,YERLİ,43.45,Numune kabul,H,,13537.2336,45,2025,12,50
D00004,320.01.0019,IRS25703804,2025-12-03,2000,2000,84.2991,1,YERLİ,43.45,Mal kabul,H,Kalite onaylı,3880.2808,45,2025,12,49
D00003,320.01.0001,IRS26703805,2026-01-12,250,250,389.8929,1,YERLİ,44.1,Mal kabul,E,Kalite onaylı,2210.2772,45,2026,1,3
D00006,320.01.0010,IRS25703807,2025-11-26,500,500,357.4006,1,YERLİ,42.8,İthalat dosyası,E,Şartlı kabul,4175.2407,45,2025,11,48
D00005,320.01.0010,IRS25703808,2025-12-02,1000,1000,354.2213,1,YERLİ,43.45,Kısmi teslim,H,,8152.389,60,2025,12,49
D00010,320.01.0001,IRS26703809,2026-01-08,10000,10000,296.0878,1,YERLİ,44.1,Mal kabul,E,Kalite onaylı,67140.0907,90,2026,1,2
D00010,320.01.0028,IRS26703810,2026-01-13,250,250,281.3908,1,YERLİ,44.1,Numune kabul,H,Kalite onaylı,1595.1859,60,2026,1,3
D00009,320.01.0028,IRS25703811,2025-12-07,2000,2000,329.6157,1,YERLİ,43.45,İthalat dosyası,E,Şartlı kabul,15172.1841,60,2025,12,49
D00006,320.01.0001,IRS25703812,2025-12-04,250,250,430.3208,1,YERLİ,43.45,Kısmi teslim,H,Şartlı kabul,2475.954,0,2025,12,49
H00014,320.01.0005,IRS26703813,2026-02-16,500,0.5,46.9575,1,YERLİ,44.6833,Numune kabul,H,Şartlı kabul,525.448,90,2026,2,8
H00006,320.01.0005,IRS25703814,2025-12-19,1000,1,127.2703,1,YERLİ,43.45,Sevk irsaliyesi,E,,2929.1208,0,2025,12,51
D00001,320.01.0005,IRS25703815,2025-12-05,500,500,47.6805,1,YERLİ,43.45,Kısmi teslim,H,Kalite onaylı,548.6824,0,2025,12,49
D00012,320.01.0017,IRS26703816,2026-02-25,5000,5000,162.9106,1,YERLİ,44.6833,Numune kabul,H,Kalite onaylı,18229.4728,90,2026,2,9
H00012,320.01.0017,IRS25703817,2025-12-20,2000,2000,35.8448,1,YERLİ,43.45,Sevk irsaliyesi,H,,1649.9333,0,2025,12,51
D00003,320.01.0017,IRS25703818,2025-12-14,500,500,430.2851,1,YERLİ,43.45,Mal kabul,H,,4951.4971,90,2025,12,50
D00009,320.01.0010,IRS25703819,2025-11-30,250,250,298.3323,1,YERLİ,42.8,Kısmi teslim,H,,1742.5952,60,2025,11,48
H00003,320.01.0010,IRS25703820,2025-12-22,500,0.5,87.6304,1,YERLİ,43.45,Sevk irsaliyesi,H,Kalite onaylı,1008.4051,0,2025,12,52
D00005,320.01.0042,IRS25703821,2025-12-01,2000,2000,362.0185,1,YERLİ,43.45,İthalat dosyası,H,Şartlı kabul,16663.6824,90,2025,12,49
H00003,320.01.0002,IRS25703822,2025-12-10,2000,2,107.399,1,YERLİ,43.45,İthalat dosyası,E,Şartlı kabul,4943.5673,0,2025,12,50
H00004,320.01.0040,IRS25703823,2025-12-14,2000,2,84.67,1,YERLİ,43.45,Sevk irsaliyesi,E,,3897.3533,0,2025,12,50
D00012,320.01.0005,IRS26703826,2026-01-23,120,120,170.8587,1,YERLİ,44.1,İthalat dosyası,E,Şartlı kabul,464.9216,90,2026,1,4
H00001,320.01.0012,IRS26703827,2026-01-25,1000,1,73.3095,1,YERLİ,44.1,İthalat dosyası,H,Kalite onaylı,1662.3469,60,2026,1,4
D00007,320.01.0012,IRS25703828,2025-12-01,5000,5000,106.1355,1,YERLİ,43.45,Sevk irsaliyesi,E,Kalite onaylı,12213.5213,0,2025,12,49
D00004,320.01.0017,IRS25703829,2025-12-03,120,120,87.3827,1,YERLİ,43.45,Numune kabul,H,,241.3331,45,2025,12,49
D00010,320.01.0017,IRS25703830,2025-12-19,120,120,239.2244,1,YERLİ,43.45,Sevk irsaliyesi,E,Kalite onaylı,660.6888,30,2025,12,51
D00001,320.01.0011,IRS26703831,2026-03-02,1000,1000,41.8611,1,YERLİ,45.2667,İthalat dosyası,E,Kalite onaylı,924.7659,45,2026,3,10
D00002,320.01.0011,IRS25703832,2025-12-12,2000,2000,77.8991,1,YERLİ,43.45,Kısmi teslim,E,Kalite onaylı,3585.6893,90,2025,12,50
H00007,320.01.0011,IRS25703833,2025-12-14,1000,1,63.9993,1,YERLİ,43.45,Numune kabul,E,Şartlı kabul,1472.9413,45,2025,12,50
H00006,320.01.0028,IRS25703834,2025-12-08,1000,1,148.0702,1,YERLİ,43.45,Kısmi teslim,H,,3407.8297,60,2025,12,50
D00011,320.01.0028,IRS25703835,2025-11-28,2000,2000,10.8523,1,YERLİ,42.8,Numune kabul,H,Şartlı kabul,507.1168,90,2025,11,48
D00005,320.01.0002,IRS26703836,2026-02-19,1000,1000,339.1975,1,YERLİ,44.6833,İthalat dosyası,E,,7591.147,90,2026,2,8
H00010,320.01.0009,IRS25703837,2025-12-24,120,0.12,31.8806,1,YERLİ,43.45,Numune kabul,H,Kalite onaylı,88.0477,0,2025,12,52
D00009,320.01.0049,IRS25703838,2025-12-05,2000,2000,325.1927,1,YERLİ,43.45,Mal kabul,H,Kalite onaylı,14968.5938,45,2025,12,49
D00003,320.01.0049,IRS25703839,2025-12-10,10000,10000,415.8286,1,YERLİ,43.45,Mal kabul,E,,95702.7848,60,2025,12,50
D00006,320.01.0017,IRS25703840,2025-12-16,5000,5000,367.8601,1,YERLİ,43.45,İthalat dosyası,H,Kalite onaylı,42331.4269,90,2025,12,51
H00005,320.01.0017,IRS26703841,2026-01-24,500,0.5,65.566,1,YERLİ,44.1,Kısmi teslim,E,Şartlı kabul,743.3787,0,2026,1,4
H00005,320.01.0022,IRS26703843,2026-02-25,10000,10,63.3883,1,YERLİ,44.6833,İthalat dosyası,E,,14186.1277,0,2026,2,9
H00015,320.01.0022,IRS26703844,2026-01-02,250,0.25,46.4454,1,YERLİ,44.1,Kısmi teslim,H,Şartlı kabul,263.2959,45,2026,1,1
D00007,320.01.0022,IRS26703845,2026-01-02,120,120,108.4113,1,YERLİ,44.1,İthalat dosyası,H,Şartlı kabul,294.9967,45,2026,1,1
D00005,320.01.0002,IRS25703846,2025-12-23,1000,1000,364.2844,1,YERLİ,43.45,İthalat dosyası,E,,8383.9908,60,2025,12,52
H00009,320.01.0002,IRS25703848,2025-12-25,120,0.12,110.8353,1,YERLİ,43.45,Mal kabul,H,Kalite onaylı,306.1044,60,2025,12,52
D00005,320.01.0002,IRS25703849,2025-12-15,2000,2000,353.5615,1,YERLİ,43.45,İthalat dosyası,H,,16274.4074,90,2025,12,51
D00011,320.01.0001,IRS25703850,2025-12-19,10000,10000,12.4584,1,YERLİ,43.45,Mal kabul,H,,2867.2957,90,2025,12,51
H00005,320.01.0001,IRS26703851,2026-01-11,120,0.12,73.3104,1,YERLİ,44.1,İthalat dosyası,E,,199.4841,60,2026,1,2
D00012,320.01.0001,IRS26703852,2026-03-05,120,120,153.4795,1,YERLİ,45.2667,Mal kabul,H,Kalite onaylı,406.8673,90,2026,3,10
H00015,320.01.0046,IRS25703853,2025-12-22,120,0.12,46.4924,1,YERLİ,43.45,Kısmi teslim,E,Şartlı kabul,128.4025,60,2025,12,52
H00013,320.01.0013,IRS26703854,2026-03-05,10000,10000,110.7783,1,YERLİ,45.2667,Kısmi teslim,H,Kalite onaylı,24472.3605,0,2026,3,10
D00004,320.01.0013,IRS26703855,2026-01-20,10000,10000,94.0168,1,YERLİ,44.1,Numune kabul,E,,21319.0023,60,2026,1,4
D00009,320.01.0010,IRS25703856,2025-12-28,5000,5000,328.8395,1,YERLİ,43.45,Mal kabul,H,Kalite onaylı,37841.1392,45,2025,12,52
H00014,320.01.0010,IRS26703857,2026-03-03,1000,1,47.9384,1,YERLİ,45.2667,İthalat dosyası,E,Şartlı kabul,1059.0213,90,2026,3,10
H00011,320.01.0010,IRS26703858,2026-03-02,1000,1,52.5452,1,YERLİ,45.2667,Mal kabul,E,,1160.7915,60,2026,3,10
H00015,320.01.0002,IRS25703859,2025-12-12,500,0.5,51.1998,1,YERLİ,43.45,İthalat dosyası,E,,589.1807,45,2025,12,50
D00004,320.01.0002,IRS26703860,2026-01-17,250,250,90.3027,1,YERLİ,44.1,Sevk irsaliyesi,E,,511.9201,45,2026,1,3
D00009,320.01.0004,IRS25703862,2025-12-30,2000,2000,345.8728,1,YERLİ,43.45,Kısmi teslim,H,Şartlı kabul,15920.4971,90,2025,12,1
D00009,320.01.0004,IRS25703863,2025-12-20,5000,5000,340.1795,1,YERLİ,43.45,Mal kabul,E,Kalite onaylı,39146.0875,0,2025,12,51
H00016,320.01.0041,IRS25703864,2025-12-12,500,500,118.842,1,İTHAL,43.45,İthalat dosyası,E,Şartlı kabul,1367.5719,30,2025,12,50
H00013,320.01.0041,IRS25703865,2025-12-26,2000,2000,121.6853,1,İTHAL,43.45,Kısmi teslim,E,Kalite onaylı,5601.1646,30,2025,12,52
H00005,320.01.0008,IRS26703866,2026-01-27,120,0.12,66.0097,1,YERLİ,44.1,İthalat dosyası,H,,179.6182,60,2026,1,5
H00009,320.01.0008,IRS26703867,2026-01-09,2000,2,109.817,1,YERLİ,44.1,Mal kabul,E,,4980.3628,60,2026,1,2
D00002,320.01.0008,IRS25703868,2025-12-21,10000,10000,71.8456,1,YERLİ,43.45,Mal kabul,E,Şartlı kabul,16535.2359,0,2025,12,51
D00004,320.01.0006,IRS25703869,2025-12-20,10000,10000,98.9083,1,YERLİ,43.45,Kısmi teslim,E,Şartlı kabul,22763.7054,30,2025,12,51
H00002,320.01.0006,IRS25703870,2025-12-16,5000,5,26.0075,1,YERLİ,43.45,Kısmi teslim,H,Kalite onaylı,2992.8078,60,2025,12,51
D00003,320.01.0001,IRS25703871,2025-12-31,10000,10000,428.4259,1,YERLİ,43.45,Numune kabul,E,,98602.0483,30,2025,12,1
H00011,320.01.0002,IRS26703872,2026-01-07,2000,2,49.3529,1,YERLİ,44.1,Sevk irsaliyesi,H,,2238.2268,60,2026,1,2
H00005,320.01.0002,IRS25703873,2025-12-25,120,0.12,75.2221,1,YERLİ,43.45,İthalat dosyası,E,Kalite onaylı,207.748,45,2025,12,52
D00009,320.01.0019,IRS26703874,2026-03-06,5000,5000,353.9053,1,YERLİ,45.2667,Mal kabul,H,Şartlı kabul,39091.131,45,2026,3,10
D00005,320.01.0045,IRS26703875,2026-01-24,5000,5000,331.7278,1,YERLİ,44.1,İthalat dosyası,H,,37610.8617,30,2026,1,4
D00012,320.01.0045,IRS25703876,2025-12-18,2000,2000,168.9869,1,YERLİ,43.45,Numune kabul,H,Kalite onaylı,7778.4534,45,2025,12,51
D00003,320.01.0004,IRS26703877,2026-01-17,120,120,361.1755,1,YERLİ,44.1,Mal kabul,H,,982.7905,60,2026,1,3
D00010,320.01.0004,IRS25703878,2025-12-31,500,500,265.0017,1,YERLİ,43.45,Kısmi teslim,H,Şartlı kabul,3049.5017,90,2025,12,1
D00012,320.01.0004,IRS26703879,2026-01-31,250,250,179.7245,1,YERLİ,44.1,Numune kabul,E,Kalite onaylı,1018.8464,0,2026,1,5
D00001,320.01.0014,IRS26703880,2026-01-26,120,120,51.1486,1,YERLİ,44.1,Sevk irsaliyesi,E,Kalite onaylı,139.1799,90,2026,1,5
D00007,320.01.0023,IRS26703881,2026-01-03,5000,5000,94.5259,1,İTHAL,44.1,Sevk irsaliyesi,H,Şartlı kabul,10717.2222,90,2026,1,1
D00007,320.01.0023,IRS26703882,2026-03-02,10000,10000,108.5479,1,İTHAL,45.2667,Sevk irsaliyesi,E,Kalite onaylı,23979.6362,0,2026,3,10
H00001,320.01.0023,IRS25703883,2025-12-21,2000,2,61.1205,1,İTHAL,43.45,Numune kabul,H,,2813.3717,90,2025,12,51
D00008,320.01.0001,IRS26703884,2026-02-13,60,60,449.3535,1,YERLİ,44.6833,Mal kabul,H,Kalite onaylı,603.3845,90,2026,2,7
H00002,320.01.0001,IRS25703885,2025-12-20,2000,2,28.015,1,YERLİ,43.45,Kısmi teslim,E,,1289.5282,0,2025,12,51
H00008,320.01.0001,IRS25703886,2025-12-27,250,0.25,82.6082,1,YERLİ,43.45,Sevk irsaliyesi,H,,475.3061,60,2025,12,52
D00009,320.01.0001,IRS25703888,2025-12-23,10000,10000,312.4658,1,YERLİ,43.45,Kısmi teslim,E,Şartlı kabul,71913.878,0,2025,12,52
H00009,320.01.0022,IRS26703889,2026-01-03,10000,10,96.8862,1,YERLİ,44.1,İthalat dosyası,E,Kalite onaylı,21969.6599,90,2026,1,1
D00012,320.01.0002,IRS25703890,2025-12-21,250,250,183.8399,1,YERLİ,43.45,Kısmi teslim,E,,1057.767,45,2025,12,51
D00007,320.01.0002,IRS26703891,2026-02-14,500,500,94.526,1,YERLİ,44.6833,Sevk irsaliyesi,E,,1057.733,45,2026,2,7
H00001,320.01.0003,IRS25703892,2025-12-26,5000,5,67.5627,1,İTHAL,43.45,Numune kabul,H,,7774.7641,45,2025,12,52
H00002,320.01.0003,IRS25703893,2025-12-23,1000,1,28.3873,1,İTHAL,43.45,İthalat dosyası,E,Şartlı kabul,653.3326,60,2025,12,52
H00006,320.01.0003,IRS25703894,2025-12-20,120,0.12,143.4816,1,İTHAL,43.45,Mal kabul,E,,396.2668,30,2025,12,51
D00005,320.01.0002,IRS25703895,2025-12-20,5000,5000,412.9933,1,YERLİ,43.45,Numune kabul,H,,47525.1208,0,2025,12,51
H00016,320.01.0038,IRS26703896,2026-02-12,10000,10000,113.1644,1,YERLİ,44.6833,İthalat dosyası,E,Kalite onaylı,25325.8824,90,2026,2,7
H00006,320.01.0055,IRS26703897,2026-01-01,5000,5,133.1054,1,İTHAL,44.1,Sevk irsaliyesi,E,,15091.3152,0,2026,1,1
H00013,320.01.0055,IRS26703898,2026-01-31,120,120,112.3304,1,İTHAL,44.1,Kısmi teslim,E,Şartlı kabul,305.661,45,2026,1,5
D00010,320.01.0022,IRS25703899,2025-12-28,5000,5000,281.8505,1,YERLİ,43.45,Sevk irsaliyesi,H,Şartlı kabul,32433.8895,30,2025,12,52
D00006,320.01.0022,IRS26703900,2026-01-08,120,120,368.4929,1,YERLİ,44.1,Mal kabul,H,Kalite onaylı,1002.7018,90,2026,1,2
H00001,320.01.0046,IRS26703901,2026-02-11,250,0.25,74.9716,1,YERLİ,44.6833,Numune kabul,H,Şartlı kabul,419.461,45,2026,2,7
D00006,320.01.0046,IRS26703902,2026-02-10,10000,10000,425.7404,1,YERLİ,44.6833,Numune kabul,H,Şartlı kabul,95279.534,30,2026,2,7
D00005,320.01.0026,IRS25703905,2025-12-20,500,500,381.0491,1,YERLİ,43.45,İthalat dosyası,E,Şartlı kabul,4384.9148,60,2025,12,51
H00010,320.01.0026,IRS26703906,2026-02-04,2500,2.5,26.8404,1,YERLİ,44.6833,Numune kabul,H,Şartlı kabul,1501.702,90,2026,2,6
H00014,320.01.0026,IRS26703907,2026-02-07,120,0.12,49.938,1,YERLİ,44.6833,Mal kabul,E,Kalite onaylı,134.1118,30,2026,2,6
H00005,320.01.0005,IRS26703908,2026-01-09,500,0.5,75.7711,1,YERLİ,44.1,İthalat dosyası,H,,859.0828,60,2026,1,2
D00005,320.01.0005,IRS26703909,2026-01-26,120,120,352.2464,1,YERLİ,44.1,İthalat dosyası,H,Kalite onaylı,958.4936,90,2026,1,5
H00015,320.01.0033,IRS26703910,2026-01-05,10000,10,58.6582,1,YERLİ,44.1,Mal kabul,E,Şartlı kabul,13301.1791,0,2026,1,2
D00009,320.01.0033,IRS26703911,2026-01-04,250,250,298.7599,1,YERLİ,44.1,Kısmi teslim,E,Şartlı kabul,1693.6502,90,2026,1,1
H00005,320.01.0040,IRS26703912,2026-03-20,10000,10,64.8142,1,YERLİ,45.2667,Mal kabul,H,,14318.2958,90,2026,3,12
H00005,320.01.0040,IRS26703913,2026-01-17,2000,2,65.874,1,YERLİ,44.1,Numune kabul,H,,2987.483,45,2026,1,3
D00006,320.01.0012,IRS26703914,2026-01-05,10000,10000,425.3555,1,YERLİ,44.1,İthalat dosyası,E,Şartlı kabul,96452.4943,0,2026,1,2
H00012,320.01.0007,IRS26703915,2026-01-16,2000,2000,45.4775,1,YERLİ,44.1,Numune kabul,E,,2062.4717,30,2026,1,3
H00010,320.01.0009,IRS26703916,2026-02-25,120,0.12,27.2127,1,YERLİ,44.6833,Kısmi teslim,E,,73.0815,90,2026,2,9
D00008,320.01.0008,IRS26703917,2026-01-05,10000,10000,361.0163,1,YERLİ,44.1,Sevk irsaliyesi,E,,81863.1066,0,2026,1,2
H00002,320.01.0008,IRS26703918,2026-01-18,120,0.12,28.0794,1,YERLİ,44.1,Mal kabul,H,,76.4065,0,2026,1,3
H00008,320.01.0008,IRS26703919,2026-01-01,120,0.12,78.5602,1,YERLİ,44.1,Numune kabul,E,,213.7693,60,2026,1,1
H00007,320.01.0008,IRS26703920,2026-02-15,1000,1,57.7277,1,YERLİ,44.6833,İthalat dosyası,H,Kalite onaylı,1291.9301,45,2026,2,7
D00004,320.01.0019,IRS26703921,2026-01-25,500,500,98.2055,1,YERLİ,44.1,Mal kabul,E,Şartlı kabul,1113.441,30,2026,1,4
H00011,320.01.0019,IRS26703922,2026-03-23,120,0.12,46.9103,1,YERLİ,45.2667,Sevk irsaliyesi,E,,124.3571,45,2026,3,13
H00009,320.01.0014,IRS26703923,2026-03-26,500,0.5,97.3744,1,YERLİ,45.2667,Mal kabul,H,Kalite onaylı,1075.5633,90,2026,3,13
D00003,320.01.0014,IRS26703924,2026-03-16,60,60,379.8512,1,YERLİ,45.2667,Sevk irsaliyesi,H,,503.4843,30,2026,3,12
D00008,320.01.0045,IRS26703925,2026-03-27,10000,10000,424.2086,1,YERLİ,45.2667,Mal kabul,E,Şartlı kabul,93713.1711,90,2026,3,13
D00002,320.01.0025,IRS26703926,2026-01-11,250,250,78.8738,1,İTHAL,44.1,Mal kabul,H,Şartlı kabul,447.1304,60,2026,1,2
H00004,320.01.0001,IRS26703927,2026-01-13,1000,1,97.0706,1,YERLİ,44.1,Kısmi teslim,H,Şartlı kabul,2201.1474,0,2026,1,3
H00006,320.01.0001,IRS25703928,2025-12-31,1000,1,141.688,1,YERLİ,43.45,Numune kabul,H,,3260.9436,45,2025,12,1
H00011,320.01.0003,IRS26703929,2026-02-28,120,0.12,48.944,1,İTHAL,44.6833,Kısmi teslim,H,Kalite onaylı,131.4424,45,2026,2,9
H00007,320.01.0003,IRS26703930,2026-02-02,120,0.12,64.3547,1,İTHAL,44.6833,Mal kabul,H,Kalite onaylı,172.8289,0,2026,2,6
H00012,320.01.0004,IRS26703931,2026-01-20,500,500,40.3887,1,YERLİ,44.1,Sevk irsaliyesi,E,Şartlı kabul,457.9218,90,2026,1,4
D00003,320.01.0004,IRS26703932,2026-02-11,250,250,431.1357,1,YERLİ,44.6833,Sevk irsaliyesi,E,,2412.1747,45,2026,2,7
D00010,320.01.0004,IRS26703933,2026-02-05,2000,2000,299.2532,1,YERLİ,44.6833,Numune kabul,E,Şartlı kabul,13394.4091,60,2026,2,6
H00014,320.01.0003,IRS26703934,2026-03-21,250,0.25,40.5051,1,İTHAL,45.2667,Numune kabul,E,Kalite onaylı,223.7025,30,2026,3,12
H00012,320.01.0003,IRS25703935,2025-12-29,10000,10000,44.157,1,İTHAL,43.45,İthalat dosyası,H,,10162.7158,45,2025,12,1
H00004,320.01.0026,IRS26703936,2026-01-27,500,0.5,100.6886,1,YERLİ,44.1,İthalat dosyası,H,,1141.5941,0,2026,1,5
H00001,320.01.0026,IRS26703937,2026-01-22,2000,2,68.6615,1,YERLİ,44.1,Kısmi teslim,H,Kalite onaylı,3113.9002,45,2026,1,4
H00016,320.01.0007,IRS26703938,2026-02-08,5000,5000,112.4527,1,YERLİ,44.6833,Mal kabul,H,,12583.3029,30,2026,2,6
H00005,320.01.0007,IRS26703939,2026-01-14,250,0.25,63.9437,1,YERLİ,44.1,Mal kabul,H,Kalite onaylı,362.4926,45,2026,1,3
D00011,320.01.0007,IRS26703940,2026-03-25,120,120,13.135,1,YERLİ,45.2667,Mal kabul,H,Şartlı kabul,34.8203,60,2026,3,13
D00012,320.01.0009,IRS26703941,2026-01-25,250,250,183.844,1,YERLİ,44.1,Numune kabul,E,,1042.1995,60,2026,1,4
D00006,320.01.0009,IRS26703942,2026-02-05,500,500,402.3992,1,YERLİ,44.6833,Numune kabul,E,Şartlı kabul,4502.7919,90,2026,2,6
H00012,320.01.0010,IRS26703944,2026-01-09,1000,1000,41.8399,1,YERLİ,44.1,Kısmi teslim,E,Şartlı kabul,948.7506,60,2026,1,2
D00009,320.01.0015,IRS26703945,2026-01-22,5000,5000,328.2419,1,YERLİ,44.1,Numune kabul,E,Kalite onaylı,37215.6349,30,2026,1,4
D00012,320.01.0015,IRS26703946,2026-02-23,2000,2000,193.8294,1,YERLİ,44.6833,Numune kabul,E,Kalite onaylı,8675.6976,90,2026,2,9
D00008,320.01.0013,IRS26703947,2026-02-13,2000,2000,380.7302,1,YERLİ,44.6833,İthalat dosyası,E,Şartlı kabul,17041.2749,0,2026,2,7
D00006,320.01.0004,IRS26703948,2026-01-06,250,250,451.5474,1,YERLİ,44.1,Mal kabul,H,,2559.7925,90,2026,1,2
H00011,320.01.0004,IRS26703949,2026-01-09,500,0.5,48.1935,1,YERLİ,44.1,Mal kabul,E,Kalite onaylı,546.4116,45,2026,1,2
H00007,320.01.0004,IRS26703950,2026-04-02,10000,10,61.8592,1,YERLİ,45.85,Kısmi teslim,E,Şartlı kabul,13491.6467,90,2026,4,14
H00007,320.01.0007,IRS26703951,2026-01-06,10000,10,55.8854,1,YERLİ,44.1,Kısmi teslim,E,,12672.4263,30,2026,1,2
H00003,320.01.0007,IRS26703952,2026-04-04,2000,2,101.0203,1,YERLİ,45.85,Mal kabul,E,,4406.5562,45,2026,4,14
D00010,320.01.0007,IRS26703953,2026-01-10,500,500,271.8855,1,YERLİ,44.1,Mal kabul,H,Şartlı kabul,3082.602,30,2026,1,2
H00007,320.01.0002,IRS26703954,2026-02-15,120,0.12,62.6948,1,YERLİ,44.6833,İthalat dosyası,E,Kalite onaylı,168.3711,60,2026,2,7
H00006,320.01.0002,IRS26703955,2026-02-14,5000,5,146.558,1,YERLİ,44.6833,İthalat dosyası,E,,16399.6392,90,2026,2,7
H00004,320.01.0028,IRS26703956,2026-02-28,5000,5,101.6058,1,YERLİ,44.6833,Numune kabul,E,,11369.5497,45,2026,2,9
D00004,320.01.0003,IRS26703957,2026-02-18,500,500,97.7063,1,İTHAL,44.6833,Sevk irsaliyesi,E,Kalite onaylı,1093.3201,90,2026,2,8
D00009,320.01.0003,IRS26703958,2026-03-03,1000,1000,328.0255,1,İTHAL,45.2667,Sevk irsaliyesi,E,Kalite onaylı,7246.5079,0,2026,3,10
H00009,320.01.0005,IRS26703959,2026-04-01,500,0.5,107.0103,1,YERLİ,45.85,İthalat dosyası,H,,1166.9607,30,2026,4,14
H00008,320.01.0005,IRS26703960,2026-01-14,10000,10,90.1745,1,YERLİ,44.1,Mal kabul,H,,20447.7324,0,2026,1,3
H00008,320.01.0003,IRS26703961,2026-01-15,10000,10,86.0631,1,İTHAL,44.1,İthalat dosyası,H,Kalite onaylı,19515.4422,45,2026,1,3
D00012,320.01.0003,IRS26703962,2026-01-22,10000,10000,185.1523,1,İTHAL,44.1,Kısmi teslim,H,,41984.6485,60,2026,1,4
D00001,320.01.0005,IRS26703963,2026-01-27,5000,5000,45.2517,1,YERLİ,44.1,Kısmi teslim,E,Kalite onaylı,5130.5782,45,2026,1,5
D00012,320.01.0049,IRS26703964,2026-01-16,5000,5000,191.9693,1,YERLİ,44.1,Mal kabul,H,,21765.2268,90,2026,1,3
D00008,320.01.0049,IRS26703965,2026-02-05,5000,5000,364.5324,1,YERLİ,44.6833,İthalat dosyası,E,,40790.6757,90,2026,2,6
H00002,320.01.0036,IRS26703966,2026-03-05,1000,1,28.1292,1,YERLİ,45.2667,Sevk irsaliyesi,H,Kalite onaylı,621.4104,0,2026,3,10
D00009,320.01.0007,IRS26703967,2026-01-28,2000,2000,292.8922,1,YERLİ,44.1,Numune kabul,H,,13283.093,90,2026,1,5
H00010,320.01.0003,IRS26703968,2026-02-11,500,0.5,32.8184,1,İTHAL,44.6833,Mal kabul,H,,367.2334,0,2026,2,7
D00007,320.01.0011,IRS26703969,2026-01-25,500,500,104.2119,1,YERLİ,44.1,Sevk irsaliyesi,H,,1181.5408,30,2026,1,4
D00011,320.01.0001,IRS26703970,2026-02-21,5000,5000,13.1876,1,YERLİ,44.6833,Mal kabul,E,Şartlı kabul,1475.6744,90,2026,2,8
H00004,320.01.0001,IRS26703971,2026-02-25,5000,5,90.0212,1,YERLİ,44.6833,Sevk irsaliyesi,E,Şartlı kabul,10073.2488,45,2026,2,9
D00011,320.01.0023,IRS26703972,2026-02-16,5000,5000,11.538,1,İTHAL,44.6833,Kısmi teslim,E,,1291.0864,60,2026,2,8
D00001,320.01.0023,IRS26703973,2026-01-25,250,250,49.3269,1,İTHAL,44.1,Sevk irsaliyesi,H,Şartlı kabul,279.631,45,2026,1,4
H00011,320.01.0017,IRS26703974,2026-01-12,1000,1,43.0488,1,YERLİ,44.1,Sevk irsaliyesi,H,Kalite onaylı,976.1633,0,2026,1,3
D00003,320.01.0017,IRS26703975,2026-02-08,5000,5000,427.0006,1,YERLİ,44.6833,İthalat dosyası,E,Şartlı kabul,47780.7816,45,2026,2,6
H00009,320.01.0017,IRS26703976,2026-01-25,500,0.5,115.8031,1,YERLİ,44.1,Sevk irsaliyesi,H,Kalite onaylı,1312.9603,45,2026,1,4
D00003,320.01.0003,IRS26703978,2026-04-04,500,500,397.838,1,İTHAL,45.85,İthalat dosyası,H,Şartlı kabul,4338.4733,90,2026,4,14
H00001,320.01.0025,IRS26703979,2026-01-18,120,0.12,72.9854,1,İTHAL,44.1,Numune kabul,H,,198.5997,90,2026,1,3
H00006,320.01.0025,IRS26703980,2026-01-23,120,0.12,138.5942,1,İTHAL,44.1,İthalat dosyası,E,Şartlı kabul,377.1271,90,2026,1,4
D00005,320.01.0034,IRS26703981,2026-02-03,250,250,407.2743,1,YERLİ,44.6833,Mal kabul,E,Kalite onaylı,2278.6718,45,2026,2,6
D00003,320.01.0034,IRS26703982,2026-02-06,250,250,357.8131,1,YERLİ,44.6833,İthalat dosyası,E,Şartlı kabul,2001.9398,0,2026,2,6
H00008,320.01.0034,IRS26703983,2026-01-21,5000,5,83.5884,1,YERLİ,44.1,Numune kabul,E,Şartlı kabul,9477.1429,30,2026,1,4
H00001,320.01.0025,IRS26703984,2026-03-29,500,0.5,60.1109,1,İTHAL,45.2667,Sevk irsaliyesi,H,Şartlı kabul,663.9638,30,2026,3,13
H00011,320.01.0009,IRS26703985,2026-03-08,120,0.12,42.9783,1,YERLİ,45.2667,İthalat dosyası,H,Kalite onaylı,113.9336,60,2026,3,10
D00010,320.01.0016,IRS26703987,2026-02-01,2000,2000,270.3755,1,YERLİ,44.6833,Mal kabul,E,,12101.8591,0,2026,2,5
H00012,320.01.0002,IRS26703988,2026-03-11,120,120,44.6903,1,YERLİ,45.2667,Mal kabul,H,Şartlı kabul,118.472,60,2026,3,11
D00004,320.01.0002,IRS26703989,2026-02-12,2000,2000,95.9425,1,YERLİ,44.6833,Kısmi teslim,E,Şartlı kabul,4294.3337,45,2026,2,7
H00004,320.01.0004,IRS26703990,2026-02-22,250,0.25,85.6067,1,YERLİ,44.6833,Kısmi teslim,H,Şartlı kabul,478.9636,45,2026,2,8
H00002,320.01.0054,IRS26703991,2026-04-10,2000,2,24.5625,1,YERLİ,45.85,Numune kabul,H,Kalite onaylı,1071.4286,45,2026,4,15
D00003,320.01.0054,IRS26703992,2026-02-20,1000,1000,403.9172,1,YERLİ,44.6833,Kısmi teslim,H,Şartlı kabul,9039.5562,0,2026,2,8
H00003,320.01.0029,IRS26703993,2026-02-23,10000,10,96.3843,1,YERLİ,44.6833,Kısmi teslim,E,Kalite onaylı,21570.542,0,2026,2,9
D00003,320.01.0029,IRS26703994,2026-01-10,2000,2000,399.2986,1,YERLİ,44.1,İthalat dosyası,E,,18108.78,0,2026,1,2
H00008,320.01.0029,IRS26703995,2026-01-25,250,0.25,81.4513,1,YERLİ,44.1,Sevk irsaliyesi,E,Şartlı kabul,461.7421,60,2026,1,4
D00006,320.01.0045,IRS26703996,2026-02-16,500,500,409.8576,1,YERLİ,44.6833,Sevk irsaliyesi,H,,4586.2503,0,2026,2,8
H00006,320.01.0003,IRS26703997,2026-01-31,250,0.25,140.6655,1,İTHAL,44.1,Mal kabul,E,,797.4235,45,2026,1,5
D00008,320.01.0003,IRS26703998,2026-01-20,250,250,400.9086,1,İTHAL,44.1,Numune kabul,E,Kalite onaylı,2272.7245,0,2026,1,4
H00014,320.01.0017,IRS26703999,2026-03-09,5000,5,51.653,1,YERLİ,45.2667,Numune kabul,E,Şartlı kabul,5705.4082,0,2026,3,11
H00010,320.01.0017,IRS26704000,2026-02-21,120,0.12,30.6201,1,YERLİ,44.6833,Mal kabul,E,,82.2323,45,2026,2,8
H00006,320.01.0009,IRS26704001,2026-01-15,1000,1,156.9119,1,YERLİ,44.1,Sevk irsaliyesi,E,,3558.093,30,2026,1,3
D00003,320.01.0009,IRS26704002,2026-04-02,250,250,353.0375,1,YERLİ,45.85,Kısmi teslim,H,Kalite onaylı,1924.9591,30,2026,4,14
H00007,320.01.0009,IRS26704003,2026-01-18,120,0.12,62.3993,1,YERLİ,44.1,Sevk irsaliyesi,H,,169.794,45,2026,1,3
H00007,320.01.0024,IRS26704004,2026-02-03,120,0.12,58.0822,1,YERLİ,44.6833,Kısmi teslim,E,,155.9836,60,2026,2,6
H00004,320.01.0024,IRS26704005,2026-01-31,2000,2,89.5513,1,YERLİ,44.1,Mal kabul,E,,4061.2834,60,2026,1,5
H00003,320.01.0004,IRS26704006,2026-01-11,250,0.25,108.5768,1,YERLİ,44.1,İthalat dosyası,E,,615.5147,30,2026,1,2
H00013,320.01.0053,IRS26704007,2026-01-12,2000,2000,124.6492,1,İTHAL,44.1,İthalat dosyası,E,,5653.0249,45,2026,1,3
H00005,320.01.0014,IRS26704008,2026-01-17,250,0.25,66.9319,1,YERLİ,44.1,İthalat dosyası,H,Şartlı kabul,379.4325,60,2026,1,3
D00004,320.01.0001,IRS26704009,2026-04-09,5000,5000,104.4202,1,YERLİ,45.85,Kısmi teslim,E,Şartlı kabul,11387.1538,90,2026,4,15
D00006,320.01.0001,IRS26704010,2026-03-11,250,250,377.0424,1,YERLİ,45.2667,İthalat dosyası,H,Kalite onaylı,2082.3387,60,2026,3,11
D00010,320.01.0034,IRS26704011,2026-01-17,2000,2000,257.607,1,YERLİ,44.1,Numune kabul,E,Şartlı kabul,11682.8571,60,2026,1,3
H00011,320.01.0034,IRS26704012,2026-03-14,500,0.5,49.321,1,YERLİ,45.2667,Sevk irsaliyesi,E,,544.7824,60,2026,3,11
D00008,320.01.0010,IRS26704013,2026-01-22,10000,10000,411.5769,1,YERLİ,44.1,Mal kabul,H,Şartlı kabul,93328.0952,45,2026,1,4
H00015,320.01.0004,IRS26704014,2026-01-21,1000,1,54.8543,1,YERLİ,44.1,Sevk irsaliyesi,H,,1243.8617,60,2026,1,4
H00016,320.01.0008,IRS26704015,2026-02-19,1000,1000,109.8195,1,YERLİ,44.6833,Sevk irsaliyesi,H,Kalite onaylı,2457.7303,30,2026,2,8
D00004,320.01.0002,IRS26704016,2026-01-26,1000,1000,101.0279,1,YERLİ,44.1,Kısmi teslim,H,Kalite onaylı,2290.8821,0,2026,1,5
H00003,320.01.0018,IRS26704017,2026-02-03,500,0.5,102.0371,1,YERLİ,44.6833,Mal kabul,H,,1141.7812,45,2026,2,6
H00004,320.01.0005,IRS26704018,2026-03-14,2000,2,97.6872,1,YERLİ,45.2667,Kısmi teslim,E,Kalite onaylı,4316.0734,0,2026,3,11
H00004,320.01.0013,IRS26704019,2026-02-27,5000,5,91.99,1,YERLİ,44.6833,Mal kabul,E,Şartlı kabul,10293.5549,45,2026,2,9
D00009,320.01.0053,IRS26704020,2026-01-27,120,120,348.0972,1,İTHAL,44.1,Kısmi teslim,H,Şartlı kabul,947.2033,90,2026,1,5
H00015,320.01.0053,IRS26704021,2026-03-07,120,0.12,54.6928,1,İTHAL,45.2667,İthalat dosyası,H,Şartlı kabul,144.9882,30,2026,3,10
H00015,320.01.0007,IRS26704022,2026-02-28,1000,1,48.4163,1,YERLİ,44.6833,Numune kabul,E,Şartlı kabul,1083.5435,0,2026,2,9
D00001,320.01.0003,IRS26704023,2026-02-05,1000,1000,49.9232,1,İTHAL,44.6833,Kısmi teslim,H,Şartlı kabul,1117.2675,90,2026,2,6
H00006,320.01.0003,IRS26704024,2026-04-12,1000,1,144.1329,1,İTHAL,45.85,Kısmi teslim,E,Şartlı kabul,3143.5747,60,2026,4,15
H00009,320.01.0003,IRS26704025,2026-01-26,1000,1,96.8765,1,İTHAL,44.1,Mal kabul,E,Kalite onaylı,2196.746,45,2026,1,5
H00010,320.01.0028,IRS26704026,2026-03-17,1000,1,29.665,1,YERLİ,45.2667,Kısmi teslim,H,Şartlı kabul,655.3383,0,2026,3,12
D00004,320.01.0028,IRS26704027,2026-04-15,250,250,83.9464,1,YERLİ,45.85,Sevk irsaliyesi,E,,457.723,90,2026,4,16
H00003,320.01.0003,IRS26704028,2026-02-11,120,0.12,110.5971,1,İTHAL,44.6833,Sevk irsaliyesi,H,,297.0159,30,2026,2,7
H00011,320.01.0002,IRS26704030,2026-02-24,1000,1,55.1384,1,YERLİ,44.6833,Kısmi teslim,E,,1233.9823,0,2026,2,9
H00012,320.01.0002,IRS26704031,2026-03-08,250,250,40.3058,1,YERLİ,45.2667,Kısmi teslim,H,Şartlı kabul,222.6018,30,2026,3,10
D00006,320.01.0025,IRS26704032,2026-02-10,1000,1000,417.565,1,İTHAL,44.6833,Kısmi teslim,E,Şartlı kabul,9344.9902,30,2026,2,7
H00012,320.01.0013,IRS26704033,2026-03-13,5000,5000,46.2033,1,YERLİ,45.2667,Sevk irsaliyesi,H,,5103.4535,45,2026,3,11
D00010,320.01.0013,IRS26704034,2026-04-24,5000,5000,253.2378,1,YERLİ,45.85,Kısmi teslim,E,,27615.8997,90,2026,4,17
H00005,320.01.0013,IRS26704035,2026-02-21,250,0.25,70.5944,1,YERLİ,44.6833,Kısmi teslim,E,,394.9708,45,2026,2,8
H00013,320.01.0014,IRS26704036,2026-02-05,500,500,128.8544,1,YERLİ,44.6833,Kısmi teslim,E,Kalite onaylı,1441.8631,0,2026,2,6
D00001,320.01.0014,IRS26704037,2026-03-11,10000,10000,53.0447,1,YERLİ,45.2667,Sevk irsaliyesi,E,Şartlı kabul,11718.2609,90,2026,3,11
D00002,320.01.0014,IRS26704038,2026-03-19,60,60,75.9005,1,YERLİ,45.2667,Kısmi teslim,H,,100.6044,30,2026,3,12
H00006,320.01.0007,IRS26704039,2026-02-25,1000,1,149.073,1,YERLİ,44.6833,Kısmi teslim,H,Şartlı kabul,3336.2129,0,2026,2,9
D00008,320.01.0003,IRS26704040,2026-02-22,10000,10000,420.4964,1,İTHAL,44.6833,Sevk irsaliyesi,E,Kalite onaylı,94105.9411,60,2026,2,8
H00002,320.01.0003,IRS26704041,2026-02-09,120,0.12,25.6332,1,İTHAL,44.6833,Kısmi teslim,E,Kalite onaylı,68.8397,45,2026,2,7
H00002,320.01.0051,IRS26704042,2026-03-11,500,0.5,26.6981,1,YERLİ,45.2667,Kısmi teslim,H,,294.8978,0,2026,3,11
D00002,320.01.0051,IRS26704043,2026-03-05,2000,2000,83.6557,1,YERLİ,45.2667,Kısmi teslim,H,,3696.1254,0,2026,3,10
H00011,320.01.0021,IRS26704044,2026-03-25,250,0.25,46.3109,1,YERLİ,45.2667,Kısmi teslim,E,Kalite onaylı,255.7669,60,2026,3,13
D00004,320.01.0021,IRS26704045,2026-03-20,1000,1000,84.1861,1,YERLİ,45.2667,Numune kabul,E,Şartlı kabul,1859.7799,0,2026,3,12
H00010,320.01.0006,IRS26704046,2026-03-11,120,0.12,27.9676,1,YERLİ,45.2667,Kısmi teslim,H,Kalite onaylı,74.1409,60,2026,3,11
D00011,320.01.0013,IRS26704047,2026-03-13,10000,10000,11.4072,1,YERLİ,45.2667,İthalat dosyası,H,Kalite onaylı,2519.9981,45,2026,3,11
H00008,320.01.0013,IRS26704048,2026-03-22,120,0.12,80.8544,1,YERLİ,45.2667,Mal kabul,E,,214.3414,30,2026,3,12
H00010,320.01.0025,IRS26704049,2026-03-02,2000,2,26.9395,1,İTHAL,45.2667,İthalat dosyası,E,Şartlı kabul,1190.2569,60,2026,3,10
D00011,320.01.0003,IRS26704050,2026-02-25,2000,2000,12.1708,1,İTHAL,44.6833,Numune kabul,E,Şartlı kabul,544.7583,0,2026,2,9
H00002,320.01.0022,IRS26704051,2026-05-01,125,0.125,30.2219,1,YERLİ,46.4333,Numune kabul,E,Kalite onaylı,81.3584,90,2026,5,18
H00008,320.01.0022,IRS26704052,2026-02-15,500,0.5,84.316,1,YERLİ,44.6833,Kısmi teslim,E,,943.4845,30,2026,2,7
D00007,320.01.0022,IRS26704053,2026-02-10,500,500,109.681,1,YERLİ,44.6833,Numune kabul,H,Şartlı kabul,1227.3154,60,2026,2,7
H00001,320.01.0034,IRS26704055,2026-02-18,5000,5,69.224,1,YERLİ,44.6833,Numune kabul,E,Şartlı kabul,7746.0707,0,2026,2,8
D00007,320.01.0014,IRS26704057,2026-02-08,500,500,107.8308,1,YERLİ,44.6833,Kısmi teslim,E,Şartlı kabul,1206.6119,30,2026,2,6
H00016,320.01.0034,IRS26704058,2026-01-31,5000,5000,115.9103,1,YERLİ,44.1,İthalat dosyası,E,Şartlı kabul,13141.7574,45,2026,1,5
D00012,320.01.0002,IRS26704059,2026-02-01,120,120,159.7238,1,YERLİ,44.6833,İthalat dosyası,H,Şartlı kabul,428.949,60,2026,2,5
H00014,320.01.0002,IRS26704060,2026-04-25,500,0.5,45.9771,1,YERLİ,45.85,Mal kabul,E,Kalite onaylı,501.386,0,2026,4,17
D00012,320.01.0009,IRS26704061,2026-03-05,5000,5000,163.7505,1,YERLİ,45.2667,Mal kabul,E,Şartlı kabul,18087.3026,90,2026,3,10
D00004,320.01.0004,IRS26704062,2026-03-29,1000,1000,102.9847,1,YERLİ,45.2667,İthalat dosyası,E,Şartlı kabul,2275.0653,60,2026,3,13
D00010,320.01.0004,IRS26704063,2026-03-29,10000,10000,263.4519,1,YERLİ,45.2667,Kısmi teslim,E,Şartlı kabul,58199.9351,0,2026,3,13
D00001,320.01.0004,IRS26704064,2026-03-29,250,250,51.8222,1,YERLİ,45.2667,Numune kabul,E,,286.2049,90,2026,3,13
D00002,320.01.0012,IRS26704065,2026-05-04,250,250,77.8592,1,YERLİ,46.4333,İthalat dosyası,E,Şartlı kabul,419.1992,45,2026,5,19
D00008,320.01.0011,IRS26704066,2026-03-05,5000,5000,380.4599,1,YERLİ,45.2667,Kısmi teslim,H,Şartlı kabul,42024.2585,0,2026,3,10
H00011,320.01.0011,IRS26704067,2026-02-13,250,0.25,49.2402,1,YERLİ,44.6833,Kısmi teslim,H,,275.4955,90,2026,2,7
H00016,320.01.0053,IRS26704068,2026-02-07,2000,2000,114.8082,1,İTHAL,44.6833,Numune kabul,E,Kalite onaylı,5138.7521,0,2026,2,6
H00012,320.01.0053,IRS26704069,2026-02-23,250,250,40.0234,1,İTHAL,44.6833,Kısmi teslim,E,Kalite onaylı,223.9282,0,2026,2,9
H00004,320.01.0053,IRS26704070,2026-02-17,10000,10,100.2376,1,İTHAL,44.6833,Mal kabul,H,Şartlı kabul,22432.9,0,2026,2,8
D00010,320.01.0033,IRS26704071,2026-03-21,2000,2000,280.4734,1,YERLİ,45.2667,Kısmi teslim,H,Şartlı kabul,12392.0409,0,2026,3,12
H00012,320.01.0033,IRS26704072,2026-02-22,500,500,45.2834,1,YERLİ,44.6833,İthalat dosyası,E,Kalite onaylı,506.715,45,2026,2,8
D00006,320.01.0002,IRS26704073,2026-02-09,500,500,461.3079,1,YERLİ,44.6833,Sevk irsaliyesi,H,Kalite onaylı,5161.9721,45,2026,2,7
H00007,320.01.0002,IRS26704074,2026-03-31,1000,1,61.6411,1,YERLİ,45.2667,Sevk irsaliyesi,E,Şartlı kabul,1361.7317,0,2026,3,14
H00009,320.01.0002,IRS26704075,2026-02-14,1000,1,106.8104,1,YERLİ,44.6833,Sevk irsaliyesi,E,Şartlı kabul,2390.3875,90,2026,2,7
H00001,320.01.0007,IRS26704076,2026-05-01,250,0.25,63.3823,1,YERLİ,46.4333,Kısmi teslim,E,Şartlı kabul,341.2546,90,2026,5,18
H00003,320.01.0007,IRS26704077,2026-03-07,500,0.5,100.5598,1,YERLİ,45.2667,Sevk irsaliyesi,H,Kalite onaylı,1110.7481,45,2026,3,10
H00010,320.01.0007,IRS26704078,2026-05-05,120,0.12,30.6665,1,YERLİ,46.4333,İthalat dosyası,E,,79.253,45,2026,5,19
D00005,320.01.0010,IRS26704079,2026-04-20,120,120,369.879,1,YERLİ,45.85,Kısmi teslim,E,Kalite onaylı,968.0585,60,2026,4,17
D00001,320.01.0006,IRS26704080,2026-02-13,120,120,46.0089,1,YERLİ,44.6833,Mal kabul,E,Şartlı kabul,123.56,90,2026,2,7
H00015,320.01.0036,IRS26704081,2026-02-09,1000,1,53.7183,1,YERLİ,44.6833,İthalat dosyası,E,Kalite onaylı,1202.2008,45,2026,2,7
D00008,320.01.0034,IRS26704082,2026-03-04,120,120,422.0494,1,YERLİ,45.2667,İthalat dosyası,H,Kalite onaylı,1118.8341,90,2026,3,10
H00012,320.01.0034,IRS26704083,2026-02-08,500,500,37.7166,1,YERLİ,44.6833,Mal kabul,E,Şartlı kabul,422.0436,60,2026,2,6
D00012,320.01.0034,IRS26704084,2026-02-21,120,120,164.1194,1,YERLİ,44.6833,Numune kabul,H,,440.7537,60,2026,2,8
H00009,320.01.0015,IRS26704085,2026-02-09,1000,1,107.0522,1,YERLİ,44.6833,Numune kabul,H,Şartlı kabul,2395.7989,45,2026,2,7
H00009,320.01.0033,IRS26704086,2026-04-07,1000,1,97.3328,1,YERLİ,45.85,İthalat dosyası,E,,2122.8528,45,2026,4,15
H00009,320.01.0012,IRS26704087,2026-03-03,500,0.5,118.0488,1,YERLİ,45.2667,Sevk irsaliyesi,H,Kalite onaylı,1303.9254,60,2026,3,10
H00014,320.01.0010,IRS26704088,2026-03-21,1000,1,46.2329,1,YERLİ,45.2667,Mal kabul,E,,1021.3446,0,2026,3,12
D00011,320.01.0013,IRS26704089,2026-05-04,10000,10000,13.3101,1,YERLİ,46.4333,Kısmi teslim,E,Şartlı kabul,2866.4988,45,2026,5,19
H00016,320.01.0013,IRS26704090,2026-02-23,10000,10000,120.3675,1,YERLİ,44.6833,Sevk irsaliyesi,E,Kalite onaylı,26937.9164,45,2026,2,9
D00001,320.01.0002,IRS26704091,2026-02-15,5000,5000,54.0458,1,YERLİ,44.6833,Sevk irsaliyesi,E,Kalite onaylı,6047.6509,0,2026,2,7
H00005,320.01.0002,IRS26704092,2026-03-11,1000,1,70.5029,1,YERLİ,45.2667,Kısmi teslim,H,Kalite onaylı,1557.5003,0,2026,3,11
D00012,320.01.0002,IRS26704093,2026-02-19,5000,5000,160.7415,1,YERLİ,44.6833,Sevk irsaliyesi,E,,17986.7534,45,2026,2,8
D00003,320.01.0039,IRS26704094,2026-03-16,250,250,443.5841,1,YERLİ,45.2667,Sevk irsaliyesi,H,Şartlı kabul,2449.8367,0,2026,3,12
D00006,320.01.0014,IRS26704095,2026-02-16,120,120,418.8633,1,YERLİ,44.6833,Kısmi teslim,E,Şartlı kabul,1124.8855,30,2026,2,8
H00005,320.01.0014,IRS26704096,2026-02-08,5000,5,79.1017,1,YERLİ,44.6833,Mal kabul,E,Şartlı kabul,8851.3718,45,2026,2,6
H00013,320.01.0014,IRS26704097,2026-02-20,120,120,138.2928,1,YERLİ,44.6833,Mal kabul,E,Kalite onaylı,371.3946,45,2026,2,8
H00013,320.01.0001,IRS26704098,2026-03-09,5000,5000,113.9863,1,YERLİ,45.2667,Numune kabul,E,Şartlı kabul,12590.5246,45,2026,3,11
H00011,320.01.0001,IRS26704099,2026-03-31,500,0.5,48.7032,1,YERLİ,45.2667,Kısmi teslim,H,Kalite onaylı,537.9584,45,2026,3,14
D00003,320.01.0043,IRS26704100,2026-04-28,5000,5000,355.6651,1,İTHAL,45.85,Mal kabul,E,,38785.7252,0,2026,4,18
D00003,320.01.0043,IRS26704101,2026-04-11,1000,1000,415.4871,1,İTHAL,45.85,Kısmi teslim,H,Şartlı kabul,9061.8779,45,2026,4,15
D00001,320.01.0006,IRS26704102,2026-05-12,250,250,50.4475,1,YERLİ,46.4333,İthalat dosyası,H,Kalite onaylı,271.6127,60,2026,5,20
H00005,320.01.0025,IRS26704103,2026-02-15,500,0.5,78.3271,1,İTHAL,44.6833,İthalat dosyası,E,Şartlı kabul,876.4695,45,2026,2,7
D00005,320.01.0053,IRS26704104,2026-03-07,120,120,384.8135,1,İTHAL,45.2667,Sevk irsaliyesi,H,Kalite onaylı,1020.1234,60,2026,3,10
D00012,320.01.0053,IRS26704105,2026-03-18,1000,1000,166.5444,1,İTHAL,45.2667,Sevk irsaliyesi,H,Kalite onaylı,3679.1814,0,2026,3,12
D00008,320.01.0015,IRS26704106,2026-03-16,1000,1000,398.4239,1,YERLİ,45.2667,Kısmi teslim,E,Kalite onaylı,8801.6997,45,2026,3,12
H00005,320.01.0015,IRS26704107,2026-05-07,120,0.12,77.2226,1,YERLİ,46.4333,Mal kabul,H,,199.5704,0,2026,5,19
D00002,320.01.0015,IRS26704108,2026-03-11,2000,2000,79.1465,1,YERLİ,45.2667,Mal kabul,H,,3496.8973,45,2026,3,11
H00015,320.01.0024,IRS26704109,2026-03-12,5000,5,53.0637,1,YERLİ,45.2667,İthalat dosyası,H,,5861.2291,30,2026,3,11
H00001,320.01.0024,IRS26704110,2026-02-20,250,0.25,73.9641,1,YERLİ,44.6833,Numune kabul,E,Kalite onaylı,413.8241,45,2026,2,8
H00010,320.01.0024,IRS26704111,2026-02-23,120,0.12,30.2414,1,YERLİ,44.6833,İthalat dosyası,E,Kalite onaylı,81.2153,60,2026,2,9
H00014,320.01.0013,IRS26704112,2026-03-29,2000,2,47.8307,1,YERLİ,45.2667,Mal kabul,H,Kalite onaylı,2113.2842,90,2026,3,13
D00012,320.01.0013,IRS26704113,2026-04-09,500,500,186.7519,1,YERLİ,45.85,Numune kabul,E,,2036.5529,90,2026,4,15
H00014,320.01.0020,IRS26704115,2026-04-10,250,0.25,48.2232,1,YERLİ,45.85,Sevk irsaliyesi,H,Şartlı kabul,262.94,45,2026,4,15
D00005,320.01.0020,IRS26704116,2026-04-10,5000,5000,388.274,1,YERLİ,45.85,Kısmi teslim,H,Kalite onaylı,42341.7666,0,2026,4,15
H00007,320.01.0001,IRS26704117,2026-05-13,120,0.12,57.2972,1,YERLİ,46.4333,Numune kabul,H,,148.0761,45,2026,5,20
D00010,320.01.0001,IRS26704118,2026-02-15,250,250,309.1508,1,YERLİ,44.6833,Numune kabul,E,Şartlı kabul,1729.6775,30,2026,2,7
D00006,320.01.0001,IRS26704119,2026-04-10,120,120,399.5154,1,YERLİ,45.85,İthalat dosyası,E,Kalite onaylı,1045.6237,45,2026,4,15
D00001,320.01.0006,IRS26704120,2026-03-02,5000,5000,44.5061,1,YERLİ,45.2667,Sevk irsaliyesi,E,Şartlı kabul,4915.9868,0,2026,3,10
D00008,320.01.0006,IRS26704121,2026-02-11,250,250,417.8705,1,YERLİ,44.6833,Numune kabul,E,Kalite onaylı,2337.9568,60,2026,2,7
H00016,320.01.0006,IRS26704122,2026-03-17,10000,10000,123.9227,1,YERLİ,45.2667,Sevk irsaliyesi,E,,27376.1286,45,2026,3,12
H00016,320.01.0005,IRS26704123,2026-04-09,5000,5000,113.8317,1,YERLİ,45.85,Numune kabul,H,Şartlı kabul,12413.4896,45,2026,4,15
H00009,320.01.0005,IRS26704124,2026-03-02,1000,1,104.1953,1,YERLİ,45.2667,Kısmi teslim,H,Şartlı kabul,2301.8091,0,2026,3,10
H00010,320.01.0005,IRS26704125,2026-05-07,250,0.25,34.5794,1,YERLİ,46.4333,Sevk irsaliyesi,H,,186.1778,45,2026,5,19
H00007,320.01.0019,IRS26704126,2026-03-08,120,0.12,67.5001,1,YERLİ,45.2667,Kısmi teslim,H,,178.9398,30,2026,3,10
H00015,320.01.0038,IRS26704127,2026-04-11,5000,5,58.8231,1,YERLİ,45.85,Mal kabul,H,Kalite onaylı,6414.7328,45,2026,4,15
H00005,320.01.0038,IRS26704128,2026-03-20,1000,1,74.5044,1,YERLİ,45.2667,Numune kabul,H,Kalite onaylı,1645.8986,30,2026,3,12
H00002,320.01.0055,IRS26704129,2026-02-21,5000,5,27.7105,1,İTHAL,44.6833,İthalat dosyası,E,Şartlı kabul,3100.767,60,2026,2,8
D00010,320.01.0055,IRS26704130,2026-04-10,5000,5000,308.3232,1,İTHAL,45.85,Sevk irsaliyesi,E,Kalite onaylı,33623.0316,30,2026,4,15
H00015,320.01.0042,IRS26704131,2026-02-24,120,0.12,52.3207,1,YERLİ,44.6833,Kısmi teslim,E,Kalite onaylı,140.5108,45,2026,2,9
D00006,320.01.0042,IRS26704132,2026-02-25,5000,5000,376.2324,1,YERLİ,44.6833,Kısmi teslim,E,,42099.8897,0,2026,2,9
H00004,320.01.0008,IRS26704133,2026-02-15,250,0.25,100.2335,1,YERLİ,44.6833,İthalat dosyası,E,,560.7996,0,2026,2,7
D00002,320.01.0033,IRS26704134,2026-02-28,500,500,80.1151,1,YERLİ,44.6833,Kısmi teslim,E,,896.477,0,2026,2,9
H00002,320.01.0005,IRS26704135,2026-02-17,5000,5,24.952,1,YERLİ,44.6833,Sevk irsaliyesi,H,,2792.0946,90,2026,2,8
D00003,320.01.0005,IRS26704136,2026-02-19,1000,1000,382.767,1,YERLİ,44.6833,Sevk irsaliyesi,H,Şartlı kabul,8566.2205,0,2026,2,8
H00008,320.01.0005,IRS26704137,2026-05-11,500,0.5,74.6937,1,YERLİ,46.4333,İthalat dosyası,E,Kalite onaylı,804.3118,90,2026,5,20
D00008,320.01.0002,IRS26704138,2026-02-26,2000,2000,438.5692,1,YERLİ,44.6833,Numune kabul,H,Kalite onaylı,19630.1168,30,2026,2,9
H00010,320.01.0002,IRS26704139,2026-02-21,5000,5,29.3312,1,YERLİ,44.6833,Mal kabul,E,,3282.1211,90,2026,2,8
H00002,320.01.0002,IRS26704140,2026-04-14,500,0.5,29.1656,1,YERLİ,45.85,Sevk irsaliyesi,H,,318.0545,0,2026,4,16
D00001,320.01.0002,IRS26704141,2026-04-09,500,500,43.5434,1,YERLİ,45.85,Sevk irsaliyesi,E,Kalite onaylı,474.8462,0,2026,4,15
D00012,320.01.0024,IRS26704142,2026-04-14,10000,10000,182.2618,1,YERLİ,45.85,Mal kabul,E,,39751.7557,90,2026,4,16
H00006,320.01.0001,IRS26704143,2026-03-10,250,0.25,130.9235,1,YERLİ,45.2667,Kısmi teslim,E,Şartlı kabul,723.0674,30,2026,3,11
H00012,320.01.0001,IRS26704144,2026-03-28,500,500,45.0792,1,YERLİ,45.2667,Sevk irsaliyesi,E,Kalite onaylı,497.9289,30,2026,3,13
H00008,320.01.0012,IRS26704145,2026-02-24,10000,10,77.45,1,YERLİ,44.6833,Kısmi teslim,H,Şartlı kabul,17333.0976,30,2026,2,9
D00005,320.01.0012,IRS26704146,2026-03-22,5000,5000,423.3513,1,YERLİ,45.2667,Sevk irsaliyesi,H,Kalite onaylı,46761.8912,45,2026,3,12
H00009,320.01.0012,IRS26704147,2026-04-16,5000,5,109.9684,1,YERLİ,45.85,Mal kabul,H,Şartlı kabul,11992.1919,0,2026,4,16
D00012,320.01.0001,IRS26704148,2026-02-28,500,500,166.9674,1,YERLİ,44.6833,Kısmi teslim,E,Şartlı kabul,1868.3423,0,2026,2,9
H00013,320.01.0001,IRS26704149,2026-04-05,500,500,120.4751,1,YERLİ,45.85,Mal kabul,H,Şartlı kabul,1313.7961,0,2026,4,14
D00001,320.01.0005,IRS26704150,2026-03-11,2000,2000,50.0711,1,YERLİ,45.2667,Mal kabul,E,,2212.2708,45,2026,3,11
H00006,320.01.0005,IRS26704151,2026-02-23,10000,10,155.8159,1,YERLİ,44.6833,Sevk irsaliyesi,E,Şartlı kabul,34871.1711,30,2026,2,9
D00001,320.01.0004,IRS26704152,2026-04-08,1000,1000,43.648,1,YERLİ,45.85,Kısmi teslim,H,,951.9738,60,2026,4,15
D00007,320.01.0004,IRS26704153,2026-05-20,250,250,100.4676,1,YERLİ,46.4333,Sevk irsaliyesi,E,,540.9243,45,2026,5,21
H00013,320.01.0006,IRS26704154,2026-03-02,2500,2500,124.2756,1,YERLİ,45.2667,Kısmi teslim,E,Şartlı kabul,6863.5222,60,2026,3,10
H00002,320.01.0008,IRS26704155,2026-03-12,1000,1,26.232,1,YERLİ,45.2667,Mal kabul,E,Şartlı kabul,579.4988,60,2026,3,11
D00001,320.01.0008,IRS26704156,2026-04-11,10000,10000,45.9873,1,YERLİ,45.85,Kısmi teslim,E,Şartlı kabul,10029.9455,90,2026,4,15
H00011,320.01.0008,IRS26704157,2026-03-29,250,0.25,53.117,1,YERLİ,45.2667,Mal kabul,E,Şartlı kabul,293.3558,60,2026,3,13
H00011,320.01.0014,IRS26704158,2026-02-26,500,0.5,55.6474,1,YERLİ,44.6833,Kısmi teslim,H,Kalite onaylı,622.6868,45,2026,2,9
H00013,320.01.0005,IRS26704159,2026-05-23,5000,5000,113.2708,1,YERLİ,46.4333,İthalat dosyası,H,Kalite onaylı,12197.1516,90,2026,5,21
H00003,320.01.0015,IRS26704160,2026-05-13,1000,1,93.2566,1,YERLİ,46.4333,İthalat dosyası,E,Kalite onaylı,2008.3991,30,2026,5,20
D00005,320.01.0015,IRS26704161,2026-03-09,120,120,416.3292,1,YERLİ,45.2667,Kısmi teslim,H,Şartlı kabul,1103.6701,60,2026,3,11
D00003,320.01.0015,IRS26704162,2026-03-26,10000,10000,401.9405,1,YERLİ,45.2667,Mal kabul,H,,88793.8595,30,2026,3,13
D00011,320.01.0055,IRS26704164,2026-02-27,5000,5000,12.1733,1,İTHAL,44.6833,Sevk irsaliyesi,H,Kalite onaylı,1362.1756,90,2026,2,9
D00012,320.01.0055,IRS26704165,2026-04-12,5000,5000,186.4726,1,İTHAL,45.85,Sevk irsaliyesi,H,Şartlı kabul,20335.0709,90,2026,4,15
H00008,320.01.0011,IRS26704166,2026-02-26,2000,2,82.1878,1,YERLİ,44.6833,Mal kabul,H,Şartlı kabul,3678.6808,0,2026,2,9
H00004,320.01.0027,IRS26704167,2026-03-03,500,0.5,98.3499,1,YERLİ,45.2667,Mal kabul,E,Kalite onaylı,1086.3383,90,2026,3,10
D00007,320.01.0005,IRS26704168,2026-05-12,10000,10000,116.3662,1,YERLİ,46.4333,Numune kabul,E,Şartlı kabul,25060.9369,30,2026,5,20
H00015,320.01.0025,IRS26704169,2026-04-17,60,0.06,60.7533,1,İTHAL,45.85,Kısmi teslim,H,,79.5027,30,2026,4,16
D00012,320.01.0025,IRS26704170,2026-04-26,1000,1000,196.4388,1,İTHAL,45.85,Sevk irsaliyesi,E,Kalite onaylı,4284.3795,45,2026,4,17
H00016,320.01.0025,IRS26704171,2026-03-24,250,250,116.5142,1,İTHAL,45.2667,Kısmi teslim,E,,643.4874,30,2026,3,13
H00008,320.01.0033,IRS26704173,2026-04-20,250,0.25,84.9316,1,YERLİ,45.85,Mal kabul,H,Şartlı kabul,463.0949,90,2026,4,17
H00011,320.01.0033,IRS26704174,2026-03-08,1000,1,55.5734,1,YERLİ,45.2667,Numune kabul,E,,1227.6883,30,2026,3,10
D00006,320.01.0036,IRS26704175,2026-03-09,120,120,384.3557,1,YERLİ,45.2667,Sevk irsaliyesi,H,Şartlı kabul,1018.9098,30,2026,3,11
H00002,320.01.0029,IRS26704176,2026-05-14,1000,1,25.0599,1,YERLİ,46.4333,Kısmi teslim,H,,539.6967,0,2026,5,20
D00008,320.01.0007,IRS26704177,2026-03-10,500,500,440.7162,1,YERLİ,45.2667,Numune kabul,E,Şartlı kabul,4867.9957,30,2026,3,11
D00010,320.01.0001,IRS26704178,2026-03-05,120,120,271.0413,1,YERLİ,45.2667,Kısmi teslim,E,Kalite onaylı,718.5184,90,2026,3,10
H00014,320.01.0001,IRS26704179,2026-04-23,5000,5,45.6355,1,YERLİ,45.85,İthalat dosyası,E,Kalite onaylı,4976.6085,0,2026,4,17
H00010,320.01.0005,IRS26704180,2026-04-15,10000,10,28.9958,1,YERLİ,45.85,Kısmi teslim,E,,6324.0567,45,2026,4,16
D00010,320.01.0005,IRS26704181,2026-03-11,10000,10000,286.1129,1,YERLİ,45.2667,Mal kabul,E,,63206.0433,45,2026,3,11
H00011,320.01.0041,IRS26704182,2026-05-26,250,0.25,51.7301,1,İTHAL,46.4333,Sevk irsaliyesi,E,,278.5183,30,2026,5,22
H00015,320.01.0053,IRS26704183,2026-03-04,250,0.25,60.4158,1,İTHAL,45.2667,İthalat dosyası,E,Şartlı kabul,333.6658,45,2026,3,10
H00006,320.01.0045,IRS26704184,2026-05-18,5000,5,156.2558,1,YERLİ,46.4333,İthalat dosyası,H,,16825.834,60,2026,5,21
D00009,320.01.0001,IRS26704185,2026-05-25,500,500,305.3131,1,YERLİ,46.4333,Sevk irsaliyesi,H,Şartlı kabul,3287.6524,0,2026,5,22
H00001,320.01.0001,IRS26704186,2026-03-09,1000,1,65.2611,1,YERLİ,45.2667,Sevk irsaliyesi,E,Kalite onaylı,1441.7022,45,2026,3,11
H00013,320.01.0002,IRS26704187,2026-02-27,120,120,130.3587,1,YERLİ,44.6833,Mal kabul,H,Şartlı kabul,350.087,60,2026,2,9
H00011,320.01.0009,IRS26704188,2026-04-06,250,0.25,50.2915,1,YERLİ,45.85,Sevk irsaliyesi,H,Kalite onaylı,274.2176,30,2026,4,15
H00003,320.01.0009,IRS26704189,2026-03-19,1000,1,104.7981,1,YERLİ,45.2667,Mal kabul,E,Şartlı kabul,2315.1257,0,2026,3,12
D00003,320.01.0009,IRS26704190,2026-04-16,2000,2000,405.2355,1,YERLİ,45.85,İthalat dosyası,H,Şartlı kabul,17676.5758,60,2026,4,16
H00007,320.01.0033,IRS26704191,2026-03-22,250,0.25,58.5161,1,YERLİ,45.2667,Mal kabul,H,Kalite onaylı,323.1741,30,2026,3,12
D00008,320.01.0043,IRS26704192,2026-03-18,120,120,469.2541,1,İTHAL,45.2667,Mal kabul,H,,1243.9717,45,2026,3,12
H00008,320.01.0053,IRS26704193,2026-05-01,2000,2,83.9335,1,İTHAL,46.4333,İthalat dosyası,E,Şartlı kabul,3615.2287,0,2026,5,18
D00005,320.01.0053,IRS26704194,2026-03-11,1000,1000,384.7485,1,İTHAL,45.2667,İthalat dosyası,H,Şartlı kabul,8499.5924,45,2026,3,11
D00008,320.01.0053,IRS26704195,2026-04-12,1000,1000,446.1081,1,İTHAL,45.85,Sevk irsaliyesi,E,Kalite onaylı,9729.7296,30,2026,4,15
D00010,320.01.0003,IRS26704196,2026-05-28,1000,1000,246.2865,1,İTHAL,46.4333,Mal kabul,H,Kalite onaylı,5304.0921,60,2026,5,22
D00002,320.01.0003,IRS26704197,2026-05-05,10000,10000,92.0138,1,İTHAL,46.4333,İthalat dosyası,H,Şartlı kabul,19816.3387,90,2026,5,19
H00007,320.01.0017,IRS26704198,2026-04-26,120,0.12,68.3215,1,YERLİ,45.85,Mal kabul,H,Şartlı kabul,178.8131,0,2026,4,17
D00010,320.01.0023,IRS26704200,2026-04-11,250,250,265.6913,1,İTHAL,45.85,Kısmi teslim,E,Kalite onaylı,1448.6985,0,2026,4,15
H00010,320.01.0001,IRS26704201,2026-03-22,500,0.5,31.4687,1,YERLİ,45.2667,Mal kabul,E,,347.5922,60,2026,3,12
D00009,320.01.0001,IRS26704202,2026-03-25,500,500,334.9076,1,YERLİ,45.2667,Kısmi teslim,E,,3699.2712,45,2026,3,13
H00010,320.01.0003,IRS26704203,2026-06-06,120,0.12,33.9628,1,İTHAL,47.0167,Mal kabul,H,,86.6827,45,2026,6,23
D00003,320.01.0034,IRS26704205,2026-04-01,5000,5000,419.9636,1,YERLİ,45.85,Numune kabul,E,,45797.5573,60,2026,4,14
H00013,320.01.0024,IRS26704206,2026-06-05,2000,2000,113.8213,1,YERLİ,47.0167,Kısmi teslim,E,,4841.7392,45,2026,6,23
H00012,320.01.0004,IRS26704207,2026-05-28,250,250,41.6563,1,YERLİ,46.4333,İthalat dosyası,H,Şartlı kabul,224.2803,30,2026,5,22
H00009,320.01.0004,IRS26704208,2026-04-10,500,0.5,98.7014,1,YERLİ,45.85,İthalat dosyası,E,Şartlı kabul,1076.3511,0,2026,4,15
D00011,320.01.0007,IRS26704209,2026-03-24,500,500,12.7627,1,YERLİ,45.2667,Sevk irsaliyesi,H,Kalite onaylı,140.9723,60,2026,3,13
H00015,320.01.0004,IRS26704210,2026-04-27,500,0.5,54.0257,1,YERLİ,45.85,Kısmi teslim,E,Kalite onaylı,589.157,30,2026,4,18
D00005,320.01.0014,IRS26704211,2026-04-29,10000,10000,407.9879,1,YERLİ,45.85,Kısmi teslim,E,,88983.1843,60,2026,4,18
D00009,320.01.0011,IRS26704212,2026-06-04,500,500,314.6501,1,YERLİ,47.0167,Sevk irsaliyesi,E,Şartlı kabul,3346.1525,45,2026,6,23
H00007,320.01.0003,IRS26704213,2026-05-03,5000,5,59.9782,1,İTHAL,46.4333,Sevk irsaliyesi,H,,6458.533,30,2026,5,18
D00001,320.01.0003,IRS26704214,2026-04-23,1000,1000,46.1751,1,İTHAL,45.85,Numune kabul,H,,1007.0905,0,2026,4,17
H00015,320.01.0001,IRS26704215,2026-03-13,500,0.5,62.374,1,YERLİ,45.2667,Numune kabul,H,Kalite onaylı,688.9612,0,2026,3,11
H00002,320.01.0040,IRS26704216,2026-05-01,10000,10,30.3347,1,YERLİ,46.4333,Mal kabul,H,,6532.9623,45,2026,5,18
H00013,320.01.0040,IRS26704217,2026-04-21,5000,5000,137.9287,1,YERLİ,45.85,Sevk irsaliyesi,E,,15041.2977,60,2026,4,17
H00003,320.01.0021,IRS26704218,2026-04-04,120,0.12,114.6488,1,YERLİ,45.85,Mal kabul,E,Kalite onaylı,300.0623,45,2026,4,14
H00015,320.01.0026,IRS26704219,2026-06-07,120,0.12,49.3628,1,YERLİ,47.0167,Numune kabul,E,Kalite onaylı,125.9879,60,2026,6,23
H00016,320.01.0026,IRS26704220,2026-03-12,10000,10000,106.0148,1,YERLİ,45.2667,Numune kabul,H,Şartlı kabul,23420.0417,90,2026,3,11
D00009,320.01.0039,IRS26704221,2026-04-02,120,120,301.7813,1,YERLİ,45.85,İthalat dosyası,H,,789.8311,0,2026,4,14
H00007,320.01.0003,IRS26704222,2026-04-19,5000,5,62.4551,1,İTHAL,45.85,İthalat dosyası,E,Şartlı kabul,6810.807,0,2026,4,16
D00009,320.01.0003,IRS26704223,2026-04-06,2000,2000,334.4372,1,İTHAL,45.85,Numune kabul,H,Şartlı kabul,14588.3184,60,2026,4,15
D00011,320.01.0043,IRS26704224,2026-03-22,250,250,11.8003,1,İTHAL,45.2667,Mal kabul,E,,65.171,45,2026,3,12
H00003,320.01.0004,IRS26704225,2026-03-19,500,0.5,115.1391,1,YERLİ,45.2667,Mal kabul,H,,1271.7859,30,2026,3,12
D00002,320.01.0004,IRS26704226,2026-03-12,120,120,79.1593,1,YERLİ,45.2667,Sevk irsaliyesi,H,Şartlı kabul,209.8478,90,2026,3,11
D00001,320.01.0004,IRS26704227,2026-03-25,10000,10000,48.7177,1,YERLİ,45.2667,Mal kabul,H,Kalite onaylı,10762.3706,0,2026,3,13
D00002,320.01.0004,IRS26704228,2026-03-19,250,250,84.8694,1,YERLİ,45.2667,Mal kabul,E,,468.7187,60,2026,3,12
D00009,320.01.0004,IRS26704229,2026-03-26,1000,1000,334.7944,1,YERLİ,45.2667,Kısmi teslim,E,Kalite onaylı,7396.0417,90,2026,3,13
H00016,320.01.0012,IRS26704230,2026-03-30,500,500,107.1471,1,YERLİ,45.2667,Sevk irsaliyesi,E,Şartlı kabul,1183.5091,90,2026,3,14
H00007,320.01.0012,IRS26704231,2026-04-02,1000,1,59.5893,1,YERLİ,45.85,Kısmi teslim,E,Şartlı kabul,1299.6576,30,2026,4,14
H00012,320.01.0017,IRS26704233,2026-04-07,10000,10000,42.0031,1,YERLİ,45.85,Mal kabul,H,,9160.9815,45,2026,4,15
H00012,320.01.0004,IRS26704234,2026-03-20,120,120,42.9077,1,YERLİ,45.2667,İthalat dosyası,H,Şartlı kabul,113.7464,45,2026,3,12
D00007,320.01.0019,IRS26704235,2026-04-15,5000,5000,119.1447,1,YERLİ,45.85,Sevk irsaliyesi,H,Şartlı kabul,12992.879,45,2026,4,16
H00015,320.01.0011,IRS26704236,2026-06-10,500,0.5,55.4937,1,YERLİ,47.0167,İthalat dosyası,H,Şartlı kabul,590.1488,0,2026,6,24
H00003,320.01.0003,IRS26704237,2026-03-28,10000,10,95.749,1,İTHAL,45.2667,Mal kabul,H,,21152.1936,0,2026,3,13
D00002,320.01.0046,IRS26704238,2026-05-18,1000,1000,90.9828,1,YERLİ,46.4333,Kısmi teslim,H,Kalite onaylı,1959.43,60,2026,5,21
H00013,320.01.0046,IRS26704239,2026-05-20,120,120,131.1082,1,YERLİ,46.4333,Mal kabul,H,,338.8298,30,2026,5,21
D00007,320.01.0026,IRS26704240,2026-05-01,2000,2000,111.5169,1,YERLİ,46.4333,Kısmi teslim,E,Kalite onaylı,4803.3157,45,2026,5,18
D00001,320.01.0026,IRS26704241,2026-05-13,10000,10000,56.1488,1,YERLİ,46.4333,Numune kabul,H,Şartlı kabul,12092.3561,0,2026,5,20
D00005,320.01.0026,IRS26704242,2026-04-20,10000,10000,433.1253,1,YERLİ,45.85,Kısmi teslim,H,Kalite onaylı,94465.7143,0,2026,4,17
H00013,320.01.0014,IRS26704243,2026-04-20,2000,2000,123.852,1,YERLİ,45.85,Mal kabul,H,Şartlı kabul,5402.4864,60,2026,4,17
H00009,320.01.0013,IRS26704244,2026-03-26,1000,1,108.4926,1,YERLİ,45.2667,İthalat dosyası,E,,2396.742,60,2026,3,13
D00010,320.01.0013,IRS26704245,2026-03-28,5000,5000,256.122,1,YERLİ,45.2667,Kısmi teslim,H,Kalite onaylı,28290.3326,0,2026,3,13
D00006,320.01.0047,IRS26704246,2026-04-09,1000,1000,391.5922,1,YERLİ,45.85,Numune kabul,E,,8540.7241,30,2026,4,15
D00005,320.01.0008,IRS26704247,2026-06-10,60,60,432.5072,1,YERLİ,47.0167,Sevk irsaliyesi,E,Şartlı kabul,551.9407,45,2026,6,24
H00005,320.01.0008,IRS26704248,2026-03-30,2000,2,68.1024,1,YERLİ,45.2667,Sevk irsaliyesi,E,Şartlı kabul,3008.9403,60,2026,3,14
D00010,320.01.0008,IRS26704249,2026-04-30,2000,2000,281.1551,1,YERLİ,45.85,Sevk irsaliyesi,E,Kalite onaylı,12264.1265,90,2026,4,18
H00002,320.01.0008,IRS26704250,2026-04-11,250,0.25,26.5905,1,YERLİ,45.85,Kısmi teslim,H,,144.9864,0,2026,4,15
H00005,320.01.0006,IRS26704251,2026-06-18,1000,1,76.9487,1,YERLİ,47.0167,Kısmi teslim,H,Kalite onaylı,1636.6249,30,2026,6,25
H00003,320.01.0001,IRS26704252,2026-06-18,1000,1,110.5437,1,YERLİ,47.0167,İthalat dosyası,H,,2351.1582,90,2026,6,25
D00008,320.01.0001,IRS26704253,2026-03-24,500,500,468.507,1,YERLİ,45.2667,Kısmi teslim,H,,5174.9631,45,2026,3,13
H00003,320.01.0022,IRS26704254,2026-04-28,5000,5,103.2121,1,YERLİ,45.85,Numune kabul,E,Kalite onaylı,11255.4089,0,2026,4,18
D00012,320.01.0001,IRS26704255,2026-04-13,120,120,195.5196,1,YERLİ,45.85,Kısmi teslim,E,Kalite onaylı,511.7198,45,2026,4,16
D00010,320.01.0007,IRS26704256,2026-06-23,125,125,291.9765,1,YERLİ,47.0167,Sevk irsaliyesi,E,Kalite onaylı,776.2574,60,2026,6,26
H00012,320.01.0001,IRS26704257,2026-05-03,125,125,40.7219,1,YERLİ,46.4333,Mal kabul,E,Kalite onaylı,109.6247,60,2026,5,18
H00001,320.01.0001,IRS26704258,2026-05-09,5000,5,66.0771,1,YERLİ,46.4333,Sevk irsaliyesi,H,Kalite onaylı,7115.2707,60,2026,5,19
H00015,320.01.0004,IRS26704259,2026-04-27,500,0.5,61.7419,1,YERLİ,45.85,İthalat dosyası,H,Kalite onaylı,673.3032,90,2026,4,18
D00011,320.01.0004,IRS26704260,2026-03-31,2000,2000,11.7747,1,YERLİ,45.2667,Sevk irsaliyesi,E,Kalite onaylı,520.2367,30,2026,3,14
H00013,320.01.0049,IRS26704261,2026-04-04,2000,2000,126.4541,1,YERLİ,45.85,Kısmi teslim,E,Kalite onaylı,5515.9913,0,2026,4,14
H00010,320.01.0049,IRS26704262,2026-04-12,1000,1,35.1194,1,YERLİ,45.85,İthalat dosyası,E,Kalite onaylı,765.9629,0,2026,4,15
H00001,320.01.0049,IRS26704263,2026-04-23,120,0.12,74.6902,1,YERLİ,45.85,İthalat dosyası,E,Şartlı kabul,195.4814,45,2026,4,17
H00003,320.01.0038,IRS26704264,2026-05-18,1000,1,93.0276,1,YERLİ,46.4333,Mal kabul,E,Kalite onaylı,2003.4673,90,2026,5,21
H00006,320.01.0038,IRS26704265,2026-04-08,5000,5,155.5674,1,YERLİ,45.85,Mal kabul,H,Şartlı kabul,16964.8201,90,2026,4,15
H00003,320.01.0001,IRS26704266,2026-04-01,500,0.5,98.6868,1,YERLİ,45.85,Mal kabul,H,Şartlı kabul,1076.1919,0,2026,4,14
D00010,320.01.0007,IRS26704267,2026-05-04,2000,2000,302.1919,1,YERLİ,46.4333,Kısmi teslim,H,,13016.1716,60,2026,5,19
H00003,320.01.0010,IRS26704268,2026-04-15,500,0.5,96.5235,1,YERLİ,45.85,Sevk irsaliyesi,H,Kalite onaylı,1052.6009,30,2026,4,16
H00004,320.01.0001,IRS26704269,2026-04-17,250,0.25,90.2238,1,YERLİ,45.85,Kısmi teslim,E,,491.9509,90,2026,4,16
D00009,320.01.0001,IRS26704270,2026-03-29,250,250,371.1984,1,YERLİ,45.2667,Numune kabul,E,,2050.0633,30,2026,3,13
H00008,320.01.0004,IRS26704271,2026-04-27,2000,2,77.0203,1,YERLİ,45.85,İthalat dosyası,E,,3359.6641,60,2026,4,18
H00015,320.01.0004,IRS26704272,2026-05-07,2000,2,54.3012,1,YERLİ,46.4333,Kısmi teslim,E,,2338.8904,90,2026,5,19
H00010,320.01.0004,IRS26704273,2026-04-01,2000,2,30.6337,1,YERLİ,45.85,Numune kabul,H,Kalite onaylı,1336.2574,90,2026,4,14
H00016,320.01.0006,IRS26704274,2026-05-20,250,250,125.3969,1,YERLİ,46.4333,Numune kabul,E,Şartlı kabul,675.1453,30,2026,5,21
H00012,320.01.0006,IRS26704275,2026-06-17,250,250,42.8293,1,YERLİ,47.0167,Kısmi teslim,E,Şartlı kabul,227.7345,30,2026,6,25
H00015,320.01.0005,IRS26704276,2026-04-20,500,0.5,51.7856,1,YERLİ,45.85,Numune kabul,E,,564.7285,60,2026,4,17
D00003,320.01.0005,IRS26704277,2026-04-13,10000,10000,379.2073,1,YERLİ,45.85,Numune kabul,E,Şartlı kabul,82706.0632,60,2026,4,16
D00002,320.01.0005,IRS26704278,2026-04-11,500,500,81.3183,1,YERLİ,45.85,Sevk irsaliyesi,E,Şartlı kabul,886.7863,60,2026,4,15
D00009,320.01.0002,IRS26704279,2026-04-22,1000,1000,345.1684,1,YERLİ,45.85,Mal kabul,H,,7528.2094,60,2026,4,17
H00014,320.01.0038,IRS26704280,2026-04-21,500,0.5,46.9179,1,YERLİ,45.85,İthalat dosyası,H,,511.6456,0,2026,4,17
D00011,320.01.0038,IRS26704281,2026-05-25,120,120,14.0499,1,YERLİ,46.4333,Kısmi teslim,E,Kalite onaylı,36.3099,45,2026,5,22
H00005,320.01.0042,IRS26704282,2026-05-13,500,0.5,69.945,1,YERLİ,46.4333,İthalat dosyası,E,,753.1771,45,2026,5,20
H00004,320.01.0042,IRS26704283,2026-06-14,5000,5,89.5659,1,YERLİ,47.0167,İthalat dosyası,H,Kalite onaylı,9524.9029,0,2026,6,24
D00011,320.01.0029,IRS26704284,2026-04-20,5000,5000,11.3233,1,YERLİ,45.85,Sevk irsaliyesi,H,,1234.8201,90,2026,4,17
H00001,320.01.0029,IRS26704285,2026-05-29,10000,10,65.0905,1,YERLİ,46.4333,Sevk irsaliyesi,H,,14018.0646,60,2026,5,22
D00001,320.01.0029,IRS26704286,2026-06-19,250,250,44.2798,1,YERLİ,47.0167,Sevk irsaliyesi,H,,235.4472,0,2026,6,25
H00005,320.01.0002,IRS26704287,2026-05-04,250,0.25,77.8309,1,YERLİ,46.4333,İthalat dosyası,E,Kalite onaylı,419.0468,45,2026,5,19
H00006,320.01.0002,IRS26704288,2026-04-04,5000,5,163.8408,1,YERLİ,45.85,İthalat dosyası,H,Şartlı kabul,17867.0447,0,2026,4,14
H00014,320.01.0010,IRS26704289,2026-06-26,10000,10,43.4356,1,YERLİ,47.0167,Kısmi teslim,E,,9238.3345,90,2026,6,26
H00013,320.01.0001,IRS26704290,2026-04-05,250,250,129.0386,1,YERLİ,45.85,Mal kabul,E,Kalite onaylı,703.5911,90,2026,4,14
H00016,320.01.0003,IRS26704291,2026-04-14,5000,5000,106.4441,1,İTHAL,45.85,Sevk irsaliyesi,H,Kalite onaylı,11607.8626,45,2026,4,16
D00003,320.01.0003,IRS26704292,2026-04-25,120,120,376.7651,1,İTHAL,45.85,İthalat dosyası,E,Şartlı kabul,986.081,0,2026,4,17
D00002,320.01.0003,IRS26704293,2026-04-08,2000,2000,88.1893,1,İTHAL,45.85,İthalat dosyası,H,,3846.8615,0,2026,4,15
D00012,320.01.0001,IRS26704294,2026-05-21,5000,5000,159.9481,1,YERLİ,46.4333,Sevk irsaliyesi,E,,17223.4259,90,2026,5,21
D00005,320.01.0001,IRS26704295,2026-04-16,120,120,348.6995,1,YERLİ,45.85,Mal kabul,H,Şartlı kabul,912.6268,45,2026,4,16
D00006,320.01.0005,IRS26704296,2026-05-08,5000,5000,374.8043,1,YERLİ,46.4333,Mal kabul,H,Kalite onaylı,40359.4295,0,2026,5,19
D00001,320.01.0005,IRS26704297,2026-04-23,500,500,45.3316,1,YERLİ,45.85,Mal kabul,E,Şartlı kabul,494.3468,30,2026,4,17
D00005,320.01.0005,IRS26704298,2026-04-27,1000,1000,342.0691,1,YERLİ,45.85,Sevk irsaliyesi,H,Şartlı kabul,7460.6129,45,2026,4,18
H00009,320.01.0013,IRS26704299,2026-05-02,10000,10,98.9631,1,YERLİ,46.4333,Kısmi teslim,E,Kalite onaylı,21312.9586,0,2026,5,18
H00007,320.01.0013,IRS26704300,2026-04-05,5000,5,62.6973,1,YERLİ,45.85,Numune kabul,E,Şartlı kabul,6837.2192,0,2026,4,14
D00009,320.01.0019,IRS26704301,2026-05-06,10000,10000,304.4485,1,YERLİ,46.4333,Kısmi teslim,E,Kalite onaylı,65566.8453,45,2026,5,19
D00010,320.01.0019,IRS26704302,2026-04-12,500,500,305.958,1,YERLİ,45.85,İthalat dosyası,H,Kalite onaylı,3336.5104,45,2026,4,15
H00012,320.01.0033,IRS26704303,2026-05-17,2000,2000,45.4357,1,YERLİ,46.4333,Mal kabul,H,Şartlı kabul,1957.0308,30,2026,5,20
D00006,320.01.0033,IRS26704304,2026-04-01,10000,10000,415.0596,1,YERLİ,45.85,Numune kabul,E,,90525.5398,45,2026,4,14
H00008,320.01.0003,IRS26704305,2026-04-19,10000,10,82.2861,1,İTHAL,45.85,Mal kabul,E,Şartlı kabul,17946.8048,60,2026,4,16
D00008,320.01.0006,IRS26704306,2026-06-30,10000,10000,442.1692,1,YERLİ,47.0167,Sevk irsaliyesi,E,Kalite onaylı,94045.1372,60,2026,6,27
D00004,320.01.0011,IRS26704307,2026-05-02,5000,5000,85.5686,1,YERLİ,46.4333,Kısmi teslim,E,Şartlı kabul,9214.1416,90,2026,5,18
H00007,320.01.0007,IRS26704308,2026-07-03,250,0.25,56.6696,1,YERLİ,47.6,İthalat dosyası,E,,297.6345,60,2026,7,27
D00002,320.01.0007,IRS26704309,2026-04-08,1000,1000,83.4638,1,YERLİ,45.85,Kısmi teslim,H,,1820.3664,30,2026,4,15
H00016,320.01.0007,IRS26704310,2026-04-12,250,250,125.424,1,YERLİ,45.85,İthalat dosyası,E,Şartlı kabul,683.8822,60,2026,4,15
H00004,320.01.0001,IRS26704311,2026-05-03,2000,2,87.901,1,YERLİ,46.4333,İthalat dosyası,H,,3786.119,45,2026,5,18
D00002,320.01.0001,IRS26704312,2026-05-05,120,120,88.6702,1,YERLİ,46.4333,Numune kabul,H,,229.155,45,2026,5,19
H00012,320.01.0001,IRS26704313,2026-04-30,250,250,41.3621,1,YERLİ,45.85,İthalat dosyası,H,Şartlı kabul,225.5294,60,2026,4,18
D00008,320.01.0011,IRS26704314,2026-04-23,10000,10000,424.8694,1,YERLİ,45.85,İthalat dosyası,E,Kalite onaylı,92665.0818,45,2026,4,17
H00001,320.01.0024,IRS26704315,2026-05-10,250,0.25,69.9132,1,YERLİ,46.4333,Kısmi teslim,H,Şartlı kabul,376.4174,60,2026,5,19
H00008,320.01.0001,IRS26704316,2026-04-14,120,0.12,95.1525,1,YERLİ,45.85,İthalat dosyası,E,,249.036,90,2026,4,16
D00001,320.01.0001,IRS26704317,2026-05-17,120,120,47.5,1,YERLİ,46.4333,Numune kabul,E,Kalite onaylı,122.7567,90,2026,5,20
H00010,320.01.0001,IRS26704318,2026-04-15,5000,5,28.3985,1,YERLİ,45.85,Mal kabul,E,Kalite onaylı,3096.892,45,2026,4,16
D00005,320.01.0015,IRS26704319,2026-04-22,500,500,426.2188,1,YERLİ,45.85,Mal kabul,E,Şartlı kabul,4647.9695,60,2026,4,17
D00005,320.01.0024,IRS26704320,2026-04-18,500,500,427.1607,1,YERLİ,45.85,Sevk irsaliyesi,E,Kalite onaylı,4658.241,60,2026,4,16
H00007,320.01.0024,IRS26704321,2026-05-12,1000,1,57.2731,1,YERLİ,46.4333,Numune kabul,H,Şartlı kabul,1233.4488,30,2026,5,20
D00003,320.01.0021,IRS26704322,2026-04-30,10000,10000,368.0756,1,YERLİ,45.85,Mal kabul,E,Kalite onaylı,80278.2116,90,2026,4,18
H00012,320.01.0021,IRS26704323,2026-04-14,5000,5000,44.2752,1,YERLİ,45.85,Sevk irsaliyesi,E,,4828.2661,60,2026,4,16
H00010,320.01.0021,IRS26704324,2026-05-03,120,0.12,31.7391,1,YERLİ,46.4333,İthalat dosyası,E,Kalite onaylı,82.025,60,2026,5,18
D00010,320.01.0012,IRS26704325,2026-05-28,10000,10000,268.0071,1,YERLİ,46.4333,Kısmi teslim,E,Şartlı kabul,57718.7277,45,2026,5,22
D00011,320.01.0012,IRS26704326,2026-05-01,250,250,14.0488,1,YERLİ,46.4333,Sevk irsaliyesi,E,Kalite onaylı,75.6397,30,2026,5,18
H00013,320.01.0012,IRS26704327,2026-05-06,2000,2000,117.1932,1,YERLİ,46.4333,Sevk irsaliyesi,H,,5047.8084,0,2026,5,19
H00008,320.01.0002,IRS26704328,2026-07-01,2000,2,77.8644,1,YERLİ,47.6,Sevk irsaliyesi,E,Kalite onaylı,3271.6134,0,2026,7,27
H00015,320.01.0002,IRS26704329,2026-04-26,500,0.5,58.7955,1,YERLİ,45.85,Numune kabul,E,,641.1723,60,2026,4,17
H00005,320.01.0002,IRS26704330,2026-04-15,10000,10,73.7566,1,YERLİ,45.85,Numune kabul,H,,16086.4995,30,2026,4,16
D00005,320.01.0022,IRS26704331,2026-05-01,10000,10000,411.7165,1,YERLİ,46.4333,Numune kabul,E,Şartlı kabul,88668.3695,0,2026,5,18
D00002,320.01.0003,IRS26704332,2026-06-11,5000,5000,95.3991,1,İTHAL,47.0167,Kısmi teslim,H,Şartlı kabul,10145.2356,90,2026,6,24
D00011,320.01.0003,IRS26704333,2026-05-15,250,250,12.6218,1,İTHAL,46.4333,Kısmi teslim,H,Kalite onaylı,67.9566,45,2026,5,20
H00003,320.01.0052,IRS26704334,2026-06-02,10000,10,99.021,1,YERLİ,47.0167,Kısmi teslim,E,Kalite onaylı,21060.8146,60,2026,6,23
D00007,320.01.0052,IRS26704335,2026-05-20,120,120,119.7615,1,YERLİ,46.4333,Mal kabul,E,,309.5059,60,2026,5,21
D00006,320.01.0012,IRS26704336,2026-07-12,10000,10000,400.164,1,YERLİ,47.6,Mal kabul,E,Şartlı kabul,84068.0672,0,2026,7,28
H00012,320.01.0012,IRS26704337,2026-05-12,2500,2500,45.3756,1,YERLİ,46.4333,Mal kabul,E,Şartlı kabul,2443.0527,30,2026,5,20
D00009,320.01.0012,IRS26704338,2026-06-30,10000,10000,345.9938,1,YERLİ,47.0167,Numune kabul,H,Şartlı kabul,73589.5543,0,2026,6,27
D00003,320.01.0007,IRS26704339,2026-04-29,500,500,390.9919,1,YERLİ,45.85,Kısmi teslim,H,Şartlı kabul,4263.8157,30,2026,4,18
D00011,320.01.0007,IRS26704340,2026-04-26,500,500,13.1729,1,YERLİ,45.85,Kısmi teslim,E,Şartlı kabul,143.6521,0,2026,4,17
H00013,320.01.0024,IRS26704341,2026-04-22,120,120,123.9072,1,YERLİ,45.85,Mal kabul,H,Şartlı kabul,324.2937,30,2026,4,17
D00008,320.01.0024,IRS26704342,2026-05-04,5000,5000,385.5786,1,YERLİ,46.4333,Mal kabul,E,Kalite onaylı,41519.6206,30,2026,5,19
H00004,320.01.0024,IRS26704343,2026-04-18,120,0.12,104.8738,1,YERLİ,45.85,Mal kabul,E,Kalite onaylı,274.4789,90,2026,4,16
H00001,320.01.0036,IRS26704344,2026-04-15,120,0.12,74.3529,1,YERLİ,45.85,Kısmi teslim,E,,194.5986,60,2026,4,16
D00001,320.01.0015,IRS26704346,2026-04-23,10000,10000,45.241,1,YERLİ,45.85,Kısmi teslim,H,Şartlı kabul,9867.1756,45,2026,4,17
H00003,320.01.0015,IRS26704347,2026-04-16,5000,5,108.9469,1,YERLİ,45.85,Sevk irsaliyesi,H,Kalite onaylı,11880.7961,30,2026,4,16
H00014,320.01.0014,IRS26704348,2026-06-10,2000,2,51.0895,1,YERLİ,47.0167,Mal kabul,H,,2173.2491,90,2026,6,24
D00011,320.01.0032,IRS26704349,2026-04-19,120,120,12.8976,1,YERLİ,45.85,Mal kabul,H,Şartlı kabul,33.756,30,2026,4,16
D00006,320.01.0032,IRS26704350,2026-05-23,2500,2500,399.9564,1,YERLİ,46.4333,Sevk irsaliyesi,E,,21533.9207,0,2026,5,21
H00014,320.01.0007,IRS26704351,2026-05-01,10000,10,48.7083,1,YERLİ,46.4333,Mal kabul,H,Şartlı kabul,10489.9501,45,2026,5,18
H00012,320.01.0012,IRS26704352,2026-07-09,500,500,38.0026,1,YERLİ,47.6,İthalat dosyası,H,Kalite onaylı,399.187,45,2026,7,28
H00013,320.01.0047,IRS26704353,2026-07-06,5000,5000,118.8016,1,YERLİ,47.6,Sevk irsaliyesi,H,,12479.1597,60,2026,7,28
D00007,320.01.0004,IRS26704354,2026-04-27,120,120,124.3065,1,YERLİ,45.85,Sevk irsaliyesi,E,Şartlı kabul,325.3387,45,2026,4,18
H00016,320.01.0006,IRS26704355,2026-07-05,120,120,114.0853,1,YERLİ,47.6,Sevk irsaliyesi,H,,287.61,30,2026,7,27
H00007,320.01.0006,IRS26704356,2026-04-27,2000,2,60.8982,1,YERLİ,45.85,Sevk irsaliyesi,H,,2656.41,90,2026,4,18
H00014,320.01.0006,IRS26704357,2026-07-12,500,0.5,46.3382,1,YERLİ,47.6,İthalat dosyası,E,Kalite onaylı,486.7458,90,2026,7,28
H00007,320.01.0017,IRS26704358,2026-04-22,1000,1,69.4819,1,YERLİ,45.85,İthalat dosyası,H,Şartlı kabul,1515.4177,0,2026,4,17
H00001,320.01.0009,IRS26704359,2026-05-02,1000,1,74.1409,1,YERLİ,46.4333,Mal kabul,H,,1596.7183,90,2026,5,18
D00005,320.01.0009,IRS26704360,2026-05-02,250,250,362.1505,1,YERLİ,46.4333,Sevk irsaliyesi,E,Kalite onaylı,1949.8426,45,2026,5,18
H00015,320.01.0012,IRS26704361,2026-05-28,10000,10,56.9585,1,YERLİ,46.4333,Sevk irsaliyesi,H,Şartlı kabul,12266.7353,60,2026,5,22
D00003,320.01.0012,IRS26704362,2026-06-01,1000,1000,403.7783,1,YERLİ,47.0167,Numune kabul,H,Kalite onaylı,8587.9762,0,2026,6,23
H00002,320.01.0004,IRS26704363,2026-06-10,1000,1,27.9091,1,YERLİ,47.0167,Mal kabul,H,Kalite onaylı,593.5997,45,2026,6,24
D00011,320.01.0048,IRS26704364,2026-05-04,1000,1000,12.743,1,YERLİ,46.4333,Numune kabul,E,Şartlı kabul,274.4367,60,2026,5,19
D00004,320.01.0045,IRS26704365,2026-04-27,10000,10000,98.7519,1,YERLİ,45.85,Mal kabul,E,Şartlı kabul,21538.0371,0,2026,4,18
D00008,320.01.0045,IRS26704366,2026-05-03,500,500,451.3392,1,YERLİ,46.4333,Kısmi teslim,E,Kalite onaylı,4860.081,60,2026,5,18
H00004,320.01.0009,IRS26704367,2026-04-29,250,0.25,98.8326,1,YERLİ,45.85,Sevk irsaliyesi,E,Şartlı kabul,538.8909,30,2026,4,18
H00009,320.01.0009,IRS26704368,2026-05-14,250,0.25,111.9617,1,YERLİ,46.4333,Sevk irsaliyesi,H,Kalite onaylı,602.8093,30,2026,5,20
H00007,320.01.0009,IRS26704369,2026-06-02,120,0.12,59.5653,1,YERLİ,47.0167,İthalat dosyası,H,Kalite onaylı,152.0276,60,2026,6,23
D00006,320.01.0003,IRS26704370,2026-07-16,500,500,463.5785,1,İTHAL,47.6,Kısmi teslim,E,Kalite onaylı,4869.5221,30,2026,7,29
D00011,320.01.0015,IRS26704371,2026-05-25,120,120,12.5114,1,YERLİ,46.4333,Numune kabul,H,Kalite onaylı,32.3339,45,2026,5,22
H00005,320.01.0015,IRS26704372,2026-06-06,120,0.12,70.2283,1,YERLİ,47.0167,Mal kabul,H,Şartlı kabul,179.2426,60,2026,6,23
D00001,320.01.0004,IRS26704373,2026-06-01,120,120,50.1508,1,YERLİ,47.0167,Kısmi teslim,E,Kalite onaylı,127.9991,60,2026,6,23
H00003,320.01.0004,IRS26704374,2026-04-28,2000,2,113.5685,1,YERLİ,45.85,Mal kabul,H,,4953.9149,30,2026,4,18
H00016,320.01.0004,IRS26704375,2026-07-15,10000,10000,114.2098,1,YERLİ,47.6,İthalat dosyası,E,,23993.6555,30,2026,7,29
H00012,320.01.0012,IRS26704376,2026-07-12,2000,2000,40.6919,1,YERLİ,47.6,Numune kabul,E,Şartlı kabul,1709.7437,30,2026,7,28
D00005,320.01.0004,IRS26704377,2026-05-13,5000,5000,377.4993,1,YERLİ,46.4333,Kısmi teslim,E,Şartlı kabul,40649.6308,30,2026,5,20
H00009,320.01.0004,IRS26704378,2026-05-12,125,0.125,103.5863,1,YERLİ,46.4333,Sevk irsaliyesi,H,Şartlı kabul,278.8578,45,2026,5,20
H00005,320.01.0025,IRS26704379,2026-06-04,250,0.25,80.1103,1,İTHAL,47.0167,Sevk irsaliyesi,E,,425.9673,45,2026,6,23
H00003,320.01.0001,IRS26704380,2026-05-26,120,0.12,109.2457,1,YERLİ,46.4333,İthalat dosyası,H,,282.3294,45,2026,5,22
D00011,320.01.0001,IRS26704381,2026-05-19,10000,10000,12.8323,1,YERLİ,46.4333,İthalat dosyası,E,,2763.5985,0,2026,5,21
D00005,320.01.0003,IRS26704382,2026-04-21,5000,5000,361.0188,1,İTHAL,45.85,Sevk irsaliyesi,E,Kalite onaylı,39369.5529,90,2026,4,17
H00001,320.01.0003,IRS26704383,2026-05-02,500,0.5,69.17,1,İTHAL,46.4333,Kısmi teslim,H,Kalite onaylı,744.8318,90,2026,5,18
H00011,320.01.0010,IRS26704384,2026-05-09,5000,5,55.8896,1,YERLİ,46.4333,Mal kabul,H,Kalite onaylı,6018.2671,30,2026,5,19
H00011,320.01.0010,IRS26704385,2026-06-10,120,0.12,55.6134,1,YERLİ,47.0167,İthalat dosyası,E,Şartlı kabul,141.9412,60,2026,6,24
D00011,320.01.0001,IRS26704386,2026-05-07,120,120,12.7545,1,YERLİ,46.4333,İthalat dosyası,H,Kalite onaylı,32.9621,60,2026,5,19
H00010,320.01.0018,IRS26704387,2026-06-24,1000,1,35.1235,1,YERLİ,47.0167,Numune kabul,E,Şartlı kabul,747.0431,60,2026,6,26
D00011,320.01.0048,IRS26704388,2026-07-19,1000,1000,11.9022,1,YERLİ,47.6,İthalat dosyası,E,,250.0462,0,2026,7,29
D00004,320.01.0037,IRS26704389,2026-05-13,10000,10000,96.2955,1,İTHAL,46.4333,Mal kabul,H,Kalite onaylı,20738.4571,30,2026,5,20
H00016,320.01.0035,IRS26704390,2026-05-02,120,120,123.6,1,İTHAL,46.4333,İthalat dosyası,E,Şartlı kabul,319.4259,0,2026,5,18
D00012,320.01.0035,IRS26704391,2026-05-05,1000,1000,193.2981,1,İTHAL,46.4333,Mal kabul,H,,4162.9197,30,2026,5,19
D00010,320.01.0006,IRS26704392,2026-06-13,5000,5000,267.8861,1,YERLİ,47.0167,İthalat dosyası,E,,28488.3988,60,2026,6,24
H00011,320.01.0007,IRS26704393,2026-05-07,120,0.12,57.4311,1,YERLİ,46.4333,Numune kabul,H,Kalite onaylı,148.4222,60,2026,5,19
D00007,320.01.0025,IRS26704394,2026-06-22,1000,1000,109.8533,1,İTHAL,47.0167,Numune kabul,E,,2336.4741,30,2026,6,26
D00006,320.01.0002,IRS26704396,2026-06-06,250,250,459.0908,1,YERLİ,47.0167,Sevk irsaliyesi,H,Kalite onaylı,2441.105,60,2026,6,23
D00002,320.01.0001,IRS26704397,2026-05-08,250,250,94.1224,1,YERLİ,46.4333,Sevk irsaliyesi,H,Şartlı kabul,506.7613,0,2026,5,19
H00002,320.01.0008,IRS26704398,2026-05-19,10000,10,29.4066,1,YERLİ,46.4333,Kısmi teslim,H,Şartlı kabul,6333.0842,0,2026,5,21
D00011,320.01.0008,IRS26704399,2026-05-22,250,250,13.2842,1,YERLİ,46.4333,Mal kabul,H,Kalite onaylı,71.523,0,2026,5,21
H00004,320.01.0008,IRS26704400,2026-05-03,5000,5,101.835,1,YERLİ,46.4333,Numune kabul,H,Kalite onaylı,10965.7293,90,2026,5,18
D00006,320.01.0001,IRS26704401,2026-06-11,500,500,442.3216,1,YERLİ,47.0167,İthalat dosyası,H,Şartlı kabul,4703.8776,90,2026,6,24
H00001,320.01.0050,IRS26704403,2026-05-07,10000,10,78.1892,1,YERLİ,46.4333,Kısmi teslim,E,Şartlı kabul,16839.0358,90,2026,5,19
D00002,320.01.0050,IRS26704404,2026-05-03,5000,5000,87.1237,1,YERLİ,46.4333,Mal kabul,E,Kalite onaylı,9381.5968,0,2026,5,18
D00006,320.01.0050,IRS26704405,2026-05-22,120,120,386.9142,1,YERLİ,46.4333,Numune kabul,H,Şartlı kabul,999.9226,60,2026,5,21
D00005,320.01.0014,IRS26704406,2026-05-03,250,250,376.4008,1,YERLİ,46.4333,Mal kabul,H,,2026.5671,0,2026,5,18
D00001,320.01.0014,IRS26704407,2026-07-20,250,250,49.4197,1,YERLİ,47.6,Sevk irsaliyesi,H,,259.5572,90,2026,7,30
H00013,320.01.0014,IRS26704408,2026-05-09,1000,1000,131.2937,1,YERLİ,46.4333,Numune kabul,H,,2827.5763,90,2026,5,19
D00001,320.01.0010,IRS26704409,2026-05-23,5000,5000,44.9611,1,YERLİ,46.4333,Numune kabul,H,,4841.4715,60,2026,5,21
D00010,320.01.0014,IRS26704410,2026-05-22,250,250,268.2097,1,YERLİ,46.4333,Kısmi teslim,E,Şartlı kabul,1444.059,90,2026,5,21
D00003,320.01.0014,IRS26704411,2026-05-12,250,250,448.6318,1,YERLİ,46.4333,İthalat dosyası,E,Kalite onaylı,2415.4637,45,2026,5,20
D00003,320.01.0014,IRS26704412,2026-05-01,250,250,413.679,1,YERLİ,46.4333,Sevk irsaliyesi,E,,2227.2755,30,2026,5,18
H00007,320.01.0002,IRS26704413,2026-06-18,250,0.25,71.1336,1,YERLİ,47.0167,Kısmi teslim,E,,378.2358,0,2026,6,25
D00012,320.01.0002,IRS26704414,2026-05-21,1000,1000,166.5816,1,YERLİ,46.4333,Mal kabul,H,,3587.546,60,2026,5,21
H00013,320.01.0002,IRS26704415,2026-05-16,10000,10000,117.0131,1,YERLİ,46.4333,Numune kabul,E,Kalite onaylı,25200.255,0,2026,5,20
D00006,320.01.0003,IRS26704416,2026-06-15,250,250,437.8796,1,İTHAL,47.0167,Numune kabul,E,Şartlı kabul,2328.3195,45,2026,6,25
H00011,320.01.0011,IRS26704417,2026-07-01,10000,10,51.8822,1,YERLİ,47.6,Numune kabul,E,Kalite onaylı,10899.6218,45,2026,7,27
D00007,320.01.0011,IRS26704418,2026-05-21,1000,1000,124.1268,1,YERLİ,46.4333,Mal kabul,H,,2673.228,30,2026,5,21
H00012,320.01.0002,IRS26704419,2026-07-04,250,250,41.8125,1,YERLİ,47.6,İthalat dosyası,H,,219.6035,30,2026,7,27
D00012,320.01.0002,IRS26704420,2026-06-24,10000,10000,201.2442,1,YERLİ,47.0167,Mal kabul,H,Kalite onaylı,42802.7063,0,2026,6,26
D00001,320.01.0001,IRS26704423,2026-05-14,500,500,48.2793,1,YERLİ,46.4333,Kısmi teslim,E,,519.878,0,2026,5,20
D00006,320.01.0002,IRS26704424,2026-05-17,5000,5000,440.2737,1,YERLİ,46.4333,Numune kabul,E,Kalite onaylı,47409.2623,60,2026,5,20
D00008,320.01.0002,IRS26704425,2026-05-23,250,250,457.133,1,YERLİ,46.4333,Mal kabul,H,Kalite onaylı,2461.2347,0,2026,5,21
H00001,320.01.0007,IRS26704426,2026-07-30,2000,2,64.0629,1,YERLİ,47.6,İthalat dosyası,E,,2691.7185,30,2026,7,31
H00009,320.01.0007,IRS26704427,2026-05-13,5000,5,108.2599,1,YERLİ,46.4333,Numune kabul,H,Kalite onaylı,11657.5712,60,2026,5,20
D00006,320.01.0008,IRS26704430,2026-06-02,250,250,420.5067,1,YERLİ,47.0167,Mal kabul,E,Kalite onaylı,2235.9433,60,2026,6,23
H00002,320.01.0008,IRS26704431,2026-07-30,10000,10,27.9864,1,YERLİ,47.6,Mal kabul,H,Kalite onaylı,5879.4958,60,2026,7,31
H00002,320.01.0004,IRS26704432,2026-05-16,5000,5,27.0253,1,YERLİ,46.4333,Mal kabul,H,Şartlı kabul,2910.1205,30,2026,5,20
H00014,320.01.0004,IRS26704433,2026-05-19,500,0.5,44.7759,1,YERLİ,46.4333,İthalat dosyası,E,,482.1529,60,2026,5,21
D00007,320.01.0004,IRS26704434,2026-07-01,120,120,118.7671,1,YERLİ,47.6,Numune kabul,H,Kalite onaylı,299.4129,60,2026,7,27
H00010,320.01.0003,IRS26704435,2026-06-13,10000,10,31.732,1,İTHAL,47.0167,Mal kabul,H,Kalite onaylı,6749.0913,0,2026,6,24
D00005,320.01.0003,IRS26704436,2026-06-18,500,500,351.765,1,İTHAL,47.0167,Kısmi teslim,E,,3740.8517,60,2026,6,25
H00007,320.01.0008,IRS26704437,2026-05-25,120,0.12,59.613,1,YERLİ,46.4333,Numune kabul,H,Kalite onaylı,154.061,0,2026,5,22
H00011,320.01.0008,IRS26704438,2026-05-19,120,0.12,54.8315,1,YERLİ,46.4333,Sevk irsaliyesi,H,,141.7039,45,2026,5,21
D00011,320.01.0009,IRS26704439,2026-05-24,1000,1000,13.6392,1,YERLİ,46.4333,Sevk irsaliyesi,H,Şartlı kabul,293.7375,30,2026,5,21
H00011,320.01.0009,IRS26704440,2026-07-30,10000,10,57.7171,1,YERLİ,47.6,Sevk irsaliyesi,E,,12125.4412,30,2026,7,31
D00009,320.01.0034,IRS26704441,2026-05-30,250,250,363.7714,1,YERLİ,46.4333,Numune kabul,E,Kalite onaylı,1958.5696,60,2026,5,22
H00006,320.01.0034,IRS26704442,2026-05-18,250,0.25,165.2933,1,YERLİ,46.4333,Numune kabul,E,Kalite onaylı,889.9502,0,2026,5,21
D00003,320.01.0034,IRS26704443,2026-06-13,5000,5000,393.5412,1,YERLİ,47.0167,İthalat dosyası,E,,41851.2146,0,2026,6,24
H00008,320.01.0006,IRS26704444,2026-05-11,1000,1,76.4054,1,YERLİ,46.4333,Numune kabul,H,Kalite onaylı,1645.4872,30,2026,5,20
H00006,320.01.0006,IRS26704445,2026-05-22,500,0.5,146.1456,1,YERLİ,46.4333,İthalat dosyası,E,,1573.7154,90,2026,5,21
D00001,320.01.0002,IRS26704446,2026-05-17,10000,10000,53.0923,1,YERLİ,46.4333,Mal kabul,H,,11434.1001,60,2026,5,20
D00012,320.01.0007,IRS26704447,2026-05-25,10000,10000,195.4959,1,YERLİ,46.4333,Numune kabul,E,Şartlı kabul,42102.5213,60,2026,5,22
D00005,320.01.0007,IRS26704448,2026-06-24,500,500,361.266,1,YERLİ,47.0167,İthalat dosyası,H,Kalite onaylı,3841.8902,45,2026,6,26
H00002,320.01.0007,IRS26704449,2026-05-08,5000,5,31.4322,1,YERLİ,46.4333,Kısmi teslim,E,,3384.6614,90,2026,5,19
D00010,320.01.0041,IRS26704450,2026-05-28,5000,5000,253.3522,1,İTHAL,46.4333,İthalat dosyası,H,Şartlı kabul,27281.3046,45,2026,5,22
H00007,320.01.0041,IRS26704451,2026-05-23,1000,1,61.9434,1,İTHAL,46.4333,Numune kabul,E,Kalite onaylı,1334.0297,30,2026,5,21
D00011,320.01.0041,IRS26704452,2026-05-30,5000,5000,13.3574,1,İTHAL,46.4333,Numune kabul,H,Şartlı kabul,1438.3427,60,2026,5,22
H00006,320.01.0001,IRS26704453,2026-07-02,250,0.25,160.8138,1,YERLİ,47.6,Numune kabul,H,,844.6103,0,2026,7,27
D00012,320.01.0003,IRS26704454,2026-06-09,120,120,199.0434,1,İTHAL,47.0167,Kısmi teslim,E,,508.0154,60,2026,6,24
H00001,320.01.0007,IRS26704455,2026-07-30,250,0.25,79.3059,1,YERLİ,47.6,Kısmi teslim,H,Şartlı kabul,416.5226,30,2026,7,31
D00010,320.01.0007,IRS26704456,2026-07-26,2000,2000,299.8805,1,YERLİ,47.6,Kısmi teslim,H,Şartlı kabul,12600.021,60,2026,7,30
D00009,320.01.0002,IRS26704457,2026-05-12,1000,1000,372.5085,1,YERLİ,46.4333,Sevk irsaliyesi,H,Şartlı kabul,8022.4429,60,2026,5,20
D00012,320.01.0002,IRS26704458,2026-05-11,500,500,186.7291,1,YERLİ,46.4333,Mal kabul,H,,2010.724,90,2026,5,20
H00011,320.01.0002,IRS26704459,2026-05-14,500,0.5,56.3578,1,YERLİ,46.4333,Numune kabul,E,Şartlı kabul,606.8683,30,2026,5,20
H00006,320.01.0012,IRS26704460,2026-06-01,10000,10,133.5002,1,YERLİ,47.0167,Sevk irsaliyesi,H,Şartlı kabul,28394.2089,90,2026,6,23
H00009,320.01.0012,IRS26704461,2026-05-11,1000,1,122.4406,1,YERLİ,46.4333,İthalat dosyası,H,Kalite onaylı,2636.9136,45,2026,5,20
H00010,320.01.0014,IRS26704463,2026-07-02,250,0.25,32.5228,1,YERLİ,47.6,Numune kabul,E,Şartlı kabul,170.813,0,2026,7,27
H00004,320.01.0014,IRS26704464,2026-05-19,2000,2,90.2541,1,YERLİ,46.4333,Mal kabul,H,Kalite onaylı,3887.473,0,2026,5,21
H00014,320.01.0007,IRS26704465,2026-07-30,2000,2,50.3378,1,YERLİ,47.6,Numune kabul,H,,2115.0336,0,2026,7,31
D00011,320.01.0007,IRS26704466,2026-07-11,10000,10000,12.9527,1,YERLİ,47.6,İthalat dosyası,H,,2721.1555,0,2026,7,28
D00002,320.01.0003,IRS26704467,2026-05-21,500,500,89.1761,1,İTHAL,46.4333,Mal kabul,E,Kalite onaylı,960.2602,30,2026,5,21
H00007,320.01.0003,IRS26704468,2026-07-30,250,0.25,57.4307,1,İTHAL,47.6,Kısmi teslim,H,Kalite onaylı,301.6318,0,2026,7,31
H00014,320.01.0003,IRS26704469,2026-06-07,250,0.25,53.6237,1,İTHAL,47.0167,İthalat dosyası,H,,285.1311,45,2026,6,23
H00015,320.01.0008,IRS26704470,2026-05-28,5000,5,62.9192,1,YERLİ,46.4333,Mal kabul,H,,6775.2238,30,2026,5,22
D00003,320.01.0008,IRS26704471,2026-07-28,2000,2000,408.3093,1,YERLİ,47.6,Mal kabul,H,Kalite onaylı,17155.8529,60,2026,7,31
D00012,320.01.0013,IRS26704472,2026-07-30,10000,10000,200.9041,1,YERLİ,47.6,Mal kabul,E,Şartlı kabul,42206.7437,0,2026,7,31
D00012,320.01.0013,IRS26704473,2026-05-23,500,500,178.4781,1,YERLİ,46.4333,Mal kabul,E,Kalite onaylı,1921.8761,60,2026,5,21
D00003,320.01.0001,IRS26704474,2026-05-23,500,500,462.7637,1,YERLİ,46.4333,Kısmi teslim,H,Kalite onaylı,4983.1016,90,2026,5,21
H00004,320.01.0001,IRS26704475,2026-06-23,2000,2,109.8557,1,YERLİ,47.0167,İthalat dosyası,H,,4673.0502,45,2026,6,26
H00005,320.01.0003,IRS26704476,2026-05-17,5000,5,72.0695,1,İTHAL,46.4333,Kısmi teslim,H,,7760.5404,0,2026,5,20
H00010,320.01.0032,IRS26704477,2026-06-24,500,0.5,35.3315,1,YERLİ,47.0167,Mal kabul,E,Kalite onaylı,375.7335,0,2026,6,26
D00006,320.01.0032,IRS26704478,2026-07-16,2000,2000,460.988,1,YERLİ,47.6,Mal kabul,H,Şartlı kabul,19369.2437,0,2026,7,29
D00003,320.01.0032,IRS26704479,2026-05-20,250,250,430.4348,1,YERLİ,46.4333,Mal kabul,E,Şartlı kabul,2317.4898,45,2026,5,21
H00008,320.01.0003,IRS26704480,2026-05-22,2000,2,82.0158,1,İTHAL,46.4333,Mal kabul,H,Şartlı kabul,3532.6285,90,2026,5,21
D00009,320.01.0003,IRS26704481,2026-05-25,120,120,313.7499,1,İTHAL,46.4333,Sevk irsaliyesi,H,Şartlı kabul,810.8402,0,2026,5,22
D00001,320.01.0020,IRS26704482,2026-05-26,250,250,45.8222,1,YERLİ,46.4333,İthalat dosyası,H,Kalite onaylı,246.7098,30,2026,5,22
H00015,320.01.0024,IRS26704483,2026-07-06,250,0.25,55.5816,1,YERLİ,47.6,Mal kabul,E,Şartlı kabul,291.9202,30,2026,7,28
H00015,320.01.0024,IRS26704484,2026-07-04,250,0.25,61.0751,1,YERLİ,47.6,Kısmi teslim,H,,320.7726,0,2026,7,27
H00012,320.01.0012,IRS26704485,2026-06-14,1000,1000,44.5609,1,YERLİ,47.0167,Numune kabul,E,Şartlı kabul,947.7675,90,2026,6,24
H00013,320.01.0012,IRS26704486,2026-06-12,500,500,128.1288,1,YERLİ,47.0167,İthalat dosyası,H,,1362.5882,30,2026,6,24
H00009,320.01.0005,IRS26704488,2026-07-30,1000,1,117.4084,1,YERLİ,47.6,Kısmi teslim,E,Şartlı kabul,2466.563,60,2026,7,31
H00014,320.01.0005,IRS26704489,2026-07-10,1000,1,53.0416,1,YERLİ,47.6,Mal kabul,E,,1114.3193,30,2026,7,28
H00003,320.01.0001,IRS26704490,2026-07-10,2000,2,97.1733,1,YERLİ,47.6,Mal kabul,E,Kalite onaylı,4082.9118,0,2026,7,28
H00007,320.01.0003,IRS26704491,2026-06-27,250,0.25,60.7602,1,İTHAL,47.0167,Sevk irsaliyesi,H,,323.0778,0,2026,6,26
H00002,320.01.0003,IRS26704492,2026-05-28,10000,10,28.711,1,İTHAL,46.4333,Kısmi teslim,E,Kalite onaylı,6183.2779,30,2026,5,22
H00009,320.01.0009,IRS26704494,2026-07-01,500,0.5,115.4104,1,YERLİ,47.6,Kısmi teslim,E,Kalite onaylı,1212.2941,90,2026,7,27
D00005,320.01.0009,IRS26704495,2026-05-28,2000,2000,421.8656,1,YERLİ,46.4333,Mal kabul,E,Şartlı kabul,18170.8214,90,2026,5,22
D00008,320.01.0021,IRS26704496,2026-06-12,1000,1000,421.4142,1,YERLİ,47.0167,Sevk irsaliyesi,E,,8963.0748,90,2026,6,24
H00005,320.01.0021,IRS26704497,2026-07-05,250,0.25,83.5331,1,YERLİ,47.6,İthalat dosyası,E,,438.7243,30,2026,7,27
H00012,320.01.0007,IRS26704498,2026-06-09,120,120,39.9311,1,YERLİ,47.0167,Kısmi teslim,E,Kalite onaylı,101.9155,45,2026,6,24
D00003,320.01.0007,IRS26704499,2026-05-31,1000,1000,411.93,1,YERLİ,46.4333,Mal kabul,E,Şartlı kabul,8871.4349,60,2026,5,22
H00016,320.01.0007,IRS26704500,2026-06-12,500,500,125.1671,1,YERLİ,47.0167,Mal kabul,E,,1331.0919,90,2026,6,24
D00001,320.01.0006,IRS26704501,2026-06-28,1000,1000,52.7433,1,YERLİ,47.0167,İthalat dosyası,E,,1121.7993,30,2026,6,26
H00011,320.01.0006,IRS26704503,2026-06-25,500,0.5,57.2032,1,YERLİ,47.0167,İthalat dosyası,E,Kalite onaylı,608.3285,30,2026,6,26
D00002,320.01.0001,IRS26704504,2026-05-27,250,250,80.5481,1,YERLİ,46.4333,Numune kabul,H,,433.6764,90,2026,5,22
H00011,320.01.0001,IRS26704505,2026-07-30,500,0.5,51.2002,1,YERLİ,47.6,Sevk irsaliyesi,H,Şartlı kabul,537.8172,0,2026,7,31
D00006,320.01.0001,IRS26704506,2026-05-20,500,500,468.0357,1,YERLİ,46.4333,İthalat dosyası,H,Kalite onaylı,5039.8712,60,2026,5,21
H00013,320.01.0026,IRS26704507,2026-05-30,5000,5000,117.3015,1,YERLİ,46.4333,Sevk irsaliyesi,H,Kalite onaylı,12631.1828,30,2026,5,22
H00010,320.01.0026,IRS26704508,2026-06-14,5000,5,32.9693,1,YERLİ,47.0167,Kısmi teslim,E,,3506.1265,45,2026,6,24
D00006,320.01.0026,IRS26704509,2026-07-05,2000,2000,485.1417,1,YERLİ,47.6,Mal kabul,H,Kalite onaylı,20384.105,0,2026,7,27
D00001,320.01.0008,IRS26704510,2026-05-25,250,250,54.0275,1,YERLİ,46.4333,Kısmi teslim,E,Şartlı kabul,290.8877,0,2026,5,22
H00007,320.01.0021,IRS26704511,2026-06-05,500,0.5,69.0691,1,YERLİ,47.0167,İthalat dosyası,E,Kalite onaylı,734.5167,45,2026,6,23
H00012,320.01.0040,IRS26704513,2026-07-19,250,250,46.4251,1,YERLİ,47.6,Numune kabul,H,Şartlı kabul,243.8293,45,2026,7,29
D00002,320.01.0009,IRS26704514,2026-07-19,120,120,92.2085,1,YERLİ,47.6,Kısmi teslim,H,Şartlı kabul,232.4584,45,2026,7,29
D00004,320.01.0010,IRS26704515,2026-07-13,2000,2000,99.3238,1,YERLİ,47.6,Kısmi teslim,H,Kalite onaylı,4173.2689,0,2026,7,29
H00001,320.01.0010,IRS26704516,2026-07-08,250,0.25,76.902,1,YERLİ,47.6,İthalat dosyası,H,,403.8971,45,2026,7,28
H00005,320.01.0006,IRS26704519,2026-05-31,120,0.12,73.0101,1,YERLİ,46.4333,İthalat dosyası,E,Şartlı kabul,188.6838,30,2026,5,22
D00002,320.01.0006,IRS26704520,2026-07-04,5000,5000,89.6122,1,YERLİ,47.6,Numune kabul,E,Kalite onaylı,9413.0462,90,2026,7,27
D00009,320.01.0020,IRS26704521,2026-06-14,10000,10000,346.0277,1,YERLİ,47.0167,Kısmi teslim,E,,73596.7646,90,2026,6,24
D00005,320.01.0020,IRS26704522,2026-06-12,250,250,387.7069,1,YERLİ,47.0167,Numune kabul,H,Kalite onaylı,2061.5382,45,2026,6,24
D00005,320.01.0035,IRS26704523,2026-06-09,5000,5000,401.804,1,İTHAL,47.0167,Kısmi teslim,H,Kalite onaylı,42729.9236,30,2026,6,24
H00011,320.01.0035,IRS26704524,2026-07-02,5000,5,46.6901,1,İTHAL,47.6,Sevk irsaliyesi,H,,4904.4223,30,2026,7,27
H00003,320.01.0035,IRS26704525,2026-07-30,5000,5,94.9253,1,İTHAL,47.6,Numune kabul,H,Kalite onaylı,9971.145,0,2026,7,31
D00009,320.01.0003,IRS26704526,2026-06-15,250,250,348.811,1,İTHAL,47.0167,Numune kabul,E,Şartlı kabul,1854.7186,45,2026,6,25
H00004,320.01.0015,IRS26704528,2026-06-09,500,0.5,105.084,1,YERLİ,47.0167,İthalat dosyası,H,,1117.5178,90,2026,6,24
H00014,320.01.0015,IRS26704529,2026-05-23,2000,2,50.3915,1,YERLİ,46.4333,Mal kabul,H,,2170.4897,30,2026,5,21
D00005,320.01.0030,IRS26704530,2026-06-08,2000,2000,368.0374,1,YERLİ,47.0167,Mal kabul,H,,15655.6032,45,2026,6,24
H00009,320.01.0030,IRS26704531,2026-05-21,500,0.5,104.948,1,YERLİ,46.4333,Mal kabul,H,Kalite onaylı,1130.0941,90,2026,5,21
D00010,320.01.0030,IRS26704532,2026-07-22,120,120,292.5983,1,YERLİ,47.6,Sevk irsaliyesi,H,,737.6428,60,2026,7,30
D00006,320.01.0012,IRS26704533,2026-07-30,2500,2500,416.3276,1,YERLİ,47.6,Kısmi teslim,H,Kalite onaylı,21865.9454,60,2026,7,31
H00013,320.01.0012,IRS26704534,2026-07-06,250,250,131.896,1,YERLİ,47.6,İthalat dosyası,E,Kalite onaylı,692.7311,60,2026,7,28
H00015,320.01.0037,IRS26704535,2026-06-18,10000,10,50.5172,1,İTHAL,47.0167,Sevk irsaliyesi,H,Kalite onaylı,10744.5227,60,2026,6,25
H00012,320.01.0037,IRS26704536,2026-07-02,5000,5000,39.4521,1,İTHAL,47.6,Numune kabul,H,,4144.1282,30,2026,7,27
H00007,320.01.0012,IRS26704538,2026-07-21,5000,5,70.0603,1,YERLİ,47.6,İthalat dosyası,E,,7359.2752,90,2026,7,30
D00006,320.01.0014,IRS26704540,2026-07-08,5000,5000,387.7858,1,YERLİ,47.6,Numune kabul,E,,40733.8025,60,2026,7,28
H00002,320.01.0014,IRS26704541,2026-07-14,500,0.5,31.6703,1,YERLİ,47.6,Sevk irsaliyesi,E,Şartlı kabul,332.6712,60,2026,7,29
D00001,320.01.0014,IRS26704542,2026-06-15,120,120,55.1666,1,YERLİ,47.0167,Numune kabul,E,,140.8009,0,2026,6,25
D00009,320.01.0006,IRS26704543,2026-06-17,120,120,371.1812,1,YERLİ,47.0167,Numune kabul,E,Kalite onaylı,947.3601,0,2026,6,25
D00001,320.01.0006,IRS26704544,2026-07-30,1000,1000,52.5538,1,YERLİ,47.6,Sevk irsaliyesi,E,,1104.0714,60,2026,7,31
H00005,320.01.0027,IRS26704545,2026-06-13,2000,2,78.1992,1,YERLİ,47.0167,Kısmi teslim,E,Şartlı kabul,3326.4436,60,2026,6,24
D00004,320.01.0027,IRS26704546,2026-06-13,5000,5000,102.6115,1,YERLİ,47.0167,Sevk irsaliyesi,E,Şartlı kabul,10912.2397,90,2026,6,24
H00002,320.01.0027,IRS26704547,2026-07-13,120,0.12,27.1248,1,YERLİ,47.6,Numune kabul,H,Kalite onaylı,68.3818,60,2026,7,29
H00014,320.01.0020,IRS26704548,2026-05-27,2000,2,52.1734,1,YERLİ,46.4333,Sevk irsaliyesi,E,,2247.2407,90,2026,5,22
D00009,320.01.0016,IRS26704549,2026-06-10,120,120,306.576,1,YERLİ,47.0167,Sevk irsaliyesi,E,Kalite onaylı,782.4692,0,2026,6,24
H00016,320.01.0016,IRS26704550,2026-06-09,5000,5000,125.6704,1,YERLİ,47.0167,Kısmi teslim,H,Kalite onaylı,13364.4428,90,2026,6,24
H00006,320.01.0016,IRS26704551,2026-07-05,120,0.12,149.2847,1,YERLİ,47.6,Sevk irsaliyesi,H,,376.348,45,2026,7,27
D00010,320.01.0044,IRS26704552,2026-07-01,5000,5000,279.3052,1,YERLİ,47.6,Sevk irsaliyesi,E,Şartlı kabul,29338.7815,0,2026,7,27
H00003,320.01.0001,IRS26704553,2026-07-30,2000,2,114.3314,1,YERLİ,47.6,Mal kabul,H,,4803.8403,60,2026,7,31
H00002,320.01.0039,IRS26704554,2026-06-14,500,0.5,25.6798,1,YERLİ,47.0167,Numune kabul,H,Şartlı kabul,273.0923,45,2026,6,24
H00013,320.01.0039,IRS26704555,2026-06-14,1000,1000,137.7073,1,YERLİ,47.0167,Mal kabul,H,,2928.9019,0,2026,6,24
D00004,320.01.0040,IRS26704556,2026-07-01,5000,5000,106.0628,1,YERLİ,47.6,Mal kabul,H,Şartlı kabul,11141.0504,90,2026,7,27
D00009,320.01.0040,IRS26704557,2026-07-30,120,120,331.8234,1,YERLİ,47.6,İthalat dosyası,E,Şartlı kabul,836.5296,0,2026,7,31
D00006,320.01.0040,IRS26704558,2026-06-20,10000,10000,471.7714,1,YERLİ,47.0167,Sevk irsaliyesi,H,Kalite onaylı,100341.2405,90,2026,6,25
D00005,320.01.0041,IRS26704559,2026-06-02,1000,1000,423.6592,1,İTHAL,47.0167,Mal kabul,H,,9010.8238,60,2026,6,23
H00008,320.01.0041,IRS26704560,2026-06-08,1000,1,80.1707,1,İTHAL,47.0167,Numune kabul,H,Kalite onaylı,1705.1537,30,2026,6,24
H00010,320.01.0033,IRS26704561,2026-07-25,500,0.5,28.3732,1,YERLİ,47.6,İthalat dosyası,H,Kalite onaylı,298.0378,30,2026,7,30
H00016,320.01.0017,IRS26704562,2026-07-12,10000,10000,126.5481,1,YERLİ,47.6,Sevk irsaliyesi,H,Şartlı kabul,26585.7353,30,2026,7,28
D00007,320.01.0017,IRS26704563,2026-07-10,1000,1000,121.4032,1,YERLİ,47.6,Numune kabul,E,Şartlı kabul,2550.4874,90,2026,7,28
H00014,320.01.0017,IRS26704564,2026-06-09,10000,10,52.867,1,YERLİ,47.0167,Kısmi teslim,H,,11244.3026,60,2026,6,24
D00007,320.01.0001,IRS26704566,2026-06-08,500,500,118.1997,1,YERLİ,47.0167,Kısmi teslim,E,Şartlı kabul,1256.997,90,2026,6,24
D00010,320.01.0035,IRS26704567,2026-06-28,120,120,310.5492,1,İTHAL,47.0167,İthalat dosyası,E,,792.6099,90,2026,6,26
D00006,320.01.0035,IRS26704568,2026-06-05,500,500,473.7287,1,İTHAL,47.0167,İthalat dosyası,E,Kalite onaylı,5037.877,0,2026,6,23
H00007,320.01.0005,IRS26704569,2026-07-03,500,0.5,59.488,1,YERLİ,47.6,İthalat dosyası,H,Şartlı kabul,624.8739,90,2026,7,27
H00002,320.01.0018,IRS26704570,2026-07-19,500,0.5,30.2524,1,YERLİ,47.6,Numune kabul,E,,317.7773,90,2026,7,29
H00003,320.01.0018,IRS26704571,2026-07-07,250,0.25,97.8776,1,YERLİ,47.6,İthalat dosyası,E,,514.063,60,2026,7,28
H00004,320.01.0053,IRS26704572,2026-07-06,2000,2,89.7433,1,İTHAL,47.6,Mal kabul,E,Kalite onaylı,3770.7269,60,2026,7,28
H00009,320.01.0053,IRS26704573,2026-07-25,2000,2,106.4312,1,İTHAL,47.6,Numune kabul,E,,4471.8992,45,2026,7,30
H00014,320.01.0015,IRS26704574,2026-06-23,120,0.12,48.798,1,YERLİ,47.0167,Mal kabul,H,Şartlı kabul,124.5464,0,2026,6,26
H00007,320.01.0002,IRS26704575,2026-06-21,500,0.5,59.9948,1,YERLİ,47.0167,Mal kabul,H,,638.0159,90,2026,6,25
D00010,320.01.0002,IRS26704576,2026-07-30,2500,2500,273.1117,1,YERLİ,47.6,Kısmi teslim,H,,14344.1019,45,2026,7,31
H00004,320.01.0004,IRS26704577,2026-06-17,10000,10,104.879,1,YERLİ,47.0167,Mal kabul,E,,22306.7548,90,2026,6,25
D00010,320.01.0004,IRS26704578,2026-07-13,120,120,311.8312,1,YERLİ,47.6,Numune kabul,E,,786.1291,45,2026,7,29
D00006,320.01.0004,IRS26704579,2026-07-30,500,500,383.5389,1,YERLİ,47.6,Mal kabul,E,,4028.77,45,2026,7,31
H00006,320.01.0004,IRS26704580,2026-07-06,2000,2,152.679,1,YERLİ,47.6,İthalat dosyası,H,Şartlı kabul,6415.084,45,2026,7,28
D00007,320.01.0002,IRS26704581,2026-07-30,250,250,101.0531,1,YERLİ,47.6,Kısmi teslim,E,Şartlı kabul,530.7411,60,2026,7,31
H00006,320.01.0002,IRS26704582,2026-06-22,1000,1,143.2661,1,YERLİ,47.0167,Kısmi teslim,E,Şartlı kabul,3047.1322,30,2026,6,26
D00003,320.01.0018,IRS26704584,2026-06-21,10000,10000,449.5135,1,YERLİ,47.0167,Mal kabul,H,Şartlı kabul,95607.1991,90,2026,6,25
D00005,320.01.0018,IRS26704585,2026-07-20,250,250,440.5864,1,YERLİ,47.6,Numune kabul,E,,2314.0042,45,2026,7,30
H00006,320.01.0028,IRS26704586,2026-06-23,1000,1,155.5358,1,YERLİ,47.0167,Mal kabul,E,Kalite onaylı,3308.0969,30,2026,6,26
H00007,320.01.0028,IRS26704587,2026-06-26,500,0.5,65.9866,1,YERLİ,47.0167,Mal kabul,H,Kalite onaylı,701.7358,45,2026,6,26
D00003,320.01.0003,IRS26704588,2026-06-20,120,120,423.3873,1,İTHAL,47.0167,Mal kabul,E,Şartlı kabul,1080.6049,60,2026,6,25
D00009,320.01.0003,IRS26704589,2026-07-30,1000,1000,323.9659,1,İTHAL,47.6,Mal kabul,E,Şartlı kabul,6806.0063,90,2026,7,31
D00004,320.01.0002,IRS26704590,2026-06-26,2000,2000,95.2606,1,YERLİ,47.0167,Kısmi teslim,H,Şartlı kabul,4052.2027,30,2026,6,26
D00008,320.01.0024,IRS26704591,2026-07-30,500,500,433.5316,1,YERLİ,47.6,Mal kabul,E,Kalite onaylı,4553.9034,90,2026,7,31
H00001,320.01.0024,IRS26704592,2026-06-28,10000,10,75.5978,1,YERLİ,47.0167,Kısmi teslim,H,Şartlı kabul,16078.9251,45,2026,6,26
H00005,320.01.0024,IRS26704593,2026-06-18,120,0.12,85.9974,1,YERLİ,47.0167,Numune kabul,H,,219.4898,45,2026,6,25
D00008,320.01.0007,IRS26704594,2026-06-11,500,500,437.3109,1,YERLİ,47.0167,Sevk irsaliyesi,H,Kalite onaylı,4650.5912,0,2026,6,24
D00006,320.01.0007,IRS26704595,2026-07-25,120,120,449.5353,1,YERLİ,47.6,Numune kabul,H,,1133.2823,30,2026,7,30
D00001,320.01.0005,IRS26704596,2026-07-17,500,500,56.6237,1,YERLİ,47.6,Kısmi teslim,E,Şartlı kabul,594.7868,45,2026,7,29
H00013,320.01.0001,IRS26704597,2026-06-14,120,120,124.4762,1,YERLİ,47.0167,İthalat dosyası,E,,317.6987,90,2026,6,24
D00007,320.01.0001,IRS26704598,2026-07-28,2000,2000,111.8647,1,YERLİ,47.6,Mal kabul,E,Kalite onaylı,4700.1975,60,2026,7,31
H00004,320.01.0001,IRS26704599,2026-07-05,500,0.5,92.9695,1,YERLİ,47.6,Mal kabul,E,,976.5704,45,2026,7,27
H00013,320.01.0001,IRS26704601,2026-06-30,5000,5000,132.7212,1,YERLİ,47.0167,Numune kabul,H,Kalite onaylı,14114.2615,60,2026,6,27
D00009,320.01.0001,IRS26704602,2026-06-29,2000,2000,351.0857,1,YERLİ,47.0167,Kısmi teslim,E,,14934.5105,30,2026,6,27
D00006,320.01.0012,IRS26704603,2026-06-24,250,250,385.2051,1,YERLİ,47.0167,Mal kabul,H,Kalite onaylı,2048.2355,90,2026,6,26
H00011,320.01.0012,IRS26704604,2026-06-11,500,0.5,54.5574,1,YERLİ,47.0167,Numune kabul,H,,580.1917,0,2026,6,24
H00015,320.01.0012,IRS26704605,2026-06-25,500,0.5,51.5742,1,YERLİ,47.0167,Mal kabul,H,Şartlı kabul,548.4668,60,2026,6,26
H00006,320.01.0044,IRS26704606,2026-07-03,500,0.5,147.1518,1,YERLİ,47.6,Mal kabul,E,,1545.7122,30,2026,7,27
D00002,320.01.0007,IRS26704607,2026-07-12,250,250,78.7743,1,YERLİ,47.6,Numune kabul,E,,413.7306,30,2026,7,28
H00009,320.01.0001,IRS26704608,2026-07-23,10000,10,107.9221,1,YERLİ,47.6,Mal kabul,E,Kalite onaylı,22672.7101,0,2026,7,30
H00004,320.01.0030,IRS26704609,2026-06-28,5000,5,106.925,1,YERLİ,47.0167,Mal kabul,E,Şartlı kabul,11370.9597,45,2026,6,26
D00007,320.01.0010,IRS26704612,2026-06-23,125,125,102.8623,1,YERLİ,47.0167,İthalat dosyası,H,Şartlı kabul,273.4728,0,2026,6,26
H00007,320.01.0001,IRS26704613,2026-07-01,2000,2,72.8362,1,YERLİ,47.6,Kısmi teslim,E,Şartlı kabul,3060.3445,0,2026,7,27
D00006,320.01.0028,IRS26704614,2026-07-09,500,500,439.3777,1,YERLİ,47.6,Sevk irsaliyesi,H,Şartlı kabul,4615.312,30,2026,7,28
H00011,320.01.0004,IRS26704615,2026-06-12,2000,2,52.3961,1,YERLİ,47.0167,Kısmi teslim,H,Şartlı kabul,2228.8293,60,2026,6,24
D00001,320.01.0004,IRS26704616,2026-07-30,2000,2000,58.1957,1,YERLİ,47.6,Mal kabul,H,Kalite onaylı,2445.1975,0,2026,7,31
H00012,320.01.0015,IRS26704618,2026-07-30,5000,5000,40.2907,1,YERLİ,47.6,Kısmi teslim,H,Kalite onaylı,4232.2164,90,2026,7,31
H00016,320.01.0015,IRS26704619,2026-07-30,250,250,128.2803,1,YERLİ,47.6,Numune kabul,H,Kalite onaylı,673.7411,60,2026,7,31
D00006,320.01.0003,IRS26704620,2026-06-23,120,120,405.8128,1,İTHAL,47.0167,Numune kabul,E,Kalite onaylı,1035.7498,0,2026,6,26
D00011,320.01.0003,IRS26704622,2026-07-30,125,125,12.3926,1,İTHAL,47.6,Kısmi teslim,E,,32.5436,0,2026,7,31
D00009,320.01.0004,IRS26704623,2026-07-30,10000,10000,349.0884,1,YERLİ,47.6,Sevk irsaliyesi,H,Kalite onaylı,73337.8992,30,2026,7,31
D00005,320.01.0004,IRS26704624,2026-07-30,120,120,440.6343,1,YERLİ,47.6,Kısmi teslim,E,,1110.8428,90,2026,7,31
H00013,320.01.0004,IRS26704625,2026-06-23,250,250,124.3621,1,YERLİ,47.0167,Sevk irsaliyesi,E,,661.2656,60,2026,6,26
H00010,320.01.0024,IRS26704626,2026-06-25,2000,2,34.6035,1,YERLİ,47.0167,Mal kabul,H,Şartlı kabul,1471.9663,30,2026,6,26
D00001,320.01.0024,IRS26704627,2026-07-30,5000,5000,57.0252,1,YERLİ,47.6,Mal kabul,E,Şartlı kabul,5990.042,60,2026,7,31
H00009,320.01.0010,IRS26704628,2026-07-13,120,0.12,114.0359,1,YERLİ,47.6,İthalat dosyası,H,Kalite onaylı,287.4855,45,2026,7,29
H00015,320.01.0028,IRS26704629,2026-06-19,2000,2,64.3409,1,YERLİ,47.0167,Numune kabul,H,,2736.9382,45,2026,6,25
D00012,320.01.0028,IRS26704630,2026-06-30,2000,2000,173.0634,1,YERLİ,47.0167,İthalat dosyası,E,,7361.7842,0,2026,6,27
D00009,320.01.0031,IRS26704631,2026-07-17,2000,2000,388.1098,1,YERLİ,47.6,Mal kabul,E,,16307.1345,90,2026,7,29
H00012,320.01.0013,IRS26704633,2026-07-09,10000,10000,43.237,1,YERLİ,47.6,Numune kabul,H,Kalite onaylı,9083.4034,90,2026,7,28
H00014,320.01.0004,IRS26704635,2026-06-27,120,0.12,50.436,1,YERLİ,47.0167,Mal kabul,E,Kalite onaylı,128.727,45,2026,6,26
H00010,320.01.0010,IRS26704636,2026-06-18,1000,1,31.8236,1,YERLİ,47.0167,İthalat dosyası,E,Şartlı kabul,676.8574,90,2026,6,25
D00007,320.01.0010,IRS26704637,2026-07-30,2000,2000,114.0042,1,YERLİ,47.6,Sevk irsaliyesi,H,Kalite onaylı,4790.0924,60,2026,7,31
H00006,320.01.0002,IRS26704638,2026-06-28,5000,5,145.5983,1,YERLİ,47.0167,Kısmi teslim,E,Şartlı kabul,15483.6792,0,2026,6,26
D00012,320.01.0001,IRS26704640,2026-07-30,10000,10000,199.6408,1,YERLİ,47.6,Numune kabul,E,,41941.3445,90,2026,7,31
H00012,320.01.0004,IRS26704641,2026-07-18,1000,1000,40.1242,1,YERLİ,47.6,İthalat dosyası,H,,842.9454,30,2026,7,29
D00005,320.01.0004,IRS26704642,2026-07-07,1000,1000,370.4012,1,YERLİ,47.6,Kısmi teslim,E,,7781.5378,90,2026,7,28
H00006,320.01.0018,IRS26704643,2026-07-30,10000,10,152.4329,1,YERLİ,47.6,Numune kabul,E,,32023.7185,0,2026,7,31
H00014,320.01.0014,IRS26704645,2026-07-01,1000,1,53.2191,1,YERLİ,47.6,Sevk irsaliyesi,H,Şartlı kabul,1118.0483,30,2026,7,27
D00006,320.01.0004,IRS26704646,2026-07-30,2500,2500,439.1115,1,YERLİ,47.6,Mal kabul,E,,23062.5788,60,2026,7,31
H00010,320.01.0004,IRS26704647,2026-06-27,5000,5,30.8471,1,YERLİ,47.0167,Kısmi teslim,E,Şartlı kabul,3280.4408,30,2026,6,26
H00009,320.01.0004,IRS26704648,2026-07-10,120,0.12,109.3107,1,YERLİ,47.6,Kısmi teslim,H,Kalite onaylı,275.5732,30,2026,7,28
D00010,320.01.0005,IRS26704649,2026-06-24,10000,10000,288.0267,1,YERLİ,47.0167,Kısmi teslim,H,Kalite onaylı,61260.5096,30,2026,6,26
D00005,320.01.0005,IRS26704650,2026-07-04,10000,10000,416.7966,1,YERLİ,47.6,Mal kabul,E,,87562.3109,90,2026,7,27
H00010,320.01.0005,IRS26704651,2026-07-30,500,0.5,35.4343,1,YERLİ,47.6,İthalat dosyası,E,Şartlı kabul,372.209,90,2026,7,31
D00003,320.01.0016,IRS26704652,2026-07-30,1000,1000,445.2673,1,YERLİ,47.6,Mal kabul,E,Kalite onaylı,9354.355,30,2026,7,31
H00009,320.01.0001,IRS26704653,2026-07-02,5000,5,100.0068,1,YERLİ,47.6,Sevk irsaliyesi,H,,10504.916,60,2026,7,27
D00004,320.01.0014,IRS26704654,2026-07-14,5000,5000,99.0362,1,YERLİ,47.6,Numune kabul,H,Kalite onaylı,10402.9622,0,2026,7,29
D00010,320.01.0014,IRS26704655,2026-07-27,10000,10000,257.0895,1,YERLİ,47.6,Kısmi teslim,H,,54010.3992,0,2026,7,31
D00007,320.01.0003,IRS26704656,2026-07-30,500,500,125.9235,1,İTHAL,47.6,İthalat dosyası,E,Şartlı kabul,1322.7258,45,2026,7,31
D00007,320.01.0003,IRS26704657,2026-07-30,1000,1000,101.0348,1,İTHAL,47.6,Kısmi teslim,E,Şartlı kabul,2122.5798,30,2026,7,31
H00002,320.01.0048,IRS26704660,2026-07-17,500,0.5,31.1286,1,YERLİ,47.6,Sevk irsaliyesi,H,Şartlı kabul,326.9811,90,2026,7,29
D00010,320.01.0011,IRS26704661,2026-07-30,5000,5000,320.0234,1,YERLİ,47.6,İthalat dosyası,H,Kalite onaylı,33615.9034,30,2026,7,31
H00014,320.01.0011,IRS26704662,2026-07-14,2000,2,47.6481,1,YERLİ,47.6,İthalat dosyası,H,Şartlı kabul,2002.021,30,2026,7,29
H00002,320.01.0008,IRS26704664,2026-07-30,120,0.12,29.6993,1,YERLİ,47.6,Kısmi teslim,E,,74.8722,60,2026,7,31
H00005,320.01.0002,IRS26704666,2026-07-13,120,0.12,74.6497,1,YERLİ,47.6,Kısmi teslim,H,Kalite onaylı,188.1925,30,2026,7,29
D00006,320.01.0002,IRS26704667,2026-07-30,1000,1000,452.4737,1,YERLİ,47.6,İthalat dosyası,E,Kalite onaylı,9505.75,60,2026,7,31
D00006,320.01.0035,IRS26704669,2026-07-04,120,120,481.9559,1,İTHAL,47.6,Sevk irsaliyesi,E,Kalite onaylı,1215.0149,45,2026,7,27
H00013,320.01.0003,IRS26704670,2026-07-30,60,60,123.0989,1,İTHAL,47.6,Kısmi teslim,E,Kalite onaylı,155.1667,0,2026,7,31
D00004,320.01.0003,IRS26704671,2026-07-28,500,500,109.5878,1,İTHAL,47.6,Numune kabul,E,,1151.1324,0,2026,7,31
H00001,320.01.0038,IRS26704673,2026-07-30,250,0.25,74.884,1,YERLİ,47.6,Numune kabul,E,,393.2983,0,2026,7,31
D00008,320.01.0038,IRS26704674,2026-07-30,500,500,442.8941,1,YERLİ,47.6,İthalat dosyası,E,Kalite onaylı,4652.2489,60,2026,7,31
H00006,320.01.0022,IRS26704675,2026-07-16,5000,5,161.3185,1,YERLİ,47.6,Mal kabul,E,Şartlı kabul,16945.2206,60,2026,7,29
D00012,320.01.0022,IRS26704676,2026-07-06,5000,5000,166.4752,1,YERLİ,47.6,Numune kabul,E,,17486.8908,0,2026,7,28
H00010,320.01.0022,IRS26704677,2026-07-12,1000,1,30.4342,1,YERLİ,47.6,Kısmi teslim,H,Şartlı kabul,639.3739,30,2026,7,28
D00003,320.01.0003,IRS26704678,2026-07-28,500,500,410.6677,1,İTHAL,47.6,İthalat dosyası,H,Şartlı kabul,4313.7363,0,2026,7,31
D00011,320.01.0003,IRS26704679,2026-07-03,500,500,14.9904,1,İTHAL,47.6,İthalat dosyası,E,Şartlı kabul,157.4622,60,2026,7,27
H00009,320.01.0011,IRS26704681,2026-07-28,1000,1,110.182,1,YERLİ,47.6,Sevk irsaliyesi,H,Şartlı kabul,2314.7479,90,2026,7,31
H00005,320.01.0001,IRS26704682,2026-07-15,1000,1,72.3125,1,YERLİ,47.6,Mal kabul,H,Kalite onaylı,1519.1702,60,2026,7,29
H00009,320.01.0016,IRS26704684,2026-07-30,500,0.5,102.8078,1,YERLİ,47.6,Mal kabul,E,Kalite onaylı,1079.9139,0,2026,7,31
D00012,320.01.0001,IRS26704685,2026-07-07,2000,2000,204.7554,1,YERLİ,47.6,Mal kabul,H,,8603.1681,60,2026,7,28
H00004,320.01.0001,IRS26704686,2026-07-09,10000,10,114.0949,1,YERLİ,47.6,Kısmi teslim,H,Şartlı kabul,23969.5168,45,2026,7,28
D00011,320.01.0008,IRS26704687,2026-07-24,10000,10000,12.3434,1,YERLİ,47.6,Mal kabul,E,Şartlı kabul,2593.1513,90,2026,7,30
D00003,320.01.0008,IRS26704688,2026-07-06,500,500,394.5072,1,YERLİ,47.6,İthalat dosyası,E,,4143.9832,0,2026,7,28
D00004,320.01.0008,IRS26704689,2026-07-03,1000,1000,108.4064,1,YERLİ,47.6,İthalat dosyası,E,Şartlı kabul,2277.4454,90,2026,7,27
H00005,320.01.0026,IRS26704690,2026-07-30,2500,2.5,86.9257,1,YERLİ,47.6,Kısmi teslim,H,Şartlı kabul,4565.4254,90,2026,7,31
H00004,320.01.0026,IRS26704691,2026-07-30,1000,1,110.1255,1,YERLİ,47.6,Numune kabul,H,,2313.5609,0,2026,7,31
H00007,320.01.0026,IRS26704692,2026-07-30,500,0.5,72.9071,1,YERLİ,47.6,Sevk irsaliyesi,H,Kalite onaylı,765.8309,90,2026,7,31
H00014,320.01.0023,IRS26704693,2026-07-29,120,0.12,54.051,1,İTHAL,47.6,Mal kabul,E,,136.263,45,2026,7,31
D00005,320.01.0005,IRS26704694,2026-07-10,1000,1000,358.15,1,YERLİ,47.6,Mal kabul,E,,7524.1597,90,2026,7,28
H00009,320.01.0005,IRS26704695,2026-07-06,1000,1,100.7879,1,YERLİ,47.6,Sevk irsaliyesi,H,Kalite onaylı,2117.3929,60,2026,7,28
H00015,320.01.0005,IRS26704696,2026-07-12,10000,10,56.6848,1,YERLİ,47.6,Kısmi teslim,H,Kalite onaylı,11908.5714,0,2026,7,28
D00001,320.01.0003,IRS26704697,2026-07-30,500,500,54.9496,1,İTHAL,47.6,Sevk irsaliyesi,H,Şartlı kabul,577.2017,45,2026,7,31
D00011,320.01.0004,IRS26704698,2026-07-13,120,120,14.9587,1,YERLİ,47.6,Mal kabul,H,Kalite onaylı,37.711,45,2026,7,29
D00003,320.01.0005,IRS26704699,2026-07-19,5000,5000,470.7563,1,YERLİ,47.6,Numune kabul,E,Kalite onaylı,49449.1912,60,2026,7,29
D00005,320.01.0005,IRS26704700,2026-07-17,1000,1000,368.4939,1,YERLİ,47.6,Numune kabul,H,Şartlı kabul,7741.4685,60,2026,7,29
D00003,320.01.0005,IRS26704701,2026-07-25,2000,2000,396.798,1,YERLİ,47.6,İthalat dosyası,E,Kalite onaylı,16672.1849,60,2026,7,30
H00006,320.01.0050,IRS26704702,2026-07-30,250,0.25,156.2121,1,YERLİ,47.6,Kısmi teslim,H,Şartlı kabul,820.4417,90,2026,7,31
H00008,320.01.0050,IRS26704703,2026-07-05,5000,5,92.8535,1,YERLİ,47.6,İthalat dosyası,H,Şartlı kabul,9753.5189,0,2026,7,27
H00010,320.01.0006,IRS26704704,2026-07-16,5000,5,35.6527,1,YERLİ,47.6,Numune kabul,H,Şartlı kabul,3745.0315,0,2026,7,29
D00006,320.01.0006,IRS26704705,2026-07-22,5000,5000,439.5004,1,YERLİ,47.6,Mal kabul,H,Şartlı kabul,46166.0084,60,2026,7,30
H00009,320.01.0001,IRS26704706,2026-07-30,10000,10,124.4562,1,YERLİ,47.6,İthalat dosyası,H,,26146.2605,60,2026,7,31
H00003,320.01.0001,IRS26704708,2026-07-13,120,0.12,102.4055,1,YERLİ,47.6,Sevk irsaliyesi,H,,258.1651,90,2026,7,29
H00002,320.01.0047,IRS26704709,2026-07-20,500,0.5,32.1661,1,YERLİ,47.6,Mal kabul,E,Kalite onaylı,337.8792,0,2026,7,30
D00002,320.01.0047,IRS26704710,2026-07-04,250,250,93.7546,1,YERLİ,47.6,Sevk irsaliyesi,E,Kalite onaylı,492.4086,30,2026,7,27
H00015,320.01.0024,IRS26704711,2026-07-10,120,0.12,56.5451,1,YERLİ,47.6,Numune kabul,E,Kalite onaylı,142.5507,30,2026,7,28
H00010,320.01.0024,IRS26704712,2026-07-30,250,0.25,35.483,1,YERLİ,47.6,Sevk irsaliyesi,E,Kalite onaylı,186.3603,30,2026,7,31
H00002,320.01.0001,IRS26704714,2026-07-20,120,0.12,25.6504,1,YERLİ,47.6,İthalat dosyası,E,Şartlı kabul,64.6649,60,2026,7,30
D00009,320.01.0048,IRS26704715,2026-07-30,2000,2000,382.3526,1,YERLİ,47.6,Mal kabul,H,,16065.2353,45,2026,7,31
D00004,320.01.0011,IRS26704716,2026-07-18,2000,2000,91.2064,1,YERLİ,47.6,Sevk irsaliyesi,E,,3832.2017,90,2026,7,29
H00012,320.01.0001,IRS26704718,2026-07-30,5000,5000,46.3579,1,YERLİ,47.6,Numune kabul,E,,4869.5273,60,2026,7,31
H00009,320.01.0001,IRS26704719,2026-07-02,500,0.5,119.6666,1,YERLİ,47.6,İthalat dosyası,E,,1257.0021,90,2026,7,27
H00015,320.01.0010,IRS26704720,2026-07-28,1000,1,57.879,1,YERLİ,47.6,Sevk irsaliyesi,E,Kalite onaylı,1215.9454,0,2026,7,31
D00004,320.01.0022,IRS26704721,2026-07-07,500,500,89.1852,1,YERLİ,47.6,İthalat dosyası,H,Kalite onaylı,936.8193,60,2026,7,28
D00001,320.01.0022,IRS26704722,2026-07-22,1000,1000,56.0117,1,YERLİ,47.6,İthalat dosyası,E,Şartlı kabul,1176.7164,90,2026,7,30
H00006,320.01.0002,IRS26704723,2026-07-30,10000,10,156.0143,1,YERLİ,47.6,Sevk irsaliyesi,H,,32776.1134,60,2026,7,31
D00007,320.01.0002,IRS26704724,2026-07-30,250,250,108.4866,1,YERLİ,47.6,Numune kabul,H,Kalite onaylı,569.7826,0,2026,7,31
H00009,320.01.0024,IRS26704725,2026-07-14,250,0.25,102.4087,1,YERLİ,47.6,Kısmi teslim,H,,537.8608,0,2026,7,29
H00002,320.01.0024,IRS26704726,2026-07-29,1000,1,27.1278,1,YERLİ,47.6,İthalat dosyası,E,,569.9118,0,2026,7,31
H00009,320.01.0003,IRS26704728,2026-07-21,120,0.12,100.2484,1,İTHAL,47.6,Sevk irsaliyesi,H,Şartlı kabul,252.7271,30,2026,7,30
D00010,320.01.0003,IRS26704730,2026-07-30,2000,2000,278.9051,1,İTHAL,47.6,Mal kabul,E,Kalite onaylı,11718.7017,0,2026,7,31
D00009,320.01.0046,IRS26704731,2026-07-30,500,500,338.23,1,YERLİ,47.6,Kısmi teslim,E,,3552.8361,90,2026,7,31
H00003,320.01.0046,IRS26704733,2026-07-19,1000,1,103.2315,1,YERLİ,47.6,Numune kabul,H,Şartlı kabul,2168.729,60,2026,7,29
H00005,320.01.0003,IRS26704734,2026-07-30,10000,10,69.623,1,İTHAL,47.6,Mal kabul,H,,14626.6807,45,2026,7,31
H00009,320.01.0003,IRS26704735,2026-07-13,120,0.12,105.8622,1,İTHAL,47.6,Numune kabul,H,Kalite onaylı,266.8795,0,2026,7,29
D00010,320.01.0001,IRS26704736,2026-07-30,5000,5000,324.6572,1,YERLİ,47.6,Kısmi teslim,H,Şartlı kabul,34102.6471,30,2026,7,31
D00010,320.01.0001,IRS26704738,2026-07-13,2000,2000,287.6182,1,YERLİ,47.6,Mal kabul,H,Şartlı kabul,12084.7983,60,2026,7,29
D00012,320.01.0018,IRS26704739,2026-07-30,500,500,179.719,1,YERLİ,47.6,Mal kabul,H,,1887.8046,30,2026,7,31
H00015,320.01.0013,IRS26704740,2026-07-30,1000,1,56.7119,1,YERLİ,47.6,Numune kabul,E,,1191.4265,30,2026,7,31
D00002,320.01.0002,IRS26704741,2026-07-19,10000,10000,90.9604,1,YERLİ,47.6,Kısmi teslim,E,Kalite onaylı,19109.3277,90,2026,7,29
D00012,320.01.0002,IRS26704742,2026-07-30,2000,2000,189.8612,1,YERLİ,47.6,Kısmi teslim,E,,7977.3613,60,2026,7,31
H00015,320.01.0010,IRS26704743,2026-07-29,120,0.12,59.0319,1,YERLİ,47.6,Numune kabul,E,Kalite onaylı,148.8199,90,2026,7,31
D00003,320.01.0010,IRS26704745,2026-07-27,2000,2000,391.503,1,YERLİ,47.6,Numune kabul,E,,16449.7059,90,2026,7,31
H00011,320.01.0011,IRS26704746,2026-07-30,250,0.25,56.0139,1,YERLİ,47.6,Mal kabul,H,Şartlı kabul,294.1907,45,2026,7,31
D00003,320.01.0027,IRS26704747,2026-07-30,120,120,414.7116,1,YERLİ,47.6,Sevk irsaliyesi,E,Kalite onaylı,1045.4914,30,2026,7,31
D00006,320.01.0003,IRS26704748,2026-07-30,1000,1000,460.95,1,İTHAL,47.6,Sevk irsaliyesi,E,Kalite onaylı,9683.8235,0,2026,7,31
H00006,320.01.0003,IRS26704750,2026-07-16,120,0.12,145.7345,1,İTHAL,47.6,Mal kabul,E,Şartlı kabul,367.3979,60,2026,7,29
H00011,320.01.0003,IRS26704751,2026-07-30,5000,5,50.703,1,İTHAL,47.6,Mal kabul,E,,5325.9454,90,2026,7,31
H00006,320.01.0003,IRS26704752,2026-07-30,250,0.25,161.0848,1,İTHAL,47.6,Kısmi teslim,H,Şartlı kabul,846.0336,30,2026,7,31
H00004,320.01.0002,IRS26704753,2026-07-30,1000,1,96.8972,1,YERLİ,47.6,Kısmi teslim,H,Şartlı kabul,2035.6555,30,2026,7,31
H00001,320.01.0017,IRS26704755,2026-07-26,5000,5,74.4913,1,YERLİ,47.6,Mal kabul,E,Şartlı kabul,7824.7164,90,2026,7,30
H00003,320.01.0012,IRS26704756,2026-07-30,500,0.5,97.1037,1,YERLİ,47.6,Numune kabul,E,,1019.9968,0,2026,7,31
H00014,320.01.0023,IRS26704757,2026-07-24,500,0.5,46.391,1,İTHAL,47.6,Mal kabul,E,,487.3004,0,2026,7,30
D00001,320.01.0023,IRS26704758,2026-07-30,60,60,55.7735,1,İTHAL,47.6,İthalat dosyası,E,Şartlı kabul,70.3027,30,2026,7,31
D00008,320.01.0001,IRS26704759,2026-07-30,120,120,406.8828,1,YERLİ,47.6,Mal kabul,E,Kalite onaylı,1025.755,30,2026,7,31
H00007,320.01.0013,IRS26704760,2026-07-26,250,0.25,72.4509,1,YERLİ,47.6,Mal kabul,H,,380.5194,30,2026,7,30
D00006,320.01.0004,IRS26704762,2026-07-20,2000,2000,394.5578,1,YERLİ,47.6,Numune kabul,H,Kalite onaylı,16578.0588,90,2026,7,30
H00005,320.01.0004,IRS26704767,2026-07-30,2000,2,80.6342,1,YERLİ,47.6,Numune kabul,E,,3387.9916,30,2026,7,31
H00008,320.01.0013,IRS26704770,2026-07-25,5000,5,95.2973,1,YERLİ,47.6,Sevk irsaliyesi,E,,10010.2206,0,2026,7,30
D00001,320.01.0005,IRS26704777,2026-07-27,5000,5000,51.5971,1,YERLİ,47.6,Mal kabul,E,,5419.8634,60,2026,7,31
