INCKEYNO,TAKIP_ID,ISEMRINO,STOK_KODU,STOK_ADI,BASLANGICTARIH,BITISTARIHSAAT,SURE,ACIKLAMA,ARIZA_ADI,DEVAM_EDIYOR
4000001,900002,IE25900002,M00002,TEPSI 325-125 MAT LAK 3 PARÇA,2025-11-12 17:50:36,2025-11-12 18:50:30,59.9,Yedek parça bekleniyor,Kalıp Değişimi,0
4000002,900004,IE25900004,M00016,YUVARLAK-SIVAMA KUTU Ø068 HAM TENEKE 2 PARÇA,2025-07-26 12:32:34,2025-07-26 13:12:28,39.9,Operatör müdahalesi,Elektrik Arızası,0
4000003,900005,IE25900005,M00016,YUVARLAK-SIVAMA KUTU Ø068 HAM TENEKE 2 PARÇA,2025-07-27 22:49:02,2025-07-28 00:12:50,83.8,Operatör müdahalesi,Kalıp Değişimi,0
4000004,900006,IE25900006,M00016,YUVARLAK-SIVAMA KUTU Ø068 HAM TENEKE 2 PARÇA,2025-07-28 09:10:46,2025-07-28 10:16:58,66.2,Kalıp söküldü,Vardiya Devri,0
4000005,900007,IE25900007,M00016,YUVARLAK-SIVAMA KUTU Ø068 HAM TENEKE 2 PARÇA,2025-07-29 13:06:26,2025-07-29 13:22:38,16.2,Operatör müdahalesi,Mekanik Arıza,0
4000006,900008,IE26900008,M00001,KAPAK 090-065 HAM TENEKE 2 PARÇA,2026-03-08 11:24:46,2026-03-08 11:30:46,6,,Hidrolik Kaçak,0
4000007,900010,IE26900010,M00001,KAPAK 090-065 HAM TENEKE 2 PARÇA,2026-03-10 11:54:31,2026-03-10 12:06:55,12.4,Operatör müdahalesi,Personel Yetersizliği,0
4000008,900015,IE26900015,M00097,YUVARLAK KUTU Ø050 MAT LAK 2 PARÇA,2026-01-18 17:03:23,2026-01-18 18:15:17,71.9,Yedek parça bekleniyor,Kalite Duruşu,0
4000009,900017,IE26900017,M00097,YUVARLAK KUTU Ø050 MAT LAK 2 PARÇA,2026-01-20 19:51:41,2026-01-20 19:58:23,6.7,Yedek parça bekleniyor,Ayar / Numune Onayı,0
4000010,900019,IE25900019,M00022,SEKIZGEN KUTU 135-145 VERNIKLI 2 PARÇA,2025-10-19 07:56:52,2025-10-19 08:22:58,26.1,Bakım çağrıldı,Hidrolik Kaçak,0
4000011,900020,IE25900020,M00022,SEKIZGEN KUTU 135-145 VERNIKLI 2 PARÇA,2025-10-20 18:52:33,2025-10-20 20:11:45,79.2,Kalıp söküldü,Malzeme Bekleme,0
4000012,900021,IE25900021,M00022,SEKIZGEN KUTU 135-145 VERNIKLI 2 PARÇA,2025-10-21 14:39:36,2025-10-21 15:40:18,60.7,Yedek parça bekleniyor,Hidrolik Kaçak,0
4000013,900024,IE26900024,M00001,KAPAK 090-065 HAM TENEKE 2 PARÇA,2026-06-20 19:35:18,2026-06-20 20:06:06,30.8,Yedek parça bekleniyor,Vardiya Devri,0
4000014,900025,IE26900025,M00001,KAPAK 090-065 HAM TENEKE 2 PARÇA,2026-06-21 15:20:16,2026-06-21 15:43:34,23.3,Bakım çağrıldı,Malzeme Bekleme,0
4000015,900027,IE26900027,M00013,KOSELI SIVAMA KUTU 210-080 LITOGRAFI 3 PARÇA,2026-05-26 19:57:03,2026-05-26 20:12:09,15.1,,Kalıp Değişimi,0
4000016,900028,IE26900028,M00013,KOSELI SIVAMA KUTU 210-080 LITOGRAFI 3 PARÇA,2026-05-27 09:58:55,2026-05-27 10:33:31,34.6,Operatör müdahalesi,Kalıp Değişimi,0
4000017,900032,IE26900032,M00172,SEKIZGEN KUTU 135-145 VERNIKLI 3 PARÇA,2026-04-16 22:12:25,2026-04-16 22:23:49,11.4,Yedek parça bekleniyor,Mekanik Arıza,0
4000018,900034,IE26900034,M00309,YUVARLAK KUTU Y120-105 HAM TENEKE 3 PARÇA,2026-01-01 07:53:42,2026-01-01 08:28:06,34.4,Yedek parça bekleniyor,Personel Yetersizliği,0
4000019,900035,IE26900035,M00309,YUVARLAK KUTU Y120-105 HAM TENEKE 3 PARÇA,2026-01-02 21:07:06,2026-01-02 21:13:00,5.9,Operatör müdahalesi,Planlı Bakım,0
4000020,900036,IE26900036,M00309,YUVARLAK KUTU Y120-105 HAM TENEKE 3 PARÇA,2026-01-03 19:17:17,2026-01-03 19:33:29,16.2,Bakım çağrıldı,Vardiya Devri,0
4000021,900042,IE26900042,M00291,YUVARLAK KUTU 245-175 MAT LAK 3 PARÇA,2026-06-21 14:52:04,2026-06-21 15:52:46,60.7,Operatör müdahalesi,Sac Sıkışması,0
4000022,900043,IE26900043,M00291,YUVARLAK KUTU 245-175 MAT LAK 3 PARÇA,2026-06-22 12:45:21,2026-06-22 13:20:03,34.7,Kalıp söküldü,Vardiya Devri,0
4000023,900045,IE26900045,M00003,YUVARLAK KUTU 120-105 HAM TENEKE 2 PARÇA,2026-01-16 18:38:46,2026-01-16 18:55:40,16.9,Kalıp söküldü,Ayar / Numune Onayı,0
4000024,900046,IE26900046,M00003,YUVARLAK KUTU 120-105 HAM TENEKE 2 PARÇA,2026-01-17 19:34:39,2026-01-17 19:55:33,20.9,Bakım çağrıldı,Hidrolik Kaçak,0
4000025,900048,IE26900048,M00003,YUVARLAK KUTU 120-105 HAM TENEKE 2 PARÇA,2026-01-19 09:13:36,2026-01-19 10:02:12,48.6,Yedek parça bekleniyor,Planlı Bakım,0
4000026,900049,IE26900049,M00004,YUVARLAK KUTU 210-255 MAT LAK 3 PARÇA,2026-07-12 14:02:36,2026-07-12 14:49:00,46.4,Operatör müdahalesi,Malzeme Bekleme,0
4000027,900050,IE26900050,M00004,YUVARLAK KUTU 210-255 MAT LAK 3 PARÇA,2026-07-13 14:31:21,2026-07-13 14:38:51,7.5,,Malzeme Bekleme,0
4000028,900053,IE26900053,M00006,SEKILLI KUTU 175-205 HAM TENEKE 3 PARÇA,2026-04-11 14:03:00,2026-04-11 14:35:06,32.1,Operatör müdahalesi,Malzeme Bekleme,0
4000029,900054,IE26900054,M00006,SEKILLI KUTU 175-205 HAM TENEKE 3 PARÇA,2026-04-12 14:33:10,2026-04-12 15:01:10,28,Kalıp söküldü,Elektrik Arızası,0
4000030,900055,IE26900055,M00006,SEKILLI KUTU 175-205 HAM TENEKE 3 PARÇA,2026-04-13 15:56:19,2026-04-13 16:01:25,5.1,Kalıp söküldü,Planlı Bakım,0
4000031,900056,IE26900056,M00002,TEPSI 325-125 MAT LAK 3 PARÇA,2026-02-15 09:56:21,2026-02-15 11:18:57,82.6,,Mekanik Arıza,0
4000032,900057,IE26900057,M00002,TEPSI 325-125 MAT LAK 3 PARÇA,2026-02-16 15:36:51,2026-02-16 16:12:39,35.8,Operatör müdahalesi,Vardiya Devri,0
4000033,900059,IE26900059,M00002,TEPSI 325-125 MAT LAK 3 PARÇA,2026-02-18 14:42:39,2026-02-18 15:23:09,40.5,Yedek parça bekleniyor,Kalıp Değişimi,0
4000034,900060,IE26900060,M00007,DIKDORTGEN KUTU 185-115 MAT LAK 2 PARÇA,2026-04-13 19:20:59,2026-04-13 19:30:47,9.8,Kalıp söküldü,Kalıp Değişimi,0
4000035,900062,IE26900062,M00007,DIKDORTGEN KUTU 185-115 MAT LAK 2 PARÇA,2026-04-15 20:41:40,2026-04-15 21:52:22,70.7,Bakım çağrıldı,Kalıp Değişimi,0
4000036,900063,IE25900063,M00011,YUVARLAK KUTU 120-105 HAM TENEKE 3 PARÇA,2025-07-13 08:20:04,2025-07-13 08:28:40,8.6,Bakım çağrıldı,Kalıp Değişimi,0
4000037,900065,IE25900065,M00011,YUVARLAK KUTU 120-105 HAM TENEKE 3 PARÇA,2025-07-15 19:31:45,2025-07-15 19:40:51,9.1,Operatör müdahalesi,Hidrolik Kaçak,0
4000038,900066,IE25900066,M00001,KAPAK 090-065 HAM TENEKE 2 PARÇA,2025-07-22 17:38:54,2025-07-22 18:31:30,52.6,Yedek parça bekleniyor,Kalite Duruşu,0
4000039,900068,IE25900068,M00001,KAPAK 090-065 HAM TENEKE 2 PARÇA,2025-07-24 15:34:47,2025-07-24 15:48:05,13.3,,Kalıp Değişimi,0
4000040,900069,IE25900069,M00001,KAPAK 090-065 HAM TENEKE 2 PARÇA,2025-07-25 17:36:35,2025-07-25 19:06:17,89.7,Kalıp söküldü,Kalıp Değişimi,0
4000041,900071,IE26900071,M00023,YUVARLAK KUTU 078-095 LITOGRAFI 2 PARÇA,2026-06-18 11:28:50,2026-06-18 12:04:56,36.1,Operatör müdahalesi,Sac Sıkışması,0
4000042,900072,IE26900072,M00023,YUVARLAK KUTU 078-095 LITOGRAFI 2 PARÇA,2026-06-19 16:42:34,2026-06-19 16:49:58,7.4,Bakım çağrıldı,Kalıp Değişimi,0
4000043,900073,IE26900073,M00003,YUVARLAK KUTU 120-105 HAM TENEKE 2 PARÇA,2026-01-03 16:40:22,2026-01-03 16:59:22,19,Bakım çağrıldı,Sac Sıkışması,0
4000044,900074,IE26900074,M00003,YUVARLAK KUTU 120-105 HAM TENEKE 2 PARÇA,2026-01-04 13:48:57,2026-01-04 14:14:27,25.5,Kalıp söküldü,Kalıp Değişimi,0
4000045,900076,IE26900076,M00002,TEPSI 325-125 MAT LAK 3 PARÇA,2026-06-18 20:21:29,2026-06-18 20:48:59,27.5,,Mekanik Arıza,0
4000046,900077,IE26900077,M00002,TEPSI 325-125 MAT LAK 3 PARÇA,2026-06-19 14:28:00,2026-06-19 14:35:36,7.6,,Kalıp Değişimi,0
4000047,900083,IE25900083,M00002,TEPSI 325-125 MAT LAK 3 PARÇA,2025-11-29 09:54:07,2025-11-29 10:09:01,14.9,Bakım çağrıldı,Mekanik Arıza,0
4000048,900086,IE25900086,M00012,YUVARLAK KUTU 205-050 LITOGRAFI 2 PARÇA,2025-12-04 06:45:24,2025-12-04 07:06:36,21.2,Kalıp söküldü,Planlı Bakım,0
4000049,900087,IE25900087,M00012,YUVARLAK KUTU 205-050 LITOGRAFI 2 PARÇA,2025-12-05 21:25:55,2025-12-05 21:58:07,32.2,,Malzeme Bekleme,0
4000050,900089,IE25900089,M00012,YUVARLAK KUTU 205-050 LITOGRAFI 2 PARÇA,2025-12-07 18:04:29,2025-12-07 18:55:35,51.1,Bakım çağrıldı,Sac Sıkışması,0
4000051,900094,IE25900094,M00001,KAPAK 090-065 HAM TENEKE 2 PARÇA,2025-08-17 10:50:56,2025-08-17 11:15:38,24.7,,Mekanik Arıza,0
4000052,900095,IE25900095,M00001,KAPAK 090-065 HAM TENEKE 2 PARÇA,2025-08-18 18:02:28,2025-08-18 18:19:04,16.6,Kalıp söküldü,Kalıp Değişimi,0
4000053,900096,IE25900096,M00001,KAPAK 090-065 HAM TENEKE 2 PARÇA,2025-08-19 15:19:34,2025-08-19 15:57:52,38.3,,Mekanik Arıza,0
4000054,900097,IE25900097,M00003,YUVARLAK KUTU 120-105 HAM TENEKE 2 PARÇA,2025-08-14 14:09:26,2025-08-14 14:45:14,35.8,,Mekanik Arıza,0
4000055,900100,IE25900100,M00003,YUVARLAK KUTU 120-105 HAM TENEKE 2 PARÇA,2025-08-17 12:14:04,2025-08-17 12:33:58,19.9,Operatör müdahalesi,Personel Yetersizliği,0
4000056,900102,IE25900102,M00002,TEPSI 325-125 MAT LAK 3 PARÇA,2025-10-23 17:44:00,2025-10-23 18:08:06,24.1,Kalıp söküldü,Kalıp Değişimi,0
4000057,900103,IE25900103,M00002,TEPSI 325-125 MAT LAK 3 PARÇA,2025-10-24 17:19:27,2025-10-24 17:27:45,8.3,Bakım çağrıldı,Ayar / Numune Onayı,0
4000058,900106,IE25900106,M00023,YUVARLAK KUTU 078-095 LITOGRAFI 2 PARÇA,2025-06-30 11:41:44,2025-06-30 12:21:50,40.1,,Elektrik Arızası,0
4000059,900107,IE25900107,M00023,YUVARLAK KUTU 078-095 LITOGRAFI 2 PARÇA,2025-07-01 17:54:51,2025-07-01 18:15:27,20.6,Operatör müdahalesi,Kalıp Değişimi,0
4000060,900108,IE26900108,M00006,SEKILLI KUTU 175-205 HAM TENEKE 3 PARÇA,2026-01-05 08:30:12,2026-01-05 09:05:48,35.6,Yedek parça bekleniyor,Planlı Bakım,0
4000061,900109,IE26900109,M00006,SEKILLI KUTU 175-205 HAM TENEKE 3 PARÇA,2026-01-06 10:38:38,2026-01-06 10:47:38,9,Kalıp söküldü,Kalıp Değişimi,0
4000062,900110,IE26900110,M00006,SEKILLI KUTU 175-205 HAM TENEKE 3 PARÇA,2026-01-07 07:06:04,2026-01-07 08:22:40,76.6,Kalıp söküldü,Elektrik Arızası,0
4000063,900111,IE26900111,M00006,SEKILLI KUTU 175-205 HAM TENEKE 3 PARÇA,2026-01-08 08:00:48,2026-01-08 09:00:30,59.7,Bakım çağrıldı,Ayar / Numune Onayı,0
4000064,900112,IE26900112,M00005,DIKDORTGEN KUTU 145-095 MAT LAK 2 PARÇA,2026-04-20 15:24:58,2026-04-20 16:07:46,42.8,,Malzeme Bekleme,0
4000065,900113,IE26900113,M00005,DIKDORTGEN KUTU 145-095 MAT LAK 2 PARÇA,2026-04-21 11:26:01,2026-04-21 12:15:13,49.2,Operatör müdahalesi,Hidrolik Kaçak,0
4000066,900115,IE25900115,M00032,TEPSI Ø068 VERNIKLI 3 PARÇA,2025-11-16 21:34:34,2025-11-16 21:48:58,14.4,Bakım çağrıldı,Kalite Duruşu,0
4000067,900117,IE25900117,M00032,TEPSI Ø068 VERNIKLI 3 PARÇA,2025-11-18 08:10:49,2025-11-18 08:34:37,23.8,Operatör müdahalesi,Kalıp Değişimi,0
4000068,900118,IE26900118,M00007,DIKDORTGEN KUTU 185-115 MAT LAK 2 PARÇA,2026-02-21 15:39:23,2026-02-21 15:52:29,13.1,Yedek parça bekleniyor,Elektrik Arızası,0
4000069,900119,IE26900119,M00007,DIKDORTGEN KUTU 185-115 MAT LAK 2 PARÇA,2026-02-22 09:23:44,2026-02-22 10:04:26,40.7,Kalıp söküldü,Planlı Bakım,0
4000070,900120,IE26900120,M00007,DIKDORTGEN KUTU 185-115 MAT LAK 2 PARÇA,2026-02-23 19:28:48,2026-02-23 20:30:42,61.9,Bakım çağrıldı,Malzeme Bekleme,0
4000071,900122,IE25900122,M00001,KAPAK 090-065 HAM TENEKE 2 PARÇA,2025-07-31 19:06:40,2025-07-31 19:24:52,18.2,,Vardiya Devri,0
4000072,900123,IE25900123,M00001,KAPAK 090-065 HAM TENEKE 2 PARÇA,2025-08-01 10:08:04,2025-08-01 12:22:04,134,Kalıp söküldü,Ayar / Numune Onayı,0
4000073,900124,IE26900124,M00263,DIKDORTGEN KUTU 185-115 LITOGRAFI 2 PARÇA,2026-01-12 07:42:05,2026-01-12 09:19:17,97.2,Bakım çağrıldı,Kalıp Değişimi,0
4000074,900125,IE26900125,M00263,DIKDORTGEN KUTU 185-115 LITOGRAFI 2 PARÇA,2026-01-13 12:46:47,2026-01-13 14:51:29,124.7,Bakım çağrıldı,Elektrik Arızası,0
4000075,900127,IE25900127,M00006,SEKILLI KUTU 175-205 HAM TENEKE 3 PARÇA,2025-09-27 16:50:13,2025-09-27 17:19:25,29.2,,Kalıp Değişimi,0
4000076,900128,IE25900128,M00006,SEKILLI KUTU 175-205 HAM TENEKE 3 PARÇA,2025-09-28 19:35:36,2025-09-28 20:48:18,72.7,Yedek parça bekleniyor,Mekanik Arıza,0
4000077,900129,IE25900129,M00006,SEKILLI KUTU 175-205 HAM TENEKE 3 PARÇA,2025-09-29 20:12:30,2025-09-29 21:46:42,94.2,Yedek parça bekleniyor,Personel Yetersizliği,0
4000078,900130,IE25900130,M00006,SEKILLI KUTU 175-205 HAM TENEKE 3 PARÇA,2025-09-30 16:44:15,2025-09-30 17:10:45,26.5,Kalıp söküldü,Kalite Duruşu,0
4000079,900131,IE25900131,M00001,KAPAK 090-065 HAM TENEKE 2 PARÇA,2025-07-05 15:43:51,2025-07-05 16:03:09,19.3,Bakım çağrıldı,Malzeme Bekleme,0
4000080,900132,IE25900132,M00001,KAPAK 090-065 HAM TENEKE 2 PARÇA,2025-07-06 09:47:53,2025-07-06 10:00:23,12.5,Kalıp söküldü,Kalite Duruşu,0
4000081,900133,IE25900133,M00001,KAPAK 090-065 HAM TENEKE 2 PARÇA,2025-07-07 13:33:04,2025-07-07 13:59:28,26.4,,Kalıp Değişimi,0
4000082,900135,IE25900135,M00007,DIKDORTGEN KUTU 185-115 MAT LAK 2 PARÇA,2025-07-23 12:09:29,2025-07-23 12:37:35,28.1,Operatör müdahalesi,Malzeme Bekleme,0
4000083,900136,IE25900136,M00007,DIKDORTGEN KUTU 185-115 MAT LAK 2 PARÇA,2025-07-24 13:05:50,2025-07-24 13:46:32,40.7,Bakım çağrıldı,Kalıp Değişimi,0
4000084,900137,IE25900137,M00007,DIKDORTGEN KUTU 185-115 MAT LAK 2 PARÇA,2025-07-25 16:07:03,2025-07-25 16:30:51,23.8,Bakım çağrıldı,Kalite Duruşu,0
4000085,900139,IE26900139,M00001,KAPAK 090-065 HAM TENEKE 2 PARÇA,2026-04-21 13:31:19,2026-04-21 13:43:25,12.1,Yedek parça bekleniyor,Kalite Duruşu,0
4000086,900141,IE26900141,M00109,DIKDORTGEN KUTU 145-095 HAM TENEKE 3 PARÇA,2026-02-17 23:04:29,2026-02-17 23:27:41,23.2,Bakım çağrıldı,Enerji Kesintisi,0
4000087,900142,IE26900142,M00109,DIKDORTGEN KUTU 145-095 HAM TENEKE 3 PARÇA,2026-02-18 09:31:07,2026-02-18 10:49:31,78.4,,Kalıp Değişimi,0
4000088,900143,IE26900143,M00109,DIKDORTGEN KUTU 145-095 HAM TENEKE 3 PARÇA,2026-02-19 09:57:29,2026-02-19 11:51:05,113.6,Bakım çağrıldı,Elektrik Arızası,0
4000089,900144,IE25900144,M00001,KAPAK 090-065 HAM TENEKE 2 PARÇA,2025-11-12 09:16:21,2025-11-12 09:55:39,39.3,Yedek parça bekleniyor,Malzeme Bekleme,0
4000090,900145,IE25900145,M00001,KAPAK 090-065 HAM TENEKE 2 PARÇA,2025-11-13 18:51:53,2025-11-13 19:29:23,37.5,Yedek parça bekleniyor,Kalite Duruşu,0
4000091,900146,IE25900146,M00001,KAPAK 090-065 HAM TENEKE 2 PARÇA,2025-11-14 09:14:50,2025-11-14 09:42:32,27.7,Yedek parça bekleniyor,Ayar / Numune Onayı,0
4000092,900148,IE26900148,M00008,YUVARLAK KUTU 210-255 HAM TENEKE 3 PARÇA,2026-03-10 19:13:56,2026-03-10 20:59:26,105.5,,Malzeme Bekleme,0
4000093,900149,IE26900149,M00008,YUVARLAK KUTU 210-255 HAM TENEKE 3 PARÇA,2026-03-11 17:31:47,2026-03-11 18:49:05,77.3,Yedek parça bekleniyor,Planlı Bakım,0
4000094,900150,IE26900150,M00008,YUVARLAK KUTU 210-255 HAM TENEKE 3 PARÇA,2026-03-12 14:29:47,2026-03-12 15:15:29,45.7,Kalıp söküldü,Elektrik Arızası,0
4000095,900152,IE26900152,M00001,KAPAK 090-065 HAM TENEKE 2 PARÇA,2026-01-10 11:57:50,2026-01-10 12:08:08,10.3,Kalıp söküldü,Ayar / Numune Onayı,0
4000096,900154,IE26900154,M00001,KAPAK 090-065 HAM TENEKE 2 PARÇA,2026-01-12 08:54:49,2026-01-12 09:13:55,19.1,Bakım çağrıldı,Kalıp Değişimi,0
4000097,900155,IE25900155,M00024,TEPSI 325-125 MAT LAK 3 PARÇA,2025-12-20 15:31:07,2025-12-20 16:31:19,60.2,Yedek parça bekleniyor,Mekanik Arıza,0
4000098,900157,IE25900157,M00024,TEPSI 325-125 MAT LAK 3 PARÇA,2025-12-22 19:40:01,2025-12-22 20:15:25,35.4,Bakım çağrıldı,Hidrolik Kaçak,0
4000099,900158,IE25900158,M00024,TEPSI 325-125 MAT LAK 3 PARÇA,2025-12-23 21:11:24,2025-12-23 21:48:42,37.3,,Ayar / Numune Onayı,0
4000100,900159,IE26900159,M00158,YUVARLAK KUTU 245-175 LITOGRAFI 2 PARÇA,2026-05-26 13:36:04,2026-05-26 14:12:22,36.3,Operatör müdahalesi,Kalıp Değişimi,0
4000101,900160,IE26900160,M00158,YUVARLAK KUTU 245-175 LITOGRAFI 2 PARÇA,2026-05-27 14:51:51,2026-05-27 16:25:39,93.8,Kalıp söküldü,Kalıp Değişimi,0
4000102,900161,IE26900161,M00158,YUVARLAK KUTU 245-175 LITOGRAFI 2 PARÇA,2026-05-28 14:42:22,2026-05-28 15:35:28,53.1,Operatör müdahalesi,Personel Yetersizliği,0
4000103,900165,IE25900165,M00008,YUVARLAK KUTU 210-255 HAM TENEKE 3 PARÇA,2025-08-09 16:11:08,2025-08-09 16:20:56,9.8,Bakım çağrıldı,Hidrolik Kaçak,0
4000104,900166,IE25900166,M00008,YUVARLAK KUTU 210-255 HAM TENEKE 3 PARÇA,2025-08-10 16:15:37,2025-08-10 16:39:31,23.9,Operatör müdahalesi,Elektrik Arızası,0
4000105,900167,IE25900167,M00008,YUVARLAK KUTU 210-255 HAM TENEKE 3 PARÇA,2025-08-11 10:07:26,2025-08-11 10:52:44,45.3,,Sac Sıkışması,0
4000106,900168,IE25900168,M00103,DIKDORTGEN KUTU 185-115 VERNIKLI 2 PARÇA,2025-10-15 15:17:25,2025-10-15 15:41:07,23.7,Bakım çağrıldı,Mekanik Arıza,0
4000107,900169,IE25900169,M00103,DIKDORTGEN KUTU 185-115 VERNIKLI 2 PARÇA,2025-10-16 14:18:17,2025-10-16 14:44:29,26.2,Kalıp söküldü,Kalıp Değişimi,0
4000108,900173,IE25900173,M00135,YUVARLAK KUTU 120-105 VERNIKLI 2 PARÇA,2025-07-17 13:19:38,2025-07-17 13:57:56,38.3,Kalıp söküldü,Sac Sıkışması,0
4000109,900174,IE25900174,M00135,YUVARLAK KUTU 120-105 VERNIKLI 2 PARÇA,2025-07-18 08:07:18,2025-07-18 08:20:18,13,Yedek parça bekleniyor,Hidrolik Kaçak,0
4000110,900175,IE25900175,M00135,YUVARLAK KUTU 120-105 VERNIKLI 2 PARÇA,2025-07-19 15:41:28,2025-07-19 15:53:52,12.4,Bakım çağrıldı,Ayar / Numune Onayı,0
4000111,900176,IE26900176,M00013,KOSELI SIVAMA KUTU 210-080 LITOGRAFI 3 PARÇA,2026-01-23 21:39:50,2026-01-23 22:44:14,64.4,Bakım çağrıldı,Kalıp Değişimi,0
4000112,900177,IE26900177,M00013,KOSELI SIVAMA KUTU 210-080 LITOGRAFI 3 PARÇA,2026-01-24 11:53:49,2026-01-24 12:14:49,21,Yedek parça bekleniyor,Hidrolik Kaçak,0
4000113,900178,IE26900178,M00013,KOSELI SIVAMA KUTU 210-080 LITOGRAFI 3 PARÇA,2026-01-25 20:10:50,2026-01-25 20:21:08,10.3,,Ayar / Numune Onayı,0
4000114,900181,IE26900181,M00146,TEPSI 325-125 HAM TENEKE 3 PARÇA,2026-06-24 18:31:13,2026-06-24 18:44:55,13.7,,Planlı Bakım,0
4000115,900182,IE25900182,M00001,KAPAK 090-065 HAM TENEKE 2 PARÇA,2025-10-01 11:33:13,2025-10-01 11:55:55,22.7,Operatör müdahalesi,Kalıp Değişimi,0
4000116,900184,IE25900184,M00001,KAPAK 090-065 HAM TENEKE 2 PARÇA,2025-10-03 11:11:25,2025-10-03 12:05:43,54.3,Operatör müdahalesi,Kalıp Değişimi,0
4000117,900185,IE26900185,M00023,YUVARLAK KUTU 078-095 LITOGRAFI 2 PARÇA,2026-01-22 15:00:31,2026-01-22 15:23:31,23,Kalıp söküldü,Mekanik Arıza,0
4000118,900188,IE26900188,M00023,YUVARLAK KUTU 078-095 LITOGRAFI 2 PARÇA,2026-01-25 19:01:55,2026-01-25 19:19:07,17.2,Bakım çağrıldı,Kalıp Değişimi,0
4000119,900191,IE26900191,M00052,YUVARLAK KUTU 135-145 LITOGRAFI 2 PARÇA,2026-01-17 15:13:32,2026-01-17 15:55:50,42.3,,Vardiya Devri,0
4000120,900192,IE25900192,M00001,KAPAK 090-065 HAM TENEKE 2 PARÇA,2025-08-19 19:16:07,2025-08-19 19:29:49,13.7,Yedek parça bekleniyor,Ayar / Numune Onayı,0
4000121,900193,IE25900193,M00001,KAPAK 090-065 HAM TENEKE 2 PARÇA,2025-08-20 18:22:27,2025-08-20 19:15:21,52.9,Kalıp söküldü,Kalıp Değişimi,0
4000122,900194,IE25900194,M00001,KAPAK 090-065 HAM TENEKE 2 PARÇA,2025-08-21 12:16:58,2025-08-21 13:26:16,69.3,Yedek parça bekleniyor,Ayar / Numune Onayı,0
4000123,900198,IE26900198,M00001,KAPAK 090-065 HAM TENEKE 2 PARÇA,2026-05-11 22:38:33,2026-05-11 23:16:39,38.1,Yedek parça bekleniyor,Mekanik Arıza,0
4000124,900199,IE26900199,M00001,KAPAK 090-065 HAM TENEKE 2 PARÇA,2026-05-12 09:42:54,2026-05-12 10:06:06,23.2,Operatör müdahalesi,Kalıp Değişimi,0
4000125,900200,IE26900200,M00001,KAPAK 090-065 HAM TENEKE 2 PARÇA,2026-05-13 07:44:12,2026-05-13 08:09:06,24.9,Operatör müdahalesi,Personel Yetersizliği,0
4000126,900201,IE26900201,M00001,KAPAK 090-065 HAM TENEKE 2 PARÇA,2026-05-14 07:03:37,2026-05-14 07:14:01,10.4,Kalıp söküldü,Kalite Duruşu,0
4000127,900202,IE26900202,M00001,KAPAK 090-065 HAM TENEKE 2 PARÇA,2026-07-01 16:48:37,2026-07-01 17:51:49,63.2,Operatör müdahalesi,Elektrik Arızası,0
4000128,900203,IE26900203,M00001,KAPAK 090-065 HAM TENEKE 2 PARÇA,2026-07-02 18:29:27,2026-07-02 19:31:03,61.6,Yedek parça bekleniyor,Kalite Duruşu,0
4000129,900204,IE26900204,M00001,KAPAK 090-065 HAM TENEKE 2 PARÇA,2026-07-03 11:57:21,2026-07-03 12:28:21,31,Operatör müdahalesi,Kalıp Değişimi,0
4000130,900205,IE26900205,M00001,KAPAK 090-065 HAM TENEKE 2 PARÇA,2026-07-04 21:39:38,2026-07-04 23:32:08,112.5,Bakım çağrıldı,Malzeme Bekleme,0
4000131,900207,IE25900207,M00031,YUVARLAK KUTU 145-095 MAT LAK 2 PARÇA,2025-11-14 11:29:37,2025-11-14 11:52:43,23.1,Bakım çağrıldı,Kalıp Değişimi,0
4000132,900208,IE25900208,M00031,YUVARLAK KUTU 145-095 MAT LAK 2 PARÇA,2025-11-15 20:10:11,2025-11-15 20:43:53,33.7,Bakım çağrıldı,Kalıp Değişimi,0
4000133,900211,IE26900211,M00012,YUVARLAK KUTU 205-050 LITOGRAFI 2 PARÇA,2026-04-22 17:44:52,2026-04-22 19:30:58,106.1,Bakım çağrıldı,Kalite Duruşu,0
4000134,900212,IE26900212,M00012,YUVARLAK KUTU 205-050 LITOGRAFI 2 PARÇA,2026-04-23 22:06:46,2026-04-23 23:17:52,71.1,Yedek parça bekleniyor,Planlı Bakım,0
4000135,900213,IE25900213,M00004,YUVARLAK KUTU 210-255 MAT LAK 3 PARÇA,2025-08-11 09:57:25,2025-08-11 11:04:13,66.8,Bakım çağrıldı,Ayar / Numune Onayı,0
4000136,900214,IE25900214,M00004,YUVARLAK KUTU 210-255 MAT LAK 3 PARÇA,2025-08-12 14:38:07,2025-08-12 15:00:07,22,Operatör müdahalesi,Ayar / Numune Onayı,0
4000137,900215,IE25900215,M00004,YUVARLAK KUTU 210-255 MAT LAK 3 PARÇA,2025-08-13 13:20:10,2025-08-13 13:45:34,25.4,Kalıp söküldü,Kalite Duruşu,0
4000138,900216,IE26900216,M00002,TEPSI 325-125 MAT LAK 3 PARÇA,2026-01-26 12:36:32,2026-01-26 12:50:20,13.8,Operatör müdahalesi,Mekanik Arıza,0
4000139,900218,IE26900218,M00002,TEPSI 325-125 MAT LAK 3 PARÇA,2026-01-28 09:06:15,2026-01-28 09:57:21,51.1,Bakım çağrıldı,Hidrolik Kaçak,0
4000140,900219,IE26900219,M00001,KAPAK 090-065 HAM TENEKE 2 PARÇA,2026-04-21 22:25:48,2026-04-21 23:13:12,47.4,Yedek parça bekleniyor,Elektrik Arızası,0
4000141,900221,IE26900221,M00001,KAPAK 090-065 HAM TENEKE 2 PARÇA,2026-04-23 21:21:24,2026-04-23 21:53:00,31.6,Yedek parça bekleniyor,Ayar / Numune Onayı,0
4000142,900222,IE25900222,M00003,YUVARLAK KUTU 120-105 HAM TENEKE 2 PARÇA,2025-08-12 19:20:18,2025-08-12 20:05:24,45.1,Kalıp söküldü,Sac Sıkışması,0
4000143,900223,IE25900223,M00003,YUVARLAK KUTU 120-105 HAM TENEKE 2 PARÇA,2025-08-13 15:09:27,2025-08-13 15:16:15,6.8,Yedek parça bekleniyor,Planlı Bakım,0
4000144,900232,IE25900232,M00004,YUVARLAK KUTU 210-255 MAT LAK 3 PARÇA,2025-12-21 21:26:12,2025-12-21 22:27:36,61.4,Kalıp söküldü,Malzeme Bekleme,0
4000145,900234,IE25900234,M00006,SEKILLI KUTU 175-205 HAM TENEKE 3 PARÇA,2025-11-24 18:38:49,2025-11-24 19:05:37,26.8,,Kalıp Değişimi,0
4000146,900235,IE25900235,M00006,SEKILLI KUTU 175-205 HAM TENEKE 3 PARÇA,2025-11-25 11:37:13,2025-11-25 12:12:49,35.6,Operatör müdahalesi,Kalıp Değişimi,0
4000147,900236,IE25900236,M00006,SEKILLI KUTU 175-205 HAM TENEKE 3 PARÇA,2025-11-26 10:12:12,2025-11-26 10:30:18,18.1,,Elektrik Arızası,0
4000148,900237,IE26900237,M00013,KOSELI SIVAMA KUTU 210-080 LITOGRAFI 3 PARÇA,2026-06-08 17:09:15,2026-06-08 17:49:39,40.4,Bakım çağrıldı,Vardiya Devri,0
4000149,900240,IE26900240,M00013,KOSELI SIVAMA KUTU 210-080 LITOGRAFI 3 PARÇA,2026-06-11 07:08:50,2026-06-11 07:42:44,33.9,Bakım çağrıldı,Elektrik Arızası,0
4000150,900241,IE26900241,M00006,SEKILLI KUTU 175-205 HAM TENEKE 3 PARÇA,2026-06-12 16:16:03,2026-06-12 16:50:15,34.2,Kalıp söküldü,Kalıp Değişimi,0
4000151,900243,IE26900243,M00006,SEKILLI KUTU 175-205 HAM TENEKE 3 PARÇA,2026-06-14 22:14:46,2026-06-14 23:46:40,91.9,Bakım çağrıldı,Ayar / Numune Onayı,0
4000152,900244,IE25900244,M00008,YUVARLAK KUTU 210-255 HAM TENEKE 3 PARÇA,2025-07-07 21:07:23,2025-07-07 21:50:59,43.6,Operatör müdahalesi,Kalıp Değişimi,0
4000153,900246,IE25900246,M00008,YUVARLAK KUTU 210-255 HAM TENEKE 3 PARÇA,2025-07-09 13:14:25,2025-07-09 13:36:25,22,Kalıp söküldü,Personel Yetersizliği,0
4000154,900247,IE25900247,M00008,YUVARLAK KUTU 210-255 HAM TENEKE 3 PARÇA,2025-07-10 12:21:02,2025-07-10 12:32:26,11.4,Yedek parça bekleniyor,Ayar / Numune Onayı,0
4000155,900248,IE26900248,M00049,YUVARLAK-SIVAMA KUTU 295-165 HAM TENEKE 2 PARÇA,2026-07-15 21:45:31,2026-07-15 22:21:25,35.9,Yedek parça bekleniyor,Kalıp Değişimi,0
4000156,900249,IE26900249,M00049,YUVARLAK-SIVAMA KUTU 295-165 HAM TENEKE 2 PARÇA,2026-07-16 21:00:49,2026-07-16 21:51:19,50.5,,Vardiya Devri,0
4000157,900250,IE26900250,M00049,YUVARLAK-SIVAMA KUTU 295-165 HAM TENEKE 2 PARÇA,2026-07-17 10:11:21,2026-07-17 11:06:15,54.9,Bakım çağrıldı,Hidrolik Kaçak,0
4000158,900252,IE26900252,M00010,YUVARLAK KUTU 255-205 MAT LAK 3 PARÇA,2026-01-06 22:41:51,2026-01-06 23:44:33,62.7,Yedek parça bekleniyor,Kalıp Değişimi,0
4000159,900253,IE26900253,M00010,YUVARLAK KUTU 255-205 MAT LAK 3 PARÇA,2026-01-07 11:07:10,2026-01-07 11:32:40,25.5,Kalıp söküldü,Kalıp Değişimi,0
4000160,900254,IE26900254,M00010,YUVARLAK KUTU 255-205 MAT LAK 3 PARÇA,2026-01-08 17:24:18,2026-01-08 17:51:06,26.8,Yedek parça bekleniyor,Vardiya Devri,0
4000161,900255,IE26900255,M00010,YUVARLAK KUTU 255-205 MAT LAK 3 PARÇA,2026-01-09 21:47:34,2026-01-09 21:57:34,10,Yedek parça bekleniyor,Personel Yetersizliği,0
4000162,900256,IE25900256,M00045,YUVARLAK KUTU Ø092 HAM TENEKE 3 PARÇA,2025-06-25 16:59:10,2025-06-25 18:27:10,88,Operatör müdahalesi,Mekanik Arıza,0
4000163,900258,IE25900258,M00045,YUVARLAK KUTU Ø092 HAM TENEKE 3 PARÇA,2025-06-27 08:40:04,2025-06-27 09:40:28,60.4,Kalıp söküldü,Mekanik Arıza,0
4000164,900259,IE25900259,M00045,YUVARLAK KUTU Ø092 HAM TENEKE 3 PARÇA,2025-06-28 08:24:52,2025-06-28 08:47:10,22.3,Bakım çağrıldı,Hidrolik Kaçak,0
4000165,900261,IE25900261,M00021,KAPAK 090-065 MAT LAK 3 PARÇA,2025-11-01 12:53:23,2025-11-01 13:28:29,35.1,Kalıp söküldü,Ayar / Numune Onayı,0
4000166,900262,IE25900262,M00021,KAPAK 090-065 MAT LAK 3 PARÇA,2025-11-02 15:36:34,2025-11-02 16:04:22,27.8,Bakım çağrıldı,Kalıp Değişimi,0
4000167,900263,IE25900263,M00021,KAPAK 090-065 MAT LAK 3 PARÇA,2025-11-03 17:26:30,2025-11-03 17:34:36,8.1,Bakım çağrıldı,Hidrolik Kaçak,0
4000168,900267,IE25900267,M00009,YUVARLAK KUTU 245-175 VERNIKLI 3 PARÇA,2025-11-28 11:16:46,2025-11-28 12:00:28,43.7,Bakım çağrıldı,Kalıp Değişimi,0
4000169,900268,IE25900268,M00048,YUVARLAK KUTU 295-165 VERNIKLI 3 PARÇA,2025-12-08 08:33:49,2025-12-08 09:17:13,43.4,Bakım çağrıldı,Vardiya Devri,0
4000170,900269,IE25900269,M00048,YUVARLAK KUTU 295-165 VERNIKLI 3 PARÇA,2025-12-09 21:05:43,2025-12-09 21:42:55,37.2,,Kalıp Değişimi,0
4000171,900270,IE25900270,M00048,YUVARLAK KUTU 295-165 VERNIKLI 3 PARÇA,2025-12-10 21:28:49,2025-12-10 21:48:13,19.4,Bakım çağrıldı,Enerji Kesintisi,0
4000172,900272,IE26900272,M00001,KAPAK 090-065 HAM TENEKE 2 PARÇA,2026-03-09 16:42:45,2026-03-09 17:14:03,31.3,Bakım çağrıldı,Elektrik Arızası,0
4000173,900274,IE26900274,M00001,KAPAK 090-065 HAM TENEKE 2 PARÇA,2026-03-11 18:28:16,2026-03-11 19:04:10,35.9,Yedek parça bekleniyor,Kalıp Değişimi,0
4000174,900275,IE26900275,M00001,KAPAK 090-065 HAM TENEKE 2 PARÇA,2026-03-12 08:41:56,2026-03-12 09:14:20,32.4,Yedek parça bekleniyor,Vardiya Devri,0
4000175,900277,IE26900277,M00120,ALTIGEN KUTU 125-085 LITOGRAFI 2 PARÇA,2026-05-11 19:56:26,2026-05-11 20:56:32,60.1,Kalıp söküldü,Kalıp Değişimi,0
4000176,900278,IE26900278,M00120,ALTIGEN KUTU 125-085 LITOGRAFI 2 PARÇA,2026-05-12 19:12:30,2026-05-12 19:36:54,24.4,,Ayar / Numune Onayı,0
4000177,900279,IE25900279,M00002,TEPSI 325-125 MAT LAK 3 PARÇA,2025-07-13 09:24:12,2025-07-13 10:34:12,70,Operatör müdahalesi,Malzeme Bekleme,0
4000178,900280,IE25900280,M00002,TEPSI 325-125 MAT LAK 3 PARÇA,2025-07-14 21:01:22,2025-07-14 21:25:16,23.9,Yedek parça bekleniyor,Planlı Bakım,0
4000179,900281,IE25900281,M00002,TEPSI 325-125 MAT LAK 3 PARÇA,2025-07-15 11:24:43,2025-07-15 12:48:37,83.9,,Sac Sıkışması,0
4000180,900282,IE25900282,M00007,DIKDORTGEN KUTU 185-115 MAT LAK 2 PARÇA,2025-08-20 20:02:27,2025-08-20 20:16:51,14.4,,Kalıp Değişimi,0
4000181,900283,IE25900283,M00007,DIKDORTGEN KUTU 185-115 MAT LAK 2 PARÇA,2025-08-21 21:30:57,2025-08-21 22:29:33,58.6,Yedek parça bekleniyor,Mekanik Arıza,0
4000182,900286,IE26900286,M00004,YUVARLAK KUTU 210-255 MAT LAK 3 PARÇA,2026-03-07 13:22:54,2026-03-07 14:26:30,63.6,Yedek parça bekleniyor,Kalıp Değişimi,0
4000183,900288,IE26900288,M00167,ALTIGEN KUTU 125-085 HAM TENEKE 2 PARÇA,2026-04-03 12:25:50,2026-04-03 13:27:50,62,Operatör müdahalesi,Hidrolik Kaçak,0
4000184,900289,IE26900289,M00167,ALTIGEN KUTU 125-085 HAM TENEKE 2 PARÇA,2026-04-04 13:09:01,2026-04-04 13:39:07,30.1,Kalıp söküldü,Personel Yetersizliği,0
4000185,900290,IE26900290,M00167,ALTIGEN KUTU 125-085 HAM TENEKE 2 PARÇA,2026-04-05 13:08:46,2026-04-05 13:39:52,31.1,,Kalıp Değişimi,0
4000186,900297,IE25900297,M00001,KAPAK 090-065 HAM TENEKE 2 PARÇA,2025-07-11 19:43:00,2025-07-11 20:27:12,44.2,Bakım çağrıldı,Kalıp Değişimi,0
4000187,900298,IE25900298,M00001,KAPAK 090-065 HAM TENEKE 2 PARÇA,2025-07-12 20:16:23,2025-07-12 20:28:41,12.3,Operatör müdahalesi,Kalıp Değişimi,0
4000188,900299,IE26900299,M00003,YUVARLAK KUTU 120-105 HAM TENEKE 2 PARÇA,2026-03-19 19:32:39,2026-03-19 20:10:39,38,,Mekanik Arıza,0
4000189,900300,IE26900300,M00003,YUVARLAK KUTU 120-105 HAM TENEKE 2 PARÇA,2026-03-20 13:33:31,2026-03-20 13:59:25,25.9,Bakım çağrıldı,Sac Sıkışması,0
4000190,900301,IE26900301,M00003,YUVARLAK KUTU 120-105 HAM TENEKE 2 PARÇA,2026-03-21 18:30:13,2026-03-21 19:22:19,52.1,,Kalıp Değişimi,0
4000191,900302,IE26900302,M00003,YUVARLAK KUTU 120-105 HAM TENEKE 2 PARÇA,2026-03-22 19:10:34,2026-03-22 19:36:46,26.2,,Mekanik Arıza,0
4000192,900304,IE25900304,M00008,YUVARLAK KUTU 210-255 HAM TENEKE 3 PARÇA,2025-07-25 09:19:25,2025-07-25 10:38:55,79.5,,Planlı Bakım,0
4000193,900305,IE25900305,M00008,YUVARLAK KUTU 210-255 HAM TENEKE 3 PARÇA,2025-07-26 20:55:48,2025-07-26 22:02:12,66.4,Operatör müdahalesi,Elektrik Arızası,0
4000194,900306,IE25900306,M00008,YUVARLAK KUTU 210-255 HAM TENEKE 3 PARÇA,2025-07-27 19:08:47,2025-07-27 19:39:59,31.2,Kalıp söküldü,Ayar / Numune Onayı,0
4000195,900312,IE26900312,M00008,YUVARLAK KUTU 210-255 HAM TENEKE 3 PARÇA,2026-06-21 15:43:17,2026-06-21 15:56:53,13.6,Operatör müdahalesi,Kalıp Değişimi,0
4000196,900314,IE26900314,M00008,YUVARLAK KUTU 210-255 HAM TENEKE 3 PARÇA,2026-06-23 14:20:41,2026-06-23 14:33:59,13.3,Operatör müdahalesi,Malzeme Bekleme,0
4000197,900315,IE25900315,M00001,KAPAK 090-065 HAM TENEKE 2 PARÇA,2025-12-22 13:16:03,2025-12-22 14:35:21,79.3,Yedek parça bekleniyor,Kalite Duruşu,0
4000198,900316,IE25900316,M00001,KAPAK 090-065 HAM TENEKE 2 PARÇA,2025-12-23 20:34:21,2025-12-23 21:51:33,77.2,Operatör müdahalesi,Mekanik Arıza,0
4000199,900317,IE25900317,M00001,KAPAK 090-065 HAM TENEKE 2 PARÇA,2025-12-24 20:04:18,2025-12-24 20:28:18,24,Yedek parça bekleniyor,Elektrik Arızası,0
4000200,900318,IE26900318,M00011,YUVARLAK KUTU 120-105 HAM TENEKE 3 PARÇA,2026-03-14 12:36:15,2026-03-14 12:52:15,16,,Ayar / Numune Onayı,0
4000201,900320,IE26900320,M00011,YUVARLAK KUTU 120-105 HAM TENEKE 3 PARÇA,2026-03-16 22:03:25,2026-03-16 22:22:55,19.5,,Personel Yetersizliği,0
4000202,900321,IE26900321,M00011,YUVARLAK KUTU 120-105 HAM TENEKE 3 PARÇA,2026-03-17 09:16:40,2026-03-17 10:01:40,45,,Ayar / Numune Onayı,0
4000203,900325,IE26900325,M00001,KAPAK 090-065 HAM TENEKE 2 PARÇA,2026-02-09 19:36:22,2026-02-09 20:20:34,44.2,,Kalıp Değişimi,0
4000204,900326,IE26900326,M00001,KAPAK 090-065 HAM TENEKE 2 PARÇA,2026-02-10 22:08:34,2026-02-10 23:00:22,51.8,Operatör müdahalesi,Kalıp Değişimi,0
4000205,900328,IE25900328,M00004,YUVARLAK KUTU 210-255 MAT LAK 3 PARÇA,2025-07-28 16:33:48,2025-07-28 17:21:12,47.4,Bakım çağrıldı,Personel Yetersizliği,0
4000206,900330,IE25900330,M00004,YUVARLAK KUTU 210-255 MAT LAK 3 PARÇA,2025-07-30 13:15:51,2025-07-30 13:57:15,41.4,,Sac Sıkışması,0
4000207,900331,IE25900331,M00004,YUVARLAK KUTU 210-255 MAT LAK 3 PARÇA,2025-07-31 22:02:42,2025-07-31 23:21:36,78.9,Yedek parça bekleniyor,Malzeme Bekleme,0
4000208,900335,IE26900335,M00004,YUVARLAK KUTU 210-255 MAT LAK 3 PARÇA,2026-01-31 19:18:29,2026-01-31 19:38:23,19.9,Yedek parça bekleniyor,Mekanik Arıza,0
4000209,900336,IE26900336,M00004,YUVARLAK KUTU 210-255 MAT LAK 3 PARÇA,2026-02-01 08:28:45,2026-02-01 08:59:33,30.8,Bakım çağrıldı,Hidrolik Kaçak,0
4000210,900337,IE26900337,M00004,YUVARLAK KUTU 210-255 MAT LAK 3 PARÇA,2026-02-02 15:45:37,2026-02-02 16:09:13,23.6,Operatör müdahalesi,Kalıp Değişimi,0
4000211,900338,IE26900338,M00004,YUVARLAK KUTU 210-255 MAT LAK 3 PARÇA,2026-02-03 22:29:38,2026-02-03 22:55:26,25.8,Kalıp söküldü,Kalıp Değişimi,0
4000212,900341,IE25900341,M00032,TEPSI Ø068 VERNIKLI 3 PARÇA,2025-12-04 21:45:45,2025-12-04 22:15:03,29.3,Operatör müdahalesi,Kalıp Değişimi,0
4000213,900342,IE26900342,M00004,YUVARLAK KUTU 210-255 MAT LAK 3 PARÇA,2026-01-20 13:56:55,2026-01-20 14:06:25,9.5,,Planlı Bakım,0
4000214,900343,IE26900343,M00004,YUVARLAK KUTU 210-255 MAT LAK 3 PARÇA,2026-01-21 17:32:09,2026-01-21 18:11:39,39.5,Yedek parça bekleniyor,Planlı Bakım,0
4000215,900344,IE26900344,M00004,YUVARLAK KUTU 210-255 MAT LAK 3 PARÇA,2026-01-22 12:11:50,2026-01-22 13:17:14,65.4,,Malzeme Bekleme,0
4000216,900345,IE26900345,M00308,KOSELI SIVAMA KUTU 210-080 HAM TENEKE 3 PARÇA,2026-06-20 20:40:25,2026-06-20 21:37:13,56.8,Operatör müdahalesi,Personel Yetersizliği,0
4000217,900346,IE26900346,M00308,KOSELI SIVAMA KUTU 210-080 HAM TENEKE 3 PARÇA,2026-06-21 20:40:15,2026-06-21 21:33:27,53.2,Yedek parça bekleniyor,Sac Sıkışması,0
4000218,900348,IE26900348,M00308,KOSELI SIVAMA KUTU 210-080 HAM TENEKE 3 PARÇA,2026-06-23 19:53:43,2026-06-23 20:29:31,35.8,Operatör müdahalesi,Hidrolik Kaçak,0
4000219,900350,IE26900350,M00010,YUVARLAK KUTU 255-205 MAT LAK 3 PARÇA,2026-06-17 10:44:40,2026-06-17 11:14:34,29.9,Bakım çağrıldı,Ayar / Numune Onayı,0
4000220,900352,IE26900352,M00010,YUVARLAK KUTU 255-205 MAT LAK 3 PARÇA,2026-06-19 17:19:02,2026-06-19 17:59:02,40,Operatör müdahalesi,Personel Yetersizliği,0
4000221,900353,IE26900353,M00005,DIKDORTGEN KUTU 145-095 MAT LAK 2 PARÇA,2026-06-17 14:28:06,2026-06-17 15:37:36,69.5,Kalıp söküldü,Mekanik Arıza,0
4000222,900354,IE26900354,M00005,DIKDORTGEN KUTU 145-095 MAT LAK 2 PARÇA,2026-06-18 13:33:38,2026-06-18 14:44:26,70.8,Kalıp söküldü,Kalıp Değişimi,0
4000223,900357,IE25900357,M00053,SEKILLI KUTU 175-205 MAT LAK 3 PARÇA,2025-12-27 17:49:13,2025-12-27 18:46:13,57,Bakım çağrıldı,Mekanik Arıza,0
4000224,900359,IE26900359,M00001,KAPAK 090-065 HAM TENEKE 2 PARÇA,2026-07-18 11:31:39,2026-07-18 11:56:27,24.8,Kalıp söküldü,Malzeme Bekleme,0
4000225,900360,IE26900360,M00001,KAPAK 090-065 HAM TENEKE 2 PARÇA,2026-07-19 11:22:06,2026-07-19 12:03:06,41,Kalıp söküldü,Malzeme Bekleme,0
4000226,900361,IE26900361,M00001,KAPAK 090-065 HAM TENEKE 2 PARÇA,2026-07-20 22:11:21,2026-07-20 23:13:45,62.4,,Kalıp Değişimi,0
4000227,900362,IE25900362,M00003,YUVARLAK KUTU 120-105 HAM TENEKE 2 PARÇA,2025-12-01 11:07:24,2025-12-01 11:25:54,18.5,Operatör müdahalesi,Sac Sıkışması,0
4000228,900363,IE25900363,M00003,YUVARLAK KUTU 120-105 HAM TENEKE 2 PARÇA,2025-12-02 18:34:39,2025-12-02 19:24:21,49.7,Kalıp söküldü,Enerji Kesintisi,0
4000229,900366,IE26900366,M00018,SEKIZGEN KUTU 135-145 HAM TENEKE 2 PARÇA,2026-05-31 09:05:23,2026-05-31 09:40:23,35,Operatör müdahalesi,Sac Sıkışması,0
4000230,900368,IE26900368,M00018,SEKIZGEN KUTU 135-145 HAM TENEKE 2 PARÇA,2026-06-02 14:54:51,2026-06-02 15:00:21,5.5,Operatör müdahalesi,Planlı Bakım,0
4000231,900369,IE26900369,M00049,YUVARLAK-SIVAMA KUTU 295-165 HAM TENEKE 2 PARÇA,2026-04-10 07:31:23,2026-04-10 08:27:53,56.5,,Elektrik Arızası,0
4000232,900370,IE26900370,M00049,YUVARLAK-SIVAMA KUTU 295-165 HAM TENEKE 2 PARÇA,2026-04-11 20:41:49,2026-04-11 20:59:19,17.5,Yedek parça bekleniyor,Kalıp Değişimi,0
4000233,900371,IE26900371,M00049,YUVARLAK-SIVAMA KUTU 295-165 HAM TENEKE 2 PARÇA,2026-04-12 19:06:35,2026-04-12 19:50:29,43.9,Bakım çağrıldı,Mekanik Arıza,0
4000234,900372,IE26900372,M00001,KAPAK 090-065 HAM TENEKE 2 PARÇA,2026-04-15 20:29:52,2026-04-15 20:52:40,22.8,Kalıp söküldü,Ayar / Numune Onayı,0
4000235,900373,IE26900373,M00001,KAPAK 090-065 HAM TENEKE 2 PARÇA,2026-04-16 21:48:16,2026-04-16 22:17:10,28.9,Bakım çağrıldı,Kalite Duruşu,0
4000236,900374,IE26900374,M00001,KAPAK 090-065 HAM TENEKE 2 PARÇA,2026-04-17 12:30:28,2026-04-17 12:38:10,7.7,Bakım çağrıldı,Vardiya Devri,0
4000237,900375,IE26900375,M00001,KAPAK 090-065 HAM TENEKE 2 PARÇA,2026-03-23 13:50:20,2026-03-23 14:15:26,25.1,,Mekanik Arıza,0
4000238,900376,IE26900376,M00001,KAPAK 090-065 HAM TENEKE 2 PARÇA,2026-03-24 22:31:49,2026-03-24 23:33:19,61.5,Operatör müdahalesi,Ayar / Numune Onayı,0
4000239,900377,IE26900377,M00001,KAPAK 090-065 HAM TENEKE 2 PARÇA,2026-03-25 17:11:59,2026-03-25 18:02:53,50.9,Kalıp söküldü,Kalıp Değişimi,0
4000240,900378,IE26900378,M00001,KAPAK 090-065 HAM TENEKE 2 PARÇA,2026-03-26 19:29:17,2026-03-26 20:01:11,31.9,Yedek parça bekleniyor,Kalite Duruşu,0
4000241,900379,IE25900379,M00248,KAPAK 090-065 VERNIKLI 2 PARÇA,2025-12-12 12:08:55,2025-12-12 12:34:25,25.5,Yedek parça bekleniyor,Vardiya Devri,0
4000242,900380,IE25900380,M00248,KAPAK 090-065 VERNIKLI 2 PARÇA,2025-12-13 17:25:26,2025-12-13 18:01:50,36.4,Yedek parça bekleniyor,Sac Sıkışması,0
4000243,900381,IE25900381,M00248,KAPAK 090-065 VERNIKLI 2 PARÇA,2025-12-14 12:58:24,2025-12-14 13:55:24,57,,Ayar / Numune Onayı,0
4000244,900382,IE26900382,M00178,OVAL KUTU 295-165 MAT LAK 3 PARÇA,2026-02-25 13:23:50,2026-02-25 14:30:38,66.8,Bakım çağrıldı,Vardiya Devri,0
4000245,900383,IE26900383,M00178,OVAL KUTU 295-165 MAT LAK 3 PARÇA,2026-02-26 18:08:10,2026-02-26 18:20:46,12.6,Yedek parça bekleniyor,Ayar / Numune Onayı,0
4000246,900384,IE26900384,M00178,OVAL KUTU 295-165 MAT LAK 3 PARÇA,2026-02-27 20:12:59,2026-02-27 20:18:17,5.3,Bakım çağrıldı,Elektrik Arızası,0
4000247,900385,IE25900385,M00003,YUVARLAK KUTU 120-105 HAM TENEKE 2 PARÇA,2025-12-27 19:31:57,2025-12-27 20:03:27,31.5,Yedek parça bekleniyor,Kalıp Değişimi,0
4000248,900386,IE25900386,M00003,YUVARLAK KUTU 120-105 HAM TENEKE 2 PARÇA,2025-12-28 13:26:19,2025-12-28 14:21:37,55.3,Bakım çağrıldı,Planlı Bakım,0
4000249,900387,IE25900387,M00003,YUVARLAK KUTU 120-105 HAM TENEKE 2 PARÇA,2025-12-29 12:20:47,2025-12-29 12:47:59,27.2,Bakım çağrıldı,Kalıp Değişimi,0
4000250,900389,IE25900389,M00002,TEPSI 325-125 MAT LAK 3 PARÇA,2025-07-02 08:43:54,2025-07-02 10:07:30,83.6,Yedek parça bekleniyor,Vardiya Devri,0
4000251,900391,IE25900391,M00002,TEPSI 325-125 MAT LAK 3 PARÇA,2025-07-04 21:27:51,2025-07-04 22:56:39,88.8,Bakım çağrıldı,Mekanik Arıza,0
4000252,900392,IE25900392,M00024,TEPSI 325-125 MAT LAK 3 PARÇA,2025-10-30 13:14:55,2025-10-30 14:02:01,47.1,Bakım çağrıldı,Kalite Duruşu,0
4000253,900395,IE25900395,M00024,TEPSI 325-125 MAT LAK 3 PARÇA,2025-11-02 13:23:43,2025-11-02 13:58:13,34.5,Operatör müdahalesi,Kalıp Değişimi,0
4000254,900396,IE25900396,M00022,SEKIZGEN KUTU 135-145 VERNIKLI 2 PARÇA,2025-07-12 20:23:17,2025-07-12 21:32:47,69.5,Operatör müdahalesi,Mekanik Arıza,0
4000255,900397,IE25900397,M00022,SEKIZGEN KUTU 135-145 VERNIKLI 2 PARÇA,2025-07-13 17:10:29,2025-07-13 17:21:35,11.1,,Mekanik Arıza,0
4000256,900400,IE25900400,M00010,YUVARLAK KUTU 255-205 MAT LAK 3 PARÇA,2025-09-06 08:35:48,2025-09-06 09:03:12,27.4,Kalıp söküldü,Kalite Duruşu,0
4000257,900401,IE25900401,M00010,YUVARLAK KUTU 255-205 MAT LAK 3 PARÇA,2025-09-07 19:38:01,2025-09-07 21:13:01,95,,Kalıp Değişimi,0
4000258,900402,IE25900402,M00006,SEKILLI KUTU 175-205 HAM TENEKE 3 PARÇA,2025-08-04 12:40:35,2025-08-04 13:39:11,58.6,Operatör müdahalesi,Malzeme Bekleme,0
4000259,900403,IE25900403,M00006,SEKILLI KUTU 175-205 HAM TENEKE 3 PARÇA,2025-08-05 12:47:48,2025-08-05 12:53:00,5.2,Yedek parça bekleniyor,Sac Sıkışması,0
4000260,900404,IE25900404,M00006,SEKILLI KUTU 175-205 HAM TENEKE 3 PARÇA,2025-08-06 12:45:12,2025-08-06 13:22:36,37.4,Bakım çağrıldı,Kalıp Değişimi,0
4000261,900406,IE25900406,M00004,YUVARLAK KUTU 210-255 MAT LAK 3 PARÇA,2025-10-25 13:07:01,2025-10-25 13:19:49,12.8,Operatör müdahalesi,Enerji Kesintisi,0
4000262,900407,IE25900407,M00004,YUVARLAK KUTU 210-255 MAT LAK 3 PARÇA,2025-10-26 11:10:18,2025-10-26 11:44:00,33.7,Kalıp söküldü,Kalıp Değişimi,0
4000263,900409,IE26900409,M00003,YUVARLAK KUTU 120-105 HAM TENEKE 2 PARÇA,2026-04-24 21:05:46,2026-04-24 21:33:22,27.6,,Ayar / Numune Onayı,0
4000264,900410,IE26900410,M00003,YUVARLAK KUTU 120-105 HAM TENEKE 2 PARÇA,2026-04-25 20:44:04,2026-04-25 21:13:10,29.1,,Enerji Kesintisi,0
4000265,900411,IE26900411,M00003,YUVARLAK KUTU 120-105 HAM TENEKE 2 PARÇA,2026-04-26 15:06:09,2026-04-26 15:31:15,25.1,Kalıp söküldü,Vardiya Devri,0
4000266,900413,IE26900413,M00072,DIKDORTGEN KUTU 145-095 HAM TENEKE 3 PARÇA,2026-04-16 22:50:18,2026-04-16 23:29:36,39.3,Operatör müdahalesi,Vardiya Devri,0
4000267,900415,IE26900415,M00072,DIKDORTGEN KUTU 145-095 HAM TENEKE 3 PARÇA,2026-04-18 13:11:59,2026-04-18 13:24:41,12.7,Kalıp söküldü,Planlı Bakım,0
4000268,900416,IE25900416,M00016,YUVARLAK-SIVAMA KUTU Ø068 HAM TENEKE 2 PARÇA,2025-07-30 07:41:28,2025-07-30 08:22:28,41,,Sac Sıkışması,0
4000269,900418,IE25900418,M00016,YUVARLAK-SIVAMA KUTU Ø068 HAM TENEKE 2 PARÇA,2025-08-01 19:09:10,2025-08-01 19:24:28,15.3,Operatör müdahalesi,Kalıp Değişimi,0
4000270,900419,IE26900419,M00002,TEPSI 325-125 MAT LAK 3 PARÇA,2026-06-02 18:11:48,2026-06-02 19:27:48,76,Operatör müdahalesi,Ayar / Numune Onayı,0
4000271,900420,IE26900420,M00002,TEPSI 325-125 MAT LAK 3 PARÇA,2026-06-03 11:47:54,2026-06-03 11:55:36,7.7,Bakım çağrıldı,Personel Yetersizliği,0
4000272,900421,IE26900421,M00002,TEPSI 325-125 MAT LAK 3 PARÇA,2026-06-04 09:38:35,2026-06-04 10:16:29,37.9,Bakım çağrıldı,Personel Yetersizliği,0
4000273,900422,IE26900422,M00001,KAPAK 090-065 HAM TENEKE 2 PARÇA,2026-02-26 09:42:48,2026-02-26 11:13:06,90.3,Bakım çağrıldı,Vardiya Devri,0
4000274,900423,IE26900423,M00001,KAPAK 090-065 HAM TENEKE 2 PARÇA,2026-02-27 18:46:24,2026-02-27 19:00:24,14,Bakım çağrıldı,Kalıp Değişimi,0
4000275,900424,IE26900424,M00001,KAPAK 090-065 HAM TENEKE 2 PARÇA,2026-02-28 19:58:12,2026-02-28 20:49:42,51.5,Operatör müdahalesi,Vardiya Devri,0
4000276,900427,IE26900427,M00023,YUVARLAK KUTU 078-095 LITOGRAFI 2 PARÇA,2026-05-09 09:05:05,2026-05-09 10:00:47,55.7,Kalıp söküldü,Hidrolik Kaçak,0
4000277,900428,IE26900428,M00023,YUVARLAK KUTU 078-095 LITOGRAFI 2 PARÇA,2026-05-10 17:09:53,2026-05-10 17:52:05,42.2,,Mekanik Arıza,0
4000278,900431,IE25900431,M00012,YUVARLAK KUTU 205-050 LITOGRAFI 2 PARÇA,2025-09-15 08:38:53,2025-09-15 09:57:35,78.7,,Vardiya Devri,0
4000279,900432,IE25900432,M00012,YUVARLAK KUTU 205-050 LITOGRAFI 2 PARÇA,2025-09-16 08:55:44,2025-09-16 09:56:20,60.6,,Ayar / Numune Onayı,0
4000280,900433,IE25900433,M00011,YUVARLAK KUTU 120-105 HAM TENEKE 3 PARÇA,2025-11-02 14:56:02,2025-11-02 15:28:50,32.8,Yedek parça bekleniyor,Kalıp Değişimi,0
4000281,900435,IE25900435,M00011,YUVARLAK KUTU 120-105 HAM TENEKE 3 PARÇA,2025-11-04 13:14:23,2025-11-04 13:43:17,28.9,Kalıp söküldü,Sac Sıkışması,0
4000282,900436,IE25900436,M00011,YUVARLAK KUTU 120-105 HAM TENEKE 3 PARÇA,2025-11-05 10:15:19,2025-11-05 10:32:43,17.4,Operatör müdahalesi,Mekanik Arıza,0
4000283,900438,IE26900438,M00005,DIKDORTGEN KUTU 145-095 MAT LAK 2 PARÇA,2026-05-03 10:00:38,2026-05-03 10:24:14,23.6,Kalıp söküldü,Mekanik Arıza,0
4000284,900440,IE25900440,M00015,YUVARLAK KUTU Ø092 MAT LAK 2 PARÇA,2025-09-16 15:35:41,2025-09-16 15:57:41,22,Kalıp söküldü,Hidrolik Kaçak,0
4000285,900441,IE25900441,M00015,YUVARLAK KUTU Ø092 MAT LAK 2 PARÇA,2025-09-17 12:43:40,2025-09-17 14:21:28,97.8,Kalıp söküldü,Kalıp Değişimi,0
4000286,900445,IE26900445,M00001,KAPAK 090-065 HAM TENEKE 2 PARÇA,2026-07-07 18:53:25,2026-07-07 19:03:25,10,Kalıp söküldü,Mekanik Arıza,0
4000287,900446,IE26900446,M00001,KAPAK 090-065 HAM TENEKE 2 PARÇA,2026-07-08 08:48:27,2026-07-08 09:37:09,48.7,Kalıp söküldü,Vardiya Devri,0
4000288,900448,IE26900448,M00070,KALP KUTU 160-090 HAM TENEKE 3 PARÇA,2026-06-05 21:22:15,2026-06-05 22:20:15,58,Bakım çağrıldı,Kalıp Değişimi,0
4000289,900449,IE26900449,M00070,KALP KUTU 160-090 HAM TENEKE 3 PARÇA,2026-06-06 10:54:17,2026-06-06 11:09:59,15.7,Yedek parça bekleniyor,Kalıp Değişimi,0
4000290,900450,IE26900450,M00070,KALP KUTU 160-090 HAM TENEKE 3 PARÇA,2026-06-07 14:10:53,2026-06-07 14:27:53,17,Bakım çağrıldı,Mekanik Arıza,0
4000291,900451,IE25900451,M00001,KAPAK 090-065 HAM TENEKE 2 PARÇA,2025-07-23 09:46:27,2025-07-23 10:40:33,54.1,,Personel Yetersizliği,0
4000292,900452,IE25900452,M00001,KAPAK 090-065 HAM TENEKE 2 PARÇA,2025-07-24 11:20:31,2025-07-24 13:00:07,99.6,Operatör müdahalesi,Malzeme Bekleme,0
4000293,900454,IE25900454,M00001,KAPAK 090-065 HAM TENEKE 2 PARÇA,2025-07-26 17:19:51,2025-07-26 17:59:03,39.2,Yedek parça bekleniyor,Malzeme Bekleme,0
4000294,900456,IE26900456,M00001,KAPAK 090-065 HAM TENEKE 2 PARÇA,2026-04-05 16:32:34,2026-04-05 16:38:28,5.9,Operatör müdahalesi,Personel Yetersizliği,0
4000295,900457,IE26900457,M00001,KAPAK 090-065 HAM TENEKE 2 PARÇA,2026-04-06 19:43:42,2026-04-06 20:22:42,39,Yedek parça bekleniyor,Ayar / Numune Onayı,0
4000296,900458,IE26900458,M00048,YUVARLAK KUTU 295-165 VERNIKLI 3 PARÇA,2026-06-01 11:31:39,2026-06-01 11:53:27,21.8,Kalıp söküldü,Kalıp Değişimi,0
4000297,900459,IE26900459,M00048,YUVARLAK KUTU 295-165 VERNIKLI 3 PARÇA,2026-06-02 09:32:38,2026-06-02 10:33:08,60.5,Yedek parça bekleniyor,Sac Sıkışması,0
4000298,900460,IE26900460,M00048,YUVARLAK KUTU 295-165 VERNIKLI 3 PARÇA,2026-06-03 13:56:16,2026-06-03 14:48:22,52.1,Yedek parça bekleniyor,Malzeme Bekleme,0
4000299,900461,IE25900461,M00022,SEKIZGEN KUTU 135-145 VERNIKLI 2 PARÇA,2025-11-17 21:46:11,2025-11-17 21:53:35,7.4,Bakım çağrıldı,Mekanik Arıza,0
4000300,900463,IE25900463,M00022,SEKIZGEN KUTU 135-145 VERNIKLI 2 PARÇA,2025-11-19 12:06:43,2025-11-19 12:43:13,36.5,Operatör müdahalesi,Vardiya Devri,0
4000301,900469,IE25900469,M00011,YUVARLAK KUTU 120-105 HAM TENEKE 3 PARÇA,2025-09-15 10:38:05,2025-09-15 11:38:17,60.2,Bakım çağrıldı,Elektrik Arızası,0
4000302,900471,IE25900471,M00011,YUVARLAK KUTU 120-105 HAM TENEKE 3 PARÇA,2025-09-17 11:10:55,2025-09-17 11:59:19,48.4,,Vardiya Devri,0
4000303,900473,IE25900473,M00057,KALP KUTU 160-090 LITOGRAFI 3 PARÇA,2025-09-11 16:16:07,2025-09-11 17:06:31,50.4,,Kalıp Değişimi,0
4000304,900474,IE25900474,M00057,KALP KUTU 160-090 LITOGRAFI 3 PARÇA,2025-09-12 18:08:29,2025-09-12 18:55:11,46.7,,Elektrik Arızası,0
4000305,900475,IE25900475,M00005,DIKDORTGEN KUTU 145-095 MAT LAK 2 PARÇA,2025-10-12 07:37:16,2025-10-12 09:30:40,113.4,Kalıp söküldü,Kalıp Değişimi,0
4000306,900476,IE25900476,M00005,DIKDORTGEN KUTU 145-095 MAT LAK 2 PARÇA,2025-10-13 07:37:50,2025-10-13 08:23:50,46,Bakım çağrıldı,Malzeme Bekleme,0
4000307,900477,IE25900477,M00005,DIKDORTGEN KUTU 145-095 MAT LAK 2 PARÇA,2025-10-14 11:19:03,2025-10-14 11:58:45,39.7,Kalıp söküldü,Kalıp Değişimi,0
4000308,900480,IE26900480,M00001,KAPAK 090-065 HAM TENEKE 2 PARÇA,2026-01-12 12:20:37,2026-01-12 12:51:43,31.1,,Elektrik Arızası,0
4000309,900481,IE26900481,M00001,KAPAK 090-065 HAM TENEKE 2 PARÇA,2026-01-13 14:19:06,2026-01-13 15:07:12,48.1,Operatör müdahalesi,Kalıp Değişimi,0
4000310,900482,IE26900482,M00001,KAPAK 090-065 HAM TENEKE 2 PARÇA,2026-01-14 18:40:54,2026-01-14 19:44:06,63.2,Operatör müdahalesi,Vardiya Devri,0
4000311,900483,IE26900483,M00113,YUVARLAK KUTU Y120-105 MAT LAK 3 PARÇA,2026-02-26 12:20:32,2026-02-26 13:35:32,75,Operatör müdahalesi,Kalıp Değişimi,0
4000312,900484,IE26900484,M00113,YUVARLAK KUTU Y120-105 MAT LAK 3 PARÇA,2026-02-27 17:57:09,2026-02-27 18:32:15,35.1,,Kalite Duruşu,0
4000313,900486,IE26900486,M00113,YUVARLAK KUTU Y120-105 MAT LAK 3 PARÇA,2026-03-01 14:22:32,2026-03-01 14:58:56,36.4,,Kalıp Değişimi,0
4000314,900487,IE26900487,M00004,YUVARLAK KUTU 210-255 MAT LAK 3 PARÇA,2026-05-14 17:37:04,2026-05-14 18:17:52,40.8,Operatör müdahalesi,Kalıp Değişimi,0
4000315,900489,IE26900489,M00004,YUVARLAK KUTU 210-255 MAT LAK 3 PARÇA,2026-05-16 11:25:48,2026-05-16 12:34:18,68.5,Kalıp söküldü,Kalıp Değişimi,0
4000316,900490,IE26900490,M00004,YUVARLAK KUTU 210-255 MAT LAK 3 PARÇA,2026-05-17 07:08:12,2026-05-17 07:45:54,37.7,,Sac Sıkışması,0
4000317,900492,IE26900492,M00014,YUVARLAK KUTU 120-105 HAM TENEKE 2 PARÇA,2026-06-24 21:18:37,2026-06-24 22:32:49,74.2,Operatör müdahalesi,Kalıp Değişimi,0
4000318,900493,IE26900493,M00014,YUVARLAK KUTU 120-105 HAM TENEKE 2 PARÇA,2026-06-25 11:59:46,2026-06-25 12:37:04,37.3,Yedek parça bekleniyor,Vardiya Devri,0
4000319,900494,IE26900494,M00014,YUVARLAK KUTU 120-105 HAM TENEKE 2 PARÇA,2026-06-26 19:02:33,2026-06-26 19:25:09,22.6,,Hidrolik Kaçak,0
4000320,900497,IE26900497,M00001,KAPAK 090-065 HAM TENEKE 2 PARÇA,2026-05-07 21:58:53,2026-05-07 22:39:47,40.9,Bakım çağrıldı,Malzeme Bekleme,0
4000321,900499,IE26900499,M00010,YUVARLAK KUTU 255-205 MAT LAK 3 PARÇA,2026-06-11 21:02:59,2026-06-11 21:54:35,51.6,Yedek parça bekleniyor,Kalıp Değişimi,0
4000322,900500,IE26900500,M00010,YUVARLAK KUTU 255-205 MAT LAK 3 PARÇA,2026-06-12 20:36:19,2026-06-12 21:22:49,46.5,,Kalıp Değişimi,0
4000323,900502,IE26900502,M00161,YUVARLAK KUTU Ø092 VERNIKLI 3 PARÇA,2026-04-15 16:23:04,2026-04-15 16:49:16,26.2,Operatör müdahalesi,Kalıp Değişimi,0
4000324,900503,IE26900503,M00161,YUVARLAK KUTU Ø092 VERNIKLI 3 PARÇA,2026-04-16 10:32:26,2026-04-16 10:56:44,24.3,Kalıp söküldü,Enerji Kesintisi,0
4000325,900504,IE26900504,M00161,YUVARLAK KUTU Ø092 VERNIKLI 3 PARÇA,2026-04-17 18:47:30,2026-04-17 19:41:18,53.8,Bakım çağrıldı,Kalıp Değişimi,0
4000326,900505,IE26900505,M00001,KAPAK 090-065 HAM TENEKE 2 PARÇA,2026-02-17 17:11:47,2026-02-17 17:46:17,34.5,Operatör müdahalesi,Elektrik Arızası,0
4000327,900507,IE26900507,M00001,KAPAK 090-065 HAM TENEKE 2 PARÇA,2026-02-19 21:02:49,2026-02-19 22:01:25,58.6,Kalıp söküldü,Elektrik Arızası,0
4000328,900508,IE26900508,M00006,SEKILLI KUTU 175-205 HAM TENEKE 3 PARÇA,2026-03-01 22:53:59,2026-03-01 23:29:47,35.8,Kalıp söküldü,Elektrik Arızası,0
4000329,900509,IE26900509,M00006,SEKILLI KUTU 175-205 HAM TENEKE 3 PARÇA,2026-03-02 17:31:19,2026-03-02 18:27:13,55.9,Bakım çağrıldı,Personel Yetersizliği,0
4000330,900510,IE26900510,M00006,SEKILLI KUTU 175-205 HAM TENEKE 3 PARÇA,2026-03-03 12:16:52,2026-03-03 13:04:58,48.1,Operatör müdahalesi,Mekanik Arıza,0
4000331,900511,IE26900511,M00006,SEKILLI KUTU 175-205 HAM TENEKE 3 PARÇA,2026-03-04 22:11:14,2026-03-04 22:17:32,6.3,,Sac Sıkışması,0
4000332,900512,IE26900512,M00003,YUVARLAK KUTU 120-105 HAM TENEKE 2 PARÇA,2026-07-29 13:26:55,2026-07-29 13:52:07,25.2,,Elektrik Arızası,0
4000333,900513,IE26900513,M00003,YUVARLAK KUTU 120-105 HAM TENEKE 2 PARÇA,2026-07-30 21:34:13,2026-07-30 22:32:19,58.1,Kalıp söküldü,Sac Sıkışması,0
4000334,900517,IE26900517,M00019,OVAL KUTU 295-165 VERNIKLI 2 PARÇA,2026-05-25 16:24:57,2026-05-25 16:42:21,17.4,Operatör müdahalesi,Ayar / Numune Onayı,0
4000335,900519,IE26900519,M00019,OVAL KUTU 295-165 VERNIKLI 2 PARÇA,2026-05-27 16:56:28,2026-05-27 18:13:46,77.3,Operatör müdahalesi,Malzeme Bekleme,0
4000336,900520,IE26900520,M00001,KAPAK 090-065 HAM TENEKE 2 PARÇA,2026-03-16 12:40:16,2026-03-16 13:27:16,47,Yedek parça bekleniyor,Kalıp Değişimi,0
4000337,900521,IE26900521,M00001,KAPAK 090-065 HAM TENEKE 2 PARÇA,2026-03-17 09:50:26,2026-03-17 10:07:02,16.6,,Elektrik Arızası,0
4000338,900522,IE26900522,M00001,KAPAK 090-065 HAM TENEKE 2 PARÇA,2026-03-18 14:32:20,2026-03-18 14:58:20,26,Yedek parça bekleniyor,Planlı Bakım,0
4000339,900524,IE25900524,M00003,YUVARLAK KUTU 120-105 HAM TENEKE 2 PARÇA,2025-10-14 16:08:22,2025-10-14 17:56:22,108,Bakım çağrıldı,Hidrolik Kaçak,0
4000340,900525,IE25900525,M00003,YUVARLAK KUTU 120-105 HAM TENEKE 2 PARÇA,2025-10-15 15:38:57,2025-10-15 15:57:15,18.3,Bakım çağrıldı,Vardiya Devri,0
4000341,900526,IE25900526,M00003,YUVARLAK KUTU 120-105 HAM TENEKE 2 PARÇA,2025-10-16 11:39:30,2025-10-16 12:46:18,66.8,Bakım çağrıldı,Mekanik Arıza,0
4000342,900527,IE25900527,M00010,YUVARLAK KUTU 255-205 MAT LAK 3 PARÇA,2025-10-22 08:39:19,2025-10-22 10:14:13,94.9,Kalıp söküldü,Hidrolik Kaçak,0
4000343,900528,IE25900528,M00010,YUVARLAK KUTU 255-205 MAT LAK 3 PARÇA,2025-10-23 14:25:22,2025-10-23 14:49:52,24.5,Bakım çağrıldı,Personel Yetersizliği,0
4000344,900530,IE25900530,M00106,TEPSI 325-125 HAM TENEKE 2 PARÇA,2025-07-20 14:46:53,2025-07-20 15:38:05,51.2,,Ayar / Numune Onayı,0
4000345,900531,IE25900531,M00106,TEPSI 325-125 HAM TENEKE 2 PARÇA,2025-07-21 15:18:34,2025-07-21 15:26:16,7.7,Yedek parça bekleniyor,Ayar / Numune Onayı,0
4000346,900533,IE25900533,M00106,TEPSI 325-125 HAM TENEKE 2 PARÇA,2025-07-23 19:33:30,2025-07-23 20:28:24,54.9,Yedek parça bekleniyor,Kalıp Değişimi,0
4000347,900535,IE25900535,M00011,YUVARLAK KUTU 120-105 HAM TENEKE 3 PARÇA,2025-11-22 07:58:41,2025-11-22 08:33:35,34.9,Yedek parça bekleniyor,Elektrik Arızası,0
4000348,900537,IE25900537,M00001,KAPAK 090-065 HAM TENEKE 2 PARÇA,2025-09-26 09:38:59,2025-09-26 10:24:47,45.8,Yedek parça bekleniyor,Kalıp Değişimi,0
4000349,900538,IE25900538,M00001,KAPAK 090-065 HAM TENEKE 2 PARÇA,2025-09-27 21:38:25,2025-09-27 22:32:19,53.9,Operatör müdahalesi,Sac Sıkışması,0
4000350,900539,IE25900539,M00001,KAPAK 090-065 HAM TENEKE 2 PARÇA,2025-09-28 07:23:24,2025-09-28 08:12:18,48.9,Kalıp söküldü,Hidrolik Kaçak,0
4000351,900540,IE26900540,M00002,TEPSI 325-125 MAT LAK 3 PARÇA,2026-02-01 18:28:51,2026-02-01 19:27:03,58.2,Bakım çağrıldı,Kalıp Değişimi,0
4000352,900541,IE26900541,M00002,TEPSI 325-125 MAT LAK 3 PARÇA,2026-02-02 20:14:26,2026-02-02 20:53:14,38.8,Bakım çağrıldı,Malzeme Bekleme,0
4000353,900542,IE26900542,M00002,TEPSI 325-125 MAT LAK 3 PARÇA,2026-02-03 20:02:30,2026-02-03 20:22:48,20.3,Operatör müdahalesi,Mekanik Arıza,0
4000354,900543,IE26900543,M00002,TEPSI 325-125 MAT LAK 3 PARÇA,2026-02-04 18:15:54,2026-02-04 18:57:18,41.4,Yedek parça bekleniyor,Mekanik Arıza,0
4000355,900544,IE26900544,M00006,SEKILLI KUTU 175-205 HAM TENEKE 3 PARÇA,2026-03-07 18:06:33,2026-03-07 18:13:27,6.9,Kalıp söküldü,Hidrolik Kaçak,0
4000356,900546,IE26900546,M00006,SEKILLI KUTU 175-205 HAM TENEKE 3 PARÇA,2026-03-09 20:22:06,2026-03-09 21:05:12,43.1,Operatör müdahalesi,Kalite Duruşu,0
4000357,900547,IE26900547,M00002,TEPSI 325-125 MAT LAK 3 PARÇA,2026-05-01 10:00:20,2026-05-01 10:11:50,11.5,Bakım çağrıldı,Malzeme Bekleme,0
4000358,900548,IE26900548,M00002,TEPSI 325-125 MAT LAK 3 PARÇA,2026-05-02 07:01:07,2026-05-02 07:58:01,56.9,,Kalıp Değişimi,0
4000359,900549,IE26900549,M00002,TEPSI 325-125 MAT LAK 3 PARÇA,2026-05-03 08:05:05,2026-05-03 08:14:41,9.6,Yedek parça bekleniyor,Malzeme Bekleme,0
4000360,900550,IE26900550,M00142,YUVARLAK KUTU 158-175 LITOGRAFI 2 PARÇA,2026-04-12 13:51:25,2026-04-12 14:11:43,20.3,Bakım çağrıldı,Kalıp Değişimi,0
4000361,900551,IE26900551,M00142,YUVARLAK KUTU 158-175 LITOGRAFI 2 PARÇA,2026-04-13 13:22:59,2026-04-13 14:11:35,48.6,,Elektrik Arızası,0
4000362,900553,IE26900553,M00142,YUVARLAK KUTU 158-175 LITOGRAFI 2 PARÇA,2026-04-15 14:13:51,2026-04-15 14:47:51,34,Operatör müdahalesi,Malzeme Bekleme,0
4000363,900554,IE25900554,M00001,KAPAK 090-065 HAM TENEKE 2 PARÇA,2025-11-25 22:00:58,2025-11-25 23:04:16,63.3,,Ayar / Numune Onayı,0
4000364,900557,IE26900557,M00109,DIKDORTGEN KUTU 145-095 HAM TENEKE 3 PARÇA,2026-07-06 19:51:33,2026-07-06 20:15:33,24,Bakım çağrıldı,Kalite Duruşu,0
4000365,900560,IE25900560,M00002,TEPSI 325-125 MAT LAK 3 PARÇA,2025-09-29 13:47:03,2025-09-29 14:16:39,29.6,Yedek parça bekleniyor,Kalıp Değişimi,0
4000366,900564,IE25900564,M00001,KAPAK 090-065 HAM TENEKE 2 PARÇA,2025-12-24 15:16:38,2025-12-24 16:54:14,97.6,Kalıp söküldü,Kalıp Değişimi,0
4000367,900565,IE25900565,M00001,KAPAK 090-065 HAM TENEKE 2 PARÇA,2025-12-25 15:02:21,2025-12-25 16:16:57,74.6,Operatör müdahalesi,Planlı Bakım,0
4000368,900566,IE25900566,M00001,KAPAK 090-065 HAM TENEKE 2 PARÇA,2025-12-26 16:05:03,2025-12-26 16:51:09,46.1,Kalıp söküldü,Kalıp Değişimi,0
4000369,900567,IE25900567,M00001,KAPAK 090-065 HAM TENEKE 2 PARÇA,2025-12-27 09:02:54,2025-12-27 09:10:54,8,Yedek parça bekleniyor,Kalıp Değişimi,0
4000370,900572,IE25900572,M00001,KAPAK 090-065 HAM TENEKE 2 PARÇA,2025-09-18 22:43:15,2025-09-19 00:18:15,95,Operatör müdahalesi,Personel Yetersizliği,0
4000371,900573,IE25900573,M00001,KAPAK 090-065 HAM TENEKE 2 PARÇA,2025-09-19 10:11:03,2025-09-19 10:59:51,48.8,Bakım çağrıldı,Sac Sıkışması,0
4000372,900575,IE25900575,M00001,KAPAK 090-065 HAM TENEKE 2 PARÇA,2025-09-21 11:35:07,2025-09-21 11:57:31,22.4,,Vardiya Devri,0
4000373,900577,IE26900577,M00009,YUVARLAK KUTU 245-175 VERNIKLI 3 PARÇA,2026-05-17 17:54:00,2026-05-17 18:41:42,47.7,Operatör müdahalesi,Kalite Duruşu,0
4000374,900578,IE26900578,M00009,YUVARLAK KUTU 245-175 VERNIKLI 3 PARÇA,2026-05-18 17:24:55,2026-05-18 18:43:49,78.9,Yedek parça bekleniyor,Personel Yetersizliği,0
4000375,900579,IE26900579,M00004,YUVARLAK KUTU 210-255 MAT LAK 3 PARÇA,2026-01-02 15:13:24,2026-01-02 16:41:06,87.7,Yedek parça bekleniyor,Kalıp Değişimi,0
4000376,900581,IE26900581,M00004,YUVARLAK KUTU 210-255 MAT LAK 3 PARÇA,2026-01-04 11:46:46,2026-01-04 12:03:10,16.4,Operatör müdahalesi,Elektrik Arızası,0
4000377,900582,IE26900582,M00004,YUVARLAK KUTU 210-255 MAT LAK 3 PARÇA,2026-01-05 19:57:03,2026-01-05 20:37:57,40.9,Operatör müdahalesi,Kalite Duruşu,0
4000378,900583,IE26900583,M00023,YUVARLAK KUTU 078-095 LITOGRAFI 2 PARÇA,2026-06-29 08:46:34,2026-06-29 09:26:28,39.9,Kalıp söküldü,Ayar / Numune Onayı,0
4000379,900584,IE26900584,M00023,YUVARLAK KUTU 078-095 LITOGRAFI 2 PARÇA,2026-06-30 18:03:17,2026-06-30 18:22:47,19.5,,Vardiya Devri,0
4000380,900585,IE26900585,M00023,YUVARLAK KUTU 078-095 LITOGRAFI 2 PARÇA,2026-07-01 21:45:13,2026-07-01 22:22:43,37.5,,Personel Yetersizliği,0
4000381,900588,IE25900588,M00033,YUVARLAK KUTU Ø092 MAT LAK 3 PARÇA,2025-07-15 21:46:06,2025-07-15 22:26:12,40.1,Bakım çağrıldı,Kalıp Değişimi,0
4000382,900589,IE25900589,M00033,YUVARLAK KUTU Ø092 MAT LAK 3 PARÇA,2025-07-16 08:59:16,2025-07-16 09:37:04,37.8,Operatör müdahalesi,Malzeme Bekleme,0
4000383,900590,IE26900590,M00003,YUVARLAK KUTU 120-105 HAM TENEKE 2 PARÇA,2026-06-29 16:22:29,2026-06-29 17:15:05,52.6,Kalıp söküldü,Vardiya Devri,0
4000384,900591,IE26900591,M00003,YUVARLAK KUTU 120-105 HAM TENEKE 2 PARÇA,2026-06-30 11:18:07,2026-06-30 12:16:25,58.3,,Kalıp Değişimi,0
4000385,900593,IE26900593,M00201,YUVARLAK KUTU Ø050 LITOGRAFI 3 PARÇA,2026-05-29 13:36:36,2026-05-29 14:06:18,29.7,Operatör müdahalesi,Hidrolik Kaçak,0
4000386,900600,IE25900600,M00002,TEPSI 325-125 MAT LAK 3 PARÇA,2025-09-25 07:22:53,2025-09-25 07:50:47,27.9,Operatör müdahalesi,Ayar / Numune Onayı,0
4000387,900602,IE25900602,M00002,TEPSI 325-125 MAT LAK 3 PARÇA,2025-09-27 18:48:10,2025-09-27 19:16:34,28.4,Yedek parça bekleniyor,Vardiya Devri,0
4000388,900603,IE25900603,M00002,TEPSI 325-125 MAT LAK 3 PARÇA,2025-09-28 13:47:58,2025-09-28 14:22:28,34.5,Yedek parça bekleniyor,Sac Sıkışması,0
4000389,900604,IE26900604,M00041,YUVARLAK KUTU Ø050 HAM TENEKE 3 PARÇA,2026-03-04 09:00:07,2026-03-04 09:44:01,43.9,Yedek parça bekleniyor,Ayar / Numune Onayı,0
4000390,900605,IE26900605,M00041,YUVARLAK KUTU Ø050 HAM TENEKE 3 PARÇA,2026-03-05 17:32:24,2026-03-05 18:45:18,72.9,Bakım çağrıldı,Kalıp Değişimi,0
4000391,900606,IE26900606,M00041,YUVARLAK KUTU Ø050 HAM TENEKE 3 PARÇA,2026-03-06 10:36:43,2026-03-06 10:44:07,7.4,Bakım çağrıldı,Ayar / Numune Onayı,0
4000392,900608,IE25900608,M00158,YUVARLAK KUTU 245-175 LITOGRAFI 2 PARÇA,2025-12-16 14:42:28,2025-12-16 15:25:04,42.6,Operatör müdahalesi,Mekanik Arıza,0
4000393,900609,IE25900609,M00158,YUVARLAK KUTU 245-175 LITOGRAFI 2 PARÇA,2025-12-17 17:58:12,2025-12-17 18:25:48,27.6,,Ayar / Numune Onayı,0
4000394,900611,IE25900611,M00158,YUVARLAK KUTU 245-175 LITOGRAFI 2 PARÇA,2025-12-19 09:39:53,2025-12-19 10:50:23,70.5,Yedek parça bekleniyor,Mekanik Arıza,0
4000395,900612,IE25900612,M00004,YUVARLAK KUTU 210-255 MAT LAK 3 PARÇA,2025-12-27 13:09:20,2025-12-27 14:24:14,74.9,Bakım çağrıldı,Hidrolik Kaçak,0
4000396,900613,IE25900613,M00004,YUVARLAK KUTU 210-255 MAT LAK 3 PARÇA,2025-12-28 18:35:19,2025-12-28 18:54:01,18.7,Kalıp söküldü,Hidrolik Kaçak,0
4000397,900614,IE25900614,M00004,YUVARLAK KUTU 210-255 MAT LAK 3 PARÇA,2025-12-29 20:27:07,2025-12-29 20:50:37,23.5,Operatör müdahalesi,Mekanik Arıza,0
4000398,900617,IE25900617,M00001,KAPAK 090-065 HAM TENEKE 2 PARÇA,2025-10-27 20:48:11,2025-10-27 21:22:41,34.5,Operatör müdahalesi,Mekanik Arıza,0
4000399,900620,IE25900620,M00018,SEKIZGEN KUTU 135-145 HAM TENEKE 2 PARÇA,2025-09-25 16:57:37,2025-09-25 17:39:19,41.7,Operatör müdahalesi,Planlı Bakım,0
4000400,900621,IE25900621,M00018,SEKIZGEN KUTU 135-145 HAM TENEKE 2 PARÇA,2025-09-26 13:39:52,2025-09-26 14:21:22,41.5,Kalıp söküldü,Ayar / Numune Onayı,0
4000401,900622,IE25900622,M00018,SEKIZGEN KUTU 135-145 HAM TENEKE 2 PARÇA,2025-09-27 22:32:17,2025-09-27 22:48:47,16.5,,Ayar / Numune Onayı,0
4000402,900623,IE25900623,M00004,YUVARLAK KUTU 210-255 MAT LAK 3 PARÇA,2025-12-04 13:14:41,2025-12-04 13:55:17,40.6,Operatör müdahalesi,Kalıp Değişimi,0
4000403,900624,IE25900624,M00004,YUVARLAK KUTU 210-255 MAT LAK 3 PARÇA,2025-12-05 14:26:53,2025-12-05 15:24:17,57.4,Kalıp söküldü,Sac Sıkışması,0
4000404,900626,IE25900626,M00004,YUVARLAK KUTU 210-255 MAT LAK 3 PARÇA,2025-12-07 08:29:16,2025-12-07 08:38:16,9,Kalıp söküldü,Sac Sıkışması,0
4000405,900628,IE25900628,M00002,TEPSI 325-125 MAT LAK 3 PARÇA,2025-10-04 17:29:12,2025-10-04 17:38:00,8.8,Yedek parça bekleniyor,Kalıp Değişimi,0
4000406,900629,IE25900629,M00002,TEPSI 325-125 MAT LAK 3 PARÇA,2025-10-05 09:09:45,2025-10-05 09:48:15,38.5,Operatör müdahalesi,Kalıp Değişimi,0
4000407,900631,IE26900631,M00003,YUVARLAK KUTU 120-105 HAM TENEKE 2 PARÇA,2026-05-25 13:11:58,2026-05-25 13:51:46,39.8,,Mekanik Arıza,0
4000408,900632,IE26900632,M00003,YUVARLAK KUTU 120-105 HAM TENEKE 2 PARÇA,2026-05-26 12:07:49,2026-05-26 13:12:55,65.1,Bakım çağrıldı,Kalıp Değişimi,0
4000409,900634,IE25900634,M00028,YUVARLAK KUTU 245-175 MAT LAK 3 PARÇA,2025-07-24 20:36:12,2025-07-24 21:08:36,32.4,Yedek parça bekleniyor,Hidrolik Kaçak,0
4000410,900635,IE25900635,M00028,YUVARLAK KUTU 245-175 MAT LAK 3 PARÇA,2025-07-25 22:10:40,2025-07-25 23:15:04,64.4,Bakım çağrıldı,Kalıp Değişimi,0
4000411,900636,IE25900636,M00028,YUVARLAK KUTU 245-175 MAT LAK 3 PARÇA,2025-07-26 12:24:59,2025-07-26 12:43:53,18.9,Bakım çağrıldı,Mekanik Arıza,0
4000412,900637,IE25900637,M00028,YUVARLAK KUTU 245-175 MAT LAK 3 PARÇA,2025-07-27 17:01:20,2025-07-27 18:26:20,85,Yedek parça bekleniyor,Mekanik Arıza,0
4000413,900638,IE25900638,M00017,OVAL KUTU 295-165 VERNIKLI 2 PARÇA,2025-11-23 11:08:43,2025-11-23 12:28:07,79.4,Kalıp söküldü,Vardiya Devri,0
4000414,900640,IE25900640,M00017,OVAL KUTU 295-165 VERNIKLI 2 PARÇA,2025-11-25 22:45:10,2025-11-25 22:59:52,14.7,Bakım çağrıldı,Vardiya Devri,0
4000415,900641,IE26900641,M00002,TEPSI 325-125 MAT LAK 3 PARÇA,2026-04-13 15:27:20,2026-04-13 15:52:38,25.3,Bakım çağrıldı,Elektrik Arızası,0
4000416,900642,IE26900642,M00002,TEPSI 325-125 MAT LAK 3 PARÇA,2026-04-14 10:55:55,2026-04-14 11:33:19,37.4,,Sac Sıkışması,0
4000417,900644,IE25900644,M00052,YUVARLAK KUTU 135-145 LITOGRAFI 2 PARÇA,2025-07-30 09:27:21,2025-07-30 09:59:15,31.9,,Hidrolik Kaçak,0
4000418,900647,IE25900647,M00052,YUVARLAK KUTU 135-145 LITOGRAFI 2 PARÇA,2025-08-02 10:29:45,2025-08-02 11:23:39,53.9,,Vardiya Devri,0
4000419,900648,IE25900648,M00006,SEKILLI KUTU 175-205 HAM TENEKE 3 PARÇA,2025-11-03 20:26:23,2025-11-03 21:07:17,40.9,,Vardiya Devri,0
4000420,900649,IE25900649,M00006,SEKILLI KUTU 175-205 HAM TENEKE 3 PARÇA,2025-11-04 10:31:01,2025-11-04 12:23:55,112.9,Yedek parça bekleniyor,Elektrik Arızası,0
4000421,900650,IE25900650,M00006,SEKILLI KUTU 175-205 HAM TENEKE 3 PARÇA,2025-11-05 09:12:08,2025-11-05 10:14:38,62.5,Kalıp söküldü,Malzeme Bekleme,0
4000422,900652,IE25900652,M00005,DIKDORTGEN KUTU 145-095 MAT LAK 2 PARÇA,2025-07-05 20:28:37,2025-07-05 21:04:07,35.5,Operatör müdahalesi,Ayar / Numune Onayı,0
4000423,900653,IE25900653,M00005,DIKDORTGEN KUTU 145-095 MAT LAK 2 PARÇA,2025-07-06 16:20:58,2025-07-06 17:11:52,50.9,Yedek parça bekleniyor,Hidrolik Kaçak,0
4000424,900654,IE25900654,M00001,KAPAK 090-065 HAM TENEKE 2 PARÇA,2025-12-04 19:16:01,2025-12-04 19:46:25,30.4,,Vardiya Devri,0
4000425,900655,IE25900655,M00001,KAPAK 090-065 HAM TENEKE 2 PARÇA,2025-12-05 20:22:52,2025-12-05 20:30:46,7.9,Yedek parça bekleniyor,Sac Sıkışması,0
4000426,900657,IE25900657,M00001,KAPAK 090-065 HAM TENEKE 2 PARÇA,2025-12-07 13:37:47,2025-12-07 15:00:29,82.7,,Kalıp Değişimi,0
4000427,900658,IE26900658,M00042,SEKIZGEN KUTU 135-145 LITOGRAFI 3 PARÇA,2026-06-20 15:09:54,2026-06-20 16:07:24,57.5,Kalıp söküldü,Sac Sıkışması,0
4000428,900659,IE26900659,M00042,SEKIZGEN KUTU 135-145 LITOGRAFI 3 PARÇA,2026-06-21 13:08:54,2026-06-21 13:38:48,29.9,Kalıp söküldü,Planlı Bakım,0
4000429,900660,IE26900660,M00042,SEKIZGEN KUTU 135-145 LITOGRAFI 3 PARÇA,2026-06-22 08:30:05,2026-06-22 08:50:29,20.4,Kalıp söküldü,Ayar / Numune Onayı,0
4000430,900661,IE26900661,M00042,SEKIZGEN KUTU 135-145 LITOGRAFI 3 PARÇA,2026-06-23 16:46:49,2026-06-23 17:44:37,57.8,Operatör müdahalesi,Elektrik Arızası,0
4000431,900664,IE25900664,M00034,SEKIZGEN KUTU Ø050 LITOGRAFI 2 PARÇA,2025-07-11 20:21:02,2025-07-11 20:36:20,15.3,Kalıp söküldü,Malzeme Bekleme,0
4000432,900666,IE26900666,M00008,YUVARLAK KUTU 210-255 HAM TENEKE 3 PARÇA,2026-01-17 20:48:01,2026-01-17 21:48:13,60.2,Operatör müdahalesi,Elektrik Arızası,0
4000433,900667,IE26900667,M00008,YUVARLAK KUTU 210-255 HAM TENEKE 3 PARÇA,2026-01-18 09:04:12,2026-01-18 09:23:48,19.6,Kalıp söküldü,Sac Sıkışması,0
4000434,900669,IE26900669,M00008,YUVARLAK KUTU 210-255 HAM TENEKE 3 PARÇA,2026-01-20 10:31:09,2026-01-20 10:54:39,23.5,,Kalıp Değişimi,0
4000435,900670,IE26900670,M00014,YUVARLAK KUTU 120-105 HAM TENEKE 2 PARÇA,2026-02-20 21:44:06,2026-02-20 22:00:36,16.5,Yedek parça bekleniyor,Mekanik Arıza,0
4000436,900671,IE26900671,M00014,YUVARLAK KUTU 120-105 HAM TENEKE 2 PARÇA,2026-02-21 18:57:28,2026-02-21 20:04:22,66.9,,Vardiya Devri,0
4000437,900672,IE26900672,M00014,YUVARLAK KUTU 120-105 HAM TENEKE 2 PARÇA,2026-02-22 18:46:13,2026-02-22 19:12:01,25.8,Yedek parça bekleniyor,Kalıp Değişimi,0
4000438,900674,IE26900674,M00001,KAPAK 090-065 HAM TENEKE 2 PARÇA,2026-03-24 16:59:39,2026-03-24 17:33:51,34.2,Kalıp söküldü,Ayar / Numune Onayı,0
4000439,900675,IE26900675,M00001,KAPAK 090-065 HAM TENEKE 2 PARÇA,2026-03-25 22:38:07,2026-03-25 22:55:31,17.4,Yedek parça bekleniyor,Sac Sıkışması,0
4000440,900676,IE26900676,M00001,KAPAK 090-065 HAM TENEKE 2 PARÇA,2026-03-26 13:46:07,2026-03-26 14:14:01,27.9,Bakım çağrıldı,Mekanik Arıza,0
4000441,900677,IE26900677,M00001,KAPAK 090-065 HAM TENEKE 2 PARÇA,2026-03-27 18:22:25,2026-03-27 19:19:19,56.9,Kalıp söküldü,Personel Yetersizliği,0
4000442,900679,IE26900679,M00013,KOSELI SIVAMA KUTU 210-080 LITOGRAFI 3 PARÇA,2026-02-05 11:21:04,2026-02-05 12:18:40,57.6,Kalıp söküldü,Ayar / Numune Onayı,0
4000443,900680,IE26900680,M00013,KOSELI SIVAMA KUTU 210-080 LITOGRAFI 3 PARÇA,2026-02-06 17:19:17,2026-02-06 18:30:29,71.2,Kalıp söküldü,Kalıp Değişimi,0
4000444,900681,IE26900681,M00013,KOSELI SIVAMA KUTU 210-080 LITOGRAFI 3 PARÇA,2026-02-07 22:07:40,2026-02-07 22:47:34,39.9,Yedek parça bekleniyor,Mekanik Arıza,0
4000445,900682,IE25900682,M00037,YUVARLAK KUTU 078-095 MAT LAK 3 PARÇA,2025-07-04 08:28:50,2025-07-04 09:42:02,73.2,,Malzeme Bekleme,0
4000446,900684,IE25900684,M00037,YUVARLAK KUTU 078-095 MAT LAK 3 PARÇA,2025-07-06 07:39:51,2025-07-06 07:59:27,19.6,Bakım çağrıldı,Kalıp Değişimi,0
4000447,900685,IE25900685,M00037,YUVARLAK KUTU 078-095 MAT LAK 3 PARÇA,2025-07-07 10:04:22,2025-07-07 10:24:22,20,Bakım çağrıldı,Kalıp Değişimi,0
4000448,900690,IE25900690,M00020,YUVARLAK KUTU 210-255 LITOGRAFI 2 PARÇA,2025-10-28 16:52:57,2025-10-28 18:10:51,77.9,Kalıp söküldü,Ayar / Numune Onayı,0
4000449,900691,IE25900691,M00020,YUVARLAK KUTU 210-255 LITOGRAFI 2 PARÇA,2025-10-29 13:21:27,2025-10-29 14:27:21,65.9,Operatör müdahalesi,Kalıp Değişimi,0
4000450,900694,IE26900694,M00050,YUVARLAK KUTU 158-175 HAM TENEKE 3 PARÇA,2026-04-19 14:01:53,2026-04-19 14:39:17,37.4,Operatör müdahalesi,Kalıp Değişimi,0
4000451,900695,IE26900695,M00050,YUVARLAK KUTU 158-175 HAM TENEKE 3 PARÇA,2026-04-20 11:11:09,2026-04-20 12:14:15,63.1,Operatör müdahalesi,Vardiya Devri,0
4000452,900696,IE26900696,M00050,YUVARLAK KUTU 158-175 HAM TENEKE 3 PARÇA,2026-04-21 12:24:49,2026-04-21 12:36:25,11.6,,Sac Sıkışması,0
4000453,900697,IE26900697,M00003,YUVARLAK KUTU 120-105 HAM TENEKE 2 PARÇA,2026-01-22 10:14:01,2026-01-22 11:17:37,63.6,Yedek parça bekleniyor,Vardiya Devri,0
4000454,900698,IE26900698,M00003,YUVARLAK KUTU 120-105 HAM TENEKE 2 PARÇA,2026-01-23 18:53:52,2026-01-23 20:10:46,76.9,Bakım çağrıldı,Personel Yetersizliği,0
4000455,900700,IE25900700,M00006,SEKILLI KUTU 175-205 HAM TENEKE 3 PARÇA,2025-07-09 12:40:16,2025-07-09 14:08:22,88.1,Operatör müdahalesi,Vardiya Devri,0
4000456,900701,IE25900701,M00006,SEKILLI KUTU 175-205 HAM TENEKE 3 PARÇA,2025-07-10 20:55:15,2025-07-10 21:22:33,27.3,Kalıp söküldü,Mekanik Arıza,0
4000457,900702,IE25900702,M00006,SEKILLI KUTU 175-205 HAM TENEKE 3 PARÇA,2025-07-11 11:40:35,2025-07-11 13:10:59,90.4,,Kalite Duruşu,0
4000458,900704,IE26900704,M00022,SEKIZGEN KUTU 135-145 VERNIKLI 2 PARÇA,2026-06-03 15:26:51,2026-06-03 16:31:51,65,,Kalıp Değişimi,0
4000459,900706,IE26900706,M00001,KAPAK 090-065 HAM TENEKE 2 PARÇA,2026-07-05 07:59:18,2026-07-05 08:30:00,30.7,Kalıp söküldü,Elektrik Arızası,0
4000460,900708,IE26900708,M00001,KAPAK 090-065 HAM TENEKE 2 PARÇA,2026-07-07 18:53:58,2026-07-07 19:07:28,13.5,Kalıp söküldü,Kalıp Değişimi,0
4000461,900709,IE26900709,M00001,KAPAK 090-065 HAM TENEKE 2 PARÇA,2026-07-08 20:09:13,2026-07-08 21:24:37,75.4,Kalıp söküldü,Vardiya Devri,0
4000462,900710,IE25900710,M00001,KAPAK 090-065 HAM TENEKE 2 PARÇA,2025-08-02 16:10:57,2025-08-02 17:21:33,70.6,Kalıp söküldü,Malzeme Bekleme,0
4000463,900711,IE25900711,M00001,KAPAK 090-065 HAM TENEKE 2 PARÇA,2025-08-03 13:14:58,2025-08-03 13:33:16,18.3,,Kalıp Değişimi,0
4000464,900714,IE25900714,M00056,TEPSI 325-125 LITOGRAFI 2 PARÇA,2025-08-03 19:40:40,2025-08-03 20:13:28,32.8,,Ayar / Numune Onayı,0
4000465,900715,IE25900715,M00056,TEPSI 325-125 LITOGRAFI 2 PARÇA,2025-08-04 15:05:10,2025-08-04 16:31:28,86.3,Kalıp söküldü,Vardiya Devri,0
4000466,900717,IE25900717,M00056,TEPSI 325-125 LITOGRAFI 2 PARÇA,2025-08-06 16:43:54,2025-08-06 17:33:06,49.2,Operatör müdahalesi,Malzeme Bekleme,0
4000467,900718,IE25900718,M00001,KAPAK 090-065 HAM TENEKE 2 PARÇA,2025-11-07 22:30:01,2025-11-07 22:58:19,28.3,Kalıp söküldü,Sac Sıkışması,0
4000468,900719,IE25900719,M00001,KAPAK 090-065 HAM TENEKE 2 PARÇA,2025-11-08 10:01:50,2025-11-08 11:08:08,66.3,Kalıp söküldü,Malzeme Bekleme,0
4000469,900724,IE25900724,M00019,OVAL KUTU 295-165 VERNIKLI 2 PARÇA,2025-07-23 18:14:28,2025-07-23 18:49:28,35,Bakım çağrıldı,Ayar / Numune Onayı,0
4000470,900725,IE25900725,M00002,TEPSI 325-125 MAT LAK 3 PARÇA,2025-11-16 16:55:47,2025-11-16 17:53:47,58,Operatör müdahalesi,Enerji Kesintisi,0
4000471,900726,IE25900726,M00002,TEPSI 325-125 MAT LAK 3 PARÇA,2025-11-17 13:07:50,2025-11-17 14:09:26,61.6,Bakım çağrıldı,Vardiya Devri,0
4000472,900727,IE25900727,M00002,TEPSI 325-125 MAT LAK 3 PARÇA,2025-11-18 16:21:08,2025-11-18 16:27:02,5.9,Operatör müdahalesi,Kalıp Değişimi,0
4000473,900728,IE25900728,M00002,TEPSI 325-125 MAT LAK 3 PARÇA,2025-11-19 13:25:13,2025-11-19 13:45:25,20.2,,Ayar / Numune Onayı,0
4000474,900729,IE26900729,M00001,KAPAK 090-065 HAM TENEKE 2 PARÇA,2026-02-02 08:31:37,2026-02-02 08:51:19,19.7,Bakım çağrıldı,Mekanik Arıza,0
4000475,900731,IE26900731,M00001,KAPAK 090-065 HAM TENEKE 2 PARÇA,2026-02-04 13:56:48,2026-02-04 14:55:18,58.5,Kalıp söküldü,Personel Yetersizliği,0
4000476,900734,IE26900734,M00002,TEPSI 325-125 MAT LAK 3 PARÇA,2026-04-27 17:16:30,2026-04-27 18:00:30,44,,Kalıp Değişimi,0
4000477,900735,IE25900735,M00001,KAPAK 090-065 HAM TENEKE 2 PARÇA,2025-07-16 10:06:18,2025-07-16 11:10:42,64.4,Kalıp söküldü,Planlı Bakım,0
4000478,900737,IE25900737,M00001,KAPAK 090-065 HAM TENEKE 2 PARÇA,2025-07-18 12:47:02,2025-07-18 12:58:50,11.8,Bakım çağrıldı,Kalıp Değişimi,0
4000479,900738,IE25900738,M00001,KAPAK 090-065 HAM TENEKE 2 PARÇA,2025-07-19 18:47:17,2025-07-19 20:09:35,82.3,Yedek parça bekleniyor,Vardiya Devri,0
4000480,900739,IE26900739,M00004,YUVARLAK KUTU 210-255 MAT LAK 3 PARÇA,2026-07-14 09:28:50,2026-07-14 10:54:02,85.2,Yedek parça bekleniyor,Kalıp Değişimi,0
4000481,900741,IE26900741,M00004,YUVARLAK KUTU 210-255 MAT LAK 3 PARÇA,2026-07-16 08:46:06,2026-07-16 09:27:30,41.4,Yedek parça bekleniyor,Planlı Bakım,0
4000482,900746,IE25900746,M00042,SEKIZGEN KUTU 135-145 LITOGRAFI 3 PARÇA,2025-11-11 10:20:06,2025-11-11 10:26:00,5.9,Operatör müdahalesi,Kalıp Değişimi,0
4000483,900747,IE25900747,M00042,SEKIZGEN KUTU 135-145 LITOGRAFI 3 PARÇA,2025-11-12 14:52:54,2025-11-12 15:44:00,51.1,Kalıp söküldü,Personel Yetersizliği,0
4000484,900748,IE25900748,M00042,SEKIZGEN KUTU 135-145 LITOGRAFI 3 PARÇA,2025-11-13 20:14:48,2025-11-13 20:43:36,28.8,Yedek parça bekleniyor,Kalıp Değişimi,0
4000485,900751,IE25900751,M00031,YUVARLAK KUTU 145-095 MAT LAK 2 PARÇA,2025-09-05 14:01:23,2025-09-05 14:17:53,16.5,Bakım çağrıldı,Planlı Bakım,0
4000486,900752,IE25900752,M00031,YUVARLAK KUTU 145-095 MAT LAK 2 PARÇA,2025-09-06 10:13:37,2025-09-06 10:26:01,12.4,,Malzeme Bekleme,0
4000487,900753,IE25900753,M00031,YUVARLAK KUTU 145-095 MAT LAK 2 PARÇA,2025-09-07 17:52:36,2025-09-07 18:58:06,65.5,Bakım çağrıldı,Kalıp Değişimi,0
4000488,900754,IE25900754,M00002,TEPSI 325-125 MAT LAK 3 PARÇA,2025-07-23 20:32:44,2025-07-23 21:07:50,35.1,Operatör müdahalesi,Mekanik Arıza,0
4000489,900755,IE25900755,M00002,TEPSI 325-125 MAT LAK 3 PARÇA,2025-07-24 08:29:40,2025-07-24 09:21:04,51.4,Kalıp söküldü,Personel Yetersizliği,0
4000490,900756,IE25900756,M00002,TEPSI 325-125 MAT LAK 3 PARÇA,2025-07-25 10:33:36,2025-07-25 11:35:42,62.1,Operatör müdahalesi,Elektrik Arızası,0
4000491,900757,IE25900757,M00002,TEPSI 325-125 MAT LAK 3 PARÇA,2025-07-26 18:22:37,2025-07-26 19:01:19,38.7,Yedek parça bekleniyor,Kalite Duruşu,0
4000492,900758,IE25900758,M00034,SEKIZGEN KUTU Ø050 LITOGRAFI 2 PARÇA,2025-11-11 11:48:02,2025-11-11 13:01:32,73.5,,Malzeme Bekleme,0
4000493,900759,IE25900759,M00034,SEKIZGEN KUTU Ø050 LITOGRAFI 2 PARÇA,2025-11-12 18:50:06,2025-11-12 19:11:42,21.6,Operatör müdahalesi,Malzeme Bekleme,0
4000494,900760,IE25900760,M00034,SEKIZGEN KUTU Ø050 LITOGRAFI 2 PARÇA,2025-11-13 09:39:58,2025-11-13 10:13:52,33.9,Kalıp söküldü,Hidrolik Kaçak,0
4000495,900761,IE25900761,M00034,SEKIZGEN KUTU Ø050 LITOGRAFI 2 PARÇA,2025-11-14 11:56:15,2025-11-14 12:10:51,14.6,Operatör müdahalesi,Personel Yetersizliği,0
4000496,900762,IE25900762,M00021,KAPAK 090-065 MAT LAK 3 PARÇA,2025-10-05 09:20:20,2025-10-05 10:16:56,56.6,Kalıp söküldü,Elektrik Arızası,0
4000497,900764,IE25900764,M00021,KAPAK 090-065 MAT LAK 3 PARÇA,2025-10-07 18:35:19,2025-10-07 19:06:31,31.2,Bakım çağrıldı,Kalıp Değişimi,0
4000498,900767,IE26900767,M00159,SEKILLI KUTU 175-205 MAT LAK 2 PARÇA,2026-04-26 12:03:48,2026-04-26 12:12:30,8.7,Yedek parça bekleniyor,Mekanik Arıza,0
4000499,900769,IE25900769,M00010,YUVARLAK KUTU 255-205 MAT LAK 3 PARÇA,2025-07-28 08:13:56,2025-07-28 08:30:14,16.3,Bakım çağrıldı,Kalite Duruşu,0
4000500,900770,IE25900770,M00010,YUVARLAK KUTU 255-205 MAT LAK 3 PARÇA,2025-07-29 17:14:00,2025-07-29 18:15:18,61.3,Bakım çağrıldı,Sac Sıkışması,0
4000501,900771,IE25900771,M00010,YUVARLAK KUTU 255-205 MAT LAK 3 PARÇA,2025-07-30 19:22:15,2025-07-30 19:36:15,14,,Ayar / Numune Onayı,0
4000502,900772,IE25900772,M00010,YUVARLAK KUTU 255-205 MAT LAK 3 PARÇA,2025-07-31 21:09:28,2025-07-31 21:47:40,38.2,,Mekanik Arıza,0
4000503,900773,IE26900773,M00032,TEPSI Ø068 VERNIKLI 3 PARÇA,2026-06-27 17:03:31,2026-06-27 17:10:49,7.3,Yedek parça bekleniyor,Malzeme Bekleme,0
4000504,900774,IE26900774,M00032,TEPSI Ø068 VERNIKLI 3 PARÇA,2026-06-28 18:12:46,2026-06-28 18:51:34,38.8,Operatör müdahalesi,Ayar / Numune Onayı,0
4000505,900775,IE26900775,M00032,TEPSI Ø068 VERNIKLI 3 PARÇA,2026-06-29 09:00:09,2026-06-29 09:15:45,15.6,Operatör müdahalesi,Kalıp Değişimi,0
4000506,900776,IE26900776,M00032,TEPSI Ø068 VERNIKLI 3 PARÇA,2026-06-30 12:50:39,2026-06-30 13:10:15,19.6,,Kalıp Değişimi,0
4000507,900778,IE26900778,M00003,YUVARLAK KUTU 120-105 HAM TENEKE 2 PARÇA,2026-04-14 14:01:37,2026-04-14 14:57:49,56.2,Operatör müdahalesi,Sac Sıkışması,0
4000508,900781,IE25900781,M00170,YUVARLAK KUTU Ø050 LITOGRAFI 3 PARÇA,2025-08-12 13:30:10,2025-08-12 14:37:52,67.7,,Kalite Duruşu,0
4000509,900783,IE25900783,M00170,YUVARLAK KUTU Ø050 LITOGRAFI 3 PARÇA,2025-08-14 08:18:04,2025-08-14 09:18:58,60.9,,Kalıp Değişimi,0
4000510,900784,IE26900784,M00005,DIKDORTGEN KUTU 145-095 MAT LAK 2 PARÇA,2026-05-17 09:52:53,2026-05-17 10:18:11,25.3,,Vardiya Devri,0
4000511,900785,IE26900785,M00005,DIKDORTGEN KUTU 145-095 MAT LAK 2 PARÇA,2026-05-18 18:15:40,2026-05-18 19:04:52,49.2,,Kalıp Değişimi,0
4000512,900786,IE26900786,M00005,DIKDORTGEN KUTU 145-095 MAT LAK 2 PARÇA,2026-05-19 13:29:15,2026-05-19 13:49:51,20.6,Bakım çağrıldı,Kalıp Değişimi,0
4000513,900787,IE26900787,M00005,DIKDORTGEN KUTU 145-095 MAT LAK 2 PARÇA,2026-05-20 15:19:26,2026-05-20 15:56:44,37.3,Operatör müdahalesi,Sac Sıkışması,0
4000514,900788,IE26900788,M00019,OVAL KUTU 295-165 VERNIKLI 2 PARÇA,2026-02-15 10:07:40,2026-02-15 10:42:10,34.5,Bakım çağrıldı,Mekanik Arıza,0
4000515,900789,IE26900789,M00019,OVAL KUTU 295-165 VERNIKLI 2 PARÇA,2026-02-16 12:31:22,2026-02-16 12:56:16,24.9,,Planlı Bakım,0
4000516,900790,IE26900790,M00019,OVAL KUTU 295-165 VERNIKLI 2 PARÇA,2026-02-17 12:28:44,2026-02-17 13:23:08,54.4,Operatör müdahalesi,Kalıp Değişimi,0
4000517,900791,IE26900791,M00019,OVAL KUTU 295-165 VERNIKLI 2 PARÇA,2026-02-18 14:34:33,2026-02-18 15:13:09,38.6,,Mekanik Arıza,0
4000518,900792,IE26900792,M00005,DIKDORTGEN KUTU 145-095 MAT LAK 2 PARÇA,2026-04-15 09:21:47,2026-04-15 10:16:05,54.3,Bakım çağrıldı,Kalıp Değişimi,0
4000519,900794,IE26900794,M00005,DIKDORTGEN KUTU 145-095 MAT LAK 2 PARÇA,2026-04-17 19:40:39,2026-04-17 21:26:57,106.3,Bakım çağrıldı,Sac Sıkışması,0
4000520,900796,IE26900796,M00046,DIKDORTGEN KUTU 185-115 MAT LAK 2 PARÇA,2026-03-19 19:40:57,2026-03-19 20:08:45,27.8,,Kalite Duruşu,0
4000521,900798,IE26900798,M00046,DIKDORTGEN KUTU 185-115 MAT LAK 2 PARÇA,2026-03-21 14:33:34,2026-03-21 15:03:28,29.9,Kalıp söküldü,Malzeme Bekleme,0
4000522,900799,IE26900799,M00046,DIKDORTGEN KUTU 185-115 MAT LAK 2 PARÇA,2026-03-22 17:03:23,2026-03-22 17:35:53,32.5,,Sac Sıkışması,0
4000523,900800,IE25900800,M00002,TEPSI 325-125 MAT LAK 3 PARÇA,2025-10-21 10:07:06,2025-10-21 11:06:06,59,Bakım çağrıldı,Personel Yetersizliği,0
4000524,900802,IE25900802,M00002,TEPSI 325-125 MAT LAK 3 PARÇA,2025-10-23 15:02:01,2025-10-23 15:49:13,47.2,Kalıp söküldü,Kalıp Değişimi,0
4000525,900803,IE26900803,M00013,KOSELI SIVAMA KUTU 210-080 LITOGRAFI 3 PARÇA,2026-04-25 20:59:57,2026-04-25 21:22:51,22.9,Kalıp söküldü,Mekanik Arıza,0
4000526,900804,IE26900804,M00013,KOSELI SIVAMA KUTU 210-080 LITOGRAFI 3 PARÇA,2026-04-26 14:40:37,2026-04-26 15:04:37,24,Operatör müdahalesi,Mekanik Arıza,0
4000527,900805,IE26900805,M00013,KOSELI SIVAMA KUTU 210-080 LITOGRAFI 3 PARÇA,2026-04-27 07:41:10,2026-04-27 07:56:04,14.9,Operatör müdahalesi,Kalıp Değişimi,0
4000528,900807,IE25900807,M00033,YUVARLAK KUTU Ø092 MAT LAK 3 PARÇA,2025-07-09 14:01:05,2025-07-09 14:23:05,22,Yedek parça bekleniyor,Kalite Duruşu,0
4000529,900808,IE25900808,M00033,YUVARLAK KUTU Ø092 MAT LAK 3 PARÇA,2025-07-10 21:13:51,2025-07-10 22:14:27,60.6,Bakım çağrıldı,Kalıp Değişimi,0
4000530,900811,IE26900811,M00002,TEPSI 325-125 MAT LAK 3 PARÇA,2026-02-26 12:07:11,2026-02-26 12:53:53,46.7,Operatör müdahalesi,Kalıp Değişimi,0
4000531,900813,IE26900813,M00004,YUVARLAK KUTU 210-255 MAT LAK 3 PARÇA,2026-03-06 14:50:13,2026-03-06 15:06:19,16.1,Operatör müdahalesi,Kalıp Değişimi,0
4000532,900814,IE26900814,M00004,YUVARLAK KUTU 210-255 MAT LAK 3 PARÇA,2026-03-07 19:41:04,2026-03-07 20:43:16,62.2,,Ayar / Numune Onayı,0
4000533,900815,IE26900815,M00004,YUVARLAK KUTU 210-255 MAT LAK 3 PARÇA,2026-03-08 20:57:55,2026-03-08 22:07:01,69.1,Operatör müdahalesi,Elektrik Arızası,0
4000534,900817,IE25900817,M00010,YUVARLAK KUTU 255-205 MAT LAK 3 PARÇA,2025-10-01 15:28:43,2025-10-01 15:46:43,18,Yedek parça bekleniyor,Planlı Bakım,0
4000535,900818,IE25900818,M00010,YUVARLAK KUTU 255-205 MAT LAK 3 PARÇA,2025-10-02 16:32:04,2025-10-02 16:45:10,13.1,Operatör müdahalesi,Kalıp Değişimi,0
4000536,900820,IE26900820,M00002,TEPSI 325-125 MAT LAK 3 PARÇA,2026-07-30 16:39:46,2026-07-30 17:02:34,22.8,,Planlı Bakım,0
4000537,900824,IE25900824,M00006,SEKILLI KUTU 175-205 HAM TENEKE 3 PARÇA,2025-06-26 18:35:42,2025-06-26 18:51:06,15.4,Operatör müdahalesi,Ayar / Numune Onayı,0
4000538,900825,IE25900825,M00006,SEKILLI KUTU 175-205 HAM TENEKE 3 PARÇA,2025-06-27 17:41:15,2025-06-27 18:17:57,36.7,Bakım çağrıldı,Kalıp Değişimi,0
4000539,900826,IE25900826,M00006,SEKILLI KUTU 175-205 HAM TENEKE 3 PARÇA,2025-06-28 20:10:31,2025-06-28 20:21:55,11.4,Operatör müdahalesi,Kalıp Değişimi,0
4000540,900828,IE26900828,M00029,YUVARLAK-SIVAMA KUTU Ø068 HAM TENEKE 2 PARÇA,2026-03-29 18:33:17,2026-03-29 20:08:05,94.8,,Malzeme Bekleme,0
4000541,900829,IE26900829,M00029,YUVARLAK-SIVAMA KUTU Ø068 HAM TENEKE 2 PARÇA,2026-03-30 13:33:47,2026-03-30 13:54:11,20.4,Operatör müdahalesi,Mekanik Arıza,0
4000542,900830,IE26900830,M00029,YUVARLAK-SIVAMA KUTU Ø068 HAM TENEKE 2 PARÇA,2026-03-31 22:01:28,2026-03-31 22:09:58,8.5,Kalıp söküldü,Mekanik Arıza,0
4000543,900831,IE26900831,M00003,YUVARLAK KUTU 120-105 HAM TENEKE 2 PARÇA,2026-05-12 15:28:07,2026-05-12 16:18:01,49.9,Operatör müdahalesi,Elektrik Arızası,0
4000544,900832,IE26900832,M00003,YUVARLAK KUTU 120-105 HAM TENEKE 2 PARÇA,2026-05-13 17:43:40,2026-05-13 18:44:46,61.1,Bakım çağrıldı,Kalıp Değişimi,0
4000545,900833,IE26900833,M00003,YUVARLAK KUTU 120-105 HAM TENEKE 2 PARÇA,2026-05-14 17:51:36,2026-05-14 18:40:42,49.1,,Planlı Bakım,0
4000546,900834,IE26900834,M00008,YUVARLAK KUTU 210-255 HAM TENEKE 3 PARÇA,2026-01-19 13:08:41,2026-01-19 13:27:23,18.7,Bakım çağrıldı,Vardiya Devri,0
4000547,900835,IE26900835,M00008,YUVARLAK KUTU 210-255 HAM TENEKE 3 PARÇA,2026-01-20 19:04:18,2026-01-20 19:57:00,52.7,Bakım çağrıldı,Mekanik Arıza,0
4000548,900837,IE26900837,M00016,YUVARLAK-SIVAMA KUTU Ø068 HAM TENEKE 2 PARÇA,2026-01-27 21:36:57,2026-01-27 22:02:57,26,Yedek parça bekleniyor,Ayar / Numune Onayı,0
4000549,900839,IE26900839,M00016,YUVARLAK-SIVAMA KUTU Ø068 HAM TENEKE 2 PARÇA,2026-01-29 18:38:28,2026-01-29 18:55:10,16.7,Bakım çağrıldı,Ayar / Numune Onayı,0
4000550,900840,IE26900840,M00016,YUVARLAK-SIVAMA KUTU Ø068 HAM TENEKE 2 PARÇA,2026-01-30 15:36:01,2026-01-30 15:43:13,7.2,Bakım çağrıldı,Personel Yetersizliği,0
4000551,900841,IE26900841,M00001,KAPAK 090-065 HAM TENEKE 2 PARÇA,2026-05-23 09:39:51,2026-05-23 11:06:27,86.6,Bakım çağrıldı,Elektrik Arızası,0
4000552,900842,IE26900842,M00001,KAPAK 090-065 HAM TENEKE 2 PARÇA,2026-05-24 20:10:44,2026-05-24 21:01:02,50.3,Kalıp söküldü,Kalıp Değişimi,0
4000553,900843,IE26900843,M00001,KAPAK 090-065 HAM TENEKE 2 PARÇA,2026-05-25 13:29:37,2026-05-25 14:09:31,39.9,Yedek parça bekleniyor,Kalıp Değişimi,0
4000554,900845,IE26900845,M00102,YUVARLAK KUTU 210-255 HAM TENEKE 3 PARÇA,2026-05-06 15:08:16,2026-05-06 15:44:16,36,Yedek parça bekleniyor,Enerji Kesintisi,0
4000555,900847,IE25900847,M00018,SEKIZGEN KUTU 135-145 HAM TENEKE 2 PARÇA,2025-11-24 18:04:35,2025-11-24 18:30:35,26,Kalıp söküldü,Sac Sıkışması,0
4000556,900848,IE25900848,M00018,SEKIZGEN KUTU 135-145 HAM TENEKE 2 PARÇA,2025-11-25 21:18:35,2025-11-25 22:04:23,45.8,,Ayar / Numune Onayı,0
4000557,900850,IE26900850,M00010,YUVARLAK KUTU 255-205 MAT LAK 3 PARÇA,2026-06-03 17:16:55,2026-06-03 17:44:19,27.4,Operatör müdahalesi,Elektrik Arızası,0
4000558,900851,IE26900851,M00010,YUVARLAK KUTU 255-205 MAT LAK 3 PARÇA,2026-06-04 13:09:40,2026-06-04 13:41:10,31.5,Kalıp söküldü,Hidrolik Kaçak,0
4000559,900852,IE26900852,M00010,YUVARLAK KUTU 255-205 MAT LAK 3 PARÇA,2026-06-05 13:36:25,2026-06-05 14:16:13,39.8,Bakım çağrıldı,Mekanik Arıza,0
4000560,900853,IE26900853,M00002,TEPSI 325-125 MAT LAK 3 PARÇA,2026-04-15 19:36:16,2026-04-15 19:48:16,12,,Kalıp Değişimi,0
4000561,900856,IE25900856,M00002,TEPSI 325-125 MAT LAK 3 PARÇA,2025-06-28 12:20:40,2025-06-28 13:18:22,57.7,Operatör müdahalesi,Malzeme Bekleme,0
4000562,900857,IE25900857,M00002,TEPSI 325-125 MAT LAK 3 PARÇA,2025-06-29 08:51:56,2025-06-29 09:56:14,64.3,Yedek parça bekleniyor,Vardiya Devri,0
4000563,900859,IE26900859,M00003,YUVARLAK KUTU 120-105 HAM TENEKE 2 PARÇA,2026-02-21 09:29:38,2026-02-21 10:55:50,86.2,,Enerji Kesintisi,0
4000564,900860,IE26900860,M00003,YUVARLAK KUTU 120-105 HAM TENEKE 2 PARÇA,2026-02-22 09:50:30,2026-02-22 10:45:54,55.4,Bakım çağrıldı,Malzeme Bekleme,0
4000565,900861,IE26900861,M00003,YUVARLAK KUTU 120-105 HAM TENEKE 2 PARÇA,2026-02-23 09:27:04,2026-02-23 10:19:52,52.8,Operatör müdahalesi,Kalıp Değişimi,0
4000566,900862,IE26900862,M00003,YUVARLAK KUTU 120-105 HAM TENEKE 2 PARÇA,2026-01-11 08:03:44,2026-01-11 08:35:14,31.5,,Sac Sıkışması,0
4000567,900864,IE26900864,M00003,YUVARLAK KUTU 120-105 HAM TENEKE 2 PARÇA,2026-01-13 12:47:18,2026-01-13 13:05:18,18,Kalıp söküldü,Vardiya Devri,0
4000568,900865,IE26900865,M00003,YUVARLAK KUTU 120-105 HAM TENEKE 2 PARÇA,2026-01-14 20:05:44,2026-01-14 20:24:08,18.4,Operatör müdahalesi,Kalite Duruşu,0
4000569,900866,IE26900866,M00066,SEKIZGEN KUTU 135-145 VERNIKLI 2 PARÇA,2026-04-02 18:43:52,2026-04-02 19:29:52,46,Bakım çağrıldı,Sac Sıkışması,0
4000570,900867,IE26900867,M00066,SEKIZGEN KUTU 135-145 VERNIKLI 2 PARÇA,2026-04-03 18:25:24,2026-04-03 18:49:30,24.1,Operatör müdahalesi,Kalıp Değişimi,0
4000571,900868,IE26900868,M00066,SEKIZGEN KUTU 135-145 VERNIKLI 2 PARÇA,2026-04-04 22:34:01,2026-04-04 23:07:01,33,Bakım çağrıldı,Ayar / Numune Onayı,0
4000572,900869,IE26900869,M00066,SEKIZGEN KUTU 135-145 VERNIKLI 2 PARÇA,2026-04-05 12:11:18,2026-04-05 12:57:12,45.9,Yedek parça bekleniyor,Personel Yetersizliği,0
4000573,900870,IE25900870,M00015,YUVARLAK KUTU Ø092 MAT LAK 2 PARÇA,2025-09-08 13:52:02,2025-09-08 14:20:56,28.9,Operatör müdahalesi,Kalite Duruşu,0
4000574,900871,IE25900871,M00015,YUVARLAK KUTU Ø092 MAT LAK 2 PARÇA,2025-09-09 18:23:50,2025-09-09 18:50:44,26.9,Bakım çağrıldı,Ayar / Numune Onayı,0
4000575,900872,IE25900872,M00015,YUVARLAK KUTU Ø092 MAT LAK 2 PARÇA,2025-09-10 20:05:34,2025-09-10 20:21:16,15.7,Bakım çağrıldı,Vardiya Devri,0
4000576,900874,IE25900874,M00004,YUVARLAK KUTU 210-255 MAT LAK 3 PARÇA,2025-07-24 15:23:24,2025-07-24 15:56:18,32.9,Kalıp söküldü,Mekanik Arıza,0
4000577,900875,IE25900875,M00004,YUVARLAK KUTU 210-255 MAT LAK 3 PARÇA,2025-07-25 17:46:34,2025-07-25 18:28:28,41.9,Bakım çağrıldı,Malzeme Bekleme,0
4000578,900876,IE25900876,M00004,YUVARLAK KUTU 210-255 MAT LAK 3 PARÇA,2025-07-26 12:16:17,2025-07-26 12:26:23,10.1,Yedek parça bekleniyor,Kalıp Değişimi,0
4000579,900878,IE26900878,M00002,TEPSI 325-125 MAT LAK 3 PARÇA,2026-04-21 11:16:56,2026-04-21 12:11:38,54.7,Bakım çağrıldı,Personel Yetersizliği,0
4000580,900881,IE26900881,M00002,TEPSI 325-125 MAT LAK 3 PARÇA,2026-04-24 12:00:58,2026-04-24 12:27:52,26.9,Operatör müdahalesi,Ayar / Numune Onayı,0
4000581,900882,IE25900882,M00004,YUVARLAK KUTU 210-255 MAT LAK 3 PARÇA,2025-11-23 09:41:02,2025-11-23 10:05:32,24.5,Bakım çağrıldı,Ayar / Numune Onayı,0
4000582,900883,IE25900883,M00004,YUVARLAK KUTU 210-255 MAT LAK 3 PARÇA,2025-11-24 12:36:03,2025-11-24 12:59:57,23.9,Yedek parça bekleniyor,Sac Sıkışması,0
4000583,900885,IE25900885,M00004,YUVARLAK KUTU 210-255 MAT LAK 3 PARÇA,2025-11-26 11:17:16,2025-11-26 11:48:58,31.7,,Kalıp Değişimi,0
4000584,900886,IE25900886,M00007,DIKDORTGEN KUTU 185-115 MAT LAK 2 PARÇA,2025-07-01 18:24:18,2025-07-01 19:16:30,52.2,Kalıp söküldü,Elektrik Arızası,0
4000585,900889,IE25900889,M00005,DIKDORTGEN KUTU 145-095 MAT LAK 2 PARÇA,2025-07-13 13:20:56,2025-07-13 14:43:02,82.1,Yedek parça bekleniyor,Kalıp Değişimi,0
4000586,900891,IE25900891,M00005,DIKDORTGEN KUTU 145-095 MAT LAK 2 PARÇA,2025-07-15 10:47:22,2025-07-15 11:20:46,33.4,Bakım çağrıldı,Kalıp Değişimi,0
4000587,900892,IE26900892,M00019,OVAL KUTU 295-165 VERNIKLI 2 PARÇA,2026-05-02 08:58:57,2026-05-02 09:37:45,38.8,Bakım çağrıldı,Hidrolik Kaçak,0
4000588,900893,IE26900893,M00019,OVAL KUTU 295-165 VERNIKLI 2 PARÇA,2026-05-03 09:56:10,2026-05-03 10:25:10,29,Operatör müdahalesi,Mekanik Arıza,0
4000589,900894,IE26900894,M00019,OVAL KUTU 295-165 VERNIKLI 2 PARÇA,2026-05-04 17:22:38,2026-05-04 17:51:32,28.9,Operatör müdahalesi,Kalite Duruşu,0
4000590,900895,IE26900895,M00019,OVAL KUTU 295-165 VERNIKLI 2 PARÇA,2026-05-05 17:37:04,2026-05-05 18:28:46,51.7,Kalıp söküldü,Malzeme Bekleme,0
4000591,900896,IE26900896,M00009,YUVARLAK KUTU 245-175 VERNIKLI 3 PARÇA,2026-01-13 15:59:28,2026-01-13 16:39:46,40.3,Operatör müdahalesi,Kalıp Değişimi,0
4000592,900899,IE26900899,M00046,DIKDORTGEN KUTU 185-115 MAT LAK 2 PARÇA,2026-05-08 09:22:10,2026-05-08 09:30:28,8.3,Operatör müdahalesi,Mekanik Arıza,0
4000593,900900,IE26900900,M00046,DIKDORTGEN KUTU 185-115 MAT LAK 2 PARÇA,2026-05-09 18:50:48,2026-05-09 20:10:36,79.8,,Mekanik Arıza,0
4000594,900901,IE26900901,M00046,DIKDORTGEN KUTU 185-115 MAT LAK 2 PARÇA,2026-05-10 22:24:36,2026-05-10 22:59:00,34.4,,Vardiya Devri,0
4000595,900902,IE26900902,M00037,YUVARLAK KUTU 078-095 MAT LAK 3 PARÇA,2026-02-25 08:40:03,2026-02-25 09:45:57,65.9,,Kalıp Değişimi,0
4000596,900903,IE26900903,M00037,YUVARLAK KUTU 078-095 MAT LAK 3 PARÇA,2026-02-26 08:11:45,2026-02-26 09:10:21,58.6,Operatör müdahalesi,Ayar / Numune Onayı,0
4000597,900905,IE26900905,M00037,YUVARLAK KUTU 078-095 MAT LAK 3 PARÇA,2026-02-28 18:48:29,2026-02-28 18:54:05,5.6,,Vardiya Devri,0
4000598,900906,IE26900906,M00003,YUVARLAK KUTU 120-105 HAM TENEKE 2 PARÇA,2026-06-20 14:03:34,2026-06-20 15:28:40,85.1,Yedek parça bekleniyor,Elektrik Arızası,0
4000599,900907,IE26900907,M00003,YUVARLAK KUTU 120-105 HAM TENEKE 2 PARÇA,2026-06-21 19:54:16,2026-06-21 20:53:04,58.8,Bakım çağrıldı,Kalıp Değişimi,0
4000600,900908,IE26900908,M00003,YUVARLAK KUTU 120-105 HAM TENEKE 2 PARÇA,2026-06-22 10:39:17,2026-06-22 11:41:29,62.2,Bakım çağrıldı,Elektrik Arızası,0
4000601,900909,IE26900909,M00003,YUVARLAK KUTU 120-105 HAM TENEKE 2 PARÇA,2026-06-23 08:16:28,2026-06-23 09:10:28,54,Operatör müdahalesi,Elektrik Arızası,0
4000602,900910,IE26900910,M00003,YUVARLAK KUTU 120-105 HAM TENEKE 2 PARÇA,2026-05-13 16:01:38,2026-05-13 16:28:20,26.7,Kalıp söküldü,Kalıp Değişimi,0
4000603,900912,IE26900912,M00003,YUVARLAK KUTU 120-105 HAM TENEKE 2 PARÇA,2026-05-15 09:18:29,2026-05-15 09:31:53,13.4,Operatör müdahalesi,Kalite Duruşu,0
4000604,900913,IE26900913,M00003,YUVARLAK KUTU 120-105 HAM TENEKE 2 PARÇA,2026-05-16 13:03:44,2026-05-16 14:48:56,105.2,Yedek parça bekleniyor,Sac Sıkışması,0
4000605,900914,IE25900914,M00101,YUVARLAK KUTU 094-050 HAM TENEKE 3 PARÇA,2025-06-26 15:52:01,2025-06-26 16:12:01,20,Bakım çağrıldı,Personel Yetersizliği,0
4000606,900918,IE25900918,M00002,TEPSI 325-125 MAT LAK 3 PARÇA,2025-11-13 15:55:42,2025-11-13 16:03:54,8.2,Bakım çağrıldı,Planlı Bakım,0
4000607,900923,IE25900923,M00001,KAPAK 090-065 HAM TENEKE 2 PARÇA,2025-06-27 14:35:06,2025-06-27 14:43:18,8.2,,Mekanik Arıza,0
4000608,900925,IE25900925,M00001,KAPAK 090-065 HAM TENEKE 2 PARÇA,2025-06-29 23:08:21,2025-06-30 00:42:39,94.3,,Mekanik Arıza,0
4000609,900926,IE26900926,M00039,YUVARLAK KUTU 078-095 HAM TENEKE 2 PARÇA,2026-07-03 10:55:35,2026-07-03 11:16:35,21,Operatör müdahalesi,Vardiya Devri,0
4000610,900927,IE26900927,M00039,YUVARLAK KUTU 078-095 HAM TENEKE 2 PARÇA,2026-07-04 11:20:40,2026-07-04 12:36:16,75.6,Yedek parça bekleniyor,Planlı Bakım,0
4000611,900928,IE26900928,M00039,YUVARLAK KUTU 078-095 HAM TENEKE 2 PARÇA,2026-07-05 22:02:56,2026-07-05 22:49:20,46.4,Kalıp söküldü,Kalıp Değişimi,0
4000612,900929,IE25900929,M00298,YUVARLAK KUTU Ø148 VERNIKLI 2 PARÇA,2025-12-11 15:36:32,2025-12-11 16:48:44,72.2,Yedek parça bekleniyor,Kalıp Değişimi,0
4000613,900930,IE25900930,M00298,YUVARLAK KUTU Ø148 VERNIKLI 2 PARÇA,2025-12-12 21:09:14,2025-12-12 21:59:56,50.7,Kalıp söküldü,Malzeme Bekleme,0
4000614,900931,IE25900931,M00298,YUVARLAK KUTU Ø148 VERNIKLI 2 PARÇA,2025-12-13 08:24:42,2025-12-13 08:35:54,11.2,,Kalıp Değişimi,0
4000615,900933,IE25900933,M00004,YUVARLAK KUTU 210-255 MAT LAK 3 PARÇA,2025-08-07 07:39:16,2025-08-07 08:46:28,67.2,Bakım çağrıldı,Malzeme Bekleme,0
4000616,900934,IE25900934,M00004,YUVARLAK KUTU 210-255 MAT LAK 3 PARÇA,2025-08-08 17:41:57,2025-08-08 17:58:51,16.9,Operatör müdahalesi,Ayar / Numune Onayı,0
4000617,900935,IE25900935,M00011,YUVARLAK KUTU 120-105 HAM TENEKE 3 PARÇA,2025-12-08 08:14:39,2025-12-08 09:22:21,67.7,Yedek parça bekleniyor,Mekanik Arıza,0
4000618,900936,IE25900936,M00011,YUVARLAK KUTU 120-105 HAM TENEKE 3 PARÇA,2025-12-09 13:03:50,2025-12-09 13:21:08,17.3,Kalıp söküldü,Ayar / Numune Onayı,0
4000619,900938,IE26900938,M00230,YUVARLAK KUTU 094-050 LITOGRAFI 2 PARÇA,2026-04-25 13:51:08,2026-04-25 14:58:50,67.7,Yedek parça bekleniyor,Kalıp Değişimi,0
4000620,900940,IE26900940,M00230,YUVARLAK KUTU 094-050 LITOGRAFI 2 PARÇA,2026-04-27 22:08:16,2026-04-27 22:56:10,47.9,Operatör müdahalesi,Personel Yetersizliği,0
4000621,900942,IE26900942,M00008,YUVARLAK KUTU 210-255 HAM TENEKE 3 PARÇA,2026-03-11 23:01:40,2026-03-11 23:10:22,8.7,,Kalıp Değişimi,0
4000622,900945,IE26900945,M00008,YUVARLAK KUTU 210-255 HAM TENEKE 3 PARÇA,2026-03-14 19:45:51,2026-03-14 20:43:21,57.5,Operatör müdahalesi,Kalite Duruşu,0
4000623,900946,IE25900946,M00049,YUVARLAK-SIVAMA KUTU 295-165 HAM TENEKE 2 PARÇA,2025-09-22 21:15:28,2025-09-22 21:31:58,16.5,Operatör müdahalesi,Sac Sıkışması,0
4000624,900947,IE25900947,M00049,YUVARLAK-SIVAMA KUTU 295-165 HAM TENEKE 2 PARÇA,2025-09-23 16:08:05,2025-09-23 16:50:23,42.3,Operatör müdahalesi,Kalıp Değişimi,0
4000625,900948,IE25900948,M00049,YUVARLAK-SIVAMA KUTU 295-165 HAM TENEKE 2 PARÇA,2025-09-24 11:06:25,2025-09-24 11:23:55,17.5,,Ayar / Numune Onayı,0
4000626,900951,IE25900951,M00001,KAPAK 090-065 HAM TENEKE 2 PARÇA,2025-12-31 14:10:59,2025-12-31 14:33:47,22.8,Yedek parça bekleniyor,Kalıp Değişimi,0
4000627,900952,IE26900952,M00156,DIKDORTGEN KUTU 145-095 LITOGRAFI 2 PARÇA,2026-01-10 09:14:18,2026-01-10 09:26:12,11.9,Operatör müdahalesi,Kalıp Değişimi,0
4000628,900953,IE26900953,M00156,DIKDORTGEN KUTU 145-095 LITOGRAFI 2 PARÇA,2026-01-11 09:29:14,2026-01-11 10:53:14,84,Bakım çağrıldı,Kalıp Değişimi,0
4000629,900955,IE26900955,M00156,DIKDORTGEN KUTU 145-095 LITOGRAFI 2 PARÇA,2026-01-13 10:39:12,2026-01-13 11:16:48,37.6,Bakım çağrıldı,Kalıp Değişimi,0
4000630,900956,IE25900956,M00003,YUVARLAK KUTU 120-105 HAM TENEKE 2 PARÇA,2025-07-22 15:12:58,2025-07-22 15:31:04,18.1,Kalıp söküldü,Ayar / Numune Onayı,0
4000631,900957,IE25900957,M00003,YUVARLAK KUTU 120-105 HAM TENEKE 2 PARÇA,2025-07-23 09:45:51,2025-07-23 09:54:15,8.4,Operatör müdahalesi,Kalıp Değişimi,0
4000632,900958,IE25900958,M00003,YUVARLAK KUTU 120-105 HAM TENEKE 2 PARÇA,2025-07-24 21:18:06,2025-07-24 21:42:36,24.5,Bakım çağrıldı,Enerji Kesintisi,0
4000633,900959,IE25900959,M00003,YUVARLAK KUTU 120-105 HAM TENEKE 2 PARÇA,2025-07-25 12:11:20,2025-07-25 12:54:26,43.1,Yedek parça bekleniyor,Personel Yetersizliği,0
4000634,900960,IE26900960,M00002,TEPSI 325-125 MAT LAK 3 PARÇA,2026-06-06 21:34:26,2026-06-06 21:56:14,21.8,Bakım çağrıldı,Kalıp Değişimi,0
4000635,900961,IE26900961,M00002,TEPSI 325-125 MAT LAK 3 PARÇA,2026-06-07 21:58:30,2026-06-07 23:05:06,66.6,Operatör müdahalesi,Kalite Duruşu,0
4000636,900962,IE26900962,M00002,TEPSI 325-125 MAT LAK 3 PARÇA,2026-06-08 14:51:48,2026-06-08 15:02:24,10.6,Kalıp söküldü,Vardiya Devri,0
4000637,900963,IE26900963,M00014,YUVARLAK KUTU 120-105 HAM TENEKE 2 PARÇA,2026-06-29 08:22:30,2026-06-29 08:32:36,10.1,,Hidrolik Kaçak,0
4000638,900964,IE26900964,M00014,YUVARLAK KUTU 120-105 HAM TENEKE 2 PARÇA,2026-06-30 17:09:05,2026-06-30 17:30:29,21.4,Bakım çağrıldı,Ayar / Numune Onayı,0
4000639,900965,IE26900965,M00014,YUVARLAK KUTU 120-105 HAM TENEKE 2 PARÇA,2026-07-01 17:10:32,2026-07-01 18:24:56,74.4,Kalıp söküldü,Hidrolik Kaçak,0
4000640,900966,IE26900966,M00023,YUVARLAK KUTU 078-095 LITOGRAFI 2 PARÇA,2026-04-16 21:45:40,2026-04-16 22:05:34,19.9,Bakım çağrıldı,Kalıp Değişimi,0
4000641,900967,IE26900967,M00023,YUVARLAK KUTU 078-095 LITOGRAFI 2 PARÇA,2026-04-17 15:17:14,2026-04-17 16:10:08,52.9,Yedek parça bekleniyor,Hidrolik Kaçak,0
4000642,900969,IE26900969,M00041,YUVARLAK KUTU Ø050 HAM TENEKE 3 PARÇA,2026-02-06 10:36:38,2026-02-06 11:41:26,64.8,,Elektrik Arızası,0
4000643,900970,IE26900970,M00041,YUVARLAK KUTU Ø050 HAM TENEKE 3 PARÇA,2026-02-07 22:18:21,2026-02-07 22:30:33,12.2,Operatör müdahalesi,Kalıp Değişimi,0
4000644,900971,IE26900971,M00041,YUVARLAK KUTU Ø050 HAM TENEKE 3 PARÇA,2026-02-08 19:13:22,2026-02-08 19:54:22,41,Yedek parça bekleniyor,Kalıp Değişimi,0
4000645,900972,IE26900972,M00031,YUVARLAK KUTU 145-095 MAT LAK 2 PARÇA,2026-05-18 11:36:44,2026-05-18 12:32:56,56.2,Operatör müdahalesi,Mekanik Arıza,0
4000646,900973,IE26900973,M00031,YUVARLAK KUTU 145-095 MAT LAK 2 PARÇA,2026-05-19 08:53:48,2026-05-19 10:08:48,75,Operatör müdahalesi,Kalıp Değişimi,0
4000647,900974,IE26900974,M00031,YUVARLAK KUTU 145-095 MAT LAK 2 PARÇA,2026-05-20 12:54:32,2026-05-20 13:23:32,29,,Mekanik Arıza,0
4000648,900975,IE26900975,M00031,YUVARLAK KUTU 145-095 MAT LAK 2 PARÇA,2026-05-21 20:10:20,2026-05-21 21:01:56,51.6,,Planlı Bakım,0
4000649,900976,IE25900976,M00029,YUVARLAK-SIVAMA KUTU Ø068 HAM TENEKE 2 PARÇA,2025-11-22 09:47:57,2025-11-22 10:25:51,37.9,Bakım çağrıldı,Planlı Bakım,0
4000650,900977,IE25900977,M00029,YUVARLAK-SIVAMA KUTU Ø068 HAM TENEKE 2 PARÇA,2025-11-23 19:48:41,2025-11-23 20:47:41,59,Yedek parça bekleniyor,Kalite Duruşu,0
4000651,900978,IE25900978,M00029,YUVARLAK-SIVAMA KUTU Ø068 HAM TENEKE 2 PARÇA,2025-11-24 17:32:55,2025-11-24 17:56:25,23.5,,Personel Yetersizliği,0
4000652,900979,IE26900979,M00001,KAPAK 090-065 HAM TENEKE 2 PARÇA,2026-05-13 08:17:06,2026-05-13 08:50:42,33.6,,Malzeme Bekleme,0
4000653,900980,IE26900980,M00001,KAPAK 090-065 HAM TENEKE 2 PARÇA,2026-05-14 10:12:25,2026-05-14 10:37:49,25.4,Yedek parça bekleniyor,Ayar / Numune Onayı,0
4000654,900981,IE26900981,M00001,KAPAK 090-065 HAM TENEKE 2 PARÇA,2026-05-15 16:42:55,2026-05-15 17:17:19,34.4,Operatör müdahalesi,Kalıp Değişimi,0
4000655,900982,IE26900982,M00001,KAPAK 090-065 HAM TENEKE 2 PARÇA,2026-05-16 18:20:29,2026-05-16 18:42:53,22.4,Yedek parça bekleniyor,Kalıp Değişimi,0
4000656,900984,IE25900984,M00109,DIKDORTGEN KUTU 145-095 HAM TENEKE 3 PARÇA,2025-07-14 16:15:49,2025-07-14 16:24:25,8.6,Bakım çağrıldı,Planlı Bakım,0
4000657,900985,IE25900985,M00109,DIKDORTGEN KUTU 145-095 HAM TENEKE 3 PARÇA,2025-07-15 15:46:50,2025-07-15 16:12:20,25.5,Operatör müdahalesi,Vardiya Devri,0
4000658,900986,IE25900986,M00109,DIKDORTGEN KUTU 145-095 HAM TENEKE 3 PARÇA,2025-07-16 11:55:57,2025-07-16 12:42:57,47,,Sac Sıkışması,0
4000659,900987,IE26900987,M00001,KAPAK 090-065 HAM TENEKE 2 PARÇA,2026-02-14 12:05:37,2026-02-14 12:33:37,28,Bakım çağrıldı,Mekanik Arıza,0
4000660,900989,IE26900989,M00001,KAPAK 090-065 HAM TENEKE 2 PARÇA,2026-02-16 18:13:29,2026-02-16 18:37:35,24.1,Kalıp söküldü,Ayar / Numune Onayı,0
4000661,900991,IE26900991,M00003,YUVARLAK KUTU 120-105 HAM TENEKE 2 PARÇA,2026-07-04 20:02:54,2026-07-04 20:12:06,9.2,,Sac Sıkışması,0
4000662,900994,IE25900994,M00001,KAPAK 090-065 HAM TENEKE 2 PARÇA,2025-09-21 08:56:42,2025-09-21 09:05:18,8.6,Bakım çağrıldı,Sac Sıkışması,0
4000663,900995,IE25900995,M00001,KAPAK 090-065 HAM TENEKE 2 PARÇA,2025-09-22 21:29:42,2025-09-22 22:14:24,44.7,Kalıp söküldü,Kalite Duruşu,0
4000664,900996,IE25900996,M00001,KAPAK 090-065 HAM TENEKE 2 PARÇA,2025-09-23 10:46:43,2025-09-23 11:39:01,52.3,Kalıp söküldü,Kalite Duruşu,0
4000665,901001,IE26901001,M00008,YUVARLAK KUTU 210-255 HAM TENEKE 3 PARÇA,2026-04-30 19:23:32,2026-04-30 20:02:38,39.1,Kalıp söküldü,Kalıp Değişimi,0
4000666,901003,IE26901003,M00008,YUVARLAK KUTU 210-255 HAM TENEKE 3 PARÇA,2026-05-02 21:26:19,2026-05-02 22:33:13,66.9,Kalıp söküldü,Vardiya Devri,0
4000667,901004,IE26901004,M00009,YUVARLAK KUTU 245-175 VERNIKLI 3 PARÇA,2026-05-22 20:23:21,2026-05-22 21:20:09,56.8,Kalıp söküldü,Kalıp Değişimi,0
4000668,901006,IE26901006,M00009,YUVARLAK KUTU 245-175 VERNIKLI 3 PARÇA,2026-05-24 07:11:47,2026-05-24 07:36:29,24.7,Kalıp söküldü,Kalıp Değişimi,0
4000669,901007,IE25901007,M00001,KAPAK 090-065 HAM TENEKE 2 PARÇA,2025-10-04 18:54:38,2025-10-04 19:36:38,42,Kalıp söküldü,Ayar / Numune Onayı,0
4000670,901008,IE25901008,M00001,KAPAK 090-065 HAM TENEKE 2 PARÇA,2025-10-05 13:48:01,2025-10-05 14:40:43,52.7,Kalıp söküldü,Mekanik Arıza,0
4000671,901009,IE25901009,M00001,KAPAK 090-065 HAM TENEKE 2 PARÇA,2025-10-06 10:36:15,2025-10-06 10:59:21,23.1,Kalıp söküldü,Personel Yetersizliği,0
4000672,901011,IE26901011,M00194,SEKILLI KUTU Ø092 VERNIKLI 2 PARÇA,2026-06-14 16:28:25,2026-06-14 17:47:31,79.1,Bakım çağrıldı,Planlı Bakım,0
4000673,901012,IE26901012,M00194,SEKILLI KUTU Ø092 VERNIKLI 2 PARÇA,2026-06-15 19:32:17,2026-06-15 20:18:53,46.6,,Mekanik Arıza,0
4000674,901014,IE25901014,M00014,YUVARLAK KUTU 120-105 HAM TENEKE 2 PARÇA,2025-08-13 19:34:13,2025-08-13 20:12:37,38.4,Operatör müdahalesi,Kalıp Değişimi,0
4000675,901017,IE25901017,M00014,YUVARLAK KUTU 120-105 HAM TENEKE 2 PARÇA,2025-08-16 21:31:07,2025-08-16 22:17:55,46.8,Kalıp söküldü,Kalıp Değişimi,0
4000676,901018,IE25901018,M00089,DIKDORTGEN KUTU 185-115 HAM TENEKE 2 PARÇA,2025-08-19 16:13:54,2025-08-19 16:35:06,21.2,,Hidrolik Kaçak,0
4000677,901020,IE25901020,M00089,DIKDORTGEN KUTU 185-115 HAM TENEKE 2 PARÇA,2025-08-21 11:37:11,2025-08-21 12:56:35,79.4,Bakım çağrıldı,Mekanik Arıza,0
4000678,901021,IE25901021,M00089,DIKDORTGEN KUTU 185-115 HAM TENEKE 2 PARÇA,2025-08-22 20:37:15,2025-08-22 20:44:33,7.3,Operatör müdahalesi,Planlı Bakım,0
4000679,901022,IE26901022,M00001,KAPAK 090-065 HAM TENEKE 2 PARÇA,2026-06-05 16:48:38,2026-06-05 16:54:02,5.4,Kalıp söküldü,Vardiya Devri,0
4000680,901024,IE26901024,M00001,KAPAK 090-065 HAM TENEKE 2 PARÇA,2026-06-07 13:22:35,2026-06-07 13:40:47,18.2,,Elektrik Arızası,0
4000681,901026,IE25901026,M00008,YUVARLAK KUTU 210-255 HAM TENEKE 3 PARÇA,2025-08-08 08:29:09,2025-08-08 09:09:27,40.3,Operatör müdahalesi,Vardiya Devri,0
4000682,901027,IE25901027,M00008,YUVARLAK KUTU 210-255 HAM TENEKE 3 PARÇA,2025-08-09 14:47:02,2025-08-09 15:52:26,65.4,Bakım çağrıldı,Sac Sıkışması,0
4000683,901028,IE25901028,M00002,TEPSI 325-125 MAT LAK 3 PARÇA,2025-12-27 23:44:46,2025-12-27 23:50:10,5.4,Bakım çağrıldı,Ayar / Numune Onayı,0
4000684,901029,IE25901029,M00002,TEPSI 325-125 MAT LAK 3 PARÇA,2025-12-28 12:02:02,2025-12-28 12:27:20,25.3,Yedek parça bekleniyor,Kalıp Değişimi,0
4000685,901030,IE25901030,M00002,TEPSI 325-125 MAT LAK 3 PARÇA,2025-12-29 11:38:43,2025-12-29 11:50:55,12.2,Bakım çağrıldı,Kalıp Değişimi,0
4000686,901031,IE25901031,M00002,TEPSI 325-125 MAT LAK 3 PARÇA,2025-12-30 14:20:58,2025-12-30 14:52:58,32,Kalıp söküldü,Kalıp Değişimi,0
4000687,901033,IE25901033,M00060,YUVARLAK KUTU Y120-105 LITOGRAFI 3 PARÇA,2025-11-08 09:17:53,2025-11-08 10:14:29,56.6,,Hidrolik Kaçak,0
4000688,901036,IE25901036,M00002,TEPSI 325-125 MAT LAK 3 PARÇA,2025-12-08 09:44:32,2025-12-08 10:00:38,16.1,Yedek parça bekleniyor,Kalıp Değişimi,0
4000689,901037,IE25901037,M00002,TEPSI 325-125 MAT LAK 3 PARÇA,2025-12-09 18:45:35,2025-12-09 19:53:29,67.9,Operatör müdahalesi,Kalite Duruşu,0
4000690,901038,IE25901038,M00002,TEPSI 325-125 MAT LAK 3 PARÇA,2025-12-10 18:34:58,2025-12-10 19:01:28,26.5,Bakım çağrıldı,Sac Sıkışması,0
4000691,901039,IE25901039,M00260,YUVARLAK KUTU 120-105 LITOGRAFI 2 PARÇA,2025-06-27 16:59:17,2025-06-27 17:46:29,47.2,Kalıp söküldü,Malzeme Bekleme,0
4000692,901040,IE25901040,M00260,YUVARLAK KUTU 120-105 LITOGRAFI 2 PARÇA,2025-06-28 20:03:40,2025-06-28 21:39:34,95.9,Operatör müdahalesi,Kalıp Değişimi,0
4000693,901042,IE25901042,M00260,YUVARLAK KUTU 120-105 LITOGRAFI 2 PARÇA,2025-06-30 17:51:12,2025-06-30 18:07:18,16.1,,Vardiya Devri,0
4000694,901045,IE26901045,M00013,KOSELI SIVAMA KUTU 210-080 LITOGRAFI 3 PARÇA,2026-07-19 09:39:57,2026-07-19 11:10:51,90.9,Kalıp söküldü,Vardiya Devri,0
4000695,901046,IE26901046,M00008,YUVARLAK KUTU 210-255 HAM TENEKE 3 PARÇA,2026-05-31 12:39:20,2026-05-31 13:29:56,50.6,Kalıp söküldü,Mekanik Arıza,0
4000696,901047,IE26901047,M00008,YUVARLAK KUTU 210-255 HAM TENEKE 3 PARÇA,2026-06-01 13:59:15,2026-06-01 15:02:39,63.4,Bakım çağrıldı,Planlı Bakım,0
4000697,901048,IE26901048,M00008,YUVARLAK KUTU 210-255 HAM TENEKE 3 PARÇA,2026-06-02 18:07:12,2026-06-02 18:33:18,26.1,Yedek parça bekleniyor,Malzeme Bekleme,0
4000698,901052,IE25901052,M00007,DIKDORTGEN KUTU 185-115 MAT LAK 2 PARÇA,2025-12-05 16:40:03,2025-12-05 17:46:45,66.7,Bakım çağrıldı,Vardiya Devri,0
4000699,901054,IE25901054,M00003,YUVARLAK KUTU 120-105 HAM TENEKE 2 PARÇA,2025-08-14 19:57:42,2025-08-14 20:17:12,19.5,Bakım çağrıldı,Malzeme Bekleme,0
4000700,901056,IE25901056,M00003,YUVARLAK KUTU 120-105 HAM TENEKE 2 PARÇA,2025-08-16 19:54:02,2025-08-16 20:34:08,40.1,Yedek parça bekleniyor,Kalıp Değişimi,0
4000701,901057,IE25901057,M00003,YUVARLAK KUTU 120-105 HAM TENEKE 2 PARÇA,2025-08-17 15:58:50,2025-08-17 16:50:08,51.3,,Mekanik Arıza,0
4000702,901058,IE26901058,M00002,TEPSI 325-125 MAT LAK 3 PARÇA,2026-06-21 20:47:10,2026-06-21 21:06:22,19.2,Yedek parça bekleniyor,Kalıp Değişimi,0
4000703,901059,IE26901059,M00002,TEPSI 325-125 MAT LAK 3 PARÇA,2026-06-22 10:55:39,2026-06-22 11:13:21,17.7,Kalıp söküldü,Mekanik Arıza,0
4000704,901060,IE26901060,M00002,TEPSI 325-125 MAT LAK 3 PARÇA,2026-06-23 20:02:01,2026-06-23 21:04:19,62.3,Operatör müdahalesi,Mekanik Arıza,0
4000705,901064,IE26901064,M00009,YUVARLAK KUTU 245-175 VERNIKLI 3 PARÇA,2026-06-28 09:09:58,2026-06-28 09:17:46,7.8,Operatör müdahalesi,Kalıp Değişimi,0
4000706,901066,IE26901066,M00009,YUVARLAK KUTU 245-175 VERNIKLI 3 PARÇA,2026-06-30 11:14:59,2026-06-30 11:20:23,5.4,Operatör müdahalesi,Ayar / Numune Onayı,0
4000707,901067,IE26901067,M00006,SEKILLI KUTU 175-205 HAM TENEKE 3 PARÇA,2026-06-11 11:08:31,2026-06-11 12:15:49,67.3,,Kalıp Değişimi,0
4000708,901069,IE26901069,M00006,SEKILLI KUTU 175-205 HAM TENEKE 3 PARÇA,2026-06-13 16:35:20,2026-06-13 17:06:08,30.8,Bakım çağrıldı,Vardiya Devri,0
4000709,901070,IE26901070,M00006,SEKILLI KUTU 175-205 HAM TENEKE 3 PARÇA,2026-06-14 08:50:38,2026-06-14 10:15:50,85.2,Kalıp söküldü,Kalıp Değişimi,0
4000710,901071,IE26901071,M00004,YUVARLAK KUTU 210-255 MAT LAK 3 PARÇA,2026-06-06 12:55:07,2026-06-06 13:43:13,48.1,,Kalıp Değişimi,0
4000711,901073,IE26901073,M00004,YUVARLAK KUTU 210-255 MAT LAK 3 PARÇA,2026-06-08 16:17:15,2026-06-08 16:40:27,23.2,Yedek parça bekleniyor,Kalıp Değişimi,0
4000712,901074,IE26901074,M00004,YUVARLAK KUTU 210-255 MAT LAK 3 PARÇA,2026-06-09 15:24:35,2026-06-09 15:46:05,21.5,Kalıp söküldü,Elektrik Arızası,0
4000713,901075,IE26901075,M00010,YUVARLAK KUTU 255-205 MAT LAK 3 PARÇA,2026-01-03 07:23:35,2026-01-03 07:56:17,32.7,Kalıp söküldü,Mekanik Arıza,0
4000714,901076,IE26901076,M00010,YUVARLAK KUTU 255-205 MAT LAK 3 PARÇA,2026-01-04 10:50:02,2026-01-04 11:47:14,57.2,,Kalıp Değişimi,0
4000715,901077,IE26901077,M00010,YUVARLAK KUTU 255-205 MAT LAK 3 PARÇA,2026-01-05 19:51:33,2026-01-05 20:15:09,23.6,Operatör müdahalesi,Mekanik Arıza,0
4000716,901078,IE26901078,M00010,YUVARLAK KUTU 255-205 MAT LAK 3 PARÇA,2026-04-16 18:04:09,2026-04-16 19:47:21,103.2,Yedek parça bekleniyor,Kalıp Değişimi,0
4000717,901079,IE26901079,M00010,YUVARLAK KUTU 255-205 MAT LAK 3 PARÇA,2026-04-17 21:09:14,2026-04-17 21:40:08,30.9,,Kalıp Değişimi,0
4000718,901080,IE26901080,M00010,YUVARLAK KUTU 255-205 MAT LAK 3 PARÇA,2026-04-18 15:49:07,2026-04-18 16:51:55,62.8,Yedek parça bekleniyor,Elektrik Arızası,0
4000719,901081,IE26901081,M00010,YUVARLAK KUTU 255-205 MAT LAK 3 PARÇA,2026-04-19 12:33:26,2026-04-19 13:16:02,42.6,Yedek parça bekleniyor,Planlı Bakım,0
4000720,901082,IE25901082,M00007,DIKDORTGEN KUTU 185-115 MAT LAK 2 PARÇA,2025-12-28 13:54:52,2025-12-28 14:50:04,55.2,Operatör müdahalesi,Sac Sıkışması,0
4000721,901083,IE25901083,M00007,DIKDORTGEN KUTU 185-115 MAT LAK 2 PARÇA,2025-12-29 08:15:22,2025-12-29 08:32:40,17.3,Operatör müdahalesi,Kalıp Değişimi,0
4000722,901086,IE26901086,M00001,KAPAK 090-065 HAM TENEKE 2 PARÇA,2026-04-11 13:04:28,2026-04-11 13:48:28,44,Yedek parça bekleniyor,Malzeme Bekleme,0
4000723,901089,IE25901089,M00002,TEPSI 325-125 MAT LAK 3 PARÇA,2025-10-10 13:28:32,2025-10-10 13:41:08,12.6,,Malzeme Bekleme,0
4000724,901091,IE25901091,M00002,TEPSI 325-125 MAT LAK 3 PARÇA,2025-10-12 16:33:35,2025-10-12 16:48:41,15.1,Bakım çağrıldı,Malzeme Bekleme,0
4000725,901092,IE25901092,M00002,TEPSI 325-125 MAT LAK 3 PARÇA,2025-10-13 13:50:14,2025-10-13 14:22:38,32.4,Operatör müdahalesi,Ayar / Numune Onayı,0
4000726,901093,IE26901093,M00036,YUVARLAK KUTU Ø050 HAM TENEKE 3 PARÇA,2026-06-29 17:15:40,2026-06-29 18:12:22,56.7,Kalıp söküldü,Kalıp Değişimi,0
4000727,901094,IE26901094,M00036,YUVARLAK KUTU Ø050 HAM TENEKE 3 PARÇA,2026-06-30 21:24:21,2026-06-30 21:56:27,32.1,Operatör müdahalesi,Ayar / Numune Onayı,0
4000728,901095,IE26901095,M00036,YUVARLAK KUTU Ø050 HAM TENEKE 3 PARÇA,2026-07-01 10:23:26,2026-07-01 10:56:44,33.3,,Kalıp Değişimi,0
4000729,901096,IE26901096,M00036,YUVARLAK KUTU Ø050 HAM TENEKE 3 PARÇA,2026-07-02 07:54:40,2026-07-02 08:39:46,45.1,Operatör müdahalesi,Kalıp Değişimi,0
4000730,901100,IE25901100,M00012,YUVARLAK KUTU 205-050 LITOGRAFI 2 PARÇA,2025-10-20 10:00:31,2025-10-20 10:22:19,21.8,Operatör müdahalesi,Elektrik Arızası,0
4000731,901104,IE26901104,M00001,KAPAK 090-065 HAM TENEKE 2 PARÇA,2026-02-09 14:35:41,2026-02-09 14:57:17,21.6,,Malzeme Bekleme,0
4000732,901107,IE25901107,M00028,YUVARLAK KUTU 245-175 MAT LAK 3 PARÇA,2025-12-10 16:15:43,2025-12-10 16:44:01,28.3,Bakım çağrıldı,Sac Sıkışması,0
4000733,901108,IE25901108,M00028,YUVARLAK KUTU 245-175 MAT LAK 3 PARÇA,2025-12-11 19:40:08,2025-12-11 20:39:50,59.7,,Kalıp Değişimi,0
4000734,901109,IE25901109,M00028,YUVARLAK KUTU 245-175 MAT LAK 3 PARÇA,2025-12-12 21:43:12,2025-12-12 22:21:36,38.4,Kalıp söküldü,Hidrolik Kaçak,0
4000735,901111,IE25901111,M00001,KAPAK 090-065 HAM TENEKE 2 PARÇA,2025-09-21 15:49:49,2025-09-21 15:56:01,6.2,Kalıp söküldü,Sac Sıkışması,0
4000736,901113,IE25901113,M00001,KAPAK 090-065 HAM TENEKE 2 PARÇA,2025-09-23 22:18:07,2025-09-23 22:34:19,16.2,Yedek parça bekleniyor,Planlı Bakım,0
4000737,901114,IE25901114,M00002,TEPSI 325-125 MAT LAK 3 PARÇA,2025-07-06 13:44:15,2025-07-06 16:13:33,149.3,Kalıp söküldü,Kalıp Değişimi,0
4000738,901115,IE25901115,M00002,TEPSI 325-125 MAT LAK 3 PARÇA,2025-07-07 16:45:47,2025-07-07 17:06:41,20.9,Operatör müdahalesi,Planlı Bakım,0
4000739,901117,IE25901117,M00002,TEPSI 325-125 MAT LAK 3 PARÇA,2025-07-09 13:16:45,2025-07-09 13:44:39,27.9,Operatör müdahalesi,Kalıp Değişimi,0
4000740,901118,IE26901118,M00001,KAPAK 090-065 HAM TENEKE 2 PARÇA,2026-07-02 19:23:06,2026-07-02 20:35:54,72.8,Yedek parça bekleniyor,Ayar / Numune Onayı,0
4000741,901119,IE26901119,M00001,KAPAK 090-065 HAM TENEKE 2 PARÇA,2026-07-03 08:44:50,2026-07-03 09:30:56,46.1,Bakım çağrıldı,Kalıp Değişimi,0
4000742,901120,IE26901120,M00001,KAPAK 090-065 HAM TENEKE 2 PARÇA,2026-07-04 11:12:02,2026-07-04 12:08:38,56.6,Operatör müdahalesi,Kalıp Değişimi,0
4000743,901122,IE25901122,M00169,DIKDORTGEN KUTU 185-115 HAM TENEKE 2 PARÇA,2025-11-12 17:21:40,2025-11-12 17:45:16,23.6,Kalıp söküldü,Ayar / Numune Onayı,0
4000744,901123,IE25901123,M00169,DIKDORTGEN KUTU 185-115 HAM TENEKE 2 PARÇA,2025-11-13 21:05:03,2025-11-13 21:49:45,44.7,,Ayar / Numune Onayı,0
4000745,901124,IE25901124,M00169,DIKDORTGEN KUTU 185-115 HAM TENEKE 2 PARÇA,2025-11-14 08:39:33,2025-11-14 09:12:57,33.4,Yedek parça bekleniyor,Ayar / Numune Onayı,0
4000746,901125,IE25901125,M00169,DIKDORTGEN KUTU 185-115 HAM TENEKE 2 PARÇA,2025-11-15 17:49:47,2025-11-15 18:24:11,34.4,,Mekanik Arıza,0
4000747,901128,IE26901128,M00005,DIKDORTGEN KUTU 145-095 MAT LAK 2 PARÇA,2026-07-12 11:10:46,2026-07-12 11:46:16,35.5,Bakım çağrıldı,Ayar / Numune Onayı,0
4000748,901130,IE25901130,M00007,DIKDORTGEN KUTU 185-115 MAT LAK 2 PARÇA,2025-12-09 14:36:01,2025-12-09 14:53:01,17,Yedek parça bekleniyor,Malzeme Bekleme,0
4000749,901131,IE25901131,M00007,DIKDORTGEN KUTU 185-115 MAT LAK 2 PARÇA,2025-12-10 09:56:50,2025-12-10 11:17:56,81.1,Kalıp söküldü,Ayar / Numune Onayı,0
4000750,901132,IE25901132,M00007,DIKDORTGEN KUTU 185-115 MAT LAK 2 PARÇA,2025-12-11 13:20:40,2025-12-11 13:58:04,37.4,Kalıp söküldü,Kalıp Değişimi,0
4000751,901133,IE25901133,M00007,DIKDORTGEN KUTU 185-115 MAT LAK 2 PARÇA,2025-12-12 22:00:11,2025-12-12 22:30:17,30.1,Kalıp söküldü,Ayar / Numune Onayı,0
4000752,901134,IE25901134,M00019,OVAL KUTU 295-165 VERNIKLI 2 PARÇA,2025-06-26 22:14:19,2025-06-26 23:00:13,45.9,,Elektrik Arızası,0
4000753,901136,IE25901136,M00019,OVAL KUTU 295-165 VERNIKLI 2 PARÇA,2025-06-28 21:12:42,2025-06-28 21:51:06,38.4,Yedek parça bekleniyor,Sac Sıkışması,0
4000754,901139,IE26901139,M00005,DIKDORTGEN KUTU 145-095 MAT LAK 2 PARÇA,2026-02-26 10:28:50,2026-02-26 11:17:26,48.6,Yedek parça bekleniyor,Kalıp Değişimi,0
4000755,901142,IE26901142,M00011,YUVARLAK KUTU 120-105 HAM TENEKE 3 PARÇA,2026-07-15 21:18:25,2026-07-15 21:49:49,31.4,,Kalite Duruşu,0
4000756,901143,IE26901143,M00011,YUVARLAK KUTU 120-105 HAM TENEKE 3 PARÇA,2026-07-16 10:23:27,2026-07-16 11:06:21,42.9,Kalıp söküldü,Hidrolik Kaçak,0
4000757,901145,IE26901145,M00012,YUVARLAK KUTU 205-050 LITOGRAFI 2 PARÇA,2026-01-08 13:06:09,2026-01-08 14:10:09,64,,Malzeme Bekleme,0
4000758,901146,IE26901146,M00012,YUVARLAK KUTU 205-050 LITOGRAFI 2 PARÇA,2026-01-09 17:16:57,2026-01-09 17:59:57,43,Operatör müdahalesi,Kalite Duruşu,0
4000759,901147,IE26901147,M00012,YUVARLAK KUTU 205-050 LITOGRAFI 2 PARÇA,2026-01-10 20:19:42,2026-01-10 21:51:42,92,Kalıp söküldü,Kalıp Değişimi,0
4000760,901148,IE26901148,M00012,YUVARLAK KUTU 205-050 LITOGRAFI 2 PARÇA,2026-01-11 11:02:08,2026-01-11 11:37:02,34.9,Bakım çağrıldı,Elektrik Arızası,0
4000761,901149,IE25901149,M00300,KOSELI SIVAMA KUTU 255-205 HAM TENEKE 2 PARÇA,2025-07-14 17:45:19,2025-07-14 17:54:01,8.7,Kalıp söküldü,Elektrik Arızası,0
4000762,901150,IE25901150,M00300,KOSELI SIVAMA KUTU 255-205 HAM TENEKE 2 PARÇA,2025-07-15 17:28:56,2025-07-15 18:05:38,36.7,Operatör müdahalesi,Kalıp Değişimi,0
4000763,901151,IE25901151,M00300,KOSELI SIVAMA KUTU 255-205 HAM TENEKE 2 PARÇA,2025-07-16 10:56:54,2025-07-16 12:22:18,85.4,Kalıp söküldü,Enerji Kesintisi,0
4000764,901152,IE25901152,M00300,KOSELI SIVAMA KUTU 255-205 HAM TENEKE 2 PARÇA,2025-07-17 16:41:58,2025-07-17 17:13:04,31.1,Operatör müdahalesi,Kalıp Değişimi,0
4000765,901157,IE26901157,M00182,OVAL KUTU 295-165 MAT LAK 2 PARÇA,2026-03-01 13:09:25,2026-03-01 14:06:07,56.7,Kalıp söküldü,Hidrolik Kaçak,0
4000766,901158,IE26901158,M00182,OVAL KUTU 295-165 MAT LAK 2 PARÇA,2026-03-02 10:15:55,2026-03-02 11:03:13,47.3,Yedek parça bekleniyor,Hidrolik Kaçak,0
4000767,901159,IE26901159,M00182,OVAL KUTU 295-165 MAT LAK 2 PARÇA,2026-03-03 09:49:08,2026-03-03 10:01:26,12.3,Kalıp söküldü,Malzeme Bekleme,0
4000768,901161,IE26901161,M00029,YUVARLAK-SIVAMA KUTU Ø068 HAM TENEKE 2 PARÇA,2026-04-21 14:03:41,2026-04-21 14:37:59,34.3,Kalıp söküldü,Mekanik Arıza,0
4000769,901162,IE26901162,M00029,YUVARLAK-SIVAMA KUTU Ø068 HAM TENEKE 2 PARÇA,2026-04-22 17:48:50,2026-04-22 18:35:26,46.6,Yedek parça bekleniyor,Malzeme Bekleme,0
4000770,901163,IE26901163,M00029,YUVARLAK-SIVAMA KUTU Ø068 HAM TENEKE 2 PARÇA,2026-04-23 17:19:11,2026-04-23 18:13:41,54.5,Operatör müdahalesi,Malzeme Bekleme,0
4000771,901164,IE26901164,M00034,SEKIZGEN KUTU Ø050 LITOGRAFI 2 PARÇA,2026-03-13 13:44:49,2026-03-13 14:22:13,37.4,Bakım çağrıldı,Kalıp Değişimi,0
4000772,901166,IE26901166,M00034,SEKIZGEN KUTU Ø050 LITOGRAFI 2 PARÇA,2026-03-15 19:27:53,2026-03-15 19:45:11,17.3,Yedek parça bekleniyor,Mekanik Arıza,0
4000773,901167,IE26901167,M00034,SEKIZGEN KUTU Ø050 LITOGRAFI 2 PARÇA,2026-03-16 10:58:36,2026-03-16 11:41:30,42.9,Bakım çağrıldı,Malzeme Bekleme,0
4000774,901169,IE26901169,M00142,YUVARLAK KUTU 158-175 LITOGRAFI 2 PARÇA,2026-04-08 13:06:12,2026-04-08 13:58:36,52.4,Kalıp söküldü,Personel Yetersizliği,0
4000775,901170,IE26901170,M00142,YUVARLAK KUTU 158-175 LITOGRAFI 2 PARÇA,2026-04-09 08:23:02,2026-04-09 09:02:32,39.5,Operatör müdahalesi,Kalite Duruşu,0
4000776,901171,IE26901171,M00142,YUVARLAK KUTU 158-175 LITOGRAFI 2 PARÇA,2026-04-10 20:01:42,2026-04-10 20:07:00,5.3,Bakım çağrıldı,Ayar / Numune Onayı,0
4000777,901172,IE25901172,M00029,YUVARLAK-SIVAMA KUTU Ø068 HAM TENEKE 2 PARÇA,2025-07-16 16:48:15,2025-07-16 16:59:51,11.6,,Kalıp Değişimi,0
4000778,901174,IE25901174,M00029,YUVARLAK-SIVAMA KUTU Ø068 HAM TENEKE 2 PARÇA,2025-07-18 17:46:16,2025-07-18 18:45:04,58.8,Yedek parça bekleniyor,Kalıp Değişimi,0
4000779,901175,IE25901175,M00005,DIKDORTGEN KUTU 145-095 MAT LAK 2 PARÇA,2025-10-18 07:49:48,2025-10-18 08:27:42,37.9,Bakım çağrıldı,Sac Sıkışması,0
4000780,901176,IE25901176,M00005,DIKDORTGEN KUTU 145-095 MAT LAK 2 PARÇA,2025-10-19 16:46:55,2025-10-19 17:31:31,44.6,Bakım çağrıldı,Hidrolik Kaçak,0
4000781,901177,IE25901177,M00005,DIKDORTGEN KUTU 145-095 MAT LAK 2 PARÇA,2025-10-20 18:30:32,2025-10-20 19:22:56,52.4,Operatör müdahalesi,Kalıp Değişimi,0
4000782,901179,IE25901179,M00015,YUVARLAK KUTU Ø092 MAT LAK 2 PARÇA,2025-11-29 20:09:58,2025-11-29 21:01:04,51.1,Yedek parça bekleniyor,Kalıp Değişimi,0
4000783,901181,IE25901181,M00015,YUVARLAK KUTU Ø092 MAT LAK 2 PARÇA,2025-12-01 12:53:48,2025-12-01 13:12:54,19.1,Yedek parça bekleniyor,Hidrolik Kaçak,0
4000784,901182,IE25901182,M00015,YUVARLAK KUTU Ø092 MAT LAK 2 PARÇA,2025-12-02 11:12:58,2025-12-02 11:42:22,29.4,,Planlı Bakım,0
4000785,901183,IE26901183,M00002,TEPSI 325-125 MAT LAK 3 PARÇA,2026-06-28 10:05:07,2026-06-28 10:18:43,13.6,Bakım çağrıldı,Kalıp Değişimi,0
4000786,901184,IE26901184,M00002,TEPSI 325-125 MAT LAK 3 PARÇA,2026-06-29 13:02:36,2026-06-29 13:29:42,27.1,Bakım çağrıldı,Personel Yetersizliği,0
4000787,901186,IE26901186,M00002,TEPSI 325-125 MAT LAK 3 PARÇA,2026-07-01 16:25:45,2026-07-01 17:15:45,50,Kalıp söküldü,Kalite Duruşu,0
4000788,901187,IE25901187,M00038,YUVARLAK KUTU 120-105 VERNIKLI 3 PARÇA,2025-08-13 16:07:53,2025-08-13 17:03:53,56,,Kalıp Değişimi,0
4000789,901188,IE25901188,M00038,YUVARLAK KUTU 120-105 VERNIKLI 3 PARÇA,2025-08-14 09:35:12,2025-08-14 10:34:24,59.2,Yedek parça bekleniyor,Mekanik Arıza,0
4000790,901189,IE25901189,M00038,YUVARLAK KUTU 120-105 VERNIKLI 3 PARÇA,2025-08-15 20:15:34,2025-08-15 20:22:46,7.2,Bakım çağrıldı,Mekanik Arıza,0
4000791,901190,IE25901190,M00038,YUVARLAK KUTU 120-105 VERNIKLI 3 PARÇA,2025-08-16 21:01:20,2025-08-16 21:47:56,46.6,Bakım çağrıldı,Malzeme Bekleme,0
4000792,901195,IE25901195,M00001,KAPAK 090-065 HAM TENEKE 2 PARÇA,2025-07-04 09:41:01,2025-07-04 10:09:01,28,,Kalıp Değişimi,0
4000793,901196,IE25901196,M00001,KAPAK 090-065 HAM TENEKE 2 PARÇA,2025-07-05 14:49:57,2025-07-05 16:20:03,90.1,Kalıp söküldü,Sac Sıkışması,0
4000794,901198,IE25901198,M00001,KAPAK 090-065 HAM TENEKE 2 PARÇA,2025-07-07 16:31:34,2025-07-07 16:41:34,10,Bakım çağrıldı,Kalıp Değişimi,0
4000795,901200,IE26901200,M00011,YUVARLAK KUTU 120-105 HAM TENEKE 3 PARÇA,2026-04-10 11:22:13,2026-04-10 12:12:01,49.8,Bakım çağrıldı,Kalıp Değişimi,0
4000796,901203,IE26901203,M00029,YUVARLAK-SIVAMA KUTU Ø068 HAM TENEKE 2 PARÇA,2026-07-04 07:23:16,2026-07-04 07:46:58,23.7,Bakım çağrıldı,Kalıp Değişimi,0
4000797,901204,IE26901204,M00029,YUVARLAK-SIVAMA KUTU Ø068 HAM TENEKE 2 PARÇA,2026-07-05 10:55:13,2026-07-05 11:36:13,41,Operatör müdahalesi,Enerji Kesintisi,0
4000798,901206,IE26901206,M00006,SEKILLI KUTU 175-205 HAM TENEKE 3 PARÇA,2026-05-21 07:17:59,2026-05-21 07:31:53,13.9,Operatör müdahalesi,Kalıp Değişimi,0
4000799,901207,IE26901207,M00006,SEKILLI KUTU 175-205 HAM TENEKE 3 PARÇA,2026-05-22 08:32:39,2026-05-22 08:54:27,21.8,Operatör müdahalesi,Personel Yetersizliği,0
4000800,901208,IE26901208,M00008,YUVARLAK KUTU 210-255 HAM TENEKE 3 PARÇA,2026-03-14 08:35:32,2026-03-14 10:00:38,85.1,Operatör müdahalesi,Vardiya Devri,0
4000801,901209,IE26901209,M00008,YUVARLAK KUTU 210-255 HAM TENEKE 3 PARÇA,2026-03-15 15:07:33,2026-03-15 15:30:51,23.3,Kalıp söküldü,Malzeme Bekleme,0
4000802,901210,IE26901210,M00008,YUVARLAK KUTU 210-255 HAM TENEKE 3 PARÇA,2026-03-16 12:46:56,2026-03-16 12:53:44,6.8,Bakım çağrıldı,Kalıp Değişimi,0
4000803,901211,IE25901211,M00007,DIKDORTGEN KUTU 185-115 MAT LAK 2 PARÇA,2025-12-03 11:29:43,2025-12-03 11:40:25,10.7,Bakım çağrıldı,Kalıp Değişimi,0
4000804,901212,IE25901212,M00007,DIKDORTGEN KUTU 185-115 MAT LAK 2 PARÇA,2025-12-04 09:41:31,2025-12-04 10:37:43,56.2,Bakım çağrıldı,Ayar / Numune Onayı,0
4000805,901213,IE25901213,M00007,DIKDORTGEN KUTU 185-115 MAT LAK 2 PARÇA,2025-12-05 17:35:51,2025-12-05 18:18:27,42.6,Bakım çağrıldı,Kalıp Değişimi,0
4000806,901215,IE26901215,M00027,KALP KUTU 160-090 LITOGRAFI 3 PARÇA,2026-05-11 21:35:23,2026-05-11 22:18:05,42.7,Bakım çağrıldı,Enerji Kesintisi,0
4000807,901217,IE26901217,M00027,KALP KUTU 160-090 LITOGRAFI 3 PARÇA,2026-05-13 16:30:26,2026-05-13 16:47:32,17.1,,Kalıp Değişimi,0
4000808,901222,IE25901222,M00026,ALTIGEN KUTU 125-085 LITOGRAFI 2 PARÇA,2025-08-27 13:23:27,2025-08-27 14:08:21,44.9,Kalıp söküldü,Kalıp Değişimi,0
4000809,901223,IE25901223,M00029,YUVARLAK-SIVAMA KUTU Ø068 HAM TENEKE 2 PARÇA,2025-11-30 09:07:44,2025-11-30 09:38:38,30.9,Bakım çağrıldı,Kalite Duruşu,0
4000810,901224,IE25901224,M00029,YUVARLAK-SIVAMA KUTU Ø068 HAM TENEKE 2 PARÇA,2025-12-01 16:30:09,2025-12-01 16:39:33,9.4,Operatör müdahalesi,Kalıp Değişimi,0
4000811,901225,IE25901225,M00029,YUVARLAK-SIVAMA KUTU Ø068 HAM TENEKE 2 PARÇA,2025-12-02 08:54:44,2025-12-02 09:36:08,41.4,Bakım çağrıldı,Sac Sıkışması,0
4000812,901226,IE25901226,M00029,YUVARLAK-SIVAMA KUTU Ø068 HAM TENEKE 2 PARÇA,2025-12-03 20:51:02,2025-12-03 21:11:56,20.9,Operatör müdahalesi,Hidrolik Kaçak,0
4000813,901228,IE25901228,M00010,YUVARLAK KUTU 255-205 MAT LAK 3 PARÇA,2025-07-26 11:05:43,2025-07-26 12:02:19,56.6,Yedek parça bekleniyor,Kalıp Değişimi,0
4000814,901229,IE25901229,M00010,YUVARLAK KUTU 255-205 MAT LAK 3 PARÇA,2025-07-27 09:16:22,2025-07-27 10:38:58,82.6,Yedek parça bekleniyor,Kalite Duruşu,0
4000815,901230,IE25901230,M00010,YUVARLAK KUTU 255-205 MAT LAK 3 PARÇA,2025-07-28 15:06:15,2025-07-28 15:59:57,53.7,,Kalıp Değişimi,0
4000816,901234,IE26901234,M00004,YUVARLAK KUTU 210-255 MAT LAK 3 PARÇA,2026-06-10 16:09:58,2026-06-10 16:36:28,26.5,Yedek parça bekleniyor,Planlı Bakım,0
4000817,901235,IE26901235,M00001,KAPAK 090-065 HAM TENEKE 2 PARÇA,2026-01-28 13:47:59,2026-01-28 14:15:47,27.8,Bakım çağrıldı,Kalıp Değişimi,0
4000818,901237,IE26901237,M00001,KAPAK 090-065 HAM TENEKE 2 PARÇA,2026-01-30 14:42:10,2026-01-30 14:58:22,16.2,,Kalıp Değişimi,0
4000819,901238,IE26901238,M00001,KAPAK 090-065 HAM TENEKE 2 PARÇA,2026-01-31 17:36:49,2026-01-31 18:40:31,63.7,Bakım çağrıldı,Kalıp Değişimi,0
4000820,901239,IE26901239,M00002,TEPSI 325-125 MAT LAK 3 PARÇA,2026-07-10 08:52:02,2026-07-10 09:03:02,11,Yedek parça bekleniyor,Kalıp Değişimi,0
4000821,901240,IE26901240,M00002,TEPSI 325-125 MAT LAK 3 PARÇA,2026-07-11 11:02:30,2026-07-11 11:32:36,30.1,Bakım çağrıldı,Ayar / Numune Onayı,0
4000822,901243,IE25901243,M00033,YUVARLAK KUTU Ø092 MAT LAK 3 PARÇA,2025-10-07 18:27:29,2025-10-07 18:37:11,9.7,Bakım çağrıldı,Kalıp Değişimi,0
4000823,901244,IE25901244,M00033,YUVARLAK KUTU Ø092 MAT LAK 3 PARÇA,2025-10-08 10:34:03,2025-10-08 11:26:15,52.2,Bakım çağrıldı,Sac Sıkışması,0
4000824,901245,IE25901245,M00033,YUVARLAK KUTU Ø092 MAT LAK 3 PARÇA,2025-10-09 14:36:23,2025-10-09 15:17:17,40.9,Operatör müdahalesi,Kalıp Değişimi,0
4000825,901246,IE25901246,M00033,YUVARLAK KUTU Ø092 MAT LAK 3 PARÇA,2025-10-10 20:21:36,2025-10-10 20:48:30,26.9,Bakım çağrıldı,Sac Sıkışması,0
4000826,901248,IE26901248,M00003,YUVARLAK KUTU 120-105 HAM TENEKE 2 PARÇA,2026-05-26 20:17:38,2026-05-26 21:10:38,53,Yedek parça bekleniyor,Vardiya Devri,0
4000827,901249,IE26901249,M00003,YUVARLAK KUTU 120-105 HAM TENEKE 2 PARÇA,2026-05-27 08:02:29,2026-05-27 08:46:53,44.4,Operatör müdahalesi,Mekanik Arıza,0
4000828,901250,IE26901250,M00003,YUVARLAK KUTU 120-105 HAM TENEKE 2 PARÇA,2026-05-28 10:07:39,2026-05-28 10:46:57,39.3,Kalıp söküldü,Mekanik Arıza,0
4000829,901254,IE25901254,M00044,KAPAK 090-065 VERNIKLI 2 PARÇA,2025-07-04 13:39:33,2025-07-04 14:16:33,37,Operatör müdahalesi,Ayar / Numune Onayı,0
4000830,901255,IE25901255,M00040,YUVARLAK KUTU 255-205 MAT LAK 3 PARÇA,2025-11-25 20:44:35,2025-11-25 20:52:05,7.5,Operatör müdahalesi,Elektrik Arızası,0
4000831,901256,IE25901256,M00040,YUVARLAK KUTU 255-205 MAT LAK 3 PARÇA,2025-11-26 22:15:18,2025-11-26 22:58:30,43.2,Yedek parça bekleniyor,Kalıp Değişimi,0
4000832,901257,IE25901257,M00040,YUVARLAK KUTU 255-205 MAT LAK 3 PARÇA,2025-11-27 20:41:06,2025-11-27 20:53:42,12.6,Kalıp söküldü,Mekanik Arıza,0
4000833,901259,IE25901259,M00073,TEPSI 325-125 LITOGRAFI 3 PARÇA,2025-09-02 09:35:47,2025-09-02 10:04:47,29,,Elektrik Arızası,0
4000834,901260,IE25901260,M00073,TEPSI 325-125 LITOGRAFI 3 PARÇA,2025-09-03 17:01:05,2025-09-03 17:19:29,18.4,Kalıp söküldü,Mekanik Arıza,0
4000835,901261,IE25901261,M00073,TEPSI 325-125 LITOGRAFI 3 PARÇA,2025-09-04 10:25:16,2025-09-04 11:22:10,56.9,Bakım çağrıldı,Kalıp Değişimi,0
4000836,901264,IE25901264,M00005,DIKDORTGEN KUTU 145-095 MAT LAK 2 PARÇA,2025-07-14 14:30:11,2025-07-14 14:45:17,15.1,,Malzeme Bekleme,0
4000837,901265,IE25901265,M00005,DIKDORTGEN KUTU 145-095 MAT LAK 2 PARÇA,2025-07-15 11:38:38,2025-07-15 12:27:26,48.8,Yedek parça bekleniyor,Elektrik Arızası,0
4000838,901266,IE26901266,M00001,KAPAK 090-065 HAM TENEKE 2 PARÇA,2026-01-07 17:01:53,2026-01-07 17:27:47,25.9,Operatör müdahalesi,Elektrik Arızası,0
4000839,901268,IE26901268,M00001,KAPAK 090-065 HAM TENEKE 2 PARÇA,2026-01-09 21:52:12,2026-01-09 22:14:36,22.4,Kalıp söküldü,Vardiya Devri,0
4000840,901269,IE26901269,M00001,KAPAK 090-065 HAM TENEKE 2 PARÇA,2026-01-10 13:04:35,2026-01-10 13:18:47,14.2,Operatör müdahalesi,Hidrolik Kaçak,0
4000841,901270,IE25901270,M00142,YUVARLAK KUTU 158-175 LITOGRAFI 2 PARÇA,2025-07-24 14:14:25,2025-07-24 15:36:07,81.7,Bakım çağrıldı,Ayar / Numune Onayı,0
4000842,901272,IE25901272,M00142,YUVARLAK KUTU 158-175 LITOGRAFI 2 PARÇA,2025-07-26 20:54:24,2025-07-26 21:11:42,17.3,Operatör müdahalesi,Kalıp Değişimi,0
4000843,901273,IE25901273,M00142,YUVARLAK KUTU 158-175 LITOGRAFI 2 PARÇA,2025-07-27 09:38:40,2025-07-27 10:27:04,48.4,Kalıp söküldü,Vardiya Devri,0
4000844,901274,IE25901274,M00299,KOSELI SIVAMA KUTU 210-080 MAT LAK 2 PARÇA,2025-07-23 17:20:54,2025-07-23 17:28:00,7.1,Bakım çağrıldı,Vardiya Devri,0
4000845,901275,IE25901275,M00299,KOSELI SIVAMA KUTU 210-080 MAT LAK 2 PARÇA,2025-07-24 18:52:09,2025-07-24 19:38:51,46.7,Yedek parça bekleniyor,Kalıp Değişimi,0
4000846,901277,IE25901277,M00299,KOSELI SIVAMA KUTU 210-080 MAT LAK 2 PARÇA,2025-07-26 17:26:03,2025-07-26 17:51:09,25.1,Yedek parça bekleniyor,Kalıp Değişimi,0
4000847,901278,IE26901278,M00001,KAPAK 090-065 HAM TENEKE 2 PARÇA,2026-04-13 18:31:26,2026-04-13 19:14:20,42.9,Kalıp söküldü,Malzeme Bekleme,0
4000848,901279,IE26901279,M00001,KAPAK 090-065 HAM TENEKE 2 PARÇA,2026-04-14 21:16:19,2026-04-14 21:47:49,31.5,Operatör müdahalesi,Sac Sıkışması,0
4000849,901281,IE26901281,M00001,KAPAK 090-065 HAM TENEKE 2 PARÇA,2026-04-16 17:40:51,2026-04-16 18:20:21,39.5,Bakım çağrıldı,Mekanik Arıza,0
4000850,901282,IE25901282,M00007,DIKDORTGEN KUTU 185-115 MAT LAK 2 PARÇA,2025-07-02 16:56:50,2025-07-02 17:44:50,48,,Malzeme Bekleme,0
4000851,901284,IE25901284,M00007,DIKDORTGEN KUTU 185-115 MAT LAK 2 PARÇA,2025-07-04 08:08:58,2025-07-04 08:34:34,25.6,Bakım çağrıldı,Mekanik Arıza,0
4000852,901285,IE26901285,M00020,YUVARLAK KUTU 210-255 LITOGRAFI 2 PARÇA,2026-02-14 21:12:50,2026-02-14 22:39:44,86.9,Yedek parça bekleniyor,Mekanik Arıza,0
4000853,901286,IE26901286,M00020,YUVARLAK KUTU 210-255 LITOGRAFI 2 PARÇA,2026-02-15 14:05:21,2026-02-15 14:21:33,16.2,Kalıp söküldü,Elektrik Arızası,0
4000854,901287,IE26901287,M00020,YUVARLAK KUTU 210-255 LITOGRAFI 2 PARÇA,2026-02-16 11:50:09,2026-02-16 12:47:15,57.1,Operatör müdahalesi,Kalıp Değişimi,0
4000855,901288,IE25901288,M00252,DIKDORTGEN KUTU 205-050 HAM TENEKE 3 PARÇA,2025-07-28 18:24:00,2025-07-28 18:41:00,17,Yedek parça bekleniyor,Malzeme Bekleme,0
4000856,901289,IE25901289,M00252,DIKDORTGEN KUTU 205-050 HAM TENEKE 3 PARÇA,2025-07-29 20:20:45,2025-07-29 21:05:45,45,Yedek parça bekleniyor,Planlı Bakım,0
4000857,901290,IE25901290,M00252,DIKDORTGEN KUTU 205-050 HAM TENEKE 3 PARÇA,2025-07-30 17:04:22,2025-07-30 18:09:52,65.5,Bakım çağrıldı,Kalite Duruşu,0
4000858,901291,IE25901291,M00252,DIKDORTGEN KUTU 205-050 HAM TENEKE 3 PARÇA,2025-07-31 17:34:13,2025-07-31 18:40:25,66.2,Yedek parça bekleniyor,Kalite Duruşu,0
4000859,901292,IE26901292,M00002,TEPSI 325-125 MAT LAK 3 PARÇA,2026-05-18 20:38:48,2026-05-18 20:57:24,18.6,Kalıp söküldü,Kalıp Değişimi,0
4000860,901293,IE26901293,M00002,TEPSI 325-125 MAT LAK 3 PARÇA,2026-05-19 07:57:05,2026-05-19 08:52:17,55.2,,Mekanik Arıza,0
4000861,901294,IE26901294,M00002,TEPSI 325-125 MAT LAK 3 PARÇA,2026-05-20 13:39:00,2026-05-20 15:20:36,101.6,Yedek parça bekleniyor,Kalıp Değişimi,0
4000862,901295,IE26901295,M00002,TEPSI 325-125 MAT LAK 3 PARÇA,2026-05-21 07:54:12,2026-05-21 08:17:12,23,Kalıp söküldü,Vardiya Devri,0
4000863,901296,IE25901296,M00142,YUVARLAK KUTU 158-175 LITOGRAFI 2 PARÇA,2025-08-28 21:56:00,2025-08-28 22:28:12,32.2,,Kalite Duruşu,0
4000864,901297,IE25901297,M00142,YUVARLAK KUTU 158-175 LITOGRAFI 2 PARÇA,2025-08-29 12:52:32,2025-08-29 13:42:26,49.9,Kalıp söküldü,Kalıp Değişimi,0
4000865,901299,IE25901299,M00142,YUVARLAK KUTU 158-175 LITOGRAFI 2 PARÇA,2025-08-31 08:47:46,2025-08-31 10:06:22,78.6,Yedek parça bekleniyor,Kalıp Değişimi,0
4000866,901300,IE25901300,M00033,YUVARLAK KUTU Ø092 MAT LAK 3 PARÇA,2025-09-10 13:52:21,2025-09-10 14:37:21,45,Kalıp söküldü,Kalıp Değişimi,0
4000867,901301,IE25901301,M00033,YUVARLAK KUTU Ø092 MAT LAK 3 PARÇA,2025-09-11 15:35:07,2025-09-11 16:00:25,25.3,Bakım çağrıldı,Mekanik Arıza,0
4000868,901302,IE25901302,M00033,YUVARLAK KUTU Ø092 MAT LAK 3 PARÇA,2025-09-12 07:29:21,2025-09-12 08:17:51,48.5,Kalıp söküldü,Mekanik Arıza,0
4000869,901303,IE25901303,M00033,YUVARLAK KUTU Ø092 MAT LAK 3 PARÇA,2025-09-13 10:16:07,2025-09-13 11:13:07,57,,Kalite Duruşu,0
4000870,901304,IE25901304,M00016,YUVARLAK-SIVAMA KUTU Ø068 HAM TENEKE 2 PARÇA,2025-10-21 14:13:52,2025-10-21 14:40:22,26.5,Yedek parça bekleniyor,Malzeme Bekleme,0
4000871,901305,IE25901305,M00016,YUVARLAK-SIVAMA KUTU Ø068 HAM TENEKE 2 PARÇA,2025-10-22 07:06:50,2025-10-22 07:25:32,18.7,,Kalıp Değişimi,0
4000872,901306,IE25901306,M00016,YUVARLAK-SIVAMA KUTU Ø068 HAM TENEKE 2 PARÇA,2025-10-23 13:40:38,2025-10-23 15:53:38,133,Bakım çağrıldı,Kalıp Değişimi,0
4000873,901308,IE26901308,M00004,YUVARLAK KUTU 210-255 MAT LAK 3 PARÇA,2026-05-27 12:51:18,2026-05-27 13:25:30,34.2,Kalıp söküldü,Kalıp Değişimi,0
4000874,901310,IE26901310,M00001,KAPAK 090-065 HAM TENEKE 2 PARÇA,2026-04-26 12:55:52,2026-04-26 13:53:46,57.9,Bakım çağrıldı,Kalıp Değişimi,0
4000875,901311,IE26901311,M00001,KAPAK 090-065 HAM TENEKE 2 PARÇA,2026-04-27 12:20:58,2026-04-27 12:47:52,26.9,Yedek parça bekleniyor,Sac Sıkışması,0
4000876,901312,IE26901312,M00001,KAPAK 090-065 HAM TENEKE 2 PARÇA,2026-04-28 17:39:38,2026-04-28 19:01:08,81.5,Operatör müdahalesi,Mekanik Arıza,0
4000877,901313,IE25901313,M00004,YUVARLAK KUTU 210-255 MAT LAK 3 PARÇA,2025-06-26 18:47:43,2025-06-26 19:06:19,18.6,Yedek parça bekleniyor,Elektrik Arızası,0
4000878,901314,IE25901314,M00004,YUVARLAK KUTU 210-255 MAT LAK 3 PARÇA,2025-06-27 22:01:21,2025-06-27 22:45:45,44.4,Bakım çağrıldı,Ayar / Numune Onayı,0
4000879,901315,IE25901315,M00004,YUVARLAK KUTU 210-255 MAT LAK 3 PARÇA,2025-06-28 19:07:29,2025-06-28 20:28:05,80.6,,Malzeme Bekleme,0
4000880,901317,IE25901317,M00004,YUVARLAK KUTU 210-255 MAT LAK 3 PARÇA,2025-07-01 10:31:57,2025-07-01 11:42:51,70.9,Bakım çağrıldı,Vardiya Devri,0
4000881,901318,IE25901318,M00004,YUVARLAK KUTU 210-255 MAT LAK 3 PARÇA,2025-07-02 19:00:58,2025-07-02 20:19:52,78.9,Operatör müdahalesi,Personel Yetersizliği,0
4000882,901319,IE25901319,M00004,YUVARLAK KUTU 210-255 MAT LAK 3 PARÇA,2025-07-03 09:20:47,2025-07-03 09:49:35,28.8,Yedek parça bekleniyor,Sac Sıkışması,0
4000883,901329,IE26901329,M00060,YUVARLAK KUTU Y120-105 LITOGRAFI 3 PARÇA,2026-07-03 16:13:46,2026-07-03 17:42:40,88.9,Yedek parça bekleniyor,Malzeme Bekleme,0
4000884,901330,IE26901330,M00060,YUVARLAK KUTU Y120-105 LITOGRAFI 3 PARÇA,2026-07-04 16:38:15,2026-07-04 17:23:03,44.8,Yedek parça bekleniyor,Ayar / Numune Onayı,0
4000885,901331,IE25901331,M00066,SEKIZGEN KUTU 135-145 VERNIKLI 2 PARÇA,2025-07-23 12:03:49,2025-07-23 12:34:07,30.3,Bakım çağrıldı,Kalıp Değişimi,0
4000886,901332,IE25901332,M00066,SEKIZGEN KUTU 135-145 VERNIKLI 2 PARÇA,2025-07-24 14:36:47,2025-07-24 14:51:59,15.2,,Kalıp Değişimi,0
4000887,901333,IE25901333,M00066,SEKIZGEN KUTU 135-145 VERNIKLI 2 PARÇA,2025-07-25 21:49:47,2025-07-25 22:27:35,37.8,,Kalıp Değişimi,0
4000888,901334,IE25901334,M00066,SEKIZGEN KUTU 135-145 VERNIKLI 2 PARÇA,2025-07-26 17:31:57,2025-07-26 17:39:15,7.3,Yedek parça bekleniyor,Vardiya Devri,0
4000889,901336,IE25901336,M00003,YUVARLAK KUTU 120-105 HAM TENEKE 2 PARÇA,2025-12-29 15:28:09,2025-12-29 16:06:21,38.2,Bakım çağrıldı,Malzeme Bekleme,0
4000890,901337,IE25901337,M00003,YUVARLAK KUTU 120-105 HAM TENEKE 2 PARÇA,2025-12-30 06:49:46,2025-12-30 07:48:58,59.2,Operatör müdahalesi,Kalıp Değişimi,0
4000891,901338,IE25901338,M00029,YUVARLAK-SIVAMA KUTU Ø068 HAM TENEKE 2 PARÇA,2025-10-04 20:22:13,2025-10-04 21:00:37,38.4,Kalıp söküldü,Kalıp Değişimi,0
4000892,901339,IE25901339,M00029,YUVARLAK-SIVAMA KUTU Ø068 HAM TENEKE 2 PARÇA,2025-10-05 07:54:26,2025-10-05 08:27:14,32.8,,Elektrik Arızası,0
4000893,901341,IE25901341,M00029,YUVARLAK-SIVAMA KUTU Ø068 HAM TENEKE 2 PARÇA,2025-10-07 13:32:24,2025-10-07 13:59:12,26.8,Kalıp söküldü,Kalıp Değişimi,0
4000894,901342,IE26901342,M00003,YUVARLAK KUTU 120-105 HAM TENEKE 2 PARÇA,2026-06-20 17:56:34,2026-06-20 19:06:34,70,Operatör müdahalesi,Kalıp Değişimi,0
4000895,901344,IE26901344,M00003,YUVARLAK KUTU 120-105 HAM TENEKE 2 PARÇA,2026-06-22 16:56:38,2026-06-22 17:06:20,9.7,Bakım çağrıldı,Kalıp Değişimi,0
4000896,901346,IE25901346,M00007,DIKDORTGEN KUTU 185-115 MAT LAK 2 PARÇA,2025-08-17 12:16:01,2025-08-17 12:53:01,37,Kalıp söküldü,Ayar / Numune Onayı,0
4000897,901347,IE25901347,M00007,DIKDORTGEN KUTU 185-115 MAT LAK 2 PARÇA,2025-08-18 11:31:32,2025-08-18 12:25:56,54.4,,Elektrik Arızası,0
4000898,901350,IE25901350,M00028,YUVARLAK KUTU 245-175 MAT LAK 3 PARÇA,2025-07-01 15:53:23,2025-07-01 16:36:23,43,Bakım çağrıldı,Vardiya Devri,0
4000899,901353,IE26901353,M00015,YUVARLAK KUTU Ø092 MAT LAK 2 PARÇA,2026-06-18 19:18:07,2026-06-18 19:47:19,29.2,Operatör müdahalesi,Vardiya Devri,0
4000900,901354,IE26901354,M00015,YUVARLAK KUTU Ø092 MAT LAK 2 PARÇA,2026-06-19 10:43:02,2026-06-19 11:28:14,45.2,Yedek parça bekleniyor,Elektrik Arızası,0
4000901,901355,IE26901355,M00015,YUVARLAK KUTU Ø092 MAT LAK 2 PARÇA,2026-06-20 09:33:25,2026-06-20 09:57:19,23.9,,Elektrik Arızası,0
4000902,901360,IE26901360,M00009,YUVARLAK KUTU 245-175 VERNIKLI 3 PARÇA,2026-06-19 12:10:33,2026-06-19 12:44:33,34,Operatör müdahalesi,Kalıp Değişimi,0
4000903,901361,IE26901361,M00009,YUVARLAK KUTU 245-175 VERNIKLI 3 PARÇA,2026-06-20 09:26:38,2026-06-20 09:31:50,5.2,,Elektrik Arızası,0
4000904,901364,IE25901364,M00005,DIKDORTGEN KUTU 145-095 MAT LAK 2 PARÇA,2025-10-13 18:28:18,2025-10-13 18:58:42,30.4,Operatör müdahalesi,Kalıp Değişimi,0
4000905,901365,IE25901365,M00005,DIKDORTGEN KUTU 145-095 MAT LAK 2 PARÇA,2025-10-14 16:39:00,2025-10-14 17:33:42,54.7,Operatör müdahalesi,Vardiya Devri,0
4000906,901367,IE25901367,M00005,DIKDORTGEN KUTU 145-095 MAT LAK 2 PARÇA,2025-10-16 17:24:42,2025-10-16 17:32:00,7.3,Operatör müdahalesi,Personel Yetersizliği,0
4000907,901368,IE25901368,M00004,YUVARLAK KUTU 210-255 MAT LAK 3 PARÇA,2025-07-15 08:36:01,2025-07-15 09:10:25,34.4,,Kalıp Değişimi,0
4000908,901369,IE25901369,M00004,YUVARLAK KUTU 210-255 MAT LAK 3 PARÇA,2025-07-16 11:10:00,2025-07-16 13:00:12,110.2,Kalıp söküldü,Personel Yetersizliği,0
4000909,901370,IE25901370,M00004,YUVARLAK KUTU 210-255 MAT LAK 3 PARÇA,2025-07-17 18:36:31,2025-07-17 19:54:19,77.8,Yedek parça bekleniyor,Planlı Bakım,0
4000910,901371,IE26901371,M00016,YUVARLAK-SIVAMA KUTU Ø068 HAM TENEKE 2 PARÇA,2026-02-27 13:24:25,2026-02-27 13:29:31,5.1,Yedek parça bekleniyor,Ayar / Numune Onayı,0
4000911,901372,IE26901372,M00016,YUVARLAK-SIVAMA KUTU Ø068 HAM TENEKE 2 PARÇA,2026-02-28 11:31:39,2026-02-28 12:45:39,74,Kalıp söküldü,Mekanik Arıza,0
4000912,901374,IE26901374,M00016,YUVARLAK-SIVAMA KUTU Ø068 HAM TENEKE 2 PARÇA,2026-03-02 18:50:28,2026-03-02 19:22:34,32.1,,Kalıp Değişimi,0
4000913,901375,IE26901375,M00006,SEKILLI KUTU 175-205 HAM TENEKE 3 PARÇA,2026-04-04 08:49:53,2026-04-04 09:34:05,44.2,Operatör müdahalesi,Ayar / Numune Onayı,0
4000914,901376,IE26901376,M00006,SEKILLI KUTU 175-205 HAM TENEKE 3 PARÇA,2026-04-05 18:57:06,2026-04-05 20:28:36,91.5,,Kalıp Değişimi,0
4000915,901377,IE26901377,M00006,SEKILLI KUTU 175-205 HAM TENEKE 3 PARÇA,2026-04-06 10:37:39,2026-04-06 11:12:51,35.2,Operatör müdahalesi,Malzeme Bekleme,0
4000916,901378,IE26901378,M00006,SEKILLI KUTU 175-205 HAM TENEKE 3 PARÇA,2026-04-07 16:19:51,2026-04-07 16:47:27,27.6,Bakım çağrıldı,Ayar / Numune Onayı,0
4000917,901379,IE25901379,M00035,YUVARLAK KUTU 120-105 HAM TENEKE 3 PARÇA,2025-10-14 18:16:08,2025-10-14 18:57:50,41.7,,Ayar / Numune Onayı,0
4000918,901380,IE25901380,M00035,YUVARLAK KUTU 120-105 HAM TENEKE 3 PARÇA,2025-10-15 19:09:04,2025-10-15 20:05:52,56.8,Bakım çağrıldı,Malzeme Bekleme,0
4000919,901382,IE25901382,M00035,YUVARLAK KUTU 120-105 HAM TENEKE 3 PARÇA,2025-10-17 10:48:23,2025-10-17 11:29:53,41.5,Yedek parça bekleniyor,Hidrolik Kaçak,0
4000920,901383,IE25901383,M00032,TEPSI Ø068 VERNIKLI 3 PARÇA,2025-07-15 10:59:20,2025-07-15 11:13:32,14.2,Yedek parça bekleniyor,Kalıp Değişimi,0
4000921,901384,IE25901384,M00032,TEPSI Ø068 VERNIKLI 3 PARÇA,2025-07-16 11:36:15,2025-07-16 11:46:15,10,Bakım çağrıldı,Kalıp Değişimi,0
4000922,901385,IE25901385,M00032,TEPSI Ø068 VERNIKLI 3 PARÇA,2025-07-17 06:45:23,2025-07-17 08:00:35,75.2,Yedek parça bekleniyor,Kalıp Değişimi,0
4000923,901386,IE25901386,M00019,OVAL KUTU 295-165 VERNIKLI 2 PARÇA,2025-11-05 16:14:00,2025-11-05 16:43:00,29,Bakım çağrıldı,Planlı Bakım,0
4000924,901388,IE25901388,M00019,OVAL KUTU 295-165 VERNIKLI 2 PARÇA,2025-11-07 17:54:04,2025-11-07 18:33:52,39.8,,Vardiya Devri,0
4000925,901389,IE26901389,M00001,KAPAK 090-065 HAM TENEKE 2 PARÇA,2026-07-02 16:23:22,2026-07-02 17:22:28,59.1,Yedek parça bekleniyor,Sac Sıkışması,0
4000926,901390,IE26901390,M00001,KAPAK 090-065 HAM TENEKE 2 PARÇA,2026-07-03 17:30:39,2026-07-03 17:49:15,18.6,Yedek parça bekleniyor,Kalıp Değişimi,0
4000927,901391,IE26901391,M00001,KAPAK 090-065 HAM TENEKE 2 PARÇA,2026-07-04 15:45:33,2026-07-04 16:25:45,40.2,,Kalite Duruşu,0
4000928,901392,IE26901392,M00001,KAPAK 090-065 HAM TENEKE 2 PARÇA,2026-07-05 21:52:46,2026-07-05 22:20:28,27.7,Operatör müdahalesi,Mekanik Arıza,0
4000929,901393,IE26901393,M00008,YUVARLAK KUTU 210-255 HAM TENEKE 3 PARÇA,2026-04-01 12:13:48,2026-04-01 12:47:00,33.2,Kalıp söküldü,Kalıp Değişimi,0
4000930,901395,IE26901395,M00008,YUVARLAK KUTU 210-255 HAM TENEKE 3 PARÇA,2026-04-03 21:55:12,2026-04-03 22:12:54,17.7,Bakım çağrıldı,Hidrolik Kaçak,0
4000931,901399,IE26901399,M00001,KAPAK 090-065 HAM TENEKE 2 PARÇA,2026-07-22 18:51:30,2026-07-22 19:22:00,30.5,Operatör müdahalesi,Kalite Duruşu,0
4000932,901400,IE26901400,M00001,KAPAK 090-065 HAM TENEKE 2 PARÇA,2026-07-23 17:16:06,2026-07-23 18:28:06,72,Bakım çağrıldı,Malzeme Bekleme,0
4000933,901401,IE26901401,M00001,KAPAK 090-065 HAM TENEKE 2 PARÇA,2026-07-24 12:26:10,2026-07-24 13:12:40,46.5,Bakım çağrıldı,Elektrik Arızası,0
4000934,901402,IE26901402,M00057,KALP KUTU 160-090 LITOGRAFI 3 PARÇA,2026-02-24 21:47:14,2026-02-24 22:34:38,47.4,,Kalıp Değişimi,0
4000935,901403,IE26901403,M00057,KALP KUTU 160-090 LITOGRAFI 3 PARÇA,2026-02-25 21:38:47,2026-02-25 21:52:59,14.2,Yedek parça bekleniyor,Mekanik Arıza,0
4000936,901405,IE25901405,M00002,TEPSI 325-125 MAT LAK 3 PARÇA,2025-11-29 20:39:03,2025-11-29 21:06:51,27.8,Yedek parça bekleniyor,Kalıp Değişimi,0
4000937,901407,IE25901407,M00002,TEPSI 325-125 MAT LAK 3 PARÇA,2025-12-01 22:22:09,2025-12-01 23:05:57,43.8,Kalıp söküldü,Mekanik Arıza,0
4000938,901408,IE25901408,M00001,KAPAK 090-065 HAM TENEKE 2 PARÇA,2025-12-02 11:50:52,2025-12-02 12:20:04,29.2,Bakım çağrıldı,Kalıp Değişimi,0
4000939,901409,IE25901409,M00001,KAPAK 090-065 HAM TENEKE 2 PARÇA,2025-12-03 15:36:12,2025-12-03 16:04:18,28.1,,Kalıp Değişimi,0
4000940,901410,IE25901410,M00001,KAPAK 090-065 HAM TENEKE 2 PARÇA,2025-12-04 10:20:57,2025-12-04 10:27:21,6.4,,Kalıp Değişimi,0
4000941,901411,IE25901411,M00001,KAPAK 090-065 HAM TENEKE 2 PARÇA,2025-12-05 21:05:49,2025-12-05 21:58:55,53.1,Bakım çağrıldı,Mekanik Arıza,0
4000942,901412,IE25901412,M00002,TEPSI 325-125 MAT LAK 3 PARÇA,2025-09-20 19:27:15,2025-09-20 19:57:03,29.8,,Kalıp Değişimi,0
4000943,901416,IE25901416,M00009,YUVARLAK KUTU 245-175 VERNIKLI 3 PARÇA,2025-11-21 14:24:07,2025-11-21 14:35:49,11.7,Kalıp söküldü,Sac Sıkışması,0
4000944,901418,IE26901418,M00012,YUVARLAK KUTU 205-050 LITOGRAFI 2 PARÇA,2026-04-18 19:07:19,2026-04-18 20:29:01,81.7,Operatör müdahalesi,Hidrolik Kaçak,0
4000945,901419,IE26901419,M00012,YUVARLAK KUTU 205-050 LITOGRAFI 2 PARÇA,2026-04-19 08:34:36,2026-04-19 09:23:42,49.1,Kalıp söküldü,Vardiya Devri,0
4000946,901420,IE26901420,M00012,YUVARLAK KUTU 205-050 LITOGRAFI 2 PARÇA,2026-04-20 20:49:06,2026-04-20 21:21:36,32.5,,Malzeme Bekleme,0
4000947,901421,IE26901421,M00012,YUVARLAK KUTU 205-050 LITOGRAFI 2 PARÇA,2026-04-21 10:58:33,2026-04-21 11:27:27,28.9,Yedek parça bekleniyor,Planlı Bakım,0
4000948,901422,IE26901422,M00060,YUVARLAK KUTU Y120-105 LITOGRAFI 3 PARÇA,2026-02-22 16:04:18,2026-02-22 16:32:42,28.4,,Malzeme Bekleme,0
4000949,901424,IE26901424,M00060,YUVARLAK KUTU Y120-105 LITOGRAFI 3 PARÇA,2026-02-24 18:53:11,2026-02-24 20:01:11,68,,Elektrik Arızası,0
4000950,901425,IE26901425,M00014,YUVARLAK KUTU 120-105 HAM TENEKE 2 PARÇA,2026-05-21 13:58:22,2026-05-21 14:38:34,40.2,,Kalıp Değişimi,0
4000951,901427,IE26901427,M00014,YUVARLAK KUTU 120-105 HAM TENEKE 2 PARÇA,2026-05-23 12:12:29,2026-05-23 12:48:41,36.2,Bakım çağrıldı,Planlı Bakım,0
4000952,901428,IE26901428,M00014,YUVARLAK KUTU 120-105 HAM TENEKE 2 PARÇA,2026-05-24 17:45:31,2026-05-24 18:43:25,57.9,Kalıp söküldü,Kalıp Değişimi,0
4000953,901429,IE25901429,M00195,YUVARLAK KUTU Ø148 LITOGRAFI 3 PARÇA,2025-10-30 08:11:56,2025-10-30 08:58:56,47,Operatör müdahalesi,Hidrolik Kaçak,0
4000954,901430,IE25901430,M00195,YUVARLAK KUTU Ø148 LITOGRAFI 3 PARÇA,2025-10-31 15:22:39,2025-10-31 16:04:03,41.4,,Personel Yetersizliği,0
4000955,901432,IE25901432,M00011,YUVARLAK KUTU 120-105 HAM TENEKE 3 PARÇA,2025-12-01 13:08:18,2025-12-01 13:43:54,35.6,Operatör müdahalesi,Mekanik Arıza,0
4000956,901433,IE25901433,M00011,YUVARLAK KUTU 120-105 HAM TENEKE 3 PARÇA,2025-12-02 10:33:18,2025-12-02 11:08:42,35.4,Operatör müdahalesi,Hidrolik Kaçak,0
4000957,901434,IE25901434,M00011,YUVARLAK KUTU 120-105 HAM TENEKE 3 PARÇA,2025-12-03 12:08:09,2025-12-03 12:20:33,12.4,Yedek parça bekleniyor,Kalıp Değişimi,0
4000958,901435,IE25901435,M00004,YUVARLAK KUTU 210-255 MAT LAK 3 PARÇA,2025-08-10 09:34:30,2025-08-10 10:44:42,70.2,Kalıp söküldü,Kalıp Değişimi,0
4000959,901436,IE25901436,M00004,YUVARLAK KUTU 210-255 MAT LAK 3 PARÇA,2025-08-11 21:39:17,2025-08-11 22:30:11,50.9,Kalıp söküldü,Kalite Duruşu,0
4000960,901438,IE25901438,M00004,YUVARLAK KUTU 210-255 MAT LAK 3 PARÇA,2025-08-13 19:48:11,2025-08-13 20:14:17,26.1,Yedek parça bekleniyor,Malzeme Bekleme,0
4000961,901439,IE26901439,M00005,DIKDORTGEN KUTU 145-095 MAT LAK 2 PARÇA,2026-05-05 07:01:25,2026-05-05 07:51:37,50.2,Yedek parça bekleniyor,Malzeme Bekleme,0
4000962,901440,IE26901440,M00005,DIKDORTGEN KUTU 145-095 MAT LAK 2 PARÇA,2026-05-06 07:18:57,2026-05-06 07:40:39,21.7,Yedek parça bekleniyor,Malzeme Bekleme,0
4000963,901441,IE26901441,M00005,DIKDORTGEN KUTU 145-095 MAT LAK 2 PARÇA,2026-05-07 10:59:48,2026-05-07 11:33:00,33.2,Kalıp söküldü,Kalıp Değişimi,0
4000964,901442,IE26901442,M00005,DIKDORTGEN KUTU 145-095 MAT LAK 2 PARÇA,2026-05-08 21:05:33,2026-05-08 21:29:09,23.6,Operatör müdahalesi,Mekanik Arıza,0
4000965,901445,IE25901445,M00166,ALTIGEN KUTU 125-085 LITOGRAFI 3 PARÇA,2025-10-20 09:03:06,2025-10-20 09:34:06,31,Bakım çağrıldı,Kalıp Değişimi,0
4000966,901447,IE25901447,M00060,YUVARLAK KUTU Y120-105 LITOGRAFI 3 PARÇA,2025-11-20 16:51:30,2025-11-20 17:20:12,28.7,Operatör müdahalesi,Kalıp Değişimi,0
4000967,901448,IE25901448,M00060,YUVARLAK KUTU Y120-105 LITOGRAFI 3 PARÇA,2025-11-21 17:11:09,2025-11-21 17:25:27,14.3,Operatör müdahalesi,Kalıp Değişimi,0
4000968,901449,IE25901449,M00060,YUVARLAK KUTU Y120-105 LITOGRAFI 3 PARÇA,2025-11-22 13:32:59,2025-11-22 14:34:41,61.7,Bakım çağrıldı,Personel Yetersizliği,0
4000969,901452,IE26901452,M00001,KAPAK 090-065 HAM TENEKE 2 PARÇA,2026-07-20 22:29:07,2026-07-21 00:19:13,110.1,Yedek parça bekleniyor,Kalıp Değişimi,0
4000970,901455,IE26901455,M00050,YUVARLAK KUTU 158-175 HAM TENEKE 3 PARÇA,2026-05-01 22:25:24,2026-05-01 22:40:54,15.5,Operatör müdahalesi,Kalıp Değişimi,0
4000971,901456,IE26901456,M00050,YUVARLAK KUTU 158-175 HAM TENEKE 3 PARÇA,2026-05-02 15:54:51,2026-05-02 16:30:33,35.7,Kalıp söküldü,Kalıp Değişimi,0
4000972,901457,IE26901457,M00001,KAPAK 090-065 HAM TENEKE 2 PARÇA,2026-05-19 17:37:17,2026-05-19 18:36:41,59.4,Bakım çağrıldı,Kalıp Değişimi,0
4000973,901458,IE26901458,M00001,KAPAK 090-065 HAM TENEKE 2 PARÇA,2026-05-20 18:52:53,2026-05-20 19:49:53,57,,Ayar / Numune Onayı,0
4000974,901460,IE26901460,M00001,KAPAK 090-065 HAM TENEKE 2 PARÇA,2026-05-22 14:53:53,2026-05-22 15:10:47,16.9,Yedek parça bekleniyor,Ayar / Numune Onayı,0
4000975,901461,IE25901461,M00004,YUVARLAK KUTU 210-255 MAT LAK 3 PARÇA,2025-09-07 19:49:41,2025-09-07 20:23:59,34.3,,Mekanik Arıza,0
4000976,901462,IE25901462,M00004,YUVARLAK KUTU 210-255 MAT LAK 3 PARÇA,2025-09-08 10:08:40,2025-09-08 11:31:16,82.6,Yedek parça bekleniyor,Malzeme Bekleme,0
4000977,901463,IE25901463,M00004,YUVARLAK KUTU 210-255 MAT LAK 3 PARÇA,2025-09-09 17:55:24,2025-09-09 18:25:36,30.2,Bakım çağrıldı,Kalıp Değişimi,0
4000978,901464,IE25901464,M00004,YUVARLAK KUTU 210-255 MAT LAK 3 PARÇA,2025-09-10 13:14:58,2025-09-10 14:06:16,51.3,Kalıp söküldü,Planlı Bakım,0
4000979,901466,IE26901466,M00010,YUVARLAK KUTU 255-205 MAT LAK 3 PARÇA,2026-06-01 13:07:27,2026-06-01 14:07:33,60.1,Yedek parça bekleniyor,Kalıp Değişimi,0
4000980,901467,IE26901467,M00010,YUVARLAK KUTU 255-205 MAT LAK 3 PARÇA,2026-06-02 13:27:14,2026-06-02 14:16:32,49.3,Bakım çağrıldı,Kalıp Değişimi,0
4000981,901468,IE25901468,M00005,DIKDORTGEN KUTU 145-095 MAT LAK 2 PARÇA,2025-10-24 10:56:12,2025-10-24 11:04:30,8.3,Yedek parça bekleniyor,Elektrik Arızası,0
4000982,901469,IE25901469,M00005,DIKDORTGEN KUTU 145-095 MAT LAK 2 PARÇA,2025-10-25 17:20:58,2025-10-25 18:57:22,96.4,Operatör müdahalesi,Malzeme Bekleme,0
4000983,901471,IE26901471,M00001,KAPAK 090-065 HAM TENEKE 2 PARÇA,2026-05-30 10:32:50,2026-05-30 10:48:08,15.3,Bakım çağrıldı,Ayar / Numune Onayı,0
4000984,901473,IE26901473,M00001,KAPAK 090-065 HAM TENEKE 2 PARÇA,2026-06-01 10:07:10,2026-06-01 10:29:40,22.5,Bakım çağrıldı,Kalıp Değişimi,0
4000985,901474,IE25901474,M00012,YUVARLAK KUTU 205-050 LITOGRAFI 2 PARÇA,2025-07-08 18:27:01,2025-07-08 19:29:37,62.6,Operatör müdahalesi,Kalite Duruşu,0
4000986,901475,IE25901475,M00012,YUVARLAK KUTU 205-050 LITOGRAFI 2 PARÇA,2025-07-09 12:30:47,2025-07-09 13:30:11,59.4,Operatör müdahalesi,Kalıp Değişimi,0
4000987,901478,IE26901478,M00057,KALP KUTU 160-090 LITOGRAFI 3 PARÇA,2026-07-29 17:56:15,2026-07-29 19:05:27,69.2,,Sac Sıkışması,0
4000988,901479,IE26901479,M00057,KALP KUTU 160-090 LITOGRAFI 3 PARÇA,2026-07-30 13:37:52,2026-07-30 13:46:28,8.6,Yedek parça bekleniyor,Personel Yetersizliği,0
4000989,901481,IE25901481,M00005,DIKDORTGEN KUTU 145-095 MAT LAK 2 PARÇA,2025-12-20 15:54:15,2025-12-20 16:27:57,33.7,Kalıp söküldü,Kalite Duruşu,0
4000990,901482,IE25901482,M00005,DIKDORTGEN KUTU 145-095 MAT LAK 2 PARÇA,2025-12-21 22:48:07,2025-12-21 23:25:01,36.9,Bakım çağrıldı,Kalıp Değişimi,0
4000991,901485,IE26901485,M00016,YUVARLAK-SIVAMA KUTU Ø068 HAM TENEKE 2 PARÇA,2026-04-14 19:28:33,2026-04-14 19:55:15,26.7,Yedek parça bekleniyor,Elektrik Arızası,0
4000992,901486,IE26901486,M00016,YUVARLAK-SIVAMA KUTU Ø068 HAM TENEKE 2 PARÇA,2026-04-15 20:22:17,2026-04-15 21:42:53,80.6,Operatör müdahalesi,Enerji Kesintisi,0
4000993,901487,IE26901487,M00016,YUVARLAK-SIVAMA KUTU Ø068 HAM TENEKE 2 PARÇA,2026-04-16 16:50:01,2026-04-16 17:30:01,40,Kalıp söküldü,Hidrolik Kaçak,0
4000994,901489,IE25901489,M00016,YUVARLAK-SIVAMA KUTU Ø068 HAM TENEKE 2 PARÇA,2025-12-15 08:04:49,2025-12-15 08:26:25,21.6,,Kalıp Değişimi,0
4000995,901490,IE25901490,M00016,YUVARLAK-SIVAMA KUTU Ø068 HAM TENEKE 2 PARÇA,2025-12-16 08:30:25,2025-12-16 09:25:49,55.4,,Mekanik Arıza,0
4000996,901492,IE26901492,M00003,YUVARLAK KUTU 120-105 HAM TENEKE 2 PARÇA,2026-07-02 18:08:13,2026-07-02 19:39:37,91.4,Yedek parça bekleniyor,Kalite Duruşu,0
4000997,901493,IE26901493,M00003,YUVARLAK KUTU 120-105 HAM TENEKE 2 PARÇA,2026-07-03 17:51:31,2026-07-03 18:06:37,15.1,Operatör müdahalesi,Kalıp Değişimi,0
4000998,901496,IE25901496,M00003,YUVARLAK KUTU 120-105 HAM TENEKE 2 PARÇA,2025-12-21 15:19:16,2025-12-21 16:18:10,58.9,Bakım çağrıldı,Mekanik Arıza,0
4000999,901498,IE26901498,M00006,SEKILLI KUTU 175-205 HAM TENEKE 3 PARÇA,2026-05-10 20:15:36,2026-05-10 20:34:48,19.2,Operatör müdahalesi,Kalıp Değişimi,0
4001000,901499,IE26901499,M00006,SEKILLI KUTU 175-205 HAM TENEKE 3 PARÇA,2026-05-11 16:45:34,2026-05-11 17:48:22,62.8,Yedek parça bekleniyor,Kalıp Değişimi,0
4001001,901500,IE26901500,M00006,SEKILLI KUTU 175-205 HAM TENEKE 3 PARÇA,2026-05-12 09:20:00,2026-05-12 09:38:00,18,Operatör müdahalesi,Kalıp Değişimi,0
4001002,901504,IE26901504,M00009,YUVARLAK KUTU 245-175 VERNIKLI 3 PARÇA,2026-02-18 16:04:57,2026-02-18 17:27:09,82.2,Bakım çağrıldı,Mekanik Arıza,0
4001003,901509,IE25901509,M00009,YUVARLAK KUTU 245-175 VERNIKLI 3 PARÇA,2025-08-04 14:40:24,2025-08-04 15:05:18,24.9,Kalıp söküldü,Personel Yetersizliği,0
4001004,901510,IE25901510,M00009,YUVARLAK KUTU 245-175 VERNIKLI 3 PARÇA,2025-08-05 10:11:45,2025-08-05 12:19:33,127.8,Bakım çağrıldı,Sac Sıkışması,0
4001005,901511,IE25901511,M00009,YUVARLAK KUTU 245-175 VERNIKLI 3 PARÇA,2025-08-06 15:14:52,2025-08-06 16:21:40,66.8,Kalıp söküldü,Mekanik Arıza,0
4001006,901512,IE25901512,M00009,YUVARLAK KUTU 245-175 VERNIKLI 3 PARÇA,2025-08-07 17:36:51,2025-08-07 18:02:45,25.9,Yedek parça bekleniyor,Kalıp Değişimi,0
4001007,901513,IE25901513,M00007,DIKDORTGEN KUTU 185-115 MAT LAK 2 PARÇA,2025-07-03 19:32:04,2025-07-03 20:26:22,54.3,Yedek parça bekleniyor,Personel Yetersizliği,0
4001008,901514,IE25901514,M00007,DIKDORTGEN KUTU 185-115 MAT LAK 2 PARÇA,2025-07-04 11:06:49,2025-07-04 12:10:31,63.7,,Malzeme Bekleme,0
4001009,901515,IE25901515,M00007,DIKDORTGEN KUTU 185-115 MAT LAK 2 PARÇA,2025-07-05 16:14:02,2025-07-05 16:38:50,24.8,Operatör müdahalesi,Kalıp Değişimi,0
4001010,901517,IE26901517,M00017,OVAL KUTU 295-165 VERNIKLI 2 PARÇA,2026-07-22 19:01:14,2026-07-22 19:21:20,20.1,Kalıp söküldü,Planlı Bakım,0
4001011,901518,IE26901518,M00017,OVAL KUTU 295-165 VERNIKLI 2 PARÇA,2026-07-23 20:49:43,2026-07-23 21:11:31,21.8,Operatör müdahalesi,Planlı Bakım,0
4001012,901519,IE26901519,M00017,OVAL KUTU 295-165 VERNIKLI 2 PARÇA,2026-07-24 10:23:10,2026-07-24 11:02:22,39.2,Bakım çağrıldı,Malzeme Bekleme,0
4001013,901520,IE26901520,M00017,OVAL KUTU 295-165 VERNIKLI 2 PARÇA,2026-07-25 17:02:18,2026-07-25 17:28:18,26,Kalıp söküldü,Malzeme Bekleme,0
4001014,901521,IE26901521,M00022,SEKIZGEN KUTU 135-145 VERNIKLI 2 PARÇA,2026-04-23 07:30:44,2026-04-23 08:22:20,51.6,Kalıp söküldü,Kalıp Değişimi,0
4001015,901522,IE26901522,M00022,SEKIZGEN KUTU 135-145 VERNIKLI 2 PARÇA,2026-04-24 13:03:04,2026-04-24 14:10:16,67.2,Operatör müdahalesi,Enerji Kesintisi,0
4001016,901523,IE26901523,M00022,SEKIZGEN KUTU 135-145 VERNIKLI 2 PARÇA,2026-04-25 09:35:14,2026-04-25 11:03:02,87.8,Bakım çağrıldı,Sac Sıkışması,0
4001017,901525,IE25901525,M00003,YUVARLAK KUTU 120-105 HAM TENEKE 2 PARÇA,2025-09-15 18:29:01,2025-09-15 18:50:01,21,Kalıp söküldü,Kalıp Değişimi,0
4001018,901526,IE25901526,M00003,YUVARLAK KUTU 120-105 HAM TENEKE 2 PARÇA,2025-09-16 19:34:03,2025-09-16 20:26:39,52.6,Bakım çağrıldı,Ayar / Numune Onayı,0
4001019,901527,IE25901527,M00003,YUVARLAK KUTU 120-105 HAM TENEKE 2 PARÇA,2025-09-17 12:32:20,2025-09-17 13:31:08,58.8,Bakım çağrıldı,Elektrik Arızası,0
4001020,901528,IE25901528,M00003,YUVARLAK KUTU 120-105 HAM TENEKE 2 PARÇA,2025-09-18 17:22:48,2025-09-18 18:33:24,70.6,Operatör müdahalesi,Mekanik Arıza,0
4001021,901529,IE25901529,M00001,KAPAK 090-065 HAM TENEKE 2 PARÇA,2025-07-23 18:36:57,2025-07-23 19:23:27,46.5,Kalıp söküldü,Ayar / Numune Onayı,0
4001022,901530,IE25901530,M00001,KAPAK 090-065 HAM TENEKE 2 PARÇA,2025-07-24 11:00:34,2025-07-24 11:59:22,58.8,Bakım çağrıldı,Kalıp Değişimi,0
4001023,901531,IE25901531,M00001,KAPAK 090-065 HAM TENEKE 2 PARÇA,2025-07-25 16:20:34,2025-07-25 17:09:58,49.4,,Kalite Duruşu,0
4001024,901532,IE25901532,M00001,KAPAK 090-065 HAM TENEKE 2 PARÇA,2025-07-26 20:54:46,2025-07-26 21:20:10,25.4,Kalıp söküldü,Mekanik Arıza,0
4001025,901533,IE25901533,M00001,KAPAK 090-065 HAM TENEKE 2 PARÇA,2025-08-15 16:44:44,2025-08-15 17:16:32,31.8,,Planlı Bakım,0
4001026,901535,IE25901535,M00001,KAPAK 090-065 HAM TENEKE 2 PARÇA,2025-08-17 20:07:47,2025-08-17 21:06:17,58.5,Yedek parça bekleniyor,Malzeme Bekleme,0
4001027,901536,IE25901536,M00001,KAPAK 090-065 HAM TENEKE 2 PARÇA,2025-08-18 13:45:16,2025-08-18 14:18:10,32.9,Yedek parça bekleniyor,Vardiya Devri,0
4001028,901537,IE25901537,M00005,DIKDORTGEN KUTU 145-095 MAT LAK 2 PARÇA,2025-09-26 14:15:02,2025-09-26 14:37:14,22.2,Kalıp söküldü,Malzeme Bekleme,0
4001029,901538,IE25901538,M00005,DIKDORTGEN KUTU 145-095 MAT LAK 2 PARÇA,2025-09-27 21:05:27,2025-09-27 21:34:39,29.2,Bakım çağrıldı,Kalıp Değişimi,0
4001030,901539,IE25901539,M00005,DIKDORTGEN KUTU 145-095 MAT LAK 2 PARÇA,2025-09-28 13:44:23,2025-09-28 14:46:05,61.7,Operatör müdahalesi,Ayar / Numune Onayı,0
4001031,901540,IE25901540,M00005,DIKDORTGEN KUTU 145-095 MAT LAK 2 PARÇA,2025-09-29 18:47:12,2025-09-29 18:52:30,5.3,Bakım çağrıldı,Mekanik Arıza,0
4001032,901541,IE26901541,M00088,YUVARLAK KUTU 120-105 LITOGRAFI 2 PARÇA,2026-05-13 15:27:17,2026-05-13 16:16:17,49,,Sac Sıkışması,0
4001033,901542,IE26901542,M00088,YUVARLAK KUTU 120-105 LITOGRAFI 2 PARÇA,2026-05-14 11:39:57,2026-05-14 12:24:45,44.8,,Planlı Bakım,0
4001034,901544,IE26901544,M00088,YUVARLAK KUTU 120-105 LITOGRAFI 2 PARÇA,2026-05-16 09:10:00,2026-05-16 09:40:24,30.4,Kalıp söküldü,Kalıp Değişimi,0
4001035,901545,IE26901545,M00014,YUVARLAK KUTU 120-105 HAM TENEKE 2 PARÇA,2026-06-20 09:20:41,2026-06-20 10:00:11,39.5,Bakım çağrıldı,Personel Yetersizliği,0
4001036,901546,IE26901546,M00014,YUVARLAK KUTU 120-105 HAM TENEKE 2 PARÇA,2026-06-21 13:22:32,2026-06-21 13:38:50,16.3,,Ayar / Numune Onayı,0
4001037,901547,IE26901547,M00014,YUVARLAK KUTU 120-105 HAM TENEKE 2 PARÇA,2026-06-22 13:22:28,2026-06-22 13:51:52,29.4,Yedek parça bekleniyor,Personel Yetersizliği,0
4001038,901550,IE26901550,M00001,KAPAK 090-065 HAM TENEKE 2 PARÇA,2026-01-16 19:41:29,2026-01-16 19:53:29,12,Yedek parça bekleniyor,Kalite Duruşu,0
4001039,901552,IE25901552,M00002,TEPSI 325-125 MAT LAK 3 PARÇA,2025-10-06 13:38:47,2025-10-06 14:57:53,79.1,Bakım çağrıldı,Kalıp Değişimi,0
4001040,901553,IE25901553,M00002,TEPSI 325-125 MAT LAK 3 PARÇA,2025-10-07 14:04:45,2025-10-07 14:41:27,36.7,,Malzeme Bekleme,0
4001041,901554,IE25901554,M00002,TEPSI 325-125 MAT LAK 3 PARÇA,2025-10-08 11:01:04,2025-10-08 11:44:22,43.3,Bakım çağrıldı,Elektrik Arızası,0
4001042,901555,IE25901555,M00002,TEPSI 325-125 MAT LAK 3 PARÇA,2025-10-09 18:27:11,2025-10-09 18:58:35,31.4,Bakım çağrıldı,Vardiya Devri,0
4001043,901556,IE26901556,M00001,KAPAK 090-065 HAM TENEKE 2 PARÇA,2026-02-03 21:29:16,2026-02-03 22:50:46,81.5,,Elektrik Arızası,0
4001044,901557,IE26901557,M00001,KAPAK 090-065 HAM TENEKE 2 PARÇA,2026-02-04 10:31:48,2026-02-04 11:00:24,28.6,Yedek parça bekleniyor,Vardiya Devri,0
4001045,901558,IE26901558,M00001,KAPAK 090-065 HAM TENEKE 2 PARÇA,2026-02-05 16:54:04,2026-02-05 17:19:40,25.6,Operatör müdahalesi,Ayar / Numune Onayı,0
4001046,901559,IE26901559,M00001,KAPAK 090-065 HAM TENEKE 2 PARÇA,2026-02-06 19:25:55,2026-02-06 20:39:01,73.1,Bakım çağrıldı,Ayar / Numune Onayı,0
4001047,901564,IE26901564,M00014,YUVARLAK KUTU 120-105 HAM TENEKE 2 PARÇA,2026-07-14 14:10:34,2026-07-14 14:44:58,34.4,Kalıp söküldü,Ayar / Numune Onayı,0
4001048,901565,IE26901565,M00014,YUVARLAK KUTU 120-105 HAM TENEKE 2 PARÇA,2026-07-15 19:22:37,2026-07-15 19:58:37,36,,Elektrik Arızası,0
4001049,901566,IE26901566,M00014,YUVARLAK KUTU 120-105 HAM TENEKE 2 PARÇA,2026-07-16 13:22:14,2026-07-16 13:44:14,22,,Vardiya Devri,0
4001050,901567,IE26901567,M00055,YUVARLAK-SIVAMA KUTU Ø068 MAT LAK 3 PARÇA,2026-01-05 08:25:06,2026-01-05 08:45:48,20.7,Kalıp söküldü,Sac Sıkışması,0
4001051,901568,IE26901568,M00055,YUVARLAK-SIVAMA KUTU Ø068 MAT LAK 3 PARÇA,2026-01-06 11:13:27,2026-01-06 11:26:39,13.2,Operatör müdahalesi,Kalıp Değişimi,0
4001052,901569,IE26901569,M00055,YUVARLAK-SIVAMA KUTU Ø068 MAT LAK 3 PARÇA,2026-01-07 06:43:14,2026-01-07 07:10:02,26.8,Kalıp söküldü,Kalıp Değişimi,0
4001053,901570,IE26901570,M00001,KAPAK 090-065 HAM TENEKE 2 PARÇA,2026-07-09 18:01:19,2026-07-09 18:58:13,56.9,Yedek parça bekleniyor,Sac Sıkışması,0
4001054,901572,IE26901572,M00001,KAPAK 090-065 HAM TENEKE 2 PARÇA,2026-07-11 17:07:47,2026-07-11 17:22:17,14.5,Operatör müdahalesi,Personel Yetersizliği,0
4001055,901573,IE25901573,M00002,TEPSI 325-125 MAT LAK 3 PARÇA,2025-12-16 13:14:10,2025-12-16 13:41:58,27.8,Bakım çağrıldı,Vardiya Devri,0
4001056,901574,IE25901574,M00002,TEPSI 325-125 MAT LAK 3 PARÇA,2025-12-17 17:47:07,2025-12-17 18:48:49,61.7,Operatör müdahalesi,Kalıp Değişimi,0
4001057,901575,IE25901575,M00002,TEPSI 325-125 MAT LAK 3 PARÇA,2025-12-18 17:57:40,2025-12-18 18:51:34,53.9,,Ayar / Numune Onayı,0
4001058,901576,IE26901576,M00077,DIKDORTGEN KUTU Ø068 LITOGRAFI 2 PARÇA,2026-07-14 11:06:48,2026-07-14 12:32:48,86,,Malzeme Bekleme,0
4001059,901577,IE26901577,M00077,DIKDORTGEN KUTU Ø068 LITOGRAFI 2 PARÇA,2026-07-15 18:00:43,2026-07-15 18:15:55,15.2,Yedek parça bekleniyor,Elektrik Arızası,0
4001060,901578,IE26901578,M00077,DIKDORTGEN KUTU Ø068 LITOGRAFI 2 PARÇA,2026-07-16 08:11:48,2026-07-16 08:57:18,45.5,Yedek parça bekleniyor,Ayar / Numune Onayı,0
4001061,901579,IE26901579,M00077,DIKDORTGEN KUTU Ø068 LITOGRAFI 2 PARÇA,2026-07-17 13:03:23,2026-07-17 14:02:23,59,Operatör müdahalesi,Ayar / Numune Onayı,0
4001062,901580,IE25901580,M00259,YUVARLAK KUTU Ø092 HAM TENEKE 3 PARÇA,2025-07-09 10:48:15,2025-07-09 10:56:57,8.7,Kalıp söküldü,Malzeme Bekleme,0
4001063,901581,IE25901581,M00259,YUVARLAK KUTU Ø092 HAM TENEKE 3 PARÇA,2025-07-10 18:27:37,2025-07-10 18:37:43,10.1,,Kalıp Değişimi,0
4001064,901582,IE25901582,M00259,YUVARLAK KUTU Ø092 HAM TENEKE 3 PARÇA,2025-07-11 18:00:12,2025-07-11 18:24:54,24.7,Bakım çağrıldı,Malzeme Bekleme,0
4001065,901583,IE25901583,M00259,YUVARLAK KUTU Ø092 HAM TENEKE 3 PARÇA,2025-07-12 21:01:39,2025-07-12 21:58:03,56.4,Operatör müdahalesi,Kalıp Değişimi,0
4001066,901584,IE25901584,M00015,YUVARLAK KUTU Ø092 MAT LAK 2 PARÇA,2025-09-11 13:21:35,2025-09-11 15:00:47,99.2,Operatör müdahalesi,Kalıp Değişimi,0
4001067,901585,IE25901585,M00015,YUVARLAK KUTU Ø092 MAT LAK 2 PARÇA,2025-09-12 21:21:51,2025-09-12 21:38:15,16.4,Operatör müdahalesi,Ayar / Numune Onayı,0
4001068,901586,IE25901586,M00015,YUVARLAK KUTU Ø092 MAT LAK 2 PARÇA,2025-09-13 09:24:33,2025-09-13 10:10:21,45.8,Operatör müdahalesi,Planlı Bakım,0
4001069,901587,IE25901587,M00015,YUVARLAK KUTU Ø092 MAT LAK 2 PARÇA,2025-09-14 15:27:58,2025-09-14 15:43:52,15.9,,Kalıp Değişimi,0
4001070,901588,IE25901588,M00001,KAPAK 090-065 HAM TENEKE 2 PARÇA,2025-07-25 12:07:48,2025-07-25 12:50:12,42.4,Operatör müdahalesi,Malzeme Bekleme,0
4001071,901591,IE25901591,M00001,KAPAK 090-065 HAM TENEKE 2 PARÇA,2025-07-28 18:24:06,2025-07-28 19:06:06,42,Bakım çağrıldı,Malzeme Bekleme,0
4001072,901596,IE25901596,M00013,KOSELI SIVAMA KUTU 210-080 LITOGRAFI 3 PARÇA,2025-12-21 19:38:37,2025-12-21 20:46:25,67.8,,Kalıp Değişimi,0
4001073,901598,IE25901598,M00013,KOSELI SIVAMA KUTU 210-080 LITOGRAFI 3 PARÇA,2025-12-23 18:47:28,2025-12-23 19:43:34,56.1,Yedek parça bekleniyor,Kalite Duruşu,0
4001074,901599,IE26901599,M00003,YUVARLAK KUTU 120-105 HAM TENEKE 2 PARÇA,2026-06-13 10:24:01,2026-06-13 11:14:49,50.8,Bakım çağrıldı,Kalite Duruşu,0
4001075,901601,IE26901601,M00003,YUVARLAK KUTU 120-105 HAM TENEKE 2 PARÇA,2026-06-15 19:11:48,2026-06-15 19:43:18,31.5,,Vardiya Devri,0
4001076,901603,IE26901603,M00103,DIKDORTGEN KUTU 185-115 VERNIKLI 2 PARÇA,2026-06-05 12:07:19,2026-06-05 12:30:13,22.9,Yedek parça bekleniyor,Elektrik Arızası,0
4001077,901604,IE26901604,M00103,DIKDORTGEN KUTU 185-115 VERNIKLI 2 PARÇA,2026-06-06 16:24:33,2026-06-06 17:25:33,61,,Kalıp Değişimi,0
4001078,901605,IE26901605,M00103,DIKDORTGEN KUTU 185-115 VERNIKLI 2 PARÇA,2026-06-07 10:27:42,2026-06-07 11:01:18,33.6,,Mekanik Arıza,0
4001079,901606,IE26901606,M00103,DIKDORTGEN KUTU 185-115 VERNIKLI 2 PARÇA,2026-06-08 16:04:07,2026-06-08 17:00:19,56.2,Yedek parça bekleniyor,Kalıp Değişimi,0
4001080,901607,IE25901607,M00237,KALP KUTU 160-090 HAM TENEKE 2 PARÇA,2025-07-15 10:50:16,2025-07-15 11:28:46,38.5,Kalıp söküldü,Hidrolik Kaçak,0
4001081,901608,IE25901608,M00237,KALP KUTU 160-090 HAM TENEKE 2 PARÇA,2025-07-16 19:21:03,2025-07-16 19:49:09,28.1,Operatör müdahalesi,Kalıp Değişimi,0
4001082,901610,IE25901610,M00237,KALP KUTU 160-090 HAM TENEKE 2 PARÇA,2025-07-18 20:23:23,2025-07-18 20:53:17,29.9,Operatör müdahalesi,Ayar / Numune Onayı,0
4001083,901611,IE25901611,M00002,TEPSI 325-125 MAT LAK 3 PARÇA,2025-11-09 17:06:55,2025-11-09 17:15:43,8.8,,Kalıp Değişimi,0
4001084,901612,IE25901612,M00002,TEPSI 325-125 MAT LAK 3 PARÇA,2025-11-10 07:22:43,2025-11-10 07:46:13,23.5,Bakım çağrıldı,Kalıp Değişimi,0
4001085,901613,IE25901613,M00002,TEPSI 325-125 MAT LAK 3 PARÇA,2025-11-11 11:48:15,2025-11-11 12:10:33,22.3,,Ayar / Numune Onayı,0
4001086,901617,IE25901617,M00277,YUVARLAK KUTU Y120-105 MAT LAK 2 PARÇA,2025-12-23 18:02:07,2025-12-23 19:02:13,60.1,Bakım çağrıldı,Mekanik Arıza,0
4001087,901621,IE26901621,M00013,KOSELI SIVAMA KUTU 210-080 LITOGRAFI 3 PARÇA,2026-02-27 09:49:08,2026-02-27 09:56:44,7.6,Yedek parça bekleniyor,Enerji Kesintisi,0
4001088,901622,IE26901622,M00021,KAPAK 090-065 MAT LAK 3 PARÇA,2026-03-02 07:34:33,2026-03-02 08:46:45,72.2,Bakım çağrıldı,Ayar / Numune Onayı,0
4001089,901623,IE26901623,M00021,KAPAK 090-065 MAT LAK 3 PARÇA,2026-03-03 15:39:26,2026-03-03 16:04:08,24.7,,Mekanik Arıza,0
4001090,901624,IE26901624,M00021,KAPAK 090-065 MAT LAK 3 PARÇA,2026-03-04 21:56:23,2026-03-04 22:11:35,15.2,,Elektrik Arızası,0
4001091,901625,IE26901625,M00021,KAPAK 090-065 MAT LAK 3 PARÇA,2026-03-05 16:13:05,2026-03-05 16:29:11,16.1,Yedek parça bekleniyor,Mekanik Arıza,0
4001092,901627,IE26901627,M00033,YUVARLAK KUTU Ø092 MAT LAK 3 PARÇA,2026-05-20 21:29:40,2026-05-20 22:09:52,40.2,Kalıp söküldü,Sac Sıkışması,0
4001093,901628,IE26901628,M00033,YUVARLAK KUTU Ø092 MAT LAK 3 PARÇA,2026-05-21 15:26:35,2026-05-21 16:58:05,91.5,Bakım çağrıldı,Ayar / Numune Onayı,0
4001094,901629,IE26901629,M00033,YUVARLAK KUTU Ø092 MAT LAK 3 PARÇA,2026-05-22 14:40:51,2026-05-22 15:59:57,79.1,Yedek parça bekleniyor,Malzeme Bekleme,0
4001095,901632,IE26901632,M00161,YUVARLAK KUTU Ø092 VERNIKLI 3 PARÇA,2026-07-25 12:52:40,2026-07-25 13:27:52,35.2,Yedek parça bekleniyor,Enerji Kesintisi,0
4001096,901635,IE25901635,M00001,KAPAK 090-065 HAM TENEKE 2 PARÇA,2025-06-28 12:13:19,2025-06-28 12:39:25,26.1,,Vardiya Devri,0
4001097,901636,IE25901636,M00001,KAPAK 090-065 HAM TENEKE 2 PARÇA,2025-06-29 21:05:33,2025-06-29 21:26:27,20.9,Bakım çağrıldı,Kalıp Değişimi,0
4001098,901640,IE25901640,M00046,DIKDORTGEN KUTU 185-115 MAT LAK 2 PARÇA,2025-09-29 12:32:03,2025-09-29 13:13:57,41.9,Yedek parça bekleniyor,Kalıp Değişimi,0
4001099,901643,IE25901643,M00046,DIKDORTGEN KUTU 185-115 MAT LAK 2 PARÇA,2025-10-02 09:08:55,2025-10-02 10:11:01,62.1,,Vardiya Devri,0
4001100,901644,IE26901644,M00022,SEKIZGEN KUTU 135-145 VERNIKLI 2 PARÇA,2026-06-09 16:31:44,2026-06-09 17:13:20,41.6,Kalıp söküldü,Malzeme Bekleme,0
4001101,901645,IE26901645,M00022,SEKIZGEN KUTU 135-145 VERNIKLI 2 PARÇA,2026-06-10 13:26:31,2026-06-10 13:36:01,9.5,Bakım çağrıldı,Planlı Bakım,0
4001102,901646,IE26901646,M00022,SEKIZGEN KUTU 135-145 VERNIKLI 2 PARÇA,2026-06-11 18:07:31,2026-06-11 18:27:25,19.9,Yedek parça bekleniyor,Kalıp Değişimi,0
4001103,901648,IE26901648,M00008,YUVARLAK KUTU 210-255 HAM TENEKE 3 PARÇA,2026-07-13 09:35:22,2026-07-13 10:27:28,52.1,Operatör müdahalesi,Elektrik Arızası,0
4001104,901650,IE26901650,M00008,YUVARLAK KUTU 210-255 HAM TENEKE 3 PARÇA,2026-07-15 17:03:06,2026-07-15 17:35:12,32.1,Yedek parça bekleniyor,Kalite Duruşu,0
4001105,901651,IE26901651,M00017,OVAL KUTU 295-165 VERNIKLI 2 PARÇA,2026-05-01 21:25:51,2026-05-01 22:26:51,61,,Hidrolik Kaçak,0
4001106,901653,IE26901653,M00017,OVAL KUTU 295-165 VERNIKLI 2 PARÇA,2026-05-03 14:19:03,2026-05-03 14:24:09,5.1,Yedek parça bekleniyor,Vardiya Devri,0
4001107,901658,IE25901658,M00011,YUVARLAK KUTU 120-105 HAM TENEKE 3 PARÇA,2025-07-15 15:28:26,2025-07-15 16:27:26,59,Bakım çağrıldı,Kalıp Değişimi,0
4001108,901659,IE25901659,M00011,YUVARLAK KUTU 120-105 HAM TENEKE 3 PARÇA,2025-07-16 15:58:45,2025-07-16 16:28:21,29.6,Yedek parça bekleniyor,Mekanik Arıza,0
4001109,901660,IE25901660,M00011,YUVARLAK KUTU 120-105 HAM TENEKE 3 PARÇA,2025-07-17 21:28:07,2025-07-17 22:21:01,52.9,Yedek parça bekleniyor,Kalıp Değişimi,0
4001110,901661,IE25901661,M00016,YUVARLAK-SIVAMA KUTU Ø068 HAM TENEKE 2 PARÇA,2025-07-02 10:34:21,2025-07-02 11:17:33,43.2,Yedek parça bekleniyor,Ayar / Numune Onayı,0
4001111,901662,IE25901662,M00016,YUVARLAK-SIVAMA KUTU Ø068 HAM TENEKE 2 PARÇA,2025-07-03 16:44:21,2025-07-03 18:30:21,106,Operatör müdahalesi,Ayar / Numune Onayı,0
4001112,901663,IE25901663,M00016,YUVARLAK-SIVAMA KUTU Ø068 HAM TENEKE 2 PARÇA,2025-07-04 11:47:21,2025-07-04 12:28:27,41.1,Operatör müdahalesi,Kalıp Değişimi,0
4001113,901665,IE26901665,M00005,DIKDORTGEN KUTU 145-095 MAT LAK 2 PARÇA,2026-01-14 07:19:54,2026-01-14 07:48:48,28.9,Kalıp söküldü,Sac Sıkışması,0
4001114,901670,IE26901670,M00007,DIKDORTGEN KUTU 185-115 MAT LAK 2 PARÇA,2026-04-23 11:11:08,2026-04-23 11:27:08,16,Bakım çağrıldı,Elektrik Arızası,0
4001115,901671,IE26901671,M00007,DIKDORTGEN KUTU 185-115 MAT LAK 2 PARÇA,2026-04-24 19:02:44,2026-04-24 19:22:32,19.8,Yedek parça bekleniyor,Mekanik Arıza,0
4001116,901672,IE26901672,M00046,DIKDORTGEN KUTU 185-115 MAT LAK 2 PARÇA,2026-04-14 06:52:57,2026-04-14 07:10:45,17.8,Kalıp söküldü,Kalıp Değişimi,0
4001117,901673,IE26901673,M00046,DIKDORTGEN KUTU 185-115 MAT LAK 2 PARÇA,2026-04-15 09:10:09,2026-04-15 09:32:51,22.7,Bakım çağrıldı,Malzeme Bekleme,0
4001118,901676,IE25901676,M00001,KAPAK 090-065 HAM TENEKE 2 PARÇA,2025-08-23 14:11:53,2025-08-23 14:25:29,13.6,Operatör müdahalesi,Sac Sıkışması,0
4001119,901677,IE25901677,M00001,KAPAK 090-065 HAM TENEKE 2 PARÇA,2025-08-24 21:14:23,2025-08-24 21:42:47,28.4,Bakım çağrıldı,Kalıp Değişimi,0
4001120,901680,IE26901680,M00001,KAPAK 090-065 HAM TENEKE 2 PARÇA,2026-07-01 16:38:09,2026-07-01 17:14:15,36.1,,Kalıp Değişimi,0
4001121,901681,IE26901681,M00001,KAPAK 090-065 HAM TENEKE 2 PARÇA,2026-07-02 19:01:48,2026-07-02 19:22:18,20.5,Operatör müdahalesi,Mekanik Arıza,0
4001122,901682,IE26901682,M00014,YUVARLAK KUTU 120-105 HAM TENEKE 2 PARÇA,2026-02-26 17:38:49,2026-02-26 18:24:19,45.5,Yedek parça bekleniyor,Elektrik Arızası,0
4001123,901684,IE26901684,M00014,YUVARLAK KUTU 120-105 HAM TENEKE 2 PARÇA,2026-02-28 10:08:41,2026-02-28 11:01:47,53.1,Kalıp söküldü,Planlı Bakım,0
4001124,901685,IE26901685,M00014,YUVARLAK KUTU 120-105 HAM TENEKE 2 PARÇA,2026-03-01 12:00:25,2026-03-01 12:51:25,51,Yedek parça bekleniyor,Sac Sıkışması,0
4001125,901690,IE26901690,M00036,YUVARLAK KUTU Ø050 HAM TENEKE 3 PARÇA,2026-03-27 14:57:20,2026-03-27 15:20:20,23,Yedek parça bekleniyor,Kalıp Değişimi,0
4001126,901691,IE26901691,M00036,YUVARLAK KUTU Ø050 HAM TENEKE 3 PARÇA,2026-03-28 15:15:22,2026-03-28 15:29:34,14.2,Operatör müdahalesi,Kalıp Değişimi,0
4001127,901695,IE25901695,M00004,YUVARLAK KUTU 210-255 MAT LAK 3 PARÇA,2025-08-16 09:42:46,2025-08-16 10:00:28,17.7,Bakım çağrıldı,Hidrolik Kaçak,0
4001128,901698,IE26901698,M00123,YUVARLAK KUTU 078-095 VERNIKLI 2 PARÇA,2026-07-17 20:02:12,2026-07-17 20:23:42,21.5,Operatör müdahalesi,Planlı Bakım,0
4001129,901699,IE26901699,M00123,YUVARLAK KUTU 078-095 VERNIKLI 2 PARÇA,2026-07-18 12:30:42,2026-07-18 12:45:36,14.9,Yedek parça bekleniyor,Mekanik Arıza,0
4001130,901700,IE26901700,M00123,YUVARLAK KUTU 078-095 VERNIKLI 2 PARÇA,2026-07-19 17:27:11,2026-07-19 17:59:41,32.5,Yedek parça bekleniyor,Mekanik Arıza,0
4001131,901701,IE26901701,M00008,YUVARLAK KUTU 210-255 HAM TENEKE 3 PARÇA,2026-06-17 20:46:06,2026-06-17 21:10:00,23.9,Kalıp söküldü,Vardiya Devri,0
4001132,901702,IE26901702,M00008,YUVARLAK KUTU 210-255 HAM TENEKE 3 PARÇA,2026-06-18 10:43:59,2026-06-18 11:42:47,58.8,Operatör müdahalesi,Vardiya Devri,0
4001133,901703,IE26901703,M00008,YUVARLAK KUTU 210-255 HAM TENEKE 3 PARÇA,2026-06-19 17:25:44,2026-06-19 17:52:26,26.7,Bakım çağrıldı,Planlı Bakım,0
4001134,901704,IE26901704,M00008,YUVARLAK KUTU 210-255 HAM TENEKE 3 PARÇA,2026-06-20 07:58:05,2026-06-20 08:54:47,56.7,Operatör müdahalesi,Kalıp Değişimi,0
4001135,901705,IE26901705,M00024,TEPSI 325-125 MAT LAK 3 PARÇA,2026-01-27 08:46:42,2026-01-27 09:14:06,27.4,Operatör müdahalesi,Planlı Bakım,0
4001136,901706,IE26901706,M00024,TEPSI 325-125 MAT LAK 3 PARÇA,2026-01-28 14:33:33,2026-01-28 15:19:09,45.6,Kalıp söküldü,Ayar / Numune Onayı,0
4001137,901707,IE26901707,M00024,TEPSI 325-125 MAT LAK 3 PARÇA,2026-01-29 07:45:53,2026-01-29 08:44:47,58.9,,Mekanik Arıza,0
4001138,901721,IE26901721,M00037,YUVARLAK KUTU 078-095 MAT LAK 3 PARÇA,2026-06-24 14:14:08,2026-06-24 15:31:26,77.3,Yedek parça bekleniyor,Vardiya Devri,0
4001139,901722,IE26901722,M00037,YUVARLAK KUTU 078-095 MAT LAK 3 PARÇA,2026-06-25 21:40:13,2026-06-25 23:00:01,79.8,Kalıp söküldü,Kalıp Değişimi,0
4001140,901724,IE26901724,M00005,DIKDORTGEN KUTU 145-095 MAT LAK 2 PARÇA,2026-02-26 18:48:45,2026-02-26 20:15:27,86.7,Yedek parça bekleniyor,Planlı Bakım,0
4001141,901725,IE26901725,M00005,DIKDORTGEN KUTU 145-095 MAT LAK 2 PARÇA,2026-02-27 19:06:00,2026-02-27 19:12:36,6.6,,Kalite Duruşu,0
4001142,901726,IE26901726,M00005,DIKDORTGEN KUTU 145-095 MAT LAK 2 PARÇA,2026-02-28 17:28:35,2026-02-28 18:23:11,54.6,Bakım çağrıldı,Planlı Bakım,0
4001143,901727,IE25901727,M00221,YUVARLAK KUTU 120-105 HAM TENEKE 2 PARÇA,2025-07-05 10:58:09,2025-07-05 11:27:51,29.7,,Vardiya Devri,0
4001144,901729,IE25901729,M00221,YUVARLAK KUTU 120-105 HAM TENEKE 2 PARÇA,2025-07-07 16:48:16,2025-07-07 17:10:46,22.5,Kalıp söküldü,Kalıp Değişimi,0
4001145,901730,IE25901730,M00007,DIKDORTGEN KUTU 185-115 MAT LAK 2 PARÇA,2025-12-04 18:52:23,2025-12-04 19:50:47,58.4,,Kalıp Değişimi,0
4001146,901731,IE25901731,M00007,DIKDORTGEN KUTU 185-115 MAT LAK 2 PARÇA,2025-12-05 11:48:23,2025-12-05 12:04:35,16.2,Bakım çağrıldı,Elektrik Arızası,0
4001147,901732,IE25901732,M00007,DIKDORTGEN KUTU 185-115 MAT LAK 2 PARÇA,2025-12-06 17:41:20,2025-12-06 18:33:44,52.4,Kalıp söküldü,Kalıp Değişimi,0
4001148,901734,IE25901734,M00001,KAPAK 090-065 HAM TENEKE 2 PARÇA,2025-12-18 10:00:49,2025-12-18 10:08:49,8,Yedek parça bekleniyor,Mekanik Arıza,0
4001149,901736,IE25901736,M00002,TEPSI 325-125 MAT LAK 3 PARÇA,2025-07-20 21:52:10,2025-07-20 22:01:58,9.8,Bakım çağrıldı,Malzeme Bekleme,0
4001150,901737,IE25901737,M00002,TEPSI 325-125 MAT LAK 3 PARÇA,2025-07-21 21:44:10,2025-07-21 23:10:10,86,Bakım çağrıldı,Mekanik Arıza,0
4001151,901740,IE25901740,M00002,TEPSI 325-125 MAT LAK 3 PARÇA,2025-10-29 09:41:18,2025-10-29 10:40:00,58.7,Operatör müdahalesi,Kalıp Değişimi,0
4001152,901742,IE25901742,M00002,TEPSI 325-125 MAT LAK 3 PARÇA,2025-10-31 20:27:01,2025-10-31 21:07:13,40.2,Bakım çağrıldı,Kalite Duruşu,0
4001153,901743,IE25901743,M00002,TEPSI 325-125 MAT LAK 3 PARÇA,2025-11-01 18:11:10,2025-11-01 18:33:46,22.6,Bakım çağrıldı,Kalıp Değişimi,0
4001154,901744,IE26901744,M00019,OVAL KUTU 295-165 VERNIKLI 2 PARÇA,2026-07-27 18:37:36,2026-07-27 18:50:30,12.9,Operatör müdahalesi,Kalite Duruşu,0
4001155,901745,IE26901745,M00019,OVAL KUTU 295-165 VERNIKLI 2 PARÇA,2026-07-28 12:14:37,2026-07-28 13:28:37,74,,Elektrik Arızası,0
4001156,901746,IE26901746,M00019,OVAL KUTU 295-165 VERNIKLI 2 PARÇA,2026-07-29 14:21:21,2026-07-29 14:53:03,31.7,Bakım çağrıldı,Kalıp Değişimi,0
4001157,901748,IE26901748,M00154,YUVARLAK KUTU 120-105 VERNIKLI 2 PARÇA,2026-05-20 09:23:53,2026-05-20 09:52:17,28.4,Operatör müdahalesi,Vardiya Devri,0
4001158,901750,IE26901750,M00154,YUVARLAK KUTU 120-105 VERNIKLI 2 PARÇA,2026-05-22 07:48:45,2026-05-22 08:54:45,66,,Elektrik Arızası,0
4001159,901752,IE25901752,M00001,KAPAK 090-065 HAM TENEKE 2 PARÇA,2025-09-28 09:17:22,2025-09-28 09:45:46,28.4,Bakım çağrıldı,Elektrik Arızası,0
4001160,901754,IE25901754,M00088,YUVARLAK KUTU 120-105 LITOGRAFI 2 PARÇA,2025-11-18 15:11:32,2025-11-18 15:31:08,19.6,Yedek parça bekleniyor,Kalıp Değişimi,0
4001161,901756,IE25901756,M00088,YUVARLAK KUTU 120-105 LITOGRAFI 2 PARÇA,2025-11-20 19:01:16,2025-11-20 20:08:28,67.2,Bakım çağrıldı,Mekanik Arıza,0
4001162,901757,IE26901757,M00006,SEKILLI KUTU 175-205 HAM TENEKE 3 PARÇA,2026-07-17 18:42:20,2026-07-17 19:47:02,64.7,Bakım çağrıldı,Ayar / Numune Onayı,0
4001163,901758,IE26901758,M00006,SEKILLI KUTU 175-205 HAM TENEKE 3 PARÇA,2026-07-18 19:29:39,2026-07-18 20:11:39,42,,Personel Yetersizliği,0
4001164,901760,IE26901760,M00006,SEKILLI KUTU 175-205 HAM TENEKE 3 PARÇA,2026-07-20 17:55:41,2026-07-20 18:21:17,25.6,Yedek parça bekleniyor,Kalıp Değişimi,0
4001165,901761,IE25901761,M00027,KALP KUTU 160-090 LITOGRAFI 3 PARÇA,2025-11-25 15:06:44,2025-11-25 15:43:02,36.3,,Mekanik Arıza,0
4001166,901762,IE25901762,M00027,KALP KUTU 160-090 LITOGRAFI 3 PARÇA,2025-11-26 20:06:01,2025-11-26 21:04:43,58.7,Kalıp söküldü,Kalıp Değişimi,0
4001167,901764,IE25901764,M00217,DIKDORTGEN KUTU 145-095 VERNIKLI 3 PARÇA,2025-08-11 13:19:28,2025-08-11 14:41:58,82.5,Bakım çağrıldı,Vardiya Devri,0
4001168,901765,IE25901765,M00217,DIKDORTGEN KUTU 145-095 VERNIKLI 3 PARÇA,2025-08-12 20:57:24,2025-08-12 21:51:12,53.8,Bakım çağrıldı,Kalıp Değişimi,0
4001169,901766,IE25901766,M00217,DIKDORTGEN KUTU 145-095 VERNIKLI 3 PARÇA,2025-08-13 22:38:10,2025-08-13 23:30:52,52.7,Bakım çağrıldı,Kalıp Değişimi,0
4001170,901767,IE25901767,M00217,DIKDORTGEN KUTU 145-095 VERNIKLI 3 PARÇA,2025-08-14 12:42:30,2025-08-14 13:31:30,49,Yedek parça bekleniyor,Elektrik Arızası,0
4001171,901768,IE25901768,M00218,KARE KUTU 225-165 HAM TENEKE 3 PARÇA,2025-07-13 15:06:28,2025-07-13 16:00:16,53.8,Yedek parça bekleniyor,Enerji Kesintisi,0
4001172,901770,IE25901770,M00218,KARE KUTU 225-165 HAM TENEKE 3 PARÇA,2025-07-15 09:34:43,2025-07-15 10:27:37,52.9,,Kalıp Değişimi,0
4001173,901771,IE25901771,M00002,TEPSI 325-125 MAT LAK 3 PARÇA,2025-08-15 16:03:04,2025-08-15 16:11:28,8.4,Yedek parça bekleniyor,Malzeme Bekleme,0
4001174,901772,IE25901772,M00002,TEPSI 325-125 MAT LAK 3 PARÇA,2025-08-16 21:44:33,2025-08-16 21:49:57,5.4,Kalıp söküldü,Planlı Bakım,0
4001175,901773,IE25901773,M00002,TEPSI 325-125 MAT LAK 3 PARÇA,2025-08-17 20:35:32,2025-08-17 21:39:02,63.5,Bakım çağrıldı,Hidrolik Kaçak,0
4001176,901774,IE26901774,M00003,YUVARLAK KUTU 120-105 HAM TENEKE 2 PARÇA,2026-06-02 17:40:38,2026-06-02 18:03:38,23,Bakım çağrıldı,Mekanik Arıza,0
4001177,901776,IE26901776,M00003,YUVARLAK KUTU 120-105 HAM TENEKE 2 PARÇA,2026-06-04 09:37:39,2026-06-04 10:16:51,39.2,Kalıp söküldü,Malzeme Bekleme,0
4001178,901777,IE26901777,M00003,YUVARLAK KUTU 120-105 HAM TENEKE 2 PARÇA,2026-07-27 19:20:32,2026-07-27 19:39:14,18.7,Bakım çağrıldı,Planlı Bakım,0
4001179,901778,IE26901778,M00003,YUVARLAK KUTU 120-105 HAM TENEKE 2 PARÇA,2026-07-28 09:35:59,2026-07-28 10:16:17,40.3,Yedek parça bekleniyor,Malzeme Bekleme,0
4001180,901779,IE26901779,M00003,YUVARLAK KUTU 120-105 HAM TENEKE 2 PARÇA,2026-07-29 16:34:46,2026-07-29 17:13:28,38.7,Yedek parça bekleniyor,Planlı Bakım,0
4001181,901780,IE26901780,M00007,DIKDORTGEN KUTU 185-115 MAT LAK 2 PARÇA,2026-04-07 11:55:15,2026-04-07 12:39:09,43.9,Bakım çağrıldı,Sac Sıkışması,0
4001182,901781,IE26901781,M00007,DIKDORTGEN KUTU 185-115 MAT LAK 2 PARÇA,2026-04-08 17:12:02,2026-04-08 17:41:44,29.7,,Malzeme Bekleme,0
4001183,901782,IE26901782,M00007,DIKDORTGEN KUTU 185-115 MAT LAK 2 PARÇA,2026-04-09 17:12:54,2026-04-09 17:47:06,34.2,Yedek parça bekleniyor,Kalıp Değişimi,0
4001184,901783,IE25901783,M00001,KAPAK 090-065 HAM TENEKE 2 PARÇA,2025-09-13 09:08:57,2025-09-13 10:48:15,99.3,Operatör müdahalesi,Elektrik Arızası,0
4001185,901785,IE25901785,M00001,KAPAK 090-065 HAM TENEKE 2 PARÇA,2025-09-15 11:33:08,2025-09-15 12:21:38,48.5,,Kalıp Değişimi,0
4001186,901786,IE26901786,M00043,YUVARLAK KUTU 210-080 VERNIKLI 2 PARÇA,2026-04-09 06:51:56,2026-04-09 07:53:38,61.7,Bakım çağrıldı,Ayar / Numune Onayı,0
4001187,901789,IE26901789,M00043,YUVARLAK KUTU 210-080 VERNIKLI 2 PARÇA,2026-04-12 19:44:27,2026-04-12 20:26:33,42.1,Operatör müdahalesi,Personel Yetersizliği,0
4001188,901790,IE26901790,M00046,DIKDORTGEN KUTU 185-115 MAT LAK 2 PARÇA,2026-02-22 20:20:42,2026-02-22 21:02:24,41.7,Yedek parça bekleniyor,Kalıp Değişimi,0
4001189,901791,IE26901791,M00046,DIKDORTGEN KUTU 185-115 MAT LAK 2 PARÇA,2026-02-23 15:39:09,2026-02-23 16:03:03,23.9,Yedek parça bekleniyor,Hidrolik Kaçak,0
4001190,901792,IE26901792,M00046,DIKDORTGEN KUTU 185-115 MAT LAK 2 PARÇA,2026-02-24 11:14:33,2026-02-24 11:33:45,19.2,,Mekanik Arıza,0
4001191,901793,IE26901793,M00054,TEPSI 325-125 HAM TENEKE 2 PARÇA,2026-04-15 10:40:59,2026-04-15 11:21:17,40.3,Bakım çağrıldı,Kalıp Değişimi,0
4001192,901794,IE26901794,M00054,TEPSI 325-125 HAM TENEKE 2 PARÇA,2026-04-16 07:52:47,2026-04-16 08:25:23,32.6,Kalıp söküldü,Malzeme Bekleme,0
4001193,901795,IE26901795,M00054,TEPSI 325-125 HAM TENEKE 2 PARÇA,2026-04-17 09:09:55,2026-04-17 09:33:43,23.8,Bakım çağrıldı,Kalıp Değişimi,0
4001194,901796,IE26901796,M00010,YUVARLAK KUTU 255-205 MAT LAK 3 PARÇA,2026-05-30 17:54:11,2026-05-30 18:24:35,30.4,Operatör müdahalesi,Ayar / Numune Onayı,0
4001195,901798,IE26901798,M00010,YUVARLAK KUTU 255-205 MAT LAK 3 PARÇA,2026-06-01 22:14:06,2026-06-01 22:42:24,28.3,Kalıp söküldü,Sac Sıkışması,0
4001196,901800,IE26901800,M00003,YUVARLAK KUTU 120-105 HAM TENEKE 2 PARÇA,2026-07-07 20:08:14,2026-07-07 20:30:02,21.8,Operatör müdahalesi,Malzeme Bekleme,0
4001197,901802,IE26901802,M00003,YUVARLAK KUTU 120-105 HAM TENEKE 2 PARÇA,2026-07-09 12:10:54,2026-07-09 12:56:12,45.3,Kalıp söküldü,Elektrik Arızası,0
4001198,901803,IE26901803,M00009,YUVARLAK KUTU 245-175 VERNIKLI 3 PARÇA,2026-05-02 09:59:13,2026-05-02 10:04:19,5.1,Operatör müdahalesi,Vardiya Devri,0
4001199,901804,IE26901804,M00009,YUVARLAK KUTU 245-175 VERNIKLI 3 PARÇA,2026-05-03 07:35:45,2026-05-03 08:43:39,67.9,Operatör müdahalesi,Ayar / Numune Onayı,0
4001200,901805,IE26901805,M00009,YUVARLAK KUTU 245-175 VERNIKLI 3 PARÇA,2026-05-04 20:48:32,2026-05-04 21:47:20,58.8,Bakım çağrıldı,Personel Yetersizliği,0
4001201,901806,IE26901806,M00009,YUVARLAK KUTU 245-175 VERNIKLI 3 PARÇA,2026-05-05 13:50:23,2026-05-05 15:35:59,105.6,Bakım çağrıldı,Kalıp Değişimi,0
4001202,901817,IE26901817,M00004,YUVARLAK KUTU 210-255 MAT LAK 3 PARÇA,2026-03-17 20:43:36,2026-03-17 21:04:00,20.4,,Kalıp Değişimi,0
4001203,901819,IE26901819,M00004,YUVARLAK KUTU 210-255 MAT LAK 3 PARÇA,2026-03-19 12:04:46,2026-03-19 12:10:16,5.5,,Personel Yetersizliği,0
4001204,901820,IE26901820,M00005,DIKDORTGEN KUTU 145-095 MAT LAK 2 PARÇA,2026-07-09 18:06:25,2026-07-09 19:18:13,71.8,Kalıp söküldü,Vardiya Devri,0
4001205,901821,IE26901821,M00005,DIKDORTGEN KUTU 145-095 MAT LAK 2 PARÇA,2026-07-10 15:32:44,2026-07-10 16:58:44,86,Kalıp söküldü,Hidrolik Kaçak,0
4001206,901822,IE26901822,M00005,DIKDORTGEN KUTU 145-095 MAT LAK 2 PARÇA,2026-07-11 12:58:30,2026-07-11 14:02:30,64,Yedek parça bekleniyor,Kalıp Değişimi,0
4001207,901823,IE26901823,M00010,YUVARLAK KUTU 255-205 MAT LAK 3 PARÇA,2026-01-07 18:06:54,2026-01-07 19:01:30,54.6,,Kalite Duruşu,0
4001208,901824,IE26901824,M00010,YUVARLAK KUTU 255-205 MAT LAK 3 PARÇA,2026-01-08 18:19:04,2026-01-08 19:36:46,77.7,Operatör müdahalesi,Planlı Bakım,0
4001209,901825,IE26901825,M00010,YUVARLAK KUTU 255-205 MAT LAK 3 PARÇA,2026-01-09 16:34:04,2026-01-09 17:22:22,48.3,Yedek parça bekleniyor,Kalıp Değişimi,0
4001210,901827,IE25901827,M00002,TEPSI 325-125 MAT LAK 3 PARÇA,2025-10-22 11:53:09,2025-10-22 12:06:21,13.2,Yedek parça bekleniyor,Planlı Bakım,0
4001211,901828,IE25901828,M00002,TEPSI 325-125 MAT LAK 3 PARÇA,2025-10-23 14:47:35,2025-10-23 15:04:23,16.8,Yedek parça bekleniyor,Kalite Duruşu,0
4001212,901829,IE25901829,M00002,TEPSI 325-125 MAT LAK 3 PARÇA,2025-10-24 15:43:52,2025-10-24 16:42:16,58.4,Kalıp söküldü,Kalıp Değişimi,0
4001213,901830,IE25901830,M00170,YUVARLAK KUTU Ø050 LITOGRAFI 3 PARÇA,2025-10-15 14:29:08,2025-10-15 14:54:02,24.9,Yedek parça bekleniyor,Kalıp Değişimi,0
4001214,901833,IE25901833,M00170,YUVARLAK KUTU Ø050 LITOGRAFI 3 PARÇA,2025-10-18 12:48:07,2025-10-18 13:59:25,71.3,Bakım çağrıldı,Kalıp Değişimi,0
4001215,901837,IE26901837,M00008,YUVARLAK KUTU 210-255 HAM TENEKE 3 PARÇA,2026-01-28 09:18:50,2026-01-28 10:29:50,71,,Mekanik Arıza,0
4001216,901839,IE26901839,M00008,YUVARLAK KUTU 210-255 HAM TENEKE 3 PARÇA,2026-01-30 18:45:40,2026-01-30 18:54:04,8.4,,Vardiya Devri,0
4001217,901840,IE25901840,M00008,YUVARLAK KUTU 210-255 HAM TENEKE 3 PARÇA,2025-12-14 12:23:56,2025-12-14 13:46:32,82.6,Operatör müdahalesi,Kalıp Değişimi,0
4001218,901841,IE25901841,M00008,YUVARLAK KUTU 210-255 HAM TENEKE 3 PARÇA,2025-12-15 18:07:13,2025-12-15 18:41:55,34.7,Operatör müdahalesi,Kalıp Değişimi,0
4001219,901845,IE25901845,M00001,KAPAK 090-065 HAM TENEKE 2 PARÇA,2025-12-25 07:53:46,2025-12-25 08:48:34,54.8,,Hidrolik Kaçak,0
4001220,901850,IE25901850,M00009,YUVARLAK KUTU 245-175 VERNIKLI 3 PARÇA,2025-07-28 18:37:01,2025-07-28 18:55:55,18.9,Kalıp söküldü,Elektrik Arızası,0
4001221,901851,IE25901851,M00009,YUVARLAK KUTU 245-175 VERNIKLI 3 PARÇA,2025-07-29 09:28:17,2025-07-29 11:20:05,111.8,,Kalıp Değişimi,0
4001222,901853,IE25901853,M00003,YUVARLAK KUTU 120-105 HAM TENEKE 2 PARÇA,2025-08-17 22:11:31,2025-08-17 22:25:13,13.7,Operatör müdahalesi,Kalıp Değişimi,0
4001223,901854,IE25901854,M00003,YUVARLAK KUTU 120-105 HAM TENEKE 2 PARÇA,2025-08-18 11:46:30,2025-08-18 12:21:00,34.5,Yedek parça bekleniyor,Mekanik Arıza,0
4001224,901855,IE25901855,M00003,YUVARLAK KUTU 120-105 HAM TENEKE 2 PARÇA,2025-08-19 13:25:29,2025-08-19 14:52:59,87.5,,Ayar / Numune Onayı,0
4001225,901857,IE25901857,M00005,DIKDORTGEN KUTU 145-095 MAT LAK 2 PARÇA,2025-10-28 14:26:14,2025-10-28 15:45:32,79.3,Bakım çağrıldı,Malzeme Bekleme,0
4001226,901858,IE25901858,M00005,DIKDORTGEN KUTU 145-095 MAT LAK 2 PARÇA,2025-10-29 21:40:49,2025-10-29 22:37:07,56.3,,Ayar / Numune Onayı,0
4001227,901859,IE25901859,M00005,DIKDORTGEN KUTU 145-095 MAT LAK 2 PARÇA,2025-10-30 21:30:41,2025-10-30 22:12:47,42.1,Bakım çağrıldı,Ayar / Numune Onayı,0
4001228,901861,IE25901861,M00001,KAPAK 090-065 HAM TENEKE 2 PARÇA,2025-11-10 18:33:22,2025-11-10 19:18:28,45.1,Bakım çağrıldı,Elektrik Arızası,0
4001229,901862,IE25901862,M00001,KAPAK 090-065 HAM TENEKE 2 PARÇA,2025-11-11 20:50:13,2025-11-11 21:25:25,35.2,Yedek parça bekleniyor,Personel Yetersizliği,0
4001230,901863,IE25901863,M00002,TEPSI 325-125 MAT LAK 3 PARÇA,2025-07-26 14:32:14,2025-07-26 15:22:02,49.8,,Kalıp Değişimi,0
4001231,901864,IE25901864,M00002,TEPSI 325-125 MAT LAK 3 PARÇA,2025-07-27 21:50:25,2025-07-27 22:31:25,41,Yedek parça bekleniyor,Sac Sıkışması,0
4001232,901865,IE25901865,M00002,TEPSI 325-125 MAT LAK 3 PARÇA,2025-07-28 10:05:03,2025-07-28 10:39:51,34.8,Bakım çağrıldı,Kalite Duruşu,0
4001233,901866,IE25901866,M00002,TEPSI 325-125 MAT LAK 3 PARÇA,2025-07-29 17:13:22,2025-07-29 17:32:58,19.6,Operatör müdahalesi,Ayar / Numune Onayı,0
4001234,901867,IE26901867,M00198,PLAKA-BARDAK ALTI 205-050 LITOGRAFI 2 PARÇA,2026-01-28 14:52:02,2026-01-28 15:16:02,24,,Malzeme Bekleme,0
4001235,901868,IE26901868,M00198,PLAKA-BARDAK ALTI 205-050 LITOGRAFI 2 PARÇA,2026-01-29 07:53:15,2026-01-29 08:02:33,9.3,Bakım çağrıldı,Sac Sıkışması,0
4001236,901869,IE26901869,M00198,PLAKA-BARDAK ALTI 205-050 LITOGRAFI 2 PARÇA,2026-01-30 07:11:34,2026-01-30 07:21:34,10,,Mekanik Arıza,0
4001237,901870,IE26901870,M00198,PLAKA-BARDAK ALTI 205-050 LITOGRAFI 2 PARÇA,2026-01-31 08:41:15,2026-01-31 08:48:27,7.2,Yedek parça bekleniyor,Mekanik Arıza,0
4001238,901872,IE25901872,M00004,YUVARLAK KUTU 210-255 MAT LAK 3 PARÇA,2025-06-29 12:06:15,2025-06-29 12:44:39,38.4,Bakım çağrıldı,Kalıp Değişimi,0
4001239,901874,IE25901874,M00004,YUVARLAK KUTU 210-255 MAT LAK 3 PARÇA,2025-07-01 21:30:02,2025-07-01 21:54:20,24.3,,Kalıp Değişimi,0
4001240,901878,IE26901878,M00002,TEPSI 325-125 MAT LAK 3 PARÇA,2026-03-09 07:30:36,2026-03-09 08:18:06,47.5,Operatör müdahalesi,Mekanik Arıza,0
4001241,901880,IE26901880,M00057,KALP KUTU 160-090 LITOGRAFI 3 PARÇA,2026-07-02 16:05:59,2026-07-02 16:57:59,52,Bakım çağrıldı,Personel Yetersizliği,0
4001242,901882,IE25901882,M00001,KAPAK 090-065 HAM TENEKE 2 PARÇA,2025-09-15 19:14:27,2025-09-15 19:33:03,18.6,Bakım çağrıldı,Ayar / Numune Onayı,0
4001243,901884,IE25901884,M00001,KAPAK 090-065 HAM TENEKE 2 PARÇA,2025-09-17 15:24:34,2025-09-17 15:55:46,31.2,Bakım çağrıldı,Ayar / Numune Onayı,0
4001244,901885,IE25901885,M00029,YUVARLAK-SIVAMA KUTU Ø068 HAM TENEKE 2 PARÇA,2025-10-21 08:24:23,2025-10-21 09:06:59,42.6,Yedek parça bekleniyor,Hidrolik Kaçak,0
4001245,901886,IE25901886,M00029,YUVARLAK-SIVAMA KUTU Ø068 HAM TENEKE 2 PARÇA,2025-10-22 08:45:53,2025-10-22 09:37:11,51.3,Bakım çağrıldı,Kalıp Değişimi,0
4001246,901887,IE25901887,M00029,YUVARLAK-SIVAMA KUTU Ø068 HAM TENEKE 2 PARÇA,2025-10-23 17:39:19,2025-10-23 18:01:43,22.4,Bakım çağrıldı,Kalıp Değişimi,0
4001247,901888,IE25901888,M00029,YUVARLAK-SIVAMA KUTU Ø068 HAM TENEKE 2 PARÇA,2025-10-24 17:28:29,2025-10-24 18:04:59,36.5,Bakım çağrıldı,Ayar / Numune Onayı,0
4001248,901889,IE25901889,M00004,YUVARLAK KUTU 210-255 MAT LAK 3 PARÇA,2025-10-20 10:06:03,2025-10-20 10:12:21,6.3,Yedek parça bekleniyor,Kalıp Değişimi,0
4001249,901891,IE25901891,M00004,YUVARLAK KUTU 210-255 MAT LAK 3 PARÇA,2025-10-22 08:44:11,2025-10-22 09:14:29,30.3,Bakım çağrıldı,Malzeme Bekleme,0
4001250,901892,IE25901892,M00004,YUVARLAK KUTU 210-255 MAT LAK 3 PARÇA,2025-10-23 18:54:15,2025-10-23 19:00:27,6.2,Operatör müdahalesi,Planlı Bakım,0
4001251,901893,IE25901893,M00006,SEKILLI KUTU 175-205 HAM TENEKE 3 PARÇA,2025-06-26 11:00:50,2025-06-26 11:24:44,23.9,Kalıp söküldü,Kalite Duruşu,0
4001252,901895,IE25901895,M00006,SEKILLI KUTU 175-205 HAM TENEKE 3 PARÇA,2025-06-28 17:09:23,2025-06-28 17:57:35,48.2,Yedek parça bekleniyor,Ayar / Numune Onayı,0
4001253,901896,IE25901896,M00006,SEKILLI KUTU 175-205 HAM TENEKE 3 PARÇA,2025-06-29 10:37:06,2025-06-29 11:22:18,45.2,Operatör müdahalesi,Kalite Duruşu,0
4001254,901898,IE25901898,M00010,YUVARLAK KUTU 255-205 MAT LAK 3 PARÇA,2025-09-03 16:25:16,2025-09-03 16:46:22,21.1,Kalıp söküldü,Kalıp Değişimi,0
4001255,901899,IE25901899,M00010,YUVARLAK KUTU 255-205 MAT LAK 3 PARÇA,2025-09-04 19:50:34,2025-09-04 20:07:28,16.9,Yedek parça bekleniyor,Ayar / Numune Onayı,0
4001256,901900,IE25901900,M00010,YUVARLAK KUTU 255-205 MAT LAK 3 PARÇA,2025-09-05 07:53:40,2025-09-05 08:38:46,45.1,Yedek parça bekleniyor,Elektrik Arızası,0
4001257,901901,IE26901901,M00003,YUVARLAK KUTU 120-105 HAM TENEKE 2 PARÇA,2026-03-06 20:38:39,2026-03-06 21:56:09,77.5,Operatör müdahalesi,Hidrolik Kaçak,0
4001258,901902,IE26901902,M00003,YUVARLAK KUTU 120-105 HAM TENEKE 2 PARÇA,2026-03-07 18:02:11,2026-03-07 19:01:17,59.1,Bakım çağrıldı,Kalite Duruşu,0
4001259,901903,IE26901903,M00003,YUVARLAK KUTU 120-105 HAM TENEKE 2 PARÇA,2026-03-08 15:42:39,2026-03-08 16:22:57,40.3,Yedek parça bekleniyor,Kalite Duruşu,0
4001260,901904,IE25901904,M00029,YUVARLAK-SIVAMA KUTU Ø068 HAM TENEKE 2 PARÇA,2025-08-08 17:21:15,2025-08-08 17:39:27,18.2,,Sac Sıkışması,0
4001261,901905,IE25901905,M00029,YUVARLAK-SIVAMA KUTU Ø068 HAM TENEKE 2 PARÇA,2025-08-09 19:28:24,2025-08-09 19:48:00,19.6,,Malzeme Bekleme,0
4001262,901906,IE25901906,M00029,YUVARLAK-SIVAMA KUTU Ø068 HAM TENEKE 2 PARÇA,2025-08-10 09:53:05,2025-08-10 10:08:59,15.9,Yedek parça bekleniyor,Sac Sıkışması,0
4001263,901907,IE25901907,M00029,YUVARLAK-SIVAMA KUTU Ø068 HAM TENEKE 2 PARÇA,2025-08-11 14:59:55,2025-08-11 15:35:25,35.5,Kalıp söküldü,Ayar / Numune Onayı,0
4001264,901908,IE25901908,M00007,DIKDORTGEN KUTU 185-115 MAT LAK 2 PARÇA,2025-12-19 20:20:04,2025-12-19 20:26:34,6.5,Operatör müdahalesi,Vardiya Devri,0
4001265,901909,IE25901909,M00007,DIKDORTGEN KUTU 185-115 MAT LAK 2 PARÇA,2025-12-20 11:25:34,2025-12-20 11:51:34,26,Kalıp söküldü,Kalıp Değişimi,0
4001266,901913,IE25901913,M00006,SEKILLI KUTU 175-205 HAM TENEKE 3 PARÇA,2025-07-09 10:54:37,2025-07-09 11:49:55,55.3,Yedek parça bekleniyor,Hidrolik Kaçak,0
4001267,901914,IE25901914,M00006,SEKILLI KUTU 175-205 HAM TENEKE 3 PARÇA,2025-07-10 18:41:27,2025-07-10 19:53:27,72,Bakım çağrıldı,Hidrolik Kaçak,0
4001268,901915,IE25901915,M00006,SEKILLI KUTU 175-205 HAM TENEKE 3 PARÇA,2025-07-11 21:06:54,2025-07-11 22:08:36,61.7,Yedek parça bekleniyor,Kalıp Değişimi,0
4001269,901917,IE25901917,M00013,KOSELI SIVAMA KUTU 210-080 LITOGRAFI 3 PARÇA,2025-08-30 14:31:30,2025-08-30 15:06:12,34.7,Bakım çağrıldı,Kalite Duruşu,0
4001270,901920,IE25901920,M00008,YUVARLAK KUTU 210-255 HAM TENEKE 3 PARÇA,2025-10-24 20:50:38,2025-10-24 20:59:44,9.1,,Hidrolik Kaçak,0
4001271,901922,IE25901922,M00008,YUVARLAK KUTU 210-255 HAM TENEKE 3 PARÇA,2025-10-26 17:45:47,2025-10-26 18:14:47,29,,Mekanik Arıza,0
4001272,901923,IE25901923,M00008,YUVARLAK KUTU 210-255 HAM TENEKE 3 PARÇA,2025-10-27 15:59:21,2025-10-27 16:04:45,5.4,Kalıp söküldü,Ayar / Numune Onayı,0
4001273,901925,IE25901925,M00027,KALP KUTU 160-090 LITOGRAFI 3 PARÇA,2025-07-12 22:54:39,2025-07-12 23:13:03,18.4,Bakım çağrıldı,Hidrolik Kaçak,0
4001274,901926,IE25901926,M00027,KALP KUTU 160-090 LITOGRAFI 3 PARÇA,2025-07-13 19:43:32,2025-07-13 20:08:08,24.6,,Sac Sıkışması,0
4001275,901927,IE25901927,M00027,KALP KUTU 160-090 LITOGRAFI 3 PARÇA,2025-07-14 10:32:41,2025-07-14 11:20:05,47.4,,Planlı Bakım,0
4001276,901928,IE26901928,M00033,YUVARLAK KUTU Ø092 MAT LAK 3 PARÇA,2026-07-05 15:01:14,2026-07-05 15:26:08,24.9,Kalıp söküldü,Elektrik Arızası,0
4001277,901930,IE26901930,M00033,YUVARLAK KUTU Ø092 MAT LAK 3 PARÇA,2026-07-07 10:24:13,2026-07-07 10:57:55,33.7,Operatör müdahalesi,Kalıp Değişimi,0
4001278,901931,IE26901931,M00033,YUVARLAK KUTU Ø092 MAT LAK 3 PARÇA,2026-07-08 11:12:59,2026-07-08 11:40:35,27.6,Kalıp söküldü,Ayar / Numune Onayı,0
4001279,901933,IE26901933,M00001,KAPAK 090-065 HAM TENEKE 2 PARÇA,2026-05-11 10:42:01,2026-05-11 11:03:25,21.4,Operatör müdahalesi,Ayar / Numune Onayı,0
4001280,901934,IE26901934,M00001,KAPAK 090-065 HAM TENEKE 2 PARÇA,2026-05-12 10:43:09,2026-05-12 11:18:57,35.8,Yedek parça bekleniyor,Kalıp Değişimi,0
4001281,901936,IE26901936,M00007,DIKDORTGEN KUTU 185-115 MAT LAK 2 PARÇA,2026-01-29 20:26:38,2026-01-29 20:59:44,33.1,,Malzeme Bekleme,0
4001282,901939,IE26901939,M00005,DIKDORTGEN KUTU 145-095 MAT LAK 2 PARÇA,2026-01-02 16:20:24,2026-01-02 16:33:42,13.3,Kalıp söküldü,Kalıp Değişimi,0
4001283,901940,IE26901940,M00005,DIKDORTGEN KUTU 145-095 MAT LAK 2 PARÇA,2026-01-03 15:56:54,2026-01-03 17:02:18,65.4,Operatör müdahalesi,Kalıp Değişimi,0
4001284,901943,IE25901943,M00085,YUVARLAK KUTU 160-090 HAM TENEKE 2 PARÇA,2025-07-05 11:26:16,2025-07-05 11:58:16,32,Operatör müdahalesi,Kalıp Değişimi,0
4001285,901944,IE25901944,M00085,YUVARLAK KUTU 160-090 HAM TENEKE 2 PARÇA,2025-07-06 14:22:06,2025-07-06 15:33:24,71.3,Yedek parça bekleniyor,Kalıp Değişimi,0
4001286,901946,IE26901946,M00003,YUVARLAK KUTU 120-105 HAM TENEKE 2 PARÇA,2026-04-27 15:27:29,2026-04-27 16:08:47,41.3,Bakım çağrıldı,Ayar / Numune Onayı,0
4001287,901949,IE26901949,M00003,YUVARLAK KUTU 120-105 HAM TENEKE 2 PARÇA,2026-04-30 12:49:05,2026-04-30 13:43:29,54.4,Operatör müdahalesi,Planlı Bakım,0
4001288,901951,IE25901951,M00004,YUVARLAK KUTU 210-255 MAT LAK 3 PARÇA,2025-07-29 10:11:35,2025-07-29 10:23:11,11.6,Operatör müdahalesi,Ayar / Numune Onayı,0
4001289,901953,IE25901953,M00049,YUVARLAK-SIVAMA KUTU 295-165 HAM TENEKE 2 PARÇA,2025-11-06 15:42:27,2025-11-06 16:15:27,33,Kalıp söküldü,Elektrik Arızası,0
4001290,901954,IE25901954,M00049,YUVARLAK-SIVAMA KUTU 295-165 HAM TENEKE 2 PARÇA,2025-11-07 19:43:05,2025-11-07 20:12:59,29.9,Yedek parça bekleniyor,Enerji Kesintisi,0
4001291,901956,IE25901956,M00015,YUVARLAK KUTU Ø092 MAT LAK 2 PARÇA,2025-09-03 13:39:42,2025-09-03 14:26:54,47.2,Bakım çağrıldı,Kalıp Değişimi,0
4001292,901958,IE25901958,M00015,YUVARLAK KUTU Ø092 MAT LAK 2 PARÇA,2025-09-05 12:51:24,2025-09-05 13:33:06,41.7,Bakım çağrıldı,Planlı Bakım,0
4001293,901959,IE26901959,M00057,KALP KUTU 160-090 LITOGRAFI 3 PARÇA,2026-07-28 11:20:08,2026-07-28 12:30:38,70.5,,Kalıp Değişimi,0
4001294,901960,IE26901960,M00057,KALP KUTU 160-090 LITOGRAFI 3 PARÇA,2026-07-29 07:37:39,2026-07-29 08:18:09,40.5,Yedek parça bekleniyor,Ayar / Numune Onayı,0
4001295,901961,IE26901961,M00057,KALP KUTU 160-090 LITOGRAFI 3 PARÇA,2026-07-30 13:39:32,2026-07-30 14:07:56,28.4,Kalıp söküldü,Elektrik Arızası,0
4001296,901962,IE26901962,M00008,YUVARLAK KUTU 210-255 HAM TENEKE 3 PARÇA,2026-04-26 18:14:20,2026-04-26 18:28:44,14.4,,Mekanik Arıza,0
4001297,901964,IE26901964,M00008,YUVARLAK KUTU 210-255 HAM TENEKE 3 PARÇA,2026-04-28 18:09:39,2026-04-28 18:52:27,42.8,Yedek parça bekleniyor,Mekanik Arıza,0
4001298,901965,IE26901965,M00014,YUVARLAK KUTU 120-105 HAM TENEKE 2 PARÇA,2026-04-25 20:06:44,2026-04-25 21:03:56,57.2,Yedek parça bekleniyor,Ayar / Numune Onayı,0
4001299,901966,IE26901966,M00014,YUVARLAK KUTU 120-105 HAM TENEKE 2 PARÇA,2026-04-26 10:24:10,2026-04-26 10:44:16,20.1,Bakım çağrıldı,Malzeme Bekleme,0
4001300,901967,IE26901967,M00014,YUVARLAK KUTU 120-105 HAM TENEKE 2 PARÇA,2026-04-27 09:04:07,2026-04-27 09:12:13,8.1,,Ayar / Numune Onayı,0
4001301,901969,IE26901969,M00037,YUVARLAK KUTU 078-095 MAT LAK 3 PARÇA,2026-04-16 09:09:22,2026-04-16 10:18:04,68.7,Yedek parça bekleniyor,Kalıp Değişimi,0
4001302,901970,IE26901970,M00037,YUVARLAK KUTU 078-095 MAT LAK 3 PARÇA,2026-04-17 14:22:23,2026-04-17 14:41:47,19.4,Yedek parça bekleniyor,Elektrik Arızası,0
4001303,901971,IE26901971,M00037,YUVARLAK KUTU 078-095 MAT LAK 3 PARÇA,2026-04-18 07:26:01,2026-04-18 08:09:43,43.7,Operatör müdahalesi,Malzeme Bekleme,0
4001304,901972,IE25901972,M00011,YUVARLAK KUTU 120-105 HAM TENEKE 3 PARÇA,2025-06-26 08:53:58,2025-06-26 09:37:34,43.6,Yedek parça bekleniyor,Kalıp Değişimi,0
4001305,901973,IE25901973,M00011,YUVARLAK KUTU 120-105 HAM TENEKE 3 PARÇA,2025-06-27 19:37:42,2025-06-27 19:47:42,10,,Ayar / Numune Onayı,0
4001306,901974,IE25901974,M00011,YUVARLAK KUTU 120-105 HAM TENEKE 3 PARÇA,2025-06-28 22:34:51,2025-06-28 23:03:57,29.1,Bakım çağrıldı,Kalite Duruşu,0
4001307,901975,IE25901975,M00002,TEPSI 325-125 MAT LAK 3 PARÇA,2025-06-25 11:54:27,2025-06-25 12:34:57,40.5,Bakım çağrıldı,Mekanik Arıza,0
4001308,901977,IE25901977,M00002,TEPSI 325-125 MAT LAK 3 PARÇA,2025-06-27 15:50:45,2025-06-27 16:19:33,28.8,,Hidrolik Kaçak,0
4001309,901978,IE25901978,M00002,TEPSI 325-125 MAT LAK 3 PARÇA,2025-06-28 17:52:17,2025-06-28 18:59:35,67.3,Yedek parça bekleniyor,Elektrik Arızası,0
4001310,901980,IE25901980,M00001,KAPAK 090-065 HAM TENEKE 2 PARÇA,2025-12-10 22:35:04,2025-12-10 22:48:52,13.8,Yedek parça bekleniyor,Malzeme Bekleme,0
4001311,901984,IE26901984,M00001,KAPAK 090-065 HAM TENEKE 2 PARÇA,2026-05-18 15:24:33,2026-05-18 15:42:27,17.9,Yedek parça bekleniyor,Mekanik Arıza,0
4001312,901985,IE26901985,M00001,KAPAK 090-065 HAM TENEKE 2 PARÇA,2026-05-19 21:33:51,2026-05-19 22:11:45,37.9,Yedek parça bekleniyor,Kalıp Değişimi,0
4001313,901990,IE26901990,M00010,YUVARLAK KUTU 255-205 MAT LAK 3 PARÇA,2026-07-04 15:19:55,2026-07-04 15:41:55,22,Yedek parça bekleniyor,Vardiya Devri,0
4001314,901992,IE26901992,M00010,YUVARLAK KUTU 255-205 MAT LAK 3 PARÇA,2026-07-06 21:48:27,2026-07-06 22:30:33,42.1,Yedek parça bekleniyor,Malzeme Bekleme,0
4001315,901993,IE26901993,M00010,YUVARLAK KUTU 255-205 MAT LAK 3 PARÇA,2026-07-07 08:37:17,2026-07-07 09:50:53,73.6,Bakım çağrıldı,Mekanik Arıza,0
4001316,901994,IE26901994,M00089,DIKDORTGEN KUTU 185-115 HAM TENEKE 2 PARÇA,2026-01-05 18:41:45,2026-01-05 19:10:51,29.1,,Hidrolik Kaçak,0
4001317,901995,IE26901995,M00089,DIKDORTGEN KUTU 185-115 HAM TENEKE 2 PARÇA,2026-01-06 15:31:39,2026-01-06 16:38:39,67,Bakım çağrıldı,Sac Sıkışması,0
4001318,901996,IE26901996,M00089,DIKDORTGEN KUTU 185-115 HAM TENEKE 2 PARÇA,2026-01-07 08:50:50,2026-01-07 09:27:02,36.2,Operatör müdahalesi,Hidrolik Kaçak,0
4001319,901998,IE25901998,M00013,KOSELI SIVAMA KUTU 210-080 LITOGRAFI 3 PARÇA,2025-11-16 15:46:52,2025-11-16 16:32:22,45.5,Kalıp söküldü,Mekanik Arıza,0
4001320,901999,IE25901999,M00013,KOSELI SIVAMA KUTU 210-080 LITOGRAFI 3 PARÇA,2025-11-17 15:08:31,2025-11-17 15:50:19,41.8,Kalıp söküldü,Elektrik Arızası,0
4001321,902000,IE25902000,M00004,YUVARLAK KUTU 210-255 MAT LAK 3 PARÇA,2025-12-28 14:55:41,2025-12-28 15:28:17,32.6,Operatör müdahalesi,Elektrik Arızası,0
4001322,902001,IE25902001,M00004,YUVARLAK KUTU 210-255 MAT LAK 3 PARÇA,2025-12-29 16:36:37,2025-12-29 16:50:01,13.4,Operatör müdahalesi,Mekanik Arıza,0
4001323,902002,IE25902002,M00004,YUVARLAK KUTU 210-255 MAT LAK 3 PARÇA,2025-12-30 12:31:08,2025-12-30 13:29:32,58.4,,Planlı Bakım,0
4001324,902003,IE25902003,M00016,YUVARLAK-SIVAMA KUTU Ø068 HAM TENEKE 2 PARÇA,2025-10-02 17:16:57,2025-10-02 17:57:45,40.8,Operatör müdahalesi,Ayar / Numune Onayı,0
4001325,902004,IE25902004,M00016,YUVARLAK-SIVAMA KUTU Ø068 HAM TENEKE 2 PARÇA,2025-10-03 19:31:40,2025-10-03 19:48:58,17.3,Bakım çağrıldı,Kalıp Değişimi,0
4001326,902005,IE25902005,M00016,YUVARLAK-SIVAMA KUTU Ø068 HAM TENEKE 2 PARÇA,2025-10-04 12:16:41,2025-10-04 12:53:05,36.4,Operatör müdahalesi,Hidrolik Kaçak,0
4001327,902006,IE25902006,M00016,YUVARLAK-SIVAMA KUTU Ø068 HAM TENEKE 2 PARÇA,2025-10-05 18:25:06,2025-10-05 19:08:18,43.2,,Mekanik Arıza,0
4001328,902007,IE25902007,M00152,SEKILLI KUTU 255-205 LITOGRAFI 2 PARÇA,2025-11-16 16:33:11,2025-11-16 17:09:41,36.5,Bakım çağrıldı,Elektrik Arızası,0
4001329,902008,IE25902008,M00152,SEKILLI KUTU 255-205 LITOGRAFI 2 PARÇA,2025-11-17 14:15:41,2025-11-17 14:25:53,10.2,,Sac Sıkışması,0
4001330,902009,IE25902009,M00152,SEKILLI KUTU 255-205 LITOGRAFI 2 PARÇA,2025-11-18 20:09:25,2025-11-18 21:19:31,70.1,,Hidrolik Kaçak,0
4001331,902010,IE26902010,M00001,KAPAK 090-065 HAM TENEKE 2 PARÇA,2026-06-25 08:36:42,2026-06-25 08:58:54,22.2,Operatör müdahalesi,Mekanik Arıza,0
4001332,902011,IE26902011,M00001,KAPAK 090-065 HAM TENEKE 2 PARÇA,2026-06-26 12:00:12,2026-06-26 12:29:00,28.8,,Ayar / Numune Onayı,0
4001333,902012,IE26902012,M00001,KAPAK 090-065 HAM TENEKE 2 PARÇA,2026-06-27 12:10:40,2026-06-27 12:30:46,20.1,Bakım çağrıldı,Kalıp Değişimi,0
4001334,902013,IE26902013,M00001,KAPAK 090-065 HAM TENEKE 2 PARÇA,2026-06-28 20:39:00,2026-06-28 21:42:00,63,Kalıp söküldü,Hidrolik Kaçak,0
4001335,902014,IE25902014,M00010,YUVARLAK KUTU 255-205 MAT LAK 3 PARÇA,2025-12-05 11:24:12,2025-12-05 11:43:00,18.8,,Planlı Bakım,0
4001336,902015,IE25902015,M00010,YUVARLAK KUTU 255-205 MAT LAK 3 PARÇA,2025-12-06 20:53:11,2025-12-06 21:40:59,47.8,Bakım çağrıldı,Malzeme Bekleme,0
4001337,902016,IE25902016,M00010,YUVARLAK KUTU 255-205 MAT LAK 3 PARÇA,2025-12-07 15:38:45,2025-12-07 15:52:45,14,Kalıp söküldü,Kalite Duruşu,0
4001338,902017,IE25902017,M00010,YUVARLAK KUTU 255-205 MAT LAK 3 PARÇA,2025-12-08 10:54:42,2025-12-08 11:42:00,47.3,Kalıp söküldü,Sac Sıkışması,0
4001339,902024,IE26902024,M00006,SEKILLI KUTU 175-205 HAM TENEKE 3 PARÇA,2026-05-07 09:29:44,2026-05-07 09:48:02,18.3,Kalıp söküldü,Kalıp Değişimi,0
4001340,902025,IE25902025,M00135,YUVARLAK KUTU 120-105 VERNIKLI 2 PARÇA,2025-12-30 17:15:50,2025-12-30 17:57:14,41.4,Bakım çağrıldı,Mekanik Arıza,0
4001341,902026,IE25902026,M00135,YUVARLAK KUTU 120-105 VERNIKLI 2 PARÇA,2025-12-31 10:26:39,2025-12-31 11:54:21,87.7,Bakım çağrıldı,Personel Yetersizliği,0
4001342,902027,IE26902027,M00135,YUVARLAK KUTU 120-105 VERNIKLI 2 PARÇA,2026-01-01 06:25:20,2026-01-01 07:06:02,40.7,Bakım çağrıldı,Kalite Duruşu,0
4001343,902028,IE25902028,M00021,KAPAK 090-065 MAT LAK 3 PARÇA,2025-06-26 18:22:14,2025-06-26 19:23:50,61.6,Yedek parça bekleniyor,Planlı Bakım,0
4001344,902030,IE25902030,M00021,KAPAK 090-065 MAT LAK 3 PARÇA,2025-06-28 08:25:29,2025-06-28 09:08:29,43,,Vardiya Devri,0
4001345,902032,IE26902032,M00010,YUVARLAK KUTU 255-205 MAT LAK 3 PARÇA,2026-02-24 14:50:20,2026-02-24 15:04:32,14.2,Yedek parça bekleniyor,Hidrolik Kaçak,0
4001346,902033,IE26902033,M00010,YUVARLAK KUTU 255-205 MAT LAK 3 PARÇA,2026-02-25 15:38:15,2026-02-25 17:13:03,94.8,Bakım çağrıldı,Sac Sıkışması,0
4001347,902036,IE26902036,M00021,KAPAK 090-065 MAT LAK 3 PARÇA,2026-07-05 13:32:39,2026-07-05 13:46:15,13.6,,Vardiya Devri,0
4001348,902039,IE25902039,M00042,SEKIZGEN KUTU 135-145 LITOGRAFI 3 PARÇA,2025-11-16 13:23:43,2025-11-16 13:48:49,25.1,Operatör müdahalesi,Ayar / Numune Onayı,0
4001349,902042,IE25902042,M00019,OVAL KUTU 295-165 VERNIKLI 2 PARÇA,2025-08-08 08:00:24,2025-08-08 08:47:18,46.9,Bakım çağrıldı,Kalite Duruşu,0
4001350,902043,IE25902043,M00019,OVAL KUTU 295-165 VERNIKLI 2 PARÇA,2025-08-09 21:32:06,2025-08-09 21:42:12,10.1,Bakım çağrıldı,Elektrik Arızası,0
4001351,902045,IE25902045,M00019,OVAL KUTU 295-165 VERNIKLI 2 PARÇA,2025-08-11 08:50:19,2025-08-11 09:59:49,69.5,Bakım çağrıldı,Ayar / Numune Onayı,0
4001352,902046,IE26902046,M00001,KAPAK 090-065 HAM TENEKE 2 PARÇA,2026-07-28 12:58:05,2026-07-28 13:16:23,18.3,Operatör müdahalesi,Kalıp Değişimi,0
4001353,902047,IE26902047,M00001,KAPAK 090-065 HAM TENEKE 2 PARÇA,2026-07-29 18:42:15,2026-07-29 19:01:51,19.6,,Kalıp Değişimi,0
4001354,902049,IE25902049,M00010,YUVARLAK KUTU 255-205 MAT LAK 3 PARÇA,2025-07-11 09:42:16,2025-07-11 10:42:40,60.4,Yedek parça bekleniyor,Kalıp Değişimi,0
4001355,902050,IE25902050,M00010,YUVARLAK KUTU 255-205 MAT LAK 3 PARÇA,2025-07-12 18:47:34,2025-07-12 19:18:10,30.6,,Ayar / Numune Onayı,0
4001356,902052,IE25902052,M00004,YUVARLAK KUTU 210-255 MAT LAK 3 PARÇA,2025-07-12 14:05:43,2025-07-12 14:59:37,53.9,,Ayar / Numune Onayı,0
4001357,902053,IE25902053,M00004,YUVARLAK KUTU 210-255 MAT LAK 3 PARÇA,2025-07-13 15:52:31,2025-07-13 16:38:31,46,Operatör müdahalesi,Ayar / Numune Onayı,0
4001358,902054,IE25902054,M00004,YUVARLAK KUTU 210-255 MAT LAK 3 PARÇA,2025-07-14 20:32:52,2025-07-14 20:52:52,20,Bakım çağrıldı,Ayar / Numune Onayı,0
4001359,902055,IE25902055,M00004,YUVARLAK KUTU 210-255 MAT LAK 3 PARÇA,2025-07-15 08:12:36,2025-07-15 09:05:30,52.9,Operatör müdahalesi,Vardiya Devri,0
4001360,902056,IE26902056,M00060,YUVARLAK KUTU Y120-105 LITOGRAFI 3 PARÇA,2026-07-20 14:30:17,2026-07-20 14:35:29,5.2,,Kalıp Değişimi,0
4001361,902057,IE26902057,M00060,YUVARLAK KUTU Y120-105 LITOGRAFI 3 PARÇA,2026-07-21 09:36:44,2026-07-21 11:03:50,87.1,Bakım çağrıldı,Sac Sıkışması,0
4001362,902058,IE26902058,M00060,YUVARLAK KUTU Y120-105 LITOGRAFI 3 PARÇA,2026-07-22 19:12:54,2026-07-22 20:12:42,59.8,Yedek parça bekleniyor,Malzeme Bekleme,0
4001363,902059,IE25902059,M00001,KAPAK 090-065 HAM TENEKE 2 PARÇA,2025-11-27 20:46:15,2025-11-27 21:48:21,62.1,Bakım çağrıldı,Hidrolik Kaçak,0
4001364,902060,IE25902060,M00001,KAPAK 090-065 HAM TENEKE 2 PARÇA,2025-11-28 21:34:03,2025-11-28 21:58:03,24,Kalıp söküldü,Mekanik Arıza,0
4001365,902062,IE25902062,M00001,KAPAK 090-065 HAM TENEKE 2 PARÇA,2025-11-30 12:50:58,2025-11-30 13:22:16,31.3,Kalıp söküldü,Kalıp Değişimi,0
4001366,902063,IE26902063,M00004,YUVARLAK KUTU 210-255 MAT LAK 3 PARÇA,2026-07-03 20:43:07,2026-07-03 21:26:49,43.7,,Mekanik Arıza,0
4001367,902064,IE26902064,M00004,YUVARLAK KUTU 210-255 MAT LAK 3 PARÇA,2026-07-04 12:57:11,2026-07-04 14:05:41,68.5,Kalıp söküldü,Mekanik Arıza,0
4001368,902066,IE26902066,M00001,KAPAK 090-065 HAM TENEKE 2 PARÇA,2026-05-21 16:16:53,2026-05-21 16:27:17,10.4,Bakım çağrıldı,Kalıp Değişimi,0
4001369,902067,IE26902067,M00001,KAPAK 090-065 HAM TENEKE 2 PARÇA,2026-05-22 16:35:12,2026-05-22 17:21:12,46,Operatör müdahalesi,Ayar / Numune Onayı,0
4001370,902075,IE25902075,M00020,YUVARLAK KUTU 210-255 LITOGRAFI 2 PARÇA,2025-11-03 21:11:18,2025-11-03 22:02:36,51.3,Operatör müdahalesi,Planlı Bakım,0
4001371,902076,IE25902076,M00020,YUVARLAK KUTU 210-255 LITOGRAFI 2 PARÇA,2025-11-04 19:35:19,2025-11-04 20:55:37,80.3,Yedek parça bekleniyor,Ayar / Numune Onayı,0
4001372,902078,IE26902078,M00011,YUVARLAK KUTU 120-105 HAM TENEKE 3 PARÇA,2026-07-29 17:06:08,2026-07-29 17:42:14,36.1,Yedek parça bekleniyor,Kalite Duruşu,0
4001373,902079,IE26902079,M00011,YUVARLAK KUTU 120-105 HAM TENEKE 3 PARÇA,2026-07-30 20:55:49,2026-07-30 21:01:19,5.5,Operatör müdahalesi,Kalıp Değişimi,0
4001374,902081,IE25902081,M00001,KAPAK 090-065 HAM TENEKE 2 PARÇA,2025-08-12 17:42:41,2025-08-12 17:51:29,8.8,Yedek parça bekleniyor,Planlı Bakım,0
4001375,902082,IE25902082,M00001,KAPAK 090-065 HAM TENEKE 2 PARÇA,2025-08-13 14:47:33,2025-08-13 16:24:03,96.5,Kalıp söküldü,Planlı Bakım,0
4001376,902084,IE25902084,M00001,KAPAK 090-065 HAM TENEKE 2 PARÇA,2025-08-15 11:28:31,2025-08-15 12:05:13,36.7,,Mekanik Arıza,0
4001377,902086,IE26902086,M00009,YUVARLAK KUTU 245-175 VERNIKLI 3 PARÇA,2026-05-20 18:39:55,2026-05-20 19:44:43,64.8,,Malzeme Bekleme,0
4001378,902087,IE26902087,M00009,YUVARLAK KUTU 245-175 VERNIKLI 3 PARÇA,2026-05-21 19:24:36,2026-05-21 19:47:18,22.7,Yedek parça bekleniyor,Kalıp Değişimi,0
4001379,902088,IE25902088,M00008,YUVARLAK KUTU 210-255 HAM TENEKE 3 PARÇA,2025-08-07 08:21:32,2025-08-07 08:40:38,19.1,Yedek parça bekleniyor,Personel Yetersizliği,0
4001380,902090,IE25902090,M00008,YUVARLAK KUTU 210-255 HAM TENEKE 3 PARÇA,2025-08-09 11:06:30,2025-08-09 11:16:48,10.3,,Personel Yetersizliği,0
4001381,902092,IE26902092,M00001,KAPAK 090-065 HAM TENEKE 2 PARÇA,2026-02-14 19:06:25,2026-02-14 20:07:49,61.4,Kalıp söküldü,Kalıp Değişimi,0
4001382,902096,IE25902096,M00005,DIKDORTGEN KUTU 145-095 MAT LAK 2 PARÇA,2025-08-27 14:46:27,2025-08-27 15:21:21,34.9,,Mekanik Arıza,0
4001383,902097,IE25902097,M00005,DIKDORTGEN KUTU 145-095 MAT LAK 2 PARÇA,2025-08-28 08:09:03,2025-08-28 08:33:45,24.7,Bakım çağrıldı,Ayar / Numune Onayı,0
4001384,902099,IE25902099,M00005,DIKDORTGEN KUTU 145-095 MAT LAK 2 PARÇA,2025-08-30 07:36:32,2025-08-30 07:48:08,11.6,Operatör müdahalesi,Kalıp Değişimi,0
4001385,902101,IE25902101,M00019,OVAL KUTU 295-165 VERNIKLI 2 PARÇA,2025-11-09 19:43:47,2025-11-09 20:29:05,45.3,Bakım çağrıldı,Mekanik Arıza,0
4001386,902104,IE25902104,M00001,KAPAK 090-065 HAM TENEKE 2 PARÇA,2025-10-30 16:06:37,2025-10-30 17:15:37,69,,Planlı Bakım,0
4001387,902105,IE25902105,M00001,KAPAK 090-065 HAM TENEKE 2 PARÇA,2025-10-31 11:51:56,2025-10-31 12:55:08,63.2,,Sac Sıkışması,0
4001388,902106,IE25902106,M00001,KAPAK 090-065 HAM TENEKE 2 PARÇA,2025-11-01 16:54:55,2025-11-01 17:50:37,55.7,Yedek parça bekleniyor,Kalıp Değişimi,0
4001389,902108,IE25902108,M00001,KAPAK 090-065 HAM TENEKE 2 PARÇA,2025-09-21 20:37:38,2025-09-21 21:44:50,67.2,,Kalıp Değişimi,0
4001390,902109,IE25902109,M00001,KAPAK 090-065 HAM TENEKE 2 PARÇA,2025-09-22 08:23:26,2025-09-22 09:23:14,59.8,Bakım çağrıldı,Ayar / Numune Onayı,0
4001391,902110,IE26902110,M00025,YUVARLAK KUTU 255-205 VERNIKLI 3 PARÇA,2026-02-05 08:51:43,2026-02-05 09:23:49,32.1,,Kalite Duruşu,0
4001392,902111,IE26902111,M00025,YUVARLAK KUTU 255-205 VERNIKLI 3 PARÇA,2026-02-06 08:55:56,2026-02-06 09:18:32,22.6,Operatör müdahalesi,Malzeme Bekleme,0
4001393,902112,IE26902112,M00025,YUVARLAK KUTU 255-205 VERNIKLI 3 PARÇA,2026-02-07 10:25:58,2026-02-07 11:38:40,72.7,Yedek parça bekleniyor,Hidrolik Kaçak,0
4001394,902114,IE26902114,M00008,YUVARLAK KUTU 210-255 HAM TENEKE 3 PARÇA,2026-05-27 18:17:57,2026-05-27 18:50:39,32.7,Operatör müdahalesi,Kalite Duruşu,0
4001395,902115,IE26902115,M00008,YUVARLAK KUTU 210-255 HAM TENEKE 3 PARÇA,2026-05-28 08:51:04,2026-05-28 09:06:16,15.2,Operatör müdahalesi,Kalıp Değişimi,0
4001396,902120,IE26902120,M00005,DIKDORTGEN KUTU 145-095 MAT LAK 2 PARÇA,2026-07-07 12:31:17,2026-07-07 12:44:41,13.4,Kalıp söküldü,Ayar / Numune Onayı,0
4001397,902122,IE26902122,M00005,DIKDORTGEN KUTU 145-095 MAT LAK 2 PARÇA,2026-07-09 16:54:04,2026-07-09 17:42:04,48,Bakım çağrıldı,Mekanik Arıza,0
4001398,902123,IE26902123,M00005,DIKDORTGEN KUTU 145-095 MAT LAK 2 PARÇA,2026-07-10 12:02:28,2026-07-10 12:11:52,9.4,Kalıp söküldü,Kalıp Değişimi,0
4001399,902124,IE26902124,M00011,YUVARLAK KUTU 120-105 HAM TENEKE 3 PARÇA,2026-06-26 13:49:56,2026-06-26 14:34:32,44.6,Operatör müdahalesi,Hidrolik Kaçak,0
4001400,902126,IE26902126,M00011,YUVARLAK KUTU 120-105 HAM TENEKE 3 PARÇA,2026-06-28 18:03:11,2026-06-28 18:17:17,14.1,,Kalıp Değişimi,0
4001401,902127,IE25902127,M00041,YUVARLAK KUTU Ø050 HAM TENEKE 3 PARÇA,2025-11-05 14:36:37,2025-11-05 14:57:13,20.6,Yedek parça bekleniyor,Hidrolik Kaçak,0
4001402,902130,IE25902130,M00003,YUVARLAK KUTU 120-105 HAM TENEKE 2 PARÇA,2025-12-18 14:12:35,2025-12-18 14:29:17,16.7,Kalıp söküldü,Planlı Bakım,0
4001403,902132,IE25902132,M00003,YUVARLAK KUTU 120-105 HAM TENEKE 2 PARÇA,2025-12-20 11:26:51,2025-12-20 12:05:45,38.9,Kalıp söküldü,Malzeme Bekleme,0
4001404,902134,IE25902134,M00037,YUVARLAK KUTU 078-095 MAT LAK 3 PARÇA,2025-06-30 18:21:40,2025-06-30 18:48:46,27.1,Kalıp söküldü,Kalite Duruşu,0
4001405,902135,IE25902135,M00037,YUVARLAK KUTU 078-095 MAT LAK 3 PARÇA,2025-07-01 14:24:33,2025-07-01 15:10:51,46.3,Yedek parça bekleniyor,Kalıp Değişimi,0
4001406,902136,IE26902136,M00001,KAPAK 090-065 HAM TENEKE 2 PARÇA,2026-06-04 11:28:57,2026-06-04 11:54:21,25.4,Bakım çağrıldı,Kalıp Değişimi,0
4001407,902137,IE26902137,M00001,KAPAK 090-065 HAM TENEKE 2 PARÇA,2026-06-05 08:12:41,2026-06-05 08:34:59,22.3,Bakım çağrıldı,Kalıp Değişimi,0
4001408,902138,IE26902138,M00001,KAPAK 090-065 HAM TENEKE 2 PARÇA,2026-06-06 07:55:00,2026-06-06 08:51:54,56.9,Bakım çağrıldı,Enerji Kesintisi,0
4001409,902139,IE26902139,M00001,KAPAK 090-065 HAM TENEKE 2 PARÇA,2026-05-23 17:12:21,2026-05-23 18:25:33,73.2,,Ayar / Numune Onayı,0
4001410,902140,IE26902140,M00001,KAPAK 090-065 HAM TENEKE 2 PARÇA,2026-05-24 15:50:34,2026-05-24 17:25:22,94.8,Yedek parça bekleniyor,Kalite Duruşu,0
4001411,902141,IE26902141,M00001,KAPAK 090-065 HAM TENEKE 2 PARÇA,2026-05-25 07:57:33,2026-05-25 08:46:09,48.6,Kalıp söküldü,Kalite Duruşu,0
4001412,902143,IE25902143,M00001,KAPAK 090-065 HAM TENEKE 2 PARÇA,2025-11-15 13:17:10,2025-11-15 13:41:16,24.1,Yedek parça bekleniyor,Kalıp Değişimi,0
4001413,902144,IE25902144,M00001,KAPAK 090-065 HAM TENEKE 2 PARÇA,2025-11-16 14:24:45,2025-11-16 15:39:45,75,Kalıp söküldü,Sac Sıkışması,0
4001414,902145,IE25902145,M00001,KAPAK 090-065 HAM TENEKE 2 PARÇA,2025-11-17 10:18:05,2025-11-17 11:00:23,42.3,Kalıp söküldü,Enerji Kesintisi,0
4001415,902147,IE25902147,M00078,YUVARLAK KUTU 255-205 MAT LAK 2 PARÇA,2025-12-30 21:15:40,2025-12-30 21:59:04,43.4,Bakım çağrıldı,Kalıp Değişimi,0
4001416,902149,IE26902149,M00078,YUVARLAK KUTU 255-205 MAT LAK 2 PARÇA,2026-01-01 16:55:26,2026-01-01 17:44:50,49.4,Bakım çağrıldı,Kalıp Değişimi,0
4001417,902152,IE25902152,M00003,YUVARLAK KUTU 120-105 HAM TENEKE 2 PARÇA,2025-12-29 18:12:13,2025-12-29 18:36:25,24.2,,Elektrik Arızası,0
4001418,902153,IE25902153,M00003,YUVARLAK KUTU 120-105 HAM TENEKE 2 PARÇA,2025-12-30 09:35:32,2025-12-30 10:23:44,48.2,Operatör müdahalesi,Elektrik Arızası,0
4001419,902154,IE25902154,M00003,YUVARLAK KUTU 120-105 HAM TENEKE 2 PARÇA,2025-07-10 10:23:49,2025-07-10 10:57:19,33.5,,Kalite Duruşu,0
4001420,902155,IE25902155,M00003,YUVARLAK KUTU 120-105 HAM TENEKE 2 PARÇA,2025-07-11 08:58:41,2025-07-11 09:14:17,15.6,Bakım çağrıldı,Malzeme Bekleme,0
4001421,902157,IE25902157,M00003,YUVARLAK KUTU 120-105 HAM TENEKE 2 PARÇA,2025-07-13 21:13:06,2025-07-13 22:03:00,49.9,Kalıp söküldü,Vardiya Devri,0
4001422,902159,IE25902159,M00073,TEPSI 325-125 LITOGRAFI 3 PARÇA,2025-07-06 11:12:46,2025-07-06 12:28:52,76.1,,Kalıp Değişimi,0
4001423,902160,IE25902160,M00073,TEPSI 325-125 LITOGRAFI 3 PARÇA,2025-07-07 18:17:08,2025-07-07 18:53:26,36.3,Operatör müdahalesi,Mekanik Arıza,0
4001424,902161,IE26902161,M00020,YUVARLAK KUTU 210-255 LITOGRAFI 2 PARÇA,2026-04-25 16:36:36,2026-04-25 17:02:48,26.2,Operatör müdahalesi,Kalite Duruşu,0
4001425,902162,IE26902162,M00020,YUVARLAK KUTU 210-255 LITOGRAFI 2 PARÇA,2026-04-26 20:24:07,2026-04-26 21:05:55,41.8,Bakım çağrıldı,Malzeme Bekleme,0
4001426,902164,IE26902164,M00003,YUVARLAK KUTU 120-105 HAM TENEKE 2 PARÇA,2026-06-01 19:14:09,2026-06-01 20:06:09,52,Yedek parça bekleniyor,Mekanik Arıza,0
4001427,902165,IE26902165,M00003,YUVARLAK KUTU 120-105 HAM TENEKE 2 PARÇA,2026-06-02 13:59:30,2026-06-02 14:18:48,19.3,Kalıp söküldü,Enerji Kesintisi,0
4001428,902166,IE26902166,M00003,YUVARLAK KUTU 120-105 HAM TENEKE 2 PARÇA,2026-06-03 13:11:32,2026-06-03 14:24:26,72.9,Kalıp söküldü,Sac Sıkışması,0
4001429,902167,IE26902167,M00003,YUVARLAK KUTU 120-105 HAM TENEKE 2 PARÇA,2026-06-04 12:18:55,2026-06-04 12:33:37,14.7,Kalıp söküldü,Kalıp Değişimi,0
4001430,902168,IE25902168,M00010,YUVARLAK KUTU 255-205 MAT LAK 3 PARÇA,2025-12-28 11:47:01,2025-12-28 12:42:55,55.9,,Ayar / Numune Onayı,0
4001431,902170,IE25902170,M00010,YUVARLAK KUTU 255-205 MAT LAK 3 PARÇA,2025-12-30 15:44:25,2025-12-30 16:14:49,30.4,Operatör müdahalesi,Mekanik Arıza,0
4001432,902171,IE25902171,M00010,YUVARLAK KUTU 255-205 MAT LAK 3 PARÇA,2025-12-31 14:21:54,2025-12-31 15:26:12,64.3,Kalıp söküldü,Personel Yetersizliği,0
4001433,902173,IE26902173,M00001,KAPAK 090-065 HAM TENEKE 2 PARÇA,2026-01-08 17:26:10,2026-01-08 18:27:46,61.6,Bakım çağrıldı,Vardiya Devri,0
4001434,902174,IE26902174,M00001,KAPAK 090-065 HAM TENEKE 2 PARÇA,2026-01-09 12:28:23,2026-01-09 13:50:35,82.2,,Mekanik Arıza,0
4001435,902175,IE26902175,M00001,KAPAK 090-065 HAM TENEKE 2 PARÇA,2026-01-10 20:23:25,2026-01-10 20:34:13,10.8,Operatör müdahalesi,Kalıp Değişimi,0
4001436,902179,IE25902179,M00001,KAPAK 090-065 HAM TENEKE 2 PARÇA,2025-11-22 12:53:20,2025-11-22 13:24:08,30.8,Kalıp söküldü,Hidrolik Kaçak,0
4001437,902180,IE25902180,M00001,KAPAK 090-065 HAM TENEKE 2 PARÇA,2025-11-23 20:32:58,2025-11-23 20:39:46,6.8,Yedek parça bekleniyor,Sac Sıkışması,0
4001438,902181,IE25902181,M00001,KAPAK 090-065 HAM TENEKE 2 PARÇA,2025-11-24 10:35:18,2025-11-24 11:01:12,25.9,Bakım çağrıldı,Sac Sıkışması,0
4001439,902182,IE25902182,M00001,KAPAK 090-065 HAM TENEKE 2 PARÇA,2025-11-25 19:00:06,2025-11-25 19:22:30,22.4,Yedek parça bekleniyor,Kalıp Değişimi,0
4001440,902183,IE25902183,M00006,SEKILLI KUTU 175-205 HAM TENEKE 3 PARÇA,2025-10-13 17:04:26,2025-10-13 17:48:44,44.3,Yedek parça bekleniyor,Kalıp Değişimi,0
4001441,902184,IE25902184,M00006,SEKILLI KUTU 175-205 HAM TENEKE 3 PARÇA,2025-10-14 14:40:57,2025-10-14 15:36:57,56,Operatör müdahalesi,Vardiya Devri,0
4001442,902185,IE25902185,M00006,SEKILLI KUTU 175-205 HAM TENEKE 3 PARÇA,2025-10-15 18:43:02,2025-10-15 19:48:08,65.1,Kalıp söküldü,Kalıp Değişimi,0
4001443,902189,IE25902189,M00217,DIKDORTGEN KUTU 145-095 VERNIKLI 3 PARÇA,2025-09-25 09:02:50,2025-09-25 09:29:14,26.4,Operatör müdahalesi,Kalite Duruşu,0
4001444,902192,IE26902192,M00002,TEPSI 325-125 MAT LAK 3 PARÇA,2026-07-23 15:44:21,2026-07-23 16:27:51,43.5,Bakım çağrıldı,Sac Sıkışması,0
4001445,902193,IE26902193,M00002,TEPSI 325-125 MAT LAK 3 PARÇA,2026-07-24 08:43:43,2026-07-24 09:04:55,21.2,Bakım çağrıldı,Ayar / Numune Onayı,0
4001446,902194,IE26902194,M00002,TEPSI 325-125 MAT LAK 3 PARÇA,2026-07-25 07:59:45,2026-07-25 09:28:03,88.3,Yedek parça bekleniyor,Planlı Bakım,0
4001447,902198,IE25902198,M00005,DIKDORTGEN KUTU 145-095 MAT LAK 2 PARÇA,2025-11-30 21:15:01,2025-11-30 21:36:19,21.3,Operatör müdahalesi,Ayar / Numune Onayı,0
4001448,902199,IE26902199,M00004,YUVARLAK KUTU 210-255 MAT LAK 3 PARÇA,2026-05-30 08:15:00,2026-05-30 08:42:12,27.2,Bakım çağrıldı,Vardiya Devri,0
4001449,902202,IE25902202,M00019,OVAL KUTU 295-165 VERNIKLI 2 PARÇA,2025-10-25 12:23:57,2025-10-25 13:48:27,84.5,Yedek parça bekleniyor,Malzeme Bekleme,0
4001450,902203,IE25902203,M00019,OVAL KUTU 295-165 VERNIKLI 2 PARÇA,2025-10-26 21:32:55,2025-10-26 22:42:49,69.9,Kalıp söküldü,Kalıp Değişimi,0
4001451,902206,IE25902206,M00135,YUVARLAK KUTU 120-105 VERNIKLI 2 PARÇA,2025-07-26 17:55:14,2025-07-26 18:37:56,42.7,Yedek parça bekleniyor,Vardiya Devri,0
4001452,902207,IE25902207,M00135,YUVARLAK KUTU 120-105 VERNIKLI 2 PARÇA,2025-07-27 21:19:09,2025-07-27 21:35:03,15.9,Bakım çağrıldı,Kalıp Değişimi,0
4001453,902208,IE25902208,M00014,YUVARLAK KUTU 120-105 HAM TENEKE 2 PARÇA,2025-07-25 20:18:10,2025-07-25 20:40:16,22.1,Kalıp söküldü,Planlı Bakım,0
4001454,902209,IE25902209,M00014,YUVARLAK KUTU 120-105 HAM TENEKE 2 PARÇA,2025-07-26 16:24:20,2025-07-26 16:58:20,34,Kalıp söküldü,Kalıp Değişimi,0
4001455,902210,IE25902210,M00014,YUVARLAK KUTU 120-105 HAM TENEKE 2 PARÇA,2025-07-27 12:08:53,2025-07-27 12:54:47,45.9,Yedek parça bekleniyor,Elektrik Arızası,0
4001456,902211,IE25902211,M00001,KAPAK 090-065 HAM TENEKE 2 PARÇA,2025-07-18 15:40:21,2025-07-18 16:52:15,71.9,Yedek parça bekleniyor,Kalıp Değişimi,0
4001457,902213,IE25902213,M00001,KAPAK 090-065 HAM TENEKE 2 PARÇA,2025-07-20 18:55:10,2025-07-20 20:19:22,84.2,Bakım çağrıldı,Kalıp Değişimi,0
4001458,902215,IE26902215,M00014,YUVARLAK KUTU 120-105 HAM TENEKE 2 PARÇA,2026-01-26 10:39:20,2026-01-26 11:27:56,48.6,,Kalite Duruşu,0
4001459,902216,IE26902216,M00014,YUVARLAK KUTU 120-105 HAM TENEKE 2 PARÇA,2026-01-27 11:49:50,2026-01-27 12:23:38,33.8,,Kalıp Değişimi,0
4001460,902217,IE26902217,M00014,YUVARLAK KUTU 120-105 HAM TENEKE 2 PARÇA,2026-01-28 19:44:15,2026-01-28 19:58:09,13.9,Operatör müdahalesi,Kalıp Değişimi,0
4001461,902218,IE26902218,M00014,YUVARLAK KUTU 120-105 HAM TENEKE 2 PARÇA,2026-01-29 21:03:05,2026-01-29 21:15:29,12.4,,Kalıp Değişimi,0
4001462,902223,IE26902223,M00042,SEKIZGEN KUTU 135-145 LITOGRAFI 3 PARÇA,2026-06-30 09:48:25,2026-06-30 10:31:31,43.1,Operatör müdahalesi,Personel Yetersizliği,0
4001463,902226,IE25902226,M00110,OVAL KUTU 295-165 HAM TENEKE 2 PARÇA,2025-07-01 13:06:15,2025-07-01 14:18:57,72.7,Yedek parça bekleniyor,Mekanik Arıza,0
4001464,902227,IE25902227,M00110,OVAL KUTU 295-165 HAM TENEKE 2 PARÇA,2025-07-02 18:39:44,2025-07-02 19:09:02,29.3,,Kalıp Değişimi,0
4001465,902230,IE26902230,M00002,TEPSI 325-125 MAT LAK 3 PARÇA,2026-05-10 13:17:50,2026-05-10 13:52:08,34.3,Operatör müdahalesi,Elektrik Arızası,0
4001466,902231,IE26902231,M00002,TEPSI 325-125 MAT LAK 3 PARÇA,2026-05-11 14:58:59,2026-05-11 15:40:41,41.7,Bakım çağrıldı,Vardiya Devri,0
4001467,902235,IE26902235,M00011,YUVARLAK KUTU 120-105 HAM TENEKE 3 PARÇA,2026-01-19 07:26:42,2026-01-19 07:42:36,15.9,Kalıp söküldü,Hidrolik Kaçak,0
4001468,902236,IE26902236,M00011,YUVARLAK KUTU 120-105 HAM TENEKE 3 PARÇA,2026-01-20 10:44:36,2026-01-20 11:06:00,21.4,,Kalıp Değişimi,0
4001469,902238,IE26902238,M00011,YUVARLAK KUTU 120-105 HAM TENEKE 3 PARÇA,2026-01-22 20:39:55,2026-01-22 21:36:01,56.1,,Kalıp Değişimi,0
4001470,902240,IE25902240,M00001,KAPAK 090-065 HAM TENEKE 2 PARÇA,2025-12-06 14:14:32,2025-12-06 14:24:38,10.1,Yedek parça bekleniyor,Ayar / Numune Onayı,0
4001471,902242,IE25902242,M00002,TEPSI 325-125 MAT LAK 3 PARÇA,2025-10-12 20:25:24,2025-10-12 21:55:24,90,Operatör müdahalesi,Hidrolik Kaçak,0
4001472,902243,IE25902243,M00002,TEPSI 325-125 MAT LAK 3 PARÇA,2025-10-13 12:11:12,2025-10-13 12:32:06,20.9,Yedek parça bekleniyor,Kalıp Değişimi,0
4001473,902246,IE25902246,M00011,YUVARLAK KUTU 120-105 HAM TENEKE 3 PARÇA,2025-12-06 18:47:50,2025-12-06 19:25:56,38.1,,Ayar / Numune Onayı,0
4001474,902251,IE26902251,M00001,KAPAK 090-065 HAM TENEKE 2 PARÇA,2026-03-11 12:20:58,2026-03-11 12:34:28,13.5,Bakım çağrıldı,Hidrolik Kaçak,0
4001475,902253,IE26902253,M00156,DIKDORTGEN KUTU 145-095 LITOGRAFI 2 PARÇA,2026-04-27 14:17:43,2026-04-27 14:26:01,8.3,Yedek parça bekleniyor,Elektrik Arızası,0
4001476,902254,IE26902254,M00156,DIKDORTGEN KUTU 145-095 LITOGRAFI 2 PARÇA,2026-04-28 09:12:59,2026-04-28 09:31:11,18.2,Bakım çağrıldı,Planlı Bakım,0
4001477,902255,IE25902255,M00007,DIKDORTGEN KUTU 185-115 MAT LAK 2 PARÇA,2025-11-26 16:58:13,2025-11-26 17:42:07,43.9,Yedek parça bekleniyor,Kalıp Değişimi,0
4001478,902258,IE25902258,M00007,DIKDORTGEN KUTU 185-115 MAT LAK 2 PARÇA,2025-11-29 20:17:00,2025-11-29 20:52:48,35.8,,Malzeme Bekleme,0
4001479,902259,IE26902259,M00093,YUVARLAK KUTU Y120-105 LITOGRAFI 2 PARÇA,2026-01-26 14:26:15,2026-01-26 16:29:45,123.5,Bakım çağrıldı,Kalite Duruşu,0
4001480,902261,IE26902261,M00093,YUVARLAK KUTU Y120-105 LITOGRAFI 2 PARÇA,2026-01-28 19:39:28,2026-01-28 20:14:10,34.7,,Planlı Bakım,0
4001481,902262,IE26902262,M00004,YUVARLAK KUTU 210-255 MAT LAK 3 PARÇA,2026-06-18 11:27:36,2026-06-18 12:25:06,57.5,Yedek parça bekleniyor,Mekanik Arıza,0
4001482,902263,IE26902263,M00004,YUVARLAK KUTU 210-255 MAT LAK 3 PARÇA,2026-06-19 10:44:22,2026-06-19 12:08:58,84.6,Bakım çağrıldı,Kalıp Değişimi,0
4001483,902264,IE26902264,M00004,YUVARLAK KUTU 210-255 MAT LAK 3 PARÇA,2026-06-20 11:06:57,2026-06-20 12:19:21,72.4,,Malzeme Bekleme,0
4001484,902265,IE26902265,M00004,YUVARLAK KUTU 210-255 MAT LAK 3 PARÇA,2026-06-21 18:08:06,2026-06-21 19:36:24,88.3,Kalıp söküldü,Malzeme Bekleme,0
4001485,902266,IE25902266,M00001,KAPAK 090-065 HAM TENEKE 2 PARÇA,2025-10-04 20:21:56,2025-10-04 21:50:08,88.2,Bakım çağrıldı,Ayar / Numune Onayı,0
4001486,902267,IE25902267,M00001,KAPAK 090-065 HAM TENEKE 2 PARÇA,2025-10-05 17:33:27,2025-10-05 18:16:27,43,Yedek parça bekleniyor,Kalite Duruşu,0
4001487,902268,IE25902268,M00001,KAPAK 090-065 HAM TENEKE 2 PARÇA,2025-10-07 00:05:48,2025-10-07 00:43:18,37.5,Yedek parça bekleniyor,Enerji Kesintisi,0
4001488,902269,IE25902269,M00001,KAPAK 090-065 HAM TENEKE 2 PARÇA,2025-10-07 23:10:59,2025-10-08 00:24:29,73.5,Bakım çağrıldı,Ayar / Numune Onayı,0
4001489,902271,IE26902271,M00002,TEPSI 325-125 MAT LAK 3 PARÇA,2026-05-21 17:27:42,2026-05-21 18:35:00,67.3,,Kalite Duruşu,0
4001490,902272,IE26902272,M00002,TEPSI 325-125 MAT LAK 3 PARÇA,2026-05-22 10:19:11,2026-05-22 10:27:41,8.5,Bakım çağrıldı,Kalıp Değişimi,0
4001491,902273,IE26902273,M00016,YUVARLAK-SIVAMA KUTU Ø068 HAM TENEKE 2 PARÇA,2026-03-25 10:25:22,2026-03-25 10:36:22,11,,Kalıp Değişimi,0
4001492,902275,IE26902275,M00016,YUVARLAK-SIVAMA KUTU Ø068 HAM TENEKE 2 PARÇA,2026-03-27 20:58:20,2026-03-27 21:11:56,13.6,,Ayar / Numune Onayı,0
4001493,902277,IE26902277,M00006,SEKILLI KUTU 175-205 HAM TENEKE 3 PARÇA,2026-05-14 10:57:29,2026-05-14 11:51:29,54,Operatör müdahalesi,Sac Sıkışması,0
4001494,902278,IE26902278,M00006,SEKILLI KUTU 175-205 HAM TENEKE 3 PARÇA,2026-05-15 06:57:58,2026-05-15 07:18:58,21,Yedek parça bekleniyor,Kalite Duruşu,0
4001495,902279,IE26902279,M00006,SEKILLI KUTU 175-205 HAM TENEKE 3 PARÇA,2026-05-16 21:54:22,2026-05-16 22:42:58,48.6,,Kalıp Değişimi,0
4001496,902281,IE26902281,M00261,KALP KUTU 160-090 VERNIKLI 2 PARÇA,2026-01-23 21:31:11,2026-01-23 21:48:59,17.8,Bakım çağrıldı,Mekanik Arıza,0
4001497,902283,IE25902283,M00001,KAPAK 090-065 HAM TENEKE 2 PARÇA,2025-07-20 13:01:08,2025-07-20 13:19:02,17.9,Operatör müdahalesi,Personel Yetersizliği,0
4001498,902284,IE25902284,M00001,KAPAK 090-065 HAM TENEKE 2 PARÇA,2025-07-21 13:46:37,2025-07-21 13:52:31,5.9,Bakım çağrıldı,Elektrik Arızası,0
4001499,902286,IE25902286,M00001,KAPAK 090-065 HAM TENEKE 2 PARÇA,2025-07-23 20:54:57,2025-07-23 22:18:27,83.5,Kalıp söküldü,Ayar / Numune Onayı,0
4001500,902287,IE25902287,M00001,KAPAK 090-065 HAM TENEKE 2 PARÇA,2025-07-10 14:30:12,2025-07-10 15:09:00,38.8,Operatör müdahalesi,Malzeme Bekleme,0
4001501,902289,IE25902289,M00001,KAPAK 090-065 HAM TENEKE 2 PARÇA,2025-07-12 18:49:16,2025-07-12 19:23:40,34.4,,Ayar / Numune Onayı,0
4001502,902290,IE25902290,M00001,KAPAK 090-065 HAM TENEKE 2 PARÇA,2025-07-13 18:35:49,2025-07-13 19:14:07,38.3,Bakım çağrıldı,Vardiya Devri,0
4001503,902291,IE26902291,M00003,YUVARLAK KUTU 120-105 HAM TENEKE 2 PARÇA,2026-02-05 17:49:26,2026-02-05 17:55:32,6.1,,Kalıp Değişimi,0
4001504,902292,IE26902292,M00003,YUVARLAK KUTU 120-105 HAM TENEKE 2 PARÇA,2026-02-06 12:40:44,2026-02-06 13:06:38,25.9,Operatör müdahalesi,Sac Sıkışması,0
4001505,902294,IE25902294,M00025,YUVARLAK KUTU 255-205 VERNIKLI 3 PARÇA,2025-11-18 16:54:16,2025-11-18 17:08:16,14,Kalıp söküldü,Vardiya Devri,0
4001506,902295,IE25902295,M00025,YUVARLAK KUTU 255-205 VERNIKLI 3 PARÇA,2025-11-19 19:41:37,2025-11-19 20:58:55,77.3,Operatör müdahalesi,Planlı Bakım,0
4001507,902296,IE25902296,M00025,YUVARLAK KUTU 255-205 VERNIKLI 3 PARÇA,2025-11-20 22:37:02,2025-11-20 23:02:50,25.8,Yedek parça bekleniyor,Ayar / Numune Onayı,0
4001508,902298,IE26902298,M00014,YUVARLAK KUTU 120-105 HAM TENEKE 2 PARÇA,2026-01-29 09:06:00,2026-01-29 10:32:00,86,Bakım çağrıldı,Vardiya Devri,0
4001509,902301,IE26902301,M00014,YUVARLAK KUTU 120-105 HAM TENEKE 2 PARÇA,2026-02-01 20:14:25,2026-02-01 20:52:07,37.7,Yedek parça bekleniyor,Mekanik Arıza,0
4001510,902304,IE26902304,M00010,YUVARLAK KUTU 255-205 MAT LAK 3 PARÇA,2026-02-15 15:09:40,2026-02-15 15:44:22,34.7,Yedek parça bekleniyor,Mekanik Arıza,0
4001511,902305,IE26902305,M00010,YUVARLAK KUTU 255-205 MAT LAK 3 PARÇA,2026-02-16 20:53:34,2026-02-16 21:31:46,38.2,Yedek parça bekleniyor,Personel Yetersizliği,0
4001512,902306,IE26902306,M00005,DIKDORTGEN KUTU 145-095 MAT LAK 2 PARÇA,2026-01-10 12:48:10,2026-01-10 14:03:10,75,Bakım çağrıldı,Malzeme Bekleme,0
4001513,902307,IE26902307,M00005,DIKDORTGEN KUTU 145-095 MAT LAK 2 PARÇA,2026-01-11 17:55:33,2026-01-11 18:18:51,23.3,Kalıp söküldü,Ayar / Numune Onayı,0
4001514,902309,IE26902309,M00003,YUVARLAK KUTU 120-105 HAM TENEKE 2 PARÇA,2026-06-25 08:13:48,2026-06-25 09:19:00,65.2,Yedek parça bekleniyor,Hidrolik Kaçak,0
4001515,902310,IE26902310,M00003,YUVARLAK KUTU 120-105 HAM TENEKE 2 PARÇA,2026-06-26 20:16:21,2026-06-26 20:43:39,27.3,Bakım çağrıldı,Malzeme Bekleme,0
4001516,902311,IE26902311,M00003,YUVARLAK KUTU 120-105 HAM TENEKE 2 PARÇA,2026-06-27 08:26:20,2026-06-27 09:47:38,81.3,,Enerji Kesintisi,0
4001517,902313,IE26902313,M00041,YUVARLAK KUTU Ø050 HAM TENEKE 3 PARÇA,2026-03-18 08:08:18,2026-03-18 08:19:42,11.4,Kalıp söküldü,Elektrik Arızası,0
4001518,902314,IE26902314,M00041,YUVARLAK KUTU Ø050 HAM TENEKE 3 PARÇA,2026-03-19 19:13:40,2026-03-19 20:30:52,77.2,Bakım çağrıldı,Ayar / Numune Onayı,0
4001519,902315,IE26902315,M00041,YUVARLAK KUTU Ø050 HAM TENEKE 3 PARÇA,2026-03-20 15:06:55,2026-03-20 15:56:55,50,Yedek parça bekleniyor,Sac Sıkışması,0
4001520,902317,IE25902317,M00011,YUVARLAK KUTU 120-105 HAM TENEKE 3 PARÇA,2025-08-04 20:50:37,2025-08-04 21:57:01,66.4,,Kalıp Değişimi,0
4001521,902318,IE25902318,M00011,YUVARLAK KUTU 120-105 HAM TENEKE 3 PARÇA,2025-08-05 14:55:00,2025-08-05 15:05:24,10.4,Operatör müdahalesi,Sac Sıkışması,0
4001522,902319,IE26902319,M00022,SEKIZGEN KUTU 135-145 VERNIKLI 2 PARÇA,2026-07-04 18:59:44,2026-07-04 19:59:14,59.5,Kalıp söküldü,Vardiya Devri,0
4001523,902321,IE26902321,M00022,SEKIZGEN KUTU 135-145 VERNIKLI 2 PARÇA,2026-07-06 20:39:30,2026-07-06 20:50:42,11.2,Kalıp söküldü,Kalıp Değişimi,0
4001524,902322,IE25902322,M00001,KAPAK 090-065 HAM TENEKE 2 PARÇA,2025-09-23 17:49:06,2025-09-23 19:26:18,97.2,Yedek parça bekleniyor,Planlı Bakım,0
4001525,902323,IE25902323,M00001,KAPAK 090-065 HAM TENEKE 2 PARÇA,2025-09-24 18:30:05,2025-09-24 19:59:41,89.6,Yedek parça bekleniyor,Kalıp Değişimi,0
4001526,902326,IE26902326,M00044,KAPAK 090-065 VERNIKLI 2 PARÇA,2026-04-07 11:09:28,2026-04-07 12:19:52,70.4,Operatör müdahalesi,Malzeme Bekleme,0
4001527,902327,IE26902327,M00044,KAPAK 090-065 VERNIKLI 2 PARÇA,2026-04-08 20:18:03,2026-04-08 21:00:45,42.7,Yedek parça bekleniyor,Elektrik Arızası,0
4001528,902328,IE26902328,M00044,KAPAK 090-065 VERNIKLI 2 PARÇA,2026-04-09 19:25:20,2026-04-09 20:25:26,60.1,Bakım çağrıldı,Kalite Duruşu,0
4001529,902329,IE26902329,M00044,KAPAK 090-065 VERNIKLI 2 PARÇA,2026-04-10 17:24:25,2026-04-10 18:06:01,41.6,Yedek parça bekleniyor,Ayar / Numune Onayı,0
4001530,902333,IE26902333,M00028,YUVARLAK KUTU 245-175 MAT LAK 3 PARÇA,2026-01-30 14:57:47,2026-01-30 15:46:23,48.6,Bakım çağrıldı,Hidrolik Kaçak,0
4001531,902334,IE26902334,M00010,YUVARLAK KUTU 255-205 MAT LAK 3 PARÇA,2026-06-05 21:35:37,2026-06-05 22:20:49,45.2,Kalıp söküldü,Mekanik Arıza,0
4001532,902335,IE26902335,M00010,YUVARLAK KUTU 255-205 MAT LAK 3 PARÇA,2026-06-06 17:38:17,2026-06-06 18:10:29,32.2,Operatör müdahalesi,Malzeme Bekleme,0
4001533,902338,IE26902338,M00008,YUVARLAK KUTU 210-255 HAM TENEKE 3 PARÇA,2026-02-07 19:36:50,2026-02-07 20:43:14,66.4,Operatör müdahalesi,Malzeme Bekleme,0
4001534,902339,IE26902339,M00008,YUVARLAK KUTU 210-255 HAM TENEKE 3 PARÇA,2026-02-08 16:46:04,2026-02-08 18:24:04,98,Kalıp söküldü,Kalıp Değişimi,0
4001535,902340,IE26902340,M00008,YUVARLAK KUTU 210-255 HAM TENEKE 3 PARÇA,2026-02-09 20:34:44,2026-02-09 20:44:20,9.6,Operatör müdahalesi,Kalıp Değişimi,0
4001536,902341,IE25902341,M00002,TEPSI 325-125 MAT LAK 3 PARÇA,2025-07-17 20:34:57,2025-07-17 22:09:09,94.2,Bakım çağrıldı,Enerji Kesintisi,0
4001537,902342,IE25902342,M00002,TEPSI 325-125 MAT LAK 3 PARÇA,2025-07-18 16:55:45,2025-07-18 17:30:33,34.8,Operatör müdahalesi,Malzeme Bekleme,0
4001538,902343,IE25902343,M00002,TEPSI 325-125 MAT LAK 3 PARÇA,2025-07-19 17:33:49,2025-07-19 18:39:25,65.6,Kalıp söküldü,Elektrik Arızası,0
4001539,902345,IE26902345,M00020,YUVARLAK KUTU 210-255 LITOGRAFI 2 PARÇA,2026-03-03 16:39:11,2026-03-03 17:19:35,40.4,,Ayar / Numune Onayı,0
4001540,902346,IE26902346,M00020,YUVARLAK KUTU 210-255 LITOGRAFI 2 PARÇA,2026-03-04 12:16:00,2026-03-04 13:08:18,52.3,Bakım çağrıldı,Sac Sıkışması,0
4001541,902347,IE26902347,M00020,YUVARLAK KUTU 210-255 LITOGRAFI 2 PARÇA,2026-03-05 19:17:04,2026-03-05 20:50:52,93.8,Kalıp söküldü,Vardiya Devri,0
4001542,902350,IE25902350,M00001,KAPAK 090-065 HAM TENEKE 2 PARÇA,2025-10-25 15:15:55,2025-10-25 16:24:43,68.8,Kalıp söküldü,Personel Yetersizliği,0
4001543,902351,IE25902351,M00001,KAPAK 090-065 HAM TENEKE 2 PARÇA,2025-10-26 19:27:35,2025-10-26 20:22:47,55.2,Bakım çağrıldı,Vardiya Devri,0
4001544,902353,IE25902353,M00037,YUVARLAK KUTU 078-095 MAT LAK 3 PARÇA,2025-07-24 21:31:36,2025-07-24 23:00:24,88.8,,Sac Sıkışması,0
4001545,902355,IE25902355,M00037,YUVARLAK KUTU 078-095 MAT LAK 3 PARÇA,2025-07-26 15:48:38,2025-07-26 16:27:32,38.9,,Elektrik Arızası,0
4001546,902357,IE26902357,M00009,YUVARLAK KUTU 245-175 VERNIKLI 3 PARÇA,2026-04-22 11:11:33,2026-04-22 11:50:09,38.6,Bakım çağrıldı,Malzeme Bekleme,0
4001547,902359,IE26902359,M00009,YUVARLAK KUTU 245-175 VERNIKLI 3 PARÇA,2026-04-24 17:58:38,2026-04-24 18:28:56,30.3,Operatör müdahalesi,Mekanik Arıza,0
4001548,902360,IE26902360,M00003,YUVARLAK KUTU 120-105 HAM TENEKE 2 PARÇA,2026-07-14 12:26:21,2026-07-14 13:47:39,81.3,Operatör müdahalesi,Ayar / Numune Onayı,0
4001549,902361,IE26902361,M00003,YUVARLAK KUTU 120-105 HAM TENEKE 2 PARÇA,2026-07-15 18:23:58,2026-07-15 18:57:16,33.3,Operatör müdahalesi,Ayar / Numune Onayı,0
4001550,902364,IE26902364,M00027,KALP KUTU 160-090 LITOGRAFI 3 PARÇA,2026-07-06 14:03:07,2026-07-06 14:26:43,23.6,Kalıp söküldü,Elektrik Arızası,0
4001551,902365,IE26902365,M00027,KALP KUTU 160-090 LITOGRAFI 3 PARÇA,2026-07-07 08:18:25,2026-07-07 08:33:49,15.4,,Kalite Duruşu,0
4001552,902366,IE25902366,M00025,YUVARLAK KUTU 255-205 VERNIKLI 3 PARÇA,2025-09-26 13:06:11,2025-09-26 14:25:05,78.9,Kalıp söküldü,Kalıp Değişimi,0
4001553,902369,IE25902369,M00025,YUVARLAK KUTU 255-205 VERNIKLI 3 PARÇA,2025-09-29 13:42:32,2025-09-29 14:16:20,33.8,Operatör müdahalesi,Kalıp Değişimi,0
4001554,902370,IE25902370,M00014,YUVARLAK KUTU 120-105 HAM TENEKE 2 PARÇA,2025-08-15 13:38:35,2025-08-15 13:55:59,17.4,,Malzeme Bekleme,0
4001555,902371,IE25902371,M00014,YUVARLAK KUTU 120-105 HAM TENEKE 2 PARÇA,2025-08-16 22:29:51,2025-08-16 23:07:15,37.4,Kalıp söküldü,Personel Yetersizliği,0
4001556,902374,IE25902374,M00005,DIKDORTGEN KUTU 145-095 MAT LAK 2 PARÇA,2025-11-28 19:16:21,2025-11-28 19:27:33,11.2,Kalıp söküldü,Malzeme Bekleme,0
4001557,902376,IE26902376,M00016,YUVARLAK-SIVAMA KUTU Ø068 HAM TENEKE 2 PARÇA,2026-01-26 14:21:41,2026-01-26 15:54:53,93.2,Operatör müdahalesi,Mekanik Arıza,0
4001558,902377,IE26902377,M00016,YUVARLAK-SIVAMA KUTU Ø068 HAM TENEKE 2 PARÇA,2026-01-27 22:05:17,2026-01-27 23:00:41,55.4,Operatör müdahalesi,Vardiya Devri,0
4001559,902378,IE26902378,M00016,YUVARLAK-SIVAMA KUTU Ø068 HAM TENEKE 2 PARÇA,2026-01-28 20:41:38,2026-01-28 20:57:20,15.7,Operatör müdahalesi,Planlı Bakım,0
4001560,902379,IE25902379,M00001,KAPAK 090-065 HAM TENEKE 2 PARÇA,2025-11-21 15:50:21,2025-11-21 16:37:39,47.3,Yedek parça bekleniyor,Mekanik Arıza,0
4001561,902380,IE25902380,M00001,KAPAK 090-065 HAM TENEKE 2 PARÇA,2025-11-22 16:13:19,2025-11-22 16:52:07,38.8,,Kalite Duruşu,0
4001562,902382,IE25902382,M00003,YUVARLAK KUTU 120-105 HAM TENEKE 2 PARÇA,2025-12-03 19:06:54,2025-12-03 19:14:00,7.1,Kalıp söküldü,Kalıp Değişimi,0
4001563,902383,IE25902383,M00003,YUVARLAK KUTU 120-105 HAM TENEKE 2 PARÇA,2025-12-04 18:11:21,2025-12-04 19:03:21,52,Yedek parça bekleniyor,Hidrolik Kaçak,0
4001564,902384,IE25902384,M00003,YUVARLAK KUTU 120-105 HAM TENEKE 2 PARÇA,2025-12-05 17:05:48,2025-12-05 17:43:48,38,,Kalıp Değişimi,0
4001565,902385,IE25902385,M00003,YUVARLAK KUTU 120-105 HAM TENEKE 2 PARÇA,2025-12-06 19:20:31,2025-12-06 19:28:43,8.2,,Elektrik Arızası,0
4001566,902386,IE26902386,M00005,DIKDORTGEN KUTU 145-095 MAT LAK 2 PARÇA,2026-07-13 10:50:43,2026-07-13 11:00:07,9.4,Bakım çağrıldı,Kalıp Değişimi,0
4001567,902387,IE26902387,M00005,DIKDORTGEN KUTU 145-095 MAT LAK 2 PARÇA,2026-07-14 21:05:51,2026-07-14 21:18:57,13.1,,Kalıp Değişimi,0
4001568,902388,IE26902388,M00005,DIKDORTGEN KUTU 145-095 MAT LAK 2 PARÇA,2026-07-15 19:00:11,2026-07-15 19:19:29,19.3,,Malzeme Bekleme,0
4001569,902391,IE25902391,M00004,YUVARLAK KUTU 210-255 MAT LAK 3 PARÇA,2025-11-23 08:43:18,2025-11-23 09:01:30,18.2,Yedek parça bekleniyor,Ayar / Numune Onayı,0
4001570,902394,IE25902394,M00031,YUVARLAK KUTU 145-095 MAT LAK 2 PARÇA,2025-06-26 18:55:30,2025-06-26 19:51:06,55.6,Yedek parça bekleniyor,Elektrik Arızası,0
4001571,902396,IE25902396,M00031,YUVARLAK KUTU 145-095 MAT LAK 2 PARÇA,2025-06-28 22:09:51,2025-06-28 22:51:57,42.1,Bakım çağrıldı,Ayar / Numune Onayı,0
4001572,902398,IE25902398,M00008,YUVARLAK KUTU 210-255 HAM TENEKE 3 PARÇA,2025-07-19 17:00:17,2025-07-19 17:56:47,56.5,Kalıp söküldü,Kalıp Değişimi,0
4001573,902400,IE25902400,M00008,YUVARLAK KUTU 210-255 HAM TENEKE 3 PARÇA,2025-07-21 21:35:50,2025-07-21 22:22:32,46.7,Yedek parça bekleniyor,Ayar / Numune Onayı,0
4001574,902401,IE25902401,M00037,YUVARLAK KUTU 078-095 MAT LAK 3 PARÇA,2025-11-19 21:59:50,2025-11-19 22:53:56,54.1,Bakım çağrıldı,Elektrik Arızası,0
4001575,902403,IE25902403,M00037,YUVARLAK KUTU 078-095 MAT LAK 3 PARÇA,2025-11-21 18:40:24,2025-11-21 19:54:12,73.8,Operatör müdahalesi,Hidrolik Kaçak,0
4001576,902404,IE25902404,M00037,YUVARLAK KUTU 078-095 MAT LAK 3 PARÇA,2025-11-22 15:39:41,2025-11-22 16:04:47,25.1,Operatör müdahalesi,Vardiya Devri,0
4001577,902405,IE25902405,M00005,DIKDORTGEN KUTU 145-095 MAT LAK 2 PARÇA,2025-12-25 08:05:23,2025-12-25 08:46:35,41.2,Bakım çağrıldı,Personel Yetersizliği,0
4001578,902406,IE25902406,M00005,DIKDORTGEN KUTU 145-095 MAT LAK 2 PARÇA,2025-12-26 10:52:59,2025-12-26 11:58:11,65.2,Bakım çağrıldı,Elektrik Arızası,0
4001579,902407,IE25902407,M00005,DIKDORTGEN KUTU 145-095 MAT LAK 2 PARÇA,2025-12-27 15:16:44,2025-12-27 16:29:20,72.6,Operatör müdahalesi,Ayar / Numune Onayı,0
4001580,902409,IE26902409,M00068,KARE KUTU 225-165 LITOGRAFI 3 PARÇA,2026-07-05 10:37:46,2026-07-05 11:26:46,49,,Kalıp Değişimi,0
4001581,902411,IE26902411,M00068,KARE KUTU 225-165 LITOGRAFI 3 PARÇA,2026-07-07 20:42:49,2026-07-07 22:11:25,88.6,Kalıp söküldü,Malzeme Bekleme,0
4001582,902412,IE26902412,M00018,SEKIZGEN KUTU 135-145 HAM TENEKE 2 PARÇA,2026-04-11 16:07:51,2026-04-11 16:48:51,41,,Sac Sıkışması,0
4001583,902413,IE26902413,M00018,SEKIZGEN KUTU 135-145 HAM TENEKE 2 PARÇA,2026-04-12 16:23:43,2026-04-12 17:57:49,94.1,Operatör müdahalesi,Vardiya Devri,0
4001584,902414,IE26902414,M00018,SEKIZGEN KUTU 135-145 HAM TENEKE 2 PARÇA,2026-04-13 10:59:14,2026-04-13 11:42:56,43.7,Kalıp söküldü,Ayar / Numune Onayı,0
4001585,902415,IE26902415,M00018,SEKIZGEN KUTU 135-145 HAM TENEKE 2 PARÇA,2026-04-14 19:10:46,2026-04-14 19:45:52,35.1,Bakım çağrıldı,Kalıp Değişimi,0
4001586,902416,IE26902416,M00144,YUVARLAK KUTU 210-255 VERNIKLI 2 PARÇA,2026-07-03 10:15:11,2026-07-03 11:01:29,46.3,Yedek parça bekleniyor,Malzeme Bekleme,0
4001587,902417,IE26902417,M00144,YUVARLAK KUTU 210-255 VERNIKLI 2 PARÇA,2026-07-04 14:38:39,2026-07-04 14:59:27,20.8,Operatör müdahalesi,Kalıp Değişimi,0
4001588,902418,IE26902418,M00144,YUVARLAK KUTU 210-255 VERNIKLI 2 PARÇA,2026-07-05 10:42:41,2026-07-05 11:12:35,29.9,Kalıp söküldü,Malzeme Bekleme,0
4001589,902420,IE25902420,M00003,YUVARLAK KUTU 120-105 HAM TENEKE 2 PARÇA,2025-12-08 14:51:52,2025-12-08 15:45:04,53.2,Kalıp söküldü,Personel Yetersizliği,0
4001590,902422,IE25902422,M00003,YUVARLAK KUTU 120-105 HAM TENEKE 2 PARÇA,2025-12-10 15:25:45,2025-12-10 15:48:57,23.2,Operatör müdahalesi,Kalıp Değişimi,0
4001591,902423,IE25902423,M00034,SEKIZGEN KUTU Ø050 LITOGRAFI 2 PARÇA,2025-10-07 20:18:44,2025-10-07 20:48:32,29.8,Operatör müdahalesi,Kalıp Değişimi,0
4001592,902424,IE25902424,M00034,SEKIZGEN KUTU Ø050 LITOGRAFI 2 PARÇA,2025-10-08 18:07:19,2025-10-08 18:44:43,37.4,Kalıp söküldü,Mekanik Arıza,0
4001593,902425,IE25902425,M00034,SEKIZGEN KUTU Ø050 LITOGRAFI 2 PARÇA,2025-10-09 16:59:03,2025-10-09 17:57:45,58.7,,Ayar / Numune Onayı,0
4001594,902427,IE26902427,M00053,SEKILLI KUTU 175-205 MAT LAK 3 PARÇA,2026-05-21 20:09:05,2026-05-21 20:20:47,11.7,Kalıp söküldü,Vardiya Devri,0
4001595,902429,IE26902429,M00053,SEKILLI KUTU 175-205 MAT LAK 3 PARÇA,2026-05-23 20:15:21,2026-05-23 20:56:15,40.9,Operatör müdahalesi,Planlı Bakım,0
4001596,902430,IE25902430,M00007,DIKDORTGEN KUTU 185-115 MAT LAK 2 PARÇA,2025-06-30 20:13:56,2025-06-30 20:34:20,20.4,,Kalıp Değişimi,0
4001597,902431,IE25902431,M00007,DIKDORTGEN KUTU 185-115 MAT LAK 2 PARÇA,2025-07-01 08:02:07,2025-07-01 08:36:13,34.1,Operatör müdahalesi,Kalıp Değişimi,0
4001598,902432,IE25902432,M00007,DIKDORTGEN KUTU 185-115 MAT LAK 2 PARÇA,2025-07-02 21:07:46,2025-07-02 21:16:34,8.8,Yedek parça bekleniyor,Mekanik Arıza,0
4001599,902433,IE25902433,M00016,YUVARLAK-SIVAMA KUTU Ø068 HAM TENEKE 2 PARÇA,2025-10-02 09:01:47,2025-10-02 10:13:29,71.7,Yedek parça bekleniyor,Kalite Duruşu,0
4001600,902434,IE25902434,M00016,YUVARLAK-SIVAMA KUTU Ø068 HAM TENEKE 2 PARÇA,2025-10-03 22:19:13,2025-10-03 22:24:55,5.7,Kalıp söküldü,Ayar / Numune Onayı,0
4001601,902436,IE25902436,M00016,YUVARLAK-SIVAMA KUTU Ø068 HAM TENEKE 2 PARÇA,2025-10-05 22:15:37,2025-10-05 22:51:19,35.7,Yedek parça bekleniyor,Planlı Bakım,0
4001602,902437,IE25902437,M00001,KAPAK 090-065 HAM TENEKE 2 PARÇA,2025-08-26 08:53:23,2025-08-26 09:42:47,49.4,Kalıp söküldü,Malzeme Bekleme,0
4001603,902438,IE25902438,M00001,KAPAK 090-065 HAM TENEKE 2 PARÇA,2025-08-27 21:51:23,2025-08-27 23:08:35,77.2,Operatör müdahalesi,Malzeme Bekleme,0
4001604,902439,IE25902439,M00001,KAPAK 090-065 HAM TENEKE 2 PARÇA,2025-08-28 09:42:03,2025-08-28 09:47:45,5.7,Bakım çağrıldı,Kalıp Değişimi,0
4001605,902442,IE25902442,M00001,KAPAK 090-065 HAM TENEKE 2 PARÇA,2025-10-30 18:40:22,2025-10-30 20:08:52,88.5,Kalıp söküldü,Mekanik Arıza,0
4001606,902443,IE25902443,M00001,KAPAK 090-065 HAM TENEKE 2 PARÇA,2025-10-31 15:44:34,2025-10-31 16:04:10,19.6,Operatör müdahalesi,Sac Sıkışması,0
4001607,902445,IE25902445,M00002,TEPSI 325-125 MAT LAK 3 PARÇA,2025-11-18 14:43:06,2025-11-18 15:14:48,31.7,Yedek parça bekleniyor,Kalıp Değişimi,0
4001608,902446,IE25902446,M00002,TEPSI 325-125 MAT LAK 3 PARÇA,2025-11-19 18:31:00,2025-11-19 18:46:18,15.3,Bakım çağrıldı,Mekanik Arıza,0
4001609,902448,IE26902448,M00019,OVAL KUTU 295-165 VERNIKLI 2 PARÇA,2026-05-26 12:14:21,2026-05-26 12:34:33,20.2,Yedek parça bekleniyor,Kalite Duruşu,0
4001610,902449,IE26902449,M00019,OVAL KUTU 295-165 VERNIKLI 2 PARÇA,2026-05-27 10:19:48,2026-05-27 11:16:18,56.5,Yedek parça bekleniyor,Kalıp Değişimi,0
4001611,902450,IE26902450,M00019,OVAL KUTU 295-165 VERNIKLI 2 PARÇA,2026-05-29 00:13:57,2026-05-29 00:42:33,28.6,,Ayar / Numune Onayı,0
4001612,902452,IE25902452,M00002,TEPSI 325-125 MAT LAK 3 PARÇA,2025-08-30 19:58:22,2025-08-30 20:58:16,59.9,,Sac Sıkışması,0
4001613,902453,IE25902453,M00002,TEPSI 325-125 MAT LAK 3 PARÇA,2025-08-31 16:23:16,2025-08-31 16:37:34,14.3,Kalıp söküldü,Sac Sıkışması,0
4001614,902454,IE25902454,M00002,TEPSI 325-125 MAT LAK 3 PARÇA,2025-09-01 12:07:34,2025-09-01 12:35:58,28.4,Yedek parça bekleniyor,Malzeme Bekleme,0
4001615,902455,IE25902455,M00002,TEPSI 325-125 MAT LAK 3 PARÇA,2025-11-10 17:53:31,2025-11-10 18:06:25,12.9,,Kalıp Değişimi,0
4001616,902457,IE25902457,M00002,TEPSI 325-125 MAT LAK 3 PARÇA,2025-11-12 09:56:23,2025-11-12 10:25:23,29,,Vardiya Devri,0
4001617,902458,IE26902458,M00006,SEKILLI KUTU 175-205 HAM TENEKE 3 PARÇA,2026-06-05 16:11:21,2026-06-05 16:46:57,35.6,,Sac Sıkışması,0
4001618,902459,IE26902459,M00006,SEKILLI KUTU 175-205 HAM TENEKE 3 PARÇA,2026-06-06 07:50:59,2026-06-06 08:12:11,21.2,Yedek parça bekleniyor,Vardiya Devri,0
4001619,902460,IE26902460,M00006,SEKILLI KUTU 175-205 HAM TENEKE 3 PARÇA,2026-06-07 16:50:50,2026-06-07 17:00:32,9.7,Kalıp söküldü,Mekanik Arıza,0
4001620,902461,IE26902461,M00006,SEKILLI KUTU 175-205 HAM TENEKE 3 PARÇA,2026-06-08 10:03:55,2026-06-08 10:12:31,8.6,Kalıp söküldü,Ayar / Numune Onayı,0
4001621,902462,IE25902462,M00071,YUVARLAK KUTU 255-205 HAM TENEKE 3 PARÇA,2025-07-07 19:33:16,2025-07-07 19:49:04,15.8,Operatör müdahalesi,Kalıp Değişimi,0
4001622,902463,IE25902463,M00071,YUVARLAK KUTU 255-205 HAM TENEKE 3 PARÇA,2025-07-08 17:19:52,2025-07-08 17:28:34,8.7,Kalıp söküldü,Ayar / Numune Onayı,0
4001623,902464,IE25902464,M00071,YUVARLAK KUTU 255-205 HAM TENEKE 3 PARÇA,2025-07-09 20:51:14,2025-07-09 21:06:20,15.1,Yedek parça bekleniyor,Ayar / Numune Onayı,0
4001624,902467,IE25902467,M00095,YUVARLAK KUTU 078-095 MAT LAK 3 PARÇA,2025-12-15 20:12:48,2025-12-15 20:34:48,22,Bakım çağrıldı,Kalıp Değişimi,0
4001625,902468,IE25902468,M00095,YUVARLAK KUTU 078-095 MAT LAK 3 PARÇA,2025-12-16 13:09:21,2025-12-16 14:03:57,54.6,,Elektrik Arızası,0
4001626,902469,IE25902469,M00029,YUVARLAK-SIVAMA KUTU Ø068 HAM TENEKE 2 PARÇA,2025-09-22 20:50:41,2025-09-22 21:01:17,10.6,Bakım çağrıldı,Ayar / Numune Onayı,0
4001627,902470,IE25902470,M00029,YUVARLAK-SIVAMA KUTU Ø068 HAM TENEKE 2 PARÇA,2025-09-23 21:36:29,2025-09-23 22:51:41,75.2,Yedek parça bekleniyor,Kalıp Değişimi,0
4001628,902471,IE25902471,M00029,YUVARLAK-SIVAMA KUTU Ø068 HAM TENEKE 2 PARÇA,2025-09-24 12:12:59,2025-09-24 13:07:53,54.9,Kalıp söküldü,Vardiya Devri,0
4001629,902472,IE25902472,M00029,YUVARLAK-SIVAMA KUTU Ø068 HAM TENEKE 2 PARÇA,2025-09-25 09:15:28,2025-09-25 09:42:22,26.9,,Hidrolik Kaçak,0
4001630,902473,IE25902473,M00017,OVAL KUTU 295-165 VERNIKLI 2 PARÇA,2025-09-06 11:57:19,2025-09-06 12:12:07,14.8,Operatör müdahalesi,Elektrik Arızası,0
4001631,902474,IE25902474,M00017,OVAL KUTU 295-165 VERNIKLI 2 PARÇA,2025-09-07 19:32:49,2025-09-07 20:50:55,78.1,,Mekanik Arıza,0
4001632,902475,IE25902475,M00017,OVAL KUTU 295-165 VERNIKLI 2 PARÇA,2025-09-08 22:56:53,2025-09-08 23:07:35,10.7,Operatör müdahalesi,Sac Sıkışması,0
4001633,902476,IE25902476,M00017,OVAL KUTU 295-165 VERNIKLI 2 PARÇA,2025-09-09 14:39:04,2025-09-09 15:23:22,44.3,Operatör müdahalesi,Elektrik Arızası,0
4001634,902478,IE26902478,M00007,DIKDORTGEN KUTU 185-115 MAT LAK 2 PARÇA,2026-02-27 07:55:47,2026-02-27 09:39:41,103.9,Yedek parça bekleniyor,Vardiya Devri,0
4001635,902479,IE26902479,M00007,DIKDORTGEN KUTU 185-115 MAT LAK 2 PARÇA,2026-02-28 13:00:21,2026-02-28 13:29:21,29,Bakım çağrıldı,Ayar / Numune Onayı,0
4001636,902480,IE26902480,M00007,DIKDORTGEN KUTU 185-115 MAT LAK 2 PARÇA,2026-03-01 14:27:01,2026-03-01 15:25:01,58,,Kalıp Değişimi,0
4001637,902481,IE25902481,M00018,SEKIZGEN KUTU 135-145 HAM TENEKE 2 PARÇA,2025-09-12 12:01:16,2025-09-12 12:23:40,22.4,Operatör müdahalesi,Ayar / Numune Onayı,0
4001638,902482,IE25902482,M00018,SEKIZGEN KUTU 135-145 HAM TENEKE 2 PARÇA,2025-09-13 06:50:30,2025-09-13 07:19:12,28.7,Bakım çağrıldı,Mekanik Arıza,0
4001639,902484,IE25902484,M00018,SEKIZGEN KUTU 135-145 HAM TENEKE 2 PARÇA,2025-09-15 13:51:59,2025-09-15 15:13:53,81.9,Bakım çağrıldı,Sac Sıkışması,0
4001640,902485,IE26902485,M00013,KOSELI SIVAMA KUTU 210-080 LITOGRAFI 3 PARÇA,2026-04-12 09:09:53,2026-04-12 09:39:11,29.3,,Malzeme Bekleme,0
4001641,902486,IE26902486,M00013,KOSELI SIVAMA KUTU 210-080 LITOGRAFI 3 PARÇA,2026-04-13 18:45:08,2026-04-13 20:16:38,91.5,Operatör müdahalesi,Kalıp Değişimi,0
4001642,902487,IE26902487,M00013,KOSELI SIVAMA KUTU 210-080 LITOGRAFI 3 PARÇA,2026-04-14 18:28:20,2026-04-14 19:16:44,48.4,Operatör müdahalesi,Kalıp Değişimi,0
4001643,902489,IE26902489,M00030,YUVARLAK KUTU Ø148 MAT LAK 2 PARÇA,2026-01-17 17:13:49,2026-01-17 17:36:07,22.3,Operatör müdahalesi,Ayar / Numune Onayı,0
4001644,902490,IE26902490,M00030,YUVARLAK KUTU Ø148 MAT LAK 2 PARÇA,2026-01-18 15:44:35,2026-01-18 16:24:11,39.6,Operatör müdahalesi,Kalıp Değişimi,0
4001645,902491,IE26902491,M00030,YUVARLAK KUTU Ø148 MAT LAK 2 PARÇA,2026-01-19 07:26:18,2026-01-19 08:13:12,46.9,Yedek parça bekleniyor,Ayar / Numune Onayı,0
4001646,902493,IE25902493,M00011,YUVARLAK KUTU 120-105 HAM TENEKE 3 PARÇA,2025-10-12 14:59:21,2025-10-12 16:03:27,64.1,,Kalite Duruşu,0
4001647,902494,IE25902494,M00011,YUVARLAK KUTU 120-105 HAM TENEKE 3 PARÇA,2025-10-13 08:51:03,2025-10-13 09:34:57,43.9,Bakım çağrıldı,Kalıp Değişimi,0
4001648,902495,IE25902495,M00011,YUVARLAK KUTU 120-105 HAM TENEKE 3 PARÇA,2025-10-14 14:03:18,2025-10-14 14:24:24,21.1,Operatör müdahalesi,Kalite Duruşu,0
4001649,902500,IE25902500,M00006,SEKILLI KUTU 175-205 HAM TENEKE 3 PARÇA,2025-12-23 21:13:54,2025-12-23 22:16:30,62.6,Bakım çağrıldı,Hidrolik Kaçak,0
4001650,902501,IE25902501,M00006,SEKILLI KUTU 175-205 HAM TENEKE 3 PARÇA,2025-12-24 15:54:45,2025-12-24 16:41:03,46.3,,Elektrik Arızası,0
4001651,902504,IE25902504,M00049,YUVARLAK-SIVAMA KUTU 295-165 HAM TENEKE 2 PARÇA,2025-12-01 14:42:20,2025-12-01 15:22:38,40.3,Kalıp söküldü,Ayar / Numune Onayı,0
4001652,902505,IE25902505,M00049,YUVARLAK-SIVAMA KUTU 295-165 HAM TENEKE 2 PARÇA,2025-12-02 11:00:55,2025-12-02 11:28:43,27.8,Operatör müdahalesi,Kalite Duruşu,0
4001653,902506,IE25902506,M00049,YUVARLAK-SIVAMA KUTU 295-165 HAM TENEKE 2 PARÇA,2025-12-03 07:29:19,2025-12-03 07:47:55,18.6,Operatör müdahalesi,Kalıp Değişimi,0
4001654,902507,IE25902507,M00016,YUVARLAK-SIVAMA KUTU Ø068 HAM TENEKE 2 PARÇA,2025-11-28 20:18:15,2025-11-28 21:22:39,64.4,Bakım çağrıldı,Malzeme Bekleme,0
4001655,902508,IE25902508,M00016,YUVARLAK-SIVAMA KUTU Ø068 HAM TENEKE 2 PARÇA,2025-11-29 08:35:32,2025-11-29 09:06:44,31.2,Kalıp söküldü,Mekanik Arıza,0
4001656,902509,IE25902509,M00016,YUVARLAK-SIVAMA KUTU Ø068 HAM TENEKE 2 PARÇA,2025-11-30 09:07:47,2025-11-30 10:34:29,86.7,Kalıp söküldü,Elektrik Arızası,0
4001657,902510,IE25902510,M00006,SEKILLI KUTU 175-205 HAM TENEKE 3 PARÇA,2025-11-01 11:54:49,2025-11-01 13:10:19,75.5,Kalıp söküldü,Kalıp Değişimi,0
4001658,902512,IE25902512,M00006,SEKILLI KUTU 175-205 HAM TENEKE 3 PARÇA,2025-11-03 08:36:48,2025-11-03 09:43:24,66.6,Kalıp söküldü,Mekanik Arıza,0
4001659,902513,IE25902513,M00049,YUVARLAK-SIVAMA KUTU 295-165 HAM TENEKE 2 PARÇA,2025-12-20 20:53:25,2025-12-20 21:30:55,37.5,Operatör müdahalesi,Ayar / Numune Onayı,0
4001660,902514,IE25902514,M00049,YUVARLAK-SIVAMA KUTU 295-165 HAM TENEKE 2 PARÇA,2025-12-21 19:14:24,2025-12-21 19:52:24,38,Bakım çağrıldı,Kalıp Değişimi,0
4001661,902515,IE25902515,M00049,YUVARLAK-SIVAMA KUTU 295-165 HAM TENEKE 2 PARÇA,2025-12-22 16:20:09,2025-12-22 17:34:45,74.6,,Kalıp Değişimi,0
4001662,902516,IE25902516,M00039,YUVARLAK KUTU 078-095 HAM TENEKE 2 PARÇA,2025-07-31 19:44:18,2025-07-31 19:50:06,5.8,Yedek parça bekleniyor,Kalite Duruşu,0
4001663,902518,IE25902518,M00039,YUVARLAK KUTU 078-095 HAM TENEKE 2 PARÇA,2025-08-02 20:30:38,2025-08-02 21:03:26,32.8,Operatör müdahalesi,Kalıp Değişimi,0
4001664,902519,IE25902519,M00039,YUVARLAK KUTU 078-095 HAM TENEKE 2 PARÇA,2025-08-03 21:22:26,2025-08-03 21:37:08,14.7,,Kalıp Değişimi,0
4001665,902520,IE26902520,M00001,KAPAK 090-065 HAM TENEKE 2 PARÇA,2026-04-13 18:45:38,2026-04-13 19:36:14,50.6,,Vardiya Devri,0
4001666,902521,IE26902521,M00001,KAPAK 090-065 HAM TENEKE 2 PARÇA,2026-04-14 20:02:26,2026-04-14 20:15:56,13.5,Yedek parça bekleniyor,Vardiya Devri,0
4001667,902522,IE26902522,M00001,KAPAK 090-065 HAM TENEKE 2 PARÇA,2026-04-15 22:08:34,2026-04-15 23:05:10,56.6,Bakım çağrıldı,Malzeme Bekleme,0
4001668,902524,IE26902524,M00207,YUVARLAK KUTU Ø068 MAT LAK 3 PARÇA,2026-04-02 16:15:15,2026-04-02 16:59:27,44.2,Yedek parça bekleniyor,Kalıp Değişimi,0
4001669,902525,IE26902525,M00207,YUVARLAK KUTU Ø068 MAT LAK 3 PARÇA,2026-04-03 12:17:52,2026-04-03 12:46:40,28.8,Yedek parça bekleniyor,Ayar / Numune Onayı,0
4001670,902526,IE26902526,M00207,YUVARLAK KUTU Ø068 MAT LAK 3 PARÇA,2026-04-04 20:11:54,2026-04-04 20:25:30,13.6,,Ayar / Numune Onayı,0
4001671,902528,IE25902528,M00012,YUVARLAK KUTU 205-050 LITOGRAFI 2 PARÇA,2025-12-02 15:37:56,2025-12-02 15:57:32,19.6,Kalıp söküldü,Personel Yetersizliği,0
4001672,902530,IE25902530,M00012,YUVARLAK KUTU 205-050 LITOGRAFI 2 PARÇA,2025-12-04 10:41:59,2025-12-04 10:52:23,10.4,Operatör müdahalesi,Hidrolik Kaçak,0
4001673,902531,IE26902531,M00005,DIKDORTGEN KUTU 145-095 MAT LAK 2 PARÇA,2026-04-11 18:58:14,2026-04-11 19:39:08,40.9,,Kalıp Değişimi,0
4001674,902532,IE26902532,M00005,DIKDORTGEN KUTU 145-095 MAT LAK 2 PARÇA,2026-04-12 19:52:27,2026-04-12 20:44:21,51.9,Yedek parça bekleniyor,Kalıp Değişimi,0
4001675,902533,IE26902533,M00005,DIKDORTGEN KUTU 145-095 MAT LAK 2 PARÇA,2026-04-13 18:03:06,2026-04-13 19:20:12,77.1,Bakım çağrıldı,Vardiya Devri,0
4001676,902534,IE26902534,M00005,DIKDORTGEN KUTU 145-095 MAT LAK 2 PARÇA,2026-04-14 13:34:03,2026-04-14 14:02:57,28.9,Operatör müdahalesi,Planlı Bakım,0
4001677,902542,IE26902542,M00056,TEPSI 325-125 LITOGRAFI 2 PARÇA,2026-04-27 09:58:51,2026-04-27 10:10:15,11.4,,Kalıp Değişimi,0
4001678,902543,IE26902543,M00056,TEPSI 325-125 LITOGRAFI 2 PARÇA,2026-04-28 21:18:04,2026-04-28 22:16:10,58.1,Kalıp söküldü,Vardiya Devri,0
4001679,902545,IE26902545,M00056,TEPSI 325-125 LITOGRAFI 2 PARÇA,2026-04-30 13:01:23,2026-04-30 14:11:29,70.1,,Mekanik Arıza,0
4001680,902547,IE26902547,M00002,TEPSI 325-125 MAT LAK 3 PARÇA,2026-05-18 10:47:02,2026-05-18 11:45:38,58.6,,Kalıp Değişimi,0
4001681,902548,IE26902548,M00002,TEPSI 325-125 MAT LAK 3 PARÇA,2026-05-19 13:24:50,2026-05-19 14:49:38,84.8,Bakım çağrıldı,Kalıp Değişimi,0
4001682,902550,IE26902550,M00002,TEPSI 325-125 MAT LAK 3 PARÇA,2026-06-22 11:38:54,2026-06-22 12:04:30,25.6,Kalıp söküldü,Vardiya Devri,0
4001683,902551,IE26902551,M00002,TEPSI 325-125 MAT LAK 3 PARÇA,2026-06-23 17:40:18,2026-06-23 18:51:42,71.4,Yedek parça bekleniyor,Kalite Duruşu,0
4001684,902552,IE26902552,M00002,TEPSI 325-125 MAT LAK 3 PARÇA,2026-06-24 17:36:52,2026-06-24 18:10:34,33.7,Bakım çağrıldı,Personel Yetersizliği,0
4001685,902554,IE26902554,M00012,YUVARLAK KUTU 205-050 LITOGRAFI 2 PARÇA,2026-07-02 18:32:20,2026-07-02 19:43:26,71.1,Bakım çağrıldı,Vardiya Devri,0
4001686,902556,IE26902556,M00074,YUVARLAK-SIVAMA KUTU Ø068 VERNIKLI 2 PARÇA,2026-05-04 10:30:28,2026-05-04 11:18:52,48.4,,Kalıp Değişimi,0
4001687,902557,IE26902557,M00074,YUVARLAK-SIVAMA KUTU Ø068 VERNIKLI 2 PARÇA,2026-05-05 20:51:48,2026-05-05 21:06:18,14.5,Bakım çağrıldı,Kalıp Değişimi,0
4001688,902558,IE26902558,M00074,YUVARLAK-SIVAMA KUTU Ø068 VERNIKLI 2 PARÇA,2026-05-06 06:26:26,2026-05-06 07:48:14,81.8,,Mekanik Arıza,0
4001689,902562,IE26902562,M00007,DIKDORTGEN KUTU 185-115 MAT LAK 2 PARÇA,2026-03-04 16:23:51,2026-03-04 17:10:21,46.5,Yedek parça bekleniyor,Kalite Duruşu,0
4001690,902563,IE25902563,M00009,YUVARLAK KUTU 245-175 VERNIKLI 3 PARÇA,2025-08-16 20:41:26,2025-08-16 21:11:08,29.7,Yedek parça bekleniyor,Kalıp Değişimi,0
4001691,902564,IE25902564,M00009,YUVARLAK KUTU 245-175 VERNIKLI 3 PARÇA,2025-08-17 15:36:23,2025-08-17 16:05:05,28.7,,Vardiya Devri,0
4001692,902565,IE25902565,M00009,YUVARLAK KUTU 245-175 VERNIKLI 3 PARÇA,2025-08-18 15:16:35,2025-08-18 15:47:23,30.8,Operatör müdahalesi,Ayar / Numune Onayı,0
4001693,902566,IE25902566,M00009,YUVARLAK KUTU 245-175 VERNIKLI 3 PARÇA,2025-08-19 15:59:20,2025-08-19 16:10:08,10.8,Operatör müdahalesi,Kalite Duruşu,0
4001694,902568,IE26902568,M00020,YUVARLAK KUTU 210-255 LITOGRAFI 2 PARÇA,2026-05-15 13:47:14,2026-05-15 14:54:14,67,Operatör müdahalesi,Ayar / Numune Onayı,0
4001695,902569,IE26902569,M00020,YUVARLAK KUTU 210-255 LITOGRAFI 2 PARÇA,2026-05-16 11:51:02,2026-05-16 12:43:56,52.9,Kalıp söküldü,Elektrik Arızası,0
4001696,902570,IE26902570,M00105,PLAKA-BARDAK ALTI 205-050 VERNIKLI 3 PARÇA,2026-01-06 08:22:11,2026-01-06 09:04:23,42.2,Bakım çağrıldı,Vardiya Devri,0
4001697,902571,IE26902571,M00105,PLAKA-BARDAK ALTI 205-050 VERNIKLI 3 PARÇA,2026-01-07 18:31:55,2026-01-07 19:23:25,51.5,Operatör müdahalesi,Ayar / Numune Onayı,0
4001698,902573,IE25902573,M00037,YUVARLAK KUTU 078-095 MAT LAK 3 PARÇA,2025-10-16 21:07:43,2025-10-16 21:22:19,14.6,Kalıp söküldü,Hidrolik Kaçak,0
4001699,902574,IE25902574,M00037,YUVARLAK KUTU 078-095 MAT LAK 3 PARÇA,2025-10-17 09:01:23,2025-10-17 09:11:17,9.9,Kalıp söküldü,Ayar / Numune Onayı,0
4001700,902576,IE25902576,M00003,YUVARLAK KUTU 120-105 HAM TENEKE 2 PARÇA,2025-07-31 16:50:33,2025-07-31 17:05:51,15.3,Kalıp söküldü,Personel Yetersizliği,0
4001701,902577,IE25902577,M00003,YUVARLAK KUTU 120-105 HAM TENEKE 2 PARÇA,2025-08-01 12:28:25,2025-08-01 13:31:55,63.5,Bakım çağrıldı,Kalıp Değişimi,0
4001702,902578,IE25902578,M00003,YUVARLAK KUTU 120-105 HAM TENEKE 2 PARÇA,2025-08-02 09:14:00,2025-08-02 09:35:30,21.5,Yedek parça bekleniyor,Kalıp Değişimi,0
4001703,902579,IE26902579,M00044,KAPAK 090-065 VERNIKLI 2 PARÇA,2026-04-12 13:25:54,2026-04-12 14:21:30,55.6,Yedek parça bekleniyor,Planlı Bakım,0
4001704,902580,IE26902580,M00044,KAPAK 090-065 VERNIKLI 2 PARÇA,2026-04-13 09:33:45,2026-04-13 10:29:51,56.1,,Ayar / Numune Onayı,0
4001705,902581,IE26902581,M00044,KAPAK 090-065 VERNIKLI 2 PARÇA,2026-04-14 08:03:29,2026-04-14 08:49:11,45.7,,Ayar / Numune Onayı,0
4001706,902582,IE26902582,M00002,TEPSI 325-125 MAT LAK 3 PARÇA,2026-07-07 08:15:39,2026-07-07 08:25:03,9.4,Yedek parça bekleniyor,Planlı Bakım,0
4001707,902583,IE26902583,M00002,TEPSI 325-125 MAT LAK 3 PARÇA,2026-07-08 19:00:37,2026-07-08 19:47:31,46.9,Yedek parça bekleniyor,Mekanik Arıza,0
4001708,902584,IE26902584,M00002,TEPSI 325-125 MAT LAK 3 PARÇA,2026-07-09 20:54:23,2026-07-09 21:35:41,41.3,Yedek parça bekleniyor,Mekanik Arıza,0
4001709,902586,IE25902586,M00025,YUVARLAK KUTU 255-205 VERNIKLI 3 PARÇA,2025-06-29 07:58:04,2025-06-29 08:42:28,44.4,Bakım çağrıldı,Personel Yetersizliği,0
4001710,902587,IE25902587,M00025,YUVARLAK KUTU 255-205 VERNIKLI 3 PARÇA,2025-06-30 13:29:14,2025-06-30 13:58:50,29.6,Kalıp söküldü,Kalıp Değişimi,0
4001711,902588,IE26902588,M00017,OVAL KUTU 295-165 VERNIKLI 2 PARÇA,2026-03-27 13:50:37,2026-03-27 14:09:19,18.7,,Hidrolik Kaçak,0
4001712,902589,IE26902589,M00017,OVAL KUTU 295-165 VERNIKLI 2 PARÇA,2026-03-28 16:46:38,2026-03-28 17:39:50,53.2,Operatör müdahalesi,Kalıp Değişimi,0
4001713,902590,IE26902590,M00017,OVAL KUTU 295-165 VERNIKLI 2 PARÇA,2026-03-29 10:31:12,2026-03-29 11:16:42,45.5,Kalıp söküldü,Mekanik Arıza,0
4001714,902592,IE25902592,M00039,YUVARLAK KUTU 078-095 HAM TENEKE 2 PARÇA,2025-08-07 15:36:42,2025-08-07 16:17:42,41,Yedek parça bekleniyor,Malzeme Bekleme,0
4001715,902595,IE25902595,M00039,YUVARLAK KUTU 078-095 HAM TENEKE 2 PARÇA,2025-08-10 20:08:20,2025-08-10 20:31:32,23.2,,Ayar / Numune Onayı,0
4001716,902596,IE25902596,M00005,DIKDORTGEN KUTU 145-095 MAT LAK 2 PARÇA,2025-07-18 11:39:47,2025-07-18 12:14:17,34.5,,Elektrik Arızası,0
4001717,902597,IE25902597,M00005,DIKDORTGEN KUTU 145-095 MAT LAK 2 PARÇA,2025-07-19 10:56:37,2025-07-19 11:32:25,35.8,,Kalıp Değişimi,0
4001718,902599,IE25902599,M00005,DIKDORTGEN KUTU 145-095 MAT LAK 2 PARÇA,2025-07-21 19:13:25,2025-07-21 19:54:07,40.7,Yedek parça bekleniyor,Sac Sıkışması,0
4001719,902600,IE26902600,M00003,YUVARLAK KUTU 120-105 HAM TENEKE 2 PARÇA,2026-03-04 16:46:58,2026-03-04 17:44:46,57.8,Bakım çağrıldı,Kalıp Değişimi,0
4001720,902603,IE26902603,M00049,YUVARLAK-SIVAMA KUTU 295-165 HAM TENEKE 2 PARÇA,2026-03-09 18:35:15,2026-03-09 19:16:03,40.8,Operatör müdahalesi,Sac Sıkışması,0
4001721,902606,IE26902606,M00006,SEKILLI KUTU 175-205 HAM TENEKE 3 PARÇA,2026-05-09 16:03:03,2026-05-09 16:57:15,54.2,,Kalıp Değişimi,0
4001722,902608,IE26902608,M00006,SEKILLI KUTU 175-205 HAM TENEKE 3 PARÇA,2026-05-11 09:52:09,2026-05-11 10:11:57,19.8,Yedek parça bekleniyor,Kalıp Değişimi,0
4001723,902609,IE25902609,M00001,KAPAK 090-065 HAM TENEKE 2 PARÇA,2025-08-03 11:07:52,2025-08-03 11:17:10,9.3,Kalıp söküldü,Elektrik Arızası,0
4001724,902610,IE25902610,M00001,KAPAK 090-065 HAM TENEKE 2 PARÇA,2025-08-04 10:19:21,2025-08-04 11:39:09,79.8,,Kalıp Değişimi,0
4001725,902611,IE25902611,M00001,KAPAK 090-065 HAM TENEKE 2 PARÇA,2025-08-05 20:33:53,2025-08-05 21:04:41,30.8,Yedek parça bekleniyor,Ayar / Numune Onayı,0
4001726,902613,IE25902613,M00002,TEPSI 325-125 MAT LAK 3 PARÇA,2025-08-01 10:52:00,2025-08-01 11:02:48,10.8,Yedek parça bekleniyor,Kalıp Değişimi,0
4001727,902614,IE25902614,M00002,TEPSI 325-125 MAT LAK 3 PARÇA,2025-08-02 16:36:01,2025-08-02 17:24:19,48.3,Bakım çağrıldı,Vardiya Devri,0
4001728,902616,IE25902616,M00002,TEPSI 325-125 MAT LAK 3 PARÇA,2025-07-06 18:16:37,2025-07-06 19:16:07,59.5,Bakım çağrıldı,Mekanik Arıza,0
4001729,902617,IE25902617,M00002,TEPSI 325-125 MAT LAK 3 PARÇA,2025-07-07 22:24:32,2025-07-07 22:48:50,24.3,Bakım çağrıldı,Vardiya Devri,0
4001730,902619,IE25902619,M00052,YUVARLAK KUTU 135-145 LITOGRAFI 2 PARÇA,2025-07-11 14:37:55,2025-07-11 16:05:55,88,Bakım çağrıldı,Vardiya Devri,0
4001731,902621,IE25902621,M00052,YUVARLAK KUTU 135-145 LITOGRAFI 2 PARÇA,2025-07-13 22:56:01,2025-07-14 00:48:07,112.1,Bakım çağrıldı,Ayar / Numune Onayı,0
4001732,902622,IE26902622,M00006,SEKILLI KUTU 175-205 HAM TENEKE 3 PARÇA,2026-07-02 19:22:55,2026-07-02 19:50:13,27.3,Operatör müdahalesi,Ayar / Numune Onayı,0
4001733,902623,IE26902623,M00006,SEKILLI KUTU 175-205 HAM TENEKE 3 PARÇA,2026-07-03 12:27:14,2026-07-03 13:18:32,51.3,Operatör müdahalesi,Vardiya Devri,0
4001734,902625,IE26902625,M00006,SEKILLI KUTU 175-205 HAM TENEKE 3 PARÇA,2026-07-05 18:24:41,2026-07-05 18:58:23,33.7,Operatör müdahalesi,Ayar / Numune Onayı,0
4001735,902627,IE26902627,M00001,KAPAK 090-065 HAM TENEKE 2 PARÇA,2026-05-14 11:31:14,2026-05-14 13:02:56,91.7,Operatör müdahalesi,Ayar / Numune Onayı,0
4001736,902630,IE26902630,M00004,YUVARLAK KUTU 210-255 MAT LAK 3 PARÇA,2026-01-23 19:29:14,2026-01-23 20:36:08,66.9,Kalıp söküldü,Enerji Kesintisi,0
4001737,902632,IE25902632,M00026,ALTIGEN KUTU 125-085 LITOGRAFI 2 PARÇA,2025-10-23 14:13:29,2025-10-23 15:38:47,85.3,,Sac Sıkışması,0
4001738,902633,IE25902633,M00026,ALTIGEN KUTU 125-085 LITOGRAFI 2 PARÇA,2025-10-24 19:17:52,2025-10-24 19:28:40,10.8,,Mekanik Arıza,0
4001739,902634,IE25902634,M00026,ALTIGEN KUTU 125-085 LITOGRAFI 2 PARÇA,2025-10-25 12:19:48,2025-10-25 14:08:54,109.1,,Elektrik Arızası,0
4001740,902635,IE25902635,M00026,ALTIGEN KUTU 125-085 LITOGRAFI 2 PARÇA,2025-10-26 06:35:21,2025-10-26 07:05:21,30,Kalıp söküldü,Personel Yetersizliği,0
4001741,902636,IE25902636,M00031,YUVARLAK KUTU 145-095 MAT LAK 2 PARÇA,2025-11-09 19:49:36,2025-11-09 20:41:06,51.5,,Mekanik Arıza,0
4001742,902641,IE25902641,M00004,YUVARLAK KUTU 210-255 MAT LAK 3 PARÇA,2025-07-31 17:00:46,2025-07-31 17:26:34,25.8,Kalıp söküldü,Planlı Bakım,0
4001743,902642,IE26902642,M00002,TEPSI 325-125 MAT LAK 3 PARÇA,2026-04-28 17:01:38,2026-04-28 18:02:38,61,Yedek parça bekleniyor,Kalıp Değişimi,0
4001744,902643,IE26902643,M00002,TEPSI 325-125 MAT LAK 3 PARÇA,2026-04-29 10:41:29,2026-04-29 11:40:47,59.3,Kalıp söküldü,Malzeme Bekleme,0
4001745,902644,IE26902644,M00002,TEPSI 325-125 MAT LAK 3 PARÇA,2026-04-30 08:07:03,2026-04-30 08:40:39,33.6,Yedek parça bekleniyor,Malzeme Bekleme,0
4001746,902645,IE25902645,M00027,KALP KUTU 160-090 LITOGRAFI 3 PARÇA,2025-08-09 18:34:45,2025-08-09 19:09:09,34.4,Yedek parça bekleniyor,Kalite Duruşu,0
4001747,902646,IE25902646,M00027,KALP KUTU 160-090 LITOGRAFI 3 PARÇA,2025-08-10 18:20:33,2025-08-10 18:37:03,16.5,Yedek parça bekleniyor,Kalıp Değişimi,0
4001748,902647,IE25902647,M00027,KALP KUTU 160-090 LITOGRAFI 3 PARÇA,2025-08-11 18:48:13,2025-08-11 19:04:31,16.3,Kalıp söküldü,Sac Sıkışması,0
4001749,902648,IE25902648,M00189,SEKILLI KUTU 245-175 MAT LAK 2 PARÇA,2025-09-25 15:47:30,2025-09-25 16:43:24,55.9,Kalıp söküldü,Kalite Duruşu,0
4001750,902649,IE25902649,M00189,SEKILLI KUTU 245-175 MAT LAK 2 PARÇA,2025-09-26 08:16:35,2025-09-26 08:27:59,11.4,Operatör müdahalesi,Kalıp Değişimi,0
4001751,902652,IE25902652,M00033,YUVARLAK KUTU Ø092 MAT LAK 3 PARÇA,2025-09-15 22:38:50,2025-09-15 22:55:02,16.2,Bakım çağrıldı,Malzeme Bekleme,0
4001752,902653,IE25902653,M00033,YUVARLAK KUTU Ø092 MAT LAK 3 PARÇA,2025-09-16 22:31:12,2025-09-17 00:11:42,100.5,Operatör müdahalesi,Malzeme Bekleme,0
4001753,902654,IE26902654,M00146,TEPSI 325-125 HAM TENEKE 3 PARÇA,2026-03-07 12:57:44,2026-03-07 14:21:44,84,Yedek parça bekleniyor,Malzeme Bekleme,0
4001754,902655,IE26902655,M00146,TEPSI 325-125 HAM TENEKE 3 PARÇA,2026-03-08 21:21:49,2026-03-08 22:12:37,50.8,,Personel Yetersizliği,0
4001755,902659,IE25902659,M00002,TEPSI 325-125 MAT LAK 3 PARÇA,2025-07-04 16:58:21,2025-07-04 17:25:39,27.3,Bakım çağrıldı,Elektrik Arızası,0
4001756,902660,IE25902660,M00002,TEPSI 325-125 MAT LAK 3 PARÇA,2025-07-05 14:46:47,2025-07-05 15:02:53,16.1,Yedek parça bekleniyor,Planlı Bakım,0
4001757,902661,IE25902661,M00002,TEPSI 325-125 MAT LAK 3 PARÇA,2025-07-06 11:37:22,2025-07-06 11:46:04,8.7,Kalıp söküldü,Vardiya Devri,0
4001758,902662,IE26902662,M00002,TEPSI 325-125 MAT LAK 3 PARÇA,2026-06-21 22:28:45,2026-06-21 22:56:15,27.5,Operatör müdahalesi,Elektrik Arızası,0
4001759,902665,IE26902665,M00002,TEPSI 325-125 MAT LAK 3 PARÇA,2026-06-24 14:46:02,2026-06-24 14:56:14,10.2,Yedek parça bekleniyor,Hidrolik Kaçak,0
4001760,902666,IE25902666,M00006,SEKILLI KUTU 175-205 HAM TENEKE 3 PARÇA,2025-11-22 20:33:13,2025-11-22 20:59:07,25.9,Yedek parça bekleniyor,Kalıp Değişimi,0
4001761,902668,IE25902668,M00006,SEKILLI KUTU 175-205 HAM TENEKE 3 PARÇA,2025-11-24 21:41:05,2025-11-24 21:54:59,13.9,Bakım çağrıldı,Ayar / Numune Onayı,0
4001762,902669,IE25902669,M00006,SEKILLI KUTU 175-205 HAM TENEKE 3 PARÇA,2025-11-25 18:55:38,2025-11-25 19:35:14,39.6,Kalıp söküldü,Ayar / Numune Onayı,0
4001763,902670,IE25902670,M00031,YUVARLAK KUTU 145-095 MAT LAK 2 PARÇA,2025-07-25 09:29:46,2025-07-25 10:20:58,51.2,,Kalıp Değişimi,0
4001764,902671,IE25902671,M00031,YUVARLAK KUTU 145-095 MAT LAK 2 PARÇA,2025-07-26 13:47:42,2025-07-26 14:20:00,32.3,Kalıp söküldü,Kalite Duruşu,0
4001765,902677,IE26902677,M00003,YUVARLAK KUTU 120-105 HAM TENEKE 2 PARÇA,2026-03-02 19:18:23,2026-03-02 19:24:59,6.6,,Personel Yetersizliği,0
4001766,902678,IE26902678,M00003,YUVARLAK KUTU 120-105 HAM TENEKE 2 PARÇA,2026-03-03 13:02:55,2026-03-03 13:18:25,15.5,,Personel Yetersizliği,0
4001767,902679,IE26902679,M00003,YUVARLAK KUTU 120-105 HAM TENEKE 2 PARÇA,2026-03-04 17:00:20,2026-03-04 17:41:26,41.1,Yedek parça bekleniyor,Mekanik Arıza,0
4001768,902680,IE26902680,M00003,YUVARLAK KUTU 120-105 HAM TENEKE 2 PARÇA,2026-03-05 12:39:01,2026-03-05 13:08:19,29.3,,Kalıp Değişimi,0
4001769,902681,IE26902681,M00002,TEPSI 325-125 MAT LAK 3 PARÇA,2026-02-11 18:05:44,2026-02-11 18:13:32,7.8,Yedek parça bekleniyor,Vardiya Devri,0
4001770,902682,IE26902682,M00002,TEPSI 325-125 MAT LAK 3 PARÇA,2026-02-12 11:24:14,2026-02-12 12:03:56,39.7,Bakım çağrıldı,Ayar / Numune Onayı,0
4001771,902683,IE26902683,M00002,TEPSI 325-125 MAT LAK 3 PARÇA,2026-02-13 10:25:55,2026-02-13 11:11:55,46,Operatör müdahalesi,Elektrik Arızası,0
4001772,902684,IE26902684,M00001,KAPAK 090-065 HAM TENEKE 2 PARÇA,2026-02-19 15:32:49,2026-02-19 16:27:01,54.2,Bakım çağrıldı,Kalıp Değişimi,0
4001773,902685,IE26902685,M00001,KAPAK 090-065 HAM TENEKE 2 PARÇA,2026-02-20 21:02:39,2026-02-20 21:10:09,7.5,Kalıp söküldü,Kalıp Değişimi,0
4001774,902686,IE26902686,M00001,KAPAK 090-065 HAM TENEKE 2 PARÇA,2026-02-21 15:53:20,2026-02-21 16:31:50,38.5,Yedek parça bekleniyor,Kalıp Değişimi,0
4001775,902687,IE25902687,M00007,DIKDORTGEN KUTU 185-115 MAT LAK 2 PARÇA,2025-12-20 15:26:21,2025-12-20 16:16:21,50,Operatör müdahalesi,Kalıp Değişimi,0
4001776,902689,IE25902689,M00007,DIKDORTGEN KUTU 185-115 MAT LAK 2 PARÇA,2025-12-22 13:07:33,2025-12-22 13:31:09,23.6,Operatör müdahalesi,Kalite Duruşu,0
4001777,902691,IE26902691,M00019,OVAL KUTU 295-165 VERNIKLI 2 PARÇA,2026-07-29 19:46:28,2026-07-29 20:10:16,23.8,Operatör müdahalesi,Kalıp Değişimi,0
4001778,902692,IE26902692,M00019,OVAL KUTU 295-165 VERNIKLI 2 PARÇA,2026-07-30 07:54:56,2026-07-30 10:10:20,135.4,,Kalıp Değişimi,0
4001779,902699,IE25902699,M00019,OVAL KUTU 295-165 VERNIKLI 2 PARÇA,2025-10-29 11:23:17,2025-10-29 12:16:59,53.7,Bakım çağrıldı,Kalıp Değişimi,0
4001780,902700,IE25902700,M00019,OVAL KUTU 295-165 VERNIKLI 2 PARÇA,2025-10-30 11:33:39,2025-10-30 12:00:15,26.6,Bakım çağrıldı,Malzeme Bekleme,0
4001781,902703,IE25902703,M00234,YUVARLAK KUTU Ø050 LITOGRAFI 3 PARÇA,2025-11-18 09:43:37,2025-11-18 09:56:19,12.7,Kalıp söküldü,Kalıp Değişimi,0
4001782,902704,IE25902704,M00234,YUVARLAK KUTU Ø050 LITOGRAFI 3 PARÇA,2025-11-19 18:49:07,2025-11-19 18:59:25,10.3,Yedek parça bekleniyor,Mekanik Arıza,0
4001783,902705,IE25902705,M00234,YUVARLAK KUTU Ø050 LITOGRAFI 3 PARÇA,2025-11-20 12:32:29,2025-11-20 13:11:35,39.1,Yedek parça bekleniyor,Hidrolik Kaçak,0
4001784,902706,IE25902706,M00009,YUVARLAK KUTU 245-175 VERNIKLI 3 PARÇA,2025-07-01 11:24:47,2025-07-01 12:29:23,64.6,Bakım çağrıldı,Sac Sıkışması,0
4001785,902707,IE25902707,M00009,YUVARLAK KUTU 245-175 VERNIKLI 3 PARÇA,2025-07-02 10:21:47,2025-07-02 10:46:47,25,,Ayar / Numune Onayı,0
4001786,902708,IE25902708,M00009,YUVARLAK KUTU 245-175 VERNIKLI 3 PARÇA,2025-07-03 18:08:11,2025-07-03 18:18:53,10.7,Operatör müdahalesi,Kalıp Değişimi,0
4001787,902710,IE26902710,M00004,YUVARLAK KUTU 210-255 MAT LAK 3 PARÇA,2026-03-24 09:41:42,2026-03-24 10:01:48,20.1,,Ayar / Numune Onayı,0
4001788,902712,IE26902712,M00004,YUVARLAK KUTU 210-255 MAT LAK 3 PARÇA,2026-03-26 11:11:51,2026-03-26 12:10:27,58.6,Bakım çağrıldı,Kalıp Değişimi,0
4001789,902713,IE26902713,M00029,YUVARLAK-SIVAMA KUTU Ø068 HAM TENEKE 2 PARÇA,2026-01-07 17:53:43,2026-01-07 18:58:07,64.4,Operatör müdahalesi,Hidrolik Kaçak,0
4001790,902715,IE26902715,M00029,YUVARLAK-SIVAMA KUTU Ø068 HAM TENEKE 2 PARÇA,2026-01-09 20:48:36,2026-01-09 21:01:24,12.8,,Kalıp Değişimi,0
4001791,902716,IE25902716,M00006,SEKILLI KUTU 175-205 HAM TENEKE 3 PARÇA,2025-06-28 12:00:44,2025-06-28 12:23:20,22.6,,Mekanik Arıza,0
4001792,902717,IE25902717,M00006,SEKILLI KUTU 175-205 HAM TENEKE 3 PARÇA,2025-06-29 16:08:06,2025-06-29 17:15:18,67.2,Bakım çağrıldı,Malzeme Bekleme,0
4001793,902718,IE25902718,M00006,SEKILLI KUTU 175-205 HAM TENEKE 3 PARÇA,2025-06-30 18:40:21,2025-06-30 20:17:57,97.6,Kalıp söküldü,Ayar / Numune Onayı,0
4001794,902719,IE25902719,M00006,SEKILLI KUTU 175-205 HAM TENEKE 3 PARÇA,2025-07-01 21:58:04,2025-07-01 22:37:58,39.9,Bakım çağrıldı,Kalıp Değişimi,0
4001795,902722,IE25902722,M00024,TEPSI 325-125 MAT LAK 3 PARÇA,2025-07-23 18:49:26,2025-07-23 20:56:38,127.2,Bakım çağrıldı,Enerji Kesintisi,0
4001796,902723,IE25902723,M00024,TEPSI 325-125 MAT LAK 3 PARÇA,2025-07-24 16:29:09,2025-07-24 17:20:03,50.9,Kalıp söküldü,Ayar / Numune Onayı,0
4001797,902724,IE26902724,M00002,TEPSI 325-125 MAT LAK 3 PARÇA,2026-06-08 21:19:18,2026-06-08 21:50:24,31.1,,Personel Yetersizliği,0
4001798,902726,IE26902726,M00002,TEPSI 325-125 MAT LAK 3 PARÇA,2026-06-10 12:48:41,2026-06-10 14:16:41,88,Operatör müdahalesi,Kalite Duruşu,0
4001799,902728,IE26902728,M00002,TEPSI 325-125 MAT LAK 3 PARÇA,2026-07-24 10:53:12,2026-07-24 11:50:42,57.5,,Vardiya Devri,0
4001800,902730,IE26902730,M00002,TEPSI 325-125 MAT LAK 3 PARÇA,2026-07-26 11:12:56,2026-07-26 11:35:26,22.5,,Kalite Duruşu,0
4001801,902731,IE25902731,M00086,YUVARLAK KUTU 255-205 HAM TENEKE 2 PARÇA,2025-08-03 09:53:49,2025-08-03 10:26:13,32.4,Kalıp söküldü,Kalıp Değişimi,0
4001802,902732,IE25902732,M00086,YUVARLAK KUTU 255-205 HAM TENEKE 2 PARÇA,2025-08-04 17:57:49,2025-08-04 18:44:13,46.4,,Elektrik Arızası,0
4001803,902733,IE25902733,M00086,YUVARLAK KUTU 255-205 HAM TENEKE 2 PARÇA,2025-08-05 19:07:44,2025-08-05 19:56:32,48.8,Kalıp söküldü,Mekanik Arıza,0
4001804,902734,IE25902734,M00086,YUVARLAK KUTU 255-205 HAM TENEKE 2 PARÇA,2025-08-06 16:13:25,2025-08-06 17:16:37,63.2,Operatör müdahalesi,Kalıp Değişimi,0
4001805,902735,IE26902735,M00020,YUVARLAK KUTU 210-255 LITOGRAFI 2 PARÇA,2026-05-06 13:52:15,2026-05-06 14:11:09,18.9,Yedek parça bekleniyor,Vardiya Devri,0
4001806,902736,IE26902736,M00020,YUVARLAK KUTU 210-255 LITOGRAFI 2 PARÇA,2026-05-07 18:43:25,2026-05-07 19:12:37,29.2,Kalıp söküldü,Kalıp Değişimi,0
4001807,902737,IE26902737,M00020,YUVARLAK KUTU 210-255 LITOGRAFI 2 PARÇA,2026-05-08 21:18:40,2026-05-08 21:57:28,38.8,Operatör müdahalesi,Kalıp Değişimi,0
4001808,902739,IE25902739,M00084,TEPSI 325-125 VERNIKLI 2 PARÇA,2025-11-11 15:13:33,2025-11-11 15:53:03,39.5,Bakım çağrıldı,Vardiya Devri,0
4001809,902740,IE25902740,M00084,TEPSI 325-125 VERNIKLI 2 PARÇA,2025-11-12 18:51:08,2025-11-12 19:32:08,41,Yedek parça bekleniyor,Sac Sıkışması,0
4001810,902741,IE25902741,M00084,TEPSI 325-125 VERNIKLI 2 PARÇA,2025-11-13 07:22:35,2025-11-13 07:49:59,27.4,,Kalıp Değişimi,0
4001811,902742,IE26902742,M00023,YUVARLAK KUTU 078-095 LITOGRAFI 2 PARÇA,2026-02-04 08:29:03,2026-02-04 08:46:27,17.4,Kalıp söküldü,Enerji Kesintisi,0
4001812,902743,IE26902743,M00023,YUVARLAK KUTU 078-095 LITOGRAFI 2 PARÇA,2026-02-05 09:52:13,2026-02-05 10:51:37,59.4,Kalıp söküldü,Vardiya Devri,0
4001813,902744,IE26902744,M00023,YUVARLAK KUTU 078-095 LITOGRAFI 2 PARÇA,2026-02-06 11:23:39,2026-02-06 12:16:45,53.1,,Kalıp Değişimi,0
4001814,902745,IE26902745,M00023,YUVARLAK KUTU 078-095 LITOGRAFI 2 PARÇA,2026-02-07 18:31:18,2026-02-07 18:40:36,9.3,,Mekanik Arıza,0
4001815,902746,IE25902746,M00063,ALTIGEN KUTU 125-085 HAM TENEKE 3 PARÇA,2025-12-01 12:52:22,2025-12-01 12:58:16,5.9,Kalıp söküldü,Kalıp Değişimi,0
4001816,902747,IE25902747,M00063,ALTIGEN KUTU 125-085 HAM TENEKE 3 PARÇA,2025-12-02 06:55:50,2025-12-02 07:06:56,11.1,,Kalıp Değişimi,0
4001817,902748,IE25902748,M00063,ALTIGEN KUTU 125-085 HAM TENEKE 3 PARÇA,2025-12-03 18:49:34,2025-12-03 19:28:22,38.8,Operatör müdahalesi,Kalıp Değişimi,0
4001818,902749,IE25902749,M00063,ALTIGEN KUTU 125-085 HAM TENEKE 3 PARÇA,2025-12-04 09:41:07,2025-12-04 10:01:43,20.6,Kalıp söküldü,Kalıp Değişimi,0
4001819,902751,IE25902751,M00005,DIKDORTGEN KUTU 145-095 MAT LAK 2 PARÇA,2025-09-27 16:13:41,2025-09-27 16:38:23,24.7,Operatör müdahalesi,Kalıp Değişimi,0
4001820,902752,IE25902752,M00005,DIKDORTGEN KUTU 145-095 MAT LAK 2 PARÇA,2025-09-28 13:45:59,2025-09-28 14:15:29,29.5,Kalıp söküldü,Kalıp Değişimi,0
4001821,902753,IE25902753,M00005,DIKDORTGEN KUTU 145-095 MAT LAK 2 PARÇA,2025-09-29 17:40:39,2025-09-29 17:52:51,12.2,Yedek parça bekleniyor,Mekanik Arıza,0
4001822,902754,IE25902754,M00059,YUVARLAK KUTU Ø148 HAM TENEKE 2 PARÇA,2025-08-28 13:39:58,2025-08-28 15:09:58,90,,Ayar / Numune Onayı,0
4001823,902756,IE25902756,M00059,YUVARLAK KUTU Ø148 HAM TENEKE 2 PARÇA,2025-08-30 19:21:44,2025-08-30 20:02:44,41,Operatör müdahalesi,Sac Sıkışması,0
4001824,902757,IE25902757,M00059,YUVARLAK KUTU Ø148 HAM TENEKE 2 PARÇA,2025-08-31 17:40:29,2025-08-31 18:23:11,42.7,Yedek parça bekleniyor,Malzeme Bekleme,0
4001825,902758,IE25902758,M00005,DIKDORTGEN KUTU 145-095 MAT LAK 2 PARÇA,2025-11-10 14:36:59,2025-11-10 15:05:47,28.8,Bakım çağrıldı,Hidrolik Kaçak,0
4001826,902759,IE25902759,M00005,DIKDORTGEN KUTU 145-095 MAT LAK 2 PARÇA,2025-11-11 17:14:28,2025-11-11 17:33:28,19,Kalıp söküldü,Mekanik Arıza,0
4001827,902760,IE25902760,M00005,DIKDORTGEN KUTU 145-095 MAT LAK 2 PARÇA,2025-11-12 18:42:21,2025-11-12 19:47:45,65.4,,Planlı Bakım,0
4001828,902761,IE25902761,M00005,DIKDORTGEN KUTU 145-095 MAT LAK 2 PARÇA,2025-11-13 08:16:06,2025-11-13 08:36:24,20.3,Kalıp söküldü,Sac Sıkışması,0
4001829,902762,IE25902762,M00003,YUVARLAK KUTU 120-105 HAM TENEKE 2 PARÇA,2025-10-24 13:06:51,2025-10-24 14:21:15,74.4,Kalıp söküldü,Kalıp Değişimi,0
4001830,902763,IE25902763,M00003,YUVARLAK KUTU 120-105 HAM TENEKE 2 PARÇA,2025-10-25 20:33:46,2025-10-25 21:08:46,35,Bakım çağrıldı,Malzeme Bekleme,0
4001831,902764,IE25902764,M00003,YUVARLAK KUTU 120-105 HAM TENEKE 2 PARÇA,2025-10-26 20:20:18,2025-10-26 20:43:18,23,,Kalıp Değişimi,0
4001832,902765,IE25902765,M00003,YUVARLAK KUTU 120-105 HAM TENEKE 2 PARÇA,2025-10-27 11:45:59,2025-10-27 12:41:29,55.5,,Kalıp Değişimi,0
4001833,902766,IE26902766,M00036,YUVARLAK KUTU Ø050 HAM TENEKE 3 PARÇA,2026-03-03 17:50:28,2026-03-03 18:18:22,27.9,Bakım çağrıldı,Kalıp Değişimi,0
4001834,902767,IE26902767,M00036,YUVARLAK KUTU Ø050 HAM TENEKE 3 PARÇA,2026-03-04 11:33:51,2026-03-04 11:55:33,21.7,Bakım çağrıldı,Kalıp Değişimi,0
4001835,902768,IE26902768,M00036,YUVARLAK KUTU Ø050 HAM TENEKE 3 PARÇA,2026-03-05 22:03:16,2026-03-05 22:12:52,9.6,Operatör müdahalesi,Ayar / Numune Onayı,0
4001836,902769,IE25902769,M00039,YUVARLAK KUTU 078-095 HAM TENEKE 2 PARÇA,2025-07-24 12:22:58,2025-07-24 13:06:22,43.4,,Kalıp Değişimi,0
4001837,902770,IE25902770,M00039,YUVARLAK KUTU 078-095 HAM TENEKE 2 PARÇA,2025-07-25 19:51:59,2025-07-25 21:00:23,68.4,,Ayar / Numune Onayı,0
4001838,902772,IE25902772,M00039,YUVARLAK KUTU 078-095 HAM TENEKE 2 PARÇA,2025-07-27 09:09:30,2025-07-27 09:34:00,24.5,,Kalıp Değişimi,0
4001839,902773,IE25902773,M00310,YUVARLAK KUTU Ø092 LITOGRAFI 2 PARÇA,2025-12-26 15:36:09,2025-12-26 15:52:57,16.8,Operatör müdahalesi,Malzeme Bekleme,0
4001840,902774,IE25902774,M00310,YUVARLAK KUTU Ø092 LITOGRAFI 2 PARÇA,2025-12-27 14:28:05,2025-12-27 15:18:29,50.4,Bakım çağrıldı,Kalıp Değişimi,0
4001841,902775,IE25902775,M00310,YUVARLAK KUTU Ø092 LITOGRAFI 2 PARÇA,2025-12-28 18:11:39,2025-12-28 18:17:57,6.3,,Kalıp Değişimi,0
4001842,902776,IE25902776,M00310,YUVARLAK KUTU Ø092 LITOGRAFI 2 PARÇA,2025-12-29 18:03:36,2025-12-29 19:24:54,81.3,Operatör müdahalesi,Mekanik Arıza,0
4001843,902777,IE26902777,M00020,YUVARLAK KUTU 210-255 LITOGRAFI 2 PARÇA,2026-02-20 21:41:31,2026-02-20 21:55:25,13.9,Operatör müdahalesi,Vardiya Devri,0
4001844,902778,IE26902778,M00020,YUVARLAK KUTU 210-255 LITOGRAFI 2 PARÇA,2026-02-21 16:37:33,2026-02-21 17:04:09,26.6,Kalıp söküldü,Kalıp Değişimi,0
4001845,902779,IE26902779,M00020,YUVARLAK KUTU 210-255 LITOGRAFI 2 PARÇA,2026-02-22 14:52:37,2026-02-22 15:17:43,25.1,Yedek parça bekleniyor,Vardiya Devri,0
4001846,902780,IE26902780,M00003,YUVARLAK KUTU 120-105 HAM TENEKE 2 PARÇA,2026-01-25 17:56:06,2026-01-25 18:52:42,56.6,Bakım çağrıldı,Kalıp Değişimi,0
4001847,902782,IE26902782,M00003,YUVARLAK KUTU 120-105 HAM TENEKE 2 PARÇA,2026-01-27 18:35:07,2026-01-27 19:37:31,62.4,Yedek parça bekleniyor,Kalıp Değişimi,0
4001848,902785,IE26902785,M00034,SEKIZGEN KUTU Ø050 LITOGRAFI 2 PARÇA,2026-03-12 09:37:56,2026-03-12 10:42:44,64.8,Kalıp söküldü,Kalite Duruşu,0
4001849,902789,IE25902789,M00015,YUVARLAK KUTU Ø092 MAT LAK 2 PARÇA,2025-09-09 17:37:07,2025-09-09 18:43:01,65.9,,Sac Sıkışması,0
4001850,902790,IE25902790,M00015,YUVARLAK KUTU Ø092 MAT LAK 2 PARÇA,2025-09-10 22:36:47,2025-09-10 23:25:35,48.8,Bakım çağrıldı,Hidrolik Kaçak,0
4001851,902791,IE25902791,M00015,YUVARLAK KUTU Ø092 MAT LAK 2 PARÇA,2025-09-11 21:15:26,2025-09-11 21:25:50,10.4,Operatör müdahalesi,Kalıp Değişimi,0
4001852,902792,IE25902792,M00005,DIKDORTGEN KUTU 145-095 MAT LAK 2 PARÇA,2025-10-05 08:35:11,2025-10-05 09:15:23,40.2,Bakım çağrıldı,Kalıp Değişimi,0
4001853,902793,IE25902793,M00005,DIKDORTGEN KUTU 145-095 MAT LAK 2 PARÇA,2025-10-06 21:23:16,2025-10-06 21:48:28,25.2,Operatör müdahalesi,Malzeme Bekleme,0
4001854,902794,IE25902794,M00005,DIKDORTGEN KUTU 145-095 MAT LAK 2 PARÇA,2025-10-07 08:25:17,2025-10-07 10:11:17,106,Operatör müdahalesi,Enerji Kesintisi,0
4001855,902795,IE25902795,M00005,DIKDORTGEN KUTU 145-095 MAT LAK 2 PARÇA,2025-10-08 11:22:42,2025-10-08 12:34:00,71.3,Bakım çağrıldı,Personel Yetersizliği,0
4001856,902796,IE26902796,M00173,YUVARLAK KUTU 255-205 VERNIKLI 3 PARÇA,2026-01-13 19:13:54,2026-01-13 19:33:54,20,,Kalite Duruşu,0
4001857,902797,IE26902797,M00173,YUVARLAK KUTU 255-205 VERNIKLI 3 PARÇA,2026-01-14 07:55:25,2026-01-14 08:33:43,38.3,Operatör müdahalesi,Malzeme Bekleme,0
4001858,902798,IE26902798,M00173,YUVARLAK KUTU 255-205 VERNIKLI 3 PARÇA,2026-01-15 14:30:59,2026-01-15 15:40:29,69.5,Bakım çağrıldı,Kalite Duruşu,0
4001859,902799,IE25902799,M00006,SEKILLI KUTU 175-205 HAM TENEKE 3 PARÇA,2025-08-13 16:39:41,2025-08-13 17:05:29,25.8,Yedek parça bekleniyor,Elektrik Arızası,0
4001860,902802,IE25902802,M00006,SEKILLI KUTU 175-205 HAM TENEKE 3 PARÇA,2025-08-16 21:49:19,2025-08-16 23:12:43,83.4,Kalıp söküldü,Personel Yetersizliği,0
4001861,902804,IE26902804,M00002,TEPSI 325-125 MAT LAK 3 PARÇA,2026-02-28 15:22:23,2026-02-28 16:41:47,79.4,Yedek parça bekleniyor,Mekanik Arıza,0
4001862,902805,IE26902805,M00002,TEPSI 325-125 MAT LAK 3 PARÇA,2026-03-01 15:32:16,2026-03-01 16:59:22,87.1,Bakım çağrıldı,Planlı Bakım,0
4001863,902807,IE26902807,M00001,KAPAK 090-065 HAM TENEKE 2 PARÇA,2026-03-04 13:31:45,2026-03-04 14:13:57,42.2,Operatör müdahalesi,Kalite Duruşu,0
4001864,902808,IE26902808,M00001,KAPAK 090-065 HAM TENEKE 2 PARÇA,2026-03-05 14:21:03,2026-03-05 15:46:03,85,Bakım çağrıldı,Mekanik Arıza,0
4001865,902809,IE26902809,M00001,KAPAK 090-065 HAM TENEKE 2 PARÇA,2026-03-06 08:38:32,2026-03-06 08:46:26,7.9,Operatör müdahalesi,Kalıp Değişimi,0
4001866,902811,IE25902811,M00006,SEKILLI KUTU 175-205 HAM TENEKE 3 PARÇA,2025-10-13 12:28:34,2025-10-13 13:39:22,70.8,Yedek parça bekleniyor,Sac Sıkışması,0
4001867,902812,IE25902812,M00006,SEKILLI KUTU 175-205 HAM TENEKE 3 PARÇA,2025-10-14 19:55:46,2025-10-14 20:23:16,27.5,,Vardiya Devri,0
4001868,902813,IE26902813,M00003,YUVARLAK KUTU 120-105 HAM TENEKE 2 PARÇA,2026-04-13 18:42:06,2026-04-13 20:08:54,86.8,Bakım çağrıldı,Kalıp Değişimi,0
4001869,902814,IE26902814,M00003,YUVARLAK KUTU 120-105 HAM TENEKE 2 PARÇA,2026-04-14 16:06:45,2026-04-14 16:34:51,28.1,Operatör müdahalesi,Mekanik Arıza,0
4001870,902816,IE26902816,M00003,YUVARLAK KUTU 120-105 HAM TENEKE 2 PARÇA,2026-04-16 14:07:59,2026-04-16 14:29:29,21.5,Yedek parça bekleniyor,Ayar / Numune Onayı,0
4001871,902817,IE26902817,M00002,TEPSI 325-125 MAT LAK 3 PARÇA,2026-07-18 08:31:22,2026-07-18 09:00:46,29.4,Kalıp söküldü,Elektrik Arızası,0
4001872,902818,IE26902818,M00002,TEPSI 325-125 MAT LAK 3 PARÇA,2026-07-19 21:08:30,2026-07-19 21:16:36,8.1,Operatör müdahalesi,Hidrolik Kaçak,0
4001873,902819,IE26902819,M00002,TEPSI 325-125 MAT LAK 3 PARÇA,2026-07-20 19:53:02,2026-07-20 20:14:26,21.4,Bakım çağrıldı,Kalite Duruşu,0
4001874,902821,IE25902821,M00251,DIKDORTGEN KUTU 185-115 HAM TENEKE 3 PARÇA,2025-08-30 12:59:45,2025-08-30 14:07:15,67.5,Kalıp söküldü,Ayar / Numune Onayı,0
4001875,902822,IE25902822,M00251,DIKDORTGEN KUTU 185-115 HAM TENEKE 3 PARÇA,2025-08-31 13:46:44,2025-08-31 15:04:44,78,Bakım çağrıldı,Vardiya Devri,0
4001876,902823,IE25902823,M00251,DIKDORTGEN KUTU 185-115 HAM TENEKE 3 PARÇA,2025-09-01 08:28:49,2025-09-01 09:34:25,65.6,Kalıp söküldü,Ayar / Numune Onayı,0
4001877,902824,IE25902824,M00251,DIKDORTGEN KUTU 185-115 HAM TENEKE 3 PARÇA,2025-09-02 22:20:31,2025-09-02 22:53:43,33.2,,Hidrolik Kaçak,0
4001878,902825,IE25902825,M00002,TEPSI 325-125 MAT LAK 3 PARÇA,2025-07-10 16:50:47,2025-07-10 17:35:47,45,Yedek parça bekleniyor,Elektrik Arızası,0
4001879,902826,IE25902826,M00002,TEPSI 325-125 MAT LAK 3 PARÇA,2025-07-11 15:39:18,2025-07-11 15:48:24,9.1,Kalıp söküldü,Vardiya Devri,0
4001880,902827,IE25902827,M00002,TEPSI 325-125 MAT LAK 3 PARÇA,2025-07-12 17:38:11,2025-07-12 18:00:17,22.1,Bakım çağrıldı,Hidrolik Kaçak,0
4001881,902828,IE25902828,M00001,KAPAK 090-065 HAM TENEKE 2 PARÇA,2025-07-22 14:52:42,2025-07-22 15:10:54,18.2,,Kalıp Değişimi,0
4001882,902829,IE25902829,M00001,KAPAK 090-065 HAM TENEKE 2 PARÇA,2025-07-23 09:58:24,2025-07-23 10:21:24,23,Yedek parça bekleniyor,Ayar / Numune Onayı,0
4001883,902833,IE26902833,M00022,SEKIZGEN KUTU 135-145 VERNIKLI 2 PARÇA,2026-06-25 17:13:59,2026-06-25 17:30:41,16.7,Yedek parça bekleniyor,Malzeme Bekleme,0
4001884,902834,IE26902834,M00048,YUVARLAK KUTU 295-165 VERNIKLI 3 PARÇA,2026-05-08 21:38:07,2026-05-08 22:34:01,55.9,,Planlı Bakım,0
4001885,902835,IE26902835,M00048,YUVARLAK KUTU 295-165 VERNIKLI 3 PARÇA,2026-05-09 10:29:49,2026-05-09 11:30:07,60.3,,Kalıp Değişimi,0
4001886,902836,IE26902836,M00048,YUVARLAK KUTU 295-165 VERNIKLI 3 PARÇA,2026-05-10 16:40:16,2026-05-10 17:16:04,35.8,Bakım çağrıldı,Malzeme Bekleme,0
4001887,902837,IE25902837,M00001,KAPAK 090-065 HAM TENEKE 2 PARÇA,2025-10-29 17:29:10,2025-10-29 17:56:04,26.9,Bakım çağrıldı,Kalıp Değişimi,0
4001888,902838,IE25902838,M00001,KAPAK 090-065 HAM TENEKE 2 PARÇA,2025-10-30 09:54:59,2025-10-30 10:42:47,47.8,Kalıp söküldü,Mekanik Arıza,0
4001889,902839,IE25902839,M00001,KAPAK 090-065 HAM TENEKE 2 PARÇA,2025-10-31 13:07:38,2025-10-31 13:44:02,36.4,Kalıp söküldü,Hidrolik Kaçak,0
4001890,902840,IE25902840,M00001,KAPAK 090-065 HAM TENEKE 2 PARÇA,2025-11-28 19:45:26,2025-11-28 20:09:14,23.8,Operatör müdahalesi,Ayar / Numune Onayı,0
4001891,902841,IE25902841,M00001,KAPAK 090-065 HAM TENEKE 2 PARÇA,2025-11-29 19:07:42,2025-11-29 19:30:54,23.2,Kalıp söküldü,Kalıp Değişimi,0
4001892,902843,IE25902843,M00001,KAPAK 090-065 HAM TENEKE 2 PARÇA,2025-12-01 15:09:33,2025-12-01 15:51:45,42.2,Yedek parça bekleniyor,Ayar / Numune Onayı,0
4001893,902844,IE26902844,M00002,TEPSI 325-125 MAT LAK 3 PARÇA,2026-04-26 20:34:23,2026-04-26 22:04:05,89.7,Bakım çağrıldı,Vardiya Devri,0
4001894,902845,IE26902845,M00002,TEPSI 325-125 MAT LAK 3 PARÇA,2026-04-27 17:32:35,2026-04-27 18:29:29,56.9,Kalıp söküldü,Sac Sıkışması,0
4001895,902846,IE26902846,M00002,TEPSI 325-125 MAT LAK 3 PARÇA,2026-04-28 10:31:38,2026-04-28 10:43:56,12.3,Operatör müdahalesi,Sac Sıkışması,0
4001896,902848,IE25902848,M00068,KARE KUTU 225-165 LITOGRAFI 3 PARÇA,2025-08-07 09:44:06,2025-08-07 10:18:30,34.4,Kalıp söküldü,Personel Yetersizliği,0
4001897,902850,IE25902850,M00068,KARE KUTU 225-165 LITOGRAFI 3 PARÇA,2025-08-09 17:29:06,2025-08-09 18:09:54,40.8,,Ayar / Numune Onayı,0
4001898,902851,IE25902851,M00001,KAPAK 090-065 HAM TENEKE 2 PARÇA,2025-12-01 20:55:50,2025-12-01 21:01:02,5.2,Yedek parça bekleniyor,Sac Sıkışması,0
4001899,902852,IE25902852,M00001,KAPAK 090-065 HAM TENEKE 2 PARÇA,2025-12-02 16:08:08,2025-12-02 16:51:44,43.6,Operatör müdahalesi,Vardiya Devri,0
4001900,902853,IE25902853,M00001,KAPAK 090-065 HAM TENEKE 2 PARÇA,2025-12-03 08:36:46,2025-12-03 09:19:40,42.9,Yedek parça bekleniyor,Kalıp Değişimi,0
4001901,902854,IE25902854,M00001,KAPAK 090-065 HAM TENEKE 2 PARÇA,2025-12-04 23:31:59,2025-12-05 00:17:53,45.9,Kalıp söküldü,Planlı Bakım,0
4001902,902856,IE26902856,M00019,OVAL KUTU 295-165 VERNIKLI 2 PARÇA,2026-01-31 21:35:03,2026-01-31 22:20:09,45.1,Yedek parça bekleniyor,Kalıp Değişimi,0
4001903,902857,IE26902857,M00019,OVAL KUTU 295-165 VERNIKLI 2 PARÇA,2026-02-01 11:33:04,2026-02-01 11:59:28,26.4,Yedek parça bekleniyor,Kalıp Değişimi,0
4001904,902858,IE26902858,M00019,OVAL KUTU 295-165 VERNIKLI 2 PARÇA,2026-02-02 12:47:11,2026-02-02 13:35:53,48.7,Yedek parça bekleniyor,Ayar / Numune Onayı,0
4001905,902859,IE26902859,M00001,KAPAK 090-065 HAM TENEKE 2 PARÇA,2026-06-11 09:02:26,2026-06-11 09:23:44,21.3,Yedek parça bekleniyor,Kalıp Değişimi,0
4001906,902861,IE26902861,M00001,KAPAK 090-065 HAM TENEKE 2 PARÇA,2026-06-13 15:43:53,2026-06-13 16:16:17,32.4,,Mekanik Arıza,0
4001907,902863,IE25902863,M00002,TEPSI 325-125 MAT LAK 3 PARÇA,2025-07-21 10:25:11,2025-07-21 10:55:41,30.5,Kalıp söküldü,Kalıp Değişimi,0
4001908,902864,IE25902864,M00002,TEPSI 325-125 MAT LAK 3 PARÇA,2025-07-22 20:49:34,2025-07-22 21:30:46,41.2,Yedek parça bekleniyor,Kalıp Değişimi,0
4001909,902865,IE25902865,M00001,KAPAK 090-065 HAM TENEKE 2 PARÇA,2025-11-02 19:44:04,2025-11-02 20:18:04,34,Bakım çağrıldı,Kalıp Değişimi,0
4001910,902866,IE25902866,M00001,KAPAK 090-065 HAM TENEKE 2 PARÇA,2025-11-03 13:45:32,2025-11-03 14:06:56,21.4,Yedek parça bekleniyor,Vardiya Devri,0
4001911,902867,IE25902867,M00001,KAPAK 090-065 HAM TENEKE 2 PARÇA,2025-11-04 14:54:51,2025-11-04 15:34:33,39.7,Yedek parça bekleniyor,Kalıp Değişimi,0
4001912,902868,IE25902868,M00001,KAPAK 090-065 HAM TENEKE 2 PARÇA,2025-11-05 19:44:37,2025-11-05 20:23:31,38.9,Operatör müdahalesi,Kalıp Değişimi,0
4001913,902869,IE26902869,M00001,KAPAK 090-065 HAM TENEKE 2 PARÇA,2026-06-17 14:59:22,2026-06-17 15:30:40,31.3,,Sac Sıkışması,0
4001914,902872,IE26902872,M00010,YUVARLAK KUTU 255-205 MAT LAK 3 PARÇA,2026-05-02 22:23:27,2026-05-02 22:51:57,28.5,,Planlı Bakım,0
4001915,902873,IE26902873,M00010,YUVARLAK KUTU 255-205 MAT LAK 3 PARÇA,2026-05-03 08:15:51,2026-05-03 08:38:03,22.2,Bakım çağrıldı,Mekanik Arıza,0
4001916,902874,IE26902874,M00010,YUVARLAK KUTU 255-205 MAT LAK 3 PARÇA,2026-05-04 20:26:59,2026-05-04 21:20:23,53.4,Yedek parça bekleniyor,Kalıp Değişimi,0
4001917,902875,IE26902875,M00010,YUVARLAK KUTU 255-205 MAT LAK 3 PARÇA,2026-05-05 12:40:03,2026-05-05 13:19:33,39.5,,Ayar / Numune Onayı,0
4001918,902876,IE26902876,M00001,KAPAK 090-065 HAM TENEKE 2 PARÇA,2026-05-15 16:59:42,2026-05-15 18:05:18,65.6,,Malzeme Bekleme,0
4001919,902877,IE26902877,M00001,KAPAK 090-065 HAM TENEKE 2 PARÇA,2026-05-16 10:47:36,2026-05-16 11:39:42,52.1,Bakım çağrıldı,Kalıp Değişimi,0
4001920,902878,IE26902878,M00001,KAPAK 090-065 HAM TENEKE 2 PARÇA,2026-05-17 11:33:54,2026-05-17 12:03:36,29.7,Yedek parça bekleniyor,Elektrik Arızası,0
4001921,902880,IE25902880,M00011,YUVARLAK KUTU 120-105 HAM TENEKE 3 PARÇA,2025-07-13 09:17:08,2025-07-13 09:32:44,15.6,Operatör müdahalesi,Planlı Bakım,0
4001922,902881,IE25902881,M00011,YUVARLAK KUTU 120-105 HAM TENEKE 3 PARÇA,2025-07-14 17:40:10,2025-07-14 17:59:58,19.8,Operatör müdahalesi,Enerji Kesintisi,0
4001923,902883,IE26902883,M00042,SEKIZGEN KUTU 135-145 LITOGRAFI 3 PARÇA,2026-03-02 17:32:08,2026-03-02 17:51:38,19.5,Kalıp söküldü,Kalıp Değişimi,0
4001924,902884,IE26902884,M00042,SEKIZGEN KUTU 135-145 LITOGRAFI 3 PARÇA,2026-03-03 18:13:06,2026-03-03 18:33:00,19.9,Operatör müdahalesi,Malzeme Bekleme,0
4001925,902885,IE26902885,M00042,SEKIZGEN KUTU 135-145 LITOGRAFI 3 PARÇA,2026-03-04 13:55:51,2026-03-04 14:11:33,15.7,,Elektrik Arızası,0
4001926,902886,IE26902886,M00042,SEKIZGEN KUTU 135-145 LITOGRAFI 3 PARÇA,2026-03-05 10:58:04,2026-03-05 11:17:22,19.3,,Ayar / Numune Onayı,0
4001927,902888,IE25902888,M00005,DIKDORTGEN KUTU 145-095 MAT LAK 2 PARÇA,2025-08-29 09:23:28,2025-08-29 09:38:16,14.8,Yedek parça bekleniyor,Kalıp Değişimi,0
4001928,902889,IE25902889,M00005,DIKDORTGEN KUTU 145-095 MAT LAK 2 PARÇA,2025-08-30 12:08:36,2025-08-30 12:35:36,27,Yedek parça bekleniyor,Sac Sıkışması,0
4001929,902890,IE25902890,M00005,DIKDORTGEN KUTU 145-095 MAT LAK 2 PARÇA,2025-08-31 20:19:58,2025-08-31 21:04:58,45,Operatör müdahalesi,Kalıp Değişimi,0
4001930,902892,IE25902892,M00040,YUVARLAK KUTU 255-205 MAT LAK 3 PARÇA,2025-07-26 15:22:05,2025-07-26 16:07:23,45.3,Yedek parça bekleniyor,Vardiya Devri,0
4001931,902894,IE25902894,M00040,YUVARLAK KUTU 255-205 MAT LAK 3 PARÇA,2025-07-28 22:07:52,2025-07-28 22:41:28,33.6,Yedek parça bekleniyor,Kalıp Değişimi,0
4001932,902895,IE26902895,M00102,YUVARLAK KUTU 210-255 HAM TENEKE 3 PARÇA,2026-07-12 08:37:08,2026-07-12 08:42:38,5.5,Kalıp söküldü,Vardiya Devri,0
4001933,902896,IE26902896,M00102,YUVARLAK KUTU 210-255 HAM TENEKE 3 PARÇA,2026-07-13 21:03:11,2026-07-13 22:30:59,87.8,Bakım çağrıldı,Vardiya Devri,0
4001934,902898,IE26902898,M00102,YUVARLAK KUTU 210-255 HAM TENEKE 3 PARÇA,2026-07-15 07:50:25,2026-07-15 08:00:19,9.9,,Kalite Duruşu,0
4001935,902903,IE26902903,M00001,KAPAK 090-065 HAM TENEKE 2 PARÇA,2026-06-13 19:19:19,2026-06-13 20:25:31,66.2,Yedek parça bekleniyor,Malzeme Bekleme,0
4001936,902904,IE26902904,M00001,KAPAK 090-065 HAM TENEKE 2 PARÇA,2026-06-14 18:12:41,2026-06-14 18:30:47,18.1,Operatör müdahalesi,Sac Sıkışması,0
4001937,902905,IE26902905,M00001,KAPAK 090-065 HAM TENEKE 2 PARÇA,2026-06-15 14:25:31,2026-06-15 15:43:01,77.5,Yedek parça bekleniyor,Kalite Duruşu,0
4001938,902906,IE25902906,M00282,YUVARLAK KUTU 255-205 HAM TENEKE 3 PARÇA,2025-12-02 12:38:31,2025-12-02 13:13:49,35.3,Yedek parça bekleniyor,Personel Yetersizliği,0
4001939,902908,IE25902908,M00282,YUVARLAK KUTU 255-205 HAM TENEKE 3 PARÇA,2025-12-04 09:51:26,2025-12-04 10:07:44,16.3,Operatör müdahalesi,Hidrolik Kaçak,0
4001940,902909,IE25902909,M00282,YUVARLAK KUTU 255-205 HAM TENEKE 3 PARÇA,2025-12-05 18:40:14,2025-12-05 19:30:02,49.8,,Malzeme Bekleme,0
4001941,902913,IE25902913,M00288,KALP KUTU 090-065 HAM TENEKE 3 PARÇA,2025-07-20 16:40:09,2025-07-20 17:30:27,50.3,,Kalıp Değişimi,0
4001942,902914,IE25902914,M00288,KALP KUTU 090-065 HAM TENEKE 3 PARÇA,2025-07-21 20:03:55,2025-07-21 20:10:19,6.4,Kalıp söküldü,Ayar / Numune Onayı,0
4001943,902915,IE25902915,M00288,KALP KUTU 090-065 HAM TENEKE 3 PARÇA,2025-07-22 14:09:31,2025-07-22 14:45:13,35.7,Yedek parça bekleniyor,Malzeme Bekleme,0
4001944,902916,IE26902916,M00001,KAPAK 090-065 HAM TENEKE 2 PARÇA,2026-07-08 10:59:10,2026-07-08 11:09:22,10.2,Bakım çağrıldı,Kalıp Değişimi,0
4001945,902918,IE26902918,M00001,KAPAK 090-065 HAM TENEKE 2 PARÇA,2026-07-10 10:09:52,2026-07-10 10:31:52,22,Bakım çağrıldı,Mekanik Arıza,0
4001946,902919,IE26902919,M00103,DIKDORTGEN KUTU 185-115 VERNIKLI 2 PARÇA,2026-04-25 11:37:40,2026-04-25 12:09:28,31.8,Bakım çağrıldı,Mekanik Arıza,0
4001947,902921,IE26902921,M00103,DIKDORTGEN KUTU 185-115 VERNIKLI 2 PARÇA,2026-04-27 17:22:21,2026-04-27 17:36:33,14.2,Kalıp söküldü,Planlı Bakım,0
4001948,902922,IE25902922,M00005,DIKDORTGEN KUTU 145-095 MAT LAK 2 PARÇA,2025-09-04 11:19:00,2025-09-04 11:54:24,35.4,Bakım çağrıldı,Kalıp Değişimi,0
4001949,902923,IE25902923,M00005,DIKDORTGEN KUTU 145-095 MAT LAK 2 PARÇA,2025-09-05 08:17:09,2025-09-05 08:58:57,41.8,Kalıp söküldü,Mekanik Arıza,0
4001950,902925,IE25902925,M00005,DIKDORTGEN KUTU 145-095 MAT LAK 2 PARÇA,2025-09-07 19:40:46,2025-09-07 21:10:10,89.4,Bakım çağrıldı,Malzeme Bekleme,0
4001951,902926,IE26902926,M00001,KAPAK 090-065 HAM TENEKE 2 PARÇA,2026-07-13 10:13:04,2026-07-13 11:48:52,95.8,Operatör müdahalesi,Mekanik Arıza,0
4001952,902927,IE26902927,M00001,KAPAK 090-065 HAM TENEKE 2 PARÇA,2026-07-14 08:59:27,2026-07-14 09:18:39,19.2,Yedek parça bekleniyor,Kalıp Değişimi,0
4001953,902928,IE26902928,M00001,KAPAK 090-065 HAM TENEKE 2 PARÇA,2026-07-15 14:03:38,2026-07-15 15:24:20,80.7,Bakım çağrıldı,Kalıp Değişimi,0
4001954,902929,IE26902929,M00012,YUVARLAK KUTU 205-050 LITOGRAFI 2 PARÇA,2026-07-20 09:31:51,2026-07-20 11:07:45,95.9,Kalıp söküldü,Kalıp Değişimi,0
4001955,902930,IE26902930,M00012,YUVARLAK KUTU 205-050 LITOGRAFI 2 PARÇA,2026-07-21 22:46:24,2026-07-22 00:03:42,77.3,,Malzeme Bekleme,0
4001956,902931,IE26902931,M00012,YUVARLAK KUTU 205-050 LITOGRAFI 2 PARÇA,2026-07-22 14:23:22,2026-07-22 15:10:52,47.5,Yedek parça bekleniyor,Elektrik Arızası,0
4001957,902932,IE26902932,M00012,YUVARLAK KUTU 205-050 LITOGRAFI 2 PARÇA,2026-07-23 20:24:42,2026-07-23 20:57:36,32.9,Bakım çağrıldı,Mekanik Arıza,0
4001958,902933,IE25902933,M00004,YUVARLAK KUTU 210-255 MAT LAK 3 PARÇA,2025-09-09 08:41:00,2025-09-09 09:03:12,22.2,Yedek parça bekleniyor,Malzeme Bekleme,0
4001959,902935,IE25902935,M00004,YUVARLAK KUTU 210-255 MAT LAK 3 PARÇA,2025-09-11 21:21:23,2025-09-11 21:44:53,23.5,Operatör müdahalesi,Malzeme Bekleme,0
4001960,902938,IE26902938,M00018,SEKIZGEN KUTU 135-145 HAM TENEKE 2 PARÇA,2026-05-26 12:21:49,2026-05-26 13:26:25,64.6,Kalıp söküldü,Vardiya Devri,0
4001961,902939,IE26902939,M00018,SEKIZGEN KUTU 135-145 HAM TENEKE 2 PARÇA,2026-05-27 16:35:16,2026-05-27 17:56:46,81.5,,Personel Yetersizliği,0
4001962,902943,IE26902943,M00006,SEKILLI KUTU 175-205 HAM TENEKE 3 PARÇA,2026-07-04 20:28:48,2026-07-04 20:58:18,29.5,,Kalıp Değişimi,0
4001963,902944,IE26902944,M00006,SEKILLI KUTU 175-205 HAM TENEKE 3 PARÇA,2026-07-05 09:48:33,2026-07-05 09:57:57,9.4,Yedek parça bekleniyor,Kalıp Değişimi,0
4001964,902945,IE26902945,M00006,SEKILLI KUTU 175-205 HAM TENEKE 3 PARÇA,2026-07-06 13:41:01,2026-07-06 14:24:31,43.5,Yedek parça bekleniyor,Kalıp Değişimi,0
4001965,902946,IE25902946,M00006,SEKILLI KUTU 175-205 HAM TENEKE 3 PARÇA,2025-07-09 12:25:20,2025-07-09 13:22:56,57.6,Yedek parça bekleniyor,Hidrolik Kaçak,0
4001966,902947,IE25902947,M00006,SEKILLI KUTU 175-205 HAM TENEKE 3 PARÇA,2025-07-10 20:30:43,2025-07-10 21:27:25,56.7,Yedek parça bekleniyor,Kalıp Değişimi,0
4001967,902948,IE25902948,M00006,SEKILLI KUTU 175-205 HAM TENEKE 3 PARÇA,2025-07-11 19:17:35,2025-07-11 20:09:41,52.1,Yedek parça bekleniyor,Sac Sıkışması,0
4001968,902949,IE25902949,M00002,TEPSI 325-125 MAT LAK 3 PARÇA,2025-06-27 12:45:49,2025-06-27 13:31:49,46,Bakım çağrıldı,Mekanik Arıza,0
4001969,902950,IE25902950,M00002,TEPSI 325-125 MAT LAK 3 PARÇA,2025-06-28 21:52:26,2025-06-28 22:40:56,48.5,,Vardiya Devri,0
4001970,902951,IE25902951,M00002,TEPSI 325-125 MAT LAK 3 PARÇA,2025-06-29 21:20:59,2025-06-29 22:00:05,39.1,Operatör müdahalesi,Planlı Bakım,0
4001971,902952,IE25902952,M00002,TEPSI 325-125 MAT LAK 3 PARÇA,2025-06-30 16:02:05,2025-06-30 16:19:23,17.3,,Malzeme Bekleme,0
4001972,902953,IE25902953,M00006,SEKILLI KUTU 175-205 HAM TENEKE 3 PARÇA,2025-07-17 15:25:00,2025-07-17 16:14:00,49,Yedek parça bekleniyor,Kalıp Değişimi,0
4001973,902954,IE25902954,M00006,SEKILLI KUTU 175-205 HAM TENEKE 3 PARÇA,2025-07-18 12:23:44,2025-07-18 13:40:14,76.5,Yedek parça bekleniyor,Kalıp Değişimi,0
4001974,902955,IE25902955,M00006,SEKILLI KUTU 175-205 HAM TENEKE 3 PARÇA,2025-07-19 08:10:26,2025-07-19 09:14:44,64.3,Operatör müdahalesi,Ayar / Numune Onayı,0
4001975,902956,IE26902956,M00080,YUVARLAK KUTU 094-050 MAT LAK 3 PARÇA,2026-03-04 16:06:27,2026-03-04 17:18:51,72.4,Operatör müdahalesi,Kalite Duruşu,0
4001976,902958,IE26902958,M00080,YUVARLAK KUTU 094-050 MAT LAK 3 PARÇA,2026-03-06 20:25:06,2026-03-06 20:46:30,21.4,Yedek parça bekleniyor,Ayar / Numune Onayı,0
4001977,902959,IE26902959,M00006,SEKILLI KUTU 175-205 HAM TENEKE 3 PARÇA,2026-06-03 22:55:05,2026-06-04 00:01:17,66.2,Bakım çağrıldı,Ayar / Numune Onayı,0
4001978,902961,IE26902961,M00006,SEKILLI KUTU 175-205 HAM TENEKE 3 PARÇA,2026-06-05 11:39:08,2026-06-05 12:40:20,61.2,Kalıp söküldü,Kalıp Değişimi,0
4001979,902962,IE26902962,M00015,YUVARLAK KUTU Ø092 MAT LAK 2 PARÇA,2026-05-20 07:58:13,2026-05-20 08:06:55,8.7,Kalıp söküldü,Hidrolik Kaçak,0
4001980,902963,IE26902963,M00015,YUVARLAK KUTU Ø092 MAT LAK 2 PARÇA,2026-05-21 08:20:51,2026-05-21 08:50:39,29.8,Bakım çağrıldı,Mekanik Arıza,0
4001981,902964,IE26902964,M00015,YUVARLAK KUTU Ø092 MAT LAK 2 PARÇA,2026-05-22 16:29:05,2026-05-22 17:32:35,63.5,Kalıp söküldü,Ayar / Numune Onayı,0
4001982,902965,IE26902965,M00006,SEKILLI KUTU 175-205 HAM TENEKE 3 PARÇA,2026-02-20 14:33:54,2026-02-20 14:55:06,21.2,,Ayar / Numune Onayı,0
4001983,902966,IE26902966,M00006,SEKILLI KUTU 175-205 HAM TENEKE 3 PARÇA,2026-02-21 13:33:59,2026-02-21 14:02:47,28.8,Operatör müdahalesi,Ayar / Numune Onayı,0
4001984,902967,IE26902967,M00006,SEKILLI KUTU 175-205 HAM TENEKE 3 PARÇA,2026-02-22 22:12:00,2026-02-22 22:17:18,5.3,Operatör müdahalesi,Kalıp Değişimi,0
4001985,902968,IE26902968,M00006,SEKILLI KUTU 175-205 HAM TENEKE 3 PARÇA,2026-02-23 16:01:42,2026-02-23 17:28:54,87.2,Yedek parça bekleniyor,Planlı Bakım,0
4001986,902970,IE25902970,M00008,YUVARLAK KUTU 210-255 HAM TENEKE 3 PARÇA,2025-10-30 14:36:15,2025-10-30 15:22:15,46,Bakım çağrıldı,Planlı Bakım,0
4001987,902971,IE25902971,M00008,YUVARLAK KUTU 210-255 HAM TENEKE 3 PARÇA,2025-10-31 12:33:29,2025-10-31 12:47:35,14.1,Yedek parça bekleniyor,Mekanik Arıza,0
4001988,902972,IE25902972,M00008,YUVARLAK KUTU 210-255 HAM TENEKE 3 PARÇA,2025-11-01 11:19:16,2025-11-01 12:21:52,62.6,Operatör müdahalesi,Vardiya Devri,0
4001989,902973,IE25902973,M00038,YUVARLAK KUTU 120-105 VERNIKLI 3 PARÇA,2025-09-29 07:30:59,2025-09-29 07:39:35,8.6,Yedek parça bekleniyor,Kalıp Değişimi,0
4001990,902974,IE25902974,M00038,YUVARLAK KUTU 120-105 VERNIKLI 3 PARÇA,2025-09-30 21:23:21,2025-09-30 22:05:51,42.5,Yedek parça bekleniyor,Mekanik Arıza,0
4001991,902976,IE26902976,M00010,YUVARLAK KUTU 255-205 MAT LAK 3 PARÇA,2026-03-15 10:13:46,2026-03-15 10:51:22,37.6,Bakım çağrıldı,Malzeme Bekleme,0
4001992,902977,IE26902977,M00010,YUVARLAK KUTU 255-205 MAT LAK 3 PARÇA,2026-03-16 17:42:11,2026-03-16 17:57:23,15.2,Operatör müdahalesi,Elektrik Arızası,0
4001993,902978,IE26902978,M00010,YUVARLAK KUTU 255-205 MAT LAK 3 PARÇA,2026-03-17 14:55:24,2026-03-17 15:25:18,29.9,Kalıp söküldü,Kalıp Değişimi,0
4001994,902979,IE25902979,M00224,TEPSI 325-125 VERNIKLI 3 PARÇA,2025-10-23 14:13:10,2025-10-23 14:53:40,40.5,Yedek parça bekleniyor,Sac Sıkışması,0
4001995,902981,IE25902981,M00224,TEPSI 325-125 VERNIKLI 3 PARÇA,2025-10-25 09:44:53,2025-10-25 10:14:47,29.9,Yedek parça bekleniyor,Sac Sıkışması,0
4001996,902983,IE26902983,M00005,DIKDORTGEN KUTU 145-095 MAT LAK 2 PARÇA,2026-02-09 17:19:32,2026-02-09 18:14:50,55.3,,Kalıp Değişimi,0
4001997,902985,IE26902985,M00017,OVAL KUTU 295-165 VERNIKLI 2 PARÇA,2026-03-04 19:03:14,2026-03-04 20:02:38,59.4,Operatör müdahalesi,Kalite Duruşu,0
4001998,902987,IE26902987,M00017,OVAL KUTU 295-165 VERNIKLI 2 PARÇA,2026-03-06 10:56:43,2026-03-06 11:08:55,12.2,,Sac Sıkışması,0
4001999,902989,IE26902989,M00092,YUVARLAK KUTU Ø050 LITOGRAFI 3 PARÇA,2026-07-29 10:36:04,2026-07-29 11:32:58,56.9,,Planlı Bakım,0
4002000,902990,IE26902990,M00092,YUVARLAK KUTU Ø050 LITOGRAFI 3 PARÇA,2026-07-30 14:07:11,2026-07-30 14:17:59,10.8,Bakım çağrıldı,Sac Sıkışması,0
4002001,902996,IE25902996,M00001,KAPAK 090-065 HAM TENEKE 2 PARÇA,2025-07-16 13:45:53,2025-07-16 15:08:23,82.5,,Vardiya Devri,0
4002002,902997,IE25902997,M00001,KAPAK 090-065 HAM TENEKE 2 PARÇA,2025-07-17 14:16:30,2025-07-17 14:45:42,29.2,Operatör müdahalesi,Hidrolik Kaçak,0
4002003,902999,IE25902999,M00022,SEKIZGEN KUTU 135-145 VERNIKLI 2 PARÇA,2025-12-05 18:36:07,2025-12-05 19:50:49,74.7,,Kalıp Değişimi,0
4002004,903000,IE25903000,M00022,SEKIZGEN KUTU 135-145 VERNIKLI 2 PARÇA,2025-12-06 10:16:14,2025-12-06 11:05:02,48.8,,Kalıp Değişimi,0
4002005,903001,IE25903001,M00006,SEKILLI KUTU 175-205 HAM TENEKE 3 PARÇA,2025-07-19 11:35:54,2025-07-19 11:43:48,7.9,Kalıp söküldü,Malzeme Bekleme,0
4002006,903002,IE25903002,M00006,SEKILLI KUTU 175-205 HAM TENEKE 3 PARÇA,2025-07-20 12:58:05,2025-07-20 13:06:29,8.4,Kalıp söküldü,Hidrolik Kaçak,0
4002007,903004,IE25903004,M00006,SEKILLI KUTU 175-205 HAM TENEKE 3 PARÇA,2025-07-22 16:36:04,2025-07-22 17:07:52,31.8,,Kalite Duruşu,0
4002008,903009,IE25903009,M00054,TEPSI 325-125 HAM TENEKE 2 PARÇA,2025-07-08 11:04:42,2025-07-08 11:51:24,46.7,Yedek parça bekleniyor,Ayar / Numune Onayı,0
4002009,903011,IE25903011,M00054,TEPSI 325-125 HAM TENEKE 2 PARÇA,2025-07-10 07:11:30,2025-07-10 07:31:24,19.9,Yedek parça bekleniyor,Kalite Duruşu,0
4002010,903013,IE25903013,M00113,YUVARLAK KUTU Y120-105 MAT LAK 3 PARÇA,2025-11-08 20:40:15,2025-11-08 21:31:09,50.9,Kalıp söküldü,Enerji Kesintisi,0
4002011,903014,IE25903014,M00113,YUVARLAK KUTU Y120-105 MAT LAK 3 PARÇA,2025-11-09 08:26:54,2025-11-09 09:06:24,39.5,Operatör müdahalesi,Ayar / Numune Onayı,0
4002012,903015,IE25903015,M00113,YUVARLAK KUTU Y120-105 MAT LAK 3 PARÇA,2025-11-10 09:54:29,2025-11-10 10:22:29,28,Bakım çağrıldı,Elektrik Arızası,0
4002013,903017,IE25903017,M00023,YUVARLAK KUTU 078-095 LITOGRAFI 2 PARÇA,2025-11-02 16:14:06,2025-11-02 17:45:30,91.4,Yedek parça bekleniyor,Personel Yetersizliği,0
4002014,903018,IE25903018,M00023,YUVARLAK KUTU 078-095 LITOGRAFI 2 PARÇA,2025-11-03 16:43:21,2025-11-03 17:17:45,34.4,,Kalıp Değişimi,0
4002015,903019,IE25903019,M00023,YUVARLAK KUTU 078-095 LITOGRAFI 2 PARÇA,2025-11-04 10:12:00,2025-11-04 10:44:36,32.6,Operatör müdahalesi,Mekanik Arıza,0
4002016,903022,IE25903022,M00009,YUVARLAK KUTU 245-175 VERNIKLI 3 PARÇA,2025-10-01 14:13:15,2025-10-01 14:38:57,25.7,Operatör müdahalesi,Kalıp Değişimi,0
4002017,903024,IE26903024,M00006,SEKILLI KUTU 175-205 HAM TENEKE 3 PARÇA,2026-01-21 09:10:27,2026-01-21 10:07:45,57.3,,Kalıp Değişimi,0
4002018,903025,IE26903025,M00006,SEKILLI KUTU 175-205 HAM TENEKE 3 PARÇA,2026-01-22 19:01:13,2026-01-22 20:39:25,98.2,Operatör müdahalesi,Kalıp Değişimi,0
4002019,903026,IE26903026,M00001,KAPAK 090-065 HAM TENEKE 2 PARÇA,2026-03-26 09:18:01,2026-03-26 10:16:55,58.9,Yedek parça bekleniyor,Malzeme Bekleme,0
4002020,903027,IE26903027,M00001,KAPAK 090-065 HAM TENEKE 2 PARÇA,2026-03-27 10:01:51,2026-03-27 10:35:27,33.6,Bakım çağrıldı,Ayar / Numune Onayı,0
4002021,903028,IE26903028,M00001,KAPAK 090-065 HAM TENEKE 2 PARÇA,2026-03-28 13:50:00,2026-03-28 14:00:48,10.8,,Mekanik Arıza,0
4002022,903029,IE25903029,M00012,YUVARLAK KUTU 205-050 LITOGRAFI 2 PARÇA,2025-07-14 09:46:20,2025-07-14 10:01:38,15.3,Yedek parça bekleniyor,Kalıp Değişimi,0
4002023,903030,IE25903030,M00012,YUVARLAK KUTU 205-050 LITOGRAFI 2 PARÇA,2025-07-15 19:50:13,2025-07-15 20:29:37,39.4,Bakım çağrıldı,Personel Yetersizliği,0
4002024,903032,IE26903032,M00006,SEKILLI KUTU 175-205 HAM TENEKE 3 PARÇA,2026-07-18 18:42:31,2026-07-18 19:20:25,37.9,Operatör müdahalesi,Ayar / Numune Onayı,0
4002025,903035,IE26903035,M00006,SEKILLI KUTU 175-205 HAM TENEKE 3 PARÇA,2026-07-21 17:51:24,2026-07-21 18:10:36,19.2,Yedek parça bekleniyor,Vardiya Devri,0
4002026,903036,IE26903036,M00007,DIKDORTGEN KUTU 185-115 MAT LAK 2 PARÇA,2026-06-12 11:19:36,2026-06-12 11:53:42,34.1,Operatör müdahalesi,Malzeme Bekleme,0
4002027,903037,IE26903037,M00007,DIKDORTGEN KUTU 185-115 MAT LAK 2 PARÇA,2026-06-13 16:20:30,2026-06-13 18:06:42,106.2,Yedek parça bekleniyor,Ayar / Numune Onayı,0
4002028,903040,IE26903040,M00033,YUVARLAK KUTU Ø092 MAT LAK 3 PARÇA,2026-05-20 13:02:57,2026-05-20 13:46:21,43.4,Bakım çağrıldı,Mekanik Arıza,0
4002029,903041,IE26903041,M00033,YUVARLAK KUTU Ø092 MAT LAK 3 PARÇA,2026-05-21 18:17:09,2026-05-21 18:50:15,33.1,Bakım çağrıldı,Ayar / Numune Onayı,0
4002030,903042,IE26903042,M00033,YUVARLAK KUTU Ø092 MAT LAK 3 PARÇA,2026-05-22 11:48:29,2026-05-22 13:03:35,75.1,,Elektrik Arızası,0
4002031,903043,IE25903043,M00137,DIKDORTGEN KUTU 245-175 MAT LAK 3 PARÇA,2025-11-03 19:54:59,2025-11-03 20:11:11,16.2,Bakım çağrıldı,Personel Yetersizliği,0
4002032,903044,IE25903044,M00137,DIKDORTGEN KUTU 245-175 MAT LAK 3 PARÇA,2025-11-04 15:07:21,2025-11-04 16:14:03,66.7,Operatör müdahalesi,Vardiya Devri,0
4002033,903045,IE25903045,M00137,DIKDORTGEN KUTU 245-175 MAT LAK 3 PARÇA,2025-11-05 15:26:33,2025-11-05 16:20:27,53.9,Kalıp söküldü,Elektrik Arızası,0
4002034,903046,IE25903046,M00137,DIKDORTGEN KUTU 245-175 MAT LAK 3 PARÇA,2025-11-06 21:52:18,2025-11-06 23:13:00,80.7,Kalıp söküldü,Kalıp Değişimi,0
4002035,903047,IE25903047,M00003,YUVARLAK KUTU 120-105 HAM TENEKE 2 PARÇA,2025-11-10 18:55:10,2025-11-10 19:10:58,15.8,Kalıp söküldü,Ayar / Numune Onayı,0
4002036,903048,IE25903048,M00003,YUVARLAK KUTU 120-105 HAM TENEKE 2 PARÇA,2025-11-11 19:25:32,2025-11-11 20:04:08,38.6,Operatör müdahalesi,Kalıp Değişimi,0
4002037,903050,IE26903050,M00001,KAPAK 090-065 HAM TENEKE 2 PARÇA,2026-07-11 14:59:26,2026-07-11 15:04:32,5.1,Yedek parça bekleniyor,Planlı Bakım,0
4002038,903051,IE26903051,M00001,KAPAK 090-065 HAM TENEKE 2 PARÇA,2026-07-12 16:17:32,2026-07-12 16:30:14,12.7,Kalıp söküldü,Kalıp Değişimi,0
4002039,903054,IE25903054,M00118,SEKIZGEN KUTU 135-145 VERNIKLI 3 PARÇA,2025-10-23 18:13:25,2025-10-23 18:30:07,16.7,,Ayar / Numune Onayı,0
4002040,903055,IE25903055,M00118,SEKIZGEN KUTU 135-145 VERNIKLI 3 PARÇA,2025-10-24 12:13:13,2025-10-24 13:28:13,75,Bakım çağrıldı,Kalıp Değişimi,0
4002041,903056,IE25903056,M00118,SEKIZGEN KUTU 135-145 VERNIKLI 3 PARÇA,2025-10-25 18:52:13,2025-10-25 19:07:07,14.9,Bakım çağrıldı,Kalıp Değişimi,0
4002042,903058,IE25903058,M00004,YUVARLAK KUTU 210-255 MAT LAK 3 PARÇA,2025-11-03 20:12:54,2025-11-03 21:56:48,103.9,,Ayar / Numune Onayı,0
4002043,903064,IE26903064,M00011,YUVARLAK KUTU 120-105 HAM TENEKE 3 PARÇA,2026-04-27 11:56:21,2026-04-27 12:01:27,5.1,Bakım çağrıldı,Enerji Kesintisi,0
4002044,903065,IE26903065,M00011,YUVARLAK KUTU 120-105 HAM TENEKE 3 PARÇA,2026-04-28 21:07:39,2026-04-28 21:54:15,46.6,Bakım çağrıldı,Elektrik Arızası,0
4002045,903066,IE26903066,M00011,YUVARLAK KUTU 120-105 HAM TENEKE 3 PARÇA,2026-04-29 10:52:19,2026-04-29 11:20:07,27.8,Kalıp söküldü,Kalıp Değişimi,0
4002046,903069,IE25903069,M00011,YUVARLAK KUTU 120-105 HAM TENEKE 3 PARÇA,2025-09-30 18:09:21,2025-09-30 18:32:09,22.8,Bakım çağrıldı,Ayar / Numune Onayı,0
4002047,903071,IE26903071,M00185,YUVARLAK KUTU 210-255 HAM TENEKE 3 PARÇA,2026-02-01 18:24:29,2026-02-01 18:59:11,34.7,Kalıp söküldü,Malzeme Bekleme,0
4002048,903073,IE26903073,M00003,YUVARLAK KUTU 120-105 HAM TENEKE 2 PARÇA,2026-03-11 08:52:27,2026-03-11 08:59:51,7.4,Operatör müdahalesi,Elektrik Arızası,0
4002049,903074,IE26903074,M00003,YUVARLAK KUTU 120-105 HAM TENEKE 2 PARÇA,2026-03-12 12:17:44,2026-03-12 13:15:08,57.4,Kalıp söküldü,Kalıp Değişimi,0
4002050,903076,IE26903076,M00003,YUVARLAK KUTU 120-105 HAM TENEKE 2 PARÇA,2026-03-14 18:25:52,2026-03-14 19:29:58,64.1,Operatör müdahalesi,Ayar / Numune Onayı,0
4002051,903077,IE26903077,M00003,YUVARLAK KUTU 120-105 HAM TENEKE 2 PARÇA,2026-02-22 14:56:41,2026-02-22 16:10:47,74.1,Operatör müdahalesi,Malzeme Bekleme,0
4002052,903078,IE26903078,M00003,YUVARLAK KUTU 120-105 HAM TENEKE 2 PARÇA,2026-02-23 21:56:09,2026-02-23 22:11:57,15.8,,Hidrolik Kaçak,0
4002053,903079,IE26903079,M00003,YUVARLAK KUTU 120-105 HAM TENEKE 2 PARÇA,2026-02-24 21:34:53,2026-02-24 21:57:29,22.6,,Kalıp Değişimi,0
4002054,903080,IE26903080,M00003,YUVARLAK KUTU 120-105 HAM TENEKE 2 PARÇA,2026-02-25 15:38:55,2026-02-25 16:19:13,40.3,Kalıp söküldü,Mekanik Arıza,0
4002055,903081,IE25903081,M00027,KALP KUTU 160-090 LITOGRAFI 3 PARÇA,2025-11-24 19:28:15,2025-11-24 19:39:57,11.7,,Hidrolik Kaçak,0
4002056,903082,IE25903082,M00027,KALP KUTU 160-090 LITOGRAFI 3 PARÇA,2025-11-25 18:52:00,2025-11-25 19:03:06,11.1,Operatör müdahalesi,Vardiya Devri,0
4002057,903083,IE25903083,M00027,KALP KUTU 160-090 LITOGRAFI 3 PARÇA,2025-11-26 13:26:25,2025-11-26 13:37:01,10.6,Operatör müdahalesi,Kalıp Değişimi,0
4002058,903084,IE25903084,M00006,SEKILLI KUTU 175-205 HAM TENEKE 3 PARÇA,2025-12-04 17:51:50,2025-12-04 18:46:26,54.6,,Mekanik Arıza,0
4002059,903085,IE25903085,M00006,SEKILLI KUTU 175-205 HAM TENEKE 3 PARÇA,2025-12-05 17:32:29,2025-12-05 17:47:59,15.5,Kalıp söküldü,Sac Sıkışması,0
4002060,903086,IE25903086,M00006,SEKILLI KUTU 175-205 HAM TENEKE 3 PARÇA,2025-12-06 14:38:51,2025-12-06 15:13:45,34.9,,Kalıp Değişimi,0
4002061,903087,IE26903087,M00001,KAPAK 090-065 HAM TENEKE 2 PARÇA,2026-05-16 18:34:25,2026-05-16 19:40:13,65.8,Bakım çağrıldı,Kalıp Değişimi,0
4002062,903094,IE25903094,M00006,SEKILLI KUTU 175-205 HAM TENEKE 3 PARÇA,2025-11-08 14:20:28,2025-11-08 15:06:16,45.8,Operatör müdahalesi,Kalite Duruşu,0
4002063,903095,IE25903095,M00006,SEKILLI KUTU 175-205 HAM TENEKE 3 PARÇA,2025-11-09 14:55:45,2025-11-09 15:35:27,39.7,Operatör müdahalesi,Sac Sıkışması,0
4002064,903096,IE25903096,M00006,SEKILLI KUTU 175-205 HAM TENEKE 3 PARÇA,2025-11-10 17:29:24,2025-11-10 18:02:18,32.9,,Elektrik Arızası,0
4002065,903097,IE25903097,M00002,TEPSI 325-125 MAT LAK 3 PARÇA,2025-07-08 12:05:15,2025-07-08 12:29:39,24.4,Bakım çağrıldı,Enerji Kesintisi,0
4002066,903099,IE25903099,M00002,TEPSI 325-125 MAT LAK 3 PARÇA,2025-07-10 13:29:33,2025-07-10 14:17:15,47.7,Bakım çağrıldı,Hidrolik Kaçak,0
4002067,903100,IE25903100,M00002,TEPSI 325-125 MAT LAK 3 PARÇA,2025-07-11 18:33:37,2025-07-11 19:14:07,40.5,Bakım çağrıldı,Hidrolik Kaçak,0
4002068,903101,IE25903101,M00012,YUVARLAK KUTU 205-050 LITOGRAFI 2 PARÇA,2025-07-09 07:34:38,2025-07-09 08:45:44,71.1,Operatör müdahalesi,Malzeme Bekleme,0
4002069,903103,IE25903103,M00012,YUVARLAK KUTU 205-050 LITOGRAFI 2 PARÇA,2025-07-11 07:37:56,2025-07-11 07:59:50,21.9,Yedek parça bekleniyor,Kalıp Değişimi,0
4002070,903104,IE25903104,M00012,YUVARLAK KUTU 205-050 LITOGRAFI 2 PARÇA,2025-07-12 16:33:01,2025-07-12 16:59:43,26.7,Bakım çağrıldı,Ayar / Numune Onayı,0
4002071,903106,IE26903106,M00012,YUVARLAK KUTU 205-050 LITOGRAFI 2 PARÇA,2026-04-13 17:04:41,2026-04-13 17:49:29,44.8,Kalıp söküldü,Ayar / Numune Onayı,0
4002072,903107,IE26903107,M00012,YUVARLAK KUTU 205-050 LITOGRAFI 2 PARÇA,2026-04-14 12:18:02,2026-04-14 12:44:26,26.4,Operatör müdahalesi,Ayar / Numune Onayı,0
4002073,903108,IE26903108,M00012,YUVARLAK KUTU 205-050 LITOGRAFI 2 PARÇA,2026-04-15 07:38:35,2026-04-15 08:01:23,22.8,Yedek parça bekleniyor,Kalıp Değişimi,0
4002074,903113,IE25903113,M00258,PLAKA-BARDAK ALTI 185-115 LITOGRAFI 3 PARÇA,2025-07-14 14:26:31,2025-07-14 15:08:43,42.2,Yedek parça bekleniyor,Mekanik Arıza,0
4002075,903114,IE25903114,M00258,PLAKA-BARDAK ALTI 185-115 LITOGRAFI 3 PARÇA,2025-07-15 10:10:09,2025-07-15 11:05:21,55.2,Operatör müdahalesi,Sac Sıkışması,0
4002076,903116,IE25903116,M00006,SEKILLI KUTU 175-205 HAM TENEKE 3 PARÇA,2025-09-01 21:41:11,2025-09-01 22:20:35,39.4,Operatör müdahalesi,Kalıp Değişimi,0
4002077,903117,IE25903117,M00006,SEKILLI KUTU 175-205 HAM TENEKE 3 PARÇA,2025-09-02 16:16:48,2025-09-02 17:23:00,66.2,Operatör müdahalesi,Malzeme Bekleme,0
4002078,903118,IE25903118,M00006,SEKILLI KUTU 175-205 HAM TENEKE 3 PARÇA,2025-09-03 11:41:44,2025-09-03 12:31:14,49.5,,Kalıp Değişimi,0
4002079,903120,IE25903120,M00003,YUVARLAK KUTU 120-105 HAM TENEKE 2 PARÇA,2025-09-09 18:24:41,2025-09-09 18:48:53,24.2,Yedek parça bekleniyor,Vardiya Devri,0
4002080,903121,IE25903121,M00003,YUVARLAK KUTU 120-105 HAM TENEKE 2 PARÇA,2025-09-10 15:30:47,2025-09-10 16:42:29,71.7,,Sac Sıkışması,0
4002081,903124,IE26903124,M00001,KAPAK 090-065 HAM TENEKE 2 PARÇA,2026-06-18 17:12:31,2026-06-18 17:34:19,21.8,Operatör müdahalesi,Kalıp Değişimi,0
4002082,903125,IE26903125,M00001,KAPAK 090-065 HAM TENEKE 2 PARÇA,2026-06-19 10:44:42,2026-06-19 10:59:48,15.1,Yedek parça bekleniyor,Planlı Bakım,0
4002083,903126,IE26903126,M00001,KAPAK 090-065 HAM TENEKE 2 PARÇA,2026-06-20 15:17:40,2026-06-20 15:33:04,15.4,Kalıp söküldü,Kalıp Değişimi,0
4002084,903128,IE25903128,M00002,TEPSI 325-125 MAT LAK 3 PARÇA,2025-12-07 07:39:10,2025-12-07 08:38:16,59.1,Kalıp söküldü,Malzeme Bekleme,0
4002085,903129,IE25903129,M00002,TEPSI 325-125 MAT LAK 3 PARÇA,2025-12-08 23:01:57,2025-12-08 23:25:33,23.6,Operatör müdahalesi,Kalıp Değişimi,0
4002086,903130,IE25903130,M00002,TEPSI 325-125 MAT LAK 3 PARÇA,2025-12-09 19:19:57,2025-12-09 20:39:27,79.5,Kalıp söküldü,Kalıp Değişimi,0
4002087,903132,IE25903132,M00307,YUVARLAK KUTU 158-175 HAM TENEKE 3 PARÇA,2025-07-17 13:40:37,2025-07-17 13:59:25,18.8,Operatör müdahalesi,Elektrik Arızası,0
4002088,903133,IE25903133,M00307,YUVARLAK KUTU 158-175 HAM TENEKE 3 PARÇA,2025-07-18 07:12:55,2025-07-18 07:29:49,16.9,Kalıp söküldü,Ayar / Numune Onayı,0
4002089,903134,IE26903134,M00026,ALTIGEN KUTU 125-085 LITOGRAFI 2 PARÇA,2026-04-17 21:49:46,2026-04-17 21:58:10,8.4,Yedek parça bekleniyor,Planlı Bakım,0
4002090,903135,IE26903135,M00026,ALTIGEN KUTU 125-085 LITOGRAFI 2 PARÇA,2026-04-18 17:03:06,2026-04-18 17:47:18,44.2,Kalıp söküldü,Planlı Bakım,0
4002091,903137,IE25903137,M00027,KALP KUTU 160-090 LITOGRAFI 3 PARÇA,2025-10-08 14:03:36,2025-10-08 14:28:54,25.3,Operatör müdahalesi,Sac Sıkışması,0
4002092,903139,IE25903139,M00027,KALP KUTU 160-090 LITOGRAFI 3 PARÇA,2025-10-10 11:12:39,2025-10-10 12:15:33,62.9,Operatör müdahalesi,Personel Yetersizliği,0
4002093,903140,IE25903140,M00027,KALP KUTU 160-090 LITOGRAFI 3 PARÇA,2025-10-11 20:33:07,2025-10-11 21:16:31,43.4,Kalıp söküldü,Vardiya Devri,0
4002094,903141,IE26903141,M00005,DIKDORTGEN KUTU 145-095 MAT LAK 2 PARÇA,2026-07-12 11:58:22,2026-07-12 12:29:28,31.1,,Kalıp Değişimi,0
4002095,903142,IE26903142,M00005,DIKDORTGEN KUTU 145-095 MAT LAK 2 PARÇA,2026-07-13 15:28:58,2026-07-13 15:35:16,6.3,Kalıp söküldü,Kalıp Değişimi,0
4002096,903144,IE26903144,M00016,YUVARLAK-SIVAMA KUTU Ø068 HAM TENEKE 2 PARÇA,2026-06-08 08:53:12,2026-06-08 09:41:00,47.8,Kalıp söküldü,Kalıp Değişimi,0
4002097,903145,IE26903145,M00016,YUVARLAK-SIVAMA KUTU Ø068 HAM TENEKE 2 PARÇA,2026-06-09 10:05:54,2026-06-09 10:42:18,36.4,Kalıp söküldü,Kalite Duruşu,0
4002098,903147,IE25903147,M00001,KAPAK 090-065 HAM TENEKE 2 PARÇA,2025-11-29 11:58:56,2025-11-29 12:59:44,60.8,Operatör müdahalesi,Kalıp Değişimi,0
4002099,903149,IE25903149,M00001,KAPAK 090-065 HAM TENEKE 2 PARÇA,2025-12-01 18:59:46,2025-12-01 19:12:16,12.5,,Kalıp Değişimi,0
4002100,903150,IE25903150,M00001,KAPAK 090-065 HAM TENEKE 2 PARÇA,2025-12-02 19:29:24,2025-12-02 19:47:24,18,Operatör müdahalesi,Malzeme Bekleme,0
4002101,903151,IE26903151,M00002,TEPSI 325-125 MAT LAK 3 PARÇA,2026-02-20 14:21:48,2026-02-20 15:10:30,48.7,Bakım çağrıldı,Kalıp Değişimi,0
4002102,903153,IE26903153,M00002,TEPSI 325-125 MAT LAK 3 PARÇA,2026-02-22 19:34:44,2026-02-22 20:19:50,45.1,Yedek parça bekleniyor,Malzeme Bekleme,0
4002103,903154,IE26903154,M00002,TEPSI 325-125 MAT LAK 3 PARÇA,2026-02-23 16:28:57,2026-02-23 17:37:09,68.2,Kalıp söküldü,Kalıp Değişimi,0
4002104,903156,IE26903156,M00007,DIKDORTGEN KUTU 185-115 MAT LAK 2 PARÇA,2026-03-13 08:02:07,2026-03-13 09:30:07,88,Kalıp söküldü,Sac Sıkışması,0
4002105,903157,IE26903157,M00007,DIKDORTGEN KUTU 185-115 MAT LAK 2 PARÇA,2026-03-14 17:19:58,2026-03-14 17:45:28,25.5,,Kalıp Değişimi,0
4002106,903160,IE25903160,M00094,YUVARLAK KUTU 135-145 MAT LAK 3 PARÇA,2025-12-06 12:47:39,2025-12-06 13:40:15,52.6,Operatör müdahalesi,Personel Yetersizliği,0
4002107,903161,IE25903161,M00094,YUVARLAK KUTU 135-145 MAT LAK 3 PARÇA,2025-12-07 18:20:21,2025-12-07 18:50:51,30.5,,Kalıp Değişimi,0
4002108,903162,IE26903162,M00006,SEKILLI KUTU 175-205 HAM TENEKE 3 PARÇA,2026-02-24 11:28:41,2026-02-24 11:58:53,30.2,Yedek parça bekleniyor,Hidrolik Kaçak,0
4002109,903163,IE26903163,M00006,SEKILLI KUTU 175-205 HAM TENEKE 3 PARÇA,2026-02-25 08:18:40,2026-02-25 08:59:10,40.5,Operatör müdahalesi,Ayar / Numune Onayı,0
4002110,903165,IE26903165,M00006,SEKILLI KUTU 175-205 HAM TENEKE 3 PARÇA,2026-02-27 11:47:50,2026-02-27 12:43:20,55.5,Operatör müdahalesi,Kalite Duruşu,0
4002111,903166,IE25903166,M00002,TEPSI 325-125 MAT LAK 3 PARÇA,2025-10-31 12:03:19,2025-10-31 12:56:43,53.4,Kalıp söküldü,Ayar / Numune Onayı,0
4002112,903168,IE25903168,M00002,TEPSI 325-125 MAT LAK 3 PARÇA,2025-11-02 10:49:31,2025-11-02 11:22:19,32.8,Yedek parça bekleniyor,Mekanik Arıza,0
4002113,903170,IE26903170,M00272,YUVARLAK KUTU 078-095 VERNIKLI 2 PARÇA,2026-01-22 16:35:55,2026-01-22 17:00:01,24.1,Bakım çağrıldı,Kalıp Değişimi,0
4002114,903171,IE26903171,M00272,YUVARLAK KUTU 078-095 VERNIKLI 2 PARÇA,2026-01-23 19:54:42,2026-01-23 20:54:00,59.3,Kalıp söküldü,Kalıp Değişimi,0
4002115,903172,IE26903172,M00018,SEKIZGEN KUTU 135-145 HAM TENEKE 2 PARÇA,2026-01-18 21:04:07,2026-01-18 21:55:19,51.2,,Kalıp Değişimi,0
4002116,903173,IE26903173,M00018,SEKIZGEN KUTU 135-145 HAM TENEKE 2 PARÇA,2026-01-19 13:32:16,2026-01-19 13:49:04,16.8,Bakım çağrıldı,Vardiya Devri,0
4002117,903174,IE26903174,M00018,SEKIZGEN KUTU 135-145 HAM TENEKE 2 PARÇA,2026-01-20 16:27:52,2026-01-20 17:52:28,84.6,Bakım çağrıldı,Kalıp Değişimi,0
4002118,903175,IE26903175,M00018,SEKIZGEN KUTU 135-145 HAM TENEKE 2 PARÇA,2026-01-21 17:24:10,2026-01-21 18:34:40,70.5,Bakım çağrıldı,Elektrik Arızası,0
4002119,903177,IE25903177,M00018,SEKIZGEN KUTU 135-145 HAM TENEKE 2 PARÇA,2025-07-03 11:22:25,2025-07-03 12:23:07,60.7,,Hidrolik Kaçak,0
4002120,903180,IE26903180,M00003,YUVARLAK KUTU 120-105 HAM TENEKE 2 PARÇA,2026-05-03 10:50:24,2026-05-03 11:05:42,15.3,Operatör müdahalesi,Kalıp Değişimi,0
4002121,903181,IE26903181,M00003,YUVARLAK KUTU 120-105 HAM TENEKE 2 PARÇA,2026-05-04 09:59:20,2026-05-04 10:25:50,26.5,Yedek parça bekleniyor,Malzeme Bekleme,0
4002122,903184,IE25903184,M00141,SEKIZGEN KUTU 135-145 LITOGRAFI 3 PARÇA,2025-10-15 13:46:41,2025-10-15 14:14:47,28.1,Bakım çağrıldı,Malzeme Bekleme,0
4002123,903185,IE25903185,M00141,SEKIZGEN KUTU 135-145 LITOGRAFI 3 PARÇA,2025-10-16 12:43:15,2025-10-16 13:16:57,33.7,Kalıp söküldü,Elektrik Arızası,0
4002124,903186,IE25903186,M00009,YUVARLAK KUTU 245-175 VERNIKLI 3 PARÇA,2025-07-13 15:37:19,2025-07-13 16:08:01,30.7,Operatör müdahalesi,Planlı Bakım,0
4002125,903189,IE25903189,M00009,YUVARLAK KUTU 245-175 VERNIKLI 3 PARÇA,2025-07-16 12:26:12,2025-07-16 12:34:36,8.4,Operatör müdahalesi,Elektrik Arızası,0
4002126,903190,IE26903190,M00078,YUVARLAK KUTU 255-205 MAT LAK 2 PARÇA,2026-05-29 10:39:28,2026-05-29 11:24:58,45.5,Yedek parça bekleniyor,Vardiya Devri,0
4002127,903191,IE26903191,M00078,YUVARLAK KUTU 255-205 MAT LAK 2 PARÇA,2026-05-30 19:41:05,2026-05-30 20:04:53,23.8,Operatör müdahalesi,Planlı Bakım,0
4002128,903194,IE25903194,M00032,TEPSI Ø068 VERNIKLI 3 PARÇA,2025-08-31 08:10:17,2025-08-31 08:50:59,40.7,,Kalıp Değişimi,0
4002129,903195,IE25903195,M00032,TEPSI Ø068 VERNIKLI 3 PARÇA,2025-09-01 07:16:56,2025-09-01 07:27:38,10.7,Kalıp söküldü,Ayar / Numune Onayı,0
4002130,903197,IE25903197,M00071,YUVARLAK KUTU 255-205 HAM TENEKE 3 PARÇA,2025-07-13 13:44:36,2025-07-13 13:53:06,8.5,Bakım çağrıldı,Malzeme Bekleme,0
4002131,903199,IE25903199,M00071,YUVARLAK KUTU 255-205 HAM TENEKE 3 PARÇA,2025-07-15 19:58:02,2025-07-15 21:04:38,66.6,Operatör müdahalesi,Malzeme Bekleme,0
4002132,903202,IE26903202,M00001,KAPAK 090-065 HAM TENEKE 2 PARÇA,2026-04-21 09:52:51,2026-04-21 10:15:09,22.3,Kalıp söküldü,Vardiya Devri,0
4002133,903203,IE25903203,M00115,OVAL KUTU 295-165 VERNIKLI 2 PARÇA,2025-11-11 08:12:23,2025-11-11 08:41:11,28.8,Kalıp söküldü,Kalıp Değişimi,0
4002134,903204,IE25903204,M00115,OVAL KUTU 295-165 VERNIKLI 2 PARÇA,2025-11-12 13:59:21,2025-11-12 14:27:51,28.5,Kalıp söküldü,Ayar / Numune Onayı,0
4002135,903205,IE25903205,M00115,OVAL KUTU 295-165 VERNIKLI 2 PARÇA,2025-11-13 20:36:29,2025-11-13 22:01:47,85.3,Operatör müdahalesi,Malzeme Bekleme,0
4002136,903206,IE25903206,M00115,OVAL KUTU 295-165 VERNIKLI 2 PARÇA,2025-11-14 21:19:44,2025-11-14 21:44:14,24.5,Kalıp söküldü,Elektrik Arızası,0
4002137,903207,IE25903207,M00006,SEKILLI KUTU 175-205 HAM TENEKE 3 PARÇA,2025-07-16 14:09:16,2025-07-16 14:28:52,19.6,Bakım çağrıldı,Elektrik Arızası,0
4002138,903210,IE25903210,M00006,SEKILLI KUTU 175-205 HAM TENEKE 3 PARÇA,2025-07-19 21:43:38,2025-07-19 22:34:32,50.9,Operatör müdahalesi,Kalıp Değişimi,0
4002139,903211,IE25903211,M00094,YUVARLAK KUTU 135-145 MAT LAK 3 PARÇA,2025-10-23 12:02:28,2025-10-23 12:34:40,32.2,Kalıp söküldü,Ayar / Numune Onayı,0
4002140,903212,IE25903212,M00094,YUVARLAK KUTU 135-145 MAT LAK 3 PARÇA,2025-10-24 07:52:58,2025-10-24 08:09:28,16.5,Yedek parça bekleniyor,Sac Sıkışması,0
4002141,903215,IE25903215,M00003,YUVARLAK KUTU 120-105 HAM TENEKE 2 PARÇA,2025-12-05 20:56:24,2025-12-05 21:41:18,44.9,Bakım çağrıldı,Kalite Duruşu,0
4002142,903216,IE25903216,M00003,YUVARLAK KUTU 120-105 HAM TENEKE 2 PARÇA,2025-12-06 15:12:28,2025-12-06 16:06:22,53.9,,Planlı Bakım,0
4002143,903217,IE25903217,M00003,YUVARLAK KUTU 120-105 HAM TENEKE 2 PARÇA,2025-12-07 15:46:35,2025-12-07 16:28:59,42.4,Yedek parça bekleniyor,Personel Yetersizliği,0
4002144,903219,IE26903219,M00094,YUVARLAK KUTU 135-145 MAT LAK 3 PARÇA,2026-01-01 16:18:44,2026-01-01 16:28:14,9.5,Yedek parça bekleniyor,Kalıp Değişimi,0
4002145,903220,IE26903220,M00094,YUVARLAK KUTU 135-145 MAT LAK 3 PARÇA,2026-01-02 09:06:52,2026-01-02 09:25:40,18.8,Yedek parça bekleniyor,Elektrik Arızası,0
4002146,903221,IE25903221,M00060,YUVARLAK KUTU Y120-105 LITOGRAFI 3 PARÇA,2025-07-28 11:07:29,2025-07-28 11:40:35,33.1,Kalıp söküldü,Vardiya Devri,0
4002147,903222,IE25903222,M00060,YUVARLAK KUTU Y120-105 LITOGRAFI 3 PARÇA,2025-07-29 12:37:48,2025-07-29 13:03:12,25.4,Operatör müdahalesi,Vardiya Devri,0
4002148,903223,IE25903223,M00060,YUVARLAK KUTU Y120-105 LITOGRAFI 3 PARÇA,2025-07-30 22:57:35,2025-07-31 00:05:29,67.9,,Malzeme Bekleme,0
4002149,903224,IE25903224,M00060,YUVARLAK KUTU Y120-105 LITOGRAFI 3 PARÇA,2025-07-31 20:10:47,2025-07-31 20:42:29,31.7,Kalıp söküldü,Kalıp Değişimi,0
4002150,903229,IE26903229,M00111,KARE KUTU 225-165 MAT LAK 2 PARÇA,2026-05-17 15:25:19,2026-05-17 16:34:43,69.4,Yedek parça bekleniyor,Kalıp Değişimi,0
4002151,903230,IE26903230,M00111,KARE KUTU 225-165 MAT LAK 2 PARÇA,2026-05-18 18:57:20,2026-05-18 20:02:20,65,Bakım çağrıldı,Ayar / Numune Onayı,0
4002152,903236,IE25903236,M00045,YUVARLAK KUTU Ø092 HAM TENEKE 3 PARÇA,2025-09-06 09:26:06,2025-09-06 09:55:24,29.3,Kalıp söküldü,Malzeme Bekleme,0
4002153,903238,IE25903238,M00045,YUVARLAK KUTU Ø092 HAM TENEKE 3 PARÇA,2025-09-08 19:09:44,2025-09-08 19:56:20,46.6,Operatör müdahalesi,Vardiya Devri,0
4002154,903239,IE25903239,M00045,YUVARLAK KUTU Ø092 HAM TENEKE 3 PARÇA,2025-09-09 10:20:41,2025-09-09 10:51:11,30.5,Bakım çağrıldı,Vardiya Devri,0
4002155,903240,IE25903240,M00005,DIKDORTGEN KUTU 145-095 MAT LAK 2 PARÇA,2025-10-23 16:36:56,2025-10-23 17:28:08,51.2,,Sac Sıkışması,0
4002156,903241,IE25903241,M00005,DIKDORTGEN KUTU 145-095 MAT LAK 2 PARÇA,2025-10-24 08:04:19,2025-10-24 08:17:01,12.7,Yedek parça bekleniyor,Kalıp Değişimi,0
4002157,903242,IE25903242,M00005,DIKDORTGEN KUTU 145-095 MAT LAK 2 PARÇA,2025-10-25 21:05:20,2025-10-25 22:11:20,66,Bakım çağrıldı,Kalıp Değişimi,0
4002158,903243,IE25903243,M00006,SEKILLI KUTU 175-205 HAM TENEKE 3 PARÇA,2025-12-30 12:33:13,2025-12-30 13:33:25,60.2,Kalıp söküldü,Mekanik Arıza,0
4002159,903244,IE25903244,M00006,SEKILLI KUTU 175-205 HAM TENEKE 3 PARÇA,2025-12-31 10:27:09,2025-12-31 10:37:09,10,,Ayar / Numune Onayı,0
4002160,903245,IE26903245,M00006,SEKILLI KUTU 175-205 HAM TENEKE 3 PARÇA,2026-01-01 15:34:16,2026-01-01 16:33:46,59.5,Kalıp söküldü,Mekanik Arıza,0
4002161,903246,IE26903246,M00006,SEKILLI KUTU 175-205 HAM TENEKE 3 PARÇA,2026-01-02 19:54:48,2026-01-02 20:53:48,59,Bakım çağrıldı,Ayar / Numune Onayı,0
4002162,903247,IE25903247,M00142,YUVARLAK KUTU 158-175 LITOGRAFI 2 PARÇA,2025-06-29 20:23:50,2025-06-29 21:46:08,82.3,Bakım çağrıldı,Sac Sıkışması,0
4002163,903248,IE25903248,M00142,YUVARLAK KUTU 158-175 LITOGRAFI 2 PARÇA,2025-06-30 18:35:43,2025-06-30 19:01:37,25.9,Yedek parça bekleniyor,Vardiya Devri,0
4002164,903249,IE25903249,M00142,YUVARLAK KUTU 158-175 LITOGRAFI 2 PARÇA,2025-07-01 09:11:18,2025-07-01 09:35:12,23.9,Bakım çağrıldı,Mekanik Arıza,0
4002165,903250,IE25903250,M00142,YUVARLAK KUTU 158-175 LITOGRAFI 2 PARÇA,2025-07-02 20:02:42,2025-07-02 21:11:48,69.1,,Kalite Duruşu,0
4002166,903252,IE25903252,M00001,KAPAK 090-065 HAM TENEKE 2 PARÇA,2025-08-10 19:06:40,2025-08-10 19:19:58,13.3,Yedek parça bekleniyor,Kalıp Değişimi,0
4002167,903254,IE25903254,M00001,KAPAK 090-065 HAM TENEKE 2 PARÇA,2025-08-12 18:32:52,2025-08-12 19:14:58,42.1,Yedek parça bekleniyor,Kalite Duruşu,0
4002168,903255,IE25903255,M00059,YUVARLAK KUTU Ø148 HAM TENEKE 2 PARÇA,2025-06-28 20:31:04,2025-06-28 21:37:52,66.8,Yedek parça bekleniyor,Kalıp Değişimi,0
4002169,903256,IE25903256,M00059,YUVARLAK KUTU Ø148 HAM TENEKE 2 PARÇA,2025-06-29 07:17:08,2025-06-29 09:28:08,131,,Kalıp Değişimi,0
4002170,903257,IE25903257,M00059,YUVARLAK KUTU Ø148 HAM TENEKE 2 PARÇA,2025-06-30 10:16:53,2025-06-30 10:28:59,12.1,,Mekanik Arıza,0
4002171,903258,IE25903258,M00059,YUVARLAK KUTU Ø148 HAM TENEKE 2 PARÇA,2025-07-01 10:30:27,2025-07-01 10:56:33,26.1,Yedek parça bekleniyor,Kalıp Değişimi,0
4002172,903263,IE26903263,M00037,YUVARLAK KUTU 078-095 MAT LAK 3 PARÇA,2026-06-23 08:53:22,2026-06-23 09:56:58,63.6,,Kalıp Değişimi,0
4002173,903264,IE26903264,M00037,YUVARLAK KUTU 078-095 MAT LAK 3 PARÇA,2026-06-24 20:13:17,2026-06-24 20:38:17,25,Operatör müdahalesi,Malzeme Bekleme,0
4002174,903265,IE26903265,M00037,YUVARLAK KUTU 078-095 MAT LAK 3 PARÇA,2026-06-25 14:28:37,2026-06-25 14:36:37,8,Yedek parça bekleniyor,Kalıp Değişimi,0
4002175,903266,IE26903266,M00001,KAPAK 090-065 HAM TENEKE 2 PARÇA,2026-03-29 17:04:13,2026-03-29 17:27:19,23.1,Yedek parça bekleniyor,Kalıp Değişimi,0
4002176,903269,IE26903269,M00001,KAPAK 090-065 HAM TENEKE 2 PARÇA,2026-04-01 08:25:21,2026-04-01 09:17:15,51.9,,Mekanik Arıza,0
4002177,903270,IE25903270,M00001,KAPAK 090-065 HAM TENEKE 2 PARÇA,2025-11-21 15:09:00,2025-11-21 15:21:06,12.1,Bakım çağrıldı,Kalıp Değişimi,0
4002178,903271,IE25903271,M00001,KAPAK 090-065 HAM TENEKE 2 PARÇA,2025-11-22 11:03:04,2025-11-22 11:59:04,56,Operatör müdahalesi,Ayar / Numune Onayı,0
4002179,903272,IE25903272,M00001,KAPAK 090-065 HAM TENEKE 2 PARÇA,2025-11-23 14:52:48,2025-11-23 15:56:06,63.3,Operatör müdahalesi,Kalıp Değişimi,0
4002180,903273,IE25903273,M00006,SEKILLI KUTU 175-205 HAM TENEKE 3 PARÇA,2025-06-30 15:04:32,2025-06-30 15:28:14,23.7,,Ayar / Numune Onayı,0
4002181,903274,IE25903274,M00006,SEKILLI KUTU 175-205 HAM TENEKE 3 PARÇA,2025-07-01 08:14:17,2025-07-01 08:28:29,14.2,Kalıp söküldü,Elektrik Arızası,0
4002182,903277,IE26903277,M00098,YUVARLAK KUTU 255-205 VERNIKLI 2 PARÇA,2026-05-10 15:50:05,2026-05-10 16:21:35,31.5,Kalıp söküldü,Kalıp Değişimi,0
4002183,903278,IE26903278,M00098,YUVARLAK KUTU 255-205 VERNIKLI 2 PARÇA,2026-05-11 21:11:20,2026-05-11 21:40:20,29,Yedek parça bekleniyor,Kalıp Değişimi,0
4002184,903279,IE25903279,M00008,YUVARLAK KUTU 210-255 HAM TENEKE 3 PARÇA,2025-11-30 09:31:10,2025-11-30 10:16:10,45,Bakım çağrıldı,Ayar / Numune Onayı,0
4002185,903280,IE25903280,M00008,YUVARLAK KUTU 210-255 HAM TENEKE 3 PARÇA,2025-12-01 21:42:50,2025-12-01 22:11:02,28.2,Operatör müdahalesi,Mekanik Arıza,0
4002186,903281,IE25903281,M00008,YUVARLAK KUTU 210-255 HAM TENEKE 3 PARÇA,2025-12-02 21:21:13,2025-12-02 21:56:37,35.4,Bakım çağrıldı,Planlı Bakım,0
4002187,903284,IE26903284,M00002,TEPSI 325-125 MAT LAK 3 PARÇA,2026-03-26 20:01:19,2026-03-26 22:34:25,153.1,,Sac Sıkışması,0
4002188,903286,IE26903286,M00001,KAPAK 090-065 HAM TENEKE 2 PARÇA,2026-02-12 15:12:44,2026-02-12 15:35:38,22.9,,Mekanik Arıza,0
4002189,903287,IE26903287,M00001,KAPAK 090-065 HAM TENEKE 2 PARÇA,2026-02-13 09:54:31,2026-02-13 10:31:43,37.2,Operatör müdahalesi,Kalıp Değişimi,0
4002190,903288,IE25903288,M00004,YUVARLAK KUTU 210-255 MAT LAK 3 PARÇA,2025-07-12 19:14:53,2025-07-12 19:48:11,33.3,,Vardiya Devri,0
4002191,903289,IE25903289,M00004,YUVARLAK KUTU 210-255 MAT LAK 3 PARÇA,2025-07-13 18:42:49,2025-07-13 19:17:31,34.7,Operatör müdahalesi,Planlı Bakım,0
4002192,903291,IE25903291,M00038,YUVARLAK KUTU 120-105 VERNIKLI 3 PARÇA,2025-10-13 09:34:29,2025-10-13 10:30:41,56.2,,Hidrolik Kaçak,0
4002193,903292,IE25903292,M00038,YUVARLAK KUTU 120-105 VERNIKLI 3 PARÇA,2025-10-14 09:48:15,2025-10-14 10:03:27,15.2,Yedek parça bekleniyor,Ayar / Numune Onayı,0
4002194,903293,IE25903293,M00038,YUVARLAK KUTU 120-105 VERNIKLI 3 PARÇA,2025-10-15 20:48:03,2025-10-15 22:08:21,80.3,Operatör müdahalesi,Elektrik Arızası,0
4002195,903294,IE25903294,M00038,YUVARLAK KUTU 120-105 VERNIKLI 3 PARÇA,2025-10-16 14:48:59,2025-10-16 15:49:17,60.3,Kalıp söküldü,Ayar / Numune Onayı,0
4002196,903296,IE25903296,M00076,TEPSI 325-125 MAT LAK 2 PARÇA,2025-07-20 16:03:22,2025-07-20 16:30:46,27.4,Yedek parça bekleniyor,Kalıp Değişimi,0
4002197,903297,IE25903297,M00076,TEPSI 325-125 MAT LAK 2 PARÇA,2025-07-21 08:21:07,2025-07-21 09:12:37,51.5,,Malzeme Bekleme,0
4002198,903298,IE26903298,M00165,YUVARLAK KUTU 078-095 VERNIKLI 2 PARÇA,2026-03-08 19:42:55,2026-03-08 20:14:37,31.7,Operatör müdahalesi,Personel Yetersizliği,0
4002199,903299,IE26903299,M00165,YUVARLAK KUTU 078-095 VERNIKLI 2 PARÇA,2026-03-09 21:38:13,2026-03-09 22:22:31,44.3,Bakım çağrıldı,Kalite Duruşu,0
4002200,903300,IE26903300,M00165,YUVARLAK KUTU 078-095 VERNIKLI 2 PARÇA,2026-03-10 21:22:37,2026-03-10 21:58:43,36.1,Bakım çağrıldı,Sac Sıkışması,0
4002201,903301,IE26903301,M00165,YUVARLAK KUTU 078-095 VERNIKLI 2 PARÇA,2026-03-11 13:23:20,2026-03-11 13:29:56,6.6,,Kalite Duruşu,0
4002202,903303,IE26903303,M00056,TEPSI 325-125 LITOGRAFI 2 PARÇA,2026-07-27 22:34:03,2026-07-27 23:00:45,26.7,,Ayar / Numune Onayı,0
4002203,903304,IE26903304,M00056,TEPSI 325-125 LITOGRAFI 2 PARÇA,2026-07-28 18:55:39,2026-07-28 19:54:21,58.7,,Kalıp Değişimi,0
4002204,903306,IE26903306,M00052,YUVARLAK KUTU 135-145 LITOGRAFI 2 PARÇA,2026-04-10 08:16:48,2026-04-10 09:01:30,44.7,,Malzeme Bekleme,0
4002205,903307,IE26903307,M00052,YUVARLAK KUTU 135-145 LITOGRAFI 2 PARÇA,2026-04-11 22:24:34,2026-04-11 23:42:10,77.6,Yedek parça bekleniyor,Mekanik Arıza,0
4002206,903308,IE26903308,M00052,YUVARLAK KUTU 135-145 LITOGRAFI 2 PARÇA,2026-04-12 09:49:30,2026-04-12 10:40:06,50.6,,Sac Sıkışması,0
4002207,903309,IE26903309,M00040,YUVARLAK KUTU 255-205 MAT LAK 3 PARÇA,2026-03-01 10:41:35,2026-03-01 11:22:47,41.2,,Mekanik Arıza,0
4002208,903310,IE26903310,M00040,YUVARLAK KUTU 255-205 MAT LAK 3 PARÇA,2026-03-02 15:22:11,2026-03-02 16:18:59,56.8,Operatör müdahalesi,Hidrolik Kaçak,0
4002209,903311,IE26903311,M00040,YUVARLAK KUTU 255-205 MAT LAK 3 PARÇA,2026-03-03 16:02:30,2026-03-03 16:50:12,47.7,,Mekanik Arıza,0
4002210,903312,IE26903312,M00051,YUVARLAK-SIVAMA KUTU Ø068 VERNIKLI 3 PARÇA,2026-05-31 11:54:54,2026-05-31 12:53:36,58.7,,Ayar / Numune Onayı,0
4002211,903313,IE26903313,M00051,YUVARLAK-SIVAMA KUTU Ø068 VERNIKLI 3 PARÇA,2026-06-01 09:23:55,2026-06-01 10:35:13,71.3,Bakım çağrıldı,Malzeme Bekleme,0
4002212,903314,IE26903314,M00051,YUVARLAK-SIVAMA KUTU Ø068 VERNIKLI 3 PARÇA,2026-06-02 10:36:52,2026-06-02 11:44:16,67.4,,Ayar / Numune Onayı,0
4002213,903315,IE26903315,M00051,YUVARLAK-SIVAMA KUTU Ø068 VERNIKLI 3 PARÇA,2026-06-03 20:21:48,2026-06-03 20:45:30,23.7,Operatör müdahalesi,Planlı Bakım,0
4002214,903316,IE26903316,M00012,YUVARLAK KUTU 205-050 LITOGRAFI 2 PARÇA,2026-03-02 20:41:42,2026-03-02 21:17:00,35.3,,Vardiya Devri,0
4002215,903317,IE26903317,M00012,YUVARLAK KUTU 205-050 LITOGRAFI 2 PARÇA,2026-03-03 12:08:55,2026-03-03 12:15:07,6.2,Yedek parça bekleniyor,Kalıp Değişimi,0
4002216,903320,IE25903320,M00001,KAPAK 090-065 HAM TENEKE 2 PARÇA,2025-07-01 17:38:39,2025-07-01 17:50:21,11.7,Bakım çağrıldı,Ayar / Numune Onayı,0
4002217,903323,IE26903323,M00022,SEKIZGEN KUTU 135-145 VERNIKLI 2 PARÇA,2026-03-03 08:36:07,2026-03-03 09:22:55,46.8,,Ayar / Numune Onayı,0
4002218,903324,IE26903324,M00022,SEKIZGEN KUTU 135-145 VERNIKLI 2 PARÇA,2026-03-04 21:45:04,2026-03-04 23:05:10,80.1,,Hidrolik Kaçak,0
4002219,903325,IE26903325,M00022,SEKIZGEN KUTU 135-145 VERNIKLI 2 PARÇA,2026-03-05 12:20:22,2026-03-05 12:49:52,29.5,Yedek parça bekleniyor,Hidrolik Kaçak,0
4002220,903326,IE25903326,M00004,YUVARLAK KUTU 210-255 MAT LAK 3 PARÇA,2025-10-02 10:05:06,2025-10-02 10:14:54,9.8,Bakım çağrıldı,Kalıp Değişimi,0
4002221,903327,IE25903327,M00004,YUVARLAK KUTU 210-255 MAT LAK 3 PARÇA,2025-10-03 20:45:33,2025-10-03 21:04:45,19.2,Kalıp söküldü,Malzeme Bekleme,0
4002222,903328,IE25903328,M00004,YUVARLAK KUTU 210-255 MAT LAK 3 PARÇA,2025-10-04 12:11:35,2025-10-04 12:46:23,34.8,Kalıp söküldü,Kalıp Değişimi,0
4002223,903331,IE25903331,M00004,YUVARLAK KUTU 210-255 MAT LAK 3 PARÇA,2025-11-26 16:58:48,2025-11-26 17:35:42,36.9,Bakım çağrıldı,Malzeme Bekleme,0
4002224,903334,IE25903334,M00001,KAPAK 090-065 HAM TENEKE 2 PARÇA,2025-07-21 16:48:32,2025-07-21 16:56:26,7.9,Operatör müdahalesi,Kalıp Değişimi,0
4002225,903335,IE25903335,M00001,KAPAK 090-065 HAM TENEKE 2 PARÇA,2025-07-22 16:44:25,2025-07-22 16:53:07,8.7,Kalıp söküldü,Hidrolik Kaçak,0
4002226,903336,IE26903336,M00001,KAPAK 090-065 HAM TENEKE 2 PARÇA,2026-02-15 16:50:29,2026-02-15 17:39:35,49.1,Bakım çağrıldı,Kalıp Değişimi,0
4002227,903337,IE26903337,M00001,KAPAK 090-065 HAM TENEKE 2 PARÇA,2026-02-16 17:16:26,2026-02-16 17:27:20,10.9,Kalıp söküldü,Ayar / Numune Onayı,0
4002228,903338,IE26903338,M00001,KAPAK 090-065 HAM TENEKE 2 PARÇA,2026-02-17 09:02:09,2026-02-17 09:41:03,38.9,Yedek parça bekleniyor,Vardiya Devri,0
4002229,903339,IE26903339,M00001,KAPAK 090-065 HAM TENEKE 2 PARÇA,2026-02-18 11:12:00,2026-02-18 11:37:06,25.1,Operatör müdahalesi,Planlı Bakım,0
4002230,903340,IE26903340,M00011,YUVARLAK KUTU 120-105 HAM TENEKE 3 PARÇA,2026-01-23 08:56:59,2026-01-23 09:03:35,6.6,,Sac Sıkışması,0
4002231,903341,IE26903341,M00011,YUVARLAK KUTU 120-105 HAM TENEKE 3 PARÇA,2026-01-24 19:14:54,2026-01-24 19:38:54,24,Yedek parça bekleniyor,Ayar / Numune Onayı,0
4002232,903342,IE26903342,M00011,YUVARLAK KUTU 120-105 HAM TENEKE 3 PARÇA,2026-01-25 07:44:33,2026-01-25 08:16:09,31.6,Bakım çağrıldı,Mekanik Arıza,0
4002233,903343,IE26903343,M00009,YUVARLAK KUTU 245-175 VERNIKLI 3 PARÇA,2026-04-12 20:46:59,2026-04-12 21:01:29,14.5,Kalıp söküldü,Kalıp Değişimi,0
4002234,903344,IE26903344,M00009,YUVARLAK KUTU 245-175 VERNIKLI 3 PARÇA,2026-04-13 15:49:06,2026-04-13 16:48:24,59.3,,Enerji Kesintisi,0
4002235,903345,IE26903345,M00009,YUVARLAK KUTU 245-175 VERNIKLI 3 PARÇA,2026-04-14 09:38:14,2026-04-14 09:59:08,20.9,Yedek parça bekleniyor,Ayar / Numune Onayı,0
4002236,903347,IE25903347,M00031,YUVARLAK KUTU 145-095 MAT LAK 2 PARÇA,2025-09-23 12:15:27,2025-09-23 12:31:21,15.9,Bakım çağrıldı,Ayar / Numune Onayı,0
4002237,903348,IE25903348,M00031,YUVARLAK KUTU 145-095 MAT LAK 2 PARÇA,2025-09-24 16:28:47,2025-09-24 17:00:23,31.6,,Vardiya Devri,0
4002238,903351,IE26903351,M00008,YUVARLAK KUTU 210-255 HAM TENEKE 3 PARÇA,2026-01-12 14:29:12,2026-01-12 15:22:42,53.5,Kalıp söküldü,Ayar / Numune Onayı,0
4002239,903352,IE26903352,M00008,YUVARLAK KUTU 210-255 HAM TENEKE 3 PARÇA,2026-01-13 13:49:47,2026-01-13 14:59:29,69.7,Bakım çağrıldı,Kalite Duruşu,0
4002240,903353,IE26903353,M00003,YUVARLAK KUTU 120-105 HAM TENEKE 2 PARÇA,2026-05-27 18:08:07,2026-05-27 18:59:37,51.5,Kalıp söküldü,Kalıp Değişimi,0
4002241,903356,IE26903356,M00003,YUVARLAK KUTU 120-105 HAM TENEKE 2 PARÇA,2026-05-30 15:23:36,2026-05-30 16:00:00,36.4,,Kalıp Değişimi,0
4002242,903357,IE26903357,M00022,SEKIZGEN KUTU 135-145 VERNIKLI 2 PARÇA,2026-03-06 17:35:01,2026-03-06 17:40:19,5.3,Bakım çağrıldı,Planlı Bakım,0
4002243,903358,IE26903358,M00022,SEKIZGEN KUTU 135-145 VERNIKLI 2 PARÇA,2026-03-07 17:18:37,2026-03-07 18:11:49,53.2,Kalıp söküldü,Kalıp Değişimi,0
4002244,903359,IE26903359,M00022,SEKIZGEN KUTU 135-145 VERNIKLI 2 PARÇA,2026-03-08 09:47:19,2026-03-08 11:04:19,77,,Enerji Kesintisi,0
4002245,903361,IE25903361,M00001,KAPAK 090-065 HAM TENEKE 2 PARÇA,2025-07-26 12:34:05,2025-07-26 14:19:23,105.3,,Kalite Duruşu,0
4002246,903363,IE25903363,M00036,YUVARLAK KUTU Ø050 HAM TENEKE 3 PARÇA,2025-07-06 20:39:27,2025-07-06 22:00:27,81,Bakım çağrıldı,Sac Sıkışması,0
4002247,903364,IE25903364,M00036,YUVARLAK KUTU Ø050 HAM TENEKE 3 PARÇA,2025-07-07 19:48:20,2025-07-07 20:04:08,15.8,Operatör müdahalesi,Sac Sıkışması,0
4002248,903365,IE25903365,M00036,YUVARLAK KUTU Ø050 HAM TENEKE 3 PARÇA,2025-07-08 11:09:06,2025-07-08 12:39:06,90,Bakım çağrıldı,Kalite Duruşu,0
4002249,903366,IE25903366,M00036,YUVARLAK KUTU Ø050 HAM TENEKE 3 PARÇA,2025-11-11 10:34:42,2025-11-11 11:06:18,31.6,Kalıp söküldü,Planlı Bakım,0
4002250,903367,IE25903367,M00036,YUVARLAK KUTU Ø050 HAM TENEKE 3 PARÇA,2025-11-12 09:32:50,2025-11-12 09:53:50,21,Operatör müdahalesi,Kalıp Değişimi,0
4002251,903368,IE25903368,M00036,YUVARLAK KUTU Ø050 HAM TENEKE 3 PARÇA,2025-11-13 15:27:04,2025-11-13 16:35:10,68.1,,Vardiya Devri,0
4002252,903370,IE26903370,M00009,YUVARLAK KUTU 245-175 VERNIKLI 3 PARÇA,2026-04-16 12:09:29,2026-04-16 12:19:41,10.2,Bakım çağrıldı,Kalıp Değişimi,0
4002253,903371,IE26903371,M00009,YUVARLAK KUTU 245-175 VERNIKLI 3 PARÇA,2026-04-17 18:42:56,2026-04-17 19:28:50,45.9,Operatör müdahalesi,Kalıp Değişimi,0
4002254,903373,IE26903373,M00009,YUVARLAK KUTU 245-175 VERNIKLI 3 PARÇA,2026-04-19 15:42:44,2026-04-19 16:34:32,51.8,,Sac Sıkışması,0
4002255,903375,IE26903375,M00196,KOSELI SIVAMA KUTU 210-080 LITOGRAFI 2 PARÇA,2026-06-23 17:24:53,2026-06-23 18:06:53,42,Operatör müdahalesi,Kalıp Değişimi,0
4002256,903376,IE26903376,M00196,KOSELI SIVAMA KUTU 210-080 LITOGRAFI 2 PARÇA,2026-06-24 17:52:45,2026-06-24 18:43:09,50.4,,Kalıp Değişimi,0
4002257,903377,IE25903377,M00009,YUVARLAK KUTU 245-175 VERNIKLI 3 PARÇA,2025-12-12 19:30:39,2025-12-12 20:29:15,58.6,Bakım çağrıldı,Kalıp Değişimi,0
4002258,903378,IE25903378,M00009,YUVARLAK KUTU 245-175 VERNIKLI 3 PARÇA,2025-12-13 16:08:11,2025-12-13 16:22:23,14.2,,Kalıp Değişimi,0
4002259,903380,IE25903380,M00009,YUVARLAK KUTU 245-175 VERNIKLI 3 PARÇA,2025-12-15 16:54:28,2025-12-15 17:19:16,24.8,Bakım çağrıldı,Kalite Duruşu,0
4002260,903382,IE26903382,M00275,YUVARLAK KUTU 090-065 HAM TENEKE 2 PARÇA,2026-07-14 17:23:21,2026-07-14 18:04:15,40.9,Bakım çağrıldı,Sac Sıkışması,0
4002261,903384,IE26903384,M00011,YUVARLAK KUTU 120-105 HAM TENEKE 3 PARÇA,2026-04-25 21:32:22,2026-04-25 22:09:46,37.4,Yedek parça bekleniyor,Kalıp Değişimi,0
4002262,903385,IE26903385,M00011,YUVARLAK KUTU 120-105 HAM TENEKE 3 PARÇA,2026-04-26 17:35:24,2026-04-26 17:43:30,8.1,Yedek parça bekleniyor,Personel Yetersizliği,0
4002263,903386,IE26903386,M00011,YUVARLAK KUTU 120-105 HAM TENEKE 3 PARÇA,2026-04-27 18:03:44,2026-04-27 19:43:32,99.8,Kalıp söküldü,Sac Sıkışması,0
4002264,903387,IE26903387,M00011,YUVARLAK KUTU 120-105 HAM TENEKE 3 PARÇA,2026-04-28 16:15:21,2026-04-28 16:53:51,38.5,,Mekanik Arıza,0
4002265,903388,IE25903388,M00006,SEKILLI KUTU 175-205 HAM TENEKE 3 PARÇA,2025-07-12 15:56:11,2025-07-12 16:20:29,24.3,Bakım çağrıldı,Ayar / Numune Onayı,0
4002266,903389,IE25903389,M00006,SEKILLI KUTU 175-205 HAM TENEKE 3 PARÇA,2025-07-13 08:33:22,2025-07-13 08:50:28,17.1,Kalıp söküldü,Mekanik Arıza,0
4002267,903391,IE25903391,M00007,DIKDORTGEN KUTU 185-115 MAT LAK 2 PARÇA,2025-07-06 15:46:15,2025-07-06 15:53:09,6.9,Yedek parça bekleniyor,Planlı Bakım,0
4002268,903392,IE25903392,M00007,DIKDORTGEN KUTU 185-115 MAT LAK 2 PARÇA,2025-07-07 13:04:50,2025-07-07 13:53:44,48.9,Bakım çağrıldı,Kalıp Değişimi,0
4002269,903393,IE25903393,M00007,DIKDORTGEN KUTU 185-115 MAT LAK 2 PARÇA,2025-07-08 09:10:37,2025-07-08 10:00:43,50.1,Kalıp söküldü,Vardiya Devri,0
4002270,903394,IE25903394,M00007,DIKDORTGEN KUTU 185-115 MAT LAK 2 PARÇA,2025-07-09 13:13:07,2025-07-09 13:47:19,34.2,Operatör müdahalesi,Malzeme Bekleme,0
4002271,903395,IE26903395,M00002,TEPSI 325-125 MAT LAK 3 PARÇA,2026-07-09 13:12:41,2026-07-09 14:33:29,80.8,Yedek parça bekleniyor,Vardiya Devri,0
4002272,903396,IE26903396,M00002,TEPSI 325-125 MAT LAK 3 PARÇA,2026-07-10 17:28:57,2026-07-10 18:33:09,64.2,Yedek parça bekleniyor,Malzeme Bekleme,0
4002273,903397,IE26903397,M00002,TEPSI 325-125 MAT LAK 3 PARÇA,2026-07-11 11:24:53,2026-07-11 11:54:53,30,Yedek parça bekleniyor,Elektrik Arızası,0
4002274,903398,IE26903398,M00002,TEPSI 325-125 MAT LAK 3 PARÇA,2026-07-12 20:18:58,2026-07-12 21:43:10,84.2,Yedek parça bekleniyor,Malzeme Bekleme,0
4002275,903400,IE25903400,M00001,KAPAK 090-065 HAM TENEKE 2 PARÇA,2025-09-15 10:41:10,2025-09-15 11:21:52,40.7,Bakım çağrıldı,Enerji Kesintisi,0
4002276,903401,IE25903401,M00001,KAPAK 090-065 HAM TENEKE 2 PARÇA,2025-09-16 21:45:23,2025-09-16 22:04:41,19.3,Yedek parça bekleniyor,Personel Yetersizliği,0
4002277,903402,IE25903402,M00027,KALP KUTU 160-090 LITOGRAFI 3 PARÇA,2025-06-27 08:13:08,2025-06-27 09:21:38,68.5,Yedek parça bekleniyor,Mekanik Arıza,0
4002278,903404,IE25903404,M00027,KALP KUTU 160-090 LITOGRAFI 3 PARÇA,2025-06-29 18:14:05,2025-06-29 19:36:53,82.8,Kalıp söküldü,Planlı Bakım,0
4002279,903405,IE26903405,M00142,YUVARLAK KUTU 158-175 LITOGRAFI 2 PARÇA,2026-07-25 16:45:10,2026-07-25 17:17:46,32.6,Operatör müdahalesi,Kalite Duruşu,0
4002280,903406,IE26903406,M00142,YUVARLAK KUTU 158-175 LITOGRAFI 2 PARÇA,2026-07-26 18:23:26,2026-07-26 20:00:38,97.2,Bakım çağrıldı,Kalıp Değişimi,0
4002281,903407,IE26903407,M00142,YUVARLAK KUTU 158-175 LITOGRAFI 2 PARÇA,2026-07-27 14:43:58,2026-07-27 15:28:40,44.7,,Ayar / Numune Onayı,0
4002282,903408,IE26903408,M00142,YUVARLAK KUTU 158-175 LITOGRAFI 2 PARÇA,2026-07-28 16:26:22,2026-07-28 17:28:46,62.4,Kalıp söküldü,Elektrik Arızası,0
4002283,903409,IE26903409,M00048,YUVARLAK KUTU 295-165 VERNIKLI 3 PARÇA,2026-05-04 07:44:45,2026-05-04 08:02:03,17.3,Bakım çağrıldı,Mekanik Arıza,0
4002284,903411,IE26903411,M00048,YUVARLAK KUTU 295-165 VERNIKLI 3 PARÇA,2026-05-06 21:38:28,2026-05-06 22:04:04,25.6,Bakım çağrıldı,Mekanik Arıza,0
4002285,903412,IE25903412,M00024,TEPSI 325-125 MAT LAK 3 PARÇA,2025-12-22 08:34:01,2025-12-22 08:47:07,13.1,Kalıp söküldü,Kalıp Değişimi,0
4002286,903413,IE25903413,M00024,TEPSI 325-125 MAT LAK 3 PARÇA,2025-12-23 16:38:48,2025-12-23 16:51:48,13,Kalıp söküldü,Mekanik Arıza,0
4002287,903414,IE25903414,M00024,TEPSI 325-125 MAT LAK 3 PARÇA,2025-12-24 12:16:41,2025-12-24 12:24:29,7.8,,Mekanik Arıza,0
4002288,903415,IE26903415,M00004,YUVARLAK KUTU 210-255 MAT LAK 3 PARÇA,2026-06-18 16:47:17,2026-06-18 17:35:17,48,Bakım çağrıldı,Ayar / Numune Onayı,0
4002289,903417,IE26903417,M00004,YUVARLAK KUTU 210-255 MAT LAK 3 PARÇA,2026-06-20 17:10:06,2026-06-20 17:49:06,39,Yedek parça bekleniyor,Kalıp Değişimi,0
4002290,903418,IE26903418,M00004,YUVARLAK KUTU 210-255 MAT LAK 3 PARÇA,2026-06-21 21:48:53,2026-06-21 21:54:23,5.5,Kalıp söküldü,Malzeme Bekleme,0
4002291,903421,IE25903421,M00001,KAPAK 090-065 HAM TENEKE 2 PARÇA,2025-07-08 19:36:21,2025-07-08 20:14:45,38.4,Yedek parça bekleniyor,Vardiya Devri,0
4002292,903422,IE25903422,M00001,KAPAK 090-065 HAM TENEKE 2 PARÇA,2025-07-09 13:33:58,2025-07-09 13:45:10,11.2,Kalıp söküldü,Kalıp Değişimi,0
4002293,903424,IE26903424,M00037,YUVARLAK KUTU 078-095 MAT LAK 3 PARÇA,2026-06-06 19:58:46,2026-06-06 20:19:16,20.5,Kalıp söküldü,Mekanik Arıza,0
4002294,903425,IE26903425,M00037,YUVARLAK KUTU 078-095 MAT LAK 3 PARÇA,2026-06-07 14:54:27,2026-06-07 15:17:03,22.6,Operatör müdahalesi,Elektrik Arızası,0
4002295,903426,IE26903426,M00037,YUVARLAK KUTU 078-095 MAT LAK 3 PARÇA,2026-06-08 20:56:31,2026-06-08 21:50:49,54.3,Operatör müdahalesi,Kalıp Değişimi,0
4002296,903427,IE25903427,M00001,KAPAK 090-065 HAM TENEKE 2 PARÇA,2025-11-15 08:32:21,2025-11-15 09:45:45,73.4,,Kalıp Değişimi,0
4002297,903428,IE25903428,M00001,KAPAK 090-065 HAM TENEKE 2 PARÇA,2025-11-16 10:41:09,2025-11-16 11:09:39,28.5,Yedek parça bekleniyor,Hidrolik Kaçak,0
4002298,903429,IE25903429,M00001,KAPAK 090-065 HAM TENEKE 2 PARÇA,2025-11-17 17:23:00,2025-11-17 17:37:18,14.3,Operatör müdahalesi,Sac Sıkışması,0
4002299,903430,IE25903430,M00001,KAPAK 090-065 HAM TENEKE 2 PARÇA,2025-11-18 09:03:23,2025-11-18 10:15:41,72.3,Yedek parça bekleniyor,Kalıp Değişimi,0
4002300,903431,IE25903431,M00003,YUVARLAK KUTU 120-105 HAM TENEKE 2 PARÇA,2025-10-31 19:57:07,2025-10-31 20:23:13,26.1,Bakım çağrıldı,Kalıp Değişimi,0
4002301,903432,IE25903432,M00003,YUVARLAK KUTU 120-105 HAM TENEKE 2 PARÇA,2025-11-01 13:12:18,2025-11-01 13:17:24,5.1,Kalıp söküldü,Kalıp Değişimi,0
4002302,903434,IE25903434,M00003,YUVARLAK KUTU 120-105 HAM TENEKE 2 PARÇA,2025-11-03 19:53:03,2025-11-03 21:18:39,85.6,Yedek parça bekleniyor,Kalıp Değişimi,0
4002303,903435,IE25903435,M00002,TEPSI 325-125 MAT LAK 3 PARÇA,2025-12-29 09:59:23,2025-12-29 10:33:29,34.1,Operatör müdahalesi,Vardiya Devri,0
4002304,903436,IE25903436,M00002,TEPSI 325-125 MAT LAK 3 PARÇA,2025-12-30 15:37:42,2025-12-30 16:10:12,32.5,Kalıp söküldü,Kalıp Değişimi,0
4002305,903437,IE25903437,M00002,TEPSI 325-125 MAT LAK 3 PARÇA,2025-12-31 14:22:24,2025-12-31 14:39:06,16.7,Bakım çağrıldı,Kalıp Değişimi,0
4002306,903438,IE26903438,M00002,TEPSI 325-125 MAT LAK 3 PARÇA,2026-01-01 19:19:41,2026-01-01 19:48:53,29.2,,Sac Sıkışması,0
4002307,903439,IE26903439,M00053,SEKILLI KUTU 175-205 MAT LAK 3 PARÇA,2026-05-01 10:16:18,2026-05-01 10:51:30,35.2,,Kalıp Değişimi,0
4002308,903441,IE26903441,M00053,SEKILLI KUTU 175-205 MAT LAK 3 PARÇA,2026-05-03 11:56:11,2026-05-03 14:04:23,128.2,Bakım çağrıldı,Ayar / Numune Onayı,0
4002309,903442,IE25903442,M00011,YUVARLAK KUTU 120-105 HAM TENEKE 3 PARÇA,2025-11-04 17:28:53,2025-11-04 18:44:05,75.2,Bakım çağrıldı,Kalıp Değişimi,0
4002310,903443,IE25903443,M00011,YUVARLAK KUTU 120-105 HAM TENEKE 3 PARÇA,2025-11-05 22:45:35,2025-11-05 22:55:05,9.5,Kalıp söküldü,Mekanik Arıza,0
4002311,903445,IE25903445,M00011,YUVARLAK KUTU 120-105 HAM TENEKE 3 PARÇA,2025-11-07 19:06:19,2025-11-07 19:58:43,52.4,Operatör müdahalesi,Hidrolik Kaçak,0
4002312,903447,IE25903447,M00042,SEKIZGEN KUTU 135-145 LITOGRAFI 3 PARÇA,2025-12-15 19:41:14,2025-12-15 20:15:44,34.5,Bakım çağrıldı,Kalıp Değişimi,0
4002313,903448,IE25903448,M00042,SEKIZGEN KUTU 135-145 LITOGRAFI 3 PARÇA,2025-12-16 09:15:40,2025-12-16 09:51:34,35.9,Kalıp söküldü,Kalıp Değişimi,0
4002314,903451,IE25903451,M00219,DIKDORTGEN KUTU 185-115 LITOGRAFI 2 PARÇA,2025-10-04 21:45:09,2025-10-04 22:48:33,63.4,Kalıp söküldü,Kalıp Değişimi,0
4002315,903452,IE25903452,M00219,DIKDORTGEN KUTU 185-115 LITOGRAFI 2 PARÇA,2025-10-05 20:18:52,2025-10-05 21:29:40,70.8,Yedek parça bekleniyor,Kalıp Değişimi,0
4002316,903455,IE25903455,M00011,YUVARLAK KUTU 120-105 HAM TENEKE 3 PARÇA,2025-07-06 21:21:57,2025-07-06 22:02:45,40.8,Bakım çağrıldı,Personel Yetersizliği,0
4002317,903456,IE25903456,M00011,YUVARLAK KUTU 120-105 HAM TENEKE 3 PARÇA,2025-07-07 13:09:56,2025-07-07 13:23:38,13.7,Yedek parça bekleniyor,Planlı Bakım,0
4002318,903458,IE26903458,M00125,KALP KUTU 160-090 MAT LAK 3 PARÇA,2026-07-09 21:07:37,2026-07-09 21:36:07,28.5,Yedek parça bekleniyor,Elektrik Arızası,0
4002319,903460,IE26903460,M00125,KALP KUTU 160-090 MAT LAK 3 PARÇA,2026-07-11 14:52:57,2026-07-11 15:08:51,15.9,Operatör müdahalesi,Sac Sıkışması,0
4002320,903461,IE26903461,M00001,KAPAK 090-065 HAM TENEKE 2 PARÇA,2026-06-18 23:11:56,2026-06-18 23:48:56,37,,Ayar / Numune Onayı,0
4002321,903462,IE26903462,M00001,KAPAK 090-065 HAM TENEKE 2 PARÇA,2026-06-19 18:44:23,2026-06-19 19:19:53,35.5,,Hidrolik Kaçak,0
4002322,903463,IE26903463,M00001,KAPAK 090-065 HAM TENEKE 2 PARÇA,2026-06-20 08:10:37,2026-06-20 08:38:43,28.1,Bakım çağrıldı,Elektrik Arızası,0
4002323,903464,IE26903464,M00038,YUVARLAK KUTU 120-105 VERNIKLI 3 PARÇA,2026-07-11 20:45:20,2026-07-11 21:27:26,42.1,Kalıp söküldü,Kalıp Değişimi,0
4002324,903465,IE26903465,M00038,YUVARLAK KUTU 120-105 VERNIKLI 3 PARÇA,2026-07-12 09:57:43,2026-07-12 10:12:13,14.5,Kalıp söküldü,Vardiya Devri,0
4002325,903466,IE26903466,M00038,YUVARLAK KUTU 120-105 VERNIKLI 3 PARÇA,2026-07-13 17:30:45,2026-07-13 19:06:09,95.4,Operatör müdahalesi,Ayar / Numune Onayı,0
4002326,903467,IE26903467,M00038,YUVARLAK KUTU 120-105 VERNIKLI 3 PARÇA,2026-07-14 12:50:59,2026-07-14 13:48:11,57.2,Yedek parça bekleniyor,Enerji Kesintisi,0
4002327,903468,IE25903468,M00011,YUVARLAK KUTU 120-105 HAM TENEKE 3 PARÇA,2025-12-01 08:41:50,2025-12-01 09:08:32,26.7,Bakım çağrıldı,Malzeme Bekleme,0
4002328,903470,IE25903470,M00011,YUVARLAK KUTU 120-105 HAM TENEKE 3 PARÇA,2025-12-03 13:25:21,2025-12-03 14:52:27,87.1,Bakım çağrıldı,Sac Sıkışması,0
4002329,903471,IE25903471,M00011,YUVARLAK KUTU 120-105 HAM TENEKE 3 PARÇA,2025-12-04 17:03:56,2025-12-04 17:37:20,33.4,Kalıp söküldü,Malzeme Bekleme,0
4002330,903472,IE25903472,M00002,TEPSI 325-125 MAT LAK 3 PARÇA,2025-11-11 20:06:56,2025-11-11 20:46:14,39.3,Operatör müdahalesi,Kalıp Değişimi,0
4002331,903477,IE26903477,M00003,YUVARLAK KUTU 120-105 HAM TENEKE 2 PARÇA,2026-02-16 15:21:17,2026-02-16 15:33:59,12.7,,Mekanik Arıza,0
4002332,903478,IE26903478,M00003,YUVARLAK KUTU 120-105 HAM TENEKE 2 PARÇA,2026-02-17 08:24:20,2026-02-17 09:44:32,80.2,,Kalite Duruşu,0
4002333,903479,IE26903479,M00003,YUVARLAK KUTU 120-105 HAM TENEKE 2 PARÇA,2026-02-18 09:42:30,2026-02-18 11:27:42,105.2,Yedek parça bekleniyor,Mekanik Arıza,0
4002334,903480,IE25903480,M00008,YUVARLAK KUTU 210-255 HAM TENEKE 3 PARÇA,2025-11-20 18:22:40,2025-11-20 18:45:28,22.8,Operatör müdahalesi,Kalıp Değişimi,0
4002335,903481,IE25903481,M00008,YUVARLAK KUTU 210-255 HAM TENEKE 3 PARÇA,2025-11-21 12:51:02,2025-11-21 13:11:26,20.4,Kalıp söküldü,Kalıp Değişimi,0
4002336,903482,IE25903482,M00008,YUVARLAK KUTU 210-255 HAM TENEKE 3 PARÇA,2025-11-22 16:17:46,2025-11-22 17:27:34,69.8,Operatör müdahalesi,Mekanik Arıza,0
4002337,903483,IE25903483,M00008,YUVARLAK KUTU 210-255 HAM TENEKE 3 PARÇA,2025-11-23 11:38:49,2025-11-23 11:59:01,20.2,Kalıp söküldü,Kalite Duruşu,0
4002338,903486,IE25903486,M00138,YUVARLAK-SIVAMA KUTU Ø068 LITOGRAFI 3 PARÇA,2025-08-25 20:23:01,2025-08-25 20:42:55,19.9,Yedek parça bekleniyor,Kalıp Değişimi,0
4002339,903487,IE25903487,M00138,YUVARLAK-SIVAMA KUTU Ø068 LITOGRAFI 3 PARÇA,2025-08-26 13:55:10,2025-08-26 14:22:46,27.6,Operatör müdahalesi,Vardiya Devri,0
4002340,903488,IE25903488,M00006,SEKILLI KUTU 175-205 HAM TENEKE 3 PARÇA,2025-10-17 08:38:40,2025-10-17 10:00:22,81.7,Yedek parça bekleniyor,Ayar / Numune Onayı,0
4002341,903489,IE25903489,M00006,SEKILLI KUTU 175-205 HAM TENEKE 3 PARÇA,2025-10-18 22:50:29,2025-10-18 23:26:47,36.3,Operatör müdahalesi,Ayar / Numune Onayı,0
4002342,903490,IE25903490,M00006,SEKILLI KUTU 175-205 HAM TENEKE 3 PARÇA,2025-10-19 18:06:14,2025-10-19 18:42:44,36.5,Yedek parça bekleniyor,Kalıp Değişimi,0
4002343,903491,IE26903491,M00001,KAPAK 090-065 HAM TENEKE 2 PARÇA,2026-01-06 10:30:12,2026-01-06 10:57:30,27.3,Bakım çağrıldı,Planlı Bakım,0
4002344,903492,IE26903492,M00001,KAPAK 090-065 HAM TENEKE 2 PARÇA,2026-01-07 07:43:49,2026-01-07 07:51:13,7.4,Yedek parça bekleniyor,Mekanik Arıza,0
4002345,903494,IE25903494,M00002,TEPSI 325-125 MAT LAK 3 PARÇA,2025-07-01 19:54:44,2025-07-01 20:03:08,8.4,Yedek parça bekleniyor,Kalıp Değişimi,0
4002346,903495,IE25903495,M00002,TEPSI 325-125 MAT LAK 3 PARÇA,2025-07-02 15:27:37,2025-07-02 16:48:25,80.8,Operatör müdahalesi,Vardiya Devri,0
4002347,903496,IE25903496,M00002,TEPSI 325-125 MAT LAK 3 PARÇA,2025-07-03 19:53:15,2025-07-03 20:50:45,57.5,Yedek parça bekleniyor,Mekanik Arıza,0
4002348,903497,IE25903497,M00002,TEPSI 325-125 MAT LAK 3 PARÇA,2025-07-04 14:08:13,2025-07-04 14:38:49,30.6,Kalıp söküldü,Ayar / Numune Onayı,0
4002349,903498,IE26903498,M00035,YUVARLAK KUTU 120-105 HAM TENEKE 3 PARÇA,2026-01-26 11:55:18,2026-01-26 12:18:06,22.8,Operatör müdahalesi,Kalıp Değişimi,0
4002350,903499,IE26903499,M00035,YUVARLAK KUTU 120-105 HAM TENEKE 3 PARÇA,2026-01-27 10:51:34,2026-01-27 11:32:34,41,Yedek parça bekleniyor,Hidrolik Kaçak,0
4002351,903500,IE26903500,M00035,YUVARLAK KUTU 120-105 HAM TENEKE 3 PARÇA,2026-01-28 19:14:47,2026-01-28 20:00:59,46.2,Bakım çağrıldı,Sac Sıkışması,0
4002352,903501,IE26903501,M00035,YUVARLAK KUTU 120-105 HAM TENEKE 3 PARÇA,2026-01-29 10:20:43,2026-01-29 10:59:07,38.4,Kalıp söküldü,Mekanik Arıza,0
4002353,903502,IE25903502,M00124,KAPAK 090-065 HAM TENEKE 3 PARÇA,2025-07-09 19:55:24,2025-07-09 20:01:12,5.8,Kalıp söküldü,Mekanik Arıza,0
4002354,903503,IE25903503,M00124,KAPAK 090-065 HAM TENEKE 3 PARÇA,2025-07-10 11:24:37,2025-07-10 12:15:49,51.2,Operatör müdahalesi,Personel Yetersizliği,0
4002355,903505,IE25903505,M00124,KAPAK 090-065 HAM TENEKE 3 PARÇA,2025-07-12 09:09:13,2025-07-12 09:44:43,35.5,Kalıp söküldü,Kalıp Değişimi,0
4002356,903506,IE25903506,M00178,OVAL KUTU 295-165 MAT LAK 3 PARÇA,2025-07-17 19:41:12,2025-07-17 20:34:48,53.6,,Mekanik Arıza,0
4002357,903507,IE25903507,M00178,OVAL KUTU 295-165 MAT LAK 3 PARÇA,2025-07-18 11:09:36,2025-07-18 11:36:12,26.6,Kalıp söküldü,Mekanik Arıza,0
4002358,903508,IE25903508,M00178,OVAL KUTU 295-165 MAT LAK 3 PARÇA,2025-07-19 07:37:21,2025-07-19 08:08:09,30.8,Bakım çağrıldı,Kalıp Değişimi,0
4002359,903509,IE26903509,M00001,KAPAK 090-065 HAM TENEKE 2 PARÇA,2026-01-17 18:02:59,2026-01-17 18:26:35,23.6,Yedek parça bekleniyor,Ayar / Numune Onayı,0
4002360,903510,IE26903510,M00001,KAPAK 090-065 HAM TENEKE 2 PARÇA,2026-01-18 17:01:32,2026-01-18 17:41:14,39.7,Yedek parça bekleniyor,Elektrik Arızası,0
4002361,903512,IE26903512,M00001,KAPAK 090-065 HAM TENEKE 2 PARÇA,2026-01-20 20:02:13,2026-01-20 21:19:19,77.1,Kalıp söküldü,Malzeme Bekleme,0
4002362,903513,IE26903513,M00003,YUVARLAK KUTU 120-105 HAM TENEKE 2 PARÇA,2026-07-07 18:28:22,2026-07-07 19:10:22,42,Operatör müdahalesi,Kalıp Değişimi,0
4002363,903514,IE26903514,M00003,YUVARLAK KUTU 120-105 HAM TENEKE 2 PARÇA,2026-07-08 10:10:18,2026-07-08 10:29:42,19.4,Yedek parça bekleniyor,Elektrik Arızası,0
4002364,903516,IE26903516,M00003,YUVARLAK KUTU 120-105 HAM TENEKE 2 PARÇA,2026-07-10 17:33:10,2026-07-10 17:46:58,13.8,,Vardiya Devri,0
4002365,903517,IE25903517,M00065,YUVARLAK KUTU Ø092 MAT LAK 3 PARÇA,2025-11-21 15:45:20,2025-11-21 16:35:20,50,Kalıp söküldü,Malzeme Bekleme,0
4002366,903518,IE25903518,M00065,YUVARLAK KUTU Ø092 MAT LAK 3 PARÇA,2025-11-22 21:35:13,2025-11-22 21:53:13,18,Bakım çağrıldı,Kalıp Değişimi,0
4002367,903519,IE25903519,M00065,YUVARLAK KUTU Ø092 MAT LAK 3 PARÇA,2025-11-23 16:56:04,2025-11-23 17:12:34,16.5,,Malzeme Bekleme,0
4002368,903521,IE25903521,M00002,TEPSI 325-125 MAT LAK 3 PARÇA,2025-12-24 08:37:37,2025-12-24 09:01:25,23.8,Yedek parça bekleniyor,Mekanik Arıza,0
4002369,903522,IE25903522,M00002,TEPSI 325-125 MAT LAK 3 PARÇA,2025-12-25 17:35:52,2025-12-25 18:13:40,37.8,Operatör müdahalesi,Planlı Bakım,0
4002370,903523,IE25903523,M00002,TEPSI 325-125 MAT LAK 3 PARÇA,2025-12-26 19:19:02,2025-12-26 19:46:26,27.4,Kalıp söküldü,Malzeme Bekleme,0
4002371,903524,IE26903524,M00001,KAPAK 090-065 HAM TENEKE 2 PARÇA,2026-01-31 10:50:54,2026-01-31 11:18:54,28,,Kalıp Değişimi,0
4002372,903525,IE26903525,M00001,KAPAK 090-065 HAM TENEKE 2 PARÇA,2026-02-01 13:49:16,2026-02-01 14:14:40,25.4,Kalıp söküldü,Kalite Duruşu,0
4002373,903526,IE26903526,M00001,KAPAK 090-065 HAM TENEKE 2 PARÇA,2026-02-02 12:40:51,2026-02-02 13:33:09,52.3,Yedek parça bekleniyor,Elektrik Arızası,0
4002374,903527,IE26903527,M00001,KAPAK 090-065 HAM TENEKE 2 PARÇA,2026-02-03 16:19:51,2026-02-03 17:01:21,41.5,Yedek parça bekleniyor,Vardiya Devri,0
4002375,903528,IE25903528,M00004,YUVARLAK KUTU 210-255 MAT LAK 3 PARÇA,2025-11-21 07:53:48,2025-11-21 08:46:42,52.9,Yedek parça bekleniyor,Kalıp Değişimi,0
4002376,903529,IE25903529,M00004,YUVARLAK KUTU 210-255 MAT LAK 3 PARÇA,2025-11-22 13:27:09,2025-11-22 14:27:03,59.9,Operatör müdahalesi,Mekanik Arıza,0
4002377,903530,IE25903530,M00004,YUVARLAK KUTU 210-255 MAT LAK 3 PARÇA,2025-11-23 11:17:10,2025-11-23 12:11:16,54.1,,Mekanik Arıza,0
4002378,903534,IE26903534,M00004,YUVARLAK KUTU 210-255 MAT LAK 3 PARÇA,2026-07-26 15:13:23,2026-07-26 15:42:41,29.3,Kalıp söküldü,Kalıp Değişimi,0
4002379,903535,IE25903535,M00004,YUVARLAK KUTU 210-255 MAT LAK 3 PARÇA,2025-08-02 19:44:34,2025-08-02 19:52:52,8.3,Yedek parça bekleniyor,Enerji Kesintisi,0
4002380,903536,IE25903536,M00004,YUVARLAK KUTU 210-255 MAT LAK 3 PARÇA,2025-08-03 18:38:29,2025-08-03 19:36:05,57.6,Operatör müdahalesi,Elektrik Arızası,0
4002381,903537,IE25903537,M00004,YUVARLAK KUTU 210-255 MAT LAK 3 PARÇA,2025-08-04 10:51:11,2025-08-04 11:21:17,30.1,Bakım çağrıldı,Ayar / Numune Onayı,0
4002382,903538,IE25903538,M00004,YUVARLAK KUTU 210-255 MAT LAK 3 PARÇA,2025-08-05 18:12:17,2025-08-05 18:35:23,23.1,Kalıp söküldü,Ayar / Numune Onayı,0
4002383,903539,IE25903539,M00018,SEKIZGEN KUTU 135-145 HAM TENEKE 2 PARÇA,2025-07-12 12:53:06,2025-07-12 12:59:36,6.5,Kalıp söküldü,Mekanik Arıza,0
4002384,903544,IE25903544,M00030,YUVARLAK KUTU Ø148 MAT LAK 2 PARÇA,2025-11-14 15:41:08,2025-11-14 16:08:50,27.7,Operatör müdahalesi,Sac Sıkışması,0
4002385,903549,IE25903549,M00005,DIKDORTGEN KUTU 145-095 MAT LAK 2 PARÇA,2025-08-13 19:46:32,2025-08-13 21:05:14,78.7,Operatör müdahalesi,Ayar / Numune Onayı,0
4002386,903550,IE25903550,M00005,DIKDORTGEN KUTU 145-095 MAT LAK 2 PARÇA,2025-08-14 17:01:09,2025-08-14 17:27:15,26.1,,Sac Sıkışması,0
4002387,903551,IE25903551,M00005,DIKDORTGEN KUTU 145-095 MAT LAK 2 PARÇA,2025-08-15 22:21:09,2025-08-15 23:22:09,61,Bakım çağrıldı,Vardiya Devri,0
4002388,903552,IE25903552,M00006,SEKILLI KUTU 175-205 HAM TENEKE 3 PARÇA,2025-10-02 10:20:56,2025-10-02 10:27:56,7,Kalıp söküldü,Mekanik Arıza,0
4002389,903553,IE25903553,M00006,SEKILLI KUTU 175-205 HAM TENEKE 3 PARÇA,2025-10-03 11:13:53,2025-10-03 11:33:11,19.3,Operatör müdahalesi,Kalıp Değişimi,0
4002390,903554,IE25903554,M00006,SEKILLI KUTU 175-205 HAM TENEKE 3 PARÇA,2025-10-04 18:25:21,2025-10-04 19:19:33,54.2,Bakım çağrıldı,Hidrolik Kaçak,0
4002391,903555,IE25903555,M00006,SEKILLI KUTU 175-205 HAM TENEKE 3 PARÇA,2025-10-05 10:34:33,2025-10-05 10:44:21,9.8,,Mekanik Arıza,0
4002392,903556,IE26903556,M00003,YUVARLAK KUTU 120-105 HAM TENEKE 2 PARÇA,2026-05-25 13:16:02,2026-05-25 13:45:20,29.3,Kalıp söküldü,Elektrik Arızası,0
4002393,903557,IE26903557,M00003,YUVARLAK KUTU 120-105 HAM TENEKE 2 PARÇA,2026-05-26 15:41:03,2026-05-26 16:04:03,23,Bakım çağrıldı,Ayar / Numune Onayı,0
4002394,903558,IE26903558,M00003,YUVARLAK KUTU 120-105 HAM TENEKE 2 PARÇA,2026-05-27 14:00:09,2026-05-27 14:13:39,13.5,Kalıp söküldü,Ayar / Numune Onayı,0
4002395,903559,IE25903559,M00003,YUVARLAK KUTU 120-105 HAM TENEKE 2 PARÇA,2025-08-12 17:53:24,2025-08-12 18:48:24,55,Yedek parça bekleniyor,Kalıp Değişimi,0
4002396,903560,IE25903560,M00003,YUVARLAK KUTU 120-105 HAM TENEKE 2 PARÇA,2025-08-13 14:42:01,2025-08-13 15:03:43,21.7,Kalıp söküldü,Malzeme Bekleme,0
4002397,903562,IE25903562,M00003,YUVARLAK KUTU 120-105 HAM TENEKE 2 PARÇA,2025-08-15 14:39:11,2025-08-15 15:13:05,33.9,Kalıp söküldü,Vardiya Devri,0
4002398,903564,IE25903564,M00003,YUVARLAK KUTU 120-105 HAM TENEKE 2 PARÇA,2025-07-15 09:25:12,2025-07-15 10:42:18,77.1,,Kalite Duruşu,0
4002399,903565,IE25903565,M00003,YUVARLAK KUTU 120-105 HAM TENEKE 2 PARÇA,2025-07-16 11:43:32,2025-07-16 12:22:32,39,Yedek parça bekleniyor,Kalıp Değişimi,0
4002400,903566,IE25903566,M00044,KAPAK 090-065 VERNIKLI 2 PARÇA,2025-09-22 19:18:21,2025-09-22 19:49:27,31.1,Bakım çağrıldı,Mekanik Arıza,0
4002401,903567,IE25903567,M00044,KAPAK 090-065 VERNIKLI 2 PARÇA,2025-09-23 14:41:22,2025-09-23 14:47:40,6.3,Bakım çağrıldı,Mekanik Arıza,0
4002402,903570,IE25903570,M00006,SEKILLI KUTU 175-205 HAM TENEKE 3 PARÇA,2025-12-08 07:42:45,2025-12-08 07:53:15,10.5,Kalıp söküldü,Ayar / Numune Onayı,0
4002403,903571,IE25903571,M00006,SEKILLI KUTU 175-205 HAM TENEKE 3 PARÇA,2025-12-09 19:38:38,2025-12-09 20:04:44,26.1,Operatör müdahalesi,Kalıp Değişimi,0
4002404,903573,IE25903573,M00006,SEKILLI KUTU 175-205 HAM TENEKE 3 PARÇA,2025-12-11 13:51:32,2025-12-11 15:11:56,80.4,,Mekanik Arıza,0
4002405,903574,IE26903574,M00006,SEKILLI KUTU 175-205 HAM TENEKE 3 PARÇA,2026-07-20 19:36:30,2026-07-20 19:52:12,15.7,Bakım çağrıldı,Sac Sıkışması,0
4002406,903575,IE26903575,M00006,SEKILLI KUTU 175-205 HAM TENEKE 3 PARÇA,2026-07-21 20:55:56,2026-07-21 21:43:08,47.2,Kalıp söküldü,Kalıp Değişimi,0
4002407,903576,IE26903576,M00006,SEKILLI KUTU 175-205 HAM TENEKE 3 PARÇA,2026-07-22 19:14:05,2026-07-22 19:57:47,43.7,Bakım çağrıldı,Ayar / Numune Onayı,0
4002408,903577,IE26903577,M00006,SEKILLI KUTU 175-205 HAM TENEKE 3 PARÇA,2026-07-23 18:50:35,2026-07-23 19:44:11,53.6,,Elektrik Arızası,0
4002409,903579,IE26903579,M00004,YUVARLAK KUTU 210-255 MAT LAK 3 PARÇA,2026-04-19 09:40:23,2026-04-19 10:27:29,47.1,Yedek parça bekleniyor,Kalite Duruşu,0
4002410,903580,IE26903580,M00004,YUVARLAK KUTU 210-255 MAT LAK 3 PARÇA,2026-04-20 21:35:39,2026-04-20 21:47:33,11.9,Kalıp söküldü,Hidrolik Kaçak,0
4002411,903581,IE25903581,M00005,DIKDORTGEN KUTU 145-095 MAT LAK 2 PARÇA,2025-10-09 16:19:26,2025-10-09 16:57:02,37.6,Operatör müdahalesi,Ayar / Numune Onayı,0
4002412,903582,IE25903582,M00005,DIKDORTGEN KUTU 145-095 MAT LAK 2 PARÇA,2025-10-10 20:54:54,2025-10-10 21:05:48,10.9,Operatör müdahalesi,Malzeme Bekleme,0
4002413,903584,IE25903584,M00047,KAPAK 245-175 LITOGRAFI 3 PARÇA,2025-11-27 22:25:18,2025-11-27 23:18:18,53,Operatör müdahalesi,Vardiya Devri,0
4002414,903585,IE25903585,M00047,KAPAK 245-175 LITOGRAFI 3 PARÇA,2025-11-28 18:13:40,2025-11-28 18:26:10,12.5,Operatör müdahalesi,Mekanik Arıza,0
4002415,903588,IE26903588,M00002,TEPSI 325-125 MAT LAK 3 PARÇA,2026-03-25 17:06:13,2026-03-25 17:53:37,47.4,Operatör müdahalesi,Kalıp Değişimi,0
4002416,903589,IE26903589,M00002,TEPSI 325-125 MAT LAK 3 PARÇA,2026-03-26 13:58:46,2026-03-26 14:14:28,15.7,,Mekanik Arıza,0
4002417,903590,IE26903590,M00002,TEPSI 325-125 MAT LAK 3 PARÇA,2026-03-27 16:23:25,2026-03-27 17:35:49,72.4,Yedek parça bekleniyor,Kalıp Değişimi,0
4002418,903592,IE26903592,M00180,YUVARLAK KUTU 078-095 VERNIKLI 3 PARÇA,2026-07-16 13:38:44,2026-07-16 13:47:56,9.2,Operatör müdahalesi,Personel Yetersizliği,0
4002419,903593,IE26903593,M00180,YUVARLAK KUTU 078-095 VERNIKLI 3 PARÇA,2026-07-17 10:20:06,2026-07-17 10:53:36,33.5,,Personel Yetersizliği,0
4002420,903595,IE26903595,M00002,TEPSI 325-125 MAT LAK 3 PARÇA,2026-02-28 16:59:45,2026-02-28 17:42:03,42.3,Bakım çağrıldı,Ayar / Numune Onayı,0
4002421,903596,IE26903596,M00002,TEPSI 325-125 MAT LAK 3 PARÇA,2026-03-01 09:42:47,2026-03-01 09:58:11,15.4,Operatör müdahalesi,Ayar / Numune Onayı,0
4002422,903597,IE26903597,M00002,TEPSI 325-125 MAT LAK 3 PARÇA,2026-03-02 10:52:05,2026-03-02 11:01:41,9.6,Kalıp söküldü,Malzeme Bekleme,0
4002423,903598,IE26903598,M00002,TEPSI 325-125 MAT LAK 3 PARÇA,2026-03-03 22:41:27,2026-03-03 22:47:27,6,,Elektrik Arızası,0
4002424,903599,IE26903599,M00284,KALP KUTU 160-090 LITOGRAFI 3 PARÇA,2026-02-18 13:05:24,2026-02-18 13:54:36,49.2,,Kalıp Değişimi,0
4002425,903601,IE26903601,M00284,KALP KUTU 160-090 LITOGRAFI 3 PARÇA,2026-02-20 08:37:45,2026-02-20 09:05:03,27.3,Operatör müdahalesi,Malzeme Bekleme,0
4002426,903602,IE26903602,M00284,KALP KUTU 160-090 LITOGRAFI 3 PARÇA,2026-02-21 22:40:34,2026-02-21 23:38:40,58.1,Bakım çağrıldı,Vardiya Devri,0
4002427,903603,IE25903603,M00027,KALP KUTU 160-090 LITOGRAFI 3 PARÇA,2025-09-14 08:16:17,2025-09-14 09:33:17,77,Bakım çağrıldı,Kalıp Değişimi,0
4002428,903606,IE25903606,M00004,YUVARLAK KUTU 210-255 MAT LAK 3 PARÇA,2025-11-04 22:30:04,2025-11-04 22:52:40,22.6,Yedek parça bekleniyor,Malzeme Bekleme,0
4002429,903615,IE26903615,M00010,YUVARLAK KUTU 255-205 MAT LAK 3 PARÇA,2026-04-09 18:09:22,2026-04-09 18:45:10,35.8,Kalıp söküldü,Kalıp Değişimi,0
4002430,903616,IE26903616,M00010,YUVARLAK KUTU 255-205 MAT LAK 3 PARÇA,2026-04-10 10:16:21,2026-04-10 11:02:27,46.1,Kalıp söküldü,Mekanik Arıza,0
4002431,903618,IE26903618,M00010,YUVARLAK KUTU 255-205 MAT LAK 3 PARÇA,2026-04-12 18:57:12,2026-04-12 20:01:00,63.8,Operatör müdahalesi,Mekanik Arıza,0
4002432,903619,IE26903619,M00002,TEPSI 325-125 MAT LAK 3 PARÇA,2026-07-06 11:47:54,2026-07-06 13:07:48,79.9,Bakım çağrıldı,Elektrik Arızası,0
4002433,903620,IE26903620,M00002,TEPSI 325-125 MAT LAK 3 PARÇA,2026-07-07 09:36:32,2026-07-07 09:43:08,6.6,Bakım çağrıldı,Planlı Bakım,0
4002434,903621,IE26903621,M00002,TEPSI 325-125 MAT LAK 3 PARÇA,2026-07-08 18:35:56,2026-07-08 18:59:32,23.6,Bakım çağrıldı,Kalıp Değişimi,0
4002435,903622,IE26903622,M00019,OVAL KUTU 295-165 VERNIKLI 2 PARÇA,2026-06-30 11:12:39,2026-06-30 11:48:51,36.2,Bakım çağrıldı,Elektrik Arızası,0
4002436,903623,IE26903623,M00019,OVAL KUTU 295-165 VERNIKLI 2 PARÇA,2026-07-01 13:35:44,2026-07-01 14:15:32,39.8,,Ayar / Numune Onayı,0
4002437,903624,IE26903624,M00019,OVAL KUTU 295-165 VERNIKLI 2 PARÇA,2026-07-02 15:08:26,2026-07-02 16:03:08,54.7,,Planlı Bakım,0
4002438,903625,IE26903625,M00019,OVAL KUTU 295-165 VERNIKLI 2 PARÇA,2026-07-03 10:36:30,2026-07-03 11:36:06,59.6,Yedek parça bekleniyor,Kalıp Değişimi,0
4002439,903626,IE25903626,M00002,TEPSI 325-125 MAT LAK 3 PARÇA,2025-09-23 11:57:34,2025-09-23 12:03:58,6.4,Yedek parça bekleniyor,Kalıp Değişimi,0
4002440,903627,IE25903627,M00002,TEPSI 325-125 MAT LAK 3 PARÇA,2025-09-24 13:31:54,2025-09-24 14:01:18,29.4,,Kalıp Değişimi,0
4002441,903631,IE25903631,M00004,YUVARLAK KUTU 210-255 MAT LAK 3 PARÇA,2025-11-12 08:59:38,2025-11-12 09:08:02,8.4,Kalıp söküldü,Elektrik Arızası,0
4002442,903632,IE25903632,M00004,YUVARLAK KUTU 210-255 MAT LAK 3 PARÇA,2025-11-13 20:08:26,2025-11-13 20:33:38,25.2,Bakım çağrıldı,Elektrik Arızası,0
4002443,903633,IE26903633,M00130,YUVARLAK KUTU 245-175 LITOGRAFI 2 PARÇA,2026-01-01 12:39:46,2026-01-01 13:20:52,41.1,Bakım çağrıldı,Vardiya Devri,0
4002444,903635,IE26903635,M00130,YUVARLAK KUTU 245-175 LITOGRAFI 2 PARÇA,2026-01-03 19:30:21,2026-01-03 20:06:51,36.5,Operatör müdahalesi,Kalıp Değişimi,0
4002445,903637,IE26903637,M00069,YUVARLAK KUTU 245-175 VERNIKLI 2 PARÇA,2026-06-16 15:42:39,2026-06-16 16:17:57,35.3,Operatör müdahalesi,Hidrolik Kaçak,0
4002446,903638,IE26903638,M00069,YUVARLAK KUTU 245-175 VERNIKLI 2 PARÇA,2026-06-17 12:11:51,2026-06-17 13:13:45,61.9,,Kalıp Değişimi,0
4002447,903640,IE25903640,M00314,KARE KUTU 225-165 LITOGRAFI 3 PARÇA,2025-12-08 11:37:58,2025-12-08 12:18:04,40.1,Bakım çağrıldı,Sac Sıkışması,0
4002448,903641,IE25903641,M00314,KARE KUTU 225-165 LITOGRAFI 3 PARÇA,2025-12-09 12:43:12,2025-12-09 12:52:24,9.2,,Ayar / Numune Onayı,0
4002449,903642,IE25903642,M00314,KARE KUTU 225-165 LITOGRAFI 3 PARÇA,2025-12-10 17:07:44,2025-12-10 17:38:02,30.3,Yedek parça bekleniyor,Malzeme Bekleme,0
4002450,903643,IE25903643,M00027,KALP KUTU 160-090 LITOGRAFI 3 PARÇA,2025-10-16 19:25:42,2025-10-16 20:04:18,38.6,Operatör müdahalesi,Malzeme Bekleme,0
4002451,903644,IE25903644,M00027,KALP KUTU 160-090 LITOGRAFI 3 PARÇA,2025-10-17 13:48:57,2025-10-17 15:21:09,92.2,Kalıp söküldü,Kalıp Değişimi,0
4002452,903645,IE25903645,M00027,KALP KUTU 160-090 LITOGRAFI 3 PARÇA,2025-10-18 20:26:28,2025-10-18 20:51:46,25.3,Yedek parça bekleniyor,Personel Yetersizliği,0
4002453,903646,IE25903646,M00076,TEPSI 325-125 MAT LAK 2 PARÇA,2025-07-28 12:39:59,2025-07-28 12:47:41,7.7,Bakım çağrıldı,Mekanik Arıza,0
4002454,903647,IE25903647,M00076,TEPSI 325-125 MAT LAK 2 PARÇA,2025-07-29 19:22:49,2025-07-29 19:42:43,19.9,Operatör müdahalesi,Elektrik Arızası,0
4002455,903648,IE25903648,M00076,TEPSI 325-125 MAT LAK 2 PARÇA,2025-07-30 15:19:46,2025-07-30 15:39:16,19.5,Operatör müdahalesi,Mekanik Arıza,0
4002456,903649,IE26903649,M00014,YUVARLAK KUTU 120-105 HAM TENEKE 2 PARÇA,2026-07-11 17:09:00,2026-07-11 18:32:42,83.7,Bakım çağrıldı,Elektrik Arızası,0
4002457,903650,IE26903650,M00014,YUVARLAK KUTU 120-105 HAM TENEKE 2 PARÇA,2026-07-12 16:05:48,2026-07-12 16:32:36,26.8,Bakım çağrıldı,Personel Yetersizliği,0
4002458,903651,IE26903651,M00014,YUVARLAK KUTU 120-105 HAM TENEKE 2 PARÇA,2026-07-13 07:58:15,2026-07-13 09:37:57,99.7,Kalıp söküldü,Personel Yetersizliği,0
4002459,903653,IE25903653,M00073,TEPSI 325-125 LITOGRAFI 3 PARÇA,2025-10-21 09:29:31,2025-10-21 10:44:55,75.4,Operatör müdahalesi,Kalıp Değişimi,0
4002460,903654,IE25903654,M00073,TEPSI 325-125 LITOGRAFI 3 PARÇA,2025-10-22 08:32:11,2025-10-22 09:06:35,34.4,Kalıp söküldü,Kalite Duruşu,0
4002461,903655,IE25903655,M00073,TEPSI 325-125 LITOGRAFI 3 PARÇA,2025-10-23 21:30:56,2025-10-23 21:53:20,22.4,Kalıp söküldü,Kalıp Değişimi,0
4002462,903656,IE25903656,M00001,KAPAK 090-065 HAM TENEKE 2 PARÇA,2025-12-14 18:35:56,2025-12-14 19:47:56,72,Yedek parça bekleniyor,Kalıp Değişimi,0
4002463,903657,IE25903657,M00001,KAPAK 090-065 HAM TENEKE 2 PARÇA,2025-12-15 12:13:27,2025-12-15 12:29:09,15.7,,Ayar / Numune Onayı,0
4002464,903658,IE25903658,M00001,KAPAK 090-065 HAM TENEKE 2 PARÇA,2025-12-16 13:09:32,2025-12-16 13:29:14,19.7,Operatör müdahalesi,Malzeme Bekleme,0
4002465,903659,IE25903659,M00001,KAPAK 090-065 HAM TENEKE 2 PARÇA,2025-12-17 18:38:28,2025-12-17 19:07:52,29.4,Bakım çağrıldı,Planlı Bakım,0
4002466,903661,IE26903661,M00017,OVAL KUTU 295-165 VERNIKLI 2 PARÇA,2026-01-05 09:33:46,2026-01-05 10:06:22,32.6,Yedek parça bekleniyor,Mekanik Arıza,0
4002467,903662,IE26903662,M00017,OVAL KUTU 295-165 VERNIKLI 2 PARÇA,2026-01-06 08:09:58,2026-01-06 08:36:40,26.7,Yedek parça bekleniyor,Sac Sıkışması,0
4002468,903663,IE26903663,M00017,OVAL KUTU 295-165 VERNIKLI 2 PARÇA,2026-01-07 10:55:29,2026-01-07 12:06:53,71.4,Kalıp söküldü,Elektrik Arızası,0
4002469,903665,IE25903665,M00007,DIKDORTGEN KUTU 185-115 MAT LAK 2 PARÇA,2025-09-28 15:30:17,2025-09-28 15:48:41,18.4,Yedek parça bekleniyor,Ayar / Numune Onayı,0
4002470,903666,IE25903666,M00007,DIKDORTGEN KUTU 185-115 MAT LAK 2 PARÇA,2025-09-29 14:08:24,2025-09-29 15:00:54,52.5,,Kalıp Değişimi,0
4002471,903672,IE26903672,M00068,KARE KUTU 225-165 LITOGRAFI 3 PARÇA,2026-03-26 08:14:55,2026-03-26 08:50:01,35.1,Kalıp söküldü,Ayar / Numune Onayı,0
4002472,903673,IE26903673,M00068,KARE KUTU 225-165 LITOGRAFI 3 PARÇA,2026-03-27 18:30:14,2026-03-27 18:38:56,8.7,,Ayar / Numune Onayı,0
4002473,903675,IE26903675,M00004,YUVARLAK KUTU 210-255 MAT LAK 3 PARÇA,2026-02-07 18:11:01,2026-02-07 18:41:07,30.1,Bakım çağrıldı,Kalıp Değişimi,0
4002474,903676,IE26903676,M00004,YUVARLAK KUTU 210-255 MAT LAK 3 PARÇA,2026-02-08 15:25:24,2026-02-08 15:32:48,7.4,Kalıp söküldü,Sac Sıkışması,0
4002475,903677,IE26903677,M00004,YUVARLAK KUTU 210-255 MAT LAK 3 PARÇA,2026-02-09 15:35:55,2026-02-09 16:14:43,38.8,Bakım çağrıldı,Hidrolik Kaçak,0
4002476,903678,IE26903678,M00080,YUVARLAK KUTU 094-050 MAT LAK 3 PARÇA,2026-02-09 16:24:35,2026-02-09 17:04:35,40,Kalıp söküldü,Kalıp Değişimi,0
4002477,903679,IE26903679,M00080,YUVARLAK KUTU 094-050 MAT LAK 3 PARÇA,2026-02-10 20:20:09,2026-02-10 21:09:15,49.1,Kalıp söküldü,Elektrik Arızası,0
4002478,903680,IE26903680,M00080,YUVARLAK KUTU 094-050 MAT LAK 3 PARÇA,2026-02-11 21:46:11,2026-02-11 22:02:05,15.9,,Vardiya Devri,0
4002479,903681,IE25903681,M00083,YUVARLAK-SIVAMA KUTU Ø068 LITOGRAFI 3 PARÇA,2025-07-03 21:38:14,2025-07-03 22:22:02,43.8,Operatör müdahalesi,Personel Yetersizliği,0
4002480,903682,IE25903682,M00083,YUVARLAK-SIVAMA KUTU Ø068 LITOGRAFI 3 PARÇA,2025-07-04 12:35:37,2025-07-04 13:06:19,30.7,Kalıp söküldü,Ayar / Numune Onayı,0
4002481,903684,IE25903684,M00083,YUVARLAK-SIVAMA KUTU Ø068 LITOGRAFI 3 PARÇA,2025-07-06 17:12:23,2025-07-06 17:48:17,35.9,Bakım çağrıldı,Kalıp Değişimi,0
4002482,903687,IE26903687,M00003,YUVARLAK KUTU 120-105 HAM TENEKE 2 PARÇA,2026-05-28 13:05:28,2026-05-28 13:24:46,19.3,Yedek parça bekleniyor,Ayar / Numune Onayı,0
4002483,903688,IE25903688,M00001,KAPAK 090-065 HAM TENEKE 2 PARÇA,2025-10-13 22:06:24,2025-10-13 22:44:06,37.7,Bakım çağrıldı,Kalite Duruşu,0
4002484,903691,IE25903691,M00007,DIKDORTGEN KUTU 185-115 MAT LAK 2 PARÇA,2025-10-14 15:36:08,2025-10-14 16:07:32,31.4,Operatör müdahalesi,Kalıp Değişimi,0
4002485,903692,IE25903692,M00007,DIKDORTGEN KUTU 185-115 MAT LAK 2 PARÇA,2025-10-15 20:42:37,2025-10-15 21:26:55,44.3,Bakım çağrıldı,Kalıp Değişimi,0
4002486,903693,IE25903693,M00007,DIKDORTGEN KUTU 185-115 MAT LAK 2 PARÇA,2025-10-16 10:54:27,2025-10-16 11:23:03,28.6,Bakım çağrıldı,Ayar / Numune Onayı,0
4002487,903694,IE25903694,M00007,DIKDORTGEN KUTU 185-115 MAT LAK 2 PARÇA,2025-10-17 16:56:23,2025-10-17 17:30:23,34,Operatör müdahalesi,Ayar / Numune Onayı,0
4002488,903696,IE25903696,M00005,DIKDORTGEN KUTU 145-095 MAT LAK 2 PARÇA,2025-11-06 12:38:28,2025-11-06 12:50:52,12.4,Operatör müdahalesi,Sac Sıkışması,0
4002489,903697,IE25903697,M00005,DIKDORTGEN KUTU 145-095 MAT LAK 2 PARÇA,2025-11-07 17:29:00,2025-11-07 17:56:00,27,Bakım çağrıldı,Kalıp Değişimi,0
4002490,903698,IE25903698,M00005,DIKDORTGEN KUTU 145-095 MAT LAK 2 PARÇA,2025-11-08 09:19:19,2025-11-08 09:56:01,36.7,Yedek parça bekleniyor,Kalıp Değişimi,0
4002491,903699,IE25903699,M00324,KARE KUTU 185-115 VERNIKLI 3 PARÇA,2025-11-09 15:00:47,2025-11-09 15:20:17,19.5,Bakım çağrıldı,Kalıp Değişimi,0
4002492,903700,IE25903700,M00324,KARE KUTU 185-115 VERNIKLI 3 PARÇA,2025-11-10 17:30:22,2025-11-10 17:55:16,24.9,Bakım çağrıldı,Kalıp Değişimi,0
4002493,903701,IE25903701,M00324,KARE KUTU 185-115 VERNIKLI 3 PARÇA,2025-11-11 17:48:08,2025-11-11 18:45:44,57.6,Kalıp söküldü,Ayar / Numune Onayı,0
4002494,903702,IE25903702,M00324,KARE KUTU 185-115 VERNIKLI 3 PARÇA,2025-11-12 08:57:27,2025-11-12 09:30:57,33.5,Bakım çağrıldı,Hidrolik Kaçak,0
4002495,903703,IE25903703,M00003,YUVARLAK KUTU 120-105 HAM TENEKE 2 PARÇA,2025-08-08 19:16:41,2025-08-08 19:38:53,22.2,Kalıp söküldü,Kalıp Değişimi,0
4002496,903704,IE25903704,M00003,YUVARLAK KUTU 120-105 HAM TENEKE 2 PARÇA,2025-08-09 14:38:33,2025-08-09 15:06:09,27.6,,Hidrolik Kaçak,0
4002497,903706,IE26903706,M00097,YUVARLAK KUTU Ø050 MAT LAK 2 PARÇA,2026-03-08 11:05:54,2026-03-08 11:27:12,21.3,Operatör müdahalesi,Kalıp Değişimi,0
4002498,903707,IE26903707,M00097,YUVARLAK KUTU Ø050 MAT LAK 2 PARÇA,2026-03-09 13:10:49,2026-03-09 13:19:19,8.5,Operatör müdahalesi,Sac Sıkışması,0
4002499,903709,IE25903709,M00001,KAPAK 090-065 HAM TENEKE 2 PARÇA,2025-11-29 18:44:38,2025-11-29 19:17:50,33.2,Yedek parça bekleniyor,Personel Yetersizliği,0
4002500,903712,IE25903712,M00002,TEPSI 325-125 MAT LAK 3 PARÇA,2025-10-14 07:10:37,2025-10-14 07:35:13,24.6,Kalıp söküldü,Kalıp Değişimi,0
4002501,903713,IE25903713,M00002,TEPSI 325-125 MAT LAK 3 PARÇA,2025-10-15 22:08:59,2025-10-15 22:15:23,6.4,Kalıp söküldü,Vardiya Devri,0
4002502,903716,IE25903716,M00004,YUVARLAK KUTU 210-255 MAT LAK 3 PARÇA,2025-06-27 20:21:02,2025-06-27 20:50:44,29.7,,Kalıp Değişimi,0
4002503,903717,IE25903717,M00004,YUVARLAK KUTU 210-255 MAT LAK 3 PARÇA,2025-06-28 10:44:43,2025-06-28 11:33:37,48.9,Yedek parça bekleniyor,Planlı Bakım,0
4002504,903719,IE26903719,M00161,YUVARLAK KUTU Ø092 VERNIKLI 3 PARÇA,2026-04-21 21:51:22,2026-04-21 22:29:10,37.8,,Malzeme Bekleme,0
4002505,903720,IE26903720,M00161,YUVARLAK KUTU Ø092 VERNIKLI 3 PARÇA,2026-04-22 11:29:23,2026-04-22 12:03:35,34.2,Kalıp söküldü,Kalıp Değişimi,0
4002506,903721,IE26903721,M00052,YUVARLAK KUTU 135-145 LITOGRAFI 2 PARÇA,2026-03-26 10:17:58,2026-03-26 11:32:46,74.8,Bakım çağrıldı,Mekanik Arıza,0
4002507,903723,IE26903723,M00052,YUVARLAK KUTU 135-145 LITOGRAFI 2 PARÇA,2026-03-28 09:26:06,2026-03-28 09:35:18,9.2,Operatör müdahalesi,Kalıp Değişimi,0
4002508,903724,IE26903724,M00091,DIKDORTGEN KUTU Ø148 MAT LAK 3 PARÇA,2026-03-04 14:03:28,2026-03-04 14:31:04,27.6,Operatör müdahalesi,Mekanik Arıza,0
4002509,903725,IE26903725,M00091,DIKDORTGEN KUTU Ø148 MAT LAK 3 PARÇA,2026-03-05 20:21:01,2026-03-05 21:32:49,71.8,Yedek parça bekleniyor,Kalıp Değişimi,0
4002510,903726,IE26903726,M00091,DIKDORTGEN KUTU Ø148 MAT LAK 3 PARÇA,2026-03-06 22:51:42,2026-03-07 00:00:24,68.7,Operatör müdahalesi,Sac Sıkışması,0
4002511,903727,IE25903727,M00019,OVAL KUTU 295-165 VERNIKLI 2 PARÇA,2025-07-04 17:44:24,2025-07-04 18:29:00,44.6,Kalıp söküldü,Ayar / Numune Onayı,0
4002512,903728,IE25903728,M00019,OVAL KUTU 295-165 VERNIKLI 2 PARÇA,2025-07-05 13:40:58,2025-07-05 14:21:46,40.8,Operatör müdahalesi,Malzeme Bekleme,0
4002513,903729,IE25903729,M00019,OVAL KUTU 295-165 VERNIKLI 2 PARÇA,2025-07-06 16:38:44,2025-07-06 17:32:56,54.2,Kalıp söküldü,Ayar / Numune Onayı,0
4002514,903730,IE25903730,M00009,YUVARLAK KUTU 245-175 VERNIKLI 3 PARÇA,2025-08-08 13:06:26,2025-08-08 14:13:14,66.8,,Personel Yetersizliği,0
4002515,903731,IE25903731,M00009,YUVARLAK KUTU 245-175 VERNIKLI 3 PARÇA,2025-08-09 18:15:02,2025-08-09 18:34:14,19.2,Yedek parça bekleniyor,Kalıp Değişimi,0
4002516,903733,IE25903733,M00009,YUVARLAK KUTU 245-175 VERNIKLI 3 PARÇA,2025-08-11 08:56:58,2025-08-11 09:03:58,7,,Malzeme Bekleme,0
4002517,903734,IE25903734,M00243,SEKILLI KUTU 175-205 HAM TENEKE 3 PARÇA,2025-12-03 08:06:03,2025-12-03 09:55:03,109,Bakım çağrıldı,Kalıp Değişimi,0
4002518,903735,IE25903735,M00243,SEKILLI KUTU 175-205 HAM TENEKE 3 PARÇA,2025-12-04 16:31:52,2025-12-04 17:39:46,67.9,Kalıp söküldü,Hidrolik Kaçak,0
4002519,903738,IE26903738,M00019,OVAL KUTU 295-165 VERNIKLI 2 PARÇA,2026-01-10 20:14:10,2026-01-10 20:30:52,16.7,Operatör müdahalesi,Kalıp Değişimi,0
4002520,903740,IE25903740,M00006,SEKILLI KUTU 175-205 HAM TENEKE 3 PARÇA,2025-12-14 18:29:25,2025-12-14 18:40:37,11.2,Operatör müdahalesi,Mekanik Arıza,0
4002521,903741,IE25903741,M00006,SEKILLI KUTU 175-205 HAM TENEKE 3 PARÇA,2025-12-15 11:59:11,2025-12-15 12:22:41,23.5,Kalıp söküldü,Kalıp Değişimi,0
4002522,903742,IE25903742,M00006,SEKILLI KUTU 175-205 HAM TENEKE 3 PARÇA,2025-12-16 14:11:31,2025-12-16 15:08:13,56.7,Bakım çağrıldı,Ayar / Numune Onayı,0
4002523,903743,IE25903743,M00006,SEKILLI KUTU 175-205 HAM TENEKE 3 PARÇA,2025-12-17 17:12:16,2025-12-17 17:45:10,32.9,Yedek parça bekleniyor,Ayar / Numune Onayı,0
4002524,903744,IE26903744,M00002,TEPSI 325-125 MAT LAK 3 PARÇA,2026-07-25 08:14:03,2026-07-25 08:29:33,15.5,Bakım çağrıldı,Personel Yetersizliği,0
4002525,903745,IE26903745,M00002,TEPSI 325-125 MAT LAK 3 PARÇA,2026-07-26 08:23:03,2026-07-26 08:56:45,33.7,,Malzeme Bekleme,0
4002526,903746,IE26903746,M00002,TEPSI 325-125 MAT LAK 3 PARÇA,2026-07-27 19:02:31,2026-07-27 20:13:01,70.5,Operatör müdahalesi,Planlı Bakım,0
4002527,903747,IE26903747,M00028,YUVARLAK KUTU 245-175 MAT LAK 3 PARÇA,2026-06-05 07:43:31,2026-06-05 08:09:07,25.6,,Hidrolik Kaçak,0
4002528,903749,IE26903749,M00028,YUVARLAK KUTU 245-175 MAT LAK 3 PARÇA,2026-06-07 17:38:12,2026-06-07 18:16:54,38.7,,Elektrik Arızası,0
4002529,903750,IE26903750,M00028,YUVARLAK KUTU 245-175 MAT LAK 3 PARÇA,2026-06-08 17:53:20,2026-06-08 18:51:44,58.4,Yedek parça bekleniyor,Malzeme Bekleme,0
4002530,903751,IE26903751,M00005,DIKDORTGEN KUTU 145-095 MAT LAK 2 PARÇA,2026-04-17 11:44:15,2026-04-17 12:00:39,16.4,Bakım çağrıldı,Planlı Bakım,0
4002531,903752,IE26903752,M00005,DIKDORTGEN KUTU 145-095 MAT LAK 2 PARÇA,2026-04-18 09:02:35,2026-04-18 09:45:11,42.6,Kalıp söküldü,Mekanik Arıza,0
4002532,903753,IE26903753,M00005,DIKDORTGEN KUTU 145-095 MAT LAK 2 PARÇA,2026-04-19 10:08:25,2026-04-19 11:33:37,85.2,Bakım çağrıldı,Kalıp Değişimi,0
4002533,903755,IE25903755,M00005,DIKDORTGEN KUTU 145-095 MAT LAK 2 PARÇA,2025-08-27 13:46:11,2025-08-27 14:32:41,46.5,,Ayar / Numune Onayı,0
4002534,903757,IE25903757,M00005,DIKDORTGEN KUTU 145-095 MAT LAK 2 PARÇA,2025-08-29 13:49:49,2025-08-29 14:44:01,54.2,Operatör müdahalesi,Elektrik Arızası,0
4002535,903758,IE25903758,M00005,DIKDORTGEN KUTU 145-095 MAT LAK 2 PARÇA,2025-10-20 08:14:20,2025-10-20 09:18:50,64.5,Bakım çağrıldı,Elektrik Arızası,0
4002536,903760,IE25903760,M00005,DIKDORTGEN KUTU 145-095 MAT LAK 2 PARÇA,2025-10-22 12:03:53,2025-10-22 12:39:17,35.4,Bakım çağrıldı,Vardiya Devri,0
4002537,903761,IE26903761,M00001,KAPAK 090-065 HAM TENEKE 2 PARÇA,2026-06-06 15:57:52,2026-06-06 16:07:16,9.4,Bakım çağrıldı,Kalıp Değişimi,0
4002538,903762,IE26903762,M00001,KAPAK 090-065 HAM TENEKE 2 PARÇA,2026-06-07 21:22:11,2026-06-07 21:36:17,14.1,Kalıp söküldü,Kalıp Değişimi,0
4002539,903764,IE26903764,M00001,KAPAK 090-065 HAM TENEKE 2 PARÇA,2026-06-09 18:39:50,2026-06-09 19:24:26,44.6,,Elektrik Arızası,0
4002540,903767,IE25903767,M00175,YUVARLAK KUTU Ø050 MAT LAK 2 PARÇA,2025-07-21 12:12:40,2025-07-21 12:22:40,10,,Kalıp Değişimi,0
4002541,903768,IE25903768,M00175,YUVARLAK KUTU Ø050 MAT LAK 2 PARÇA,2025-07-22 17:53:05,2025-07-22 18:16:53,23.8,Bakım çağrıldı,Ayar / Numune Onayı,0
4002542,903772,IE26903772,M00117,YUVARLAK KUTU Y120-105 HAM TENEKE 3 PARÇA,2026-04-06 11:09:07,2026-04-06 11:58:13,49.1,Yedek parça bekleniyor,Elektrik Arızası,0
4002543,903773,IE26903773,M00117,YUVARLAK KUTU Y120-105 HAM TENEKE 3 PARÇA,2026-04-07 14:34:02,2026-04-07 15:09:32,35.5,Operatör müdahalesi,Enerji Kesintisi,0
4002544,903774,IE26903774,M00117,YUVARLAK KUTU Y120-105 HAM TENEKE 3 PARÇA,2026-04-08 09:25:22,2026-04-08 09:39:46,14.4,Yedek parça bekleniyor,Mekanik Arıza,0
4002545,903775,IE25903775,M00049,YUVARLAK-SIVAMA KUTU 295-165 HAM TENEKE 2 PARÇA,2025-09-17 12:36:00,2025-09-17 13:56:48,80.8,Operatör müdahalesi,Malzeme Bekleme,0
4002546,903776,IE25903776,M00049,YUVARLAK-SIVAMA KUTU 295-165 HAM TENEKE 2 PARÇA,2025-09-18 18:27:57,2025-09-18 19:24:33,56.6,,Kalıp Değişimi,0
4002547,903777,IE25903777,M00049,YUVARLAK-SIVAMA KUTU 295-165 HAM TENEKE 2 PARÇA,2025-09-19 17:09:51,2025-09-19 17:31:33,21.7,Bakım çağrıldı,Kalıp Değişimi,0
4002548,903778,IE26903778,M00001,KAPAK 090-065 HAM TENEKE 2 PARÇA,2026-07-11 17:41:54,2026-07-11 18:17:30,35.6,Operatör müdahalesi,Malzeme Bekleme,0
4002549,903779,IE26903779,M00001,KAPAK 090-065 HAM TENEKE 2 PARÇA,2026-07-12 10:00:15,2026-07-12 10:58:03,57.8,Operatör müdahalesi,Ayar / Numune Onayı,0
4002550,903780,IE26903780,M00001,KAPAK 090-065 HAM TENEKE 2 PARÇA,2026-07-13 12:38:27,2026-07-13 13:37:21,58.9,Kalıp söküldü,Kalıp Değişimi,0
4002551,903781,IE25903781,M00168,YUVARLAK KUTU Ø148 HAM TENEKE 2 PARÇA,2025-06-28 23:05:28,2025-06-28 23:35:46,30.3,Yedek parça bekleniyor,Ayar / Numune Onayı,0
4002552,903782,IE25903782,M00168,YUVARLAK KUTU Ø148 HAM TENEKE 2 PARÇA,2025-06-29 17:08:44,2025-06-29 17:42:08,33.4,,Kalıp Değişimi,0
4002553,903784,IE26903784,M00001,KAPAK 090-065 HAM TENEKE 2 PARÇA,2026-03-13 16:38:45,2026-03-13 17:29:03,50.3,Yedek parça bekleniyor,Mekanik Arıza,0
4002554,903785,IE26903785,M00001,KAPAK 090-065 HAM TENEKE 2 PARÇA,2026-03-14 12:54:57,2026-03-14 13:32:15,37.3,Yedek parça bekleniyor,Hidrolik Kaçak,0
4002555,903786,IE26903786,M00001,KAPAK 090-065 HAM TENEKE 2 PARÇA,2026-03-15 12:40:50,2026-03-15 13:33:32,52.7,Operatör müdahalesi,Kalıp Değişimi,0
4002556,903789,IE26903789,M00188,YUVARLAK KUTU 078-095 MAT LAK 3 PARÇA,2026-01-17 18:39:22,2026-01-17 20:13:22,94,Bakım çağrıldı,Kalıp Değişimi,0
4002557,903791,IE25903791,M00001,KAPAK 090-065 HAM TENEKE 2 PARÇA,2025-08-23 10:48:06,2025-08-23 11:32:36,44.5,Bakım çağrıldı,Kalıp Değişimi,0
4002558,903793,IE25903793,M00001,KAPAK 090-065 HAM TENEKE 2 PARÇA,2025-08-25 08:58:17,2025-08-25 09:27:53,29.6,Kalıp söküldü,Kalite Duruşu,0
4002559,903794,IE25903794,M00037,YUVARLAK KUTU 078-095 MAT LAK 3 PARÇA,2025-09-14 17:05:40,2025-09-14 17:21:46,16.1,,Kalıp Değişimi,0
4002560,903796,IE25903796,M00037,YUVARLAK KUTU 078-095 MAT LAK 3 PARÇA,2025-09-16 10:09:26,2025-09-16 10:21:50,12.4,Operatör müdahalesi,Personel Yetersizliği,0
4002561,903797,IE26903797,M00007,DIKDORTGEN KUTU 185-115 MAT LAK 2 PARÇA,2026-04-26 19:49:23,2026-04-26 19:56:59,7.6,,Kalıp Değişimi,0
4002562,903799,IE26903799,M00007,DIKDORTGEN KUTU 185-115 MAT LAK 2 PARÇA,2026-04-28 21:26:20,2026-04-28 21:37:26,11.1,Kalıp söküldü,Mekanik Arıza,0
4002563,903800,IE25903800,M00001,KAPAK 090-065 HAM TENEKE 2 PARÇA,2025-12-15 16:32:52,2025-12-15 17:38:46,65.9,Operatör müdahalesi,Kalıp Değişimi,0
4002564,903801,IE25903801,M00001,KAPAK 090-065 HAM TENEKE 2 PARÇA,2025-12-16 11:07:33,2025-12-16 11:26:51,19.3,Operatör müdahalesi,Kalıp Değişimi,0
4002565,903803,IE25903803,M00001,KAPAK 090-065 HAM TENEKE 2 PARÇA,2025-12-18 06:39:01,2025-12-18 07:46:31,67.5,Bakım çağrıldı,Mekanik Arıza,0
4002566,903804,IE26903804,M00002,TEPSI 325-125 MAT LAK 3 PARÇA,2026-07-07 11:02:12,2026-07-07 11:41:18,39.1,Kalıp söküldü,Kalıp Değişimi,0
4002567,903806,IE26903806,M00002,TEPSI 325-125 MAT LAK 3 PARÇA,2026-07-09 11:34:15,2026-07-09 11:51:39,17.4,Operatör müdahalesi,Kalite Duruşu,0
4002568,903808,IE25903808,M00004,YUVARLAK KUTU 210-255 MAT LAK 3 PARÇA,2025-10-29 21:22:32,2025-10-29 21:30:14,7.7,Bakım çağrıldı,Mekanik Arıza,0
4002569,903809,IE25903809,M00004,YUVARLAK KUTU 210-255 MAT LAK 3 PARÇA,2025-10-30 10:13:25,2025-10-30 10:59:01,45.6,,Kalıp Değişimi,0
4002570,903810,IE25903810,M00004,YUVARLAK KUTU 210-255 MAT LAK 3 PARÇA,2025-10-31 21:06:04,2025-10-31 21:47:58,41.9,Operatör müdahalesi,Vardiya Devri,0
4002571,903812,IE26903812,M00066,SEKIZGEN KUTU 135-145 VERNIKLI 2 PARÇA,2026-05-24 12:46:26,2026-05-24 13:23:02,36.6,Bakım çağrıldı,Kalıp Değişimi,0
4002572,903813,IE26903813,M00066,SEKIZGEN KUTU 135-145 VERNIKLI 2 PARÇA,2026-05-25 22:21:05,2026-05-25 23:30:47,69.7,Yedek parça bekleniyor,Mekanik Arıza,0
4002573,903815,IE26903815,M00066,SEKIZGEN KUTU 135-145 VERNIKLI 2 PARÇA,2026-05-27 08:54:10,2026-05-27 10:10:22,76.2,Bakım çağrıldı,Kalite Duruşu,0
4002574,903819,IE25903819,M00001,KAPAK 090-065 HAM TENEKE 2 PARÇA,2025-09-04 11:01:22,2025-09-04 11:19:34,18.2,Bakım çağrıldı,Malzeme Bekleme,0
4002575,903820,IE25903820,M00001,KAPAK 090-065 HAM TENEKE 2 PARÇA,2025-09-05 07:18:16,2025-09-05 08:34:58,76.7,Operatör müdahalesi,Sac Sıkışması,0
4002576,903824,IE25903824,M00001,KAPAK 090-065 HAM TENEKE 2 PARÇA,2025-07-25 22:06:15,2025-07-25 22:16:03,9.8,,Mekanik Arıza,0
4002577,903830,IE25903830,M00027,KALP KUTU 160-090 LITOGRAFI 3 PARÇA,2025-08-20 19:08:14,2025-08-20 19:22:32,14.3,Bakım çağrıldı,Enerji Kesintisi,0
4002578,903831,IE25903831,M00005,DIKDORTGEN KUTU 145-095 MAT LAK 2 PARÇA,2025-09-20 19:43:35,2025-09-20 20:11:59,28.4,Yedek parça bekleniyor,Vardiya Devri,0
4002579,903833,IE25903833,M00005,DIKDORTGEN KUTU 145-095 MAT LAK 2 PARÇA,2025-09-22 19:50:25,2025-09-22 20:26:13,35.8,Kalıp söküldü,Kalıp Değişimi,0
4002580,903834,IE25903834,M00005,DIKDORTGEN KUTU 145-095 MAT LAK 2 PARÇA,2025-09-23 09:12:29,2025-09-23 09:39:59,27.5,Bakım çağrıldı,Kalite Duruşu,0
4002581,903835,IE25903835,M00016,YUVARLAK-SIVAMA KUTU Ø068 HAM TENEKE 2 PARÇA,2025-10-13 20:16:15,2025-10-13 21:31:39,75.4,,Kalıp Değişimi,0
4002582,903837,IE25903837,M00016,YUVARLAK-SIVAMA KUTU Ø068 HAM TENEKE 2 PARÇA,2025-10-15 13:13:18,2025-10-15 13:39:18,26,Kalıp söküldü,Hidrolik Kaçak,0
4002583,903839,IE26903839,M00064,DIKDORTGEN KUTU 185-115 HAM TENEKE 3 PARÇA,2026-04-22 18:07:36,2026-04-22 18:40:42,33.1,Bakım çağrıldı,Kalite Duruşu,0
4002584,903840,IE26903840,M00064,DIKDORTGEN KUTU 185-115 HAM TENEKE 3 PARÇA,2026-04-23 13:14:55,2026-04-23 13:35:31,20.6,Bakım çağrıldı,Malzeme Bekleme,0
4002585,903841,IE26903841,M00064,DIKDORTGEN KUTU 185-115 HAM TENEKE 3 PARÇA,2026-04-24 10:40:33,2026-04-24 11:08:57,28.4,Operatör müdahalesi,Kalıp Değişimi,0
4002586,903842,IE26903842,M00064,DIKDORTGEN KUTU 185-115 HAM TENEKE 3 PARÇA,2026-04-25 16:50:19,2026-04-25 17:49:37,59.3,Kalıp söküldü,Kalıp Değişimi,0
4002587,903843,IE25903843,M00108,ALTIGEN KUTU 125-085 HAM TENEKE 3 PARÇA,2025-06-29 08:52:46,2025-06-29 09:54:40,61.9,Bakım çağrıldı,Sac Sıkışması,0
4002588,903844,IE25903844,M00108,ALTIGEN KUTU 125-085 HAM TENEKE 3 PARÇA,2025-06-30 22:22:36,2025-06-30 22:51:24,28.8,Bakım çağrıldı,Ayar / Numune Onayı,0
4002589,903845,IE25903845,M00108,ALTIGEN KUTU 125-085 HAM TENEKE 3 PARÇA,2025-07-01 18:33:00,2025-07-01 18:38:12,5.2,Kalıp söküldü,Kalıp Değişimi,0
4002590,903846,IE25903846,M00108,ALTIGEN KUTU 125-085 HAM TENEKE 3 PARÇA,2025-07-02 19:16:51,2025-07-02 19:51:09,34.3,,Elektrik Arızası,0
4002591,903848,IE25903848,M00001,KAPAK 090-065 HAM TENEKE 2 PARÇA,2025-07-31 22:59:30,2025-07-31 23:11:36,12.1,Bakım çağrıldı,Planlı Bakım,0
4002592,903850,IE25903850,M00007,DIKDORTGEN KUTU 185-115 MAT LAK 2 PARÇA,2025-08-03 10:54:39,2025-08-03 11:48:21,53.7,Kalıp söküldü,Kalıp Değişimi,0
4002593,903851,IE25903851,M00007,DIKDORTGEN KUTU 185-115 MAT LAK 2 PARÇA,2025-08-04 08:21:47,2025-08-04 09:07:17,45.5,Kalıp söküldü,Personel Yetersizliği,0
4002594,903857,IE25903857,M00004,YUVARLAK KUTU 210-255 MAT LAK 3 PARÇA,2025-06-25 21:00:39,2025-06-25 21:33:27,32.8,,Hidrolik Kaçak,0
4002595,903858,IE25903858,M00004,YUVARLAK KUTU 210-255 MAT LAK 3 PARÇA,2025-06-26 10:24:38,2025-06-26 10:38:26,13.8,Operatör müdahalesi,Sac Sıkışması,0
4002596,903860,IE25903860,M00002,TEPSI 325-125 MAT LAK 3 PARÇA,2025-11-11 21:48:54,2025-11-11 23:23:12,94.3,,Kalıp Değişimi,0
4002597,903861,IE25903861,M00002,TEPSI 325-125 MAT LAK 3 PARÇA,2025-11-12 08:03:46,2025-11-12 09:06:52,63.1,Operatör müdahalesi,Kalıp Değişimi,0
4002598,903862,IE25903862,M00002,TEPSI 325-125 MAT LAK 3 PARÇA,2025-11-13 19:03:09,2025-11-13 19:31:09,28,Bakım çağrıldı,Personel Yetersizliği,0
4002599,903864,IE26903864,M00002,TEPSI 325-125 MAT LAK 3 PARÇA,2026-04-23 16:54:05,2026-04-23 17:25:47,31.7,Yedek parça bekleniyor,Mekanik Arıza,0
4002600,903865,IE26903865,M00002,TEPSI 325-125 MAT LAK 3 PARÇA,2026-04-24 10:52:10,2026-04-24 12:15:28,83.3,Bakım çağrıldı,Ayar / Numune Onayı,0
4002601,903866,IE26903866,M00002,TEPSI 325-125 MAT LAK 3 PARÇA,2026-04-18 10:07:24,2026-04-18 10:19:24,12,Kalıp söküldü,Elektrik Arızası,0
4002602,903867,IE26903867,M00002,TEPSI 325-125 MAT LAK 3 PARÇA,2026-04-19 13:30:15,2026-04-19 13:48:21,18.1,Bakım çağrıldı,Ayar / Numune Onayı,0
4002603,903871,IE26903871,M00016,YUVARLAK-SIVAMA KUTU Ø068 HAM TENEKE 2 PARÇA,2026-03-07 18:06:08,2026-03-07 18:26:56,20.8,Yedek parça bekleniyor,Mekanik Arıza,0
4002604,903872,IE26903872,M00016,YUVARLAK-SIVAMA KUTU Ø068 HAM TENEKE 2 PARÇA,2026-03-08 13:23:38,2026-03-08 15:02:20,98.7,Kalıp söküldü,Kalıp Değişimi,0
4002605,903873,IE26903873,M00003,YUVARLAK KUTU 120-105 HAM TENEKE 2 PARÇA,2026-01-21 09:52:59,2026-01-21 10:20:05,27.1,Yedek parça bekleniyor,Vardiya Devri,0
4002606,903874,IE26903874,M00003,YUVARLAK KUTU 120-105 HAM TENEKE 2 PARÇA,2026-01-22 08:54:15,2026-01-22 10:00:27,66.2,Operatör müdahalesi,Personel Yetersizliği,0
4002607,903875,IE26903875,M00003,YUVARLAK KUTU 120-105 HAM TENEKE 2 PARÇA,2026-01-23 18:17:29,2026-01-23 18:55:05,37.6,Yedek parça bekleniyor,Kalıp Değişimi,0
4002608,903876,IE26903876,M00003,YUVARLAK KUTU 120-105 HAM TENEKE 2 PARÇA,2026-01-24 18:27:40,2026-01-24 18:55:04,27.4,Bakım çağrıldı,Vardiya Devri,0
4002609,903877,IE26903877,M00001,KAPAK 090-065 HAM TENEKE 2 PARÇA,2026-06-25 12:45:42,2026-06-25 13:13:24,27.7,Bakım çağrıldı,Ayar / Numune Onayı,0
4002610,903880,IE26903880,M00011,YUVARLAK KUTU 120-105 HAM TENEKE 3 PARÇA,2026-02-06 19:25:46,2026-02-06 20:30:04,64.3,Bakım çağrıldı,Kalıp Değişimi,0
4002611,903881,IE26903881,M00011,YUVARLAK KUTU 120-105 HAM TENEKE 3 PARÇA,2026-02-07 21:28:22,2026-02-07 22:03:52,35.5,Yedek parça bekleniyor,Kalite Duruşu,0
4002612,903883,IE26903883,M00028,YUVARLAK KUTU 245-175 MAT LAK 3 PARÇA,2026-06-11 19:41:58,2026-06-11 19:59:10,17.2,Bakım çağrıldı,Malzeme Bekleme,0
4002613,903884,IE26903884,M00028,YUVARLAK KUTU 245-175 MAT LAK 3 PARÇA,2026-06-12 14:33:47,2026-06-12 14:58:59,25.2,Operatör müdahalesi,Vardiya Devri,0
4002614,903886,IE26903886,M00028,YUVARLAK KUTU 245-175 MAT LAK 3 PARÇA,2026-06-14 15:35:57,2026-06-14 16:13:27,37.5,Operatör müdahalesi,Malzeme Bekleme,0
4002615,903888,IE26903888,M00001,KAPAK 090-065 HAM TENEKE 2 PARÇA,2026-02-27 18:04:29,2026-02-27 18:31:05,26.6,Operatör müdahalesi,Mekanik Arıza,0
4002616,903889,IE26903889,M00001,KAPAK 090-065 HAM TENEKE 2 PARÇA,2026-02-28 08:19:13,2026-02-28 08:51:25,32.2,Bakım çağrıldı,Kalıp Değişimi,0
4002617,903890,IE26903890,M00001,KAPAK 090-065 HAM TENEKE 2 PARÇA,2026-03-01 11:02:00,2026-03-01 11:26:18,24.3,Bakım çağrıldı,Ayar / Numune Onayı,0
4002618,903891,IE26903891,M00017,OVAL KUTU 295-165 VERNIKLI 2 PARÇA,2026-03-18 19:52:29,2026-03-18 20:04:59,12.5,Yedek parça bekleniyor,Kalıp Değişimi,0
4002619,903892,IE26903892,M00017,OVAL KUTU 295-165 VERNIKLI 2 PARÇA,2026-03-19 11:20:21,2026-03-19 12:16:51,56.5,Operatör müdahalesi,Planlı Bakım,0
4002620,903894,IE26903894,M00017,OVAL KUTU 295-165 VERNIKLI 2 PARÇA,2026-03-21 12:34:10,2026-03-21 12:44:16,10.1,Bakım çağrıldı,Mekanik Arıza,0
4002621,903899,IE25903899,M00005,DIKDORTGEN KUTU 145-095 MAT LAK 2 PARÇA,2025-08-09 14:31:09,2025-08-09 15:12:09,41,Yedek parça bekleniyor,Sac Sıkışması,0
4002622,903901,IE25903901,M00002,TEPSI 325-125 MAT LAK 3 PARÇA,2025-07-11 09:30:31,2025-07-11 09:45:25,14.9,Yedek parça bekleniyor,Vardiya Devri,0
4002623,903902,IE25903902,M00002,TEPSI 325-125 MAT LAK 3 PARÇA,2025-07-12 12:20:39,2025-07-12 12:25:57,5.3,Bakım çağrıldı,Mekanik Arıza,0
4002624,903903,IE25903903,M00002,TEPSI 325-125 MAT LAK 3 PARÇA,2025-07-13 17:58:56,2025-07-13 18:40:38,41.7,Kalıp söküldü,Kalıp Değişimi,0
4002625,903904,IE25903904,M00002,TEPSI 325-125 MAT LAK 3 PARÇA,2025-07-14 19:09:51,2025-07-14 19:48:03,38.2,Operatör müdahalesi,Planlı Bakım,0
4002626,903905,IE25903905,M00124,KAPAK 090-065 HAM TENEKE 3 PARÇA,2025-08-13 07:08:55,2025-08-13 07:31:19,22.4,Bakım çağrıldı,Malzeme Bekleme,0
4002627,903906,IE25903906,M00124,KAPAK 090-065 HAM TENEKE 3 PARÇA,2025-08-14 16:53:38,2025-08-14 17:05:50,12.2,,Personel Yetersizliği,0
4002628,903908,IE25903908,M00124,KAPAK 090-065 HAM TENEKE 3 PARÇA,2025-08-16 09:05:12,2025-08-16 10:54:24,109.2,Yedek parça bekleniyor,Kalıp Değişimi,0
4002629,903910,IE25903910,M00001,KAPAK 090-065 HAM TENEKE 2 PARÇA,2025-07-02 22:57:03,2025-07-02 23:46:45,49.7,Operatör müdahalesi,Planlı Bakım,0
4002630,903913,IE25903913,M00008,YUVARLAK KUTU 210-255 HAM TENEKE 3 PARÇA,2025-10-30 12:55:08,2025-10-30 13:02:08,7,Operatör müdahalesi,Kalıp Değişimi,0
4002631,903914,IE25903914,M00008,YUVARLAK KUTU 210-255 HAM TENEKE 3 PARÇA,2025-10-31 18:21:29,2025-10-31 18:45:53,24.4,,Malzeme Bekleme,0
4002632,903916,IE25903916,M00008,YUVARLAK KUTU 210-255 HAM TENEKE 3 PARÇA,2025-11-02 19:54:53,2025-11-02 20:17:35,22.7,Bakım çağrıldı,Hidrolik Kaçak,0
4002633,903918,IE25903918,M00004,YUVARLAK KUTU 210-255 MAT LAK 3 PARÇA,2025-07-14 13:01:28,2025-07-14 14:22:16,80.8,Operatör müdahalesi,Kalite Duruşu,0
4002634,903919,IE25903919,M00004,YUVARLAK KUTU 210-255 MAT LAK 3 PARÇA,2025-07-15 16:55:33,2025-07-15 17:04:51,9.3,Kalıp söküldü,Kalıp Değişimi,0
4002635,903922,IE25903922,M00208,KOSELI SIVAMA KUTU 210-080 HAM TENEKE 2 PARÇA,2025-07-19 21:28:18,2025-07-19 21:49:18,21,Yedek parça bekleniyor,Mekanik Arıza,0
4002636,903923,IE25903923,M00002,TEPSI 325-125 MAT LAK 3 PARÇA,2025-09-04 14:03:19,2025-09-04 14:31:25,28.1,Bakım çağrıldı,Mekanik Arıza,0
4002637,903924,IE25903924,M00002,TEPSI 325-125 MAT LAK 3 PARÇA,2025-09-05 08:38:54,2025-09-05 09:05:24,26.5,Yedek parça bekleniyor,Ayar / Numune Onayı,0
4002638,903926,IE25903926,M00002,TEPSI 325-125 MAT LAK 3 PARÇA,2025-09-07 17:00:20,2025-09-07 17:19:26,19.1,Kalıp söküldü,Kalıp Değişimi,0
4002639,903927,IE26903927,M00033,YUVARLAK KUTU Ø092 MAT LAK 3 PARÇA,2026-06-05 08:46:04,2026-06-05 09:14:34,28.5,Kalıp söküldü,Ayar / Numune Onayı,0
4002640,903928,IE26903928,M00033,YUVARLAK KUTU Ø092 MAT LAK 3 PARÇA,2026-06-06 13:43:39,2026-06-06 14:33:15,49.6,,Kalıp Değişimi,0
4002641,903929,IE26903929,M00033,YUVARLAK KUTU Ø092 MAT LAK 3 PARÇA,2026-06-07 21:41:37,2026-06-07 21:56:49,15.2,Yedek parça bekleniyor,Mekanik Arıza,0
4002642,903930,IE26903930,M00033,YUVARLAK KUTU Ø092 MAT LAK 3 PARÇA,2026-06-08 11:00:49,2026-06-08 11:12:13,11.4,Operatör müdahalesi,Kalıp Değişimi,0
4002643,903932,IE26903932,M00015,YUVARLAK KUTU Ø092 MAT LAK 2 PARÇA,2026-05-05 18:07:33,2026-05-05 18:20:21,12.8,Kalıp söküldü,Malzeme Bekleme,0
4002644,903934,IE26903934,M00057,KALP KUTU 160-090 LITOGRAFI 3 PARÇA,2026-07-16 18:09:55,2026-07-16 18:40:37,30.7,Bakım çağrıldı,Ayar / Numune Onayı,0
4002645,903936,IE26903936,M00057,KALP KUTU 160-090 LITOGRAFI 3 PARÇA,2026-07-18 17:00:11,2026-07-18 17:47:05,46.9,Yedek parça bekleniyor,Kalıp Değişimi,0
4002646,903939,IE26903939,M00042,SEKIZGEN KUTU 135-145 LITOGRAFI 3 PARÇA,2026-07-27 15:55:16,2026-07-27 16:56:58,61.7,Bakım çağrıldı,Kalıp Değişimi,0
4002647,903940,IE26903940,M00042,SEKIZGEN KUTU 135-145 LITOGRAFI 3 PARÇA,2026-07-28 15:38:23,2026-07-28 17:36:53,118.5,Kalıp söküldü,Kalıp Değişimi,0
4002648,903942,IE25903942,M00131,YUVARLAK-SIVAMA KUTU Ø068 LITOGRAFI 3 PARÇA,2025-08-19 11:17:38,2025-08-19 11:40:44,23.1,Yedek parça bekleniyor,Elektrik Arızası,0
4002649,903943,IE25903943,M00131,YUVARLAK-SIVAMA KUTU Ø068 LITOGRAFI 3 PARÇA,2025-08-20 09:24:19,2025-08-20 10:10:49,46.5,Kalıp söküldü,Kalıp Değişimi,0
4002650,903944,IE25903944,M00010,YUVARLAK KUTU 255-205 MAT LAK 3 PARÇA,2025-07-23 12:00:36,2025-07-23 13:17:18,76.7,Operatör müdahalesi,Elektrik Arızası,0
4002651,903946,IE25903946,M00010,YUVARLAK KUTU 255-205 MAT LAK 3 PARÇA,2025-07-25 08:57:14,2025-07-25 09:58:08,60.9,,Kalıp Değişimi,0
4002652,903947,IE25903947,M00010,YUVARLAK KUTU 255-205 MAT LAK 3 PARÇA,2025-07-26 15:59:40,2025-07-26 16:51:10,51.5,Yedek parça bekleniyor,Planlı Bakım,0
4002653,903948,IE26903948,M00009,YUVARLAK KUTU 245-175 VERNIKLI 3 PARÇA,2026-06-17 19:52:58,2026-06-17 20:21:28,28.5,Kalıp söküldü,Mekanik Arıza,0
4002654,903949,IE26903949,M00009,YUVARLAK KUTU 245-175 VERNIKLI 3 PARÇA,2026-06-18 19:08:14,2026-06-18 20:12:56,64.7,Bakım çağrıldı,Mekanik Arıza,0
4002655,903950,IE26903950,M00009,YUVARLAK KUTU 245-175 VERNIKLI 3 PARÇA,2026-06-19 16:17:26,2026-06-19 16:37:50,20.4,,Hidrolik Kaçak,0
4002656,903951,IE26903951,M00009,YUVARLAK KUTU 245-175 VERNIKLI 3 PARÇA,2026-06-20 08:05:18,2026-06-20 09:10:42,65.4,,Vardiya Devri,0
4002657,903952,IE25903952,M00002,TEPSI 325-125 MAT LAK 3 PARÇA,2025-10-31 11:24:41,2025-10-31 11:43:59,19.3,Kalıp söküldü,Planlı Bakım,0
4002658,903953,IE25903953,M00002,TEPSI 325-125 MAT LAK 3 PARÇA,2025-11-01 14:15:50,2025-11-01 15:19:20,63.5,Kalıp söküldü,Ayar / Numune Onayı,0
4002659,903954,IE25903954,M00002,TEPSI 325-125 MAT LAK 3 PARÇA,2025-11-02 19:33:07,2025-11-02 20:36:19,63.2,Yedek parça bekleniyor,Hidrolik Kaçak,0
4002660,903955,IE26903955,M00037,YUVARLAK KUTU 078-095 MAT LAK 3 PARÇA,2026-05-27 20:44:46,2026-05-27 21:37:04,52.3,,Mekanik Arıza,0
4002661,903956,IE26903956,M00037,YUVARLAK KUTU 078-095 MAT LAK 3 PARÇA,2026-05-28 09:45:29,2026-05-28 10:27:47,42.3,Yedek parça bekleniyor,Malzeme Bekleme,0
4002662,903957,IE26903957,M00037,YUVARLAK KUTU 078-095 MAT LAK 3 PARÇA,2026-05-29 19:29:53,2026-05-29 20:09:59,40.1,,Kalıp Değişimi,0
4002663,903958,IE26903958,M00037,YUVARLAK KUTU 078-095 MAT LAK 3 PARÇA,2026-05-30 14:00:44,2026-05-30 14:17:50,17.1,Kalıp söküldü,Personel Yetersizliği,0
4002664,903959,IE25903959,M00204,SEKILLI KUTU 175-205 LITOGRAFI 3 PARÇA,2025-08-08 07:37:04,2025-08-08 08:02:22,25.3,,Vardiya Devri,0
4002665,903961,IE25903961,M00204,SEKILLI KUTU 175-205 LITOGRAFI 3 PARÇA,2025-08-10 15:45:44,2025-08-10 16:21:26,35.7,,Mekanik Arıza,0
4002666,903962,IE26903962,M00008,YUVARLAK KUTU 210-255 HAM TENEKE 3 PARÇA,2026-02-14 19:15:56,2026-02-14 19:40:26,24.5,Yedek parça bekleniyor,Kalıp Değişimi,0
4002667,903963,IE26903963,M00008,YUVARLAK KUTU 210-255 HAM TENEKE 3 PARÇA,2026-02-15 18:29:26,2026-02-15 18:43:08,13.7,Operatör müdahalesi,Personel Yetersizliği,0
4002668,903964,IE26903964,M00008,YUVARLAK KUTU 210-255 HAM TENEKE 3 PARÇA,2026-02-16 07:14:10,2026-02-16 08:14:10,60,Kalıp söküldü,Kalıp Değişimi,0
4002669,903965,IE26903965,M00008,YUVARLAK KUTU 210-255 HAM TENEKE 3 PARÇA,2026-02-17 08:38:52,2026-02-17 08:53:10,14.3,Kalıp söküldü,Kalıp Değişimi,0
4002670,903967,IE26903967,M00002,TEPSI 325-125 MAT LAK 3 PARÇA,2026-05-12 08:56:08,2026-05-12 09:46:38,50.5,Kalıp söküldü,Planlı Bakım,0
4002671,903968,IE26903968,M00002,TEPSI 325-125 MAT LAK 3 PARÇA,2026-05-13 20:40:14,2026-05-13 21:13:20,33.1,Operatör müdahalesi,Enerji Kesintisi,0
4002672,903969,IE25903969,M00010,YUVARLAK KUTU 255-205 MAT LAK 3 PARÇA,2025-11-15 12:17:58,2025-11-15 12:33:04,15.1,Kalıp söküldü,Mekanik Arıza,0
4002673,903970,IE25903970,M00010,YUVARLAK KUTU 255-205 MAT LAK 3 PARÇA,2025-11-16 12:16:55,2025-11-16 12:33:19,16.4,Bakım çağrıldı,Mekanik Arıza,0
4002674,903978,IE26903978,M00005,DIKDORTGEN KUTU 145-095 MAT LAK 2 PARÇA,2026-06-12 13:52:37,2026-06-12 14:44:01,51.4,Yedek parça bekleniyor,Malzeme Bekleme,0
4002675,903980,IE26903980,M00005,DIKDORTGEN KUTU 145-095 MAT LAK 2 PARÇA,2026-06-14 15:33:17,2026-06-14 15:50:59,17.7,Kalıp söküldü,Kalıp Değişimi,0
4002676,903981,IE26903981,M00020,YUVARLAK KUTU 210-255 LITOGRAFI 2 PARÇA,2026-01-17 16:45:30,2026-01-17 17:35:42,50.2,,Kalıp Değişimi,0
4002677,903982,IE26903982,M00020,YUVARLAK KUTU 210-255 LITOGRAFI 2 PARÇA,2026-01-18 15:34:10,2026-01-18 16:35:34,61.4,Bakım çağrıldı,Vardiya Devri,0
4002678,903983,IE26903983,M00020,YUVARLAK KUTU 210-255 LITOGRAFI 2 PARÇA,2026-01-19 08:48:50,2026-01-19 09:06:20,17.5,,Malzeme Bekleme,0
4002679,903984,IE26903984,M00020,YUVARLAK KUTU 210-255 LITOGRAFI 2 PARÇA,2026-01-20 20:41:49,2026-01-20 20:50:19,8.5,Kalıp söküldü,Mekanik Arıza,0
4002680,903985,IE25903985,M00002,TEPSI 325-125 MAT LAK 3 PARÇA,2025-07-12 20:36:22,2025-07-12 21:16:34,40.2,Kalıp söküldü,Kalıp Değişimi,0
4002681,903986,IE25903986,M00002,TEPSI 325-125 MAT LAK 3 PARÇA,2025-07-13 11:13:16,2025-07-13 11:34:46,21.5,,Elektrik Arızası,0
4002682,903988,IE25903988,M00035,YUVARLAK KUTU 120-105 HAM TENEKE 3 PARÇA,2025-12-06 17:54:03,2025-12-06 18:22:15,28.2,Bakım çağrıldı,Mekanik Arıza,0
4002683,903989,IE25903989,M00035,YUVARLAK KUTU 120-105 HAM TENEKE 3 PARÇA,2025-12-07 23:13:24,2025-12-08 00:09:54,56.5,Operatör müdahalesi,Kalıp Değişimi,0
4002684,903990,IE25903990,M00035,YUVARLAK KUTU 120-105 HAM TENEKE 3 PARÇA,2025-12-08 16:45:21,2025-12-08 17:34:21,49,,Kalite Duruşu,0
4002685,903991,IE25903991,M00047,KAPAK 245-175 LITOGRAFI 3 PARÇA,2025-08-22 11:00:16,2025-08-22 11:11:22,11.1,Kalıp söküldü,Kalıp Değişimi,0
4002686,903992,IE25903992,M00047,KAPAK 245-175 LITOGRAFI 3 PARÇA,2025-08-23 10:26:42,2025-08-23 11:34:30,67.8,Operatör müdahalesi,Ayar / Numune Onayı,0
4002687,903993,IE25903993,M00047,KAPAK 245-175 LITOGRAFI 3 PARÇA,2025-08-24 20:04:21,2025-08-24 21:08:45,64.4,Operatör müdahalesi,Malzeme Bekleme,0
4002688,903994,IE26903994,M00003,YUVARLAK KUTU 120-105 HAM TENEKE 2 PARÇA,2026-01-27 09:50:07,2026-01-27 10:07:19,17.2,Kalıp söküldü,Kalıp Değişimi,0
4002689,903996,IE26903996,M00003,YUVARLAK KUTU 120-105 HAM TENEKE 2 PARÇA,2026-01-29 08:49:09,2026-01-29 09:17:09,28,Kalıp söküldü,Kalıp Değişimi,0
4002690,904001,IE25904001,M00011,YUVARLAK KUTU 120-105 HAM TENEKE 3 PARÇA,2025-11-11 15:07:44,2025-11-11 15:18:26,10.7,Kalıp söküldü,Kalıp Değişimi,0
4002691,904003,IE25904003,M00011,YUVARLAK KUTU 120-105 HAM TENEKE 3 PARÇA,2025-11-13 17:52:31,2025-11-13 18:09:07,16.6,Kalıp söküldü,Kalıp Değişimi,0
4002692,904005,IE26904005,M00007,DIKDORTGEN KUTU 185-115 MAT LAK 2 PARÇA,2026-06-08 08:06:53,2026-06-08 08:32:47,25.9,Kalıp söküldü,Hidrolik Kaçak,0
4002693,904006,IE26904006,M00007,DIKDORTGEN KUTU 185-115 MAT LAK 2 PARÇA,2026-06-09 10:38:31,2026-06-09 10:47:49,9.3,Yedek parça bekleniyor,Kalıp Değişimi,0
4002694,904007,IE26904007,M00007,DIKDORTGEN KUTU 185-115 MAT LAK 2 PARÇA,2026-06-10 08:14:17,2026-06-10 09:05:41,51.4,Yedek parça bekleniyor,Hidrolik Kaçak,0
4002695,904008,IE26904008,M00016,YUVARLAK-SIVAMA KUTU Ø068 HAM TENEKE 2 PARÇA,2026-01-22 18:28:51,2026-01-22 18:41:45,12.9,Yedek parça bekleniyor,Hidrolik Kaçak,0
4002696,904011,IE25904011,M00002,TEPSI 325-125 MAT LAK 3 PARÇA,2025-10-19 09:32:16,2025-10-19 11:00:10,87.9,Operatör müdahalesi,Kalıp Değişimi,0
4002697,904012,IE25904012,M00002,TEPSI 325-125 MAT LAK 3 PARÇA,2025-10-20 09:34:45,2025-10-20 10:07:09,32.4,,Ayar / Numune Onayı,0
4002698,904015,IE25904015,M00017,OVAL KUTU 295-165 VERNIKLI 2 PARÇA,2025-09-23 10:43:23,2025-09-23 12:12:41,89.3,Yedek parça bekleniyor,Elektrik Arızası,0
4002699,904017,IE25904017,M00017,OVAL KUTU 295-165 VERNIKLI 2 PARÇA,2025-09-25 08:52:53,2025-09-25 09:06:35,13.7,Kalıp söküldü,Ayar / Numune Onayı,0
4002700,904022,IE25904022,M00001,KAPAK 090-065 HAM TENEKE 2 PARÇA,2025-08-16 14:21:32,2025-08-16 14:59:02,37.5,Bakım çağrıldı,Sac Sıkışması,0
4002701,904023,IE25904023,M00001,KAPAK 090-065 HAM TENEKE 2 PARÇA,2025-08-17 13:16:00,2025-08-17 13:42:06,26.1,Operatör müdahalesi,Elektrik Arızası,0
4002702,904024,IE25904024,M00001,KAPAK 090-065 HAM TENEKE 2 PARÇA,2025-08-18 11:43:26,2025-08-18 12:37:32,54.1,Yedek parça bekleniyor,Kalıp Değişimi,0
4002703,904028,IE25904028,M00001,KAPAK 090-065 HAM TENEKE 2 PARÇA,2025-07-14 16:47:53,2025-07-14 17:39:59,52.1,Kalıp söküldü,Vardiya Devri,0
4002704,904033,IE25904033,M00002,TEPSI 325-125 MAT LAK 3 PARÇA,2025-11-25 10:58:48,2025-11-25 11:38:12,39.4,Yedek parça bekleniyor,Personel Yetersizliği,0
4002705,904035,IE25904035,M00002,TEPSI 325-125 MAT LAK 3 PARÇA,2025-11-27 14:38:45,2025-11-27 14:48:51,10.1,Operatör müdahalesi,Planlı Bakım,0
4002706,904036,IE26904036,M00263,DIKDORTGEN KUTU 185-115 LITOGRAFI 2 PARÇA,2026-05-25 09:27:13,2026-05-25 09:38:31,11.3,Kalıp söküldü,Personel Yetersizliği,0
4002707,904038,IE26904038,M00263,DIKDORTGEN KUTU 185-115 LITOGRAFI 2 PARÇA,2026-05-27 06:53:56,2026-05-27 07:24:38,30.7,Kalıp söküldü,Mekanik Arıza,0
4002708,904039,IE26904039,M00004,YUVARLAK KUTU 210-255 MAT LAK 3 PARÇA,2026-04-22 19:57:42,2026-04-22 20:26:36,28.9,Operatör müdahalesi,Kalıp Değişimi,0
4002709,904040,IE26904040,M00004,YUVARLAK KUTU 210-255 MAT LAK 3 PARÇA,2026-04-23 13:55:36,2026-04-23 14:47:06,51.5,Kalıp söküldü,Ayar / Numune Onayı,0
4002710,904041,IE26904041,M00004,YUVARLAK KUTU 210-255 MAT LAK 3 PARÇA,2026-04-24 09:05:31,2026-04-24 10:18:19,72.8,,Malzeme Bekleme,0
4002711,904042,IE26904042,M00015,YUVARLAK KUTU Ø092 MAT LAK 2 PARÇA,2026-03-24 15:49:46,2026-03-24 16:57:34,67.8,Kalıp söküldü,Malzeme Bekleme,0
4002712,904044,IE26904044,M00015,YUVARLAK KUTU Ø092 MAT LAK 2 PARÇA,2026-03-26 19:12:41,2026-03-26 20:08:23,55.7,,Kalıp Değişimi,0
4002713,904045,IE26904045,M00004,YUVARLAK KUTU 210-255 MAT LAK 3 PARÇA,2026-04-06 16:06:36,2026-04-06 16:19:54,13.3,Bakım çağrıldı,Elektrik Arızası,0
4002714,904046,IE26904046,M00004,YUVARLAK KUTU 210-255 MAT LAK 3 PARÇA,2026-04-07 13:23:04,2026-04-07 14:18:10,55.1,Yedek parça bekleniyor,Kalite Duruşu,0
4002715,904047,IE26904047,M00004,YUVARLAK KUTU 210-255 MAT LAK 3 PARÇA,2026-04-08 12:09:29,2026-04-08 12:58:59,49.5,Operatör müdahalesi,Elektrik Arızası,0
4002716,904051,IE25904051,M00001,KAPAK 090-065 HAM TENEKE 2 PARÇA,2025-11-18 22:37:25,2025-11-18 23:31:01,53.6,,Kalıp Değişimi,0
4002717,904052,IE25904052,M00001,KAPAK 090-065 HAM TENEKE 2 PARÇA,2025-11-19 09:54:27,2025-11-19 10:54:21,59.9,Bakım çağrıldı,Malzeme Bekleme,0
4002718,904053,IE25904053,M00001,KAPAK 090-065 HAM TENEKE 2 PARÇA,2025-11-20 16:20:00,2025-11-20 16:45:18,25.3,Kalıp söküldü,Kalıp Değişimi,0
4002719,904059,IE26904059,M00008,YUVARLAK KUTU 210-255 HAM TENEKE 3 PARÇA,2026-03-31 20:48:06,2026-03-31 21:43:24,55.3,Yedek parça bekleniyor,Kalıp Değişimi,0
4002720,904060,IE25904060,M00190,YUVARLAK KUTU 210-255 VERNIKLI 3 PARÇA,2025-08-07 11:18:56,2025-08-07 12:24:02,65.1,Bakım çağrıldı,Ayar / Numune Onayı,0
4002721,904061,IE25904061,M00190,YUVARLAK KUTU 210-255 VERNIKLI 3 PARÇA,2025-08-08 13:30:38,2025-08-08 14:12:44,42.1,Operatör müdahalesi,Vardiya Devri,0
4002722,904066,IE25904066,M00090,PLAKA-BARDAK ALTI 205-050 HAM TENEKE 2 PARÇA,2025-10-28 19:53:29,2025-10-28 21:05:53,72.4,Operatör müdahalesi,Vardiya Devri,0
4002723,904070,IE26904070,M00086,YUVARLAK KUTU 255-205 HAM TENEKE 2 PARÇA,2026-07-17 14:52:59,2026-07-17 15:21:17,28.3,Bakım çağrıldı,Enerji Kesintisi,0
4002724,904071,IE26904071,M00086,YUVARLAK KUTU 255-205 HAM TENEKE 2 PARÇA,2026-07-18 11:47:35,2026-07-18 11:57:53,10.3,Operatör müdahalesi,Sac Sıkışması,0
4002725,904072,IE26904072,M00086,YUVARLAK KUTU 255-205 HAM TENEKE 2 PARÇA,2026-07-19 12:16:18,2026-07-19 12:49:42,33.4,Operatör müdahalesi,Hidrolik Kaçak,0
4002726,904078,IE25904078,M00006,SEKILLI KUTU 175-205 HAM TENEKE 3 PARÇA,2025-11-06 12:04:38,2025-11-06 12:42:56,38.3,Bakım çağrıldı,Ayar / Numune Onayı,0
4002727,904079,IE25904079,M00006,SEKILLI KUTU 175-205 HAM TENEKE 3 PARÇA,2025-11-07 12:05:17,2025-11-07 12:22:47,17.5,,Mekanik Arıza,0
4002728,904080,IE25904080,M00006,SEKILLI KUTU 175-205 HAM TENEKE 3 PARÇA,2025-11-08 17:51:59,2025-11-08 18:07:23,15.4,,Hidrolik Kaçak,0
4002729,904081,IE25904081,M00006,SEKILLI KUTU 175-205 HAM TENEKE 3 PARÇA,2025-11-09 18:43:42,2025-11-09 19:21:00,37.3,Kalıp söküldü,Kalıp Değişimi,0
4002730,904082,IE25904082,M00010,YUVARLAK KUTU 255-205 MAT LAK 3 PARÇA,2025-07-19 18:30:02,2025-07-19 19:28:38,58.6,Operatör müdahalesi,Vardiya Devri,0
4002731,904083,IE25904083,M00010,YUVARLAK KUTU 255-205 MAT LAK 3 PARÇA,2025-07-20 18:13:50,2025-07-20 19:18:26,64.6,Yedek parça bekleniyor,Kalıp Değişimi,0
4002732,904085,IE25904085,M00010,YUVARLAK KUTU 255-205 MAT LAK 3 PARÇA,2025-07-22 18:43:33,2025-07-22 19:50:27,66.9,,Kalıp Değişimi,0
4002733,904086,IE25904086,M00004,YUVARLAK KUTU 210-255 MAT LAK 3 PARÇA,2025-10-08 21:45:39,2025-10-08 22:52:57,67.3,,Kalıp Değişimi,0
4002734,904087,IE25904087,M00004,YUVARLAK KUTU 210-255 MAT LAK 3 PARÇA,2025-10-09 18:34:12,2025-10-09 19:20:30,46.3,Yedek parça bekleniyor,Sac Sıkışması,0
4002735,904088,IE25904088,M00004,YUVARLAK KUTU 210-255 MAT LAK 3 PARÇA,2025-10-10 08:18:25,2025-10-10 08:50:25,32,Bakım çağrıldı,Hidrolik Kaçak,0
4002736,904089,IE25904089,M00004,YUVARLAK KUTU 210-255 MAT LAK 3 PARÇA,2025-10-11 15:18:15,2025-10-11 16:16:51,58.6,Yedek parça bekleniyor,Kalıp Değişimi,0
4002737,904090,IE25904090,M00003,YUVARLAK KUTU 120-105 HAM TENEKE 2 PARÇA,2025-12-13 12:49:42,2025-12-13 14:03:24,73.7,,Planlı Bakım,0
4002738,904091,IE25904091,M00003,YUVARLAK KUTU 120-105 HAM TENEKE 2 PARÇA,2025-12-14 18:10:10,2025-12-14 18:54:58,44.8,Yedek parça bekleniyor,Kalıp Değişimi,0
4002739,904092,IE25904092,M00003,YUVARLAK KUTU 120-105 HAM TENEKE 2 PARÇA,2025-12-15 19:30:19,2025-12-15 19:59:01,28.7,Kalıp söküldü,Kalıp Değişimi,0
4002740,904093,IE25904093,M00013,KOSELI SIVAMA KUTU 210-080 LITOGRAFI 3 PARÇA,2025-11-06 07:44:55,2025-11-06 10:03:55,139,,Mekanik Arıza,0
4002741,904094,IE25904094,M00013,KOSELI SIVAMA KUTU 210-080 LITOGRAFI 3 PARÇA,2025-11-07 21:14:30,2025-11-07 22:03:00,48.5,Operatör müdahalesi,Enerji Kesintisi,0
4002742,904095,IE25904095,M00013,KOSELI SIVAMA KUTU 210-080 LITOGRAFI 3 PARÇA,2025-11-08 10:00:55,2025-11-08 10:06:19,5.4,Kalıp söküldü,Mekanik Arıza,0
4002743,904096,IE25904096,M00004,YUVARLAK KUTU 210-255 MAT LAK 3 PARÇA,2025-07-21 17:28:01,2025-07-21 18:32:01,64,Yedek parça bekleniyor,Vardiya Devri,0
4002744,904097,IE25904097,M00004,YUVARLAK KUTU 210-255 MAT LAK 3 PARÇA,2025-07-22 10:13:44,2025-07-22 10:31:38,17.9,,Elektrik Arızası,0
4002745,904098,IE25904098,M00004,YUVARLAK KUTU 210-255 MAT LAK 3 PARÇA,2025-07-23 12:23:55,2025-07-23 13:17:19,53.4,,Kalite Duruşu,0
4002746,904099,IE26904099,M00006,SEKILLI KUTU 175-205 HAM TENEKE 3 PARÇA,2026-07-02 14:19:20,2026-07-02 14:52:08,32.8,,Planlı Bakım,0
4002747,904102,IE26904102,M00006,SEKILLI KUTU 175-205 HAM TENEKE 3 PARÇA,2026-07-05 21:21:31,2026-07-05 21:49:31,28,Kalıp söküldü,Kalite Duruşu,0
4002748,904103,IE26904103,M00002,TEPSI 325-125 MAT LAK 3 PARÇA,2026-04-19 12:00:28,2026-04-19 12:15:28,15,Yedek parça bekleniyor,Malzeme Bekleme,0
4002749,904104,IE26904104,M00002,TEPSI 325-125 MAT LAK 3 PARÇA,2026-04-20 22:01:51,2026-04-20 22:42:57,41.1,Kalıp söküldü,Malzeme Bekleme,0
4002750,904105,IE26904105,M00002,TEPSI 325-125 MAT LAK 3 PARÇA,2026-04-21 13:58:58,2026-04-21 14:32:40,33.7,Yedek parça bekleniyor,Mekanik Arıza,0
4002751,904106,IE26904106,M00002,TEPSI 325-125 MAT LAK 3 PARÇA,2026-04-22 13:51:11,2026-04-22 14:18:53,27.7,Yedek parça bekleniyor,Sac Sıkışması,0
4002752,904107,IE26904107,M00001,KAPAK 090-065 HAM TENEKE 2 PARÇA,2026-06-12 16:38:22,2026-06-12 16:46:16,7.9,,Mekanik Arıza,0
4002753,904109,IE26904109,M00001,KAPAK 090-065 HAM TENEKE 2 PARÇA,2026-06-14 18:01:33,2026-06-14 18:28:03,26.5,,Kalıp Değişimi,0
4002754,904110,IE26904110,M00001,KAPAK 090-065 HAM TENEKE 2 PARÇA,2026-06-15 07:54:46,2026-06-15 09:21:34,86.8,Yedek parça bekleniyor,Sac Sıkışması,0
4002755,904112,IE26904112,M00053,SEKILLI KUTU 175-205 MAT LAK 3 PARÇA,2026-05-17 07:37:27,2026-05-17 08:42:27,65,Yedek parça bekleniyor,Personel Yetersizliği,0
4002756,904113,IE26904113,M00053,SEKILLI KUTU 175-205 MAT LAK 3 PARÇA,2026-05-18 11:31:47,2026-05-18 12:22:11,50.4,Bakım çağrıldı,Kalıp Değişimi,0
4002757,904116,IE25904116,M00015,YUVARLAK KUTU Ø092 MAT LAK 2 PARÇA,2025-10-09 13:59:56,2025-10-09 14:43:32,43.6,Bakım çağrıldı,Kalite Duruşu,0
4002758,904118,IE26904118,M00005,DIKDORTGEN KUTU 145-095 MAT LAK 2 PARÇA,2026-07-25 20:56:54,2026-07-25 21:01:54,5,Bakım çağrıldı,Kalıp Değişimi,0
4002759,904119,IE26904119,M00005,DIKDORTGEN KUTU 145-095 MAT LAK 2 PARÇA,2026-07-26 13:08:32,2026-07-26 13:42:14,33.7,Yedek parça bekleniyor,Kalıp Değişimi,0
4002760,904121,IE25904121,M00006,SEKILLI KUTU 175-205 HAM TENEKE 3 PARÇA,2025-09-19 19:20:17,2025-09-19 20:21:47,61.5,,Kalıp Değişimi,0
4002761,904122,IE25904122,M00006,SEKILLI KUTU 175-205 HAM TENEKE 3 PARÇA,2025-09-20 20:15:48,2025-09-20 21:23:42,67.9,,Enerji Kesintisi,0
4002762,904123,IE25904123,M00006,SEKILLI KUTU 175-205 HAM TENEKE 3 PARÇA,2025-09-21 09:40:52,2025-09-21 10:44:22,63.5,Bakım çağrıldı,Kalıp Değişimi,0
4002763,904128,IE25904128,M00008,YUVARLAK KUTU 210-255 HAM TENEKE 3 PARÇA,2025-10-08 21:31:58,2025-10-08 23:02:16,90.3,Operatör müdahalesi,Kalıp Değişimi,0
4002764,904129,IE25904129,M00008,YUVARLAK KUTU 210-255 HAM TENEKE 3 PARÇA,2025-10-09 22:17:34,2025-10-09 22:29:28,11.9,Bakım çağrıldı,Kalıp Değişimi,0
4002765,904130,IE25904130,M00008,YUVARLAK KUTU 210-255 HAM TENEKE 3 PARÇA,2025-10-10 12:04:59,2025-10-10 12:38:53,33.9,Operatör müdahalesi,Mekanik Arıza,0
4002766,904131,IE25904131,M00003,YUVARLAK KUTU 120-105 HAM TENEKE 2 PARÇA,2025-10-29 18:25:21,2025-10-29 19:22:15,56.9,Yedek parça bekleniyor,Elektrik Arızası,0
4002767,904132,IE25904132,M00003,YUVARLAK KUTU 120-105 HAM TENEKE 2 PARÇA,2025-10-30 21:33:14,2025-10-30 22:39:02,65.8,,Mekanik Arıza,0
4002768,904134,IE25904134,M00004,YUVARLAK KUTU 210-255 MAT LAK 3 PARÇA,2025-11-24 20:26:47,2025-11-24 21:28:11,61.4,Yedek parça bekleniyor,Hidrolik Kaçak,0
4002769,904135,IE25904135,M00004,YUVARLAK KUTU 210-255 MAT LAK 3 PARÇA,2025-11-25 13:36:11,2025-11-25 14:08:11,32,Bakım çağrıldı,Kalite Duruşu,0
4002770,904136,IE25904136,M00004,YUVARLAK KUTU 210-255 MAT LAK 3 PARÇA,2025-11-26 20:10:37,2025-11-26 20:42:13,31.6,,Sac Sıkışması,0
4002771,904137,IE25904137,M00004,YUVARLAK KUTU 210-255 MAT LAK 3 PARÇA,2025-11-27 15:57:48,2025-11-27 16:57:00,59.2,Operatör müdahalesi,Planlı Bakım,0
4002772,904139,IE25904139,M00039,YUVARLAK KUTU 078-095 HAM TENEKE 2 PARÇA,2025-10-07 20:16:53,2025-10-07 21:04:23,47.5,Kalıp söküldü,Ayar / Numune Onayı,0
4002773,904141,IE25904141,M00039,YUVARLAK KUTU 078-095 HAM TENEKE 2 PARÇA,2025-10-09 16:13:49,2025-10-09 16:24:19,10.5,,Elektrik Arızası,0
4002774,904142,IE26904142,M00009,YUVARLAK KUTU 245-175 VERNIKLI 3 PARÇA,2026-02-14 18:28:18,2026-02-14 19:52:54,84.6,Operatör müdahalesi,Sac Sıkışması,0
4002775,904145,IE25904145,M00005,DIKDORTGEN KUTU 145-095 MAT LAK 2 PARÇA,2025-08-10 10:17:38,2025-08-10 10:49:20,31.7,Operatör müdahalesi,Mekanik Arıza,0
4002776,904150,IE26904150,M00021,KAPAK 090-065 MAT LAK 3 PARÇA,2026-03-27 11:30:43,2026-03-27 12:27:07,56.4,Yedek parça bekleniyor,Mekanik Arıza,0
4002777,904151,IE26904151,M00021,KAPAK 090-065 MAT LAK 3 PARÇA,2026-03-28 17:07:48,2026-03-28 17:32:18,24.5,Yedek parça bekleniyor,Planlı Bakım,0
4002778,904153,IE25904153,M00026,ALTIGEN KUTU 125-085 LITOGRAFI 2 PARÇA,2025-10-31 19:07:14,2025-10-31 19:53:50,46.6,Kalıp söküldü,Ayar / Numune Onayı,0
4002779,904154,IE25904154,M00026,ALTIGEN KUTU 125-085 LITOGRAFI 2 PARÇA,2025-11-01 23:05:01,2025-11-01 23:40:55,35.9,Operatör müdahalesi,Kalıp Değişimi,0
4002780,904155,IE25904155,M00044,KAPAK 090-065 VERNIKLI 2 PARÇA,2025-09-13 12:34:09,2025-09-13 13:28:27,54.3,Kalıp söküldü,Personel Yetersizliği,0
4002781,904156,IE25904156,M00044,KAPAK 090-065 VERNIKLI 2 PARÇA,2025-09-14 12:37:07,2025-09-14 12:42:37,5.5,Yedek parça bekleniyor,Kalıp Değişimi,0
4002782,904157,IE25904157,M00044,KAPAK 090-065 VERNIKLI 2 PARÇA,2025-09-15 16:19:57,2025-09-15 17:03:27,43.5,Operatör müdahalesi,Hidrolik Kaçak,0
4002783,904158,IE25904158,M00044,KAPAK 090-065 VERNIKLI 2 PARÇA,2025-09-16 12:08:06,2025-09-16 13:12:30,64.4,,Sac Sıkışması,0
4002784,904159,IE25904159,M00036,YUVARLAK KUTU Ø050 HAM TENEKE 3 PARÇA,2025-11-16 10:37:15,2025-11-16 11:19:09,41.9,Operatör müdahalesi,Kalıp Değişimi,0
4002785,904160,IE25904160,M00036,YUVARLAK KUTU Ø050 HAM TENEKE 3 PARÇA,2025-11-17 16:44:08,2025-11-17 17:33:38,49.5,Yedek parça bekleniyor,Kalıp Değişimi,0
4002786,904162,IE25904162,M00036,YUVARLAK KUTU Ø050 HAM TENEKE 3 PARÇA,2025-11-19 12:39:34,2025-11-19 12:50:10,10.6,Operatör müdahalesi,Kalıp Değişimi,0
4002787,904163,IE25904163,M00214,YUVARLAK KUTU Ø050 MAT LAK 3 PARÇA,2025-11-19 18:50:38,2025-11-19 19:23:02,32.4,Bakım çağrıldı,Vardiya Devri,0
4002788,904164,IE25904164,M00214,YUVARLAK KUTU Ø050 MAT LAK 3 PARÇA,2025-11-20 09:49:14,2025-11-20 10:37:38,48.4,Operatör müdahalesi,Elektrik Arızası,0
4002789,904165,IE25904165,M00214,YUVARLAK KUTU Ø050 MAT LAK 3 PARÇA,2025-11-21 20:55:36,2025-11-21 21:47:12,51.6,Yedek parça bekleniyor,Ayar / Numune Onayı,0
4002790,904166,IE25904166,M00087,YUVARLAK KUTU 255-205 MAT LAK 3 PARÇA,2025-12-25 19:19:26,2025-12-25 20:14:26,55,,Ayar / Numune Onayı,0
4002791,904168,IE25904168,M00087,YUVARLAK KUTU 255-205 MAT LAK 3 PARÇA,2025-12-27 13:59:29,2025-12-27 14:22:53,23.4,Kalıp söküldü,Kalıp Değişimi,0
4002792,904170,IE26904170,M00006,SEKILLI KUTU 175-205 HAM TENEKE 3 PARÇA,2026-04-14 09:27:26,2026-04-14 09:44:56,17.5,Operatör müdahalesi,Planlı Bakım,0
4002793,904171,IE26904171,M00006,SEKILLI KUTU 175-205 HAM TENEKE 3 PARÇA,2026-04-15 12:06:59,2026-04-15 12:32:47,25.8,Operatör müdahalesi,Ayar / Numune Onayı,0
4002794,904173,IE26904173,M00006,SEKILLI KUTU 175-205 HAM TENEKE 3 PARÇA,2026-04-17 15:09:03,2026-04-17 16:17:03,68,Kalıp söküldü,Malzeme Bekleme,0
4002795,904174,IE26904174,M00001,KAPAK 090-065 HAM TENEKE 2 PARÇA,2026-01-07 13:20:24,2026-01-07 13:48:24,28,Yedek parça bekleniyor,Malzeme Bekleme,0
4002796,904176,IE26904176,M00001,KAPAK 090-065 HAM TENEKE 2 PARÇA,2026-01-09 11:00:15,2026-01-09 11:33:57,33.7,,Kalıp Değişimi,0
4002797,904177,IE26904177,M00001,KAPAK 090-065 HAM TENEKE 2 PARÇA,2026-01-10 19:49:37,2026-01-10 20:10:31,20.9,Bakım çağrıldı,Ayar / Numune Onayı,0
4002798,904179,IE25904179,M00151,DIKDORTGEN KUTU 185-115 VERNIKLI 3 PARÇA,2025-06-26 18:42:20,2025-06-26 20:09:02,86.7,Operatör müdahalesi,Kalıp Değişimi,0
4002799,904180,IE25904180,M00151,DIKDORTGEN KUTU 185-115 VERNIKLI 3 PARÇA,2025-06-27 08:14:52,2025-06-27 08:23:04,8.2,,Planlı Bakım,0
4002800,904181,IE25904181,M00151,DIKDORTGEN KUTU 185-115 VERNIKLI 3 PARÇA,2025-06-28 21:45:22,2025-06-28 22:15:34,30.2,Operatör müdahalesi,Ayar / Numune Onayı,0
4002801,904182,IE25904182,M00001,KAPAK 090-065 HAM TENEKE 2 PARÇA,2025-07-11 09:09:02,2025-07-11 09:44:56,35.9,Operatör müdahalesi,Mekanik Arıza,0
4002802,904183,IE25904183,M00001,KAPAK 090-065 HAM TENEKE 2 PARÇA,2025-07-12 13:26:09,2025-07-12 13:49:27,23.3,Kalıp söküldü,Kalıp Değişimi,0
4002803,904184,IE25904184,M00001,KAPAK 090-065 HAM TENEKE 2 PARÇA,2025-07-13 17:30:34,2025-07-13 18:39:28,68.9,Yedek parça bekleniyor,Kalite Duruşu,0
4002804,904185,IE25904185,M00001,KAPAK 090-065 HAM TENEKE 2 PARÇA,2025-07-14 11:17:44,2025-07-14 11:46:50,29.1,,Vardiya Devri,0
4002805,904188,IE25904188,M00010,YUVARLAK KUTU 255-205 MAT LAK 3 PARÇA,2025-10-07 18:16:59,2025-10-07 18:24:53,7.9,,Hidrolik Kaçak,0
4002806,904190,IE26904190,M00001,KAPAK 090-065 HAM TENEKE 2 PARÇA,2026-06-27 08:11:49,2026-06-27 08:45:49,34,Bakım çağrıldı,Mekanik Arıza,0
4002807,904191,IE26904191,M00001,KAPAK 090-065 HAM TENEKE 2 PARÇA,2026-06-28 13:03:33,2026-06-28 14:35:15,91.7,Bakım çağrıldı,Kalıp Değişimi,0
4002808,904192,IE26904192,M00001,KAPAK 090-065 HAM TENEKE 2 PARÇA,2026-06-29 19:17:32,2026-06-29 19:53:38,36.1,Bakım çağrıldı,Mekanik Arıza,0
4002809,904193,IE26904193,M00001,KAPAK 090-065 HAM TENEKE 2 PARÇA,2026-06-30 20:28:39,2026-06-30 21:24:39,56,Operatör müdahalesi,Kalıp Değişimi,0
4002810,904194,IE25904194,M00001,KAPAK 090-065 HAM TENEKE 2 PARÇA,2025-08-16 15:46:21,2025-08-16 16:17:39,31.3,,Vardiya Devri,0
4002811,904195,IE25904195,M00001,KAPAK 090-065 HAM TENEKE 2 PARÇA,2025-08-17 13:32:49,2025-08-17 14:20:25,47.6,Operatör müdahalesi,Ayar / Numune Onayı,0
4002812,904197,IE25904197,M00001,KAPAK 090-065 HAM TENEKE 2 PARÇA,2025-08-19 08:29:14,2025-08-19 08:47:14,18,Yedek parça bekleniyor,Kalıp Değişimi,0
4002813,904198,IE25904198,M00010,YUVARLAK KUTU 255-205 MAT LAK 3 PARÇA,2025-12-09 19:57:28,2025-12-09 20:03:22,5.9,Kalıp söküldü,Kalıp Değişimi,0
4002814,904199,IE25904199,M00010,YUVARLAK KUTU 255-205 MAT LAK 3 PARÇA,2025-12-10 08:44:49,2025-12-10 09:33:07,48.3,Operatör müdahalesi,Elektrik Arızası,0
4002815,904200,IE25904200,M00010,YUVARLAK KUTU 255-205 MAT LAK 3 PARÇA,2025-12-11 20:39:30,2025-12-11 21:03:18,23.8,Kalıp söküldü,Elektrik Arızası,0
4002816,904201,IE25904201,M00010,YUVARLAK KUTU 255-205 MAT LAK 3 PARÇA,2025-12-12 18:04:19,2025-12-12 18:19:43,15.4,Bakım çağrıldı,Kalıp Değişimi,0
4002817,904202,IE26904202,M00011,YUVARLAK KUTU 120-105 HAM TENEKE 3 PARÇA,2026-05-14 10:22:47,2026-05-14 11:07:05,44.3,Yedek parça bekleniyor,Enerji Kesintisi,0
4002818,904203,IE26904203,M00011,YUVARLAK KUTU 120-105 HAM TENEKE 3 PARÇA,2026-05-15 19:28:08,2026-05-15 20:22:32,54.4,Bakım çağrıldı,Mekanik Arıza,0
4002819,904204,IE26904204,M00011,YUVARLAK KUTU 120-105 HAM TENEKE 3 PARÇA,2026-05-16 11:57:35,2026-05-16 12:14:11,16.6,Operatör müdahalesi,Vardiya Devri,0
4002820,904206,IE26904206,M00001,KAPAK 090-065 HAM TENEKE 2 PARÇA,2026-04-29 18:07:07,2026-04-29 19:22:55,75.8,Yedek parça bekleniyor,Sac Sıkışması,0
4002821,904207,IE26904207,M00001,KAPAK 090-065 HAM TENEKE 2 PARÇA,2026-04-30 13:01:12,2026-04-30 13:15:12,14,,Planlı Bakım,0
4002822,904209,IE26904209,M00001,KAPAK 090-065 HAM TENEKE 2 PARÇA,2026-05-02 21:43:01,2026-05-02 22:06:19,23.3,Yedek parça bekleniyor,Ayar / Numune Onayı,0
4002823,904211,IE26904211,M00001,KAPAK 090-065 HAM TENEKE 2 PARÇA,2026-02-07 10:53:13,2026-02-07 11:49:49,56.6,,Elektrik Arızası,0
4002824,904213,IE26904213,M00010,YUVARLAK KUTU 255-205 MAT LAK 3 PARÇA,2026-03-27 17:42:53,2026-03-27 18:21:29,38.6,,Malzeme Bekleme,0
4002825,904214,IE26904214,M00010,YUVARLAK KUTU 255-205 MAT LAK 3 PARÇA,2026-03-28 20:40:54,2026-03-28 21:52:12,71.3,,Mekanik Arıza,0
4002826,904215,IE26904215,M00010,YUVARLAK KUTU 255-205 MAT LAK 3 PARÇA,2026-03-29 13:20:50,2026-03-29 15:03:50,103,Operatör müdahalesi,Mekanik Arıza,0
4002827,904216,IE26904216,M00010,YUVARLAK KUTU 255-205 MAT LAK 3 PARÇA,2026-03-30 19:44:33,2026-03-30 20:45:09,60.6,Yedek parça bekleniyor,Kalıp Değişimi,0
4002828,904217,IE26904217,M00001,KAPAK 090-065 HAM TENEKE 2 PARÇA,2026-05-19 13:41:55,2026-05-19 14:15:49,33.9,Bakım çağrıldı,Vardiya Devri,0
4002829,904218,IE26904218,M00001,KAPAK 090-065 HAM TENEKE 2 PARÇA,2026-05-20 21:25:04,2026-05-20 21:49:22,24.3,Yedek parça bekleniyor,Planlı Bakım,0
4002830,904219,IE26904219,M00001,KAPAK 090-065 HAM TENEKE 2 PARÇA,2026-05-21 09:34:10,2026-05-21 10:42:28,68.3,Kalıp söküldü,Kalite Duruşu,0
4002831,904220,IE25904220,M00012,YUVARLAK KUTU 205-050 LITOGRAFI 2 PARÇA,2025-08-23 22:58:19,2025-08-23 23:36:49,38.5,Bakım çağrıldı,Sac Sıkışması,0
4002832,904221,IE25904221,M00012,YUVARLAK KUTU 205-050 LITOGRAFI 2 PARÇA,2025-08-24 14:59:46,2025-08-24 15:18:52,19.1,Kalıp söküldü,Mekanik Arıza,0
4002833,904222,IE25904222,M00012,YUVARLAK KUTU 205-050 LITOGRAFI 2 PARÇA,2025-08-25 16:05:54,2025-08-25 16:48:06,42.2,Bakım çağrıldı,Planlı Bakım,0
4002834,904223,IE26904223,M00003,YUVARLAK KUTU 120-105 HAM TENEKE 2 PARÇA,2026-04-21 19:25:41,2026-04-21 19:51:35,25.9,Kalıp söküldü,Sac Sıkışması,0
4002835,904225,IE26904225,M00003,YUVARLAK KUTU 120-105 HAM TENEKE 2 PARÇA,2026-04-23 19:06:47,2026-04-23 19:33:29,26.7,Bakım çağrıldı,Ayar / Numune Onayı,0
4002836,904226,IE26904226,M00003,YUVARLAK KUTU 120-105 HAM TENEKE 2 PARÇA,2026-04-24 10:15:21,2026-04-24 10:42:45,27.4,Kalıp söküldü,Vardiya Devri,0
4002837,904227,IE25904227,M00001,KAPAK 090-065 HAM TENEKE 2 PARÇA,2025-11-20 22:24:18,2025-11-20 23:43:00,78.7,Yedek parça bekleniyor,Sac Sıkışması,0
4002838,904229,IE25904229,M00001,KAPAK 090-065 HAM TENEKE 2 PARÇA,2025-11-22 15:05:25,2025-11-22 15:35:31,30.1,Kalıp söküldü,Hidrolik Kaçak,0
4002839,904230,IE25904230,M00001,KAPAK 090-065 HAM TENEKE 2 PARÇA,2025-11-23 14:23:59,2025-11-23 15:04:29,40.5,Bakım çağrıldı,Personel Yetersizliği,0
4002840,904231,IE25904231,M00001,KAPAK 090-065 HAM TENEKE 2 PARÇA,2025-08-22 11:27:38,2025-08-22 11:44:20,16.7,Yedek parça bekleniyor,Ayar / Numune Onayı,0
4002841,904234,IE25904234,M00001,KAPAK 090-065 HAM TENEKE 2 PARÇA,2025-08-25 17:33:50,2025-08-25 18:01:14,27.4,Kalıp söküldü,Elektrik Arızası,0
4002842,904235,IE25904235,M00002,TEPSI 325-125 MAT LAK 3 PARÇA,2025-11-30 09:47:15,2025-11-30 11:14:45,87.5,Yedek parça bekleniyor,Planlı Bakım,0
4002843,904236,IE25904236,M00002,TEPSI 325-125 MAT LAK 3 PARÇA,2025-12-01 10:53:56,2025-12-01 11:37:14,43.3,Kalıp söküldü,Mekanik Arıza,0
4002844,904238,IE25904238,M00002,TEPSI 325-125 MAT LAK 3 PARÇA,2025-12-03 18:47:03,2025-12-03 19:07:45,20.7,Kalıp söküldü,Personel Yetersizliği,0
4002845,904239,IE25904239,M00001,KAPAK 090-065 HAM TENEKE 2 PARÇA,2025-08-15 12:51:48,2025-08-15 13:27:48,36,Yedek parça bekleniyor,Kalıp Değişimi,0
4002846,904242,IE25904242,M00001,KAPAK 090-065 HAM TENEKE 2 PARÇA,2025-08-18 09:18:40,2025-08-18 09:56:46,38.1,Bakım çağrıldı,Hidrolik Kaçak,0
4002847,904243,IE25904243,M00094,YUVARLAK KUTU 135-145 MAT LAK 3 PARÇA,2025-07-20 15:22:40,2025-07-20 16:22:40,60,Bakım çağrıldı,Vardiya Devri,0
4002848,904244,IE25904244,M00094,YUVARLAK KUTU 135-145 MAT LAK 3 PARÇA,2025-07-21 11:06:29,2025-07-21 12:29:23,82.9,Operatör müdahalesi,Mekanik Arıza,0
4002849,904245,IE25904245,M00094,YUVARLAK KUTU 135-145 MAT LAK 3 PARÇA,2025-07-22 09:30:03,2025-07-22 09:58:51,28.8,Bakım çağrıldı,Ayar / Numune Onayı,0
4002850,904247,IE26904247,M00003,YUVARLAK KUTU 120-105 HAM TENEKE 2 PARÇA,2026-04-23 19:13:32,2026-04-23 19:57:32,44,Yedek parça bekleniyor,Kalıp Değişimi,0
4002851,904249,IE26904249,M00003,YUVARLAK KUTU 120-105 HAM TENEKE 2 PARÇA,2026-03-25 09:11:37,2026-03-25 10:31:07,79.5,Operatör müdahalesi,Kalıp Değişimi,0
4002852,904251,IE26904251,M00003,YUVARLAK KUTU 120-105 HAM TENEKE 2 PARÇA,2026-03-27 20:08:54,2026-03-27 20:51:00,42.1,Yedek parça bekleniyor,Malzeme Bekleme,0
4002853,904253,IE25904253,M00002,TEPSI 325-125 MAT LAK 3 PARÇA,2025-07-17 10:45:56,2025-07-17 11:16:38,30.7,Yedek parça bekleniyor,Ayar / Numune Onayı,0
4002854,904254,IE25904254,M00002,TEPSI 325-125 MAT LAK 3 PARÇA,2025-07-18 12:25:32,2025-07-18 13:44:32,79,Yedek parça bekleniyor,Kalıp Değişimi,0
4002855,904255,IE25904255,M00002,TEPSI 325-125 MAT LAK 3 PARÇA,2025-07-19 17:50:09,2025-07-19 18:17:03,26.9,Bakım çağrıldı,Malzeme Bekleme,0
4002856,904256,IE25904256,M00076,TEPSI 325-125 MAT LAK 2 PARÇA,2025-08-18 20:51:17,2025-08-18 21:14:59,23.7,,Malzeme Bekleme,0
4002857,904257,IE25904257,M00076,TEPSI 325-125 MAT LAK 2 PARÇA,2025-08-19 11:15:13,2025-08-19 11:36:13,21,,Kalıp Değişimi,0
4002858,904259,IE25904259,M00076,TEPSI 325-125 MAT LAK 2 PARÇA,2025-08-21 19:17:05,2025-08-21 19:32:17,15.2,Kalıp söküldü,Kalite Duruşu,0
4002859,904261,IE25904261,M00001,KAPAK 090-065 HAM TENEKE 2 PARÇA,2025-10-15 18:58:11,2025-10-15 19:18:23,20.2,,Planlı Bakım,0
4002860,904263,IE25904263,M00002,TEPSI 325-125 MAT LAK 3 PARÇA,2025-10-01 09:53:40,2025-10-01 10:18:04,24.4,Yedek parça bekleniyor,Mekanik Arıza,0
4002861,904267,IE26904267,M00054,TEPSI 325-125 HAM TENEKE 2 PARÇA,2026-06-01 08:39:11,2026-06-01 09:46:29,67.3,,Ayar / Numune Onayı,0
4002862,904269,IE26904269,M00054,TEPSI 325-125 HAM TENEKE 2 PARÇA,2026-06-03 08:58:21,2026-06-03 09:13:39,15.3,Yedek parça bekleniyor,Kalıp Değişimi,0
4002863,904270,IE26904270,M00054,TEPSI 325-125 HAM TENEKE 2 PARÇA,2026-06-04 13:36:57,2026-06-04 15:08:45,91.8,Kalıp söküldü,Mekanik Arıza,0
4002864,904271,IE25904271,M00001,KAPAK 090-065 HAM TENEKE 2 PARÇA,2025-08-26 13:13:20,2025-08-26 14:00:20,47,,Malzeme Bekleme,0
4002865,904272,IE25904272,M00001,KAPAK 090-065 HAM TENEKE 2 PARÇA,2025-08-27 17:16:31,2025-08-27 17:54:13,37.7,Yedek parça bekleniyor,Enerji Kesintisi,0
4002866,904273,IE25904273,M00001,KAPAK 090-065 HAM TENEKE 2 PARÇA,2025-08-28 13:31:08,2025-08-28 13:36:20,5.2,Operatör müdahalesi,Mekanik Arıza,0
4002867,904276,IE26904276,M00074,YUVARLAK-SIVAMA KUTU Ø068 VERNIKLI 2 PARÇA,2026-07-17 08:33:22,2026-07-17 09:30:10,56.8,Kalıp söküldü,Kalıp Değişimi,0
4002868,904277,IE26904277,M00074,YUVARLAK-SIVAMA KUTU Ø068 VERNIKLI 2 PARÇA,2026-07-18 09:16:25,2026-07-18 10:15:37,59.2,,Personel Yetersizliği,0
4002869,904278,IE26904278,M00004,YUVARLAK KUTU 210-255 MAT LAK 3 PARÇA,2026-01-13 09:20:42,2026-01-13 09:25:54,5.2,,Malzeme Bekleme,0
4002870,904279,IE26904279,M00004,YUVARLAK KUTU 210-255 MAT LAK 3 PARÇA,2026-01-14 14:12:17,2026-01-14 14:38:59,26.7,Bakım çağrıldı,Kalıp Değişimi,0
4002871,904280,IE26904280,M00004,YUVARLAK KUTU 210-255 MAT LAK 3 PARÇA,2026-01-15 12:43:10,2026-01-15 13:38:58,55.8,Bakım çağrıldı,Sac Sıkışması,0
4002872,904281,IE25904281,M00069,YUVARLAK KUTU 245-175 VERNIKLI 2 PARÇA,2025-06-29 09:15:56,2025-06-29 09:38:14,22.3,Kalıp söküldü,Kalıp Değişimi,0
4002873,904283,IE25904283,M00069,YUVARLAK KUTU 245-175 VERNIKLI 2 PARÇA,2025-07-01 15:42:01,2025-07-01 15:50:07,8.1,Yedek parça bekleniyor,Personel Yetersizliği,0
4002874,904284,IE25904284,M00001,KAPAK 090-065 HAM TENEKE 2 PARÇA,2025-11-04 18:47:51,2025-11-04 19:20:15,32.4,Yedek parça bekleniyor,Kalıp Değişimi,0
4002875,904286,IE25904286,M00001,KAPAK 090-065 HAM TENEKE 2 PARÇA,2025-11-06 16:35:34,2025-11-06 17:27:40,52.1,,Vardiya Devri,0
4002876,904287,IE25904287,M00001,KAPAK 090-065 HAM TENEKE 2 PARÇA,2025-11-07 19:43:50,2025-11-07 20:53:20,69.5,Bakım çağrıldı,Mekanik Arıza,0
4002877,904291,IE26904291,M00020,YUVARLAK KUTU 210-255 LITOGRAFI 2 PARÇA,2026-02-21 08:28:27,2026-02-21 08:54:45,26.3,Kalıp söküldü,Sac Sıkışması,0
4002878,904292,IE26904292,M00020,YUVARLAK KUTU 210-255 LITOGRAFI 2 PARÇA,2026-02-22 10:38:31,2026-02-22 11:17:37,39.1,,Kalıp Değişimi,0
4002879,904293,IE26904293,M00020,YUVARLAK KUTU 210-255 LITOGRAFI 2 PARÇA,2026-02-23 07:57:12,2026-02-23 08:53:00,55.8,Bakım çağrıldı,Elektrik Arızası,0
4002880,904295,IE26904295,M00043,YUVARLAK KUTU 210-080 VERNIKLI 2 PARÇA,2026-01-02 16:06:10,2026-01-02 16:25:46,19.6,,Ayar / Numune Onayı,0
4002881,904296,IE26904296,M00043,YUVARLAK KUTU 210-080 VERNIKLI 2 PARÇA,2026-01-03 19:12:34,2026-01-03 20:25:04,72.5,,Hidrolik Kaçak,0
4002882,904297,IE26904297,M00043,YUVARLAK KUTU 210-080 VERNIKLI 2 PARÇA,2026-01-04 08:44:48,2026-01-04 09:40:12,55.4,Operatör müdahalesi,Malzeme Bekleme,0
4002883,904298,IE25904298,M00014,YUVARLAK KUTU 120-105 HAM TENEKE 2 PARÇA,2025-09-04 20:57:39,2025-09-04 21:24:03,26.4,Bakım çağrıldı,Elektrik Arızası,0
4002884,904305,IE25904305,M00025,YUVARLAK KUTU 255-205 VERNIKLI 3 PARÇA,2025-07-02 07:17:15,2025-07-02 08:20:09,62.9,Yedek parça bekleniyor,Kalıp Değişimi,0
4002885,904307,IE25904307,M00025,YUVARLAK KUTU 255-205 VERNIKLI 3 PARÇA,2025-07-04 21:13:09,2025-07-04 22:22:15,69.1,Operatör müdahalesi,Elektrik Arızası,0
4002886,904314,IE25904314,M00001,KAPAK 090-065 HAM TENEKE 2 PARÇA,2025-12-20 22:03:42,2025-12-20 22:45:24,41.7,,Kalıp Değişimi,0
4002887,904315,IE26904315,M00010,YUVARLAK KUTU 255-205 MAT LAK 3 PARÇA,2026-04-28 21:04:40,2026-04-28 21:46:16,41.6,Kalıp söküldü,Kalıp Değişimi,0
4002888,904318,IE26904318,M00010,YUVARLAK KUTU 255-205 MAT LAK 3 PARÇA,2026-05-01 17:14:32,2026-05-01 18:25:32,71,Kalıp söküldü,Malzeme Bekleme,0
4002889,904320,IE26904320,M00010,YUVARLAK KUTU 255-205 MAT LAK 3 PARÇA,2026-07-23 09:38:37,2026-07-23 10:19:31,40.9,Operatör müdahalesi,Kalite Duruşu,0
4002890,904321,IE26904321,M00010,YUVARLAK KUTU 255-205 MAT LAK 3 PARÇA,2026-07-24 20:37:15,2026-07-24 21:26:51,49.6,Kalıp söküldü,Mekanik Arıza,0
4002891,904322,IE26904322,M00005,DIKDORTGEN KUTU 145-095 MAT LAK 2 PARÇA,2026-05-14 19:29:35,2026-05-14 21:09:29,99.9,Bakım çağrıldı,Mekanik Arıza,0
4002892,904323,IE26904323,M00005,DIKDORTGEN KUTU 145-095 MAT LAK 2 PARÇA,2026-05-15 18:37:39,2026-05-15 19:46:51,69.2,Yedek parça bekleniyor,Ayar / Numune Onayı,0
4002893,904324,IE26904324,M00005,DIKDORTGEN KUTU 145-095 MAT LAK 2 PARÇA,2026-05-16 18:36:14,2026-05-16 19:01:38,25.4,Yedek parça bekleniyor,Malzeme Bekleme,0
4002894,904325,IE26904325,M00005,DIKDORTGEN KUTU 145-095 MAT LAK 2 PARÇA,2026-05-17 14:22:54,2026-05-17 15:15:54,53,,Sac Sıkışması,0
4002895,904326,IE26904326,M00010,YUVARLAK KUTU 255-205 MAT LAK 3 PARÇA,2026-03-30 18:16:12,2026-03-30 19:04:06,47.9,Bakım çağrıldı,Personel Yetersizliği,0
4002896,904327,IE26904327,M00010,YUVARLAK KUTU 255-205 MAT LAK 3 PARÇA,2026-03-31 18:52:03,2026-03-31 19:49:39,57.6,Yedek parça bekleniyor,Kalıp Değişimi,0
4002897,904328,IE26904328,M00010,YUVARLAK KUTU 255-205 MAT LAK 3 PARÇA,2026-04-01 12:23:07,2026-04-01 13:00:37,37.5,Kalıp söküldü,Malzeme Bekleme,0
4002898,904329,IE25904329,M00009,YUVARLAK KUTU 245-175 VERNIKLI 3 PARÇA,2025-09-03 17:46:10,2025-09-03 18:41:58,55.8,,Kalıp Değişimi,0
4002899,904330,IE25904330,M00009,YUVARLAK KUTU 245-175 VERNIKLI 3 PARÇA,2025-09-04 16:53:39,2025-09-04 17:57:57,64.3,Yedek parça bekleniyor,Elektrik Arızası,0
4002900,904331,IE25904331,M00009,YUVARLAK KUTU 245-175 VERNIKLI 3 PARÇA,2025-09-05 18:40:34,2025-09-05 19:38:04,57.5,Operatör müdahalesi,Vardiya Devri,0
4002901,904332,IE25904332,M00009,YUVARLAK KUTU 245-175 VERNIKLI 3 PARÇA,2025-09-06 15:39:18,2025-09-06 16:10:18,31,Kalıp söküldü,Sac Sıkışması,0
4002902,904333,IE25904333,M00028,YUVARLAK KUTU 245-175 MAT LAK 3 PARÇA,2025-10-29 19:09:26,2025-10-29 20:13:26,64,,Hidrolik Kaçak,0
4002903,904334,IE25904334,M00028,YUVARLAK KUTU 245-175 MAT LAK 3 PARÇA,2025-10-30 14:05:16,2025-10-30 14:46:40,41.4,,Kalıp Değişimi,0
4002904,904335,IE25904335,M00028,YUVARLAK KUTU 245-175 MAT LAK 3 PARÇA,2025-10-31 15:26:20,2025-10-31 15:32:08,5.8,,Malzeme Bekleme,0
4002905,904336,IE26904336,M00135,YUVARLAK KUTU 120-105 VERNIKLI 2 PARÇA,2026-04-18 09:46:45,2026-04-18 11:01:57,75.2,Yedek parça bekleniyor,Planlı Bakım,0
4002906,904337,IE26904337,M00135,YUVARLAK KUTU 120-105 VERNIKLI 2 PARÇA,2026-04-19 12:47:47,2026-04-19 13:33:05,45.3,Bakım çağrıldı,Elektrik Arızası,0
4002907,904338,IE26904338,M00135,YUVARLAK KUTU 120-105 VERNIKLI 2 PARÇA,2026-04-20 19:15:34,2026-04-20 19:58:04,42.5,,Ayar / Numune Onayı,0
4002908,904339,IE25904339,M00037,YUVARLAK KUTU 078-095 MAT LAK 3 PARÇA,2025-06-29 15:39:17,2025-06-29 15:56:11,16.9,Operatör müdahalesi,Sac Sıkışması,0
4002909,904344,IE25904344,M00141,SEKIZGEN KUTU 135-145 LITOGRAFI 3 PARÇA,2025-07-13 15:33:21,2025-07-13 15:58:39,25.3,Bakım çağrıldı,Kalıp Değişimi,0
4002910,904347,IE26904347,M00246,SEKILLI KUTU 175-205 VERNIKLI 2 PARÇA,2026-06-28 17:58:30,2026-06-28 18:34:36,36.1,,Elektrik Arızası,0
4002911,904348,IE26904348,M00246,SEKILLI KUTU 175-205 VERNIKLI 2 PARÇA,2026-06-29 22:34:02,2026-06-29 23:07:38,33.6,Yedek parça bekleniyor,Kalıp Değişimi,0
4002912,904349,IE25904349,M00003,YUVARLAK KUTU 120-105 HAM TENEKE 2 PARÇA,2025-07-05 19:02:48,2025-07-05 19:55:48,53,Yedek parça bekleniyor,Hidrolik Kaçak,0
4002913,904352,IE25904352,M00003,YUVARLAK KUTU 120-105 HAM TENEKE 2 PARÇA,2025-07-08 21:30:04,2025-07-08 21:49:28,19.4,Operatör müdahalesi,Vardiya Devri,0
4002914,904354,IE26904354,M00002,TEPSI 325-125 MAT LAK 3 PARÇA,2026-05-22 18:23:08,2026-05-22 19:21:02,57.9,Operatör müdahalesi,Vardiya Devri,0
4002915,904355,IE26904355,M00002,TEPSI 325-125 MAT LAK 3 PARÇA,2026-05-23 15:59:29,2026-05-23 16:37:41,38.2,Bakım çağrıldı,Hidrolik Kaçak,0
4002916,904357,IE25904357,M00005,DIKDORTGEN KUTU 145-095 MAT LAK 2 PARÇA,2025-07-13 10:09:58,2025-07-13 10:38:52,28.9,Kalıp söküldü,Kalıp Değişimi,0
4002917,904358,IE25904358,M00005,DIKDORTGEN KUTU 145-095 MAT LAK 2 PARÇA,2025-07-14 21:54:20,2025-07-14 22:41:20,47,Bakım çağrıldı,Ayar / Numune Onayı,0
4002918,904359,IE25904359,M00005,DIKDORTGEN KUTU 145-095 MAT LAK 2 PARÇA,2025-07-15 19:34:22,2025-07-15 19:49:46,15.4,Operatör müdahalesi,Malzeme Bekleme,0
4002919,904360,IE25904360,M00005,DIKDORTGEN KUTU 145-095 MAT LAK 2 PARÇA,2025-11-03 17:59:09,2025-11-03 18:33:39,34.5,Operatör müdahalesi,Ayar / Numune Onayı,0
4002920,904361,IE25904361,M00005,DIKDORTGEN KUTU 145-095 MAT LAK 2 PARÇA,2025-11-04 21:24:55,2025-11-04 22:42:31,77.6,Yedek parça bekleniyor,Hidrolik Kaçak,0
4002921,904362,IE25904362,M00005,DIKDORTGEN KUTU 145-095 MAT LAK 2 PARÇA,2025-11-05 18:47:48,2025-11-05 19:14:36,26.8,,Kalıp Değişimi,0
4002922,904363,IE25904363,M00005,DIKDORTGEN KUTU 145-095 MAT LAK 2 PARÇA,2025-11-06 09:50:08,2025-11-06 10:38:38,48.5,Bakım çağrıldı,Hidrolik Kaçak,0
4002923,904367,IE25904367,M00009,YUVARLAK KUTU 245-175 VERNIKLI 3 PARÇA,2025-10-15 14:23:32,2025-10-15 15:16:26,52.9,Kalıp söküldü,Ayar / Numune Onayı,0
4002924,904368,IE25904368,M00009,YUVARLAK KUTU 245-175 VERNIKLI 3 PARÇA,2025-10-16 21:55:41,2025-10-16 22:46:17,50.6,Kalıp söküldü,Malzeme Bekleme,0
4002925,904369,IE25904369,M00009,YUVARLAK KUTU 245-175 VERNIKLI 3 PARÇA,2025-10-17 20:33:34,2025-10-17 21:16:16,42.7,,Sac Sıkışması,0
4002926,904370,IE26904370,M00007,DIKDORTGEN KUTU 185-115 MAT LAK 2 PARÇA,2026-07-16 14:22:48,2026-07-16 14:44:24,21.6,Operatör müdahalesi,Mekanik Arıza,0
4002927,904371,IE26904371,M00007,DIKDORTGEN KUTU 185-115 MAT LAK 2 PARÇA,2026-07-17 15:46:25,2026-07-17 16:15:55,29.5,Yedek parça bekleniyor,Kalıp Değişimi,0
4002928,904372,IE26904372,M00007,DIKDORTGEN KUTU 185-115 MAT LAK 2 PARÇA,2026-07-18 16:04:53,2026-07-18 17:21:05,76.2,Operatör müdahalesi,Enerji Kesintisi,0
4002929,904373,IE26904373,M00008,YUVARLAK KUTU 210-255 HAM TENEKE 3 PARÇA,2026-06-29 11:43:31,2026-06-29 12:05:13,21.7,Yedek parça bekleniyor,Mekanik Arıza,0
4002930,904375,IE26904375,M00008,YUVARLAK KUTU 210-255 HAM TENEKE 3 PARÇA,2026-07-01 10:15:54,2026-07-01 11:09:06,53.2,,Malzeme Bekleme,0
4002931,904380,IE26904380,M00008,YUVARLAK KUTU 210-255 HAM TENEKE 3 PARÇA,2026-02-14 09:37:26,2026-02-14 10:53:20,75.9,Operatör müdahalesi,Ayar / Numune Onayı,0
4002932,904381,IE26904381,M00008,YUVARLAK KUTU 210-255 HAM TENEKE 3 PARÇA,2026-02-15 12:52:52,2026-02-15 13:58:28,65.6,,Ayar / Numune Onayı,0
4002933,904382,IE26904382,M00008,YUVARLAK KUTU 210-255 HAM TENEKE 3 PARÇA,2026-02-16 20:46:28,2026-02-16 21:24:22,37.9,,Vardiya Devri,0
4002934,904383,IE26904383,M00005,DIKDORTGEN KUTU 145-095 MAT LAK 2 PARÇA,2026-01-20 07:51:09,2026-01-20 08:22:51,31.7,Kalıp söküldü,Kalite Duruşu,0
4002935,904384,IE26904384,M00005,DIKDORTGEN KUTU 145-095 MAT LAK 2 PARÇA,2026-01-21 11:50:26,2026-01-21 12:25:14,34.8,Bakım çağrıldı,Elektrik Arızası,0
4002936,904385,IE26904385,M00005,DIKDORTGEN KUTU 145-095 MAT LAK 2 PARÇA,2026-01-22 19:16:48,2026-01-22 19:48:12,31.4,Operatör müdahalesi,Mekanik Arıza,0
4002937,904386,IE26904386,M00019,OVAL KUTU 295-165 VERNIKLI 2 PARÇA,2026-02-07 21:09:25,2026-02-07 21:17:49,8.4,Operatör müdahalesi,Elektrik Arızası,0
4002938,904387,IE26904387,M00019,OVAL KUTU 295-165 VERNIKLI 2 PARÇA,2026-02-08 15:35:57,2026-02-08 15:58:51,22.9,Yedek parça bekleniyor,Sac Sıkışması,0
4002939,904388,IE26904388,M00019,OVAL KUTU 295-165 VERNIKLI 2 PARÇA,2026-02-09 14:15:12,2026-02-09 14:28:12,13,Yedek parça bekleniyor,Kalıp Değişimi,0
4002940,904389,IE26904389,M00019,OVAL KUTU 295-165 VERNIKLI 2 PARÇA,2026-02-10 15:46:11,2026-02-10 16:24:53,38.7,,Kalıp Değişimi,0
4002941,904391,IE26904391,M00011,YUVARLAK KUTU 120-105 HAM TENEKE 3 PARÇA,2026-01-07 08:13:55,2026-01-07 09:02:49,48.9,Kalıp söküldü,Sac Sıkışması,0
4002942,904392,IE26904392,M00011,YUVARLAK KUTU 120-105 HAM TENEKE 3 PARÇA,2026-01-08 15:52:29,2026-01-08 16:03:05,10.6,Yedek parça bekleniyor,Kalıp Değişimi,0
4002943,904393,IE26904393,M00011,YUVARLAK KUTU 120-105 HAM TENEKE 3 PARÇA,2026-01-09 13:26:15,2026-01-09 14:28:15,62,Bakım çağrıldı,Kalıp Değişimi,0
4002944,904395,IE25904395,M00080,YUVARLAK KUTU 094-050 MAT LAK 3 PARÇA,2025-08-12 22:12:04,2025-08-12 23:28:34,76.5,Operatör müdahalesi,Vardiya Devri,0
4002945,904397,IE25904397,M00080,YUVARLAK KUTU 094-050 MAT LAK 3 PARÇA,2025-08-14 17:03:14,2025-08-14 18:12:26,69.2,Yedek parça bekleniyor,Kalıp Değişimi,0
4002946,904399,IE26904399,M00016,YUVARLAK-SIVAMA KUTU Ø068 HAM TENEKE 2 PARÇA,2026-02-26 07:32:44,2026-02-26 07:45:20,12.6,Operatör müdahalesi,Kalıp Değişimi,0
4002947,904400,IE26904400,M00016,YUVARLAK-SIVAMA KUTU Ø068 HAM TENEKE 2 PARÇA,2026-02-27 10:35:19,2026-02-27 10:47:25,12.1,,Kalıp Değişimi,0
4002948,904401,IE26904401,M00016,YUVARLAK-SIVAMA KUTU Ø068 HAM TENEKE 2 PARÇA,2026-02-28 12:52:03,2026-02-28 13:11:39,19.6,Kalıp söküldü,Kalıp Değişimi,0
4002949,904402,IE25904402,M00005,DIKDORTGEN KUTU 145-095 MAT LAK 2 PARÇA,2025-08-08 20:57:29,2025-08-08 22:21:11,83.7,Yedek parça bekleniyor,Kalite Duruşu,0
4002950,904403,IE25904403,M00005,DIKDORTGEN KUTU 145-095 MAT LAK 2 PARÇA,2025-08-09 19:24:53,2025-08-09 20:04:53,40,Kalıp söküldü,Malzeme Bekleme,0
4002951,904404,IE25904404,M00005,DIKDORTGEN KUTU 145-095 MAT LAK 2 PARÇA,2025-08-10 13:01:58,2025-08-10 13:35:28,33.5,,Mekanik Arıza,0
4002952,904405,IE26904405,M00066,SEKIZGEN KUTU 135-145 VERNIKLI 2 PARÇA,2026-02-22 14:39:37,2026-02-22 15:57:25,77.8,Yedek parça bekleniyor,Sac Sıkışması,0
4002953,904406,IE26904406,M00066,SEKIZGEN KUTU 135-145 VERNIKLI 2 PARÇA,2026-02-23 22:27:02,2026-02-23 23:39:02,72,Bakım çağrıldı,Hidrolik Kaçak,0
4002954,904407,IE26904407,M00066,SEKIZGEN KUTU 135-145 VERNIKLI 2 PARÇA,2026-02-24 07:42:20,2026-02-24 08:34:20,52,Kalıp söküldü,Hidrolik Kaçak,0
4002955,904408,IE26904408,M00066,SEKIZGEN KUTU 135-145 VERNIKLI 2 PARÇA,2026-02-25 20:10:43,2026-02-25 20:39:25,28.7,Bakım çağrıldı,Enerji Kesintisi,0
4002956,904409,IE26904409,M00009,YUVARLAK KUTU 245-175 VERNIKLI 3 PARÇA,2026-05-01 14:36:39,2026-05-01 15:34:45,58.1,Yedek parça bekleniyor,Mekanik Arıza,0
4002957,904411,IE26904411,M00009,YUVARLAK KUTU 245-175 VERNIKLI 3 PARÇA,2026-05-03 19:20:14,2026-05-03 19:52:20,32.1,Kalıp söküldü,Kalıp Değişimi,0
4002958,904412,IE26904412,M00020,YUVARLAK KUTU 210-255 LITOGRAFI 2 PARÇA,2026-05-30 21:08:33,2026-05-30 22:16:03,67.5,Operatör müdahalesi,Elektrik Arızası,0
4002959,904413,IE26904413,M00020,YUVARLAK KUTU 210-255 LITOGRAFI 2 PARÇA,2026-05-31 15:10:34,2026-05-31 16:05:52,55.3,,Vardiya Devri,0
4002960,904414,IE26904414,M00020,YUVARLAK KUTU 210-255 LITOGRAFI 2 PARÇA,2026-06-01 17:05:12,2026-06-01 17:28:12,23,Bakım çağrıldı,Kalıp Değişimi,0
4002961,904415,IE25904415,M00015,YUVARLAK KUTU Ø092 MAT LAK 2 PARÇA,2025-07-15 13:06:47,2025-07-15 13:39:23,32.6,Operatör müdahalesi,Malzeme Bekleme,0
4002962,904416,IE25904416,M00015,YUVARLAK KUTU Ø092 MAT LAK 2 PARÇA,2025-07-16 16:50:18,2025-07-16 17:33:54,43.6,Yedek parça bekleniyor,Kalıp Değişimi,0
4002963,904417,IE25904417,M00015,YUVARLAK KUTU Ø092 MAT LAK 2 PARÇA,2025-07-17 13:34:02,2025-07-17 15:08:08,94.1,Yedek parça bekleniyor,Malzeme Bekleme,0
4002964,904418,IE25904418,M00015,YUVARLAK KUTU Ø092 MAT LAK 2 PARÇA,2025-07-18 14:30:47,2025-07-18 15:19:35,48.8,Kalıp söküldü,Elektrik Arızası,0
4002965,904421,IE25904421,M00008,YUVARLAK KUTU 210-255 HAM TENEKE 3 PARÇA,2025-10-23 15:35:18,2025-10-23 16:42:30,67.2,,Elektrik Arızası,0
4002966,904422,IE25904422,M00008,YUVARLAK KUTU 210-255 HAM TENEKE 3 PARÇA,2025-10-24 14:52:45,2025-10-24 16:06:27,73.7,Kalıp söküldü,Malzeme Bekleme,0
4002967,904423,IE25904423,M00004,YUVARLAK KUTU 210-255 MAT LAK 3 PARÇA,2025-12-05 17:49:38,2025-12-05 18:24:56,35.3,Kalıp söküldü,Kalıp Değişimi,0
4002968,904424,IE25904424,M00004,YUVARLAK KUTU 210-255 MAT LAK 3 PARÇA,2025-12-06 13:48:24,2025-12-06 14:12:42,24.3,,Ayar / Numune Onayı,0
4002969,904426,IE25904426,M00004,YUVARLAK KUTU 210-255 MAT LAK 3 PARÇA,2025-12-08 09:26:04,2025-12-08 09:58:10,32.1,Kalıp söküldü,Malzeme Bekleme,0
4002970,904427,IE25904427,M00001,KAPAK 090-065 HAM TENEKE 2 PARÇA,2025-12-05 19:21:28,2025-12-05 20:22:28,61,Yedek parça bekleniyor,Malzeme Bekleme,0
4002971,904429,IE25904429,M00001,KAPAK 090-065 HAM TENEKE 2 PARÇA,2025-12-07 17:10:54,2025-12-07 17:55:42,44.8,Operatör müdahalesi,Kalıp Değişimi,0
4002972,904430,IE26904430,M00028,YUVARLAK KUTU 245-175 MAT LAK 3 PARÇA,2026-03-11 14:17:45,2026-03-11 14:53:09,35.4,,Ayar / Numune Onayı,0
4002973,904432,IE26904432,M00028,YUVARLAK KUTU 245-175 MAT LAK 3 PARÇA,2026-03-13 08:20:20,2026-03-13 08:35:44,15.4,,Hidrolik Kaçak,0
4002974,904434,IE26904434,M00010,YUVARLAK KUTU 255-205 MAT LAK 3 PARÇA,2026-03-31 18:53:47,2026-03-31 19:18:41,24.9,Yedek parça bekleniyor,Vardiya Devri,0
4002975,904435,IE26904435,M00010,YUVARLAK KUTU 255-205 MAT LAK 3 PARÇA,2026-04-01 17:23:55,2026-04-01 18:13:13,49.3,,Mekanik Arıza,0
4002976,904437,IE25904437,M00006,SEKILLI KUTU 175-205 HAM TENEKE 3 PARÇA,2025-08-30 15:52:01,2025-08-30 17:11:07,79.1,Yedek parça bekleniyor,Mekanik Arıza,0
4002977,904439,IE25904439,M00006,SEKILLI KUTU 175-205 HAM TENEKE 3 PARÇA,2025-09-01 14:44:58,2025-09-01 16:11:22,86.4,Yedek parça bekleniyor,Kalıp Değişimi,0
4002978,904440,IE26904440,M00003,YUVARLAK KUTU 120-105 HAM TENEKE 2 PARÇA,2026-04-29 16:40:24,2026-04-29 17:17:24,37,Bakım çağrıldı,Malzeme Bekleme,0
4002979,904441,IE26904441,M00003,YUVARLAK KUTU 120-105 HAM TENEKE 2 PARÇA,2026-04-30 11:47:59,2026-04-30 12:39:23,51.4,Yedek parça bekleniyor,Sac Sıkışması,0
4002980,904442,IE26904442,M00003,YUVARLAK KUTU 120-105 HAM TENEKE 2 PARÇA,2026-05-01 17:51:26,2026-05-01 18:47:14,55.8,Bakım çağrıldı,Vardiya Devri,0
4002981,904443,IE25904443,M00001,KAPAK 090-065 HAM TENEKE 2 PARÇA,2025-12-16 18:53:57,2025-12-16 18:58:57,5,Kalıp söküldü,Mekanik Arıza,0
4002982,904446,IE25904446,M00001,KAPAK 090-065 HAM TENEKE 2 PARÇA,2025-12-19 11:08:44,2025-12-19 11:19:08,10.4,Yedek parça bekleniyor,Kalıp Değişimi,0
4002983,904447,IE25904447,M00009,YUVARLAK KUTU 245-175 VERNIKLI 3 PARÇA,2025-09-03 14:50:02,2025-09-03 15:42:38,52.6,,Mekanik Arıza,0
4002984,904448,IE25904448,M00009,YUVARLAK KUTU 245-175 VERNIKLI 3 PARÇA,2025-09-04 09:19:04,2025-09-04 10:03:10,44.1,Operatör müdahalesi,Elektrik Arızası,0
4002985,904455,IE25904455,M00016,YUVARLAK-SIVAMA KUTU Ø068 HAM TENEKE 2 PARÇA,2025-07-02 18:12:40,2025-07-02 18:38:22,25.7,Yedek parça bekleniyor,Mekanik Arıza,0
4002986,904456,IE25904456,M00016,YUVARLAK-SIVAMA KUTU Ø068 HAM TENEKE 2 PARÇA,2025-07-03 15:10:19,2025-07-03 16:15:49,65.5,,Kalıp Değişimi,0
4002987,904458,IE25904458,M00013,KOSELI SIVAMA KUTU 210-080 LITOGRAFI 3 PARÇA,2025-09-05 18:49:30,2025-09-05 19:18:48,29.3,Operatör müdahalesi,Malzeme Bekleme,0
4002988,904459,IE25904459,M00013,KOSELI SIVAMA KUTU 210-080 LITOGRAFI 3 PARÇA,2025-09-06 07:50:42,2025-09-06 08:28:00,37.3,Bakım çağrıldı,Planlı Bakım,0
4002989,904460,IE25904460,M00013,KOSELI SIVAMA KUTU 210-080 LITOGRAFI 3 PARÇA,2025-09-07 21:58:23,2025-09-07 22:35:53,37.5,Kalıp söküldü,Kalıp Değişimi,0
4002990,904461,IE25904461,M00013,KOSELI SIVAMA KUTU 210-080 LITOGRAFI 3 PARÇA,2025-09-08 09:46:22,2025-09-08 09:56:28,10.1,Operatör müdahalesi,Malzeme Bekleme,0
4002991,904463,IE26904463,M00003,YUVARLAK KUTU 120-105 HAM TENEKE 2 PARÇA,2026-05-18 08:04:40,2026-05-18 08:26:16,21.6,Operatör müdahalesi,Kalite Duruşu,0
4002992,904464,IE26904464,M00003,YUVARLAK KUTU 120-105 HAM TENEKE 2 PARÇA,2026-05-19 07:21:39,2026-05-19 08:14:57,53.3,Kalıp söküldü,Kalıp Değişimi,0
4002993,904465,IE26904465,M00034,SEKIZGEN KUTU Ø050 LITOGRAFI 2 PARÇA,2026-06-17 13:42:38,2026-06-17 14:23:38,41,Bakım çağrıldı,Kalıp Değişimi,0
4002994,904467,IE26904467,M00034,SEKIZGEN KUTU Ø050 LITOGRAFI 2 PARÇA,2026-06-19 14:01:54,2026-06-19 14:42:06,40.2,Operatör müdahalesi,Ayar / Numune Onayı,0
4002995,904468,IE26904468,M00089,DIKDORTGEN KUTU 185-115 HAM TENEKE 2 PARÇA,2026-05-28 12:39:46,2026-05-28 13:03:10,23.4,Kalıp söküldü,Malzeme Bekleme,0
4002996,904469,IE26904469,M00089,DIKDORTGEN KUTU 185-115 HAM TENEKE 2 PARÇA,2026-05-29 18:48:38,2026-05-29 19:02:38,14,,Kalıp Değişimi,0
4002997,904471,IE26904471,M00089,DIKDORTGEN KUTU 185-115 HAM TENEKE 2 PARÇA,2026-05-31 10:03:45,2026-05-31 10:09:27,5.7,Kalıp söküldü,Malzeme Bekleme,0
4002998,904472,IE26904472,M00007,DIKDORTGEN KUTU 185-115 MAT LAK 2 PARÇA,2026-05-17 14:00:13,2026-05-17 14:38:49,38.6,Yedek parça bekleniyor,Sac Sıkışması,0
4002999,904473,IE26904473,M00007,DIKDORTGEN KUTU 185-115 MAT LAK 2 PARÇA,2026-05-18 10:30:04,2026-05-18 11:08:46,38.7,Yedek parça bekleniyor,Ayar / Numune Onayı,0
4003000,904475,IE26904475,M00007,DIKDORTGEN KUTU 185-115 MAT LAK 2 PARÇA,2026-05-20 14:07:18,2026-05-20 15:21:06,73.8,Bakım çağrıldı,Kalıp Değişimi,0
4003001,904480,IE26904480,M00007,DIKDORTGEN KUTU 185-115 MAT LAK 2 PARÇA,2026-05-05 13:41:39,2026-05-05 14:47:57,66.3,Yedek parça bekleniyor,Kalıp Değişimi,0
4003002,904481,IE26904481,M00007,DIKDORTGEN KUTU 185-115 MAT LAK 2 PARÇA,2026-05-06 09:24:29,2026-05-06 10:39:59,75.5,Operatör müdahalesi,Mekanik Arıza,0
4003003,904482,IE26904482,M00007,DIKDORTGEN KUTU 185-115 MAT LAK 2 PARÇA,2026-05-07 08:48:53,2026-05-07 09:10:41,21.8,Kalıp söküldü,Ayar / Numune Onayı,0
4003004,904483,IE25904483,M00004,YUVARLAK KUTU 210-255 MAT LAK 3 PARÇA,2025-12-10 17:27:59,2025-12-10 18:26:23,58.4,Yedek parça bekleniyor,Malzeme Bekleme,0
4003005,904484,IE25904484,M00004,YUVARLAK KUTU 210-255 MAT LAK 3 PARÇA,2025-12-11 17:31:50,2025-12-11 17:44:02,12.2,Yedek parça bekleniyor,Kalıp Değişimi,0
4003006,904485,IE25904485,M00004,YUVARLAK KUTU 210-255 MAT LAK 3 PARÇA,2025-12-12 09:20:48,2025-12-12 09:43:12,22.4,Yedek parça bekleniyor,Ayar / Numune Onayı,0
4003007,904486,IE25904486,M00004,YUVARLAK KUTU 210-255 MAT LAK 3 PARÇA,2025-12-13 08:22:14,2025-12-13 09:10:44,48.5,Yedek parça bekleniyor,Elektrik Arızası,0
4003008,904488,IE25904488,M00078,YUVARLAK KUTU 255-205 MAT LAK 2 PARÇA,2025-07-22 21:27:12,2025-07-22 22:10:06,42.9,Bakım çağrıldı,Kalıp Değişimi,0
4003009,904489,IE25904489,M00078,YUVARLAK KUTU 255-205 MAT LAK 2 PARÇA,2025-07-23 19:50:53,2025-07-23 20:11:23,20.5,Kalıp söküldü,Kalıp Değişimi,0
4003010,904490,IE25904490,M00078,YUVARLAK KUTU 255-205 MAT LAK 2 PARÇA,2025-07-24 12:28:30,2025-07-24 13:13:06,44.6,Kalıp söküldü,Kalıp Değişimi,0
4003011,904492,IE26904492,M00109,DIKDORTGEN KUTU 145-095 HAM TENEKE 3 PARÇA,2026-02-02 15:26:23,2026-02-02 16:21:35,55.2,,Kalıp Değişimi,0
4003012,904493,IE26904493,M00109,DIKDORTGEN KUTU 145-095 HAM TENEKE 3 PARÇA,2026-02-03 12:53:46,2026-02-03 14:17:46,84,,Ayar / Numune Onayı,0
4003013,904494,IE26904494,M00109,DIKDORTGEN KUTU 145-095 HAM TENEKE 3 PARÇA,2026-02-04 16:28:04,2026-02-04 16:45:40,17.6,Kalıp söküldü,Kalıp Değişimi,0
4003014,904496,IE26904496,M00001,KAPAK 090-065 HAM TENEKE 2 PARÇA,2026-02-21 09:42:49,2026-02-21 09:59:49,17,Operatör müdahalesi,Mekanik Arıza,0
4003015,904497,IE26904497,M00001,KAPAK 090-065 HAM TENEKE 2 PARÇA,2026-02-22 11:25:39,2026-02-22 11:54:39,29,,Elektrik Arızası,0
4003016,904498,IE26904498,M00001,KAPAK 090-065 HAM TENEKE 2 PARÇA,2026-02-23 12:26:53,2026-02-23 12:46:41,19.8,Operatör müdahalesi,Mekanik Arıza,0
4003017,904500,IE26904500,M00019,OVAL KUTU 295-165 VERNIKLI 2 PARÇA,2026-01-09 22:28:48,2026-01-09 23:19:12,50.4,,Sac Sıkışması,0
4003018,904501,IE26904501,M00019,OVAL KUTU 295-165 VERNIKLI 2 PARÇA,2026-01-10 11:00:53,2026-01-10 12:16:29,75.6,Yedek parça bekleniyor,Mekanik Arıza,0
4003019,904502,IE26904502,M00019,OVAL KUTU 295-165 VERNIKLI 2 PARÇA,2026-01-11 19:56:31,2026-01-11 20:19:19,22.8,,Hidrolik Kaçak,0
4003020,904503,IE25904503,M00011,YUVARLAK KUTU 120-105 HAM TENEKE 3 PARÇA,2025-10-19 08:41:03,2025-10-19 09:06:27,25.4,,Kalıp Değişimi,0
4003021,904504,IE25904504,M00011,YUVARLAK KUTU 120-105 HAM TENEKE 3 PARÇA,2025-10-20 20:39:46,2025-10-20 20:52:28,12.7,Operatör müdahalesi,Kalıp Değişimi,0
4003022,904508,IE25904508,M00013,KOSELI SIVAMA KUTU 210-080 LITOGRAFI 3 PARÇA,2025-07-02 16:10:20,2025-07-02 17:28:20,78,Yedek parça bekleniyor,Kalıp Değişimi,0
4003023,904509,IE25904509,M00013,KOSELI SIVAMA KUTU 210-080 LITOGRAFI 3 PARÇA,2025-07-03 20:36:42,2025-07-03 21:12:48,36.1,,Kalıp Değişimi,0
4003024,904511,IE26904511,M00186,KOSELI SIVAMA KUTU 210-080 MAT LAK 2 PARÇA,2026-05-06 13:56:48,2026-05-06 14:49:54,53.1,Operatör müdahalesi,Kalıp Değişimi,0
4003025,904512,IE26904512,M00186,KOSELI SIVAMA KUTU 210-080 MAT LAK 2 PARÇA,2026-05-07 09:12:58,2026-05-07 09:30:16,17.3,Kalıp söküldü,Kalite Duruşu,0
4003026,904515,IE26904515,M00001,KAPAK 090-065 HAM TENEKE 2 PARÇA,2026-02-18 20:20:46,2026-02-18 20:31:16,10.5,,Elektrik Arızası,0
4003027,904516,IE26904516,M00001,KAPAK 090-065 HAM TENEKE 2 PARÇA,2026-02-19 19:19:49,2026-02-19 20:04:19,44.5,Kalıp söküldü,Mekanik Arıza,0
4003028,904519,IE25904519,M00002,TEPSI 325-125 MAT LAK 3 PARÇA,2025-07-10 09:10:38,2025-07-10 09:40:44,30.1,Kalıp söküldü,Mekanik Arıza,0
4003029,904520,IE25904520,M00002,TEPSI 325-125 MAT LAK 3 PARÇA,2025-07-11 13:46:37,2025-07-11 14:16:37,30,Yedek parça bekleniyor,Elektrik Arızası,0
4003030,904521,IE25904521,M00002,TEPSI 325-125 MAT LAK 3 PARÇA,2025-07-12 16:35:49,2025-07-12 17:29:19,53.5,,Kalıp Değişimi,0
4003031,904523,IE25904523,M00027,KALP KUTU 160-090 LITOGRAFI 3 PARÇA,2025-10-02 20:43:02,2025-10-02 21:33:14,50.2,Bakım çağrıldı,Kalıp Değişimi,0
4003032,904524,IE25904524,M00027,KALP KUTU 160-090 LITOGRAFI 3 PARÇA,2025-10-03 14:33:42,2025-10-03 15:15:06,41.4,Operatör müdahalesi,Elektrik Arızası,0
4003033,904525,IE26904525,M00008,YUVARLAK KUTU 210-255 HAM TENEKE 3 PARÇA,2026-02-20 18:31:57,2026-02-20 18:55:39,23.7,Yedek parça bekleniyor,Kalıp Değişimi,0
4003034,904526,IE26904526,M00008,YUVARLAK KUTU 210-255 HAM TENEKE 3 PARÇA,2026-02-21 13:40:12,2026-02-21 13:58:54,18.7,Kalıp söküldü,Sac Sıkışması,0
4003035,904527,IE26904527,M00008,YUVARLAK KUTU 210-255 HAM TENEKE 3 PARÇA,2026-02-22 20:01:47,2026-02-22 20:10:59,9.2,Yedek parça bekleniyor,Mekanik Arıza,0
4003036,904529,IE26904529,M00014,YUVARLAK KUTU 120-105 HAM TENEKE 2 PARÇA,2026-05-23 11:01:51,2026-05-23 11:29:45,27.9,Operatör müdahalesi,Planlı Bakım,0
4003037,904531,IE26904531,M00014,YUVARLAK KUTU 120-105 HAM TENEKE 2 PARÇA,2026-05-25 21:10:07,2026-05-25 21:53:55,43.8,Bakım çağrıldı,Kalıp Değişimi,0
4003038,904532,IE25904532,M00059,YUVARLAK KUTU Ø148 HAM TENEKE 2 PARÇA,2025-07-21 10:04:15,2025-07-21 10:32:33,28.3,Yedek parça bekleniyor,Malzeme Bekleme,0
4003039,904533,IE25904533,M00059,YUVARLAK KUTU Ø148 HAM TENEKE 2 PARÇA,2025-07-22 08:48:27,2025-07-22 09:32:27,44,,Ayar / Numune Onayı,0
4003040,904534,IE25904534,M00059,YUVARLAK KUTU Ø148 HAM TENEKE 2 PARÇA,2025-07-23 16:22:36,2025-07-23 16:30:36,8,Kalıp söküldü,Mekanik Arıza,0
4003041,904535,IE25904535,M00059,YUVARLAK KUTU Ø148 HAM TENEKE 2 PARÇA,2025-07-24 16:01:01,2025-07-24 16:45:13,44.2,Operatör müdahalesi,Ayar / Numune Onayı,0
4003042,904537,IE26904537,M00003,YUVARLAK KUTU 120-105 HAM TENEKE 2 PARÇA,2026-05-28 22:45:16,2026-05-28 23:10:58,25.7,Kalıp söküldü,Elektrik Arızası,0
4003043,904538,IE26904538,M00003,YUVARLAK KUTU 120-105 HAM TENEKE 2 PARÇA,2026-05-29 19:35:44,2026-05-29 19:44:20,8.6,Yedek parça bekleniyor,Sac Sıkışması,0
4003044,904539,IE26904539,M00003,YUVARLAK KUTU 120-105 HAM TENEKE 2 PARÇA,2026-05-30 13:45:29,2026-05-30 14:33:41,48.2,Operatör müdahalesi,Mekanik Arıza,0
4003045,904540,IE25904540,M00001,KAPAK 090-065 HAM TENEKE 2 PARÇA,2025-12-16 12:21:35,2025-12-16 13:02:05,40.5,Yedek parça bekleniyor,Kalıp Değişimi,0
4003046,904541,IE25904541,M00001,KAPAK 090-065 HAM TENEKE 2 PARÇA,2025-12-17 09:57:10,2025-12-17 11:20:28,83.3,Operatör müdahalesi,Ayar / Numune Onayı,0
4003047,904548,IE26904548,M00002,TEPSI 325-125 MAT LAK 3 PARÇA,2026-02-25 19:20:24,2026-02-25 19:40:36,20.2,Operatör müdahalesi,Kalıp Değişimi,0
4003048,904549,IE26904549,M00002,TEPSI 325-125 MAT LAK 3 PARÇA,2026-02-26 13:26:01,2026-02-26 13:38:31,12.5,Yedek parça bekleniyor,Personel Yetersizliği,0
4003049,904550,IE26904550,M00002,TEPSI 325-125 MAT LAK 3 PARÇA,2026-01-07 13:58:49,2026-01-07 14:55:49,57,Yedek parça bekleniyor,Mekanik Arıza,0
4003050,904551,IE26904551,M00002,TEPSI 325-125 MAT LAK 3 PARÇA,2026-01-08 22:42:24,2026-01-09 00:01:18,78.9,Yedek parça bekleniyor,Mekanik Arıza,0
4003051,904552,IE26904552,M00002,TEPSI 325-125 MAT LAK 3 PARÇA,2026-01-09 18:00:26,2026-01-09 19:05:32,65.1,Yedek parça bekleniyor,Kalıp Değişimi,0
4003052,904553,IE26904553,M00002,TEPSI 325-125 MAT LAK 3 PARÇA,2026-03-25 10:15:49,2026-03-25 10:55:37,39.8,Operatör müdahalesi,Sac Sıkışması,0
4003053,904554,IE26904554,M00002,TEPSI 325-125 MAT LAK 3 PARÇA,2026-03-26 07:03:35,2026-03-26 07:30:47,27.2,Yedek parça bekleniyor,Sac Sıkışması,0
4003054,904556,IE26904556,M00002,TEPSI 325-125 MAT LAK 3 PARÇA,2026-03-28 21:29:57,2026-03-28 22:03:09,33.2,Operatör müdahalesi,Kalıp Değişimi,0
4003055,904557,IE25904557,M00039,YUVARLAK KUTU 078-095 HAM TENEKE 2 PARÇA,2025-07-02 21:36:01,2025-07-02 21:53:25,17.4,,Malzeme Bekleme,0
4003056,904559,IE25904559,M00039,YUVARLAK KUTU 078-095 HAM TENEKE 2 PARÇA,2025-07-04 16:12:40,2025-07-04 17:06:16,53.6,,Sac Sıkışması,0
4003057,904560,IE25904560,M00039,YUVARLAK KUTU 078-095 HAM TENEKE 2 PARÇA,2025-07-05 20:55:22,2025-07-05 22:02:40,67.3,Operatör müdahalesi,Kalıp Değişimi,0
4003058,904561,IE25904561,M00001,KAPAK 090-065 HAM TENEKE 2 PARÇA,2025-11-16 17:38:53,2025-11-16 18:50:29,71.6,,Malzeme Bekleme,0
4003059,904562,IE25904562,M00001,KAPAK 090-065 HAM TENEKE 2 PARÇA,2025-11-17 21:00:01,2025-11-17 21:46:49,46.8,Kalıp söküldü,Malzeme Bekleme,0
4003060,904563,IE25904563,M00001,KAPAK 090-065 HAM TENEKE 2 PARÇA,2025-11-18 07:26:26,2025-11-18 08:01:32,35.1,Operatör müdahalesi,Kalıp Değişimi,0
4003061,904564,IE25904564,M00001,KAPAK 090-065 HAM TENEKE 2 PARÇA,2025-11-19 13:48:45,2025-11-19 14:11:57,23.2,Operatör müdahalesi,Ayar / Numune Onayı,0
4003062,904565,IE25904565,M00001,KAPAK 090-065 HAM TENEKE 2 PARÇA,2025-11-11 11:27:26,2025-11-11 12:27:08,59.7,,Kalıp Değişimi,0
4003063,904567,IE25904567,M00001,KAPAK 090-065 HAM TENEKE 2 PARÇA,2025-11-13 17:45:26,2025-11-13 18:31:02,45.6,,Kalite Duruşu,0
4003064,904568,IE25904568,M00001,KAPAK 090-065 HAM TENEKE 2 PARÇA,2025-11-14 07:35:46,2025-11-14 08:22:28,46.7,Bakım çağrıldı,Hidrolik Kaçak,0
4003065,904569,IE25904569,M00001,KAPAK 090-065 HAM TENEKE 2 PARÇA,2025-07-30 10:48:04,2025-07-30 11:24:40,36.6,Kalıp söküldü,Planlı Bakım,0
4003066,904570,IE25904570,M00001,KAPAK 090-065 HAM TENEKE 2 PARÇA,2025-07-31 16:15:54,2025-07-31 17:42:06,86.2,Yedek parça bekleniyor,Elektrik Arızası,0
4003067,904571,IE25904571,M00001,KAPAK 090-065 HAM TENEKE 2 PARÇA,2025-08-01 07:27:42,2025-08-01 07:50:30,22.8,Bakım çağrıldı,Kalıp Değişimi,0
4003068,904572,IE25904572,M00001,KAPAK 090-065 HAM TENEKE 2 PARÇA,2025-08-02 07:47:40,2025-08-02 08:17:58,30.3,Bakım çağrıldı,Malzeme Bekleme,0
4003069,904573,IE25904573,M00002,TEPSI 325-125 MAT LAK 3 PARÇA,2025-06-26 20:29:25,2025-06-26 21:07:07,37.7,Bakım çağrıldı,Sac Sıkışması,0
4003070,904575,IE25904575,M00002,TEPSI 325-125 MAT LAK 3 PARÇA,2025-06-28 10:22:39,2025-06-28 11:32:57,70.3,Kalıp söküldü,Kalıp Değişimi,0
4003071,904577,IE26904577,M00011,YUVARLAK KUTU 120-105 HAM TENEKE 3 PARÇA,2026-04-24 15:56:54,2026-04-24 16:03:12,6.3,,Planlı Bakım,0
4003072,904578,IE26904578,M00011,YUVARLAK KUTU 120-105 HAM TENEKE 3 PARÇA,2026-04-25 14:26:45,2026-04-25 15:17:09,50.4,Kalıp söküldü,Kalıp Değişimi,0
4003073,904579,IE26904579,M00011,YUVARLAK KUTU 120-105 HAM TENEKE 3 PARÇA,2026-04-26 20:03:26,2026-04-26 20:21:08,17.7,,Planlı Bakım,0
4003074,904580,IE26904580,M00011,YUVARLAK KUTU 120-105 HAM TENEKE 3 PARÇA,2026-04-27 13:35:01,2026-04-27 14:13:55,38.9,,Kalıp Değişimi,0
4003075,904581,IE26904581,M00016,YUVARLAK-SIVAMA KUTU Ø068 HAM TENEKE 2 PARÇA,2026-07-30 10:36:05,2026-07-30 10:48:11,12.1,Operatör müdahalesi,Planlı Bakım,0
4003076,904584,IE25904584,M00223,YUVARLAK KUTU 255-205 LITOGRAFI 2 PARÇA,2025-10-18 12:16:06,2025-10-18 12:40:00,23.9,,Kalıp Değişimi,0
4003077,904586,IE25904586,M00223,YUVARLAK KUTU 255-205 LITOGRAFI 2 PARÇA,2025-10-20 08:48:53,2025-10-20 09:27:23,38.5,Kalıp söküldü,Kalıp Değişimi,0
4003078,904587,IE26904587,M00030,YUVARLAK KUTU Ø148 MAT LAK 2 PARÇA,2026-02-05 15:14:21,2026-02-05 16:40:27,86.1,Bakım çağrıldı,Mekanik Arıza,0
4003079,904589,IE26904589,M00030,YUVARLAK KUTU Ø148 MAT LAK 2 PARÇA,2026-02-07 10:00:48,2026-02-07 10:57:42,56.9,Operatör müdahalesi,Malzeme Bekleme,0
4003080,904593,IE26904593,M00005,DIKDORTGEN KUTU 145-095 MAT LAK 2 PARÇA,2026-05-22 16:15:47,2026-05-22 16:37:35,21.8,Operatör müdahalesi,Planlı Bakım,0
4003081,904594,IE26904594,M00005,DIKDORTGEN KUTU 145-095 MAT LAK 2 PARÇA,2026-05-23 10:48:58,2026-05-23 11:08:28,19.5,Operatör müdahalesi,Vardiya Devri,0
4003082,904595,IE26904595,M00005,DIKDORTGEN KUTU 145-095 MAT LAK 2 PARÇA,2026-05-24 10:12:50,2026-05-24 11:06:02,53.2,Operatör müdahalesi,Kalıp Değişimi,0
4003083,904596,IE26904596,M00017,OVAL KUTU 295-165 VERNIKLI 2 PARÇA,2026-05-25 09:46:01,2026-05-25 11:26:43,100.7,,Mekanik Arıza,0
4003084,904597,IE26904597,M00017,OVAL KUTU 295-165 VERNIKLI 2 PARÇA,2026-05-26 20:57:30,2026-05-26 22:10:54,73.4,Kalıp söküldü,Kalıp Değişimi,0
4003085,904599,IE26904599,M00017,OVAL KUTU 295-165 VERNIKLI 2 PARÇA,2026-05-28 21:15:07,2026-05-28 21:58:49,43.7,Kalıp söküldü,Malzeme Bekleme,0
4003086,904600,IE26904600,M00004,YUVARLAK KUTU 210-255 MAT LAK 3 PARÇA,2026-04-18 12:05:59,2026-04-18 12:18:59,13,Yedek parça bekleniyor,Kalıp Değişimi,0
4003087,904602,IE26904602,M00004,YUVARLAK KUTU 210-255 MAT LAK 3 PARÇA,2026-04-20 20:18:22,2026-04-20 20:36:28,18.1,Yedek parça bekleniyor,Kalite Duruşu,0
4003088,904603,IE26904603,M00006,SEKILLI KUTU 175-205 HAM TENEKE 3 PARÇA,2026-05-10 10:22:51,2026-05-10 10:50:33,27.7,Kalıp söküldü,Mekanik Arıza,0
4003089,904604,IE26904604,M00006,SEKILLI KUTU 175-205 HAM TENEKE 3 PARÇA,2026-05-11 09:14:22,2026-05-11 09:45:04,30.7,Yedek parça bekleniyor,Malzeme Bekleme,0
4003090,904606,IE26904606,M00006,SEKILLI KUTU 175-205 HAM TENEKE 3 PARÇA,2026-05-13 14:43:53,2026-05-13 14:56:47,12.9,Yedek parça bekleniyor,Kalite Duruşu,0
4003091,904607,IE25904607,M00006,SEKILLI KUTU 175-205 HAM TENEKE 3 PARÇA,2025-10-09 08:58:39,2025-10-09 09:47:57,49.3,Yedek parça bekleniyor,Kalıp Değişimi,0
4003092,904608,IE25904608,M00006,SEKILLI KUTU 175-205 HAM TENEKE 3 PARÇA,2025-10-10 15:56:42,2025-10-10 16:11:36,14.9,Kalıp söküldü,Ayar / Numune Onayı,0
4003093,904610,IE25904610,M00081,YUVARLAK KUTU 255-205 MAT LAK 3 PARÇA,2025-10-22 14:47:46,2025-10-22 15:54:04,66.3,,Malzeme Bekleme,0
4003094,904611,IE25904611,M00081,YUVARLAK KUTU 255-205 MAT LAK 3 PARÇA,2025-10-23 18:50:36,2025-10-23 20:22:06,91.5,Kalıp söküldü,Mekanik Arıza,0
4003095,904612,IE25904612,M00081,YUVARLAK KUTU 255-205 MAT LAK 3 PARÇA,2025-10-24 18:53:52,2025-10-24 19:25:22,31.5,Bakım çağrıldı,Kalıp Değişimi,0
4003096,904614,IE26904614,M00130,YUVARLAK KUTU 245-175 LITOGRAFI 2 PARÇA,2026-01-03 13:33:18,2026-01-03 13:41:12,7.9,Bakım çağrıldı,Sac Sıkışması,0
4003097,904615,IE26904615,M00130,YUVARLAK KUTU 245-175 LITOGRAFI 2 PARÇA,2026-01-04 12:23:03,2026-01-04 12:46:57,23.9,Operatör müdahalesi,Ayar / Numune Onayı,0
4003098,904616,IE26904616,M00130,YUVARLAK KUTU 245-175 LITOGRAFI 2 PARÇA,2026-01-05 08:22:30,2026-01-05 08:29:24,6.9,,Kalıp Değişimi,0
4003099,904618,IE26904618,M00004,YUVARLAK KUTU 210-255 MAT LAK 3 PARÇA,2026-04-15 21:32:28,2026-04-15 21:50:16,17.8,Operatör müdahalesi,Elektrik Arızası,0
4003100,904619,IE26904619,M00004,YUVARLAK KUTU 210-255 MAT LAK 3 PARÇA,2026-04-16 08:02:26,2026-04-16 08:19:38,17.2,Kalıp söküldü,Mekanik Arıza,0
4003101,904620,IE26904620,M00004,YUVARLAK KUTU 210-255 MAT LAK 3 PARÇA,2026-04-17 20:33:28,2026-04-17 21:34:10,60.7,,Kalıp Değişimi,0
4003102,904621,IE26904621,M00004,YUVARLAK KUTU 210-255 MAT LAK 3 PARÇA,2026-04-18 09:50:22,2026-04-18 10:30:40,40.3,Kalıp söküldü,Vardiya Devri,0
4003103,904622,IE25904622,M00005,DIKDORTGEN KUTU 145-095 MAT LAK 2 PARÇA,2025-07-31 13:06:43,2025-07-31 13:34:01,27.3,Bakım çağrıldı,Personel Yetersizliği,0
4003104,904623,IE25904623,M00005,DIKDORTGEN KUTU 145-095 MAT LAK 2 PARÇA,2025-08-01 20:56:47,2025-08-01 21:06:05,9.3,Yedek parça bekleniyor,Kalıp Değişimi,0
4003105,904624,IE25904624,M00005,DIKDORTGEN KUTU 145-095 MAT LAK 2 PARÇA,2025-08-02 17:10:51,2025-08-02 17:34:21,23.5,Bakım çağrıldı,Mekanik Arıza,0
4003106,904625,IE25904625,M00010,YUVARLAK KUTU 255-205 MAT LAK 3 PARÇA,2025-07-16 22:15:08,2025-07-16 22:46:08,31,Kalıp söküldü,Kalıp Değişimi,0
4003107,904626,IE25904626,M00010,YUVARLAK KUTU 255-205 MAT LAK 3 PARÇA,2025-07-17 10:06:39,2025-07-17 11:10:21,63.7,Kalıp söküldü,Kalıp Değişimi,0
4003108,904628,IE25904628,M00010,YUVARLAK KUTU 255-205 MAT LAK 3 PARÇA,2025-07-19 20:37:33,2025-07-19 21:38:27,60.9,Operatör müdahalesi,Elektrik Arızası,0
4003109,904630,IE25904630,M00019,OVAL KUTU 295-165 VERNIKLI 2 PARÇA,2025-08-01 19:42:06,2025-08-01 20:09:12,27.1,,Mekanik Arıza,0
4003110,904631,IE25904631,M00019,OVAL KUTU 295-165 VERNIKLI 2 PARÇA,2025-08-02 14:03:23,2025-08-02 14:39:35,36.2,Operatör müdahalesi,Elektrik Arızası,0
4003111,904634,IE25904634,M00005,DIKDORTGEN KUTU 145-095 MAT LAK 2 PARÇA,2025-06-28 08:45:57,2025-06-28 10:05:27,79.5,Bakım çağrıldı,Kalite Duruşu,0
4003112,904636,IE26904636,M00011,YUVARLAK KUTU 120-105 HAM TENEKE 3 PARÇA,2026-07-27 09:02:30,2026-07-27 10:08:00,65.5,Operatör müdahalesi,Enerji Kesintisi,0
4003113,904638,IE26904638,M00011,YUVARLAK KUTU 120-105 HAM TENEKE 3 PARÇA,2026-07-29 09:17:27,2026-07-29 09:52:39,35.2,,Kalıp Değişimi,0
4003114,904639,IE26904639,M00011,YUVARLAK KUTU 120-105 HAM TENEKE 3 PARÇA,2026-07-30 12:43:39,2026-07-30 13:36:57,53.3,Bakım çağrıldı,Ayar / Numune Onayı,0
4003115,904640,IE26904640,M00284,KALP KUTU 160-090 LITOGRAFI 3 PARÇA,2026-01-29 20:12:43,2026-01-29 21:32:43,80,,Malzeme Bekleme,0
4003116,904641,IE26904641,M00284,KALP KUTU 160-090 LITOGRAFI 3 PARÇA,2026-01-30 06:39:59,2026-01-30 06:57:23,17.4,Operatör müdahalesi,Ayar / Numune Onayı,0
4003117,904643,IE26904643,M00284,KALP KUTU 160-090 LITOGRAFI 3 PARÇA,2026-02-01 21:50:34,2026-02-01 22:03:04,12.5,Yedek parça bekleniyor,Kalıp Değişimi,0
4003118,904644,IE25904644,M00018,SEKIZGEN KUTU 135-145 HAM TENEKE 2 PARÇA,2025-06-25 10:53:40,2025-06-25 11:02:40,9,Operatör müdahalesi,Kalite Duruşu,0
4003119,904645,IE25904645,M00018,SEKIZGEN KUTU 135-145 HAM TENEKE 2 PARÇA,2025-06-26 18:56:23,2025-06-26 19:03:47,7.4,,Hidrolik Kaçak,0
4003120,904646,IE25904646,M00018,SEKIZGEN KUTU 135-145 HAM TENEKE 2 PARÇA,2025-06-27 06:50:30,2025-06-27 07:21:12,30.7,,Kalıp Değişimi,0
4003121,904647,IE25904647,M00011,YUVARLAK KUTU 120-105 HAM TENEKE 3 PARÇA,2025-12-14 08:02:50,2025-12-14 08:38:20,35.5,Operatör müdahalesi,Kalıp Değişimi,0
4003122,904648,IE25904648,M00011,YUVARLAK KUTU 120-105 HAM TENEKE 3 PARÇA,2025-12-15 14:49:54,2025-12-15 15:46:54,57,,Malzeme Bekleme,0
4003123,904649,IE25904649,M00011,YUVARLAK KUTU 120-105 HAM TENEKE 3 PARÇA,2025-12-16 12:02:24,2025-12-16 12:33:30,31.1,Operatör müdahalesi,Kalıp Değişimi,0
4003124,904650,IE26904650,M00002,TEPSI 325-125 MAT LAK 3 PARÇA,2026-07-02 16:27:35,2026-07-02 16:47:05,19.5,Operatör müdahalesi,Kalıp Değişimi,0
4003125,904652,IE26904652,M00002,TEPSI 325-125 MAT LAK 3 PARÇA,2026-07-04 21:03:42,2026-07-04 21:37:06,33.4,Kalıp söküldü,Kalıp Değişimi,0
4003126,904653,IE26904653,M00008,YUVARLAK KUTU 210-255 HAM TENEKE 3 PARÇA,2026-05-02 10:05:56,2026-05-02 10:26:56,21,Kalıp söküldü,Vardiya Devri,0
4003127,904654,IE26904654,M00008,YUVARLAK KUTU 210-255 HAM TENEKE 3 PARÇA,2026-05-03 10:14:10,2026-05-03 10:26:34,12.4,Operatör müdahalesi,Kalıp Değişimi,0
4003128,904655,IE26904655,M00008,YUVARLAK KUTU 210-255 HAM TENEKE 3 PARÇA,2026-05-04 19:36:07,2026-05-04 20:41:43,65.6,,Ayar / Numune Onayı,0
4003129,904657,IE26904657,M00039,YUVARLAK KUTU 078-095 HAM TENEKE 2 PARÇA,2026-07-05 09:37:25,2026-07-05 09:56:13,18.8,Kalıp söküldü,Vardiya Devri,0
4003130,904660,IE26904660,M00001,KAPAK 090-065 HAM TENEKE 2 PARÇA,2026-04-20 10:43:31,2026-04-20 11:00:37,17.1,Operatör müdahalesi,Mekanik Arıza,0
4003131,904661,IE26904661,M00001,KAPAK 090-065 HAM TENEKE 2 PARÇA,2026-04-21 13:29:16,2026-04-21 14:04:22,35.1,Kalıp söküldü,Kalıp Değişimi,0
4003132,904663,IE25904663,M00003,YUVARLAK KUTU 120-105 HAM TENEKE 2 PARÇA,2025-09-21 16:06:20,2025-09-21 16:33:50,27.5,Yedek parça bekleniyor,Elektrik Arızası,0
4003133,904664,IE25904664,M00003,YUVARLAK KUTU 120-105 HAM TENEKE 2 PARÇA,2025-09-22 18:23:53,2025-09-22 18:45:17,21.4,Yedek parça bekleniyor,Malzeme Bekleme,0
4003134,904667,IE25904667,M00001,KAPAK 090-065 HAM TENEKE 2 PARÇA,2025-07-18 10:04:20,2025-07-18 10:59:02,54.7,Kalıp söküldü,Hidrolik Kaçak,0
4003135,904668,IE25904668,M00001,KAPAK 090-065 HAM TENEKE 2 PARÇA,2025-07-19 09:06:40,2025-07-19 09:57:10,50.5,Operatör müdahalesi,Kalite Duruşu,0
4003136,904669,IE25904669,M00001,KAPAK 090-065 HAM TENEKE 2 PARÇA,2025-07-20 14:58:45,2025-07-20 15:57:57,59.2,Bakım çağrıldı,Planlı Bakım,0
4003137,904670,IE25904670,M00070,KALP KUTU 160-090 HAM TENEKE 3 PARÇA,2025-10-12 09:33:38,2025-10-12 10:03:26,29.8,Bakım çağrıldı,Kalıp Değişimi,0
4003138,904671,IE25904671,M00070,KALP KUTU 160-090 HAM TENEKE 3 PARÇA,2025-10-13 21:19:51,2025-10-13 21:55:03,35.2,Bakım çağrıldı,Sac Sıkışması,0
4003139,904672,IE25904672,M00070,KALP KUTU 160-090 HAM TENEKE 3 PARÇA,2025-10-14 08:33:35,2025-10-14 09:43:23,69.8,Yedek parça bekleniyor,Kalıp Değişimi,0
4003140,904673,IE25904673,M00070,KALP KUTU 160-090 HAM TENEKE 3 PARÇA,2025-10-15 19:48:21,2025-10-15 21:00:09,71.8,Operatör müdahalesi,Kalıp Değişimi,0
4003141,904674,IE25904674,M00001,KAPAK 090-065 HAM TENEKE 2 PARÇA,2025-07-07 14:43:41,2025-07-07 14:51:11,7.5,Kalıp söküldü,Kalıp Değişimi,0
4003142,904675,IE25904675,M00001,KAPAK 090-065 HAM TENEKE 2 PARÇA,2025-07-08 18:04:33,2025-07-08 19:21:33,77,,Ayar / Numune Onayı,0
4003143,904678,IE26904678,M00135,YUVARLAK KUTU 120-105 VERNIKLI 2 PARÇA,2026-04-28 09:23:34,2026-04-28 10:02:58,39.4,Operatör müdahalesi,Kalıp Değişimi,0
4003144,904680,IE26904680,M00135,YUVARLAK KUTU 120-105 VERNIKLI 2 PARÇA,2026-04-30 09:55:37,2026-04-30 11:01:01,65.4,Yedek parça bekleniyor,Kalıp Değişimi,0
4003145,904681,IE26904681,M00135,YUVARLAK KUTU 120-105 VERNIKLI 2 PARÇA,2026-05-01 11:23:39,2026-05-01 12:00:57,37.3,Bakım çağrıldı,Kalıp Değişimi,0
4003146,904684,IE25904684,M00186,KOSELI SIVAMA KUTU 210-080 MAT LAK 2 PARÇA,2025-07-04 07:10:51,2025-07-04 08:02:09,51.3,,Elektrik Arızası,0
4003147,904685,IE25904685,M00086,YUVARLAK KUTU 255-205 HAM TENEKE 2 PARÇA,2025-07-08 17:37:50,2025-07-08 18:22:38,44.8,Operatör müdahalesi,Vardiya Devri,0
4003148,904686,IE25904686,M00086,YUVARLAK KUTU 255-205 HAM TENEKE 2 PARÇA,2025-07-09 16:20:46,2025-07-09 17:19:46,59,Kalıp söküldü,Mekanik Arıza,0
4003149,904687,IE25904687,M00086,YUVARLAK KUTU 255-205 HAM TENEKE 2 PARÇA,2025-07-10 20:03:22,2025-07-10 20:33:58,30.6,Operatör müdahalesi,Kalite Duruşu,0
4003150,904689,IE26904689,M00098,YUVARLAK KUTU 255-205 VERNIKLI 2 PARÇA,2026-05-02 13:58:02,2026-05-02 14:36:44,38.7,Bakım çağrıldı,Personel Yetersizliği,0
4003151,904690,IE26904690,M00098,YUVARLAK KUTU 255-205 VERNIKLI 2 PARÇA,2026-05-03 19:28:08,2026-05-03 19:50:08,22,Yedek parça bekleniyor,Malzeme Bekleme,0
4003152,904694,IE25904694,M00257,YUVARLAK KUTU 210-255 MAT LAK 2 PARÇA,2025-11-08 07:08:11,2025-11-08 08:07:53,59.7,Yedek parça bekleniyor,Kalıp Değişimi,0
4003153,904695,IE25904695,M00257,YUVARLAK KUTU 210-255 MAT LAK 2 PARÇA,2025-11-09 18:02:55,2025-11-09 18:17:43,14.8,Operatör müdahalesi,Ayar / Numune Onayı,0
4003154,904696,IE25904696,M00030,YUVARLAK KUTU Ø148 MAT LAK 2 PARÇA,2025-12-29 11:39:08,2025-12-29 12:15:02,35.9,Bakım çağrıldı,Malzeme Bekleme,0
4003155,904697,IE25904697,M00030,YUVARLAK KUTU Ø148 MAT LAK 2 PARÇA,2025-12-30 07:41:39,2025-12-30 08:04:09,22.5,Kalıp söküldü,Mekanik Arıza,0
4003156,904701,IE26904701,M00001,KAPAK 090-065 HAM TENEKE 2 PARÇA,2026-06-17 14:37:05,2026-06-17 15:05:05,28,Operatör müdahalesi,Malzeme Bekleme,0
4003157,904702,IE26904702,M00001,KAPAK 090-065 HAM TENEKE 2 PARÇA,2026-06-18 15:34:27,2026-06-18 16:25:15,50.8,Kalıp söküldü,Kalıp Değişimi,0
4003158,904703,IE25904703,M00023,YUVARLAK KUTU 078-095 LITOGRAFI 2 PARÇA,2025-09-04 21:13:56,2025-09-04 22:05:38,51.7,Kalıp söküldü,Kalıp Değişimi,0
4003159,904704,IE25904704,M00023,YUVARLAK KUTU 078-095 LITOGRAFI 2 PARÇA,2025-09-05 11:44:58,2025-09-05 12:28:10,43.2,Kalıp söküldü,Kalıp Değişimi,0
4003160,904705,IE25904705,M00023,YUVARLAK KUTU 078-095 LITOGRAFI 2 PARÇA,2025-09-06 08:02:28,2025-09-06 09:05:34,63.1,Yedek parça bekleniyor,Vardiya Devri,0
4003161,904706,IE26904706,M00001,KAPAK 090-065 HAM TENEKE 2 PARÇA,2026-03-14 20:40:08,2026-03-14 21:17:32,37.4,Kalıp söküldü,Malzeme Bekleme,0
4003162,904707,IE26904707,M00001,KAPAK 090-065 HAM TENEKE 2 PARÇA,2026-03-15 08:38:53,2026-03-15 09:39:05,60.2,Operatör müdahalesi,Kalite Duruşu,0
4003163,904708,IE26904708,M00001,KAPAK 090-065 HAM TENEKE 2 PARÇA,2026-03-16 20:28:04,2026-03-16 20:44:28,16.4,Operatör müdahalesi,Kalıp Değişimi,0
4003164,904709,IE26904709,M00001,KAPAK 090-065 HAM TENEKE 2 PARÇA,2026-03-17 13:03:38,2026-03-17 13:11:38,8,Bakım çağrıldı,Planlı Bakım,0
4003165,904712,IE26904712,M00026,ALTIGEN KUTU 125-085 LITOGRAFI 2 PARÇA,2026-07-14 15:17:30,2026-07-14 15:37:48,20.3,,Kalıp Değişimi,0
4003166,904713,IE25904713,M00022,SEKIZGEN KUTU 135-145 VERNIKLI 2 PARÇA,2025-10-26 11:17:05,2025-10-26 12:07:59,50.9,Yedek parça bekleniyor,Kalıp Değişimi,0
4003167,904714,IE25904714,M00022,SEKIZGEN KUTU 135-145 VERNIKLI 2 PARÇA,2025-10-27 07:16:34,2025-10-27 07:46:04,29.5,Operatör müdahalesi,Malzeme Bekleme,0
4003168,904715,IE25904715,M00022,SEKIZGEN KUTU 135-145 VERNIKLI 2 PARÇA,2025-10-28 19:07:28,2025-10-28 19:45:52,38.4,Kalıp söküldü,Kalıp Değişimi,0
4003169,904716,IE25904716,M00022,SEKIZGEN KUTU 135-145 VERNIKLI 2 PARÇA,2025-10-29 08:17:36,2025-10-29 09:16:30,58.9,Kalıp söküldü,Mekanik Arıza,0
4003170,904717,IE25904717,M00002,TEPSI 325-125 MAT LAK 3 PARÇA,2025-12-29 21:42:53,2025-12-29 22:17:05,34.2,Operatör müdahalesi,Kalite Duruşu,0
4003171,904718,IE25904718,M00002,TEPSI 325-125 MAT LAK 3 PARÇA,2025-12-30 22:57:58,2025-12-30 23:52:28,54.5,Kalıp söküldü,Planlı Bakım,0
4003172,904720,IE26904720,M00004,YUVARLAK KUTU 210-255 MAT LAK 3 PARÇA,2026-03-24 12:55:47,2026-03-24 13:01:17,5.5,Yedek parça bekleniyor,Kalıp Değişimi,0
4003173,904721,IE26904721,M00004,YUVARLAK KUTU 210-255 MAT LAK 3 PARÇA,2026-03-25 08:40:42,2026-03-25 08:50:00,9.3,,Planlı Bakım,0
4003174,904722,IE26904722,M00004,YUVARLAK KUTU 210-255 MAT LAK 3 PARÇA,2026-03-26 17:22:32,2026-03-26 18:06:14,43.7,Yedek parça bekleniyor,Kalıp Değişimi,0
4003175,904723,IE25904723,M00003,YUVARLAK KUTU 120-105 HAM TENEKE 2 PARÇA,2025-11-08 11:48:26,2025-11-08 11:55:14,6.8,Bakım çağrıldı,Hidrolik Kaçak,0
4003176,904726,IE26904726,M00089,DIKDORTGEN KUTU 185-115 HAM TENEKE 2 PARÇA,2026-02-16 12:46:18,2026-02-16 14:08:54,82.6,Bakım çağrıldı,Malzeme Bekleme,0
4003177,904727,IE26904727,M00089,DIKDORTGEN KUTU 185-115 HAM TENEKE 2 PARÇA,2026-02-17 18:41:38,2026-02-17 19:49:44,68.1,Operatör müdahalesi,Malzeme Bekleme,0
4003178,904729,IE26904729,M00001,KAPAK 090-065 HAM TENEKE 2 PARÇA,2026-01-22 08:33:31,2026-01-22 08:54:25,20.9,Kalıp söküldü,Elektrik Arızası,0
4003179,904730,IE26904730,M00001,KAPAK 090-065 HAM TENEKE 2 PARÇA,2026-01-23 12:35:25,2026-01-23 12:46:25,11,Bakım çağrıldı,Mekanik Arıza,0
4003180,904731,IE26904731,M00001,KAPAK 090-065 HAM TENEKE 2 PARÇA,2026-01-24 17:14:39,2026-01-24 17:44:03,29.4,Operatör müdahalesi,Planlı Bakım,0
4003181,904732,IE26904732,M00259,YUVARLAK KUTU Ø092 HAM TENEKE 3 PARÇA,2026-04-05 15:14:45,2026-04-05 15:54:51,40.1,Operatör müdahalesi,Ayar / Numune Onayı,0
4003182,904733,IE26904733,M00259,YUVARLAK KUTU Ø092 HAM TENEKE 3 PARÇA,2026-04-06 18:46:11,2026-04-06 19:14:11,28,,Vardiya Devri,0
4003183,904735,IE25904735,M00022,SEKIZGEN KUTU 135-145 VERNIKLI 2 PARÇA,2025-07-17 13:30:02,2025-07-17 13:51:50,21.8,Yedek parça bekleniyor,Elektrik Arızası,0
4003184,904737,IE25904737,M00022,SEKIZGEN KUTU 135-145 VERNIKLI 2 PARÇA,2025-07-19 10:26:36,2025-07-19 11:25:48,59.2,Kalıp söküldü,Kalıp Değişimi,0
4003185,904738,IE25904738,M00004,YUVARLAK KUTU 210-255 MAT LAK 3 PARÇA,2025-12-02 20:17:22,2025-12-02 21:15:46,58.4,Kalıp söküldü,Ayar / Numune Onayı,0
4003186,904739,IE25904739,M00004,YUVARLAK KUTU 210-255 MAT LAK 3 PARÇA,2025-12-03 16:11:13,2025-12-03 17:34:19,83.1,Kalıp söküldü,Mekanik Arıza,0
4003187,904741,IE26904741,M00002,TEPSI 325-125 MAT LAK 3 PARÇA,2026-04-22 18:08:47,2026-04-22 19:26:47,78,Kalıp söküldü,Elektrik Arızası,0
4003188,904743,IE26904743,M00002,TEPSI 325-125 MAT LAK 3 PARÇA,2026-04-24 10:34:39,2026-04-24 11:32:51,58.2,Operatör müdahalesi,Kalite Duruşu,0
4003189,904746,IE26904746,M00229,YUVARLAK KUTU 094-050 VERNIKLI 3 PARÇA,2026-03-23 12:59:54,2026-03-23 13:34:06,34.2,Kalıp söküldü,Kalıp Değişimi,0
4003190,904747,IE26904747,M00229,YUVARLAK KUTU 094-050 VERNIKLI 3 PARÇA,2026-03-24 08:52:03,2026-03-24 10:05:15,73.2,Operatör müdahalesi,Kalite Duruşu,0
4003191,904748,IE26904748,M00006,SEKILLI KUTU 175-205 HAM TENEKE 3 PARÇA,2026-05-10 16:58:55,2026-05-10 17:29:13,30.3,Yedek parça bekleniyor,Kalıp Değişimi,0
4003192,904750,IE26904750,M00006,SEKILLI KUTU 175-205 HAM TENEKE 3 PARÇA,2026-05-12 19:56:23,2026-05-12 20:23:11,26.8,,Kalıp Değişimi,0
4003193,904751,IE26904751,M00006,SEKILLI KUTU 175-205 HAM TENEKE 3 PARÇA,2026-05-13 17:31:27,2026-05-13 18:37:15,65.8,,Mekanik Arıza,0
4003194,904754,IE26904754,M00240,YUVARLAK KUTU 255-205 HAM TENEKE 3 PARÇA,2026-02-06 23:00:32,2026-02-06 23:45:20,44.8,Bakım çağrıldı,Mekanik Arıza,0
4003195,904756,IE26904756,M00013,KOSELI SIVAMA KUTU 210-080 LITOGRAFI 3 PARÇA,2026-01-01 20:42:39,2026-01-01 20:55:51,13.2,Kalıp söküldü,Kalıp Değişimi,0
4003196,904757,IE26904757,M00013,KOSELI SIVAMA KUTU 210-080 LITOGRAFI 3 PARÇA,2026-01-02 22:46:15,2026-01-02 23:33:03,46.8,Bakım çağrıldı,Ayar / Numune Onayı,0
4003197,904759,IE26904759,M00003,YUVARLAK KUTU 120-105 HAM TENEKE 2 PARÇA,2026-06-25 13:14:34,2026-06-25 13:55:58,41.4,Kalıp söküldü,Mekanik Arıza,0
4003198,904760,IE26904760,M00003,YUVARLAK KUTU 120-105 HAM TENEKE 2 PARÇA,2026-06-26 12:29:16,2026-06-26 13:37:22,68.1,Kalıp söküldü,Kalite Duruşu,0
4003199,904761,IE26904761,M00003,YUVARLAK KUTU 120-105 HAM TENEKE 2 PARÇA,2026-06-27 17:31:30,2026-06-27 17:47:30,16,,Ayar / Numune Onayı,0
4003200,904762,IE25904762,M00002,TEPSI 325-125 MAT LAK 3 PARÇA,2025-12-04 19:11:59,2025-12-04 19:20:47,8.8,Operatör müdahalesi,Malzeme Bekleme,0
4003201,904764,IE25904764,M00002,TEPSI 325-125 MAT LAK 3 PARÇA,2025-12-06 12:25:14,2025-12-06 13:44:38,79.4,Operatör müdahalesi,Kalıp Değişimi,0
4003202,904765,IE25904765,M00002,TEPSI 325-125 MAT LAK 3 PARÇA,2025-12-07 15:54:00,2025-12-07 16:41:06,47.1,Operatör müdahalesi,Vardiya Devri,0
4003203,904766,IE25904766,M00065,YUVARLAK KUTU Ø092 MAT LAK 3 PARÇA,2025-12-04 20:21:15,2025-12-04 21:19:15,58,Bakım çağrıldı,Mekanik Arıza,0
4003204,904767,IE25904767,M00065,YUVARLAK KUTU Ø092 MAT LAK 3 PARÇA,2025-12-05 16:01:11,2025-12-05 17:12:23,71.2,Bakım çağrıldı,Hidrolik Kaçak,0
4003205,904769,IE25904769,M00065,YUVARLAK KUTU Ø092 MAT LAK 3 PARÇA,2025-12-07 17:15:43,2025-12-07 17:53:07,37.4,Kalıp söküldü,Hidrolik Kaçak,0
4003206,904770,IE26904770,M00001,KAPAK 090-065 HAM TENEKE 2 PARÇA,2026-01-28 19:13:31,2026-01-28 19:40:07,26.6,Operatör müdahalesi,Kalıp Değişimi,0
4003207,904772,IE26904772,M00001,KAPAK 090-065 HAM TENEKE 2 PARÇA,2026-01-30 21:32:13,2026-01-30 21:39:31,7.3,Operatör müdahalesi,Kalıp Değişimi,0
4003208,904773,IE26904773,M00001,KAPAK 090-065 HAM TENEKE 2 PARÇA,2026-01-31 21:44:59,2026-01-31 22:21:17,36.3,Bakım çağrıldı,Kalıp Değişimi,0
4003209,904774,IE26904774,M00001,KAPAK 090-065 HAM TENEKE 2 PARÇA,2026-01-19 20:18:55,2026-01-19 20:50:37,31.7,,Vardiya Devri,0
4003210,904775,IE26904775,M00001,KAPAK 090-065 HAM TENEKE 2 PARÇA,2026-01-20 19:25:59,2026-01-20 20:26:47,60.8,Bakım çağrıldı,Ayar / Numune Onayı,0
4003211,904776,IE26904776,M00001,KAPAK 090-065 HAM TENEKE 2 PARÇA,2026-01-21 13:56:42,2026-01-21 14:22:06,25.4,Operatör müdahalesi,Kalıp Değişimi,0
4003212,904778,IE25904778,M00007,DIKDORTGEN KUTU 185-115 MAT LAK 2 PARÇA,2025-09-12 11:16:09,2025-09-12 12:01:33,45.4,,Planlı Bakım,0
4003213,904779,IE25904779,M00007,DIKDORTGEN KUTU 185-115 MAT LAK 2 PARÇA,2025-09-13 10:18:33,2025-09-13 10:31:09,12.6,Operatör müdahalesi,Planlı Bakım,0
4003214,904780,IE26904780,M00010,YUVARLAK KUTU 255-205 MAT LAK 3 PARÇA,2026-07-26 16:08:41,2026-07-26 16:30:41,22,,Kalıp Değişimi,0
4003215,904782,IE26904782,M00010,YUVARLAK KUTU 255-205 MAT LAK 3 PARÇA,2026-07-28 21:56:11,2026-07-28 22:15:29,19.3,Operatör müdahalesi,Ayar / Numune Onayı,0
4003216,904784,IE25904784,M00004,YUVARLAK KUTU 210-255 MAT LAK 3 PARÇA,2025-08-12 14:52:23,2025-08-12 15:32:29,40.1,,Elektrik Arızası,0
4003217,904785,IE25904785,M00004,YUVARLAK KUTU 210-255 MAT LAK 3 PARÇA,2025-08-13 19:23:55,2025-08-13 19:49:55,26,Bakım çağrıldı,Ayar / Numune Onayı,0
4003218,904786,IE25904786,M00001,KAPAK 090-065 HAM TENEKE 2 PARÇA,2025-08-21 15:09:37,2025-08-21 16:05:01,55.4,Yedek parça bekleniyor,Mekanik Arıza,0
4003219,904787,IE25904787,M00001,KAPAK 090-065 HAM TENEKE 2 PARÇA,2025-08-22 18:40:29,2025-08-22 18:49:11,8.7,Bakım çağrıldı,Ayar / Numune Onayı,0
4003220,904788,IE25904788,M00001,KAPAK 090-065 HAM TENEKE 2 PARÇA,2025-08-23 09:40:46,2025-08-23 10:11:22,30.6,Operatör müdahalesi,Kalıp Değişimi,0
4003221,904789,IE26904789,M00062,YUVARLAK KUTU 158-175 VERNIKLI 2 PARÇA,2026-01-05 19:28:31,2026-01-05 20:23:55,55.4,Bakım çağrıldı,Hidrolik Kaçak,0
4003222,904790,IE26904790,M00062,YUVARLAK KUTU 158-175 VERNIKLI 2 PARÇA,2026-01-06 12:41:27,2026-01-06 12:48:27,7,Yedek parça bekleniyor,Ayar / Numune Onayı,0
4003223,904791,IE26904791,M00062,YUVARLAK KUTU 158-175 VERNIKLI 2 PARÇA,2026-01-07 16:01:11,2026-01-07 16:28:53,27.7,Yedek parça bekleniyor,Ayar / Numune Onayı,0
4003224,904792,IE26904792,M00020,YUVARLAK KUTU 210-255 LITOGRAFI 2 PARÇA,2026-01-23 17:57:36,2026-01-23 18:04:12,6.6,Kalıp söküldü,Kalıp Değişimi,0
4003225,904793,IE26904793,M00020,YUVARLAK KUTU 210-255 LITOGRAFI 2 PARÇA,2026-01-24 15:15:54,2026-01-24 16:02:42,46.8,Kalıp söküldü,Personel Yetersizliği,0
4003226,904794,IE26904794,M00020,YUVARLAK KUTU 210-255 LITOGRAFI 2 PARÇA,2026-01-25 13:01:58,2026-01-25 14:02:16,60.3,Operatör müdahalesi,Kalite Duruşu,0
4003227,904795,IE26904795,M00020,YUVARLAK KUTU 210-255 LITOGRAFI 2 PARÇA,2026-01-26 15:47:15,2026-01-26 16:18:21,31.1,Operatör müdahalesi,Kalite Duruşu,0
4003228,904798,IE25904798,M00087,YUVARLAK KUTU 255-205 MAT LAK 3 PARÇA,2025-08-13 21:31:10,2025-08-13 22:13:04,41.9,Bakım çağrıldı,Hidrolik Kaçak,0
4003229,904799,IE26904799,M00001,KAPAK 090-065 HAM TENEKE 2 PARÇA,2026-07-15 10:32:56,2026-07-15 11:01:26,28.5,Operatör müdahalesi,Ayar / Numune Onayı,0
4003230,904802,IE26904802,M00001,KAPAK 090-065 HAM TENEKE 2 PARÇA,2026-07-18 15:47:15,2026-07-18 16:03:39,16.4,Kalıp söküldü,Kalite Duruşu,0
4003231,904804,IE25904804,M00003,YUVARLAK KUTU 120-105 HAM TENEKE 2 PARÇA,2025-09-22 09:22:31,2025-09-22 09:28:13,5.7,Operatör müdahalesi,Ayar / Numune Onayı,0
4003232,904805,IE25904805,M00003,YUVARLAK KUTU 120-105 HAM TENEKE 2 PARÇA,2025-09-23 09:22:56,2025-09-23 09:58:50,35.9,Bakım çağrıldı,Kalıp Değişimi,0
4003233,904806,IE25904806,M00239,KAPAK 090-065 MAT LAK 3 PARÇA,2025-12-25 09:18:29,2025-12-25 09:31:35,13.1,,Elektrik Arızası,0
4003234,904810,IE25904810,M00015,YUVARLAK KUTU Ø092 MAT LAK 2 PARÇA,2025-06-27 17:53:29,2025-06-27 18:10:35,17.1,Operatör müdahalesi,Ayar / Numune Onayı,0
4003235,904811,IE25904811,M00015,YUVARLAK KUTU Ø092 MAT LAK 2 PARÇA,2025-06-28 21:40:26,2025-06-28 22:13:32,33.1,Operatör müdahalesi,Ayar / Numune Onayı,0
4003236,904812,IE25904812,M00015,YUVARLAK KUTU Ø092 MAT LAK 2 PARÇA,2025-06-29 21:37:05,2025-06-29 21:49:41,12.6,Yedek parça bekleniyor,Elektrik Arızası,0
4003237,904813,IE26904813,M00018,SEKIZGEN KUTU 135-145 HAM TENEKE 2 PARÇA,2026-07-18 14:53:07,2026-07-18 15:54:25,61.3,Kalıp söküldü,Planlı Bakım,0
4003238,904814,IE26904814,M00018,SEKIZGEN KUTU 135-145 HAM TENEKE 2 PARÇA,2026-07-19 21:35:57,2026-07-19 22:07:33,31.6,Operatör müdahalesi,Kalıp Değişimi,0
4003239,904815,IE26904815,M00018,SEKIZGEN KUTU 135-145 HAM TENEKE 2 PARÇA,2026-07-20 08:13:36,2026-07-20 09:01:24,47.8,Operatör müdahalesi,Ayar / Numune Onayı,0
4003240,904816,IE26904816,M00018,SEKIZGEN KUTU 135-145 HAM TENEKE 2 PARÇA,2026-07-21 21:16:36,2026-07-21 21:44:30,27.9,Operatör müdahalesi,Vardiya Devri,0
4003241,904819,IE26904819,M00001,KAPAK 090-065 HAM TENEKE 2 PARÇA,2026-04-16 17:49:44,2026-04-16 17:56:50,7.1,,Ayar / Numune Onayı,0
4003242,904820,IE26904820,M00001,KAPAK 090-065 HAM TENEKE 2 PARÇA,2026-04-17 16:38:09,2026-04-17 17:19:09,41,Yedek parça bekleniyor,Kalıp Değişimi,0
4003243,904821,IE25904821,M00060,YUVARLAK KUTU Y120-105 LITOGRAFI 3 PARÇA,2025-08-01 14:51:40,2025-08-01 14:59:34,7.9,Yedek parça bekleniyor,Elektrik Arızası,0
4003244,904822,IE25904822,M00060,YUVARLAK KUTU Y120-105 LITOGRAFI 3 PARÇA,2025-08-02 11:55:31,2025-08-02 12:55:43,60.2,Kalıp söküldü,Elektrik Arızası,0
4003245,904823,IE25904823,M00060,YUVARLAK KUTU Y120-105 LITOGRAFI 3 PARÇA,2025-08-03 21:00:27,2025-08-03 21:43:45,43.3,Yedek parça bekleniyor,Elektrik Arızası,0
4003246,904825,IE26904825,M00047,KAPAK 245-175 LITOGRAFI 3 PARÇA,2026-02-11 21:37:36,2026-02-11 22:06:42,29.1,Kalıp söküldü,Ayar / Numune Onayı,0
4003247,904826,IE26904826,M00047,KAPAK 245-175 LITOGRAFI 3 PARÇA,2026-02-12 13:05:16,2026-02-12 13:32:52,27.6,,Planlı Bakım,0
4003248,904827,IE26904827,M00047,KAPAK 245-175 LITOGRAFI 3 PARÇA,2026-02-13 15:47:12,2026-02-13 15:53:36,6.4,Bakım çağrıldı,Kalıp Değişimi,0
4003249,904828,IE26904828,M00001,KAPAK 090-065 HAM TENEKE 2 PARÇA,2026-06-17 20:04:30,2026-06-17 20:38:48,34.3,Bakım çağrıldı,Kalıp Değişimi,0
4003250,904829,IE26904829,M00001,KAPAK 090-065 HAM TENEKE 2 PARÇA,2026-06-18 17:59:57,2026-06-18 18:25:21,25.4,Bakım çağrıldı,Kalıp Değişimi,0
4003251,904830,IE26904830,M00001,KAPAK 090-065 HAM TENEKE 2 PARÇA,2026-06-19 12:21:32,2026-06-19 13:47:50,86.3,,Kalıp Değişimi,0
4003252,904831,IE25904831,M00053,SEKILLI KUTU 175-205 MAT LAK 3 PARÇA,2025-07-07 15:21:46,2025-07-07 15:28:22,6.6,Kalıp söküldü,Kalıp Değişimi,0
4003253,904834,IE25904834,M00053,SEKILLI KUTU 175-205 MAT LAK 3 PARÇA,2025-07-10 08:17:26,2025-07-10 08:34:20,16.9,Bakım çağrıldı,Kalıp Değişimi,0
4003254,904835,IE26904835,M00002,TEPSI 325-125 MAT LAK 3 PARÇA,2026-05-18 18:22:58,2026-05-18 18:57:46,34.8,,Kalıp Değişimi,0
4003255,904836,IE26904836,M00002,TEPSI 325-125 MAT LAK 3 PARÇA,2026-05-19 21:17:41,2026-05-19 22:18:35,60.9,Kalıp söküldü,Personel Yetersizliği,0
4003256,904837,IE26904837,M00002,TEPSI 325-125 MAT LAK 3 PARÇA,2026-05-20 11:59:51,2026-05-20 13:40:27,100.6,Kalıp söküldü,Malzeme Bekleme,0
4003257,904838,IE25904838,M00038,YUVARLAK KUTU 120-105 VERNIKLI 3 PARÇA,2025-09-16 12:46:06,2025-09-16 13:52:48,66.7,,Kalıp Değişimi,0
4003258,904839,IE25904839,M00038,YUVARLAK KUTU 120-105 VERNIKLI 3 PARÇA,2025-09-17 09:32:01,2025-09-17 09:59:55,27.9,Kalıp söküldü,Kalıp Değişimi,0
4003259,904840,IE25904840,M00038,YUVARLAK KUTU 120-105 VERNIKLI 3 PARÇA,2025-09-18 23:46:09,2025-09-19 00:29:45,43.6,Kalıp söküldü,Mekanik Arıza,0
4003260,904841,IE25904841,M00006,SEKILLI KUTU 175-205 HAM TENEKE 3 PARÇA,2025-12-03 19:35:07,2025-12-03 20:05:49,30.7,,Personel Yetersizliği,0
4003261,904842,IE25904842,M00006,SEKILLI KUTU 175-205 HAM TENEKE 3 PARÇA,2025-12-04 22:25:15,2025-12-04 23:02:15,37,Operatör müdahalesi,Ayar / Numune Onayı,0
4003262,904844,IE25904844,M00006,SEKILLI KUTU 175-205 HAM TENEKE 3 PARÇA,2025-12-06 20:23:43,2025-12-06 20:58:25,34.7,Kalıp söküldü,Kalıp Değişimi,0
4003263,904846,IE26904846,M00156,DIKDORTGEN KUTU 145-095 LITOGRAFI 2 PARÇA,2026-04-02 10:41:19,2026-04-02 11:17:13,35.9,Operatör müdahalesi,Vardiya Devri,0
4003264,904847,IE26904847,M00156,DIKDORTGEN KUTU 145-095 LITOGRAFI 2 PARÇA,2026-04-03 12:08:20,2026-04-03 13:45:08,96.8,Yedek parça bekleniyor,Elektrik Arızası,0
4003265,904848,IE25904848,M00034,SEKIZGEN KUTU Ø050 LITOGRAFI 2 PARÇA,2025-11-09 13:18:17,2025-11-09 14:24:29,66.2,Yedek parça bekleniyor,Sac Sıkışması,0
4003266,904851,IE25904851,M00034,SEKIZGEN KUTU Ø050 LITOGRAFI 2 PARÇA,2025-11-12 10:52:13,2025-11-12 11:16:19,24.1,Kalıp söküldü,Hidrolik Kaçak,0
4003267,904852,IE25904852,M00002,TEPSI 325-125 MAT LAK 3 PARÇA,2025-08-29 17:11:57,2025-08-29 17:19:39,7.7,Yedek parça bekleniyor,Sac Sıkışması,0
4003268,904853,IE25904853,M00002,TEPSI 325-125 MAT LAK 3 PARÇA,2025-08-30 20:19:46,2025-08-30 20:54:22,34.6,Kalıp söküldü,Planlı Bakım,0
4003269,904854,IE25904854,M00002,TEPSI 325-125 MAT LAK 3 PARÇA,2025-08-31 21:59:21,2025-08-31 22:06:57,7.6,Operatör müdahalesi,Kalıp Değişimi,0
4003270,904856,IE25904856,M00143,YUVARLAK KUTU 210-255 HAM TENEKE 3 PARÇA,2025-12-16 15:42:26,2025-12-16 16:10:20,27.9,Operatör müdahalesi,Vardiya Devri,0
4003271,904857,IE25904857,M00143,YUVARLAK KUTU 210-255 HAM TENEKE 3 PARÇA,2025-12-17 09:56:36,2025-12-17 11:21:30,84.9,,Enerji Kesintisi,0
4003272,904858,IE25904858,M00143,YUVARLAK KUTU 210-255 HAM TENEKE 3 PARÇA,2025-12-18 14:28:34,2025-12-18 15:22:10,53.6,Operatör müdahalesi,Kalıp Değişimi,0
4003273,904859,IE25904859,M00105,PLAKA-BARDAK ALTI 205-050 VERNIKLI 3 PARÇA,2025-10-29 18:38:25,2025-10-29 19:54:13,75.8,Yedek parça bekleniyor,Malzeme Bekleme,0
4003274,904862,IE26904862,M00004,YUVARLAK KUTU 210-255 MAT LAK 3 PARÇA,2026-04-01 10:46:17,2026-04-01 10:56:17,10,Yedek parça bekleniyor,Malzeme Bekleme,0
4003275,904865,IE26904865,M00004,YUVARLAK KUTU 210-255 MAT LAK 3 PARÇA,2026-04-04 15:05:29,2026-04-04 15:43:35,38.1,Bakım çağrıldı,Ayar / Numune Onayı,0
4003276,904866,IE25904866,M00022,SEKIZGEN KUTU 135-145 VERNIKLI 2 PARÇA,2025-12-12 17:04:48,2025-12-12 17:11:12,6.4,Kalıp söküldü,Mekanik Arıza,0
4003277,904868,IE25904868,M00022,SEKIZGEN KUTU 135-145 VERNIKLI 2 PARÇA,2025-12-14 20:54:29,2025-12-14 21:42:11,47.7,,Kalıp Değişimi,0
4003278,904869,IE25904869,M00022,SEKIZGEN KUTU 135-145 VERNIKLI 2 PARÇA,2025-12-15 13:10:14,2025-12-15 14:25:02,74.8,Yedek parça bekleniyor,Mekanik Arıza,0
4003279,904870,IE26904870,M00055,YUVARLAK-SIVAMA KUTU Ø068 MAT LAK 3 PARÇA,2026-07-22 10:06:27,2026-07-22 11:26:39,80.2,,Kalıp Değişimi,0
4003280,904871,IE26904871,M00055,YUVARLAK-SIVAMA KUTU Ø068 MAT LAK 3 PARÇA,2026-07-23 10:29:41,2026-07-23 11:14:53,45.2,Operatör müdahalesi,Kalıp Değişimi,0
4003281,904872,IE26904872,M00055,YUVARLAK-SIVAMA KUTU Ø068 MAT LAK 3 PARÇA,2026-07-24 13:33:45,2026-07-24 13:51:57,18.2,Kalıp söküldü,Elektrik Arızası,0
4003282,904873,IE26904873,M00009,YUVARLAK KUTU 245-175 VERNIKLI 3 PARÇA,2026-05-10 12:30:11,2026-05-10 13:23:17,53.1,Operatör müdahalesi,Personel Yetersizliği,0
4003283,904880,IE26904880,M00001,KAPAK 090-065 HAM TENEKE 2 PARÇA,2026-06-20 23:28:37,2026-06-20 23:48:31,19.9,Kalıp söküldü,Kalıp Değişimi,0
4003284,904881,IE26904881,M00001,KAPAK 090-065 HAM TENEKE 2 PARÇA,2026-06-21 13:25:49,2026-06-21 13:55:25,29.6,,Planlı Bakım,0
4003285,904882,IE26904882,M00001,KAPAK 090-065 HAM TENEKE 2 PARÇA,2026-06-22 17:11:52,2026-06-22 17:21:22,9.5,Kalıp söküldü,Malzeme Bekleme,0
4003286,904883,IE26904883,M00013,KOSELI SIVAMA KUTU 210-080 LITOGRAFI 3 PARÇA,2026-06-21 12:24:06,2026-06-21 13:03:06,39,Yedek parça bekleniyor,Kalıp Değişimi,0
4003287,904884,IE26904884,M00013,KOSELI SIVAMA KUTU 210-080 LITOGRAFI 3 PARÇA,2026-06-22 14:44:53,2026-06-22 15:30:59,46.1,,Kalite Duruşu,0
4003288,904885,IE26904885,M00013,KOSELI SIVAMA KUTU 210-080 LITOGRAFI 3 PARÇA,2026-06-23 10:09:42,2026-06-23 10:45:12,35.5,Kalıp söküldü,Malzeme Bekleme,0
4003289,904886,IE26904886,M00013,KOSELI SIVAMA KUTU 210-080 LITOGRAFI 3 PARÇA,2026-06-24 09:32:22,2026-06-24 10:49:46,77.4,,Vardiya Devri,0
4003290,904887,IE25904887,M00016,YUVARLAK-SIVAMA KUTU Ø068 HAM TENEKE 2 PARÇA,2025-11-09 21:41:39,2025-11-09 22:07:39,26,Bakım çağrıldı,Ayar / Numune Onayı,0
4003291,904888,IE25904888,M00016,YUVARLAK-SIVAMA KUTU Ø068 HAM TENEKE 2 PARÇA,2025-11-10 15:39:05,2025-11-10 17:05:17,86.2,Operatör müdahalesi,Kalıp Değişimi,0
4003292,904889,IE25904889,M00016,YUVARLAK-SIVAMA KUTU Ø068 HAM TENEKE 2 PARÇA,2025-11-11 12:52:10,2025-11-11 14:28:40,96.5,,Malzeme Bekleme,0
4003293,904890,IE26904890,M00264,YUVARLAK KUTU Ø050 HAM TENEKE 2 PARÇA,2026-06-04 08:26:30,2026-06-04 09:27:36,61.1,Yedek parça bekleniyor,Ayar / Numune Onayı,0
4003294,904891,IE26904891,M00264,YUVARLAK KUTU Ø050 HAM TENEKE 2 PARÇA,2026-06-05 10:22:17,2026-06-05 11:00:35,38.3,,Mekanik Arıza,0
4003295,904893,IE26904893,M00264,YUVARLAK KUTU Ø050 HAM TENEKE 2 PARÇA,2026-06-07 19:56:34,2026-06-07 21:15:16,78.7,Operatör müdahalesi,Mekanik Arıza,0
4003296,904895,IE26904895,M00031,YUVARLAK KUTU 145-095 MAT LAK 2 PARÇA,2026-05-26 21:15:41,2026-05-26 22:23:17,67.6,,Elektrik Arızası,0
4003297,904898,IE26904898,M00003,YUVARLAK KUTU 120-105 HAM TENEKE 2 PARÇA,2026-05-12 11:30:08,2026-05-12 11:35:50,5.7,Yedek parça bekleniyor,Hidrolik Kaçak,0
4003298,904899,IE26904899,M00003,YUVARLAK KUTU 120-105 HAM TENEKE 2 PARÇA,2026-05-13 10:16:42,2026-05-13 11:41:00,84.3,Bakım çağrıldı,Kalite Duruşu,0
4003299,904902,IE25904902,M00196,KOSELI SIVAMA KUTU 210-080 LITOGRAFI 2 PARÇA,2025-12-06 18:02:02,2025-12-06 18:33:50,31.8,Operatör müdahalesi,Personel Yetersizliği,0
4003300,904903,IE25904903,M00196,KOSELI SIVAMA KUTU 210-080 LITOGRAFI 2 PARÇA,2025-12-07 07:19:30,2025-12-07 08:46:00,86.5,Operatör müdahalesi,Kalıp Değişimi,0
4003301,904904,IE25904904,M00196,KOSELI SIVAMA KUTU 210-080 LITOGRAFI 2 PARÇA,2025-12-08 10:52:12,2025-12-08 11:07:36,15.4,Yedek parça bekleniyor,Personel Yetersizliği,0
4003302,904905,IE26904905,M00005,DIKDORTGEN KUTU 145-095 MAT LAK 2 PARÇA,2026-04-25 12:04:37,2026-04-25 12:10:01,5.4,Yedek parça bekleniyor,Planlı Bakım,0
4003303,904906,IE26904906,M00005,DIKDORTGEN KUTU 145-095 MAT LAK 2 PARÇA,2026-04-26 20:01:16,2026-04-26 20:54:46,53.5,Kalıp söküldü,Ayar / Numune Onayı,0
4003304,904907,IE26904907,M00005,DIKDORTGEN KUTU 145-095 MAT LAK 2 PARÇA,2026-04-27 12:23:22,2026-04-27 12:32:58,9.6,Bakım çağrıldı,Kalıp Değişimi,0
4003305,904908,IE26904908,M00005,DIKDORTGEN KUTU 145-095 MAT LAK 2 PARÇA,2026-04-28 11:19:32,2026-04-28 12:46:38,87.1,Operatör müdahalesi,Mekanik Arıza,0
4003306,904909,IE26904909,M00067,DIKDORTGEN KUTU 185-115 HAM TENEKE 3 PARÇA,2026-05-26 14:59:19,2026-05-26 16:36:43,97.4,Kalıp söküldü,Vardiya Devri,0
4003307,904911,IE26904911,M00067,DIKDORTGEN KUTU 185-115 HAM TENEKE 3 PARÇA,2026-05-28 13:28:42,2026-05-28 13:41:42,13,,Kalıp Değişimi,0
4003308,904913,IE26904913,M00001,KAPAK 090-065 HAM TENEKE 2 PARÇA,2026-03-03 14:26:08,2026-03-03 15:28:56,62.8,,Hidrolik Kaçak,0
4003309,904914,IE26904914,M00001,KAPAK 090-065 HAM TENEKE 2 PARÇA,2026-03-04 20:34:36,2026-03-04 21:13:36,39,Kalıp söküldü,Kalıp Değişimi,0
4003310,904915,IE26904915,M00003,YUVARLAK KUTU 120-105 HAM TENEKE 2 PARÇA,2026-04-09 11:01:16,2026-04-09 11:45:22,44.1,Kalıp söküldü,Malzeme Bekleme,0
4003311,904916,IE26904916,M00003,YUVARLAK KUTU 120-105 HAM TENEKE 2 PARÇA,2026-04-10 20:03:29,2026-04-10 20:31:11,27.7,Operatör müdahalesi,Ayar / Numune Onayı,0
4003312,904917,IE26904917,M00003,YUVARLAK KUTU 120-105 HAM TENEKE 2 PARÇA,2026-04-11 11:18:19,2026-04-11 11:46:55,28.6,,Ayar / Numune Onayı,0
4003313,904918,IE25904918,M00160,DIKDORTGEN KUTU 185-115 MAT LAK 3 PARÇA,2025-07-04 19:48:26,2025-07-04 20:23:56,35.5,Kalıp söküldü,Kalıp Değişimi,0
4003314,904919,IE25904919,M00160,DIKDORTGEN KUTU 185-115 MAT LAK 3 PARÇA,2025-07-05 12:04:40,2025-07-05 12:50:22,45.7,Kalıp söküldü,Mekanik Arıza,0
4003315,904922,IE25904922,M00292,YUVARLAK KUTU 158-175 MAT LAK 3 PARÇA,2025-12-03 19:29:27,2025-12-03 21:45:45,136.3,Kalıp söküldü,Kalıp Değişimi,0
4003316,904924,IE25904924,M00277,YUVARLAK KUTU Y120-105 MAT LAK 2 PARÇA,2025-07-24 19:50:59,2025-07-24 21:25:11,94.2,Operatör müdahalesi,Malzeme Bekleme,0
4003317,904925,IE25904925,M00277,YUVARLAK KUTU Y120-105 MAT LAK 2 PARÇA,2025-07-25 16:28:53,2025-07-25 17:28:11,59.3,Yedek parça bekleniyor,Enerji Kesintisi,0
4003318,904926,IE25904926,M00277,YUVARLAK KUTU Y120-105 MAT LAK 2 PARÇA,2025-07-26 09:29:52,2025-07-26 09:54:22,24.5,Bakım çağrıldı,Mekanik Arıza,0
4003319,904927,IE26904927,M00001,KAPAK 090-065 HAM TENEKE 2 PARÇA,2026-04-25 13:04:45,2026-04-25 14:15:45,71,Kalıp söküldü,Malzeme Bekleme,0
4003320,904928,IE26904928,M00001,KAPAK 090-065 HAM TENEKE 2 PARÇA,2026-04-26 15:59:51,2026-04-26 17:09:09,69.3,Yedek parça bekleniyor,Vardiya Devri,0
4003321,904929,IE26904929,M00001,KAPAK 090-065 HAM TENEKE 2 PARÇA,2026-04-27 20:14:00,2026-04-27 20:43:48,29.8,Kalıp söküldü,Kalıp Değişimi,0
4003322,904934,IE26904934,M00002,TEPSI 325-125 MAT LAK 3 PARÇA,2026-06-22 15:35:51,2026-06-22 17:12:03,96.2,Operatör müdahalesi,Elektrik Arızası,0
4003323,904935,IE26904935,M00002,TEPSI 325-125 MAT LAK 3 PARÇA,2026-06-23 20:57:25,2026-06-23 21:24:55,27.5,Yedek parça bekleniyor,Vardiya Devri,0
4003324,904937,IE25904937,M00007,DIKDORTGEN KUTU 185-115 MAT LAK 2 PARÇA,2025-11-19 20:52:53,2025-11-19 21:06:05,13.2,Kalıp söküldü,Ayar / Numune Onayı,0
4003325,904938,IE25904938,M00007,DIKDORTGEN KUTU 185-115 MAT LAK 2 PARÇA,2025-11-20 16:40:56,2025-11-20 17:42:08,61.2,Operatör müdahalesi,Elektrik Arızası,0
4003326,904939,IE25904939,M00007,DIKDORTGEN KUTU 185-115 MAT LAK 2 PARÇA,2025-11-21 13:21:23,2025-11-21 14:17:41,56.3,Bakım çağrıldı,Ayar / Numune Onayı,0
4003327,904940,IE25904940,M00007,DIKDORTGEN KUTU 185-115 MAT LAK 2 PARÇA,2025-11-22 15:26:06,2025-11-22 16:00:18,34.2,Kalıp söküldü,Hidrolik Kaçak,0
4003328,904941,IE26904941,M00008,YUVARLAK KUTU 210-255 HAM TENEKE 3 PARÇA,2026-05-27 15:33:21,2026-05-27 16:36:33,63.2,Kalıp söküldü,Planlı Bakım,0
4003329,904942,IE26904942,M00008,YUVARLAK KUTU 210-255 HAM TENEKE 3 PARÇA,2026-05-28 21:29:00,2026-05-28 22:22:42,53.7,Bakım çağrıldı,Malzeme Bekleme,0
4003330,904945,IE25904945,M00002,TEPSI 325-125 MAT LAK 3 PARÇA,2025-12-22 22:03:46,2025-12-22 22:31:52,28.1,Kalıp söküldü,Vardiya Devri,0
4003331,904946,IE25904946,M00002,TEPSI 325-125 MAT LAK 3 PARÇA,2025-12-23 17:07:46,2025-12-23 17:36:22,28.6,Operatör müdahalesi,Kalıp Değişimi,0
4003332,904947,IE25904947,M00002,TEPSI 325-125 MAT LAK 3 PARÇA,2025-12-24 18:44:29,2025-12-24 19:43:29,59,Yedek parça bekleniyor,Kalıp Değişimi,0
4003333,904948,IE25904948,M00002,TEPSI 325-125 MAT LAK 3 PARÇA,2025-12-25 11:22:43,2025-12-25 12:51:19,88.6,Bakım çağrıldı,Kalıp Değişimi,0
4003334,904949,IE26904949,M00001,KAPAK 090-065 HAM TENEKE 2 PARÇA,2026-07-24 18:06:12,2026-07-24 18:45:42,39.5,,Enerji Kesintisi,0
4003335,904950,IE26904950,M00001,KAPAK 090-065 HAM TENEKE 2 PARÇA,2026-07-25 17:50:35,2026-07-25 18:06:53,16.3,Kalıp söküldü,Elektrik Arızası,0
4003336,904951,IE26904951,M00001,KAPAK 090-065 HAM TENEKE 2 PARÇA,2026-07-26 20:31:23,2026-07-26 21:00:23,29,Yedek parça bekleniyor,Elektrik Arızası,0
4003337,904952,IE26904952,M00001,KAPAK 090-065 HAM TENEKE 2 PARÇA,2026-04-15 15:43:03,2026-04-15 16:45:27,62.4,Kalıp söküldü,Elektrik Arızası,0
4003338,904954,IE26904954,M00001,KAPAK 090-065 HAM TENEKE 2 PARÇA,2026-04-17 20:20:58,2026-04-17 21:16:28,55.5,Yedek parça bekleniyor,Mekanik Arıza,0
4003339,904955,IE26904955,M00001,KAPAK 090-065 HAM TENEKE 2 PARÇA,2026-04-18 09:31:21,2026-04-18 10:36:33,65.2,Bakım çağrıldı,Sac Sıkışması,0
4003340,904957,IE25904957,M00001,KAPAK 090-065 HAM TENEKE 2 PARÇA,2025-10-14 17:41:57,2025-10-14 18:08:39,26.7,Kalıp söküldü,Mekanik Arıza,0
4003341,904958,IE25904958,M00001,KAPAK 090-065 HAM TENEKE 2 PARÇA,2025-10-15 16:36:14,2025-10-15 17:38:44,62.5,Operatör müdahalesi,Kalıp Değişimi,0
4003342,904960,IE25904960,M00002,TEPSI 325-125 MAT LAK 3 PARÇA,2025-11-20 22:11:44,2025-11-20 22:48:32,36.8,Operatör müdahalesi,Mekanik Arıza,0
4003343,904961,IE25904961,M00002,TEPSI 325-125 MAT LAK 3 PARÇA,2025-11-21 17:48:30,2025-11-21 18:42:48,54.3,Operatör müdahalesi,Vardiya Devri,0
4003344,904962,IE25904962,M00002,TEPSI 325-125 MAT LAK 3 PARÇA,2025-11-22 12:57:58,2025-11-22 14:13:40,75.7,,Planlı Bakım,0
4003345,904963,IE26904963,M00248,KAPAK 090-065 VERNIKLI 2 PARÇA,2026-06-13 12:35:36,2026-06-13 13:20:36,45,Operatör müdahalesi,Sac Sıkışması,0
4003346,904965,IE26904965,M00248,KAPAK 090-065 VERNIKLI 2 PARÇA,2026-06-15 15:23:57,2026-06-15 15:38:45,14.8,Yedek parça bekleniyor,Ayar / Numune Onayı,0
4003347,904966,IE26904966,M00248,KAPAK 090-065 VERNIKLI 2 PARÇA,2026-06-16 11:10:48,2026-06-16 11:50:48,40,,Mekanik Arıza,0
4003348,904967,IE25904967,M00007,DIKDORTGEN KUTU 185-115 MAT LAK 2 PARÇA,2025-09-30 20:24:51,2025-09-30 21:03:39,38.8,Operatör müdahalesi,Malzeme Bekleme,0
4003349,904968,IE25904968,M00007,DIKDORTGEN KUTU 185-115 MAT LAK 2 PARÇA,2025-10-01 14:18:53,2025-10-01 14:26:05,7.2,,Ayar / Numune Onayı,0
4003350,904969,IE25904969,M00007,DIKDORTGEN KUTU 185-115 MAT LAK 2 PARÇA,2025-10-02 18:57:46,2025-10-02 19:16:10,18.4,Operatör müdahalesi,Planlı Bakım,0
4003351,904971,IE25904971,M00016,YUVARLAK-SIVAMA KUTU Ø068 HAM TENEKE 2 PARÇA,2025-08-28 18:59:01,2025-08-28 20:32:43,93.7,Operatör müdahalesi,Kalite Duruşu,0
4003352,904972,IE25904972,M00016,YUVARLAK-SIVAMA KUTU Ø068 HAM TENEKE 2 PARÇA,2025-08-29 11:23:49,2025-08-29 11:51:13,27.4,,Ayar / Numune Onayı,0
4003353,904973,IE25904973,M00016,YUVARLAK-SIVAMA KUTU Ø068 HAM TENEKE 2 PARÇA,2025-08-30 07:21:50,2025-08-30 08:30:02,68.2,Yedek parça bekleniyor,Vardiya Devri,0
4003354,904974,IE25904974,M00016,YUVARLAK-SIVAMA KUTU Ø068 HAM TENEKE 2 PARÇA,2025-08-31 09:32:47,2025-08-31 09:38:35,5.8,,Kalıp Değişimi,0
4003355,904979,IE25904979,M00018,SEKIZGEN KUTU 135-145 HAM TENEKE 2 PARÇA,2025-07-07 18:58:16,2025-07-07 20:31:28,93.2,Yedek parça bekleniyor,Kalıp Değişimi,0
4003356,904980,IE25904980,M00018,SEKIZGEN KUTU 135-145 HAM TENEKE 2 PARÇA,2025-07-08 06:53:04,2025-07-08 07:33:40,40.6,Bakım çağrıldı,Kalıp Değişimi,0
4003357,904981,IE25904981,M00018,SEKIZGEN KUTU 135-145 HAM TENEKE 2 PARÇA,2025-07-09 10:26:30,2025-07-09 10:46:12,19.7,Yedek parça bekleniyor,Kalıp Değişimi,0
4003358,904982,IE25904982,M00032,TEPSI Ø068 VERNIKLI 3 PARÇA,2025-07-08 17:07:15,2025-07-08 18:02:51,55.6,Kalıp söküldü,Elektrik Arızası,0
4003359,904985,IE25904985,M00032,TEPSI Ø068 VERNIKLI 3 PARÇA,2025-07-11 16:22:20,2025-07-11 17:33:50,71.5,Operatör müdahalesi,Kalıp Değişimi,0
4003360,904987,IE26904987,M00328,KOSELI SIVAMA KUTU 210-080 LITOGRAFI 3 PARÇA,2026-04-09 17:08:12,2026-04-09 18:32:42,84.5,Operatör müdahalesi,Kalıp Değişimi,0
4003361,904988,IE26904988,M00328,KOSELI SIVAMA KUTU 210-080 LITOGRAFI 3 PARÇA,2026-04-10 16:46:18,2026-04-10 17:07:18,21,Operatör müdahalesi,Kalıp Değişimi,0
4003362,904989,IE26904989,M00008,YUVARLAK KUTU 210-255 HAM TENEKE 3 PARÇA,2026-06-30 09:18:37,2026-06-30 10:30:55,72.3,Kalıp söküldü,Sac Sıkışması,0
4003363,904991,IE26904991,M00008,YUVARLAK KUTU 210-255 HAM TENEKE 3 PARÇA,2026-07-02 16:13:40,2026-07-02 17:29:04,75.4,,Personel Yetersizliği,0
4003364,904992,IE26904992,M00021,KAPAK 090-065 MAT LAK 3 PARÇA,2026-02-21 20:21:33,2026-02-21 20:47:45,26.2,Operatör müdahalesi,Ayar / Numune Onayı,0
4003365,904993,IE26904993,M00021,KAPAK 090-065 MAT LAK 3 PARÇA,2026-02-22 17:00:06,2026-02-22 17:30:48,30.7,Bakım çağrıldı,Ayar / Numune Onayı,0
4003366,904994,IE26904994,M00021,KAPAK 090-065 MAT LAK 3 PARÇA,2026-02-23 11:16:00,2026-02-23 12:46:42,90.7,Bakım çağrıldı,Kalıp Değişimi,0
4003367,904996,IE25904996,M00024,TEPSI 325-125 MAT LAK 3 PARÇA,2025-10-26 13:28:36,2025-10-26 14:41:12,72.6,,Mekanik Arıza,0
4003368,904998,IE25904998,M00024,TEPSI 325-125 MAT LAK 3 PARÇA,2025-10-28 09:24:26,2025-10-28 10:02:02,37.6,Yedek parça bekleniyor,Vardiya Devri,0
4003369,904999,IE26904999,M00027,KALP KUTU 160-090 LITOGRAFI 3 PARÇA,2026-03-10 11:34:37,2026-03-10 12:49:31,74.9,,Elektrik Arızası,0
4003370,905000,IE26905000,M00027,KALP KUTU 160-090 LITOGRAFI 3 PARÇA,2026-03-11 21:51:08,2026-03-11 22:06:32,15.4,,Enerji Kesintisi,0
4003371,905001,IE26905001,M00027,KALP KUTU 160-090 LITOGRAFI 3 PARÇA,2026-03-12 15:16:16,2026-03-12 15:47:28,31.2,Operatör müdahalesi,Mekanik Arıza,0
4003372,905002,IE26905002,M00027,KALP KUTU 160-090 LITOGRAFI 3 PARÇA,2026-03-13 18:57:57,2026-03-13 19:04:51,6.9,Kalıp söküldü,Kalıp Değişimi,0
4003373,905003,IE25905003,M00224,TEPSI 325-125 VERNIKLI 3 PARÇA,2025-11-21 20:06:58,2025-11-21 20:27:16,20.3,Operatör müdahalesi,Ayar / Numune Onayı,0
4003374,905005,IE25905005,M00224,TEPSI 325-125 VERNIKLI 3 PARÇA,2025-11-23 12:24:37,2025-11-23 13:21:31,56.9,Operatör müdahalesi,Planlı Bakım,0
4003375,905006,IE25905006,M00224,TEPSI 325-125 VERNIKLI 3 PARÇA,2025-11-24 08:47:10,2025-11-24 09:18:10,31,Yedek parça bekleniyor,Kalıp Değişimi,0
4003376,905007,IE25905007,M00004,YUVARLAK KUTU 210-255 MAT LAK 3 PARÇA,2025-10-05 08:55:36,2025-10-05 09:55:06,59.5,Bakım çağrıldı,Mekanik Arıza,0
4003377,905009,IE25905009,M00004,YUVARLAK KUTU 210-255 MAT LAK 3 PARÇA,2025-10-07 14:04:56,2025-10-07 14:57:08,52.2,Kalıp söküldü,Ayar / Numune Onayı,0
4003378,905012,IE26905012,M00012,YUVARLAK KUTU 205-050 LITOGRAFI 2 PARÇA,2026-04-20 19:18:36,2026-04-20 20:22:30,63.9,Kalıp söküldü,Kalite Duruşu,0
4003379,905013,IE26905013,M00012,YUVARLAK KUTU 205-050 LITOGRAFI 2 PARÇA,2026-04-21 08:03:46,2026-04-21 08:52:28,48.7,Operatör müdahalesi,Planlı Bakım,0
4003380,905015,IE25905015,M00002,TEPSI 325-125 MAT LAK 3 PARÇA,2025-09-17 15:29:56,2025-09-17 15:43:32,13.6,,Kalıp Değişimi,0
4003381,905017,IE25905017,M00002,TEPSI 325-125 MAT LAK 3 PARÇA,2025-09-19 08:59:17,2025-09-19 09:25:47,26.5,Bakım çağrıldı,Mekanik Arıza,0
4003382,905019,IE25905019,M00122,SEKIZGEN KUTU 135-145 HAM TENEKE 2 PARÇA,2025-07-07 11:31:07,2025-07-07 11:50:43,19.6,Kalıp söküldü,Kalıp Değişimi,0
4003383,905020,IE25905020,M00122,SEKIZGEN KUTU 135-145 HAM TENEKE 2 PARÇA,2025-07-08 07:23:11,2025-07-08 07:46:59,23.8,,Mekanik Arıza,0
4003384,905022,IE25905022,M00049,YUVARLAK-SIVAMA KUTU 295-165 HAM TENEKE 2 PARÇA,2025-11-22 09:37:59,2025-11-22 11:28:53,110.9,Yedek parça bekleniyor,Planlı Bakım,0
4003385,905023,IE25905023,M00049,YUVARLAK-SIVAMA KUTU 295-165 HAM TENEKE 2 PARÇA,2025-11-23 09:34:32,2025-11-23 09:56:02,21.5,Kalıp söküldü,Malzeme Bekleme,0
4003386,905024,IE26905024,M00132,TEPSI 325-125 LITOGRAFI 2 PARÇA,2026-07-27 13:35:20,2026-07-27 13:47:32,12.2,Bakım çağrıldı,Mekanik Arıza,0
4003387,905026,IE26905026,M00132,TEPSI 325-125 LITOGRAFI 2 PARÇA,2026-07-29 17:29:36,2026-07-29 18:25:30,55.9,Yedek parça bekleniyor,Kalıp Değişimi,0
4003388,905028,IE26905028,M00053,SEKILLI KUTU 175-205 MAT LAK 3 PARÇA,2026-05-26 13:16:58,2026-05-26 13:34:16,17.3,Operatör müdahalesi,Planlı Bakım,0
4003389,905030,IE26905030,M00008,YUVARLAK KUTU 210-255 HAM TENEKE 3 PARÇA,2026-07-01 09:27:21,2026-07-01 09:42:27,15.1,,Personel Yetersizliği,0
4003390,905031,IE26905031,M00008,YUVARLAK KUTU 210-255 HAM TENEKE 3 PARÇA,2026-07-02 21:51:55,2026-07-02 22:39:43,47.8,Bakım çağrıldı,Sac Sıkışması,0
4003391,905032,IE26905032,M00008,YUVARLAK KUTU 210-255 HAM TENEKE 3 PARÇA,2026-07-03 12:10:54,2026-07-03 12:30:30,19.6,Yedek parça bekleniyor,Kalıp Değişimi,0
4003392,905035,IE25905035,M00004,YUVARLAK KUTU 210-255 MAT LAK 3 PARÇA,2025-07-16 08:42:06,2025-07-16 09:36:30,54.4,Bakım çağrıldı,Hidrolik Kaçak,0
4003393,905036,IE25905036,M00004,YUVARLAK KUTU 210-255 MAT LAK 3 PARÇA,2025-07-17 08:49:45,2025-07-17 09:31:03,41.3,Bakım çağrıldı,Ayar / Numune Onayı,0
4003394,905037,IE25905037,M00004,YUVARLAK KUTU 210-255 MAT LAK 3 PARÇA,2025-07-18 06:45:14,2025-07-18 07:11:32,26.3,,Sac Sıkışması,0
4003395,905039,IE26905039,M00001,KAPAK 090-065 HAM TENEKE 2 PARÇA,2026-06-25 20:13:58,2026-06-25 20:23:58,10,Yedek parça bekleniyor,Elektrik Arızası,0
4003396,905040,IE26905040,M00001,KAPAK 090-065 HAM TENEKE 2 PARÇA,2026-06-26 12:45:24,2026-06-26 13:12:12,26.8,,Ayar / Numune Onayı,0
4003397,905041,IE25905041,M00002,TEPSI 325-125 MAT LAK 3 PARÇA,2025-07-08 17:38:32,2025-07-08 18:08:38,30.1,Yedek parça bekleniyor,Vardiya Devri,0
4003398,905042,IE25905042,M00002,TEPSI 325-125 MAT LAK 3 PARÇA,2025-07-09 20:45:57,2025-07-09 21:41:03,55.1,,Vardiya Devri,0
4003399,905043,IE25905043,M00002,TEPSI 325-125 MAT LAK 3 PARÇA,2025-07-10 20:27:00,2025-07-10 20:32:24,5.4,Bakım çağrıldı,Elektrik Arızası,0
4003400,905045,IE26905045,M00002,TEPSI 325-125 MAT LAK 3 PARÇA,2026-04-06 17:18:09,2026-04-06 18:13:45,55.6,,Vardiya Devri,0
4003401,905048,IE26905048,M00011,YUVARLAK KUTU 120-105 HAM TENEKE 3 PARÇA,2026-07-16 20:20:52,2026-07-16 20:50:46,29.9,,Kalıp Değişimi,0
4003402,905049,IE26905049,M00011,YUVARLAK KUTU 120-105 HAM TENEKE 3 PARÇA,2026-07-17 21:03:46,2026-07-17 21:17:28,13.7,Kalıp söküldü,Hidrolik Kaçak,0
4003403,905056,IE25905056,M00005,DIKDORTGEN KUTU 145-095 MAT LAK 2 PARÇA,2025-10-22 11:09:33,2025-10-22 11:59:03,49.5,Bakım çağrıldı,Kalıp Değişimi,0
4003404,905057,IE25905057,M00005,DIKDORTGEN KUTU 145-095 MAT LAK 2 PARÇA,2025-10-23 18:23:34,2025-10-23 19:35:28,71.9,Operatör müdahalesi,Planlı Bakım,0
4003405,905058,IE25905058,M00005,DIKDORTGEN KUTU 145-095 MAT LAK 2 PARÇA,2025-10-24 10:24:06,2025-10-24 10:40:00,15.9,Yedek parça bekleniyor,Personel Yetersizliği,0
4003406,905059,IE25905059,M00002,TEPSI 325-125 MAT LAK 3 PARÇA,2025-12-13 14:20:48,2025-12-13 14:36:48,16,Bakım çağrıldı,Kalite Duruşu,0
4003407,905060,IE25905060,M00002,TEPSI 325-125 MAT LAK 3 PARÇA,2025-12-14 18:48:06,2025-12-14 20:04:00,75.9,Bakım çağrıldı,Malzeme Bekleme,0
4003408,905062,IE26905062,M00003,YUVARLAK KUTU 120-105 HAM TENEKE 2 PARÇA,2026-02-14 14:45:52,2026-02-14 15:41:22,55.5,Kalıp söküldü,Ayar / Numune Onayı,0
4003409,905063,IE26905063,M00003,YUVARLAK KUTU 120-105 HAM TENEKE 2 PARÇA,2026-02-15 13:11:38,2026-02-15 13:48:20,36.7,Bakım çağrıldı,Mekanik Arıza,0
4003410,905064,IE26905064,M00003,YUVARLAK KUTU 120-105 HAM TENEKE 2 PARÇA,2026-02-16 20:23:52,2026-02-16 20:45:40,21.8,Operatör müdahalesi,Mekanik Arıza,0
4003411,905067,IE25905067,M00010,YUVARLAK KUTU 255-205 MAT LAK 3 PARÇA,2025-10-22 18:27:39,2025-10-22 18:39:51,12.2,Operatör müdahalesi,Malzeme Bekleme,0
4003412,905069,IE26905069,M00135,YUVARLAK KUTU 120-105 VERNIKLI 2 PARÇA,2026-06-18 21:32:45,2026-06-18 22:13:57,41.2,Kalıp söküldü,Kalıp Değişimi,0
4003413,905070,IE26905070,M00135,YUVARLAK KUTU 120-105 VERNIKLI 2 PARÇA,2026-06-19 17:44:44,2026-06-19 18:08:08,23.4,Yedek parça bekleniyor,Ayar / Numune Onayı,0
4003414,905071,IE26905071,M00135,YUVARLAK KUTU 120-105 VERNIKLI 2 PARÇA,2026-06-20 11:42:50,2026-06-20 13:03:20,80.5,Yedek parça bekleniyor,Kalıp Değişimi,0
4003415,905075,IE25905075,M00003,YUVARLAK KUTU 120-105 HAM TENEKE 2 PARÇA,2025-12-15 14:00:38,2025-12-15 14:56:08,55.5,,Kalıp Değişimi,0
4003416,905077,IE25905077,M00013,KOSELI SIVAMA KUTU 210-080 LITOGRAFI 3 PARÇA,2025-09-19 14:25:36,2025-09-19 14:38:18,12.7,,Kalıp Değişimi,0
4003417,905078,IE25905078,M00013,KOSELI SIVAMA KUTU 210-080 LITOGRAFI 3 PARÇA,2025-09-20 20:26:49,2025-09-20 21:21:07,54.3,Yedek parça bekleniyor,Kalıp Değişimi,0
4003418,905081,IE25905081,M00011,YUVARLAK KUTU 120-105 HAM TENEKE 3 PARÇA,2025-12-18 10:30:29,2025-12-18 11:34:29,64,Bakım çağrıldı,Elektrik Arızası,0
4003419,905082,IE25905082,M00019,OVAL KUTU 295-165 VERNIKLI 2 PARÇA,2025-06-30 20:16:07,2025-06-30 20:40:25,24.3,,Kalıp Değişimi,0
4003420,905083,IE25905083,M00019,OVAL KUTU 295-165 VERNIKLI 2 PARÇA,2025-07-01 13:10:51,2025-07-01 13:56:15,45.4,Operatör müdahalesi,Mekanik Arıza,0
4003421,905084,IE25905084,M00019,OVAL KUTU 295-165 VERNIKLI 2 PARÇA,2025-07-03 01:21:21,2025-07-03 02:10:21,49,,Kalıp Değişimi,0
4003422,905085,IE25905085,M00002,TEPSI 325-125 MAT LAK 3 PARÇA,2025-11-05 12:14:02,2025-11-05 13:24:44,70.7,Bakım çağrıldı,Planlı Bakım,0
4003423,905086,IE25905086,M00002,TEPSI 325-125 MAT LAK 3 PARÇA,2025-11-06 10:20:18,2025-11-06 10:54:42,34.4,Operatör müdahalesi,Kalıp Değişimi,0
4003424,905087,IE25905087,M00002,TEPSI 325-125 MAT LAK 3 PARÇA,2025-11-07 17:29:05,2025-11-07 18:11:53,42.8,Kalıp söküldü,Hidrolik Kaçak,0
4003425,905088,IE25905088,M00001,KAPAK 090-065 HAM TENEKE 2 PARÇA,2025-07-17 11:15:31,2025-07-17 11:41:01,25.5,Kalıp söküldü,Kalıp Değişimi,0
4003426,905089,IE25905089,M00001,KAPAK 090-065 HAM TENEKE 2 PARÇA,2025-07-18 19:05:35,2025-07-18 20:19:11,73.6,Bakım çağrıldı,Vardiya Devri,0
4003427,905090,IE25905090,M00001,KAPAK 090-065 HAM TENEKE 2 PARÇA,2025-07-19 12:34:58,2025-07-19 12:53:34,18.6,,Kalıp Değişimi,0
4003428,905095,IE26905095,M00002,TEPSI 325-125 MAT LAK 3 PARÇA,2026-04-16 13:07:20,2026-04-16 13:14:02,6.7,Yedek parça bekleniyor,Mekanik Arıza,0
4003429,905096,IE26905096,M00002,TEPSI 325-125 MAT LAK 3 PARÇA,2026-04-17 18:50:07,2026-04-17 19:58:01,67.9,Bakım çağrıldı,Kalıp Değişimi,0
4003430,905097,IE26905097,M00002,TEPSI 325-125 MAT LAK 3 PARÇA,2026-04-18 09:41:19,2026-04-18 10:01:31,20.2,Operatör müdahalesi,Ayar / Numune Onayı,0
4003431,905098,IE26905098,M00013,KOSELI SIVAMA KUTU 210-080 LITOGRAFI 3 PARÇA,2026-06-17 08:49:51,2026-06-17 09:26:21,36.5,Yedek parça bekleniyor,Mekanik Arıza,0
4003432,905100,IE26905100,M00013,KOSELI SIVAMA KUTU 210-080 LITOGRAFI 3 PARÇA,2026-06-19 11:16:40,2026-06-19 12:01:28,44.8,Bakım çağrıldı,Personel Yetersizliği,0
4003433,905101,IE25905101,M00002,TEPSI 325-125 MAT LAK 3 PARÇA,2025-12-18 17:39:37,2025-12-18 18:22:43,43.1,Operatör müdahalesi,Sac Sıkışması,0
4003434,905102,IE25905102,M00002,TEPSI 325-125 MAT LAK 3 PARÇA,2025-12-19 17:18:00,2025-12-19 18:19:12,61.2,Operatör müdahalesi,Malzeme Bekleme,0
4003435,905104,IE25905104,M00002,TEPSI 325-125 MAT LAK 3 PARÇA,2025-12-21 12:18:47,2025-12-21 13:35:53,77.1,Operatör müdahalesi,Planlı Bakım,0
4003436,905106,IE26905106,M00200,YUVARLAK KUTU 078-095 HAM TENEKE 2 PARÇA,2026-05-16 10:39:14,2026-05-16 11:43:38,64.4,Yedek parça bekleniyor,Kalite Duruşu,0
4003437,905107,IE26905107,M00200,YUVARLAK KUTU 078-095 HAM TENEKE 2 PARÇA,2026-05-17 20:17:14,2026-05-17 21:48:50,91.6,Bakım çağrıldı,Kalite Duruşu,0
4003438,905108,IE25905108,M00042,SEKIZGEN KUTU 135-145 LITOGRAFI 3 PARÇA,2025-08-10 22:45:51,2025-08-10 23:09:15,23.4,Bakım çağrıldı,Sac Sıkışması,0
4003439,905110,IE25905110,M00042,SEKIZGEN KUTU 135-145 LITOGRAFI 3 PARÇA,2025-08-12 08:54:29,2025-08-12 09:28:17,33.8,Kalıp söküldü,Elektrik Arızası,0
4003440,905111,IE25905111,M00042,SEKIZGEN KUTU 135-145 LITOGRAFI 3 PARÇA,2025-08-13 21:14:36,2025-08-13 21:43:18,28.7,Bakım çağrıldı,Mekanik Arıza,0
4003441,905112,IE25905112,M00122,SEKIZGEN KUTU 135-145 HAM TENEKE 2 PARÇA,2025-07-22 10:21:55,2025-07-22 10:53:43,31.8,Bakım çağrıldı,Ayar / Numune Onayı,0
4003442,905113,IE25905113,M00122,SEKIZGEN KUTU 135-145 HAM TENEKE 2 PARÇA,2025-07-23 16:51:39,2025-07-23 18:07:21,75.7,Bakım çağrıldı,Ayar / Numune Onayı,0
4003443,905114,IE25905114,M00122,SEKIZGEN KUTU 135-145 HAM TENEKE 2 PARÇA,2025-07-24 23:24:50,2025-07-24 23:49:14,24.4,,Vardiya Devri,0
4003444,905115,IE25905115,M00001,KAPAK 090-065 HAM TENEKE 2 PARÇA,2025-07-28 21:15:54,2025-07-28 22:33:42,77.8,,Vardiya Devri,0
4003445,905116,IE25905116,M00001,KAPAK 090-065 HAM TENEKE 2 PARÇA,2025-07-29 11:44:23,2025-07-29 11:57:35,13.2,Kalıp söküldü,Malzeme Bekleme,0
4003446,905120,IE26905120,M00007,DIKDORTGEN KUTU 185-115 MAT LAK 2 PARÇA,2026-01-07 16:23:28,2026-01-07 16:59:04,35.6,Kalıp söküldü,Ayar / Numune Onayı,0
4003447,905121,IE25905121,M00027,KALP KUTU 160-090 LITOGRAFI 3 PARÇA,2025-10-23 22:06:40,2025-10-23 22:23:22,16.7,Operatör müdahalesi,Vardiya Devri,0
4003448,905122,IE25905122,M00027,KALP KUTU 160-090 LITOGRAFI 3 PARÇA,2025-10-24 18:40:23,2025-10-24 20:32:11,111.8,Kalıp söküldü,Planlı Bakım,0
4003449,905123,IE25905123,M00027,KALP KUTU 160-090 LITOGRAFI 3 PARÇA,2025-10-25 14:12:54,2025-10-25 15:29:00,76.1,Operatör müdahalesi,Hidrolik Kaçak,0
4003450,905124,IE25905124,M00027,KALP KUTU 160-090 LITOGRAFI 3 PARÇA,2025-10-26 15:19:12,2025-10-26 15:54:30,35.3,Kalıp söküldü,Vardiya Devri,0
4003451,905125,IE26905125,M00001,KAPAK 090-065 HAM TENEKE 2 PARÇA,2026-03-01 10:58:02,2026-03-01 11:58:56,60.9,Kalıp söküldü,Mekanik Arıza,0
4003452,905126,IE26905126,M00001,KAPAK 090-065 HAM TENEKE 2 PARÇA,2026-03-02 20:41:01,2026-03-02 21:28:37,47.6,Kalıp söküldü,Vardiya Devri,0
4003453,905127,IE26905127,M00001,KAPAK 090-065 HAM TENEKE 2 PARÇA,2026-03-03 10:11:54,2026-03-03 10:36:54,25,Yedek parça bekleniyor,Kalıp Değişimi,0
4003454,905128,IE26905128,M00001,KAPAK 090-065 HAM TENEKE 2 PARÇA,2026-03-06 15:51:06,2026-03-06 16:02:54,11.8,Kalıp söküldü,Planlı Bakım,0
4003455,905130,IE26905130,M00001,KAPAK 090-065 HAM TENEKE 2 PARÇA,2026-03-08 07:50:31,2026-03-08 08:26:13,35.7,Bakım çağrıldı,Kalıp Değişimi,0
4003456,905131,IE26905131,M00001,KAPAK 090-065 HAM TENEKE 2 PARÇA,2026-03-09 09:24:17,2026-03-09 09:52:17,28,Bakım çağrıldı,Elektrik Arızası,0
4003457,905132,IE25905132,M00009,YUVARLAK KUTU 245-175 VERNIKLI 3 PARÇA,2025-10-03 19:53:02,2025-10-03 20:01:32,8.5,Operatör müdahalesi,Malzeme Bekleme,0
4003458,905134,IE25905134,M00009,YUVARLAK KUTU 245-175 VERNIKLI 3 PARÇA,2025-10-05 09:22:02,2025-10-05 09:33:50,11.8,,Kalıp Değişimi,0
4003459,905135,IE25905135,M00009,YUVARLAK KUTU 245-175 VERNIKLI 3 PARÇA,2025-10-06 19:44:47,2025-10-06 20:20:35,35.8,Kalıp söküldü,Ayar / Numune Onayı,0
4003460,905136,IE25905136,M00008,YUVARLAK KUTU 210-255 HAM TENEKE 3 PARÇA,2025-07-23 12:29:43,2025-07-23 14:15:31,105.8,Operatör müdahalesi,Enerji Kesintisi,0
4003461,905137,IE25905137,M00008,YUVARLAK KUTU 210-255 HAM TENEKE 3 PARÇA,2025-07-24 13:36:55,2025-07-24 13:42:43,5.8,Kalıp söküldü,Elektrik Arızası,0
4003462,905140,IE25905140,M00004,YUVARLAK KUTU 210-255 MAT LAK 3 PARÇA,2025-10-26 10:18:35,2025-10-26 10:58:23,39.8,Bakım çağrıldı,Malzeme Bekleme,0
4003463,905141,IE25905141,M00004,YUVARLAK KUTU 210-255 MAT LAK 3 PARÇA,2025-10-27 09:40:20,2025-10-27 09:54:08,13.8,Yedek parça bekleniyor,Kalıp Değişimi,0
4003464,905142,IE25905142,M00004,YUVARLAK KUTU 210-255 MAT LAK 3 PARÇA,2025-10-28 20:24:11,2025-10-28 21:28:11,64,Yedek parça bekleniyor,Malzeme Bekleme,0
4003465,905144,IE25905144,M00004,YUVARLAK KUTU 210-255 MAT LAK 3 PARÇA,2025-10-30 19:43:01,2025-10-30 20:30:31,47.5,Operatör müdahalesi,Sac Sıkışması,0
4003466,905145,IE26905145,M00006,SEKILLI KUTU 175-205 HAM TENEKE 3 PARÇA,2026-07-03 16:46:01,2026-07-03 18:01:01,75,Bakım çağrıldı,Kalite Duruşu,0
4003467,905146,IE26905146,M00006,SEKILLI KUTU 175-205 HAM TENEKE 3 PARÇA,2026-07-04 18:09:19,2026-07-04 18:58:07,48.8,Operatör müdahalesi,Vardiya Devri,0
4003468,905147,IE26905147,M00006,SEKILLI KUTU 175-205 HAM TENEKE 3 PARÇA,2026-07-05 21:33:53,2026-07-05 22:36:05,62.2,,Planlı Bakım,0
4003469,905149,IE26905149,M00127,YUVARLAK KUTU 158-175 LITOGRAFI 3 PARÇA,2026-03-17 16:53:19,2026-03-17 18:16:25,83.1,Operatör müdahalesi,Mekanik Arıza,0
4003470,905150,IE26905150,M00127,YUVARLAK KUTU 158-175 LITOGRAFI 3 PARÇA,2026-03-18 13:17:49,2026-03-18 13:52:25,34.6,Yedek parça bekleniyor,Planlı Bakım,0
4003471,905152,IE26905152,M00127,YUVARLAK KUTU 158-175 LITOGRAFI 3 PARÇA,2026-03-20 09:38:29,2026-03-20 09:54:59,16.5,Bakım çağrıldı,Kalite Duruşu,0
4003472,905153,IE25905153,M00031,YUVARLAK KUTU 145-095 MAT LAK 2 PARÇA,2025-08-14 21:14:11,2025-08-14 21:20:35,6.4,,Kalıp Değişimi,0
4003473,905154,IE25905154,M00031,YUVARLAK KUTU 145-095 MAT LAK 2 PARÇA,2025-08-15 14:22:55,2025-08-15 14:30:55,8,Operatör müdahalesi,Ayar / Numune Onayı,0
4003474,905155,IE25905155,M00031,YUVARLAK KUTU 145-095 MAT LAK 2 PARÇA,2025-08-16 18:56:11,2025-08-16 19:52:35,56.4,Yedek parça bekleniyor,Ayar / Numune Onayı,0
4003475,905156,IE25905156,M00191,PLAKA-BARDAK ALTI 205-050 LITOGRAFI 3 PARÇA,2025-08-01 19:32:01,2025-08-01 20:01:19,29.3,Operatör müdahalesi,Kalite Duruşu,0
4003476,905157,IE25905157,M00191,PLAKA-BARDAK ALTI 205-050 LITOGRAFI 3 PARÇA,2025-08-02 19:10:12,2025-08-02 19:21:54,11.7,Yedek parça bekleniyor,Kalıp Değişimi,0
4003477,905159,IE25905159,M00191,PLAKA-BARDAK ALTI 205-050 LITOGRAFI 3 PARÇA,2025-08-04 16:04:57,2025-08-04 16:21:33,16.6,Bakım çağrıldı,Kalıp Değişimi,0
4003478,905161,IE25905161,M00017,OVAL KUTU 295-165 VERNIKLI 2 PARÇA,2025-07-24 07:41:03,2025-07-24 09:21:51,100.8,Bakım çağrıldı,Kalıp Değişimi,0
4003479,905163,IE25905163,M00017,OVAL KUTU 295-165 VERNIKLI 2 PARÇA,2025-07-26 15:56:05,2025-07-26 16:28:17,32.2,Operatör müdahalesi,Kalıp Değişimi,0
4003480,905165,IE26905165,M00012,YUVARLAK KUTU 205-050 LITOGRAFI 2 PARÇA,2026-02-23 13:37:51,2026-02-23 14:01:39,23.8,Yedek parça bekleniyor,Kalıp Değişimi,0
4003481,905170,IE26905170,M00035,YUVARLAK KUTU 120-105 HAM TENEKE 3 PARÇA,2026-06-23 22:05:31,2026-06-23 22:21:49,16.3,Kalıp söküldü,Ayar / Numune Onayı,0
4003482,905171,IE25905171,M00001,KAPAK 090-065 HAM TENEKE 2 PARÇA,2025-10-24 17:11:03,2025-10-24 17:57:21,46.3,Yedek parça bekleniyor,Kalıp Değişimi,0
4003483,905172,IE25905172,M00001,KAPAK 090-065 HAM TENEKE 2 PARÇA,2025-10-25 20:32:33,2025-10-25 20:53:33,21,Yedek parça bekleniyor,Kalıp Değişimi,0
4003484,905173,IE25905173,M00001,KAPAK 090-065 HAM TENEKE 2 PARÇA,2025-10-26 12:00:15,2025-10-26 12:58:09,57.9,Kalıp söküldü,Malzeme Bekleme,0
4003485,905175,IE26905175,M00001,KAPAK 090-065 HAM TENEKE 2 PARÇA,2026-05-17 17:45:52,2026-05-17 18:28:46,42.9,Operatör müdahalesi,Kalıp Değişimi,0
4003486,905176,IE26905176,M00001,KAPAK 090-065 HAM TENEKE 2 PARÇA,2026-05-18 22:44:42,2026-05-18 23:29:36,44.9,Bakım çağrıldı,Kalıp Değişimi,0
4003487,905177,IE26905177,M00001,KAPAK 090-065 HAM TENEKE 2 PARÇA,2026-05-19 10:27:12,2026-05-19 11:08:54,41.7,Kalıp söküldü,Planlı Bakım,0
4003488,905178,IE25905178,M00131,YUVARLAK-SIVAMA KUTU Ø068 LITOGRAFI 3 PARÇA,2025-12-18 20:18:28,2025-12-18 20:35:04,16.6,,Malzeme Bekleme,0
4003489,905179,IE25905179,M00131,YUVARLAK-SIVAMA KUTU Ø068 LITOGRAFI 3 PARÇA,2025-12-19 16:16:37,2025-12-19 16:32:13,15.6,Operatör müdahalesi,Kalıp Değişimi,0
4003490,905185,IE25905185,M00098,YUVARLAK KUTU 255-205 VERNIKLI 2 PARÇA,2025-10-30 16:36:03,2025-10-30 17:27:51,51.8,,Mekanik Arıza,0
4003491,905186,IE25905186,M00098,YUVARLAK KUTU 255-205 VERNIKLI 2 PARÇA,2025-10-31 20:28:04,2025-10-31 21:29:22,61.3,Bakım çağrıldı,Kalite Duruşu,0
4003492,905187,IE25905187,M00098,YUVARLAK KUTU 255-205 VERNIKLI 2 PARÇA,2025-11-01 17:42:34,2025-11-01 17:59:04,16.5,Operatör müdahalesi,Mekanik Arıza,0
4003493,905188,IE25905188,M00003,YUVARLAK KUTU 120-105 HAM TENEKE 2 PARÇA,2025-07-10 18:53:02,2025-07-10 19:14:14,21.2,Operatör müdahalesi,Kalıp Değişimi,0
4003494,905189,IE25905189,M00003,YUVARLAK KUTU 120-105 HAM TENEKE 2 PARÇA,2025-07-11 10:11:19,2025-07-11 11:04:01,52.7,Kalıp söküldü,Mekanik Arıza,0
4003495,905190,IE25905190,M00003,YUVARLAK KUTU 120-105 HAM TENEKE 2 PARÇA,2025-07-12 21:27:04,2025-07-12 22:18:40,51.6,Bakım çağrıldı,Ayar / Numune Onayı,0
4003496,905193,IE26905193,M00117,YUVARLAK KUTU Y120-105 HAM TENEKE 3 PARÇA,2026-01-11 20:39:08,2026-01-11 21:06:14,27.1,Yedek parça bekleniyor,Sac Sıkışması,0
4003497,905194,IE26905194,M00117,YUVARLAK KUTU Y120-105 HAM TENEKE 3 PARÇA,2026-01-12 13:38:08,2026-01-12 13:50:08,12,Yedek parça bekleniyor,Sac Sıkışması,0
4003498,905195,IE26905195,M00117,YUVARLAK KUTU Y120-105 HAM TENEKE 3 PARÇA,2026-01-13 11:23:50,2026-01-13 11:38:38,14.8,Operatör müdahalesi,Kalıp Değişimi,0
4003499,905197,IE26905197,M00019,OVAL KUTU 295-165 VERNIKLI 2 PARÇA,2026-01-20 19:15:43,2026-01-20 19:42:43,27,Yedek parça bekleniyor,Kalıp Değişimi,0
4003500,905198,IE26905198,M00019,OVAL KUTU 295-165 VERNIKLI 2 PARÇA,2026-01-21 09:12:23,2026-01-21 10:31:53,79.5,Operatör müdahalesi,Kalıp Değişimi,0
4003501,905199,IE26905199,M00019,OVAL KUTU 295-165 VERNIKLI 2 PARÇA,2026-01-22 11:29:19,2026-01-22 12:19:19,50,Bakım çağrıldı,Malzeme Bekleme,0
4003502,905200,IE26905200,M00004,YUVARLAK KUTU 210-255 MAT LAK 3 PARÇA,2026-02-13 15:51:25,2026-02-13 16:18:13,26.8,,Kalıp Değişimi,0
4003503,905202,IE26905202,M00004,YUVARLAK KUTU 210-255 MAT LAK 3 PARÇA,2026-02-15 22:32:27,2026-02-15 22:40:57,8.5,Kalıp söküldü,Hidrolik Kaçak,0
4003504,905203,IE26905203,M00004,YUVARLAK KUTU 210-255 MAT LAK 3 PARÇA,2026-02-16 09:17:12,2026-02-16 09:32:30,15.3,Bakım çağrıldı,Kalıp Değişimi,0
4003505,905204,IE25905204,M00011,YUVARLAK KUTU 120-105 HAM TENEKE 3 PARÇA,2025-08-03 21:10:13,2025-08-03 22:09:25,59.2,Kalıp söküldü,Vardiya Devri,0
4003506,905205,IE25905205,M00011,YUVARLAK KUTU 120-105 HAM TENEKE 3 PARÇA,2025-08-04 14:55:23,2025-08-04 15:15:41,20.3,Yedek parça bekleniyor,Mekanik Arıza,0
4003507,905207,IE26905207,M00002,TEPSI 325-125 MAT LAK 3 PARÇA,2026-06-21 11:07:11,2026-06-21 12:43:05,95.9,Operatör müdahalesi,Kalıp Değişimi,0
4003508,905208,IE26905208,M00002,TEPSI 325-125 MAT LAK 3 PARÇA,2026-06-22 15:54:53,2026-06-22 16:25:53,31,,Kalıp Değişimi,0
4003509,905211,IE26905211,M00007,DIKDORTGEN KUTU 185-115 MAT LAK 2 PARÇA,2026-07-16 19:24:32,2026-07-16 20:07:32,43,Bakım çağrıldı,Elektrik Arızası,0
4003510,905212,IE26905212,M00007,DIKDORTGEN KUTU 185-115 MAT LAK 2 PARÇA,2026-07-17 07:16:11,2026-07-17 07:28:59,12.8,,Vardiya Devri,0
4003511,905213,IE25905213,M00002,TEPSI 325-125 MAT LAK 3 PARÇA,2025-11-22 22:00:26,2025-11-22 22:42:26,42,Kalıp söküldü,Kalıp Değişimi,0
4003512,905215,IE25905215,M00002,TEPSI 325-125 MAT LAK 3 PARÇA,2025-11-24 18:17:40,2025-11-24 18:55:22,37.7,Kalıp söküldü,Malzeme Bekleme,0
4003513,905216,IE25905216,M00030,YUVARLAK KUTU Ø148 MAT LAK 2 PARÇA,2025-11-04 23:20:49,2025-11-04 23:47:43,26.9,Bakım çağrıldı,Planlı Bakım,0
4003514,905218,IE25905218,M00030,YUVARLAK KUTU Ø148 MAT LAK 2 PARÇA,2025-11-06 09:05:05,2025-11-06 10:10:23,65.3,Kalıp söküldü,Ayar / Numune Onayı,0
4003515,905219,IE25905219,M00030,YUVARLAK KUTU Ø148 MAT LAK 2 PARÇA,2025-11-07 07:34:10,2025-11-07 09:26:04,111.9,Operatör müdahalesi,Kalıp Değişimi,0
4003516,905221,IE26905221,M00001,KAPAK 090-065 HAM TENEKE 2 PARÇA,2026-01-21 17:26:29,2026-01-21 17:59:59,33.5,,Kalıp Değişimi,0
4003517,905222,IE26905222,M00001,KAPAK 090-065 HAM TENEKE 2 PARÇA,2026-01-22 14:44:20,2026-01-22 15:23:14,38.9,,Vardiya Devri,0
4003518,905223,IE26905223,M00001,KAPAK 090-065 HAM TENEKE 2 PARÇA,2026-01-23 07:44:18,2026-01-23 09:07:36,83.3,,Mekanik Arıza,0
4003519,905224,IE26905224,M00010,YUVARLAK KUTU 255-205 MAT LAK 3 PARÇA,2026-01-18 21:28:14,2026-01-18 22:36:50,68.6,Kalıp söküldü,Malzeme Bekleme,0
4003520,905225,IE26905225,M00010,YUVARLAK KUTU 255-205 MAT LAK 3 PARÇA,2026-01-19 08:18:44,2026-01-19 09:19:56,61.2,Kalıp söküldü,Enerji Kesintisi,0
4003521,905227,IE26905227,M00010,YUVARLAK KUTU 255-205 MAT LAK 3 PARÇA,2026-01-21 21:31:19,2026-01-21 21:54:49,23.5,Yedek parça bekleniyor,Mekanik Arıza,0
4003522,905228,IE26905228,M00014,YUVARLAK KUTU 120-105 HAM TENEKE 2 PARÇA,2026-05-11 15:22:14,2026-05-11 15:27:56,5.7,,Mekanik Arıza,0
4003523,905229,IE26905229,M00014,YUVARLAK KUTU 120-105 HAM TENEKE 2 PARÇA,2026-05-12 14:29:51,2026-05-12 14:41:45,11.9,,Sac Sıkışması,0
4003524,905230,IE26905230,M00014,YUVARLAK KUTU 120-105 HAM TENEKE 2 PARÇA,2026-05-13 07:36:52,2026-05-13 07:44:16,7.4,Kalıp söküldü,Mekanik Arıza,0
4003525,905231,IE26905231,M00014,YUVARLAK KUTU 120-105 HAM TENEKE 2 PARÇA,2026-05-14 13:16:58,2026-05-14 13:30:28,13.5,Bakım çağrıldı,Kalite Duruşu,0
4003526,905232,IE26905232,M00005,DIKDORTGEN KUTU 145-095 MAT LAK 2 PARÇA,2026-01-04 11:21:54,2026-01-04 12:19:00,57.1,Yedek parça bekleniyor,Planlı Bakım,0
4003527,905234,IE26905234,M00005,DIKDORTGEN KUTU 145-095 MAT LAK 2 PARÇA,2026-01-06 10:21:51,2026-01-06 11:56:03,94.2,Yedek parça bekleniyor,Vardiya Devri,0
4003528,905235,IE26905235,M00005,DIKDORTGEN KUTU 145-095 MAT LAK 2 PARÇA,2026-01-07 11:00:02,2026-01-07 12:15:50,75.8,,Vardiya Devri,0
4003529,905237,IE25905237,M00001,KAPAK 090-065 HAM TENEKE 2 PARÇA,2025-08-23 08:27:22,2025-08-23 08:42:46,15.4,Operatör müdahalesi,Kalıp Değişimi,0
4003530,905238,IE25905238,M00001,KAPAK 090-065 HAM TENEKE 2 PARÇA,2025-08-24 16:15:58,2025-08-24 17:26:28,70.5,Yedek parça bekleniyor,Kalıp Değişimi,0
4003531,905239,IE26905239,M00012,YUVARLAK KUTU 205-050 LITOGRAFI 2 PARÇA,2026-07-09 10:47:09,2026-07-09 11:19:21,32.2,,Kalıp Değişimi,0
4003532,905240,IE26905240,M00012,YUVARLAK KUTU 205-050 LITOGRAFI 2 PARÇA,2026-07-10 15:28:14,2026-07-10 15:34:50,6.6,Yedek parça bekleniyor,Mekanik Arıza,0
4003533,905241,IE26905241,M00012,YUVARLAK KUTU 205-050 LITOGRAFI 2 PARÇA,2026-07-11 12:34:45,2026-07-11 12:52:57,18.2,Kalıp söküldü,Kalıp Değişimi,0
4003534,905243,IE26905243,M00108,ALTIGEN KUTU 125-085 HAM TENEKE 3 PARÇA,2026-01-03 19:24:56,2026-01-03 19:38:50,13.9,Kalıp söküldü,Personel Yetersizliği,0
4003535,905245,IE26905245,M00108,ALTIGEN KUTU 125-085 HAM TENEKE 3 PARÇA,2026-01-05 09:40:26,2026-01-05 09:50:08,9.7,Operatör müdahalesi,Ayar / Numune Onayı,0
4003536,905246,IE26905246,M00064,DIKDORTGEN KUTU 185-115 HAM TENEKE 3 PARÇA,2026-07-01 18:52:48,2026-07-01 19:06:48,14,,Kalıp Değişimi,0
4003537,905248,IE26905248,M00064,DIKDORTGEN KUTU 185-115 HAM TENEKE 3 PARÇA,2026-07-03 13:29:34,2026-07-03 14:17:28,47.9,Kalıp söküldü,Kalıp Değişimi,0
4003538,905249,IE26905249,M00064,DIKDORTGEN KUTU 185-115 HAM TENEKE 3 PARÇA,2026-07-04 06:23:06,2026-07-04 07:07:54,44.8,Bakım çağrıldı,Kalite Duruşu,0
4003539,905250,IE25905250,M00001,KAPAK 090-065 HAM TENEKE 2 PARÇA,2025-07-27 16:14:09,2025-07-27 16:44:03,29.9,Kalıp söküldü,Kalıp Değişimi,0
4003540,905252,IE25905252,M00001,KAPAK 090-065 HAM TENEKE 2 PARÇA,2025-07-29 13:37:16,2025-07-29 14:34:34,57.3,Operatör müdahalesi,Sac Sıkışması,0
4003541,905253,IE26905253,M00019,OVAL KUTU 295-165 VERNIKLI 2 PARÇA,2026-02-25 17:52:08,2026-02-25 17:57:56,5.8,Bakım çağrıldı,Planlı Bakım,0
4003542,905258,IE26905258,M00055,YUVARLAK-SIVAMA KUTU Ø068 MAT LAK 3 PARÇA,2026-06-08 11:13:57,2026-06-08 11:39:27,25.5,Yedek parça bekleniyor,Mekanik Arıza,0
4003543,905261,IE26905261,M00230,YUVARLAK KUTU 094-050 LITOGRAFI 2 PARÇA,2026-07-06 12:26:21,2026-07-06 13:17:03,50.7,Kalıp söküldü,Kalıp Değişimi,0
4003544,905264,IE26905264,M00230,YUVARLAK KUTU 094-050 LITOGRAFI 2 PARÇA,2026-07-09 08:38:17,2026-07-09 09:18:41,40.4,Yedek parça bekleniyor,Kalıp Değişimi,0
4003545,905265,IE25905265,M00001,KAPAK 090-065 HAM TENEKE 2 PARÇA,2025-07-11 12:00:33,2025-07-11 12:58:33,58,,Malzeme Bekleme,0
4003546,905268,IE25905268,M00001,KAPAK 090-065 HAM TENEKE 2 PARÇA,2025-07-14 13:06:48,2025-07-14 13:54:48,48,,Sac Sıkışması,0
4003547,905269,IE26905269,M00032,TEPSI Ø068 VERNIKLI 3 PARÇA,2026-01-26 14:47:31,2026-01-26 15:55:01,67.5,Yedek parça bekleniyor,Kalıp Değişimi,0
4003548,905271,IE26905271,M00032,TEPSI Ø068 VERNIKLI 3 PARÇA,2026-01-28 13:46:28,2026-01-28 14:08:10,21.7,Bakım çağrıldı,Kalite Duruşu,0
4003549,905272,IE26905272,M00001,KAPAK 090-065 HAM TENEKE 2 PARÇA,2026-03-16 16:47:35,2026-03-16 17:25:23,37.8,Yedek parça bekleniyor,Mekanik Arıza,0
4003550,905273,IE26905273,M00001,KAPAK 090-065 HAM TENEKE 2 PARÇA,2026-03-17 15:14:49,2026-03-17 16:41:55,87.1,Operatör müdahalesi,Sac Sıkışması,0
4003551,905276,IE26905276,M00049,YUVARLAK-SIVAMA KUTU 295-165 HAM TENEKE 2 PARÇA,2026-07-04 21:52:20,2026-07-04 22:25:44,33.4,,Vardiya Devri,0
4003552,905277,IE26905277,M00049,YUVARLAK-SIVAMA KUTU 295-165 HAM TENEKE 2 PARÇA,2026-07-05 17:44:30,2026-07-05 18:27:12,42.7,Operatör müdahalesi,Kalite Duruşu,0
4003553,905278,IE26905278,M00049,YUVARLAK-SIVAMA KUTU 295-165 HAM TENEKE 2 PARÇA,2026-07-06 10:03:45,2026-07-06 10:19:27,15.7,Operatör müdahalesi,Malzeme Bekleme,0
4003554,905279,IE25905279,M00001,KAPAK 090-065 HAM TENEKE 2 PARÇA,2025-10-17 18:20:26,2025-10-17 18:26:32,6.1,Kalıp söküldü,Kalıp Değişimi,0
4003555,905281,IE25905281,M00001,KAPAK 090-065 HAM TENEKE 2 PARÇA,2025-10-19 21:39:10,2025-10-19 22:23:34,44.4,Yedek parça bekleniyor,Mekanik Arıza,0
4003556,905282,IE26905282,M00026,ALTIGEN KUTU 125-085 LITOGRAFI 2 PARÇA,2026-07-02 20:43:26,2026-07-02 22:07:20,83.9,Operatör müdahalesi,Elektrik Arızası,0
4003557,905284,IE26905284,M00026,ALTIGEN KUTU 125-085 LITOGRAFI 2 PARÇA,2026-07-04 17:16:24,2026-07-04 18:03:36,47.2,Kalıp söküldü,Ayar / Numune Onayı,0
4003558,905285,IE26905285,M00026,ALTIGEN KUTU 125-085 LITOGRAFI 2 PARÇA,2026-07-05 07:24:46,2026-07-05 08:29:52,65.1,,Mekanik Arıza,0
4003559,905286,IE26905286,M00004,YUVARLAK KUTU 210-255 MAT LAK 3 PARÇA,2026-02-09 16:31:11,2026-02-09 16:45:59,14.8,Bakım çağrıldı,Ayar / Numune Onayı,0
4003560,905289,IE26905289,M00004,YUVARLAK KUTU 210-255 MAT LAK 3 PARÇA,2026-02-12 09:13:46,2026-02-12 09:38:46,25,Yedek parça bekleniyor,Kalıp Değişimi,0
4003561,905292,IE26905292,M00004,YUVARLAK KUTU 210-255 MAT LAK 3 PARÇA,2026-03-23 16:05:37,2026-03-23 17:03:19,57.7,Bakım çağrıldı,Kalıp Değişimi,0
4003562,905293,IE26905293,M00004,YUVARLAK KUTU 210-255 MAT LAK 3 PARÇA,2026-03-24 07:33:58,2026-03-24 07:52:22,18.4,Kalıp söküldü,Kalıp Değişimi,0
4003563,905294,IE26905294,M00001,KAPAK 090-065 HAM TENEKE 2 PARÇA,2026-06-09 17:55:26,2026-06-09 18:45:08,49.7,Yedek parça bekleniyor,Sac Sıkışması,0
4003564,905296,IE26905296,M00001,KAPAK 090-065 HAM TENEKE 2 PARÇA,2026-06-11 15:03:07,2026-06-11 15:11:19,8.2,Yedek parça bekleniyor,Enerji Kesintisi,0
4003565,905299,IE25905299,M00031,YUVARLAK KUTU 145-095 MAT LAK 2 PARÇA,2025-09-19 17:45:44,2025-09-19 18:12:08,26.4,Operatör müdahalesi,Kalite Duruşu,0
4003566,905300,IE25905300,M00031,YUVARLAK KUTU 145-095 MAT LAK 2 PARÇA,2025-09-20 19:00:48,2025-09-20 19:08:06,7.3,,Kalıp Değişimi,0
4003567,905301,IE26905301,M00001,KAPAK 090-065 HAM TENEKE 2 PARÇA,2026-05-05 09:04:40,2026-05-05 09:46:58,42.3,Yedek parça bekleniyor,Ayar / Numune Onayı,0
4003568,905304,IE26905304,M00001,KAPAK 090-065 HAM TENEKE 2 PARÇA,2026-05-08 20:48:50,2026-05-08 21:44:14,55.4,,Elektrik Arızası,0
4003569,905305,IE26905305,M00004,YUVARLAK KUTU 210-255 MAT LAK 3 PARÇA,2026-05-20 16:46:25,2026-05-20 17:11:43,25.3,Yedek parça bekleniyor,Hidrolik Kaçak,0
4003570,905306,IE26905306,M00004,YUVARLAK KUTU 210-255 MAT LAK 3 PARÇA,2026-05-21 13:09:29,2026-05-21 13:28:53,19.4,Kalıp söküldü,Kalıp Değişimi,0
4003571,905307,IE26905307,M00004,YUVARLAK KUTU 210-255 MAT LAK 3 PARÇA,2026-05-22 22:49:42,2026-05-22 22:57:24,7.7,Bakım çağrıldı,Kalıp Değişimi,0
4003572,905308,IE26905308,M00021,KAPAK 090-065 MAT LAK 3 PARÇA,2026-07-21 10:49:02,2026-07-21 10:59:08,10.1,,Elektrik Arızası,0
4003573,905309,IE26905309,M00021,KAPAK 090-065 MAT LAK 3 PARÇA,2026-07-22 13:27:56,2026-07-22 14:07:08,39.2,Kalıp söküldü,Malzeme Bekleme,0
4003574,905310,IE26905310,M00021,KAPAK 090-065 MAT LAK 3 PARÇA,2026-07-23 18:25:03,2026-07-23 18:42:27,17.4,Bakım çağrıldı,Ayar / Numune Onayı,0
4003575,905312,IE25905312,M00004,YUVARLAK KUTU 210-255 MAT LAK 3 PARÇA,2025-10-30 08:33:37,2025-10-30 08:43:07,9.5,Bakım çağrıldı,Planlı Bakım,0
4003576,905315,IE25905315,M00004,YUVARLAK KUTU 210-255 MAT LAK 3 PARÇA,2025-11-02 09:12:46,2025-11-02 10:28:10,75.4,Kalıp söküldü,Ayar / Numune Onayı,0
4003577,905316,IE26905316,M00175,YUVARLAK KUTU Ø050 MAT LAK 2 PARÇA,2026-01-02 07:22:29,2026-01-02 07:48:05,25.6,Kalıp söküldü,Planlı Bakım,0
4003578,905318,IE26905318,M00175,YUVARLAK KUTU Ø050 MAT LAK 2 PARÇA,2026-01-04 11:19:34,2026-01-04 11:40:28,20.9,,Vardiya Devri,0
4003579,905319,IE26905319,M00175,YUVARLAK KUTU Ø050 MAT LAK 2 PARÇA,2026-01-05 19:39:20,2026-01-05 20:19:32,40.2,,Hidrolik Kaçak,0
4003580,905321,IE26905321,M00002,TEPSI 325-125 MAT LAK 3 PARÇA,2026-05-15 09:03:42,2026-05-15 09:40:42,37,,Kalıp Değişimi,0
4003581,905322,IE26905322,M00002,TEPSI 325-125 MAT LAK 3 PARÇA,2026-05-16 19:31:53,2026-05-16 19:59:59,28.1,Bakım çağrıldı,Personel Yetersizliği,0
4003582,905324,IE25905324,M00031,YUVARLAK KUTU 145-095 MAT LAK 2 PARÇA,2025-10-30 13:11:42,2025-10-30 13:49:48,38.1,Yedek parça bekleniyor,Ayar / Numune Onayı,0
4003583,905326,IE25905326,M00031,YUVARLAK KUTU 145-095 MAT LAK 2 PARÇA,2025-11-01 15:44:29,2025-11-01 16:13:05,28.6,Bakım çağrıldı,Hidrolik Kaçak,0
4003584,905331,IE25905331,M00001,KAPAK 090-065 HAM TENEKE 2 PARÇA,2025-11-30 20:51:34,2025-11-30 22:45:34,114,Bakım çağrıldı,Elektrik Arızası,0
4003585,905332,IE25905332,M00001,KAPAK 090-065 HAM TENEKE 2 PARÇA,2025-12-01 21:46:08,2025-12-01 22:11:26,25.3,Kalıp söküldü,Kalıp Değişimi,0
4003586,905333,IE25905333,M00001,KAPAK 090-065 HAM TENEKE 2 PARÇA,2025-12-02 11:25:21,2025-12-02 13:31:51,126.5,Operatör müdahalesi,Ayar / Numune Onayı,0
4003587,905334,IE26905334,M00028,YUVARLAK KUTU 245-175 MAT LAK 3 PARÇA,2026-03-31 08:08:37,2026-03-31 08:24:07,15.5,Yedek parça bekleniyor,Mekanik Arıza,0
4003588,905335,IE26905335,M00028,YUVARLAK KUTU 245-175 MAT LAK 3 PARÇA,2026-04-01 20:04:44,2026-04-01 21:34:02,89.3,Operatör müdahalesi,Sac Sıkışması,0
4003589,905336,IE26905336,M00028,YUVARLAK KUTU 245-175 MAT LAK 3 PARÇA,2026-04-02 09:42:26,2026-04-02 10:35:14,52.8,Kalıp söküldü,Ayar / Numune Onayı,0
4003590,905337,IE25905337,M00075,YUVARLAK KUTU 094-050 LITOGRAFI 3 PARÇA,2025-07-25 07:51:13,2025-07-25 08:01:49,10.6,Bakım çağrıldı,Vardiya Devri,0
4003591,905338,IE25905338,M00075,YUVARLAK KUTU 094-050 LITOGRAFI 3 PARÇA,2025-07-26 13:53:47,2025-07-26 14:16:29,22.7,Kalıp söküldü,Malzeme Bekleme,0
4003592,905339,IE25905339,M00075,YUVARLAK KUTU 094-050 LITOGRAFI 3 PARÇA,2025-07-27 18:01:28,2025-07-27 18:32:10,30.7,Operatör müdahalesi,Vardiya Devri,0
4003593,905340,IE25905340,M00004,YUVARLAK KUTU 210-255 MAT LAK 3 PARÇA,2025-07-16 12:53:44,2025-07-16 13:22:32,28.8,,Enerji Kesintisi,0
4003594,905341,IE25905341,M00004,YUVARLAK KUTU 210-255 MAT LAK 3 PARÇA,2025-07-17 23:00:18,2025-07-17 23:36:12,35.9,Yedek parça bekleniyor,Personel Yetersizliği,0
4003595,905342,IE25905342,M00004,YUVARLAK KUTU 210-255 MAT LAK 3 PARÇA,2025-07-18 08:55:05,2025-07-18 09:33:59,38.9,Bakım çağrıldı,Kalite Duruşu,0
4003596,905344,IE25905344,M00051,YUVARLAK-SIVAMA KUTU Ø068 VERNIKLI 3 PARÇA,2025-11-12 13:15:27,2025-11-12 14:34:39,79.2,Yedek parça bekleniyor,Kalite Duruşu,0
4003597,905345,IE25905345,M00051,YUVARLAK-SIVAMA KUTU Ø068 VERNIKLI 3 PARÇA,2025-11-13 13:23:59,2025-11-13 14:39:23,75.4,Yedek parça bekleniyor,Planlı Bakım,0
4003598,905347,IE26905347,M00231,YUVARLAK KUTU 120-105 LITOGRAFI 2 PARÇA,2026-05-04 09:07:34,2026-05-04 11:18:16,130.7,Kalıp söküldü,Elektrik Arızası,0
4003599,905349,IE26905349,M00231,YUVARLAK KUTU 120-105 LITOGRAFI 2 PARÇA,2026-05-06 08:44:36,2026-05-06 09:11:24,26.8,Operatör müdahalesi,Kalıp Değişimi,0
4003600,905352,IE26905352,M00003,YUVARLAK KUTU 120-105 HAM TENEKE 2 PARÇA,2026-01-17 18:11:38,2026-01-17 18:30:50,19.2,Bakım çağrıldı,Elektrik Arızası,0
4003601,905354,IE26905354,M00004,YUVARLAK KUTU 210-255 MAT LAK 3 PARÇA,2026-05-29 19:22:29,2026-05-29 20:05:53,43.4,Operatör müdahalesi,Planlı Bakım,0
4003602,905356,IE26905356,M00004,YUVARLAK KUTU 210-255 MAT LAK 3 PARÇA,2026-05-31 08:56:34,2026-05-31 09:09:04,12.5,,Kalıp Değişimi,0
4003603,905359,IE26905359,M00001,KAPAK 090-065 HAM TENEKE 2 PARÇA,2026-04-22 17:34:42,2026-04-22 18:12:30,37.8,Yedek parça bekleniyor,Ayar / Numune Onayı,0
4003604,905360,IE25905360,M00004,YUVARLAK KUTU 210-255 MAT LAK 3 PARÇA,2025-11-20 10:51:21,2025-11-20 11:06:45,15.4,Bakım çağrıldı,Malzeme Bekleme,0
4003605,905361,IE25905361,M00004,YUVARLAK KUTU 210-255 MAT LAK 3 PARÇA,2025-11-21 10:49:06,2025-11-21 11:29:12,40.1,,Kalıp Değişimi,0
4003606,905362,IE25905362,M00004,YUVARLAK KUTU 210-255 MAT LAK 3 PARÇA,2025-11-22 12:25:17,2025-11-22 12:53:23,28.1,Operatör müdahalesi,Kalıp Değişimi,0
4003607,905363,IE25905363,M00141,SEKIZGEN KUTU 135-145 LITOGRAFI 3 PARÇA,2025-08-21 09:55:18,2025-08-21 10:24:36,29.3,Yedek parça bekleniyor,Ayar / Numune Onayı,0
4003608,905364,IE25905364,M00141,SEKIZGEN KUTU 135-145 LITOGRAFI 3 PARÇA,2025-08-22 09:24:44,2025-08-22 09:48:50,24.1,Bakım çağrıldı,Malzeme Bekleme,0
4003609,905365,IE25905365,M00141,SEKIZGEN KUTU 135-145 LITOGRAFI 3 PARÇA,2025-08-23 22:37:47,2025-08-23 23:00:53,23.1,Yedek parça bekleniyor,Kalıp Değişimi,0
4003610,905372,IE25905372,M00028,YUVARLAK KUTU 245-175 MAT LAK 3 PARÇA,2025-10-04 08:38:02,2025-10-04 09:20:56,42.9,Kalıp söküldü,Hidrolik Kaçak,0
4003611,905374,IE25905374,M00055,YUVARLAK-SIVAMA KUTU Ø068 MAT LAK 3 PARÇA,2025-06-29 15:01:54,2025-06-29 15:37:42,35.8,Operatör müdahalesi,Sac Sıkışması,0
4003612,905375,IE25905375,M00055,YUVARLAK-SIVAMA KUTU Ø068 MAT LAK 3 PARÇA,2025-06-30 09:06:31,2025-06-30 09:17:01,10.5,Kalıp söküldü,Kalıp Değişimi,0
4003613,905376,IE25905376,M00055,YUVARLAK-SIVAMA KUTU Ø068 MAT LAK 3 PARÇA,2025-07-01 09:43:32,2025-07-01 10:14:56,31.4,Yedek parça bekleniyor,Ayar / Numune Onayı,0
4003614,905377,IE26905377,M00006,SEKILLI KUTU 175-205 HAM TENEKE 3 PARÇA,2026-05-18 13:00:13,2026-05-18 13:27:31,27.3,Yedek parça bekleniyor,Kalıp Değişimi,0
4003615,905378,IE26905378,M00006,SEKILLI KUTU 175-205 HAM TENEKE 3 PARÇA,2026-05-19 07:07:36,2026-05-19 08:31:48,84.2,Bakım çağrıldı,Kalıp Değişimi,0
4003616,905379,IE26905379,M00006,SEKILLI KUTU 175-205 HAM TENEKE 3 PARÇA,2026-05-20 18:00:31,2026-05-20 18:07:25,6.9,Kalıp söküldü,Hidrolik Kaçak,0
4003617,905380,IE26905380,M00065,YUVARLAK KUTU Ø092 MAT LAK 3 PARÇA,2026-04-13 20:49:46,2026-04-13 21:50:40,60.9,Yedek parça bekleniyor,Mekanik Arıza,0
4003618,905381,IE26905381,M00065,YUVARLAK KUTU Ø092 MAT LAK 3 PARÇA,2026-04-14 21:28:01,2026-04-14 22:11:19,43.3,Yedek parça bekleniyor,Kalıp Değişimi,0
4003619,905382,IE26905382,M00065,YUVARLAK KUTU Ø092 MAT LAK 3 PARÇA,2026-04-15 07:59:15,2026-04-15 08:23:27,24.2,Operatör müdahalesi,Kalıp Değişimi,0
4003620,905383,IE25905383,M00034,SEKIZGEN KUTU Ø050 LITOGRAFI 2 PARÇA,2025-09-25 15:24:21,2025-09-25 15:55:03,30.7,Kalıp söküldü,Planlı Bakım,0
4003621,905385,IE25905385,M00034,SEKIZGEN KUTU Ø050 LITOGRAFI 2 PARÇA,2025-09-27 11:52:23,2025-09-27 13:09:29,77.1,Operatör müdahalesi,Kalıp Değişimi,0
4003622,905386,IE25905386,M00034,SEKIZGEN KUTU Ø050 LITOGRAFI 2 PARÇA,2025-09-28 15:13:46,2025-09-28 15:58:40,44.9,Yedek parça bekleniyor,Ayar / Numune Onayı,0
4003623,905387,IE26905387,M00043,YUVARLAK KUTU 210-080 VERNIKLI 2 PARÇA,2026-03-11 18:04:26,2026-03-11 19:02:14,57.8,Bakım çağrıldı,Kalıp Değişimi,0
4003624,905390,IE26905390,M00001,KAPAK 090-065 HAM TENEKE 2 PARÇA,2026-03-23 22:26:03,2026-03-23 23:06:39,40.6,Yedek parça bekleniyor,Planlı Bakım,0
4003625,905391,IE26905391,M00001,KAPAK 090-065 HAM TENEKE 2 PARÇA,2026-03-24 08:55:22,2026-03-24 09:06:04,10.7,Kalıp söküldü,Mekanik Arıza,0
4003626,905392,IE26905392,M00001,KAPAK 090-065 HAM TENEKE 2 PARÇA,2026-03-25 17:28:46,2026-03-25 17:33:58,5.2,Operatör müdahalesi,Kalıp Değişimi,0
4003627,905393,IE26905393,M00001,KAPAK 090-065 HAM TENEKE 2 PARÇA,2026-03-26 10:27:14,2026-03-26 11:31:44,64.5,Operatör müdahalesi,Kalıp Değişimi,0
4003628,905394,IE25905394,M00013,KOSELI SIVAMA KUTU 210-080 LITOGRAFI 3 PARÇA,2025-08-18 10:08:34,2025-08-18 10:17:34,9,Bakım çağrıldı,Sac Sıkışması,0
4003629,905395,IE25905395,M00013,KOSELI SIVAMA KUTU 210-080 LITOGRAFI 3 PARÇA,2025-08-19 17:06:43,2025-08-19 17:13:01,6.3,,Kalıp Değişimi,0
4003630,905396,IE25905396,M00013,KOSELI SIVAMA KUTU 210-080 LITOGRAFI 3 PARÇA,2025-08-20 13:57:08,2025-08-20 15:23:38,86.5,Yedek parça bekleniyor,Kalıp Değişimi,0
4003631,905398,IE26905398,M00002,TEPSI 325-125 MAT LAK 3 PARÇA,2026-02-14 16:06:30,2026-02-14 17:15:48,69.3,Operatör müdahalesi,Mekanik Arıza,0
4003632,905399,IE26905399,M00002,TEPSI 325-125 MAT LAK 3 PARÇA,2026-02-15 22:30:25,2026-02-15 23:33:25,63,,Kalıp Değişimi,0
4003633,905400,IE26905400,M00006,SEKILLI KUTU 175-205 HAM TENEKE 3 PARÇA,2026-01-18 15:23:39,2026-01-18 15:36:39,13,Bakım çağrıldı,Sac Sıkışması,0
4003634,905401,IE26905401,M00006,SEKILLI KUTU 175-205 HAM TENEKE 3 PARÇA,2026-01-19 08:38:16,2026-01-19 09:13:16,35,Yedek parça bekleniyor,Planlı Bakım,0
4003635,905402,IE26905402,M00006,SEKILLI KUTU 175-205 HAM TENEKE 3 PARÇA,2026-01-20 12:15:48,2026-01-20 14:38:36,142.8,Yedek parça bekleniyor,Hidrolik Kaçak,0
4003636,905403,IE26905403,M00006,SEKILLI KUTU 175-205 HAM TENEKE 3 PARÇA,2026-01-21 23:17:31,2026-01-21 23:33:49,16.3,,Ayar / Numune Onayı,0
4003637,905405,IE25905405,M00011,YUVARLAK KUTU 120-105 HAM TENEKE 3 PARÇA,2025-08-31 11:46:37,2025-08-31 12:03:43,17.1,Bakım çağrıldı,Kalite Duruşu,0
4003638,905406,IE25905406,M00011,YUVARLAK KUTU 120-105 HAM TENEKE 3 PARÇA,2025-09-01 11:51:46,2025-09-01 12:41:34,49.8,Yedek parça bekleniyor,Malzeme Bekleme,0
4003639,905409,IE26905409,M00089,DIKDORTGEN KUTU 185-115 HAM TENEKE 2 PARÇA,2026-06-27 16:50:10,2026-06-27 16:55:28,5.3,Operatör müdahalesi,Hidrolik Kaçak,0
4003640,905410,IE26905410,M00089,DIKDORTGEN KUTU 185-115 HAM TENEKE 2 PARÇA,2026-06-28 14:08:20,2026-06-28 14:48:32,40.2,Bakım çağrıldı,Elektrik Arızası,0
4003641,905411,IE26905411,M00041,YUVARLAK KUTU Ø050 HAM TENEKE 3 PARÇA,2026-01-30 21:43:56,2026-01-30 22:26:44,42.8,Yedek parça bekleniyor,Kalıp Değişimi,0
4003642,905412,IE26905412,M00041,YUVARLAK KUTU Ø050 HAM TENEKE 3 PARÇA,2026-01-31 20:43:26,2026-01-31 20:59:56,16.5,Yedek parça bekleniyor,Malzeme Bekleme,0
4003643,905413,IE26905413,M00041,YUVARLAK KUTU Ø050 HAM TENEKE 3 PARÇA,2026-02-01 09:08:18,2026-02-01 09:59:36,51.3,Kalıp söküldü,Kalıp Değişimi,0
4003644,905414,IE26905414,M00041,YUVARLAK KUTU Ø050 HAM TENEKE 3 PARÇA,2026-02-02 08:07:27,2026-02-02 08:33:27,26,Operatör müdahalesi,Ayar / Numune Onayı,0
4003645,905415,IE25905415,M00001,KAPAK 090-065 HAM TENEKE 2 PARÇA,2025-09-14 10:53:10,2025-09-14 11:34:04,40.9,,Hidrolik Kaçak,0
4003646,905416,IE25905416,M00001,KAPAK 090-065 HAM TENEKE 2 PARÇA,2025-09-15 10:13:03,2025-09-15 10:33:03,20,Operatör müdahalesi,Malzeme Bekleme,0
4003647,905417,IE25905417,M00001,KAPAK 090-065 HAM TENEKE 2 PARÇA,2025-09-16 11:24:30,2025-09-16 12:05:54,41.4,Kalıp söküldü,Ayar / Numune Onayı,0
4003648,905418,IE25905418,M00001,KAPAK 090-065 HAM TENEKE 2 PARÇA,2025-09-17 20:48:09,2025-09-17 21:53:15,65.1,Operatör müdahalesi,Malzeme Bekleme,0
4003649,905419,IE25905419,M00014,YUVARLAK KUTU 120-105 HAM TENEKE 2 PARÇA,2025-10-23 18:12:06,2025-10-23 18:43:30,31.4,Kalıp söküldü,Enerji Kesintisi,0
4003650,905421,IE25905421,M00014,YUVARLAK KUTU 120-105 HAM TENEKE 2 PARÇA,2025-10-25 09:18:35,2025-10-25 10:30:35,72,,Planlı Bakım,0
4003651,905422,IE25905422,M00014,YUVARLAK KUTU 120-105 HAM TENEKE 2 PARÇA,2025-10-26 07:41:51,2025-10-26 08:03:09,21.3,Bakım çağrıldı,Mekanik Arıza,0
4003652,905423,IE26905423,M00127,YUVARLAK KUTU 158-175 LITOGRAFI 3 PARÇA,2026-05-08 12:54:06,2026-05-08 13:53:24,59.3,Bakım çağrıldı,Mekanik Arıza,0
4003653,905424,IE26905424,M00127,YUVARLAK KUTU 158-175 LITOGRAFI 3 PARÇA,2026-05-09 19:00:49,2026-05-09 19:29:19,28.5,Bakım çağrıldı,Kalıp Değişimi,0
4003654,905427,IE25905427,M00001,KAPAK 090-065 HAM TENEKE 2 PARÇA,2025-12-16 22:18:45,2025-12-16 23:10:27,51.7,Bakım çağrıldı,Sac Sıkışması,0
4003655,905428,IE25905428,M00001,KAPAK 090-065 HAM TENEKE 2 PARÇA,2025-12-17 19:52:05,2025-12-17 19:57:11,5.1,Bakım çağrıldı,Malzeme Bekleme,0
4003656,905431,IE25905431,M00096,KARE KUTU 225-165 MAT LAK 2 PARÇA,2025-11-13 13:56:42,2025-11-13 14:40:24,43.7,,Personel Yetersizliği,0
4003657,905432,IE25905432,M00096,KARE KUTU 225-165 MAT LAK 2 PARÇA,2025-11-14 21:57:36,2025-11-14 22:44:12,46.6,,Malzeme Bekleme,0
4003658,905433,IE25905433,M00096,KARE KUTU 225-165 MAT LAK 2 PARÇA,2025-11-15 15:42:35,2025-11-15 15:58:11,15.6,Kalıp söküldü,Mekanik Arıza,0
4003659,905434,IE26905434,M00054,TEPSI 325-125 HAM TENEKE 2 PARÇA,2026-07-26 18:07:38,2026-07-26 19:06:14,58.6,Operatör müdahalesi,Malzeme Bekleme,0
4003660,905435,IE26905435,M00054,TEPSI 325-125 HAM TENEKE 2 PARÇA,2026-07-27 08:25:58,2026-07-27 09:29:34,63.6,Bakım çağrıldı,Elektrik Arızası,0
4003661,905436,IE26905436,M00054,TEPSI 325-125 HAM TENEKE 2 PARÇA,2026-07-28 16:54:51,2026-07-28 17:42:15,47.4,Bakım çağrıldı,Hidrolik Kaçak,0
4003662,905440,IE25905440,M00002,TEPSI 325-125 MAT LAK 3 PARÇA,2025-12-23 17:58:22,2025-12-23 18:15:58,17.6,Kalıp söküldü,Sac Sıkışması,0
4003663,905441,IE26905441,M00001,KAPAK 090-065 HAM TENEKE 2 PARÇA,2026-06-05 17:41:06,2026-06-05 18:52:12,71.1,,Kalite Duruşu,0
4003664,905442,IE26905442,M00001,KAPAK 090-065 HAM TENEKE 2 PARÇA,2026-06-06 15:14:30,2026-06-06 15:56:48,42.3,Kalıp söküldü,Hidrolik Kaçak,0
4003665,905443,IE26905443,M00001,KAPAK 090-065 HAM TENEKE 2 PARÇA,2026-06-07 13:57:27,2026-06-07 15:48:27,111,Kalıp söküldü,Elektrik Arızası,0
4003666,905444,IE26905444,M00001,KAPAK 090-065 HAM TENEKE 2 PARÇA,2026-06-08 14:52:12,2026-06-08 16:09:30,77.3,Yedek parça bekleniyor,Planlı Bakım,0
4003667,905445,IE26905445,M00001,KAPAK 090-065 HAM TENEKE 2 PARÇA,2026-06-30 14:35:57,2026-06-30 14:56:39,20.7,Yedek parça bekleniyor,Kalıp Değişimi,0
4003668,905446,IE26905446,M00001,KAPAK 090-065 HAM TENEKE 2 PARÇA,2026-07-01 15:43:55,2026-07-01 16:36:13,52.3,Operatör müdahalesi,Mekanik Arıza,0
4003669,905447,IE26905447,M00001,KAPAK 090-065 HAM TENEKE 2 PARÇA,2026-07-02 15:17:25,2026-07-02 16:01:25,44,,Kalite Duruşu,0
4003670,905449,IE26905449,M00037,YUVARLAK KUTU 078-095 MAT LAK 3 PARÇA,2026-02-08 12:44:42,2026-02-08 14:26:30,101.8,Kalıp söküldü,Personel Yetersizliği,0
4003671,905450,IE26905450,M00037,YUVARLAK KUTU 078-095 MAT LAK 3 PARÇA,2026-02-09 07:01:02,2026-02-09 07:22:08,21.1,Operatör müdahalesi,Sac Sıkışması,0
4003672,905451,IE26905451,M00037,YUVARLAK KUTU 078-095 MAT LAK 3 PARÇA,2026-02-10 10:24:18,2026-02-10 10:55:00,30.7,Operatör müdahalesi,Malzeme Bekleme,0
4003673,905453,IE26905453,M00006,SEKILLI KUTU 175-205 HAM TENEKE 3 PARÇA,2026-07-11 20:49:53,2026-07-11 21:33:17,43.4,,Elektrik Arızası,0
4003674,905455,IE25905455,M00021,KAPAK 090-065 MAT LAK 3 PARÇA,2025-11-08 11:42:54,2025-11-08 13:00:18,77.4,,Personel Yetersizliği,0
4003675,905456,IE25905456,M00021,KAPAK 090-065 MAT LAK 3 PARÇA,2025-11-09 22:34:58,2025-11-09 23:12:16,37.3,Yedek parça bekleniyor,Personel Yetersizliği,0
4003676,905457,IE25905457,M00021,KAPAK 090-065 MAT LAK 3 PARÇA,2025-11-10 08:56:26,2025-11-10 09:18:08,21.7,Operatör müdahalesi,Enerji Kesintisi,0
4003677,905458,IE25905458,M00021,KAPAK 090-065 MAT LAK 3 PARÇA,2025-11-11 18:51:33,2025-11-11 19:26:09,34.6,Operatör müdahalesi,Hidrolik Kaçak,0
4003678,905459,IE26905459,M00001,KAPAK 090-065 HAM TENEKE 2 PARÇA,2026-01-09 09:01:40,2026-01-09 09:30:46,29.1,Bakım çağrıldı,Kalıp Değişimi,0
4003679,905461,IE26905461,M00001,KAPAK 090-065 HAM TENEKE 2 PARÇA,2026-01-11 18:27:11,2026-01-11 19:11:23,44.2,Yedek parça bekleniyor,Malzeme Bekleme,0
4003680,905462,IE26905462,M00003,YUVARLAK KUTU 120-105 HAM TENEKE 2 PARÇA,2026-02-07 20:18:56,2026-02-07 21:21:26,62.5,Bakım çağrıldı,Mekanik Arıza,0
4003681,905463,IE26905463,M00003,YUVARLAK KUTU 120-105 HAM TENEKE 2 PARÇA,2026-02-08 14:59:57,2026-02-08 15:27:15,27.3,Bakım çağrıldı,Ayar / Numune Onayı,0
4003682,905465,IE26905465,M00003,YUVARLAK KUTU 120-105 HAM TENEKE 2 PARÇA,2026-02-10 20:40:55,2026-02-10 21:05:19,24.4,Yedek parça bekleniyor,Kalite Duruşu,0
4003683,905467,IE26905467,M00010,YUVARLAK KUTU 255-205 MAT LAK 3 PARÇA,2026-03-29 19:28:27,2026-03-29 20:22:15,53.8,,Kalıp Değişimi,0
4003684,905468,IE26905468,M00010,YUVARLAK KUTU 255-205 MAT LAK 3 PARÇA,2026-03-30 07:44:02,2026-03-30 08:27:38,43.6,,Hidrolik Kaçak,0
4003685,905470,IE26905470,M00072,DIKDORTGEN KUTU 145-095 HAM TENEKE 3 PARÇA,2026-01-17 19:08:06,2026-01-17 19:51:18,43.2,Operatör müdahalesi,Mekanik Arıza,0
4003686,905471,IE26905471,M00072,DIKDORTGEN KUTU 145-095 HAM TENEKE 3 PARÇA,2026-01-18 07:35:36,2026-01-18 08:15:06,39.5,,Vardiya Devri,0
4003687,905472,IE26905472,M00072,DIKDORTGEN KUTU 145-095 HAM TENEKE 3 PARÇA,2026-01-19 11:18:52,2026-01-19 12:04:40,45.8,,Elektrik Arızası,0
4003688,905473,IE26905473,M00072,DIKDORTGEN KUTU 145-095 HAM TENEKE 3 PARÇA,2026-01-20 15:54:07,2026-01-20 16:39:19,45.2,,Kalıp Değişimi,0
4003689,905474,IE26905474,M00002,TEPSI 325-125 MAT LAK 3 PARÇA,2026-07-20 11:13:47,2026-07-20 12:00:05,46.3,,Vardiya Devri,0
4003690,905475,IE26905475,M00002,TEPSI 325-125 MAT LAK 3 PARÇA,2026-07-21 17:01:08,2026-07-21 18:02:08,61,,Malzeme Bekleme,0
4003691,905476,IE26905476,M00002,TEPSI 325-125 MAT LAK 3 PARÇA,2026-07-22 22:41:13,2026-07-22 23:00:31,19.3,Kalıp söküldü,Ayar / Numune Onayı,0
4003692,905477,IE26905477,M00002,TEPSI 325-125 MAT LAK 3 PARÇA,2026-07-23 10:55:21,2026-07-23 11:04:21,9,Kalıp söküldü,Vardiya Devri,0
4003693,905478,IE25905478,M00001,KAPAK 090-065 HAM TENEKE 2 PARÇA,2025-09-18 09:31:41,2025-09-18 09:42:05,10.4,Operatör müdahalesi,Kalite Duruşu,0
4003694,905479,IE25905479,M00001,KAPAK 090-065 HAM TENEKE 2 PARÇA,2025-09-19 10:14:42,2025-09-19 10:50:18,35.6,Yedek parça bekleniyor,Ayar / Numune Onayı,0
4003695,905480,IE25905480,M00001,KAPAK 090-065 HAM TENEKE 2 PARÇA,2025-09-20 09:40:05,2025-09-20 09:53:59,13.9,Operatör müdahalesi,Mekanik Arıza,0
4003696,905481,IE25905481,M00001,KAPAK 090-065 HAM TENEKE 2 PARÇA,2025-09-21 12:15:08,2025-09-21 12:59:44,44.6,,Elektrik Arızası,0
4003697,905482,IE26905482,M00081,YUVARLAK KUTU 255-205 MAT LAK 3 PARÇA,2026-07-22 16:03:13,2026-07-22 17:05:43,62.5,Operatör müdahalesi,Personel Yetersizliği,0
4003698,905485,IE26905485,M00004,YUVARLAK KUTU 210-255 MAT LAK 3 PARÇA,2026-06-06 20:30:16,2026-06-06 20:35:34,5.3,Bakım çağrıldı,Elektrik Arızası,0
4003699,905486,IE26905486,M00004,YUVARLAK KUTU 210-255 MAT LAK 3 PARÇA,2026-06-07 21:29:57,2026-06-07 21:41:51,11.9,Yedek parça bekleniyor,Kalıp Değişimi,0
4003700,905487,IE26905487,M00004,YUVARLAK KUTU 210-255 MAT LAK 3 PARÇA,2026-06-08 19:54:24,2026-06-08 20:55:00,60.6,Bakım çağrıldı,Kalıp Değişimi,0
4003701,905488,IE26905488,M00004,YUVARLAK KUTU 210-255 MAT LAK 3 PARÇA,2026-06-09 19:03:26,2026-06-09 20:06:56,63.5,Yedek parça bekleniyor,Kalıp Değişimi,0
4003702,905490,IE26905490,M00003,YUVARLAK KUTU 120-105 HAM TENEKE 2 PARÇA,2026-03-17 16:18:38,2026-03-17 17:03:50,45.2,Operatör müdahalesi,Kalite Duruşu,0
4003703,905492,IE26905492,M00003,YUVARLAK KUTU 120-105 HAM TENEKE 2 PARÇA,2026-03-19 09:39:51,2026-03-19 10:12:39,32.8,Yedek parça bekleniyor,Kalite Duruşu,0
4003704,905493,IE26905493,M00131,YUVARLAK-SIVAMA KUTU Ø068 LITOGRAFI 3 PARÇA,2026-06-02 21:05:36,2026-06-02 21:59:12,53.6,,Mekanik Arıza,0
4003705,905494,IE26905494,M00131,YUVARLAK-SIVAMA KUTU Ø068 LITOGRAFI 3 PARÇA,2026-06-03 12:14:12,2026-06-03 12:49:24,35.2,Yedek parça bekleniyor,Kalıp Değişimi,0
4003706,905496,IE26905496,M00131,YUVARLAK-SIVAMA KUTU Ø068 LITOGRAFI 3 PARÇA,2026-06-05 16:08:08,2026-06-05 16:25:02,16.9,Yedek parça bekleniyor,Kalıp Değişimi,0
4003707,905497,IE26905497,M00048,YUVARLAK KUTU 295-165 VERNIKLI 3 PARÇA,2026-05-21 16:08:00,2026-05-21 17:02:12,54.2,,Vardiya Devri,0
4003708,905499,IE26905499,M00048,YUVARLAK KUTU 295-165 VERNIKLI 3 PARÇA,2026-05-23 08:50:46,2026-05-23 09:11:28,20.7,Kalıp söküldü,Sac Sıkışması,0
4003709,905500,IE26905500,M00047,KAPAK 245-175 LITOGRAFI 3 PARÇA,2026-07-08 14:16:29,2026-07-08 15:03:05,46.6,Yedek parça bekleniyor,Mekanik Arıza,0
4003710,905501,IE26905501,M00047,KAPAK 245-175 LITOGRAFI 3 PARÇA,2026-07-09 18:56:55,2026-07-09 19:20:13,23.3,Yedek parça bekleniyor,Elektrik Arızası,0
4003711,905502,IE26905502,M00047,KAPAK 245-175 LITOGRAFI 3 PARÇA,2026-07-10 18:09:58,2026-07-10 18:32:40,22.7,Operatör müdahalesi,Kalite Duruşu,0
4003712,905504,IE25905504,M00018,SEKIZGEN KUTU 135-145 HAM TENEKE 2 PARÇA,2025-11-19 15:28:18,2025-11-19 15:40:18,12,,Kalıp Değişimi,0
4003713,905505,IE25905505,M00018,SEKIZGEN KUTU 135-145 HAM TENEKE 2 PARÇA,2025-11-20 09:05:03,2025-11-20 09:26:51,21.8,Bakım çağrıldı,Mekanik Arıza,0
4003714,905506,IE25905506,M00018,SEKIZGEN KUTU 135-145 HAM TENEKE 2 PARÇA,2025-11-21 21:28:35,2025-11-21 21:41:29,12.9,Bakım çağrıldı,Malzeme Bekleme,0
4003715,905507,IE25905507,M00018,SEKIZGEN KUTU 135-145 HAM TENEKE 2 PARÇA,2025-11-22 15:56:31,2025-11-22 16:22:07,25.6,Yedek parça bekleniyor,Vardiya Devri,0
4003716,905508,IE25905508,M00125,KALP KUTU 160-090 MAT LAK 3 PARÇA,2025-07-17 16:41:22,2025-07-17 17:47:16,65.9,Yedek parça bekleniyor,Kalıp Değişimi,0
4003717,905510,IE25905510,M00125,KALP KUTU 160-090 MAT LAK 3 PARÇA,2025-07-19 20:07:10,2025-07-19 20:46:46,39.6,,Vardiya Devri,0
4003718,905511,IE26905511,M00221,YUVARLAK KUTU 120-105 HAM TENEKE 2 PARÇA,2026-01-21 14:02:49,2026-01-21 15:03:49,61,Bakım çağrıldı,Kalite Duruşu,0
4003719,905512,IE26905512,M00221,YUVARLAK KUTU 120-105 HAM TENEKE 2 PARÇA,2026-01-22 10:32:49,2026-01-22 11:07:25,34.6,,Sac Sıkışması,0
4003720,905514,IE26905514,M00221,YUVARLAK KUTU 120-105 HAM TENEKE 2 PARÇA,2026-01-24 20:39:37,2026-01-24 21:46:43,67.1,Operatör müdahalesi,Kalıp Değişimi,0
4003721,905515,IE25905515,M00127,YUVARLAK KUTU 158-175 LITOGRAFI 3 PARÇA,2025-12-05 12:27:32,2025-12-05 13:11:08,43.6,Kalıp söküldü,Malzeme Bekleme,0
4003722,905516,IE25905516,M00127,YUVARLAK KUTU 158-175 LITOGRAFI 3 PARÇA,2025-12-06 15:29:49,2025-12-06 16:13:43,43.9,,Sac Sıkışması,0
4003723,905517,IE25905517,M00127,YUVARLAK KUTU 158-175 LITOGRAFI 3 PARÇA,2025-12-07 21:09:07,2025-12-07 21:30:19,21.2,Bakım çağrıldı,Elektrik Arızası,0
4003724,905518,IE25905518,M00127,YUVARLAK KUTU 158-175 LITOGRAFI 3 PARÇA,2025-12-08 19:02:09,2025-12-08 20:29:27,87.3,Operatör müdahalesi,Mekanik Arıza,0
4003725,905519,IE26905519,M00054,TEPSI 325-125 HAM TENEKE 2 PARÇA,2026-03-26 13:12:32,2026-03-26 14:33:38,81.1,Yedek parça bekleniyor,Kalıp Değişimi,0
4003726,905521,IE26905521,M00054,TEPSI 325-125 HAM TENEKE 2 PARÇA,2026-03-28 14:14:34,2026-03-28 15:18:10,63.6,Kalıp söküldü,Planlı Bakım,0
4003727,905522,IE26905522,M00054,TEPSI 325-125 HAM TENEKE 2 PARÇA,2026-03-29 17:03:19,2026-03-29 17:27:01,23.7,Kalıp söküldü,Kalıp Değişimi,0
4003728,905523,IE26905523,M00020,YUVARLAK KUTU 210-255 LITOGRAFI 2 PARÇA,2026-04-02 21:16:06,2026-04-02 21:40:00,23.9,Bakım çağrıldı,Kalite Duruşu,0
4003729,905524,IE26905524,M00020,YUVARLAK KUTU 210-255 LITOGRAFI 2 PARÇA,2026-04-03 19:54:07,2026-04-03 20:36:25,42.3,Operatör müdahalesi,Mekanik Arıza,0
4003730,905525,IE26905525,M00020,YUVARLAK KUTU 210-255 LITOGRAFI 2 PARÇA,2026-04-04 06:21:03,2026-04-04 06:58:33,37.5,Yedek parça bekleniyor,Kalıp Değişimi,0
4003731,905526,IE26905526,M00020,YUVARLAK KUTU 210-255 LITOGRAFI 2 PARÇA,2026-04-05 18:23:08,2026-04-05 19:09:02,45.9,Yedek parça bekleniyor,Kalıp Değişimi,0
4003732,905528,IE26905528,M00005,DIKDORTGEN KUTU 145-095 MAT LAK 2 PARÇA,2026-06-06 13:18:37,2026-06-06 14:09:31,50.9,Yedek parça bekleniyor,Sac Sıkışması,0
4003733,905530,IE26905530,M00002,TEPSI 325-125 MAT LAK 3 PARÇA,2026-02-11 18:48:01,2026-02-11 19:01:19,13.3,,Planlı Bakım,0
4003734,905532,IE26905532,M00002,TEPSI 325-125 MAT LAK 3 PARÇA,2026-02-13 10:20:15,2026-02-13 11:17:39,57.4,,Kalıp Değişimi,0
4003735,905533,IE26905533,M00005,DIKDORTGEN KUTU 145-095 MAT LAK 2 PARÇA,2026-04-14 08:56:17,2026-04-14 09:33:35,37.3,,Kalıp Değişimi,0
4003736,905535,IE26905535,M00005,DIKDORTGEN KUTU 145-095 MAT LAK 2 PARÇA,2026-04-16 08:41:08,2026-04-16 09:55:14,74.1,Kalıp söküldü,Mekanik Arıza,0
4003737,905541,IE26905541,M00054,TEPSI 325-125 HAM TENEKE 2 PARÇA,2026-05-17 13:23:07,2026-05-17 13:48:19,25.2,Yedek parça bekleniyor,Kalıp Değişimi,0
4003738,905542,IE26905542,M00054,TEPSI 325-125 HAM TENEKE 2 PARÇA,2026-05-18 07:17:21,2026-05-18 08:14:21,57,,Mekanik Arıza,0
4003739,905543,IE26905543,M00054,TEPSI 325-125 HAM TENEKE 2 PARÇA,2026-05-19 09:31:44,2026-05-19 10:07:38,35.9,Operatör müdahalesi,Elektrik Arızası,0
4003740,905545,IE26905545,M00224,TEPSI 325-125 VERNIKLI 3 PARÇA,2026-04-05 22:22:45,2026-04-05 23:24:03,61.3,Bakım çağrıldı,Mekanik Arıza,0
4003741,905547,IE26905547,M00224,TEPSI 325-125 VERNIKLI 3 PARÇA,2026-04-07 17:49:09,2026-04-07 18:33:21,44.2,Operatör müdahalesi,Mekanik Arıza,0
4003742,905548,IE26905548,M00001,KAPAK 090-065 HAM TENEKE 2 PARÇA,2026-04-28 20:56:29,2026-04-28 21:51:23,54.9,Operatör müdahalesi,Kalıp Değişimi,0
4003743,905549,IE26905549,M00001,KAPAK 090-065 HAM TENEKE 2 PARÇA,2026-04-29 20:02:16,2026-04-29 21:31:22,89.1,Operatör müdahalesi,Mekanik Arıza,0
4003744,905556,IE26905556,M00001,KAPAK 090-065 HAM TENEKE 2 PARÇA,2026-01-13 10:58:00,2026-01-13 12:02:54,64.9,Bakım çağrıldı,Mekanik Arıza,0
4003745,905557,IE26905557,M00001,KAPAK 090-065 HAM TENEKE 2 PARÇA,2026-01-14 14:29:45,2026-01-14 14:42:27,12.7,Bakım çağrıldı,Kalıp Değişimi,0
4003746,905558,IE25905558,M00001,KAPAK 090-065 HAM TENEKE 2 PARÇA,2025-12-15 10:38:35,2025-12-15 10:47:11,8.6,Operatör müdahalesi,Malzeme Bekleme,0
4003747,905561,IE25905561,M00001,KAPAK 090-065 HAM TENEKE 2 PARÇA,2025-12-18 13:20:41,2025-12-18 13:29:11,8.5,,Kalıp Değişimi,0
4003748,905562,IE26905562,M00069,YUVARLAK KUTU 245-175 VERNIKLI 2 PARÇA,2026-06-12 12:38:25,2026-06-12 13:43:31,65.1,Bakım çağrıldı,Personel Yetersizliği,0
4003749,905564,IE26905564,M00069,YUVARLAK KUTU 245-175 VERNIKLI 2 PARÇA,2026-06-14 09:00:46,2026-06-14 09:19:22,18.6,,Sac Sıkışması,0
4003750,905565,IE26905565,M00069,YUVARLAK KUTU 245-175 VERNIKLI 2 PARÇA,2026-06-15 19:06:56,2026-06-15 19:20:56,14,Yedek parça bekleniyor,Hidrolik Kaçak,0
4003751,905566,IE26905566,M00006,SEKILLI KUTU 175-205 HAM TENEKE 3 PARÇA,2026-02-16 14:45:59,2026-02-16 15:04:17,18.3,,Kalıp Değişimi,0
4003752,905567,IE26905567,M00006,SEKILLI KUTU 175-205 HAM TENEKE 3 PARÇA,2026-02-17 15:56:29,2026-02-17 17:07:23,70.9,Yedek parça bekleniyor,Personel Yetersizliği,0
4003753,905568,IE26905568,M00006,SEKILLI KUTU 175-205 HAM TENEKE 3 PARÇA,2026-02-18 09:44:44,2026-02-18 10:11:56,27.2,Yedek parça bekleniyor,Ayar / Numune Onayı,0
4003754,905569,IE25905569,M00007,DIKDORTGEN KUTU 185-115 MAT LAK 2 PARÇA,2025-08-08 12:05:45,2025-08-08 13:23:15,77.5,Bakım çağrıldı,Kalıp Değişimi,0
4003755,905570,IE25905570,M00007,DIKDORTGEN KUTU 185-115 MAT LAK 2 PARÇA,2025-08-09 20:03:08,2025-08-09 20:53:08,50,Operatör müdahalesi,Mekanik Arıza,0
4003756,905572,IE26905572,M00013,KOSELI SIVAMA KUTU 210-080 LITOGRAFI 3 PARÇA,2026-03-07 16:50:59,2026-03-07 17:26:05,35.1,Yedek parça bekleniyor,Mekanik Arıza,0
4003757,905573,IE26905573,M00013,KOSELI SIVAMA KUTU 210-080 LITOGRAFI 3 PARÇA,2026-03-08 14:50:13,2026-03-08 15:15:31,25.3,Yedek parça bekleniyor,Kalıp Değişimi,0
4003758,905574,IE26905574,M00013,KOSELI SIVAMA KUTU 210-080 LITOGRAFI 3 PARÇA,2026-03-09 09:16:15,2026-03-09 09:44:39,28.4,Yedek parça bekleniyor,Ayar / Numune Onayı,0
4003759,905575,IE26905575,M00013,KOSELI SIVAMA KUTU 210-080 LITOGRAFI 3 PARÇA,2026-03-10 08:52:50,2026-03-10 09:48:32,55.7,Kalıp söküldü,Mekanik Arıza,0
4003760,905576,IE25905576,M00004,YUVARLAK KUTU 210-255 MAT LAK 3 PARÇA,2025-07-02 19:01:25,2025-07-02 19:23:13,21.8,Kalıp söküldü,Planlı Bakım,0
4003761,905577,IE25905577,M00004,YUVARLAK KUTU 210-255 MAT LAK 3 PARÇA,2025-07-03 15:57:15,2025-07-03 16:53:21,56.1,Kalıp söküldü,Kalite Duruşu,0
4003762,905580,IE25905580,M00029,YUVARLAK-SIVAMA KUTU Ø068 HAM TENEKE 2 PARÇA,2025-10-08 11:53:14,2025-10-08 12:30:20,37.1,Yedek parça bekleniyor,Enerji Kesintisi,0
4003763,905581,IE25905581,M00029,YUVARLAK-SIVAMA KUTU Ø068 HAM TENEKE 2 PARÇA,2025-10-09 17:36:19,2025-10-09 18:47:31,71.2,Yedek parça bekleniyor,Kalıp Değişimi,0
4003764,905582,IE25905582,M00029,YUVARLAK-SIVAMA KUTU Ø068 HAM TENEKE 2 PARÇA,2025-10-10 12:52:13,2025-10-10 13:31:01,38.8,Bakım çağrıldı,Kalite Duruşu,0
4003765,905583,IE25905583,M00004,YUVARLAK KUTU 210-255 MAT LAK 3 PARÇA,2025-11-11 07:42:23,2025-11-11 08:20:41,38.3,Operatör müdahalesi,Kalıp Değişimi,0
4003766,905584,IE25905584,M00004,YUVARLAK KUTU 210-255 MAT LAK 3 PARÇA,2025-11-12 19:24:03,2025-11-12 20:58:45,94.7,Operatör müdahalesi,Planlı Bakım,0
4003767,905585,IE25905585,M00004,YUVARLAK KUTU 210-255 MAT LAK 3 PARÇA,2025-11-13 20:23:25,2025-11-13 20:43:19,19.9,Yedek parça bekleniyor,Kalıp Değişimi,0
4003768,905586,IE25905586,M00096,KARE KUTU 225-165 MAT LAK 2 PARÇA,2025-09-15 11:12:17,2025-09-15 11:49:11,36.9,Operatör müdahalesi,Malzeme Bekleme,0
4003769,905587,IE25905587,M00096,KARE KUTU 225-165 MAT LAK 2 PARÇA,2025-09-16 13:20:14,2025-09-16 13:59:26,39.2,Kalıp söküldü,Hidrolik Kaçak,0
4003770,905588,IE25905588,M00096,KARE KUTU 225-165 MAT LAK 2 PARÇA,2025-09-17 10:05:29,2025-09-17 11:04:59,59.5,Yedek parça bekleniyor,Mekanik Arıza,0
4003771,905590,IE25905590,M00019,OVAL KUTU 295-165 VERNIKLI 2 PARÇA,2025-06-25 08:34:48,2025-06-25 09:23:36,48.8,Yedek parça bekleniyor,Hidrolik Kaçak,0
4003772,905591,IE25905591,M00019,OVAL KUTU 295-165 VERNIKLI 2 PARÇA,2025-06-26 15:06:07,2025-06-26 16:24:37,78.5,Yedek parça bekleniyor,Ayar / Numune Onayı,0
4003773,905592,IE25905592,M00019,OVAL KUTU 295-165 VERNIKLI 2 PARÇA,2025-06-27 14:03:58,2025-06-27 14:32:34,28.6,Operatör müdahalesi,Elektrik Arızası,0
4003774,905594,IE26905594,M00026,ALTIGEN KUTU 125-085 LITOGRAFI 2 PARÇA,2026-07-18 21:22:02,2026-07-18 21:30:20,8.3,,Mekanik Arıza,0
4003775,905595,IE26905595,M00026,ALTIGEN KUTU 125-085 LITOGRAFI 2 PARÇA,2026-07-19 18:59:55,2026-07-19 19:07:13,7.3,Bakım çağrıldı,Mekanik Arıza,0
4003776,905596,IE26905596,M00026,ALTIGEN KUTU 125-085 LITOGRAFI 2 PARÇA,2026-07-20 09:34:23,2026-07-20 09:54:59,20.6,Kalıp söküldü,Kalıp Değişimi,0
4003777,905600,IE26905600,M00025,YUVARLAK KUTU 255-205 VERNIKLI 3 PARÇA,2026-07-16 20:48:26,2026-07-16 21:08:44,20.3,,Ayar / Numune Onayı,0
4003778,905601,IE25905601,M00048,YUVARLAK KUTU 295-165 VERNIKLI 3 PARÇA,2025-12-27 08:58:17,2025-12-27 09:03:59,5.7,Kalıp söküldü,Mekanik Arıza,0
4003779,905602,IE25905602,M00048,YUVARLAK KUTU 295-165 VERNIKLI 3 PARÇA,2025-12-28 22:20:03,2025-12-28 23:28:33,68.5,,Hidrolik Kaçak,0
4003780,905603,IE25905603,M00048,YUVARLAK KUTU 295-165 VERNIKLI 3 PARÇA,2025-12-29 08:07:49,2025-12-29 08:44:07,36.3,,Mekanik Arıza,0
4003781,905604,IE25905604,M00048,YUVARLAK KUTU 295-165 VERNIKLI 3 PARÇA,2025-12-30 13:36:21,2025-12-30 14:10:57,34.6,Operatör müdahalesi,Kalıp Değişimi,0
4003782,905605,IE25905605,M00281,SEKIZGEN KUTU 135-145 VERNIKLI 2 PARÇA,2025-09-13 21:55:54,2025-09-13 22:33:54,38,Operatör müdahalesi,Kalıp Değişimi,0
4003783,905606,IE25905606,M00281,SEKIZGEN KUTU 135-145 VERNIKLI 2 PARÇA,2025-09-14 16:52:03,2025-09-14 17:14:15,22.2,Yedek parça bekleniyor,Ayar / Numune Onayı,0
4003784,905608,IE25905608,M00281,SEKIZGEN KUTU 135-145 VERNIKLI 2 PARÇA,2025-09-16 09:45:54,2025-09-16 10:24:36,38.7,,Planlı Bakım,0
4003785,905609,IE26905609,M00030,YUVARLAK KUTU Ø148 MAT LAK 2 PARÇA,2026-05-04 19:42:27,2026-05-04 21:06:57,84.5,,Ayar / Numune Onayı,0
4003786,905610,IE26905610,M00030,YUVARLAK KUTU Ø148 MAT LAK 2 PARÇA,2026-05-05 17:02:31,2026-05-05 17:46:43,44.2,Kalıp söküldü,Mekanik Arıza,0
4003787,905612,IE26905612,M00030,YUVARLAK KUTU Ø148 MAT LAK 2 PARÇA,2026-05-07 14:45:52,2026-05-07 16:19:52,94,Bakım çağrıldı,Kalıp Değişimi,0
4003788,905614,IE26905614,M00019,OVAL KUTU 295-165 VERNIKLI 2 PARÇA,2026-03-16 15:07:37,2026-03-16 15:47:07,39.5,Bakım çağrıldı,Kalıp Değişimi,0
4003789,905615,IE26905615,M00019,OVAL KUTU 295-165 VERNIKLI 2 PARÇA,2026-03-17 11:49:13,2026-03-17 12:04:37,15.4,,Enerji Kesintisi,0
4003790,905616,IE25905616,M00005,DIKDORTGEN KUTU 145-095 MAT LAK 2 PARÇA,2025-06-30 19:33:29,2025-06-30 19:45:53,12.4,Yedek parça bekleniyor,Elektrik Arızası,0
4003791,905617,IE25905617,M00005,DIKDORTGEN KUTU 145-095 MAT LAK 2 PARÇA,2025-07-01 20:07:54,2025-07-01 20:19:54,12,Kalıp söküldü,Ayar / Numune Onayı,0
4003792,905621,IE25905621,M00186,KOSELI SIVAMA KUTU 210-080 MAT LAK 2 PARÇA,2025-07-18 20:45:30,2025-07-18 21:25:54,40.4,Kalıp söküldü,Mekanik Arıza,0
4003793,905625,IE26905625,M00002,TEPSI 325-125 MAT LAK 3 PARÇA,2026-05-19 17:32:58,2026-05-19 18:15:04,42.1,Operatör müdahalesi,Malzeme Bekleme,0
4003794,905626,IE26905626,M00002,TEPSI 325-125 MAT LAK 3 PARÇA,2026-05-20 16:16:28,2026-05-20 16:51:34,35.1,Yedek parça bekleniyor,Kalıp Değişimi,0
4003795,905627,IE25905627,M00010,YUVARLAK KUTU 255-205 MAT LAK 3 PARÇA,2025-12-17 18:08:52,2025-12-17 18:40:10,31.3,Bakım çağrıldı,Ayar / Numune Onayı,0
4003796,905628,IE25905628,M00010,YUVARLAK KUTU 255-205 MAT LAK 3 PARÇA,2025-12-18 17:36:58,2025-12-18 17:43:10,6.2,Bakım çağrıldı,Kalite Duruşu,0
4003797,905629,IE25905629,M00010,YUVARLAK KUTU 255-205 MAT LAK 3 PARÇA,2025-12-19 18:37:39,2025-12-19 18:48:39,11,Bakım çağrıldı,Kalıp Değişimi,0
4003798,905630,IE26905630,M00005,DIKDORTGEN KUTU 145-095 MAT LAK 2 PARÇA,2026-05-29 16:09:41,2026-05-29 17:27:11,77.5,Yedek parça bekleniyor,Malzeme Bekleme,0
4003799,905631,IE26905631,M00005,DIKDORTGEN KUTU 145-095 MAT LAK 2 PARÇA,2026-05-30 09:21:13,2026-05-30 10:09:37,48.4,,Kalıp Değişimi,0
4003800,905633,IE26905633,M00014,YUVARLAK KUTU 120-105 HAM TENEKE 2 PARÇA,2026-05-31 08:54:36,2026-05-31 09:08:42,14.1,Operatör müdahalesi,Malzeme Bekleme,0
4003801,905634,IE26905634,M00014,YUVARLAK KUTU 120-105 HAM TENEKE 2 PARÇA,2026-06-01 10:49:39,2026-06-01 11:27:21,37.7,,Kalıp Değişimi,0
4003802,905636,IE25905636,M00167,ALTIGEN KUTU 125-085 HAM TENEKE 2 PARÇA,2025-07-06 18:36:39,2025-07-06 18:41:45,5.1,Yedek parça bekleniyor,Elektrik Arızası,0
4003803,905637,IE25905637,M00167,ALTIGEN KUTU 125-085 HAM TENEKE 2 PARÇA,2025-07-07 14:42:34,2025-07-07 14:59:28,16.9,Yedek parça bekleniyor,Ayar / Numune Onayı,0
4003804,905638,IE25905638,M00167,ALTIGEN KUTU 125-085 HAM TENEKE 2 PARÇA,2025-07-08 19:34:00,2025-07-08 20:53:12,79.2,Kalıp söküldü,Kalıp Değişimi,0
4003805,905639,IE26905639,M00002,TEPSI 325-125 MAT LAK 3 PARÇA,2026-03-20 21:30:18,2026-03-20 21:41:24,11.1,Kalıp söküldü,Kalıp Değişimi,0
4003806,905640,IE26905640,M00002,TEPSI 325-125 MAT LAK 3 PARÇA,2026-03-21 18:24:50,2026-03-21 18:51:14,26.4,Operatör müdahalesi,Vardiya Devri,0
4003807,905641,IE26905641,M00002,TEPSI 325-125 MAT LAK 3 PARÇA,2026-03-22 15:20:47,2026-03-22 16:11:59,51.2,Bakım çağrıldı,Hidrolik Kaçak,0
4003808,905644,IE25905644,M00014,YUVARLAK KUTU 120-105 HAM TENEKE 2 PARÇA,2025-07-14 13:57:41,2025-07-14 14:48:11,50.5,Operatör müdahalesi,Kalıp Değişimi,0
4003809,905645,IE25905645,M00014,YUVARLAK KUTU 120-105 HAM TENEKE 2 PARÇA,2025-07-15 10:22:32,2025-07-15 11:19:50,57.3,Kalıp söküldü,Enerji Kesintisi,0
4003810,905646,IE25905646,M00014,YUVARLAK KUTU 120-105 HAM TENEKE 2 PARÇA,2025-07-16 18:25:00,2025-07-16 19:25:30,60.5,Operatör müdahalesi,Mekanik Arıza,0
4003811,905647,IE25905647,M00013,KOSELI SIVAMA KUTU 210-080 LITOGRAFI 3 PARÇA,2025-07-20 12:33:52,2025-07-20 12:53:10,19.3,Kalıp söküldü,Kalıp Değişimi,0
4003812,905649,IE25905649,M00013,KOSELI SIVAMA KUTU 210-080 LITOGRAFI 3 PARÇA,2025-07-22 08:49:55,2025-07-22 10:22:49,92.9,Operatör müdahalesi,Mekanik Arıza,0
4003813,905650,IE25905650,M00013,KOSELI SIVAMA KUTU 210-080 LITOGRAFI 3 PARÇA,2025-07-23 19:35:54,2025-07-23 20:19:00,43.1,,Vardiya Devri,0
4003814,905651,IE25905651,M00052,YUVARLAK KUTU 135-145 LITOGRAFI 2 PARÇA,2025-07-01 11:39:03,2025-07-01 12:18:33,39.5,Operatör müdahalesi,Mekanik Arıza,0
4003815,905652,IE25905652,M00052,YUVARLAK KUTU 135-145 LITOGRAFI 2 PARÇA,2025-07-02 20:34:18,2025-07-02 20:41:30,7.2,Kalıp söküldü,Elektrik Arızası,0
4003816,905653,IE25905653,M00052,YUVARLAK KUTU 135-145 LITOGRAFI 2 PARÇA,2025-07-03 10:25:39,2025-07-03 10:57:15,31.6,Bakım çağrıldı,Hidrolik Kaçak,0
4003817,905655,IE25905655,M00026,ALTIGEN KUTU 125-085 LITOGRAFI 2 PARÇA,2025-06-28 11:30:59,2025-06-28 12:04:35,33.6,Yedek parça bekleniyor,Elektrik Arızası,0
4003818,905656,IE25905656,M00026,ALTIGEN KUTU 125-085 LITOGRAFI 2 PARÇA,2025-06-29 10:31:14,2025-06-29 11:47:50,76.6,Kalıp söküldü,Kalıp Değişimi,0
4003819,905658,IE25905658,M00026,ALTIGEN KUTU 125-085 LITOGRAFI 2 PARÇA,2025-07-01 19:00:14,2025-07-01 19:22:56,22.7,,Elektrik Arızası,0
4003820,905659,IE25905659,M00019,OVAL KUTU 295-165 VERNIKLI 2 PARÇA,2025-07-21 23:10:07,2025-07-21 23:35:37,25.5,,Kalıp Değişimi,0
4003821,905660,IE25905660,M00019,OVAL KUTU 295-165 VERNIKLI 2 PARÇA,2025-07-22 14:47:08,2025-07-22 15:12:56,25.8,Bakım çağrıldı,Elektrik Arızası,0
4003822,905661,IE25905661,M00019,OVAL KUTU 295-165 VERNIKLI 2 PARÇA,2025-07-23 08:25:53,2025-07-23 08:58:41,32.8,Yedek parça bekleniyor,Kalıp Değişimi,0
4003823,905662,IE25905662,M00019,OVAL KUTU 295-165 VERNIKLI 2 PARÇA,2025-07-24 16:50:30,2025-07-24 17:15:36,25.1,,Ayar / Numune Onayı,0
4003824,905666,IE26905666,M00003,YUVARLAK KUTU 120-105 HAM TENEKE 2 PARÇA,2026-03-17 20:37:27,2026-03-17 20:55:09,17.7,,Malzeme Bekleme,0
4003825,905667,IE26905667,M00003,YUVARLAK KUTU 120-105 HAM TENEKE 2 PARÇA,2026-03-18 15:17:59,2026-03-18 15:28:35,10.6,Yedek parça bekleniyor,Kalıp Değişimi,0
4003826,905668,IE26905668,M00003,YUVARLAK KUTU 120-105 HAM TENEKE 2 PARÇA,2026-03-19 20:13:26,2026-03-19 20:54:02,40.6,Yedek parça bekleniyor,Sac Sıkışması,0
4003827,905670,IE25905670,M00029,YUVARLAK-SIVAMA KUTU Ø068 HAM TENEKE 2 PARÇA,2025-10-17 15:11:58,2025-10-17 16:36:34,84.6,,Mekanik Arıza,0
4003828,905672,IE25905672,M00029,YUVARLAK-SIVAMA KUTU Ø068 HAM TENEKE 2 PARÇA,2025-10-19 21:59:45,2025-10-19 23:15:15,75.5,,Malzeme Bekleme,0
4003829,905674,IE25905674,M00005,DIKDORTGEN KUTU 145-095 MAT LAK 2 PARÇA,2025-12-10 10:15:48,2025-12-10 10:41:00,25.2,Operatör müdahalesi,Malzeme Bekleme,0
4003830,905677,IE25905677,M00005,DIKDORTGEN KUTU 145-095 MAT LAK 2 PARÇA,2025-12-13 21:09:05,2025-12-13 21:37:23,28.3,Bakım çağrıldı,Elektrik Arızası,0
4003831,905679,IE25905679,M00270,KALP KUTU 160-090 HAM TENEKE 3 PARÇA,2025-07-16 18:38:51,2025-07-16 18:48:21,9.5,Kalıp söküldü,Ayar / Numune Onayı,0
4003832,905680,IE25905680,M00270,KALP KUTU 160-090 HAM TENEKE 3 PARÇA,2025-07-17 07:26:54,2025-07-17 08:07:06,40.2,,Elektrik Arızası,0
4003833,905685,IE25905685,M00006,SEKILLI KUTU 175-205 HAM TENEKE 3 PARÇA,2025-12-06 16:03:01,2025-12-06 16:09:31,6.5,,Hidrolik Kaçak,0
4003834,905687,IE25905687,M00006,SEKILLI KUTU 175-205 HAM TENEKE 3 PARÇA,2025-12-08 19:55:45,2025-12-08 20:59:09,63.4,Kalıp söküldü,Kalite Duruşu,0
4003835,905688,IE25905688,M00006,SEKILLI KUTU 175-205 HAM TENEKE 3 PARÇA,2025-12-09 16:18:19,2025-12-09 17:13:49,55.5,Kalıp söküldü,Elektrik Arızası,0
4003836,905689,IE26905689,M00004,YUVARLAK KUTU 210-255 MAT LAK 3 PARÇA,2026-07-18 20:54:20,2026-07-18 21:14:38,20.3,Kalıp söküldü,Ayar / Numune Onayı,0
4003837,905690,IE26905690,M00004,YUVARLAK KUTU 210-255 MAT LAK 3 PARÇA,2026-07-19 12:54:36,2026-07-19 13:08:54,14.3,Bakım çağrıldı,Kalıp Değişimi,0
4003838,905693,IE26905693,M00002,TEPSI 325-125 MAT LAK 3 PARÇA,2026-05-02 11:42:53,2026-05-02 12:39:11,56.3,Bakım çağrıldı,Vardiya Devri,0
4003839,905695,IE26905695,M00002,TEPSI 325-125 MAT LAK 3 PARÇA,2026-05-04 20:47:14,2026-05-04 22:08:20,81.1,Yedek parça bekleniyor,Planlı Bakım,0
4003840,905696,IE25905696,M00011,YUVARLAK KUTU 120-105 HAM TENEKE 3 PARÇA,2025-10-18 20:18:00,2025-10-18 20:29:00,11,Bakım çağrıldı,Vardiya Devri,0
4003841,905697,IE25905697,M00011,YUVARLAK KUTU 120-105 HAM TENEKE 3 PARÇA,2025-10-19 20:40:06,2025-10-19 21:14:48,34.7,,Ayar / Numune Onayı,0
4003842,905701,IE26905701,M00005,DIKDORTGEN KUTU 145-095 MAT LAK 2 PARÇA,2026-03-18 20:36:50,2026-03-18 22:00:38,83.8,,Kalıp Değişimi,0
4003843,905703,IE26905703,M00020,YUVARLAK KUTU 210-255 LITOGRAFI 2 PARÇA,2026-07-20 14:16:20,2026-07-20 14:42:38,26.3,Bakım çağrıldı,Kalıp Değişimi,0
4003844,905704,IE26905704,M00020,YUVARLAK KUTU 210-255 LITOGRAFI 2 PARÇA,2026-07-21 13:49:40,2026-07-21 14:42:58,53.3,Kalıp söküldü,Ayar / Numune Onayı,0
4003845,905706,IE26905706,M00040,YUVARLAK KUTU 255-205 MAT LAK 3 PARÇA,2026-07-14 16:43:46,2026-07-14 17:22:58,39.2,Kalıp söküldü,Mekanik Arıza,0
4003846,905707,IE26905707,M00040,YUVARLAK KUTU 255-205 MAT LAK 3 PARÇA,2026-07-15 08:02:55,2026-07-15 08:34:31,31.6,Operatör müdahalesi,Vardiya Devri,0
4003847,905709,IE26905709,M00040,YUVARLAK KUTU 255-205 MAT LAK 3 PARÇA,2026-07-17 10:55:47,2026-07-17 11:41:23,45.6,,Kalıp Değişimi,0
4003848,905710,IE25905710,M00002,TEPSI 325-125 MAT LAK 3 PARÇA,2025-11-01 18:46:10,2025-11-01 19:03:58,17.8,Bakım çağrıldı,Ayar / Numune Onayı,0
4003849,905711,IE25905711,M00002,TEPSI 325-125 MAT LAK 3 PARÇA,2025-11-02 23:09:33,2025-11-02 23:42:57,33.4,Operatör müdahalesi,Vardiya Devri,0
4003850,905713,IE25905713,M00002,TEPSI 325-125 MAT LAK 3 PARÇA,2025-11-04 08:00:12,2025-11-04 09:19:30,79.3,,Kalite Duruşu,0
4003851,905715,IE26905715,M00012,YUVARLAK KUTU 205-050 LITOGRAFI 2 PARÇA,2026-07-17 09:36:04,2026-07-17 11:12:52,96.8,Kalıp söküldü,Sac Sıkışması,0
4003852,905716,IE26905716,M00012,YUVARLAK KUTU 205-050 LITOGRAFI 2 PARÇA,2026-07-18 21:56:42,2026-07-18 22:31:00,34.3,Kalıp söküldü,Personel Yetersizliği,0
4003853,905717,IE25905717,M00002,TEPSI 325-125 MAT LAK 3 PARÇA,2025-09-21 16:32:49,2025-09-21 17:18:49,46,Kalıp söküldü,Ayar / Numune Onayı,0
4003854,905718,IE25905718,M00002,TEPSI 325-125 MAT LAK 3 PARÇA,2025-09-22 12:12:31,2025-09-22 12:43:49,31.3,,Ayar / Numune Onayı,0
4003855,905720,IE26905720,M00004,YUVARLAK KUTU 210-255 MAT LAK 3 PARÇA,2026-02-27 20:21:09,2026-02-27 21:07:15,46.1,Bakım çağrıldı,Personel Yetersizliği,0
4003856,905721,IE26905721,M00004,YUVARLAK KUTU 210-255 MAT LAK 3 PARÇA,2026-02-28 09:43:05,2026-02-28 09:49:29,6.4,Bakım çağrıldı,Kalıp Değişimi,0
4003857,905723,IE26905723,M00004,YUVARLAK KUTU 210-255 MAT LAK 3 PARÇA,2026-03-02 21:24:37,2026-03-02 22:44:01,79.4,,Kalıp Değişimi,0
4003858,905726,IE25905726,M00239,KAPAK 090-065 MAT LAK 3 PARÇA,2025-09-17 12:55:24,2025-09-17 13:05:42,10.3,Kalıp söküldü,Elektrik Arızası,0
4003859,905734,IE25905734,M00013,KOSELI SIVAMA KUTU 210-080 LITOGRAFI 3 PARÇA,2025-08-18 18:32:00,2025-08-18 18:53:48,21.8,Operatör müdahalesi,Kalıp Değişimi,0
4003860,905735,IE25905735,M00013,KOSELI SIVAMA KUTU 210-080 LITOGRAFI 3 PARÇA,2025-08-19 11:30:48,2025-08-19 12:05:24,34.6,,Mekanik Arıza,0
4003861,905738,IE25905738,M00077,DIKDORTGEN KUTU Ø068 LITOGRAFI 2 PARÇA,2025-09-20 20:50:37,2025-09-20 21:47:55,57.3,,Mekanik Arıza,0
4003862,905741,IE25905741,M00010,YUVARLAK KUTU 255-205 MAT LAK 3 PARÇA,2025-08-21 14:43:26,2025-08-21 15:15:44,32.3,Yedek parça bekleniyor,Kalıp Değişimi,0
4003863,905749,IE26905749,M00023,YUVARLAK KUTU 078-095 LITOGRAFI 2 PARÇA,2026-06-02 09:31:28,2026-06-02 09:53:46,22.3,,Kalıp Değişimi,0
4003864,905750,IE26905750,M00023,YUVARLAK KUTU 078-095 LITOGRAFI 2 PARÇA,2026-06-03 13:14:43,2026-06-03 14:25:01,70.3,Bakım çağrıldı,Ayar / Numune Onayı,0
4003865,905751,IE25905751,M00037,YUVARLAK KUTU 078-095 MAT LAK 3 PARÇA,2025-12-05 19:41:18,2025-12-05 19:49:00,7.7,Yedek parça bekleniyor,Malzeme Bekleme,0
4003866,905752,IE25905752,M00037,YUVARLAK KUTU 078-095 MAT LAK 3 PARÇA,2025-12-06 13:36:37,2025-12-06 14:47:25,70.8,Operatör müdahalesi,Kalıp Değişimi,0
4003867,905755,IE25905755,M00018,SEKIZGEN KUTU 135-145 HAM TENEKE 2 PARÇA,2025-12-25 16:36:26,2025-12-25 16:43:20,6.9,Bakım çağrıldı,Malzeme Bekleme,0
4003868,905756,IE25905756,M00018,SEKIZGEN KUTU 135-145 HAM TENEKE 2 PARÇA,2025-12-26 20:58:44,2025-12-26 21:46:32,47.8,,Elektrik Arızası,0
4003869,905757,IE25905757,M00018,SEKIZGEN KUTU 135-145 HAM TENEKE 2 PARÇA,2025-12-27 09:52:32,2025-12-27 10:19:56,27.4,Yedek parça bekleniyor,Planlı Bakım,0
4003870,905761,IE25905761,M00016,YUVARLAK-SIVAMA KUTU Ø068 HAM TENEKE 2 PARÇA,2025-12-06 13:19:47,2025-12-06 14:45:47,86,Kalıp söküldü,Kalıp Değişimi,0
4003871,905762,IE25905762,M00002,TEPSI 325-125 MAT LAK 3 PARÇA,2025-07-10 20:46:13,2025-07-10 21:05:19,19.1,,Kalıp Değişimi,0
4003872,905763,IE25905763,M00002,TEPSI 325-125 MAT LAK 3 PARÇA,2025-07-11 16:38:38,2025-07-11 17:20:50,42.2,,Sac Sıkışması,0
4003873,905765,IE26905765,M00020,YUVARLAK KUTU 210-255 LITOGRAFI 2 PARÇA,2026-04-05 12:19:13,2026-04-05 12:31:01,11.8,Operatör müdahalesi,Hidrolik Kaçak,0
4003874,905766,IE26905766,M00020,YUVARLAK KUTU 210-255 LITOGRAFI 2 PARÇA,2026-04-06 13:56:09,2026-04-06 14:34:15,38.1,,Vardiya Devri,0
4003875,905767,IE26905767,M00020,YUVARLAK KUTU 210-255 LITOGRAFI 2 PARÇA,2026-04-07 18:15:37,2026-04-07 18:54:13,38.6,,Kalıp Değişimi,0
4003876,905768,IE25905768,M00004,YUVARLAK KUTU 210-255 MAT LAK 3 PARÇA,2025-08-02 14:38:15,2025-08-02 14:47:03,8.8,Kalıp söküldü,Planlı Bakım,0
4003877,905771,IE26905771,M00013,KOSELI SIVAMA KUTU 210-080 LITOGRAFI 3 PARÇA,2026-01-02 18:16:15,2026-01-02 19:10:51,54.6,,Kalıp Değişimi,0
4003878,905772,IE26905772,M00013,KOSELI SIVAMA KUTU 210-080 LITOGRAFI 3 PARÇA,2026-01-03 15:49:28,2026-01-03 15:59:16,9.8,Operatör müdahalesi,Kalıp Değişimi,0
4003879,905774,IE25905774,M00319,OVAL KUTU 295-165 LITOGRAFI 2 PARÇA,2025-07-02 18:37:40,2025-07-02 18:53:10,15.5,Operatör müdahalesi,Mekanik Arıza,0
4003880,905776,IE25905776,M00319,OVAL KUTU 295-165 LITOGRAFI 2 PARÇA,2025-07-04 09:12:45,2025-07-04 10:04:27,51.7,Operatör müdahalesi,Ayar / Numune Onayı,0
4003881,905777,IE25905777,M00319,OVAL KUTU 295-165 LITOGRAFI 2 PARÇA,2025-07-05 18:59:28,2025-07-05 19:28:46,29.3,Yedek parça bekleniyor,Kalıp Değişimi,0
4003882,905778,IE26905778,M00044,KAPAK 090-065 VERNIKLI 2 PARÇA,2026-04-25 19:49:13,2026-04-25 20:44:19,55.1,Operatör müdahalesi,Sac Sıkışması,0
4003883,905779,IE26905779,M00044,KAPAK 090-065 VERNIKLI 2 PARÇA,2026-04-26 17:51:08,2026-04-26 18:43:14,52.1,Operatör müdahalesi,Elektrik Arızası,0
4003884,905780,IE26905780,M00044,KAPAK 090-065 VERNIKLI 2 PARÇA,2026-04-27 16:40:15,2026-04-27 16:56:03,15.8,Yedek parça bekleniyor,Kalıp Değişimi,0
4003885,905781,IE26905781,M00044,KAPAK 090-065 VERNIKLI 2 PARÇA,2026-04-28 11:19:29,2026-04-28 11:41:17,21.8,Bakım çağrıldı,Sac Sıkışması,0
4003886,905782,IE26905782,M00260,YUVARLAK KUTU 120-105 LITOGRAFI 2 PARÇA,2026-02-26 09:17:06,2026-02-26 09:28:36,11.5,Kalıp söküldü,Elektrik Arızası,0
4003887,905783,IE26905783,M00260,YUVARLAK KUTU 120-105 LITOGRAFI 2 PARÇA,2026-02-27 12:15:14,2026-02-27 13:23:44,68.5,Operatör müdahalesi,Ayar / Numune Onayı,0
4003888,905785,IE26905785,M00260,YUVARLAK KUTU 120-105 LITOGRAFI 2 PARÇA,2026-03-01 23:04:06,2026-03-01 23:38:42,34.6,,Vardiya Devri,0
4003889,905786,IE26905786,M00004,YUVARLAK KUTU 210-255 MAT LAK 3 PARÇA,2026-01-24 18:01:41,2026-01-24 19:15:53,74.2,Bakım çağrıldı,Elektrik Arızası,0
4003890,905787,IE26905787,M00004,YUVARLAK KUTU 210-255 MAT LAK 3 PARÇA,2026-01-25 18:20:01,2026-01-25 19:12:13,52.2,Operatör müdahalesi,Kalıp Değişimi,0
4003891,905788,IE26905788,M00004,YUVARLAK KUTU 210-255 MAT LAK 3 PARÇA,2026-01-26 13:35:10,2026-01-26 14:05:52,30.7,,Sac Sıkışması,0
4003892,905790,IE26905790,M00001,KAPAK 090-065 HAM TENEKE 2 PARÇA,2026-07-06 18:56:42,2026-07-06 19:16:48,20.1,Operatör müdahalesi,Kalıp Değişimi,0
4003893,905800,IE26905800,M00005,DIKDORTGEN KUTU 145-095 MAT LAK 2 PARÇA,2026-04-30 17:11:02,2026-04-30 17:35:44,24.7,Operatör müdahalesi,Kalıp Değişimi,0
4003894,905801,IE26905801,M00005,DIKDORTGEN KUTU 145-095 MAT LAK 2 PARÇA,2026-05-01 17:51:01,2026-05-01 18:43:55,52.9,,Mekanik Arıza,0
4003895,905802,IE26905802,M00005,DIKDORTGEN KUTU 145-095 MAT LAK 2 PARÇA,2026-05-02 19:25:46,2026-05-02 20:49:10,83.4,,Sac Sıkışması,0
4003896,905803,IE25905803,M00004,YUVARLAK KUTU 210-255 MAT LAK 3 PARÇA,2025-10-12 18:26:53,2025-10-12 19:06:41,39.8,Kalıp söküldü,Kalıp Değişimi,0
4003897,905804,IE25905804,M00004,YUVARLAK KUTU 210-255 MAT LAK 3 PARÇA,2025-10-13 08:14:37,2025-10-13 09:36:55,82.3,Yedek parça bekleniyor,Mekanik Arıza,0
4003898,905805,IE25905805,M00004,YUVARLAK KUTU 210-255 MAT LAK 3 PARÇA,2025-10-14 14:05:39,2025-10-14 14:38:39,33,Bakım çağrıldı,Hidrolik Kaçak,0
4003899,905806,IE26905806,M00005,DIKDORTGEN KUTU 145-095 MAT LAK 2 PARÇA,2026-06-24 08:16:35,2026-06-24 08:36:53,20.3,Kalıp söküldü,Malzeme Bekleme,0
4003900,905807,IE26905807,M00005,DIKDORTGEN KUTU 145-095 MAT LAK 2 PARÇA,2026-06-25 11:40:15,2026-06-25 11:49:09,8.9,Bakım çağrıldı,Kalıp Değişimi,0
4003901,905808,IE26905808,M00005,DIKDORTGEN KUTU 145-095 MAT LAK 2 PARÇA,2026-06-26 11:12:54,2026-06-26 11:53:18,40.4,Yedek parça bekleniyor,Malzeme Bekleme,0
4003902,905809,IE26905809,M00005,DIKDORTGEN KUTU 145-095 MAT LAK 2 PARÇA,2026-06-27 12:35:00,2026-06-27 12:50:48,15.8,Kalıp söküldü,Mekanik Arıza,0
4003903,905810,IE25905810,M00015,YUVARLAK KUTU Ø092 MAT LAK 2 PARÇA,2025-07-18 07:55:36,2025-07-18 08:24:24,28.8,Kalıp söküldü,Mekanik Arıza,0
4003904,905811,IE25905811,M00015,YUVARLAK KUTU Ø092 MAT LAK 2 PARÇA,2025-07-19 09:31:32,2025-07-19 09:38:32,7,,Ayar / Numune Onayı,0
4003905,905812,IE25905812,M00015,YUVARLAK KUTU Ø092 MAT LAK 2 PARÇA,2025-07-20 17:46:51,2025-07-20 18:28:45,41.9,Kalıp söküldü,Kalıp Değişimi,0
4003906,905813,IE25905813,M00015,YUVARLAK KUTU Ø092 MAT LAK 2 PARÇA,2025-07-21 10:57:36,2025-07-21 11:42:36,45,Yedek parça bekleniyor,Kalıp Değişimi,0
4003907,905815,IE26905815,M00007,DIKDORTGEN KUTU 185-115 MAT LAK 2 PARÇA,2026-06-22 11:02:36,2026-06-22 11:54:24,51.8,Bakım çağrıldı,Kalite Duruşu,0
4003908,905816,IE26905816,M00007,DIKDORTGEN KUTU 185-115 MAT LAK 2 PARÇA,2026-06-23 08:02:31,2026-06-23 08:38:37,36.1,,Kalıp Değişimi,0
4003909,905817,IE26905817,M00005,DIKDORTGEN KUTU 145-095 MAT LAK 2 PARÇA,2026-03-19 18:05:23,2026-03-19 19:26:47,81.4,Operatör müdahalesi,Malzeme Bekleme,0
4003910,905818,IE26905818,M00005,DIKDORTGEN KUTU 145-095 MAT LAK 2 PARÇA,2026-03-20 11:15:07,2026-03-20 11:33:19,18.2,Operatör müdahalesi,Kalıp Değişimi,0
4003911,905819,IE26905819,M00005,DIKDORTGEN KUTU 145-095 MAT LAK 2 PARÇA,2026-03-21 09:14:42,2026-03-21 10:39:48,85.1,Yedek parça bekleniyor,Kalıp Değişimi,0
4003912,905820,IE26905820,M00005,DIKDORTGEN KUTU 145-095 MAT LAK 2 PARÇA,2026-03-22 15:31:51,2026-03-22 16:27:57,56.1,Kalıp söküldü,Ayar / Numune Onayı,0
4003913,905822,IE25905822,M00007,DIKDORTGEN KUTU 185-115 MAT LAK 2 PARÇA,2025-11-16 16:52:24,2025-11-16 17:35:48,43.4,Yedek parça bekleniyor,Vardiya Devri,0
4003914,905823,IE25905823,M00007,DIKDORTGEN KUTU 185-115 MAT LAK 2 PARÇA,2025-11-17 14:56:47,2025-11-17 15:14:11,17.4,Operatör müdahalesi,Malzeme Bekleme,0
4003915,905826,IE25905826,M00026,ALTIGEN KUTU 125-085 LITOGRAFI 2 PARÇA,2025-10-30 11:47:22,2025-10-30 12:48:46,61.4,Operatör müdahalesi,Planlı Bakım,0
4003916,905827,IE25905827,M00026,ALTIGEN KUTU 125-085 LITOGRAFI 2 PARÇA,2025-10-31 20:01:11,2025-10-31 21:00:35,59.4,Kalıp söküldü,Ayar / Numune Onayı,0
4003917,905828,IE25905828,M00026,ALTIGEN KUTU 125-085 LITOGRAFI 2 PARÇA,2025-11-01 17:08:46,2025-11-01 17:25:40,16.9,Yedek parça bekleniyor,Kalite Duruşu,0
4003918,905829,IE26905829,M00005,DIKDORTGEN KUTU 145-095 MAT LAK 2 PARÇA,2026-06-29 11:01:44,2026-06-29 11:09:08,7.4,Yedek parça bekleniyor,Sac Sıkışması,0
4003919,905831,IE26905831,M00005,DIKDORTGEN KUTU 145-095 MAT LAK 2 PARÇA,2026-07-01 10:51:46,2026-07-01 11:08:34,16.8,Bakım çağrıldı,Kalıp Değişimi,0
4003920,905832,IE26905832,M00005,DIKDORTGEN KUTU 145-095 MAT LAK 2 PARÇA,2026-07-02 13:34:07,2026-07-02 14:09:25,35.3,,Hidrolik Kaçak,0
4003921,905833,IE26905833,M00001,KAPAK 090-065 HAM TENEKE 2 PARÇA,2026-04-04 14:49:10,2026-04-04 15:08:10,19,Bakım çağrıldı,Kalıp Değişimi,0
4003922,905834,IE26905834,M00001,KAPAK 090-065 HAM TENEKE 2 PARÇA,2026-04-05 20:16:46,2026-04-05 21:00:58,44.2,Yedek parça bekleniyor,Personel Yetersizliği,0
4003923,905836,IE26905836,M00001,KAPAK 090-065 HAM TENEKE 2 PARÇA,2026-04-07 19:54:48,2026-04-07 20:46:30,51.7,Yedek parça bekleniyor,Malzeme Bekleme,0
4003924,905837,IE25905837,M00002,TEPSI 325-125 MAT LAK 3 PARÇA,2025-12-15 15:08:45,2025-12-15 15:35:45,27,Bakım çağrıldı,Malzeme Bekleme,0
4003925,905838,IE25905838,M00002,TEPSI 325-125 MAT LAK 3 PARÇA,2025-12-16 12:40:08,2025-12-16 12:55:32,15.4,Kalıp söküldü,Sac Sıkışması,0
4003926,905840,IE26905840,M00081,YUVARLAK KUTU 255-205 MAT LAK 3 PARÇA,2026-05-06 10:10:56,2026-05-06 10:47:50,36.9,Operatör müdahalesi,Kalıp Değişimi,0
4003927,905841,IE26905841,M00081,YUVARLAK KUTU 255-205 MAT LAK 3 PARÇA,2026-05-07 12:46:05,2026-05-07 12:59:29,13.4,,Mekanik Arıza,0
4003928,905842,IE26905842,M00081,YUVARLAK KUTU 255-205 MAT LAK 3 PARÇA,2026-05-08 07:18:01,2026-05-08 07:48:37,30.6,,Mekanik Arıza,0
4003929,905843,IE25905843,M00007,DIKDORTGEN KUTU 185-115 MAT LAK 2 PARÇA,2025-10-14 16:49:19,2025-10-14 17:29:55,40.6,Bakım çağrıldı,Malzeme Bekleme,0
4003930,905844,IE25905844,M00007,DIKDORTGEN KUTU 185-115 MAT LAK 2 PARÇA,2025-10-15 14:35:08,2025-10-15 15:20:38,45.5,Operatör müdahalesi,Personel Yetersizliği,0
4003931,905845,IE25905845,M00007,DIKDORTGEN KUTU 185-115 MAT LAK 2 PARÇA,2025-10-16 17:22:10,2025-10-16 18:23:28,61.3,Kalıp söküldü,Elektrik Arızası,0
4003932,905846,IE25905846,M00007,DIKDORTGEN KUTU 185-115 MAT LAK 2 PARÇA,2025-10-17 20:48:25,2025-10-17 21:08:01,19.6,Operatör müdahalesi,Elektrik Arızası,0
4003933,905847,IE25905847,M00124,KAPAK 090-065 HAM TENEKE 3 PARÇA,2025-06-28 08:39:01,2025-06-28 09:31:01,52,Operatör müdahalesi,Kalıp Değişimi,0
4003934,905848,IE25905848,M00124,KAPAK 090-065 HAM TENEKE 3 PARÇA,2025-06-29 17:07:32,2025-06-29 17:53:20,45.8,Yedek parça bekleniyor,Kalıp Değişimi,0
4003935,905849,IE25905849,M00124,KAPAK 090-065 HAM TENEKE 3 PARÇA,2025-06-30 08:01:02,2025-06-30 08:11:32,10.5,Bakım çağrıldı,Sac Sıkışması,0
4003936,905853,IE25905853,M00002,TEPSI 325-125 MAT LAK 3 PARÇA,2025-10-24 15:36:23,2025-10-24 16:04:35,28.2,Operatör müdahalesi,Kalıp Değişimi,0
4003937,905854,IE25905854,M00002,TEPSI 325-125 MAT LAK 3 PARÇA,2025-10-25 14:06:49,2025-10-25 15:30:31,83.7,Bakım çağrıldı,Mekanik Arıza,0
4003938,905855,IE25905855,M00002,TEPSI 325-125 MAT LAK 3 PARÇA,2025-10-26 13:15:53,2025-10-26 13:35:05,19.2,,Kalite Duruşu,0
4003939,905856,IE25905856,M00002,TEPSI 325-125 MAT LAK 3 PARÇA,2025-10-27 12:28:57,2025-10-27 13:37:45,68.8,Operatör müdahalesi,Ayar / Numune Onayı,0
4003940,905858,IE26905858,M00001,KAPAK 090-065 HAM TENEKE 2 PARÇA,2026-06-29 18:29:05,2026-06-29 19:11:59,42.9,Operatör müdahalesi,Elektrik Arızası,0
4003941,905859,IE26905859,M00001,KAPAK 090-065 HAM TENEKE 2 PARÇA,2026-06-30 22:23:40,2026-06-30 23:53:22,89.7,,Kalıp Değişimi,0
4003942,905860,IE26905860,M00001,KAPAK 090-065 HAM TENEKE 2 PARÇA,2026-07-01 19:06:41,2026-07-01 19:36:23,29.7,Yedek parça bekleniyor,Sac Sıkışması,0
4003943,905861,IE25905861,M00005,DIKDORTGEN KUTU 145-095 MAT LAK 2 PARÇA,2025-07-20 13:11:50,2025-07-20 14:15:14,63.4,Yedek parça bekleniyor,Sac Sıkışması,0
4003944,905862,IE25905862,M00005,DIKDORTGEN KUTU 145-095 MAT LAK 2 PARÇA,2025-07-21 11:18:20,2025-07-21 11:24:14,5.9,Operatör müdahalesi,Kalite Duruşu,0
4003945,905863,IE25905863,M00005,DIKDORTGEN KUTU 145-095 MAT LAK 2 PARÇA,2025-07-22 12:36:48,2025-07-22 13:32:12,55.4,Bakım çağrıldı,Ayar / Numune Onayı,0
4003946,905865,IE25905865,M00017,OVAL KUTU 295-165 VERNIKLI 2 PARÇA,2025-08-13 08:51:22,2025-08-13 09:23:46,32.4,Kalıp söküldü,Personel Yetersizliği,0
4003947,905866,IE25905866,M00017,OVAL KUTU 295-165 VERNIKLI 2 PARÇA,2025-08-14 11:57:55,2025-08-14 12:32:19,34.4,Kalıp söküldü,Planlı Bakım,0
4003948,905867,IE25905867,M00017,OVAL KUTU 295-165 VERNIKLI 2 PARÇA,2025-08-15 09:01:05,2025-08-15 09:36:41,35.6,Bakım çağrıldı,Sac Sıkışması,0
4003949,905868,IE25905868,M00017,OVAL KUTU 295-165 VERNIKLI 2 PARÇA,2025-08-16 14:04:27,2025-08-16 14:16:51,12.4,Yedek parça bekleniyor,Kalite Duruşu,0
4003950,905869,IE25905869,M00014,YUVARLAK KUTU 120-105 HAM TENEKE 2 PARÇA,2025-08-03 20:11:05,2025-08-03 21:00:29,49.4,Kalıp söküldü,Malzeme Bekleme,0
4003951,905870,IE25905870,M00014,YUVARLAK KUTU 120-105 HAM TENEKE 2 PARÇA,2025-08-04 16:36:48,2025-08-04 17:38:06,61.3,Operatör müdahalesi,Mekanik Arıza,0
4003952,905871,IE25905871,M00014,YUVARLAK KUTU 120-105 HAM TENEKE 2 PARÇA,2025-08-05 08:50:26,2025-08-05 09:23:56,33.5,Yedek parça bekleniyor,Hidrolik Kaçak,0
4003953,905873,IE26905873,M00001,KAPAK 090-065 HAM TENEKE 2 PARÇA,2026-06-07 10:49:45,2026-06-07 11:36:51,47.1,,Ayar / Numune Onayı,0
4003954,905874,IE26905874,M00001,KAPAK 090-065 HAM TENEKE 2 PARÇA,2026-06-08 14:47:25,2026-06-08 15:24:07,36.7,Yedek parça bekleniyor,Mekanik Arıza,0
4003955,905875,IE26905875,M00001,KAPAK 090-065 HAM TENEKE 2 PARÇA,2026-06-09 09:21:02,2026-06-09 10:00:20,39.3,,Malzeme Bekleme,0
4003956,905876,IE25905876,M00011,YUVARLAK KUTU 120-105 HAM TENEKE 3 PARÇA,2025-12-20 08:37:03,2025-12-20 08:47:39,10.6,Bakım çağrıldı,Kalıp Değişimi,0
4003957,905877,IE25905877,M00011,YUVARLAK KUTU 120-105 HAM TENEKE 3 PARÇA,2025-12-21 14:25:55,2025-12-21 14:53:19,27.4,,Elektrik Arızası,0
4003958,905881,IE25905881,M00006,SEKILLI KUTU 175-205 HAM TENEKE 3 PARÇA,2025-08-09 20:21:17,2025-08-09 20:40:23,19.1,Operatör müdahalesi,Kalıp Değişimi,0
4003959,905882,IE25905882,M00006,SEKILLI KUTU 175-205 HAM TENEKE 3 PARÇA,2025-08-10 08:25:02,2025-08-10 08:57:44,32.7,,Malzeme Bekleme,0
4003960,905885,IE26905885,M00001,KAPAK 090-065 HAM TENEKE 2 PARÇA,2026-01-21 18:42:14,2026-01-21 18:58:02,15.8,Yedek parça bekleniyor,Sac Sıkışması,0
4003961,905886,IE26905886,M00001,KAPAK 090-065 HAM TENEKE 2 PARÇA,2026-01-22 21:03:18,2026-01-22 21:51:12,47.9,,Planlı Bakım,0
4003962,905889,IE26905889,M00001,KAPAK 090-065 HAM TENEKE 2 PARÇA,2026-04-24 12:33:18,2026-04-24 13:10:18,37,Kalıp söküldü,Vardiya Devri,0
4003963,905890,IE26905890,M00001,KAPAK 090-065 HAM TENEKE 2 PARÇA,2026-04-25 17:54:19,2026-04-25 18:12:43,18.4,,Malzeme Bekleme,0
4003964,905891,IE26905891,M00001,KAPAK 090-065 HAM TENEKE 2 PARÇA,2026-04-26 20:59:45,2026-04-26 21:34:27,34.7,Operatör müdahalesi,Kalıp Değişimi,0
4003965,905892,IE25905892,M00005,DIKDORTGEN KUTU 145-095 MAT LAK 2 PARÇA,2025-07-30 10:13:50,2025-07-30 12:07:02,113.2,,Planlı Bakım,0
4003966,905893,IE25905893,M00005,DIKDORTGEN KUTU 145-095 MAT LAK 2 PARÇA,2025-07-31 21:04:55,2025-07-31 21:10:25,5.5,Bakım çağrıldı,Kalıp Değişimi,0
4003967,905894,IE25905894,M00005,DIKDORTGEN KUTU 145-095 MAT LAK 2 PARÇA,2025-08-01 09:42:30,2025-08-01 10:16:36,34.1,Bakım çağrıldı,Planlı Bakım,0
4003968,905895,IE25905895,M00005,DIKDORTGEN KUTU 145-095 MAT LAK 2 PARÇA,2025-08-02 18:31:03,2025-08-02 18:55:27,24.4,Bakım çağrıldı,Kalıp Değişimi,0
4003969,905901,IE25905901,M00008,YUVARLAK KUTU 210-255 HAM TENEKE 3 PARÇA,2025-09-12 13:51:47,2025-09-12 14:56:59,65.2,,Kalıp Değişimi,0
4003970,905902,IE25905902,M00008,YUVARLAK KUTU 210-255 HAM TENEKE 3 PARÇA,2025-09-13 12:24:12,2025-09-13 12:42:48,18.6,,Ayar / Numune Onayı,0
4003971,905903,IE25905903,M00008,YUVARLAK KUTU 210-255 HAM TENEKE 3 PARÇA,2025-09-14 16:33:11,2025-09-14 16:55:35,22.4,Operatör müdahalesi,Kalıp Değişimi,0
4003972,905904,IE25905904,M00092,YUVARLAK KUTU Ø050 LITOGRAFI 3 PARÇA,2025-10-16 14:50:40,2025-10-16 15:38:04,47.4,Yedek parça bekleniyor,Hidrolik Kaçak,0
4003973,905905,IE25905905,M00092,YUVARLAK KUTU Ø050 LITOGRAFI 3 PARÇA,2025-10-17 10:59:28,2025-10-17 11:31:22,31.9,Kalıp söküldü,Kalıp Değişimi,0
4003974,905906,IE25905906,M00092,YUVARLAK KUTU Ø050 LITOGRAFI 3 PARÇA,2025-10-18 10:22:45,2025-10-18 11:49:57,87.2,Bakım çağrıldı,Kalıp Değişimi,0
4003975,905907,IE26905907,M00002,TEPSI 325-125 MAT LAK 3 PARÇA,2026-01-15 21:41:41,2026-01-15 22:48:59,67.3,Operatör müdahalesi,Kalıp Değişimi,0
4003976,905910,IE26905910,M00002,TEPSI 325-125 MAT LAK 3 PARÇA,2026-01-18 18:09:57,2026-01-18 18:44:03,34.1,Operatör müdahalesi,Kalıp Değişimi,0
4003977,905911,IE25905911,M00004,YUVARLAK KUTU 210-255 MAT LAK 3 PARÇA,2025-11-04 17:31:09,2025-11-04 18:38:03,66.9,Kalıp söküldü,Kalıp Değişimi,0
4003978,905912,IE25905912,M00004,YUVARLAK KUTU 210-255 MAT LAK 3 PARÇA,2025-11-05 09:03:04,2025-11-05 09:10:52,7.8,,Mekanik Arıza,0
4003979,905913,IE25905913,M00004,YUVARLAK KUTU 210-255 MAT LAK 3 PARÇA,2025-11-06 09:35:16,2025-11-06 10:25:16,50,Yedek parça bekleniyor,Mekanik Arıza,0
4003980,905915,IE25905915,M00034,SEKIZGEN KUTU Ø050 LITOGRAFI 2 PARÇA,2025-06-29 10:41:32,2025-06-29 11:14:32,33,Bakım çağrıldı,Enerji Kesintisi,0
4003981,905917,IE26905917,M00021,KAPAK 090-065 MAT LAK 3 PARÇA,2026-03-29 19:15:50,2026-03-29 19:25:56,10.1,,Elektrik Arızası,0
4003982,905918,IE26905918,M00021,KAPAK 090-065 MAT LAK 3 PARÇA,2026-03-30 17:07:07,2026-03-30 17:39:37,32.5,,Ayar / Numune Onayı,0
4003983,905920,IE26905920,M00021,KAPAK 090-065 MAT LAK 3 PARÇA,2026-04-01 11:32:56,2026-04-01 12:53:14,80.3,Bakım çağrıldı,Kalıp Değişimi,0
4003984,905922,IE26905922,M00044,KAPAK 090-065 VERNIKLI 2 PARÇA,2026-04-29 18:20:10,2026-04-29 18:52:16,32.1,Kalıp söküldü,Ayar / Numune Onayı,0
4003985,905924,IE26905924,M00044,KAPAK 090-065 VERNIKLI 2 PARÇA,2026-05-01 14:33:52,2026-05-01 15:14:10,40.3,Operatör müdahalesi,Kalıp Değişimi,0
4003986,905925,IE26905925,M00002,TEPSI 325-125 MAT LAK 3 PARÇA,2026-01-23 14:50:20,2026-01-23 15:54:32,64.2,Bakım çağrıldı,Malzeme Bekleme,0
4003987,905926,IE26905926,M00002,TEPSI 325-125 MAT LAK 3 PARÇA,2026-01-24 19:31:37,2026-01-24 19:52:13,20.6,Operatör müdahalesi,Kalıp Değişimi,0
4003988,905927,IE26905927,M00002,TEPSI 325-125 MAT LAK 3 PARÇA,2026-01-25 19:00:09,2026-01-25 19:49:45,49.6,Yedek parça bekleniyor,Malzeme Bekleme,0
4003989,905928,IE25905928,M00006,SEKILLI KUTU 175-205 HAM TENEKE 3 PARÇA,2025-07-06 19:11:41,2025-07-06 19:57:17,45.6,,Planlı Bakım,0
4003990,905929,IE25905929,M00006,SEKILLI KUTU 175-205 HAM TENEKE 3 PARÇA,2025-07-07 18:34:36,2025-07-07 19:30:00,55.4,Operatör müdahalesi,Sac Sıkışması,0
4003991,905931,IE25905931,M00006,SEKILLI KUTU 175-205 HAM TENEKE 3 PARÇA,2025-07-09 17:02:26,2025-07-09 17:52:50,50.4,Bakım çağrıldı,Kalıp Değişimi,0
4003992,905932,IE26905932,M00002,TEPSI 325-125 MAT LAK 3 PARÇA,2026-03-09 20:42:18,2026-03-09 21:19:00,36.7,Bakım çağrıldı,Kalıp Değişimi,0
4003993,905933,IE26905933,M00002,TEPSI 325-125 MAT LAK 3 PARÇA,2026-03-10 13:07:28,2026-03-10 13:17:52,10.4,Operatör müdahalesi,Kalite Duruşu,0
4003994,905934,IE26905934,M00002,TEPSI 325-125 MAT LAK 3 PARÇA,2026-03-11 20:21:32,2026-03-11 21:13:44,52.2,Kalıp söküldü,Elektrik Arızası,0
4003995,905940,IE26905940,M00009,YUVARLAK KUTU 245-175 VERNIKLI 3 PARÇA,2026-06-16 13:12:52,2026-06-16 13:27:04,14.2,Kalıp söküldü,Planlı Bakım,0
4003996,905941,IE26905941,M00009,YUVARLAK KUTU 245-175 VERNIKLI 3 PARÇA,2026-06-17 22:06:35,2026-06-17 22:57:35,51,Yedek parça bekleniyor,Planlı Bakım,0
4003997,905942,IE26905942,M00009,YUVARLAK KUTU 245-175 VERNIKLI 3 PARÇA,2026-06-18 16:58:29,2026-06-18 18:06:11,67.7,Operatör müdahalesi,Sac Sıkışması,0
4003998,905943,IE25905943,M00159,SEKILLI KUTU 175-205 MAT LAK 2 PARÇA,2025-09-29 09:09:18,2025-09-29 09:32:12,22.9,Kalıp söküldü,Personel Yetersizliği,0
4003999,905945,IE25905945,M00159,SEKILLI KUTU 175-205 MAT LAK 2 PARÇA,2025-10-01 17:07:42,2025-10-01 17:43:30,35.8,,Planlı Bakım,0
4004000,905946,IE26905946,M00003,YUVARLAK KUTU 120-105 HAM TENEKE 2 PARÇA,2026-02-11 12:10:20,2026-02-11 12:54:14,43.9,Operatör müdahalesi,Kalıp Değişimi,0
4004001,905947,IE26905947,M00003,YUVARLAK KUTU 120-105 HAM TENEKE 2 PARÇA,2026-02-12 19:41:27,2026-02-12 20:15:33,34.1,Operatör müdahalesi,Enerji Kesintisi,0
4004002,905948,IE26905948,M00003,YUVARLAK KUTU 120-105 HAM TENEKE 2 PARÇA,2026-02-13 14:41:58,2026-02-13 15:37:22,55.4,Yedek parça bekleniyor,Mekanik Arıza,0
4004003,905950,IE25905950,M00003,YUVARLAK KUTU 120-105 HAM TENEKE 2 PARÇA,2025-07-22 07:49:12,2025-07-22 08:29:12,40,Bakım çağrıldı,Vardiya Devri,0
4004004,905952,IE25905952,M00003,YUVARLAK KUTU 120-105 HAM TENEKE 2 PARÇA,2025-07-24 08:38:52,2025-07-24 09:18:10,39.3,Kalıp söküldü,Kalite Duruşu,0
4004005,905954,IE25905954,M00032,TEPSI Ø068 VERNIKLI 3 PARÇA,2025-08-29 07:02:38,2025-08-29 07:26:56,24.3,,Ayar / Numune Onayı,0
4004006,905956,IE25905956,M00032,TEPSI Ø068 VERNIKLI 3 PARÇA,2025-08-31 07:19:39,2025-08-31 08:23:15,63.6,Yedek parça bekleniyor,Elektrik Arızası,0
4004007,905959,IE26905959,M00021,KAPAK 090-065 MAT LAK 3 PARÇA,2026-03-20 08:00:49,2026-03-20 08:37:31,36.7,,Mekanik Arıza,0
4004008,905961,IE25905961,M00082,YUVARLAK KUTU Ø092 VERNIKLI 2 PARÇA,2025-10-20 20:21:51,2025-10-20 20:47:09,25.3,Yedek parça bekleniyor,Hidrolik Kaçak,0
4004009,905962,IE25905962,M00082,YUVARLAK KUTU Ø092 VERNIKLI 2 PARÇA,2025-10-21 16:13:36,2025-10-21 17:26:00,72.4,,Kalite Duruşu,0
4004010,905963,IE25905963,M00082,YUVARLAK KUTU Ø092 VERNIKLI 2 PARÇA,2025-10-22 14:22:27,2025-10-22 14:46:57,24.5,Kalıp söküldü,Kalıp Değişimi,0
4004011,905964,IE25905964,M00082,YUVARLAK KUTU Ø092 VERNIKLI 2 PARÇA,2025-10-23 20:19:46,2025-10-23 20:36:34,16.8,Yedek parça bekleniyor,Mekanik Arıza,0
4004012,905965,IE26905965,M00018,SEKIZGEN KUTU 135-145 HAM TENEKE 2 PARÇA,2026-06-17 08:04:34,2026-06-17 09:17:22,72.8,Bakım çağrıldı,Ayar / Numune Onayı,0
4004013,905966,IE26905966,M00018,SEKIZGEN KUTU 135-145 HAM TENEKE 2 PARÇA,2026-06-18 10:10:56,2026-06-18 10:50:02,39.1,Bakım çağrıldı,Sac Sıkışması,0
4004014,905967,IE26905967,M00018,SEKIZGEN KUTU 135-145 HAM TENEKE 2 PARÇA,2026-06-19 19:17:19,2026-06-19 20:27:55,70.6,Yedek parça bekleniyor,Kalıp Değişimi,0
4004015,905968,IE26905968,M00018,SEKIZGEN KUTU 135-145 HAM TENEKE 2 PARÇA,2026-06-20 15:53:56,2026-06-20 17:09:14,75.3,Bakım çağrıldı,Kalite Duruşu,0
4004016,905969,IE25905969,M00024,TEPSI 325-125 MAT LAK 3 PARÇA,2025-10-30 15:15:13,2025-10-30 15:23:55,8.7,Bakım çağrıldı,Personel Yetersizliği,0
4004017,905971,IE25905971,M00024,TEPSI 325-125 MAT LAK 3 PARÇA,2025-11-01 08:40:12,2025-11-01 08:48:18,8.1,Kalıp söküldü,Planlı Bakım,0
4004018,905972,IE25905972,M00024,TEPSI 325-125 MAT LAK 3 PARÇA,2025-07-06 11:15:07,2025-07-06 11:57:01,41.9,Bakım çağrıldı,Kalıp Değişimi,0
4004019,905974,IE25905974,M00024,TEPSI 325-125 MAT LAK 3 PARÇA,2025-07-08 13:19:00,2025-07-08 13:39:48,20.8,Kalıp söküldü,Kalıp Değişimi,0
4004020,905975,IE25905975,M00005,DIKDORTGEN KUTU 145-095 MAT LAK 2 PARÇA,2025-07-23 12:11:59,2025-07-23 12:48:17,36.3,Yedek parça bekleniyor,Elektrik Arızası,0
4004021,905976,IE25905976,M00005,DIKDORTGEN KUTU 145-095 MAT LAK 2 PARÇA,2025-07-24 10:37:24,2025-07-24 10:58:36,21.2,Operatör müdahalesi,Ayar / Numune Onayı,0
4004022,905977,IE25905977,M00005,DIKDORTGEN KUTU 145-095 MAT LAK 2 PARÇA,2025-07-25 10:01:20,2025-07-25 10:54:26,53.1,Operatör müdahalesi,Elektrik Arızası,0
4004023,905979,IE25905979,M00004,YUVARLAK KUTU 210-255 MAT LAK 3 PARÇA,2025-10-10 17:34:30,2025-10-10 18:33:42,59.2,,Ayar / Numune Onayı,0
4004024,905981,IE25905981,M00004,YUVARLAK KUTU 210-255 MAT LAK 3 PARÇA,2025-10-12 15:35:03,2025-10-12 16:49:45,74.7,Operatör müdahalesi,Kalıp Değişimi,0
4004025,905983,IE26905983,M00124,KAPAK 090-065 HAM TENEKE 3 PARÇA,2026-02-06 21:39:03,2026-02-06 22:11:57,32.9,,Kalıp Değişimi,0
4004026,905984,IE26905984,M00124,KAPAK 090-065 HAM TENEKE 3 PARÇA,2026-02-07 17:45:59,2026-02-07 18:18:17,32.3,Operatör müdahalesi,Planlı Bakım,0
4004027,905986,IE26905986,M00062,YUVARLAK KUTU 158-175 VERNIKLI 2 PARÇA,2026-03-16 13:13:24,2026-03-16 13:43:42,30.3,Yedek parça bekleniyor,Malzeme Bekleme,0
4004028,905987,IE26905987,M00062,YUVARLAK KUTU 158-175 VERNIKLI 2 PARÇA,2026-03-17 15:01:33,2026-03-17 16:33:45,92.2,,Vardiya Devri,0
4004029,905988,IE26905988,M00062,YUVARLAK KUTU 158-175 VERNIKLI 2 PARÇA,2026-03-18 19:07:18,2026-03-18 19:38:12,30.9,Operatör müdahalesi,Kalıp Değişimi,0
4004030,905989,IE25905989,M00003,YUVARLAK KUTU 120-105 HAM TENEKE 2 PARÇA,2025-08-09 17:56:34,2025-08-09 18:29:16,32.7,Kalıp söküldü,Kalıp Değişimi,0
4004031,905990,IE25905990,M00003,YUVARLAK KUTU 120-105 HAM TENEKE 2 PARÇA,2025-08-10 07:44:31,2025-08-10 08:07:55,23.4,Kalıp söküldü,Kalıp Değişimi,0
4004032,905992,IE25905992,M00027,KALP KUTU 160-090 LITOGRAFI 3 PARÇA,2025-10-09 13:50:46,2025-10-09 14:46:28,55.7,Yedek parça bekleniyor,Kalıp Değişimi,0
4004033,905993,IE25905993,M00027,KALP KUTU 160-090 LITOGRAFI 3 PARÇA,2025-10-10 10:52:31,2025-10-10 11:54:43,62.2,Operatör müdahalesi,Ayar / Numune Onayı,0
4004034,905994,IE25905994,M00027,KALP KUTU 160-090 LITOGRAFI 3 PARÇA,2025-10-11 13:54:50,2025-10-11 14:45:26,50.6,,Malzeme Bekleme,0
4004035,905995,IE26905995,M00011,YUVARLAK KUTU 120-105 HAM TENEKE 3 PARÇA,2026-01-14 15:02:39,2026-01-14 15:26:57,24.3,Bakım çağrıldı,Ayar / Numune Onayı,0
4004036,905996,IE26905996,M00011,YUVARLAK KUTU 120-105 HAM TENEKE 3 PARÇA,2026-01-15 12:05:27,2026-01-15 13:16:45,71.3,Yedek parça bekleniyor,Ayar / Numune Onayı,0
4004037,905997,IE26905997,M00011,YUVARLAK KUTU 120-105 HAM TENEKE 3 PARÇA,2026-01-16 21:04:17,2026-01-16 22:38:23,94.1,Bakım çağrıldı,Kalıp Değişimi,0
4004038,905998,IE25905998,M00001,KAPAK 090-065 HAM TENEKE 2 PARÇA,2025-07-22 11:34:26,2025-07-22 12:54:02,79.6,Kalıp söküldü,Mekanik Arıza,0
4004039,906000,IE25906000,M00001,KAPAK 090-065 HAM TENEKE 2 PARÇA,2025-07-24 18:24:15,2025-07-24 19:09:33,45.3,,Kalıp Değişimi,0
4004040,906001,IE25906001,M00001,KAPAK 090-065 HAM TENEKE 2 PARÇA,2025-07-25 09:46:22,2025-07-25 10:04:40,18.3,Bakım çağrıldı,Kalıp Değişimi,0
4004041,906003,IE26906003,M00036,YUVARLAK KUTU Ø050 HAM TENEKE 3 PARÇA,2026-01-21 07:54:24,2026-01-21 08:09:36,15.2,Operatör müdahalesi,Vardiya Devri,0
4004042,906004,IE26906004,M00036,YUVARLAK KUTU Ø050 HAM TENEKE 3 PARÇA,2026-01-22 13:00:31,2026-01-22 13:45:37,45.1,Yedek parça bekleniyor,Kalıp Değişimi,0
4004043,906005,IE26906005,M00036,YUVARLAK KUTU Ø050 HAM TENEKE 3 PARÇA,2026-01-23 19:56:57,2026-01-23 21:18:45,81.8,Bakım çağrıldı,Personel Yetersizliği,0
4004044,906006,IE26906006,M00002,TEPSI 325-125 MAT LAK 3 PARÇA,2026-06-26 09:36:10,2026-06-26 11:14:16,98.1,,Vardiya Devri,0
4004045,906007,IE26906007,M00002,TEPSI 325-125 MAT LAK 3 PARÇA,2026-06-27 09:32:38,2026-06-27 09:52:56,20.3,Kalıp söküldü,Ayar / Numune Onayı,0
4004046,906009,IE26906009,M00002,TEPSI 325-125 MAT LAK 3 PARÇA,2026-06-29 12:53:33,2026-06-29 14:24:51,91.3,Operatör müdahalesi,Kalıp Değişimi,0
4004047,906010,IE25906010,M00003,YUVARLAK KUTU 120-105 HAM TENEKE 2 PARÇA,2025-06-27 10:22:49,2025-06-27 11:23:19,60.5,Operatör müdahalesi,Kalıp Değişimi,0
4004048,906011,IE25906011,M00003,YUVARLAK KUTU 120-105 HAM TENEKE 2 PARÇA,2025-06-28 13:21:59,2025-06-28 14:02:53,40.9,Operatör müdahalesi,Kalıp Değişimi,0
4004049,906012,IE25906012,M00003,YUVARLAK KUTU 120-105 HAM TENEKE 2 PARÇA,2025-06-29 15:20:24,2025-06-29 15:32:30,12.1,Operatör müdahalesi,Elektrik Arızası,0
4004050,906013,IE25906013,M00003,YUVARLAK KUTU 120-105 HAM TENEKE 2 PARÇA,2025-06-30 17:50:52,2025-06-30 18:17:22,26.5,Operatör müdahalesi,Kalıp Değişimi,0
4004051,906014,IE26906014,M00123,YUVARLAK KUTU 078-095 VERNIKLI 2 PARÇA,2026-07-24 17:15:39,2026-07-24 17:24:09,8.5,Operatör müdahalesi,Malzeme Bekleme,0
4004052,906016,IE26906016,M00123,YUVARLAK KUTU 078-095 VERNIKLI 2 PARÇA,2026-07-26 12:03:39,2026-07-26 12:10:27,6.8,Yedek parça bekleniyor,Hidrolik Kaçak,0
4004053,906017,IE26906017,M00002,TEPSI 325-125 MAT LAK 3 PARÇA,2026-06-24 17:09:09,2026-06-24 17:14:27,5.3,Kalıp söküldü,Kalıp Değişimi,0
4004054,906018,IE26906018,M00002,TEPSI 325-125 MAT LAK 3 PARÇA,2026-06-25 08:38:46,2026-06-25 08:45:04,6.3,Yedek parça bekleniyor,Kalıp Değişimi,0
4004055,906019,IE26906019,M00002,TEPSI 325-125 MAT LAK 3 PARÇA,2026-06-26 19:09:28,2026-06-26 20:07:58,58.5,Yedek parça bekleniyor,Malzeme Bekleme,0
4004056,906020,IE26906020,M00002,TEPSI 325-125 MAT LAK 3 PARÇA,2026-06-27 15:30:37,2026-06-27 15:37:01,6.4,Operatör müdahalesi,Elektrik Arızası,0
4004057,906024,IE26906024,M00008,YUVARLAK KUTU 210-255 HAM TENEKE 3 PARÇA,2026-07-29 15:44:01,2026-07-29 17:35:43,111.7,Bakım çağrıldı,Ayar / Numune Onayı,0
4004058,906025,IE26906025,M00008,YUVARLAK KUTU 210-255 HAM TENEKE 3 PARÇA,2026-07-30 08:19:38,2026-07-30 08:51:56,32.3,Kalıp söküldü,Sac Sıkışması,0
4004059,906028,IE25906028,M00001,KAPAK 090-065 HAM TENEKE 2 PARÇA,2025-12-10 13:13:39,2025-12-10 13:58:21,44.7,Bakım çağrıldı,Malzeme Bekleme,0
4004060,906029,IE25906029,M00001,KAPAK 090-065 HAM TENEKE 2 PARÇA,2025-12-11 14:01:53,2025-12-11 14:43:29,41.6,Bakım çağrıldı,Planlı Bakım,0
4004061,906031,IE25906031,M00001,KAPAK 090-065 HAM TENEKE 2 PARÇA,2025-12-13 13:02:06,2025-12-13 13:16:30,14.4,Operatör müdahalesi,Mekanik Arıza,0
4004062,906032,IE25906032,M00024,TEPSI 325-125 MAT LAK 3 PARÇA,2025-12-28 07:57:28,2025-12-28 08:30:28,33,Operatör müdahalesi,Kalıp Değişimi,0
4004063,906033,IE25906033,M00024,TEPSI 325-125 MAT LAK 3 PARÇA,2025-12-29 19:06:01,2025-12-29 19:53:37,47.6,Yedek parça bekleniyor,Elektrik Arızası,0
4004064,906034,IE25906034,M00024,TEPSI 325-125 MAT LAK 3 PARÇA,2025-12-30 11:38:19,2025-12-30 12:40:31,62.2,Operatör müdahalesi,Elektrik Arızası,0
4004065,906035,IE25906035,M00024,TEPSI 325-125 MAT LAK 3 PARÇA,2025-12-31 16:00:24,2025-12-31 16:09:42,9.3,Yedek parça bekleniyor,Malzeme Bekleme,0
4004066,906036,IE26906036,M00006,SEKILLI KUTU 175-205 HAM TENEKE 3 PARÇA,2026-02-08 14:53:26,2026-02-08 15:18:38,25.2,,Malzeme Bekleme,0
4004067,906039,IE26906039,M00013,KOSELI SIVAMA KUTU 210-080 LITOGRAFI 3 PARÇA,2026-07-04 17:16:42,2026-07-04 18:01:12,44.5,Kalıp söküldü,Sac Sıkışması,0
4004068,906041,IE26906041,M00013,KOSELI SIVAMA KUTU 210-080 LITOGRAFI 3 PARÇA,2026-07-06 21:54:47,2026-07-06 22:26:17,31.5,Kalıp söküldü,Kalıp Değişimi,0
4004069,906042,IE25906042,M00007,DIKDORTGEN KUTU 185-115 MAT LAK 2 PARÇA,2025-08-19 14:12:08,2025-08-19 14:21:20,9.2,Yedek parça bekleniyor,Hidrolik Kaçak,0
4004070,906044,IE25906044,M00007,DIKDORTGEN KUTU 185-115 MAT LAK 2 PARÇA,2025-08-21 21:46:31,2025-08-21 22:38:55,52.4,Operatör müdahalesi,Vardiya Devri,0
4004071,906046,IE25906046,M00039,YUVARLAK KUTU 078-095 HAM TENEKE 2 PARÇA,2025-08-29 12:14:49,2025-08-29 13:29:25,74.6,Yedek parça bekleniyor,Malzeme Bekleme,0
4004072,906047,IE25906047,M00039,YUVARLAK KUTU 078-095 HAM TENEKE 2 PARÇA,2025-08-30 08:47:12,2025-08-30 09:35:36,48.4,Bakım çağrıldı,Elektrik Arızası,0
4004073,906048,IE25906048,M00039,YUVARLAK KUTU 078-095 HAM TENEKE 2 PARÇA,2025-08-31 13:16:05,2025-08-31 13:34:41,18.6,,Malzeme Bekleme,0
4004074,906049,IE26906049,M00012,YUVARLAK KUTU 205-050 LITOGRAFI 2 PARÇA,2026-07-01 15:36:33,2026-07-01 15:48:27,11.9,Bakım çağrıldı,Vardiya Devri,0
4004075,906051,IE26906051,M00012,YUVARLAK KUTU 205-050 LITOGRAFI 2 PARÇA,2026-07-03 11:25:44,2026-07-03 12:14:14,48.5,Yedek parça bekleniyor,Kalıp Değişimi,0
4004076,906052,IE26906052,M00001,KAPAK 090-065 HAM TENEKE 2 PARÇA,2026-03-15 20:03:51,2026-03-15 20:13:21,9.5,Yedek parça bekleniyor,Kalıp Değişimi,0
4004077,906053,IE26906053,M00001,KAPAK 090-065 HAM TENEKE 2 PARÇA,2026-03-16 11:24:39,2026-03-16 11:43:03,18.4,Yedek parça bekleniyor,Elektrik Arızası,0
4004078,906054,IE26906054,M00001,KAPAK 090-065 HAM TENEKE 2 PARÇA,2026-03-17 16:59:26,2026-03-17 17:58:02,58.6,Operatör müdahalesi,Kalıp Değişimi,0
4004079,906055,IE26906055,M00100,YUVARLAK KUTU 210-255 LITOGRAFI 2 PARÇA,2026-03-23 10:08:38,2026-03-23 10:42:02,33.4,,Kalıp Değişimi,0
4004080,906058,IE26906058,M00100,YUVARLAK KUTU 210-255 LITOGRAFI 2 PARÇA,2026-03-26 14:05:07,2026-03-26 14:34:13,29.1,Operatör müdahalesi,Kalite Duruşu,0
4004081,906059,IE26906059,M00018,SEKIZGEN KUTU 135-145 HAM TENEKE 2 PARÇA,2026-01-21 16:15:29,2026-01-21 17:01:05,45.6,Operatör müdahalesi,Ayar / Numune Onayı,0
4004082,906060,IE26906060,M00018,SEKIZGEN KUTU 135-145 HAM TENEKE 2 PARÇA,2026-01-22 16:13:04,2026-01-22 16:51:40,38.6,,Hidrolik Kaçak,0
4004083,906062,IE26906062,M00057,KALP KUTU 160-090 LITOGRAFI 3 PARÇA,2026-06-20 17:27:27,2026-06-20 18:30:21,62.9,Yedek parça bekleniyor,Kalıp Değişimi,0
4004084,906065,IE25906065,M00003,YUVARLAK KUTU 120-105 HAM TENEKE 2 PARÇA,2025-09-09 12:49:13,2025-09-09 13:12:07,22.9,Kalıp söküldü,Malzeme Bekleme,0
4004085,906066,IE25906066,M00003,YUVARLAK KUTU 120-105 HAM TENEKE 2 PARÇA,2025-09-10 07:06:47,2025-09-10 07:41:47,35,Bakım çağrıldı,Mekanik Arıza,0
4004086,906068,IE25906068,M00003,YUVARLAK KUTU 120-105 HAM TENEKE 2 PARÇA,2025-09-12 15:55:27,2025-09-12 16:22:21,26.9,Operatör müdahalesi,Sac Sıkışması,0
4004087,906069,IE26906069,M00001,KAPAK 090-065 HAM TENEKE 2 PARÇA,2026-03-05 17:23:47,2026-03-05 17:45:23,21.6,,Mekanik Arıza,0
4004088,906070,IE26906070,M00001,KAPAK 090-065 HAM TENEKE 2 PARÇA,2026-03-06 13:00:11,2026-03-06 13:18:35,18.4,,Sac Sıkışması,0
4004089,906071,IE26906071,M00001,KAPAK 090-065 HAM TENEKE 2 PARÇA,2026-03-07 22:13:29,2026-03-07 22:25:59,12.5,,Ayar / Numune Onayı,0
4004090,906072,IE26906072,M00009,YUVARLAK KUTU 245-175 VERNIKLI 3 PARÇA,2026-04-22 17:38:27,2026-04-22 18:00:27,22,Bakım çağrıldı,Kalıp Değişimi,0
4004091,906073,IE26906073,M00009,YUVARLAK KUTU 245-175 VERNIKLI 3 PARÇA,2026-04-23 21:36:53,2026-04-23 22:44:41,67.8,Operatör müdahalesi,Elektrik Arızası,0
4004092,906074,IE26906074,M00009,YUVARLAK KUTU 245-175 VERNIKLI 3 PARÇA,2026-04-24 10:21:25,2026-04-24 10:51:19,29.9,Bakım çağrıldı,Malzeme Bekleme,0
4004093,906076,IE25906076,M00004,YUVARLAK KUTU 210-255 MAT LAK 3 PARÇA,2025-11-09 06:57:56,2025-11-09 07:20:26,22.5,,Sac Sıkışması,0
4004094,906078,IE25906078,M00004,YUVARLAK KUTU 210-255 MAT LAK 3 PARÇA,2025-11-11 10:37:09,2025-11-11 11:16:03,38.9,Kalıp söküldü,Mekanik Arıza,0
4004095,906079,IE26906079,M00002,TEPSI 325-125 MAT LAK 3 PARÇA,2026-05-19 07:29:28,2026-05-19 08:12:22,42.9,Bakım çağrıldı,Mekanik Arıza,0
4004096,906080,IE26906080,M00002,TEPSI 325-125 MAT LAK 3 PARÇA,2026-05-20 17:19:34,2026-05-20 17:25:40,6.1,Kalıp söküldü,Ayar / Numune Onayı,0
4004097,906081,IE26906081,M00002,TEPSI 325-125 MAT LAK 3 PARÇA,2026-05-21 12:42:21,2026-05-21 13:05:45,23.4,Bakım çağrıldı,Kalıp Değişimi,0
4004098,906082,IE26906082,M00002,TEPSI 325-125 MAT LAK 3 PARÇA,2026-05-22 22:56:48,2026-05-22 23:31:48,35,,Kalıp Değişimi,0
4004099,906083,IE26906083,M00004,YUVARLAK KUTU 210-255 MAT LAK 3 PARÇA,2026-07-10 14:20:31,2026-07-10 15:27:19,66.8,Bakım çağrıldı,Sac Sıkışması,0
4004100,906084,IE26906084,M00004,YUVARLAK KUTU 210-255 MAT LAK 3 PARÇA,2026-07-11 17:29:56,2026-07-11 17:57:26,27.5,,Kalıp Değişimi,0
4004101,906086,IE26906086,M00004,YUVARLAK KUTU 210-255 MAT LAK 3 PARÇA,2026-07-13 14:39:07,2026-07-13 15:21:01,41.9,Operatör müdahalesi,Malzeme Bekleme,0
4004102,906088,IE26906088,M00012,YUVARLAK KUTU 205-050 LITOGRAFI 2 PARÇA,2026-02-17 21:59:35,2026-02-17 22:38:35,39,Kalıp söküldü,Vardiya Devri,0
4004103,906089,IE26906089,M00012,YUVARLAK KUTU 205-050 LITOGRAFI 2 PARÇA,2026-02-18 09:50:55,2026-02-18 11:23:13,92.3,Operatör müdahalesi,Kalıp Değişimi,0
4004104,906090,IE26906090,M00012,YUVARLAK KUTU 205-050 LITOGRAFI 2 PARÇA,2026-02-19 12:59:29,2026-02-19 13:19:23,19.9,Yedek parça bekleniyor,Kalite Duruşu,0
4004105,906091,IE26906091,M00001,KAPAK 090-065 HAM TENEKE 2 PARÇA,2026-04-24 17:48:28,2026-04-24 18:05:04,16.6,Kalıp söküldü,Personel Yetersizliği,0
4004106,906092,IE26906092,M00001,KAPAK 090-065 HAM TENEKE 2 PARÇA,2026-04-25 21:08:50,2026-04-25 21:52:44,43.9,,Malzeme Bekleme,0
4004107,906094,IE26906094,M00001,KAPAK 090-065 HAM TENEKE 2 PARÇA,2026-04-27 14:13:36,2026-04-27 14:37:42,24.1,Operatör müdahalesi,Personel Yetersizliği,0
4004108,906095,IE26906095,M00012,YUVARLAK KUTU 205-050 LITOGRAFI 2 PARÇA,2026-02-24 20:20:17,2026-02-24 20:55:23,35.1,,Kalıp Değişimi,0
4004109,906096,IE26906096,M00012,YUVARLAK KUTU 205-050 LITOGRAFI 2 PARÇA,2026-02-25 22:07:38,2026-02-25 23:24:38,77,Bakım çağrıldı,Ayar / Numune Onayı,0
4004110,906098,IE25906098,M00008,YUVARLAK KUTU 210-255 HAM TENEKE 3 PARÇA,2025-08-16 15:33:41,2025-08-16 16:12:53,39.2,,Kalite Duruşu,0
4004111,906099,IE25906099,M00008,YUVARLAK KUTU 210-255 HAM TENEKE 3 PARÇA,2025-08-17 20:18:22,2025-08-17 21:44:22,86,Yedek parça bekleniyor,Kalıp Değişimi,0
4004112,906100,IE25906100,M00008,YUVARLAK KUTU 210-255 HAM TENEKE 3 PARÇA,2025-08-18 14:02:39,2025-08-18 14:52:27,49.8,Yedek parça bekleniyor,Kalıp Değişimi,0
4004113,906102,IE25906102,M00031,YUVARLAK KUTU 145-095 MAT LAK 2 PARÇA,2025-06-30 19:46:04,2025-06-30 20:03:34,17.5,Operatör müdahalesi,Kalıp Değişimi,0
4004114,906103,IE25906103,M00031,YUVARLAK KUTU 145-095 MAT LAK 2 PARÇA,2025-07-01 13:58:22,2025-07-01 15:00:22,62,Operatör müdahalesi,Personel Yetersizliği,0
4004115,906105,IE25906105,M00031,YUVARLAK KUTU 145-095 MAT LAK 2 PARÇA,2025-07-03 20:55:50,2025-07-03 21:30:20,34.5,Kalıp söküldü,Elektrik Arızası,0
4004116,906106,IE25906106,M00010,YUVARLAK KUTU 255-205 MAT LAK 3 PARÇA,2025-06-27 10:24:54,2025-06-27 10:30:54,6,Bakım çağrıldı,Ayar / Numune Onayı,0
4004117,906108,IE25906108,M00010,YUVARLAK KUTU 255-205 MAT LAK 3 PARÇA,2025-06-29 11:09:43,2025-06-29 11:31:07,21.4,Operatör müdahalesi,Mekanik Arıza,0
4004118,906111,IE26906111,M00011,YUVARLAK KUTU 120-105 HAM TENEKE 3 PARÇA,2026-01-03 09:37:31,2026-01-03 10:18:49,41.3,,Enerji Kesintisi,0
4004119,906113,IE26906113,M00011,YUVARLAK KUTU 120-105 HAM TENEKE 3 PARÇA,2026-01-05 08:42:24,2026-01-05 08:51:12,8.8,Yedek parça bekleniyor,Malzeme Bekleme,0
4004120,906116,IE26906116,M00052,YUVARLAK KUTU 135-145 LITOGRAFI 2 PARÇA,2026-07-08 13:34:25,2026-07-08 13:56:13,21.8,Bakım çağrıldı,Kalıp Değişimi,0
4004121,906117,IE26906117,M00052,YUVARLAK KUTU 135-145 LITOGRAFI 2 PARÇA,2026-07-09 18:41:06,2026-07-09 19:16:18,35.2,,Vardiya Devri,0
4004122,906118,IE26906118,M00034,SEKIZGEN KUTU Ø050 LITOGRAFI 2 PARÇA,2026-03-23 17:09:38,2026-03-23 18:05:14,55.6,,Kalıp Değişimi,0
4004123,906119,IE26906119,M00034,SEKIZGEN KUTU Ø050 LITOGRAFI 2 PARÇA,2026-03-24 18:40:26,2026-03-24 18:58:56,18.5,,Ayar / Numune Onayı,0
4004124,906120,IE26906120,M00034,SEKIZGEN KUTU Ø050 LITOGRAFI 2 PARÇA,2026-03-25 13:21:52,2026-03-25 14:29:16,67.4,Kalıp söküldü,Personel Yetersizliği,0
4004125,906121,IE26906121,M00034,SEKIZGEN KUTU Ø050 LITOGRAFI 2 PARÇA,2026-03-26 10:08:32,2026-03-26 10:21:44,13.2,Yedek parça bekleniyor,Malzeme Bekleme,0
4004126,906123,IE26906123,M00003,YUVARLAK KUTU 120-105 HAM TENEKE 2 PARÇA,2026-03-07 19:42:42,2026-03-07 19:51:36,8.9,Bakım çağrıldı,Vardiya Devri,0
4004127,906125,IE26906125,M00003,YUVARLAK KUTU 120-105 HAM TENEKE 2 PARÇA,2026-03-09 09:56:53,2026-03-09 11:16:23,79.5,,Vardiya Devri,0
4004128,906128,IE25906128,M00076,TEPSI 325-125 MAT LAK 2 PARÇA,2025-07-16 09:57:14,2025-07-16 10:40:38,43.4,Operatör müdahalesi,Vardiya Devri,0
4004129,906132,IE26906132,M00019,OVAL KUTU 295-165 VERNIKLI 2 PARÇA,2026-04-30 19:18:04,2026-04-30 19:33:40,15.6,Bakım çağrıldı,Elektrik Arızası,0
4004130,906134,IE26906134,M00019,OVAL KUTU 295-165 VERNIKLI 2 PARÇA,2026-05-02 21:13:40,2026-05-02 22:10:22,56.7,Kalıp söküldü,Ayar / Numune Onayı,0
4004131,906135,IE26906135,M00003,YUVARLAK KUTU 120-105 HAM TENEKE 2 PARÇA,2026-03-02 11:57:18,2026-03-02 12:39:00,41.7,Yedek parça bekleniyor,Mekanik Arıza,0
4004132,906137,IE26906137,M00003,YUVARLAK KUTU 120-105 HAM TENEKE 2 PARÇA,2026-03-04 16:56:35,2026-03-04 17:05:11,8.6,Yedek parça bekleniyor,Kalıp Değişimi,0
4004133,906138,IE26906138,M00003,YUVARLAK KUTU 120-105 HAM TENEKE 2 PARÇA,2026-03-05 15:25:59,2026-03-05 16:05:23,39.4,Bakım çağrıldı,Malzeme Bekleme,0
4004134,906139,IE25906139,M00091,DIKDORTGEN KUTU Ø148 MAT LAK 3 PARÇA,2025-10-18 09:09:33,2025-10-18 09:57:03,47.5,Kalıp söküldü,Mekanik Arıza,0
4004135,906140,IE25906140,M00091,DIKDORTGEN KUTU Ø148 MAT LAK 3 PARÇA,2025-10-19 09:56:24,2025-10-19 11:35:12,98.8,Kalıp söküldü,Kalite Duruşu,0
4004136,906141,IE25906141,M00091,DIKDORTGEN KUTU Ø148 MAT LAK 3 PARÇA,2025-10-20 22:18:44,2025-10-20 23:52:14,93.5,Operatör müdahalesi,Ayar / Numune Onayı,0
4004137,906142,IE25906142,M00091,DIKDORTGEN KUTU Ø148 MAT LAK 3 PARÇA,2025-10-21 13:02:38,2025-10-21 13:45:20,42.7,Kalıp söküldü,Ayar / Numune Onayı,0
4004138,906145,IE26906145,M00030,YUVARLAK KUTU Ø148 MAT LAK 2 PARÇA,2026-01-11 20:16:56,2026-01-11 21:02:38,45.7,,Kalıp Değişimi,0
4004139,906146,IE26906146,M00030,YUVARLAK KUTU Ø148 MAT LAK 2 PARÇA,2026-01-12 14:02:02,2026-01-12 14:58:26,56.4,Bakım çağrıldı,Malzeme Bekleme,0
4004140,906147,IE26906147,M00030,YUVARLAK KUTU Ø148 MAT LAK 2 PARÇA,2026-04-01 18:52:24,2026-04-01 20:37:54,105.5,,Kalite Duruşu,0
4004141,906148,IE26906148,M00030,YUVARLAK KUTU Ø148 MAT LAK 2 PARÇA,2026-04-02 14:55:20,2026-04-02 15:10:20,15,,Kalıp Değişimi,0
4004142,906149,IE26906149,M00030,YUVARLAK KUTU Ø148 MAT LAK 2 PARÇA,2026-04-03 16:30:20,2026-04-03 16:45:56,15.6,Bakım çağrıldı,Elektrik Arızası,0
4004143,906150,IE26906150,M00030,YUVARLAK KUTU Ø148 MAT LAK 2 PARÇA,2026-04-04 11:25:26,2026-04-04 12:41:08,75.7,Yedek parça bekleniyor,Elektrik Arızası,0
4004144,906152,IE25906152,M00212,DIKDORTGEN KUTU 145-095 MAT LAK 2 PARÇA,2025-10-30 10:13:23,2025-10-30 10:53:53,40.5,,Kalıp Değişimi,0
4004145,906153,IE25906153,M00212,DIKDORTGEN KUTU 145-095 MAT LAK 2 PARÇA,2025-10-31 15:12:13,2025-10-31 15:37:43,25.5,Operatör müdahalesi,Ayar / Numune Onayı,0
4004146,906154,IE26906154,M00002,TEPSI 325-125 MAT LAK 3 PARÇA,2026-02-02 12:49:01,2026-02-02 13:08:43,19.7,,Kalıp Değişimi,0
4004147,906155,IE26906155,M00002,TEPSI 325-125 MAT LAK 3 PARÇA,2026-02-03 21:07:42,2026-02-03 21:37:06,29.4,Bakım çağrıldı,Sac Sıkışması,0
4004148,906157,IE26906157,M00002,TEPSI 325-125 MAT LAK 3 PARÇA,2026-02-05 20:50:35,2026-02-05 21:10:05,19.5,Kalıp söküldü,Vardiya Devri,0
4004149,906160,IE26906160,M00227,YUVARLAK KUTU 090-065 LITOGRAFI 3 PARÇA,2026-03-11 16:43:53,2026-03-11 16:52:47,8.9,,Kalıp Değişimi,0
4004150,906161,IE26906161,M00001,KAPAK 090-065 HAM TENEKE 2 PARÇA,2026-03-05 19:49:38,2026-03-05 20:25:14,35.6,Kalıp söküldü,Planlı Bakım,0
4004151,906162,IE26906162,M00001,KAPAK 090-065 HAM TENEKE 2 PARÇA,2026-03-06 20:31:19,2026-03-06 20:50:01,18.7,Bakım çağrıldı,Kalite Duruşu,0
4004152,906164,IE25906164,M00051,YUVARLAK-SIVAMA KUTU Ø068 VERNIKLI 3 PARÇA,2025-09-18 14:30:56,2025-09-18 15:03:20,32.4,Yedek parça bekleniyor,Kalıp Değişimi,0
4004153,906165,IE25906165,M00051,YUVARLAK-SIVAMA KUTU Ø068 VERNIKLI 3 PARÇA,2025-09-19 17:01:50,2025-09-19 17:47:56,46.1,,Elektrik Arızası,0
4004154,906167,IE26906167,M00007,DIKDORTGEN KUTU 185-115 MAT LAK 2 PARÇA,2026-07-29 10:58:54,2026-07-29 11:29:06,30.2,,Kalıp Değişimi,0
4004155,906174,IE26906174,M00037,YUVARLAK KUTU 078-095 MAT LAK 3 PARÇA,2026-03-01 12:54:31,2026-03-01 13:32:19,37.8,Yedek parça bekleniyor,Malzeme Bekleme,0
4004156,906176,IE26906176,M00037,YUVARLAK KUTU 078-095 MAT LAK 3 PARÇA,2026-03-03 17:38:12,2026-03-03 17:44:36,6.4,Kalıp söküldü,Malzeme Bekleme,0
4004157,906177,IE26906177,M00037,YUVARLAK KUTU 078-095 MAT LAK 3 PARÇA,2026-03-04 09:14:12,2026-03-04 10:11:12,57,Yedek parça bekleniyor,Hidrolik Kaçak,0
4004158,906178,IE26906178,M00014,YUVARLAK KUTU 120-105 HAM TENEKE 2 PARÇA,2026-03-30 15:53:53,2026-03-30 16:56:35,62.7,,Vardiya Devri,0
4004159,906180,IE26906180,M00014,YUVARLAK KUTU 120-105 HAM TENEKE 2 PARÇA,2026-04-01 15:42:28,2026-04-01 16:07:52,25.4,Yedek parça bekleniyor,Kalıp Değişimi,0
4004160,906182,IE26906182,M00012,YUVARLAK KUTU 205-050 LITOGRAFI 2 PARÇA,2026-07-29 14:50:32,2026-07-29 15:46:26,55.9,Operatör müdahalesi,Kalıp Değişimi,0
4004161,906183,IE26906183,M00012,YUVARLAK KUTU 205-050 LITOGRAFI 2 PARÇA,2026-07-30 09:06:46,2026-07-30 10:17:40,70.9,Kalıp söküldü,Kalıp Değişimi,0
4004162,906185,IE25906185,M00006,SEKILLI KUTU 175-205 HAM TENEKE 3 PARÇA,2025-11-12 18:40:23,2025-11-12 18:57:59,17.6,Kalıp söküldü,Mekanik Arıza,0
4004163,906186,IE25906186,M00006,SEKILLI KUTU 175-205 HAM TENEKE 3 PARÇA,2025-11-13 11:25:22,2025-11-13 12:04:28,39.1,,Kalıp Değişimi,0
4004164,906187,IE25906187,M00006,SEKILLI KUTU 175-205 HAM TENEKE 3 PARÇA,2025-11-14 18:32:44,2025-11-14 19:09:20,36.6,Yedek parça bekleniyor,Vardiya Devri,0
4004165,906188,IE25906188,M00002,TEPSI 325-125 MAT LAK 3 PARÇA,2025-07-23 17:59:03,2025-07-23 18:54:57,55.9,Yedek parça bekleniyor,Kalıp Değişimi,0
4004166,906189,IE25906189,M00002,TEPSI 325-125 MAT LAK 3 PARÇA,2025-07-24 10:59:30,2025-07-24 12:01:06,61.6,Bakım çağrıldı,Ayar / Numune Onayı,0
4004167,906190,IE25906190,M00002,TEPSI 325-125 MAT LAK 3 PARÇA,2025-07-25 12:53:44,2025-07-25 13:04:56,11.2,Yedek parça bekleniyor,Ayar / Numune Onayı,0
4004168,906191,IE26906191,M00008,YUVARLAK KUTU 210-255 HAM TENEKE 3 PARÇA,2026-05-12 19:21:41,2026-05-12 20:07:05,45.4,Operatör müdahalesi,Kalıp Değişimi,0
4004169,906194,IE26906194,M00008,YUVARLAK KUTU 210-255 HAM TENEKE 3 PARÇA,2026-05-15 14:14:22,2026-05-15 14:40:52,26.5,,Sac Sıkışması,0
4004170,906195,IE25906195,M00008,YUVARLAK KUTU 210-255 HAM TENEKE 3 PARÇA,2025-12-07 16:05:41,2025-12-07 16:16:53,11.2,Kalıp söküldü,Elektrik Arızası,0
4004171,906197,IE25906197,M00008,YUVARLAK KUTU 210-255 HAM TENEKE 3 PARÇA,2025-12-09 21:11:33,2025-12-09 21:53:21,41.8,Bakım çağrıldı,Elektrik Arızası,0
4004172,906198,IE25906198,M00001,KAPAK 090-065 HAM TENEKE 2 PARÇA,2025-07-09 06:53:50,2025-07-09 07:57:44,63.9,Operatör müdahalesi,Personel Yetersizliği,0
4004173,906199,IE25906199,M00001,KAPAK 090-065 HAM TENEKE 2 PARÇA,2025-07-10 20:32:27,2025-07-10 21:33:27,61,Yedek parça bekleniyor,Malzeme Bekleme,0
4004174,906201,IE26906201,M00005,DIKDORTGEN KUTU 145-095 MAT LAK 2 PARÇA,2026-05-21 21:13:34,2026-05-21 21:21:28,7.9,,Ayar / Numune Onayı,0
4004175,906203,IE26906203,M00005,DIKDORTGEN KUTU 145-095 MAT LAK 2 PARÇA,2026-05-23 19:34:13,2026-05-23 19:39:55,5.7,Bakım çağrıldı,Kalıp Değişimi,0
4004176,906204,IE26906204,M00005,DIKDORTGEN KUTU 145-095 MAT LAK 2 PARÇA,2026-05-24 13:31:01,2026-05-24 14:29:01,58,Kalıp söküldü,Mekanik Arıza,0
4004177,906205,IE25906205,M00004,YUVARLAK KUTU 210-255 MAT LAK 3 PARÇA,2025-06-25 15:11:10,2025-06-25 15:25:04,13.9,Bakım çağrıldı,Kalıp Değişimi,0
4004178,906206,IE25906206,M00004,YUVARLAK KUTU 210-255 MAT LAK 3 PARÇA,2025-06-26 16:16:34,2025-06-26 16:49:46,33.2,Kalıp söküldü,Kalıp Değişimi,0
4004179,906207,IE25906207,M00004,YUVARLAK KUTU 210-255 MAT LAK 3 PARÇA,2025-06-27 11:42:26,2025-06-27 12:03:50,21.4,Bakım çağrıldı,Vardiya Devri,0
4004180,906208,IE25906208,M00006,SEKILLI KUTU 175-205 HAM TENEKE 3 PARÇA,2025-06-26 20:49:28,2025-06-26 21:05:52,16.4,Bakım çağrıldı,Kalıp Değişimi,0
4004181,906209,IE25906209,M00006,SEKILLI KUTU 175-205 HAM TENEKE 3 PARÇA,2025-06-27 07:39:38,2025-06-27 07:50:38,11,Operatör müdahalesi,Kalıp Değişimi,0
4004182,906211,IE25906211,M00006,SEKILLI KUTU 175-205 HAM TENEKE 3 PARÇA,2025-06-29 20:14:41,2025-06-29 20:47:11,32.5,Yedek parça bekleniyor,Mekanik Arıza,0
4004183,906212,IE25906212,M00014,YUVARLAK KUTU 120-105 HAM TENEKE 2 PARÇA,2025-06-29 11:48:40,2025-06-29 12:42:04,53.4,Kalıp söküldü,Sac Sıkışması,0
4004184,906213,IE25906213,M00014,YUVARLAK KUTU 120-105 HAM TENEKE 2 PARÇA,2025-06-30 21:55:24,2025-06-30 22:46:24,51,Yedek parça bekleniyor,Vardiya Devri,0
4004185,906214,IE25906214,M00014,YUVARLAK KUTU 120-105 HAM TENEKE 2 PARÇA,2025-07-01 19:11:17,2025-07-01 20:39:59,88.7,,Elektrik Arızası,0
4004186,906215,IE25906215,M00014,YUVARLAK KUTU 120-105 HAM TENEKE 2 PARÇA,2025-07-02 12:07:30,2025-07-02 13:07:12,59.7,Operatör müdahalesi,Sac Sıkışması,0
4004187,906217,IE26906217,M00043,YUVARLAK KUTU 210-080 VERNIKLI 2 PARÇA,2026-01-27 18:33:52,2026-01-27 18:43:04,9.2,Operatör müdahalesi,Elektrik Arızası,0
4004188,906219,IE26906219,M00004,YUVARLAK KUTU 210-255 MAT LAK 3 PARÇA,2026-04-25 17:08:38,2026-04-25 17:43:44,35.1,Operatör müdahalesi,Planlı Bakım,0
4004189,906221,IE26906221,M00004,YUVARLAK KUTU 210-255 MAT LAK 3 PARÇA,2026-04-27 20:30:08,2026-04-27 20:56:20,26.2,Bakım çağrıldı,Kalıp Değişimi,0
4004190,906223,IE26906223,M00006,SEKILLI KUTU 175-205 HAM TENEKE 3 PARÇA,2026-03-29 19:59:47,2026-03-29 20:04:59,5.2,,Kalıp Değişimi,0
4004191,906224,IE26906224,M00006,SEKILLI KUTU 175-205 HAM TENEKE 3 PARÇA,2026-03-30 19:13:35,2026-03-30 19:50:29,36.9,Yedek parça bekleniyor,Kalite Duruşu,0
4004192,906226,IE26906226,M00003,YUVARLAK KUTU 120-105 HAM TENEKE 2 PARÇA,2026-03-26 10:29:30,2026-03-26 11:17:48,48.3,Operatör müdahalesi,Kalıp Değişimi,0
4004193,906227,IE26906227,M00003,YUVARLAK KUTU 120-105 HAM TENEKE 2 PARÇA,2026-03-27 07:34:25,2026-03-27 08:15:49,41.4,,Hidrolik Kaçak,0
4004194,906228,IE26906228,M00003,YUVARLAK KUTU 120-105 HAM TENEKE 2 PARÇA,2026-03-28 18:33:31,2026-03-28 19:11:37,38.1,,Elektrik Arızası,0
4004195,906230,IE25906230,M00008,YUVARLAK KUTU 210-255 HAM TENEKE 3 PARÇA,2025-07-25 22:12:34,2025-07-25 22:54:52,42.3,Yedek parça bekleniyor,Planlı Bakım,0
4004196,906233,IE26906233,M00010,YUVARLAK KUTU 255-205 MAT LAK 3 PARÇA,2026-07-21 13:38:24,2026-07-21 14:44:42,66.3,Bakım çağrıldı,Ayar / Numune Onayı,0
4004197,906237,IE25906237,M00159,SEKILLI KUTU 175-205 MAT LAK 2 PARÇA,2025-09-20 18:18:37,2025-09-20 19:46:37,88,Operatör müdahalesi,Kalıp Değişimi,0
4004198,906238,IE25906238,M00159,SEKILLI KUTU 175-205 MAT LAK 2 PARÇA,2025-09-21 13:33:46,2025-09-21 14:51:04,77.3,Operatör müdahalesi,Malzeme Bekleme,0
4004199,906239,IE26906239,M00105,PLAKA-BARDAK ALTI 205-050 VERNIKLI 3 PARÇA,2026-04-17 10:07:26,2026-04-17 11:09:20,61.9,Yedek parça bekleniyor,Hidrolik Kaçak,0
4004200,906241,IE26906241,M00105,PLAKA-BARDAK ALTI 205-050 VERNIKLI 3 PARÇA,2026-04-19 21:57:19,2026-04-19 22:02:55,5.6,,Sac Sıkışması,0
4004201,906244,IE25906244,M00001,KAPAK 090-065 HAM TENEKE 2 PARÇA,2025-10-07 11:33:50,2025-10-07 13:01:32,87.7,Yedek parça bekleniyor,Kalite Duruşu,0
4004202,906246,IE25906246,M00008,YUVARLAK KUTU 210-255 HAM TENEKE 3 PARÇA,2025-06-28 10:37:35,2025-06-28 10:43:35,6,,Kalıp Değişimi,0
4004203,906248,IE25906248,M00008,YUVARLAK KUTU 210-255 HAM TENEKE 3 PARÇA,2025-06-30 22:01:44,2025-06-30 22:17:26,15.7,Bakım çağrıldı,Planlı Bakım,0
4004204,906250,IE25906250,M00002,TEPSI 325-125 MAT LAK 3 PARÇA,2025-10-14 21:23:57,2025-10-14 21:39:45,15.8,Bakım çağrıldı,Kalıp Değişimi,0
4004205,906252,IE25906252,M00002,TEPSI 325-125 MAT LAK 3 PARÇA,2025-10-16 10:02:02,2025-10-16 10:13:20,11.3,Yedek parça bekleniyor,Ayar / Numune Onayı,0
4004206,906253,IE25906253,M00003,YUVARLAK KUTU 120-105 HAM TENEKE 2 PARÇA,2025-07-08 11:30:10,2025-07-08 12:12:10,42,Bakım çağrıldı,Kalıp Değişimi,0
4004207,906254,IE25906254,M00003,YUVARLAK KUTU 120-105 HAM TENEKE 2 PARÇA,2025-07-09 14:08:20,2025-07-09 14:13:56,5.6,,Elektrik Arızası,0
4004208,906257,IE25906257,M00030,YUVARLAK KUTU Ø148 MAT LAK 2 PARÇA,2025-07-29 10:42:56,2025-07-29 10:50:14,7.3,Yedek parça bekleniyor,Mekanik Arıza,0
4004209,906258,IE25906258,M00030,YUVARLAK KUTU Ø148 MAT LAK 2 PARÇA,2025-07-30 16:50:29,2025-07-30 17:41:59,51.5,Yedek parça bekleniyor,Ayar / Numune Onayı,0
4004210,906259,IE25906259,M00030,YUVARLAK KUTU Ø148 MAT LAK 2 PARÇA,2025-07-31 20:57:20,2025-07-31 21:46:50,49.5,Operatör müdahalesi,Ayar / Numune Onayı,0
4004211,906261,IE26906261,M00002,TEPSI 325-125 MAT LAK 3 PARÇA,2026-04-08 10:33:35,2026-04-08 10:51:59,18.4,,Ayar / Numune Onayı,0
4004212,906262,IE26906262,M00002,TEPSI 325-125 MAT LAK 3 PARÇA,2026-04-09 16:11:15,2026-04-09 17:30:33,79.3,Yedek parça bekleniyor,Mekanik Arıza,0
4004213,906264,IE25906264,M00001,KAPAK 090-065 HAM TENEKE 2 PARÇA,2025-10-16 06:30:07,2025-10-16 07:30:37,60.5,,Mekanik Arıza,0
4004214,906265,IE25906265,M00001,KAPAK 090-065 HAM TENEKE 2 PARÇA,2025-10-17 12:51:37,2025-10-17 13:25:25,33.8,Kalıp söküldü,Kalıp Değişimi,0
4004215,906267,IE25906267,M00015,YUVARLAK KUTU Ø092 MAT LAK 2 PARÇA,2025-07-12 21:36:23,2025-07-12 22:11:47,35.4,Operatör müdahalesi,Kalıp Değişimi,0
4004216,906268,IE25906268,M00015,YUVARLAK KUTU Ø092 MAT LAK 2 PARÇA,2025-07-13 08:00:07,2025-07-13 09:16:31,76.4,Kalıp söküldü,Kalıp Değişimi,0
4004217,906270,IE25906270,M00015,YUVARLAK KUTU Ø092 MAT LAK 2 PARÇA,2025-07-15 16:42:57,2025-07-15 17:26:51,43.9,Kalıp söküldü,Elektrik Arızası,0
4004218,906274,IE25906274,M00004,YUVARLAK KUTU 210-255 MAT LAK 3 PARÇA,2025-06-30 09:29:09,2025-06-30 09:39:33,10.4,,Kalıp Değişimi,0
4004219,906275,IE25906275,M00004,YUVARLAK KUTU 210-255 MAT LAK 3 PARÇA,2025-07-01 11:58:09,2025-07-01 12:29:27,31.3,Bakım çağrıldı,Sac Sıkışması,0
4004220,906276,IE25906276,M00004,YUVARLAK KUTU 210-255 MAT LAK 3 PARÇA,2025-07-02 09:47:58,2025-07-02 10:48:04,60.1,Yedek parça bekleniyor,Elektrik Arızası,0
4004221,906277,IE25906277,M00004,YUVARLAK KUTU 210-255 MAT LAK 3 PARÇA,2025-07-03 20:17:25,2025-07-03 20:37:55,20.5,,Malzeme Bekleme,0
4004222,906280,IE25906280,M00024,TEPSI 325-125 MAT LAK 3 PARÇA,2025-07-09 19:06:13,2025-07-09 19:20:43,14.5,Yedek parça bekleniyor,Kalite Duruşu,0
4004223,906281,IE25906281,M00010,YUVARLAK KUTU 255-205 MAT LAK 3 PARÇA,2025-10-26 16:16:34,2025-10-26 16:38:22,21.8,,Hidrolik Kaçak,0
4004224,906283,IE25906283,M00010,YUVARLAK KUTU 255-205 MAT LAK 3 PARÇA,2025-10-28 09:42:13,2025-10-28 10:45:07,62.9,Yedek parça bekleniyor,Kalıp Değişimi,0
4004225,906284,IE25906284,M00010,YUVARLAK KUTU 255-205 MAT LAK 3 PARÇA,2025-10-29 12:09:37,2025-10-29 12:36:37,27,Kalıp söküldü,Elektrik Arızası,0
4004226,906285,IE25906285,M00002,TEPSI 325-125 MAT LAK 3 PARÇA,2025-12-26 21:39:50,2025-12-26 21:47:26,7.6,Kalıp söküldü,Mekanik Arıza,0
4004227,906286,IE25906286,M00002,TEPSI 325-125 MAT LAK 3 PARÇA,2025-12-27 16:07:53,2025-12-27 16:17:47,9.9,Bakım çağrıldı,Kalıp Değişimi,0
4004228,906289,IE25906289,M00001,KAPAK 090-065 HAM TENEKE 2 PARÇA,2025-07-09 13:25:02,2025-07-09 14:11:38,46.6,Kalıp söküldü,Malzeme Bekleme,0
4004229,906290,IE25906290,M00001,KAPAK 090-065 HAM TENEKE 2 PARÇA,2025-07-10 19:50:21,2025-07-10 20:25:57,35.6,Bakım çağrıldı,Elektrik Arızası,0
4004230,906291,IE25906291,M00001,KAPAK 090-065 HAM TENEKE 2 PARÇA,2025-07-11 10:03:26,2025-07-11 10:27:56,24.5,Kalıp söküldü,Malzeme Bekleme,0
4004231,906292,IE26906292,M00013,KOSELI SIVAMA KUTU 210-080 LITOGRAFI 3 PARÇA,2026-05-29 16:48:14,2026-05-29 17:13:02,24.8,Operatör müdahalesi,Mekanik Arıza,0
4004232,906293,IE26906293,M00013,KOSELI SIVAMA KUTU 210-080 LITOGRAFI 3 PARÇA,2026-05-30 12:21:24,2026-05-30 12:42:42,21.3,Yedek parça bekleniyor,Vardiya Devri,0
4004233,906295,IE26906295,M00013,KOSELI SIVAMA KUTU 210-080 LITOGRAFI 3 PARÇA,2026-06-01 09:11:47,2026-06-01 09:35:47,24,,Mekanik Arıza,0
4004234,906296,IE25906296,M00004,YUVARLAK KUTU 210-255 MAT LAK 3 PARÇA,2025-11-07 17:42:57,2025-11-07 18:48:51,65.9,Bakım çağrıldı,Sac Sıkışması,0
4004235,906297,IE25906297,M00004,YUVARLAK KUTU 210-255 MAT LAK 3 PARÇA,2025-11-08 08:38:38,2025-11-08 08:58:14,19.6,Bakım çağrıldı,Mekanik Arıza,0
4004236,906298,IE25906298,M00004,YUVARLAK KUTU 210-255 MAT LAK 3 PARÇA,2025-11-09 20:23:12,2025-11-09 21:02:12,39,,Ayar / Numune Onayı,0
4004237,906301,IE26906301,M00001,KAPAK 090-065 HAM TENEKE 2 PARÇA,2026-06-11 12:27:54,2026-06-11 12:46:12,18.3,Kalıp söküldü,Elektrik Arızası,0
4004238,906303,IE25906303,M00098,YUVARLAK KUTU 255-205 VERNIKLI 2 PARÇA,2025-08-23 15:09:48,2025-08-23 15:44:42,34.9,Bakım çağrıldı,Planlı Bakım,0
4004239,906304,IE25906304,M00098,YUVARLAK KUTU 255-205 VERNIKLI 2 PARÇA,2025-08-24 09:27:04,2025-08-24 10:16:16,49.2,Operatör müdahalesi,Kalıp Değişimi,0
4004240,906305,IE25906305,M00098,YUVARLAK KUTU 255-205 VERNIKLI 2 PARÇA,2025-08-25 06:53:23,2025-08-25 07:16:05,22.7,Kalıp söküldü,Ayar / Numune Onayı,0
4004241,906306,IE26906306,M00012,YUVARLAK KUTU 205-050 LITOGRAFI 2 PARÇA,2026-04-24 17:53:40,2026-04-24 18:27:16,33.6,,Vardiya Devri,0
4004242,906307,IE26906307,M00012,YUVARLAK KUTU 205-050 LITOGRAFI 2 PARÇA,2026-04-25 19:24:55,2026-04-25 19:45:25,20.5,,Planlı Bakım,0
4004243,906308,IE26906308,M00012,YUVARLAK KUTU 205-050 LITOGRAFI 2 PARÇA,2026-04-26 17:34:59,2026-04-26 18:32:59,58,Operatör müdahalesi,Planlı Bakım,0
4004244,906309,IE26906309,M00002,TEPSI 325-125 MAT LAK 3 PARÇA,2026-06-08 16:34:01,2026-06-08 16:42:55,8.9,,Ayar / Numune Onayı,0
4004245,906310,IE26906310,M00002,TEPSI 325-125 MAT LAK 3 PARÇA,2026-06-09 08:09:05,2026-06-09 09:20:23,71.3,Kalıp söküldü,Ayar / Numune Onayı,0
4004246,906312,IE25906312,M00002,TEPSI 325-125 MAT LAK 3 PARÇA,2025-07-25 13:09:36,2025-07-25 14:00:18,50.7,Operatör müdahalesi,Personel Yetersizliği,0
4004247,906314,IE25906314,M00002,TEPSI 325-125 MAT LAK 3 PARÇA,2025-07-27 10:07:07,2025-07-27 11:58:55,111.8,Yedek parça bekleniyor,Kalıp Değişimi,0
4004248,906315,IE25906315,M00073,TEPSI 325-125 LITOGRAFI 3 PARÇA,2025-09-18 17:50:03,2025-09-18 18:35:15,45.2,Operatör müdahalesi,Mekanik Arıza,0
4004249,906316,IE25906316,M00073,TEPSI 325-125 LITOGRAFI 3 PARÇA,2025-09-19 10:32:17,2025-09-19 11:01:17,29,Operatör müdahalesi,Personel Yetersizliği,0
4004250,906317,IE25906317,M00073,TEPSI 325-125 LITOGRAFI 3 PARÇA,2025-09-20 13:05:28,2025-09-20 14:00:52,55.4,,Kalıp Değişimi,0
4004251,906322,IE25906322,M00101,YUVARLAK KUTU 094-050 HAM TENEKE 3 PARÇA,2025-08-19 20:17:42,2025-08-19 21:02:24,44.7,Bakım çağrıldı,Kalıp Değişimi,0
4004252,906323,IE25906323,M00101,YUVARLAK KUTU 094-050 HAM TENEKE 3 PARÇA,2025-08-20 12:42:06,2025-08-20 13:25:48,43.7,,Elektrik Arızası,0
4004253,906324,IE25906324,M00101,YUVARLAK KUTU 094-050 HAM TENEKE 3 PARÇA,2025-08-21 18:56:19,2025-08-21 19:33:49,37.5,Bakım çağrıldı,Vardiya Devri,0
4004254,906325,IE25906325,M00003,YUVARLAK KUTU 120-105 HAM TENEKE 2 PARÇA,2025-12-29 16:07:49,2025-12-29 16:15:01,7.2,,Kalıp Değişimi,0
4004255,906328,IE26906328,M00003,YUVARLAK KUTU 120-105 HAM TENEKE 2 PARÇA,2026-01-01 21:02:07,2026-01-01 21:34:43,32.6,Kalıp söküldü,Vardiya Devri,0
4004256,906329,IE25906329,M00025,YUVARLAK KUTU 255-205 VERNIKLI 3 PARÇA,2025-09-07 18:35:53,2025-09-07 19:20:23,44.5,Yedek parça bekleniyor,Ayar / Numune Onayı,0
4004257,906330,IE25906330,M00025,YUVARLAK KUTU 255-205 VERNIKLI 3 PARÇA,2025-09-08 16:34:49,2025-09-08 17:06:55,32.1,,Kalıp Değişimi,0
4004258,906332,IE25906332,M00025,YUVARLAK KUTU 255-205 VERNIKLI 3 PARÇA,2025-09-10 16:49:12,2025-09-10 17:02:42,13.5,Kalıp söküldü,Kalite Duruşu,0
4004259,906336,IE25906336,M00008,YUVARLAK KUTU 210-255 HAM TENEKE 3 PARÇA,2025-11-20 10:24:27,2025-11-20 11:18:27,54,Yedek parça bekleniyor,Kalite Duruşu,0
4004260,906337,IE25906337,M00206,DIKDORTGEN KUTU 145-095 VERNIKLI 3 PARÇA,2025-08-14 23:11:50,2025-08-15 00:11:44,59.9,Bakım çağrıldı,Kalıp Değişimi,0
4004261,906338,IE25906338,M00206,DIKDORTGEN KUTU 145-095 VERNIKLI 3 PARÇA,2025-08-15 18:57:31,2025-08-15 19:44:43,47.2,Bakım çağrıldı,Mekanik Arıza,0
4004262,906340,IE25906340,M00206,DIKDORTGEN KUTU 145-095 VERNIKLI 3 PARÇA,2025-08-17 18:01:20,2025-08-17 19:18:50,77.5,Bakım çağrıldı,Ayar / Numune Onayı,0
4004263,906341,IE26906341,M00001,KAPAK 090-065 HAM TENEKE 2 PARÇA,2026-05-01 18:55:01,2026-05-01 19:06:49,11.8,,Ayar / Numune Onayı,0
4004264,906342,IE26906342,M00001,KAPAK 090-065 HAM TENEKE 2 PARÇA,2026-05-02 22:25:17,2026-05-02 22:50:23,25.1,Yedek parça bekleniyor,Ayar / Numune Onayı,0
4004265,906343,IE26906343,M00001,KAPAK 090-065 HAM TENEKE 2 PARÇA,2026-05-03 19:46:49,2026-05-03 20:07:55,21.1,Kalıp söküldü,Sac Sıkışması,0
4004266,906345,IE25906345,M00018,SEKIZGEN KUTU 135-145 HAM TENEKE 2 PARÇA,2025-08-13 09:10:54,2025-08-13 10:23:00,72.1,,Malzeme Bekleme,0
4004267,906346,IE25906346,M00018,SEKIZGEN KUTU 135-145 HAM TENEKE 2 PARÇA,2025-08-14 15:35:21,2025-08-14 16:31:21,56,,Sac Sıkışması,0
4004268,906347,IE25906347,M00018,SEKIZGEN KUTU 135-145 HAM TENEKE 2 PARÇA,2025-08-15 21:18:52,2025-08-15 21:59:16,40.4,Kalıp söküldü,Mekanik Arıza,0
4004269,906348,IE25906348,M00018,SEKIZGEN KUTU 135-145 HAM TENEKE 2 PARÇA,2025-08-16 06:32:51,2025-08-16 07:21:45,48.9,Kalıp söküldü,Sac Sıkışması,0
4004270,906349,IE25906349,M00005,DIKDORTGEN KUTU 145-095 MAT LAK 2 PARÇA,2025-07-17 21:32:47,2025-07-17 21:44:29,11.7,Bakım çağrıldı,Mekanik Arıza,0
4004271,906350,IE25906350,M00005,DIKDORTGEN KUTU 145-095 MAT LAK 2 PARÇA,2025-07-18 14:02:31,2025-07-18 14:50:01,47.5,,Kalıp Değişimi,0
4004272,906351,IE25906351,M00005,DIKDORTGEN KUTU 145-095 MAT LAK 2 PARÇA,2025-07-19 13:37:16,2025-07-19 14:19:52,42.6,Kalıp söküldü,Kalıp Değişimi,0
4004273,906352,IE25906352,M00005,DIKDORTGEN KUTU 145-095 MAT LAK 2 PARÇA,2025-07-20 21:15:07,2025-07-20 21:37:07,22,Operatör müdahalesi,Sac Sıkışması,0
4004274,906354,IE26906354,M00001,KAPAK 090-065 HAM TENEKE 2 PARÇA,2026-06-15 19:52:19,2026-06-15 20:32:07,39.8,Kalıp söküldü,Vardiya Devri,0
4004275,906356,IE25906356,M00004,YUVARLAK KUTU 210-255 MAT LAK 3 PARÇA,2025-10-15 17:37:00,2025-10-15 17:44:54,7.9,Operatör müdahalesi,Ayar / Numune Onayı,0
4004276,906358,IE25906358,M00004,YUVARLAK KUTU 210-255 MAT LAK 3 PARÇA,2025-10-17 18:06:04,2025-10-17 18:40:10,34.1,Operatör müdahalesi,Kalıp Değişimi,0
4004277,906359,IE25906359,M00004,YUVARLAK KUTU 210-255 MAT LAK 3 PARÇA,2025-10-18 17:00:58,2025-10-18 17:54:40,53.7,Yedek parça bekleniyor,Sac Sıkışması,0
4004278,906360,IE25906360,M00028,YUVARLAK KUTU 245-175 MAT LAK 3 PARÇA,2025-07-12 15:08:01,2025-07-12 16:16:13,68.2,Yedek parça bekleniyor,Malzeme Bekleme,0
4004279,906361,IE25906361,M00028,YUVARLAK KUTU 245-175 MAT LAK 3 PARÇA,2025-07-13 16:49:12,2025-07-13 17:41:54,52.7,Bakım çağrıldı,Malzeme Bekleme,0
4004280,906362,IE25906362,M00028,YUVARLAK KUTU 245-175 MAT LAK 3 PARÇA,2025-07-14 14:48:18,2025-07-14 15:49:54,61.6,Kalıp söküldü,Kalıp Değişimi,0
4004281,906363,IE25906363,M00001,KAPAK 090-065 HAM TENEKE 2 PARÇA,2025-11-24 10:39:09,2025-11-24 11:10:09,31,Kalıp söküldü,Kalıp Değişimi,0
4004282,906364,IE25906364,M00001,KAPAK 090-065 HAM TENEKE 2 PARÇA,2025-11-25 09:09:00,2025-11-25 10:57:24,108.4,Yedek parça bekleniyor,Elektrik Arızası,0
4004283,906365,IE25906365,M00001,KAPAK 090-065 HAM TENEKE 2 PARÇA,2025-11-26 20:03:10,2025-11-26 20:20:40,17.5,Operatör müdahalesi,Kalite Duruşu,0
4004284,906366,IE25906366,M00001,KAPAK 090-065 HAM TENEKE 2 PARÇA,2025-11-27 06:57:02,2025-11-27 07:29:44,32.7,,Kalıp Değişimi,0
4004285,906368,IE26906368,M00005,DIKDORTGEN KUTU 145-095 MAT LAK 2 PARÇA,2026-05-22 11:20:43,2026-05-22 11:28:49,8.1,,Kalıp Değişimi,0
4004286,906369,IE26906369,M00005,DIKDORTGEN KUTU 145-095 MAT LAK 2 PARÇA,2026-05-23 10:33:27,2026-05-23 11:35:03,61.6,Operatör müdahalesi,Hidrolik Kaçak,0
4004287,906370,IE26906370,M00005,DIKDORTGEN KUTU 145-095 MAT LAK 2 PARÇA,2026-05-24 21:36:39,2026-05-24 22:22:57,46.3,Bakım çağrıldı,Kalıp Değişimi,0
4004288,906371,IE26906371,M00070,KALP KUTU 160-090 HAM TENEKE 3 PARÇA,2026-04-02 20:17:38,2026-04-02 20:23:08,5.5,Kalıp söküldü,Malzeme Bekleme,0
4004289,906372,IE26906372,M00070,KALP KUTU 160-090 HAM TENEKE 3 PARÇA,2026-04-03 14:23:25,2026-04-03 15:24:19,60.9,Operatör müdahalesi,Kalıp Değişimi,0
4004290,906374,IE26906374,M00070,KALP KUTU 160-090 HAM TENEKE 3 PARÇA,2026-04-05 09:14:54,2026-04-05 10:50:00,95.1,Yedek parça bekleniyor,Kalite Duruşu,0
4004291,906380,IE26906380,M00122,SEKIZGEN KUTU 135-145 HAM TENEKE 2 PARÇA,2026-06-04 15:25:45,2026-06-04 16:12:03,46.3,,Kalite Duruşu,0
4004292,906381,IE26906381,M00122,SEKIZGEN KUTU 135-145 HAM TENEKE 2 PARÇA,2026-06-05 11:09:22,2026-06-05 11:15:04,5.7,Kalıp söküldü,Kalıp Değişimi,0
4004293,906382,IE26906382,M00122,SEKIZGEN KUTU 135-145 HAM TENEKE 2 PARÇA,2026-06-06 16:43:35,2026-06-06 17:41:47,58.2,Kalıp söküldü,Malzeme Bekleme,0
4004294,906383,IE26906383,M00141,SEKIZGEN KUTU 135-145 LITOGRAFI 3 PARÇA,2026-07-30 20:20:19,2026-07-30 20:32:49,12.5,Yedek parça bekleniyor,Kalıp Değişimi,0
4004295,906388,IE26906388,M00001,KAPAK 090-065 HAM TENEKE 2 PARÇA,2026-01-12 22:03:53,2026-01-12 22:53:05,49.2,Kalıp söküldü,Mekanik Arıza,0
4004296,906389,IE26906389,M00001,KAPAK 090-065 HAM TENEKE 2 PARÇA,2026-01-13 10:00:51,2026-01-13 10:23:33,22.7,Yedek parça bekleniyor,Kalıp Değişimi,0
4004297,906393,IE26906393,M00049,YUVARLAK-SIVAMA KUTU 295-165 HAM TENEKE 2 PARÇA,2026-05-30 20:03:31,2026-05-30 20:57:43,54.2,Kalıp söküldü,Personel Yetersizliği,0
4004298,906394,IE26906394,M00050,YUVARLAK KUTU 158-175 HAM TENEKE 3 PARÇA,2026-07-15 16:16:54,2026-07-15 16:46:24,29.5,Operatör müdahalesi,Elektrik Arızası,0
4004299,906395,IE26906395,M00050,YUVARLAK KUTU 158-175 HAM TENEKE 3 PARÇA,2026-07-16 14:03:24,2026-07-16 14:21:12,17.8,Operatör müdahalesi,Kalıp Değişimi,0
4004300,906396,IE26906396,M00050,YUVARLAK KUTU 158-175 HAM TENEKE 3 PARÇA,2026-07-17 07:02:47,2026-07-17 08:20:17,77.5,Bakım çağrıldı,Mekanik Arıza,0
4004301,906398,IE26906398,M00020,YUVARLAK KUTU 210-255 LITOGRAFI 2 PARÇA,2026-02-13 23:07:38,2026-02-13 23:14:32,6.9,Kalıp söküldü,Sac Sıkışması,0
4004302,906399,IE26906399,M00020,YUVARLAK KUTU 210-255 LITOGRAFI 2 PARÇA,2026-02-14 14:42:59,2026-02-14 15:10:53,27.9,Yedek parça bekleniyor,Kalıp Değişimi,0
4004303,906401,IE25906401,M00001,KAPAK 090-065 HAM TENEKE 2 PARÇA,2025-10-07 19:22:33,2025-10-07 21:05:21,102.8,Operatör müdahalesi,Mekanik Arıza,0
4004304,906402,IE25906402,M00001,KAPAK 090-065 HAM TENEKE 2 PARÇA,2025-10-08 11:33:53,2025-10-08 12:00:35,26.7,Kalıp söküldü,Elektrik Arızası,0
4004305,906404,IE25906404,M00001,KAPAK 090-065 HAM TENEKE 2 PARÇA,2025-10-10 07:43:52,2025-10-10 08:19:52,36,Bakım çağrıldı,Mekanik Arıza,0
4004306,906406,IE26906406,M00002,TEPSI 325-125 MAT LAK 3 PARÇA,2026-03-28 17:34:37,2026-03-28 18:04:13,29.6,Operatör müdahalesi,Mekanik Arıza,0
4004307,906407,IE26906407,M00002,TEPSI 325-125 MAT LAK 3 PARÇA,2026-03-29 19:50:29,2026-03-29 20:56:59,66.5,Bakım çağrıldı,Kalıp Değişimi,0
4004308,906408,IE26906408,M00002,TEPSI 325-125 MAT LAK 3 PARÇA,2026-03-30 13:33:49,2026-03-30 14:14:01,40.2,Kalıp söküldü,Kalite Duruşu,0
4004309,906409,IE26906409,M00006,SEKILLI KUTU 175-205 HAM TENEKE 3 PARÇA,2026-06-22 18:17:24,2026-06-22 19:03:48,46.4,,Kalıp Değişimi,0
4004310,906411,IE26906411,M00006,SEKILLI KUTU 175-205 HAM TENEKE 3 PARÇA,2026-06-24 14:39:37,2026-06-24 15:06:25,26.8,Operatör müdahalesi,Kalıp Değişimi,0
4004311,906414,IE26906414,M00012,YUVARLAK KUTU 205-050 LITOGRAFI 2 PARÇA,2026-02-19 12:49:07,2026-02-19 13:55:07,66,Yedek parça bekleniyor,Sac Sıkışması,0
4004312,906415,IE26906415,M00012,YUVARLAK KUTU 205-050 LITOGRAFI 2 PARÇA,2026-02-20 22:14:36,2026-02-20 22:27:54,13.3,Bakım çağrıldı,Planlı Bakım,0
4004313,906416,IE25906416,M00013,KOSELI SIVAMA KUTU 210-080 LITOGRAFI 3 PARÇA,2025-06-30 16:05:55,2025-06-30 17:08:01,62.1,Kalıp söküldü,Personel Yetersizliği,0
4004314,906417,IE25906417,M00013,KOSELI SIVAMA KUTU 210-080 LITOGRAFI 3 PARÇA,2025-07-01 22:13:25,2025-07-01 22:51:19,37.9,Kalıp söküldü,Kalıp Değişimi,0
4004315,906425,IE25906425,M00001,KAPAK 090-065 HAM TENEKE 2 PARÇA,2025-10-28 17:00:36,2025-10-28 17:39:54,39.3,,Kalite Duruşu,0
4004316,906426,IE25906426,M00001,KAPAK 090-065 HAM TENEKE 2 PARÇA,2025-10-29 11:36:02,2025-10-29 11:42:26,6.4,Kalıp söküldü,Malzeme Bekleme,0
4004317,906427,IE25906427,M00001,KAPAK 090-065 HAM TENEKE 2 PARÇA,2025-10-30 16:21:07,2025-10-30 17:06:01,44.9,Kalıp söküldü,Planlı Bakım,0
4004318,906429,IE26906429,M00002,TEPSI 325-125 MAT LAK 3 PARÇA,2026-07-03 12:53:02,2026-07-03 14:42:08,109.1,Yedek parça bekleniyor,Enerji Kesintisi,0
4004319,906430,IE26906430,M00002,TEPSI 325-125 MAT LAK 3 PARÇA,2026-07-04 22:11:08,2026-07-04 22:55:38,44.5,Kalıp söküldü,Kalıp Değişimi,0
4004320,906431,IE26906431,M00002,TEPSI 325-125 MAT LAK 3 PARÇA,2026-07-05 18:26:53,2026-07-05 19:17:05,50.2,,Planlı Bakım,0
4004321,906432,IE25906432,M00175,YUVARLAK KUTU Ø050 MAT LAK 2 PARÇA,2025-11-30 15:31:19,2025-11-30 15:51:49,20.5,Bakım çağrıldı,Kalıp Değişimi,0
4004322,906433,IE25906433,M00175,YUVARLAK KUTU Ø050 MAT LAK 2 PARÇA,2025-12-01 08:53:40,2025-12-01 09:14:34,20.9,Kalıp söküldü,Mekanik Arıza,0
4004323,906436,IE26906436,M00008,YUVARLAK KUTU 210-255 HAM TENEKE 3 PARÇA,2026-02-25 16:28:10,2026-02-25 17:05:40,37.5,Bakım çağrıldı,Elektrik Arızası,0
4004324,906438,IE26906438,M00008,YUVARLAK KUTU 210-255 HAM TENEKE 3 PARÇA,2026-02-27 20:20:24,2026-02-27 20:47:54,27.5,Operatör müdahalesi,Ayar / Numune Onayı,0
4004325,906439,IE25906439,M00015,YUVARLAK KUTU Ø092 MAT LAK 2 PARÇA,2025-07-09 11:34:23,2025-07-09 12:35:35,61.2,,Mekanik Arıza,0
4004326,906440,IE25906440,M00015,YUVARLAK KUTU Ø092 MAT LAK 2 PARÇA,2025-07-10 09:27:18,2025-07-10 09:47:54,20.6,Operatör müdahalesi,Ayar / Numune Onayı,0
4004327,906441,IE25906441,M00015,YUVARLAK KUTU Ø092 MAT LAK 2 PARÇA,2025-07-11 21:03:44,2025-07-11 21:16:44,13,Operatör müdahalesi,Kalıp Değişimi,0
4004328,906442,IE25906442,M00026,ALTIGEN KUTU 125-085 LITOGRAFI 2 PARÇA,2025-12-27 10:17:02,2025-12-27 11:02:02,45,Kalıp söküldü,Kalıp Değişimi,0
4004329,906443,IE25906443,M00026,ALTIGEN KUTU 125-085 LITOGRAFI 2 PARÇA,2025-12-28 21:25:59,2025-12-28 22:03:11,37.2,,Kalıp Değişimi,0
4004330,906444,IE25906444,M00026,ALTIGEN KUTU 125-085 LITOGRAFI 2 PARÇA,2025-12-29 08:49:05,2025-12-29 09:22:17,33.2,Operatör müdahalesi,Elektrik Arızası,0
4004331,906445,IE25906445,M00026,ALTIGEN KUTU 125-085 LITOGRAFI 2 PARÇA,2025-12-30 13:03:07,2025-12-30 13:14:49,11.7,Yedek parça bekleniyor,Kalıp Değişimi,0
4004332,906447,IE26906447,M00003,YUVARLAK KUTU 120-105 HAM TENEKE 2 PARÇA,2026-03-05 18:29:20,2026-03-05 18:52:32,23.2,Operatör müdahalesi,Kalıp Değişimi,0
4004333,906448,IE26906448,M00003,YUVARLAK KUTU 120-105 HAM TENEKE 2 PARÇA,2026-03-06 16:53:16,2026-03-06 17:49:22,56.1,Bakım çağrıldı,Kalıp Değişimi,0
4004334,906450,IE26906450,M00190,YUVARLAK KUTU 210-255 VERNIKLI 3 PARÇA,2026-03-12 12:57:32,2026-03-12 14:45:50,108.3,Kalıp söküldü,Elektrik Arızası,0
4004335,906451,IE26906451,M00190,YUVARLAK KUTU 210-255 VERNIKLI 3 PARÇA,2026-03-13 14:45:57,2026-03-13 16:21:27,95.5,Kalıp söküldü,Mekanik Arıza,0
4004336,906452,IE25906452,M00032,TEPSI Ø068 VERNIKLI 3 PARÇA,2025-10-02 12:27:26,2025-10-02 13:54:38,87.2,Operatör müdahalesi,Sac Sıkışması,0
4004337,906454,IE25906454,M00032,TEPSI Ø068 VERNIKLI 3 PARÇA,2025-10-04 12:23:54,2025-10-04 12:38:42,14.8,Bakım çağrıldı,Vardiya Devri,0
4004338,906455,IE26906455,M00001,KAPAK 090-065 HAM TENEKE 2 PARÇA,2026-02-05 12:48:39,2026-02-05 14:07:03,78.4,,Kalıp Değişimi,0
4004339,906456,IE26906456,M00001,KAPAK 090-065 HAM TENEKE 2 PARÇA,2026-02-06 21:51:51,2026-02-06 22:29:51,38,Bakım çağrıldı,Planlı Bakım,0
4004340,906458,IE26906458,M00001,KAPAK 090-065 HAM TENEKE 2 PARÇA,2026-02-08 20:58:21,2026-02-08 21:58:15,59.9,Bakım çağrıldı,Ayar / Numune Onayı,0
4004341,906459,IE26906459,M00004,YUVARLAK KUTU 210-255 MAT LAK 3 PARÇA,2026-05-06 11:33:40,2026-05-06 12:40:46,67.1,Yedek parça bekleniyor,Malzeme Bekleme,0
4004342,906460,IE26906460,M00004,YUVARLAK KUTU 210-255 MAT LAK 3 PARÇA,2026-05-07 14:07:24,2026-05-07 14:27:54,20.5,Yedek parça bekleniyor,Mekanik Arıza,0
4004343,906461,IE26906461,M00004,YUVARLAK KUTU 210-255 MAT LAK 3 PARÇA,2026-05-08 21:55:06,2026-05-08 22:28:54,33.8,Bakım çağrıldı,Mekanik Arıza,0
4004344,906462,IE25906462,M00213,YUVARLAK KUTU Y120-105 HAM TENEKE 2 PARÇA,2025-12-31 15:35:43,2025-12-31 16:11:07,35.4,,Mekanik Arıza,0
4004345,906463,IE26906463,M00213,YUVARLAK KUTU Y120-105 HAM TENEKE 2 PARÇA,2026-01-01 07:20:13,2026-01-01 07:38:43,18.5,Bakım çağrıldı,Kalıp Değişimi,0
4004346,906465,IE25906465,M00001,KAPAK 090-065 HAM TENEKE 2 PARÇA,2025-10-06 08:33:37,2025-10-06 09:25:07,51.5,Bakım çağrıldı,Hidrolik Kaçak,0
4004347,906466,IE25906466,M00001,KAPAK 090-065 HAM TENEKE 2 PARÇA,2025-10-07 09:49:13,2025-10-07 10:15:49,26.6,Yedek parça bekleniyor,Planlı Bakım,0
4004348,906467,IE25906467,M00001,KAPAK 090-065 HAM TENEKE 2 PARÇA,2025-10-08 11:52:57,2025-10-08 13:44:57,112,Bakım çağrıldı,Elektrik Arızası,0
4004349,906468,IE26906468,M00001,KAPAK 090-065 HAM TENEKE 2 PARÇA,2026-04-10 20:08:32,2026-04-10 21:23:50,75.3,,Hidrolik Kaçak,0
4004350,906469,IE26906469,M00001,KAPAK 090-065 HAM TENEKE 2 PARÇA,2026-04-11 14:46:41,2026-04-11 15:15:35,28.9,Yedek parça bekleniyor,Planlı Bakım,0
4004351,906470,IE26906470,M00001,KAPAK 090-065 HAM TENEKE 2 PARÇA,2026-04-12 19:48:44,2026-04-12 20:04:38,15.9,Yedek parça bekleniyor,Planlı Bakım,0
4004352,906471,IE25906471,M00003,YUVARLAK KUTU 120-105 HAM TENEKE 2 PARÇA,2025-12-20 10:39:38,2025-12-20 10:56:08,16.5,Kalıp söküldü,Kalıp Değişimi,0
4004353,906475,IE26906475,M00002,TEPSI 325-125 MAT LAK 3 PARÇA,2026-03-05 20:02:03,2026-03-05 20:31:15,29.2,Bakım çağrıldı,Kalıp Değişimi,0
4004354,906476,IE26906476,M00002,TEPSI 325-125 MAT LAK 3 PARÇA,2026-03-06 13:50:56,2026-03-06 14:36:38,45.7,Kalıp söküldü,Planlı Bakım,0
4004355,906477,IE26906477,M00002,TEPSI 325-125 MAT LAK 3 PARÇA,2026-03-07 09:41:04,2026-03-07 10:35:22,54.3,,Kalıp Değişimi,0
4004356,906480,IE26906480,M00006,SEKILLI KUTU 175-205 HAM TENEKE 3 PARÇA,2026-02-03 11:59:56,2026-02-03 12:35:32,35.6,Operatör müdahalesi,Kalite Duruşu,0
4004357,906482,IE25906482,M00268,KOSELI SIVAMA KUTU 210-080 LITOGRAFI 2 PARÇA,2025-08-31 13:44:02,2025-08-31 13:54:20,10.3,Operatör müdahalesi,Elektrik Arızası,0
4004358,906484,IE25906484,M00268,KOSELI SIVAMA KUTU 210-080 LITOGRAFI 2 PARÇA,2025-09-02 18:38:36,2025-09-02 19:21:12,42.6,,Mekanik Arıza,0
4004359,906489,IE26906489,M00016,YUVARLAK-SIVAMA KUTU Ø068 HAM TENEKE 2 PARÇA,2026-04-15 13:19:23,2026-04-15 14:33:29,74.1,Kalıp söküldü,Mekanik Arıza,0
4004360,906490,IE26906490,M00016,YUVARLAK-SIVAMA KUTU Ø068 HAM TENEKE 2 PARÇA,2026-04-16 09:10:27,2026-04-16 10:18:45,68.3,Kalıp söküldü,Kalıp Değişimi,0
4004361,906492,IE26906492,M00001,KAPAK 090-065 HAM TENEKE 2 PARÇA,2026-01-05 14:14:40,2026-01-05 14:56:52,42.2,,Hidrolik Kaçak,0
4004362,906493,IE26906493,M00001,KAPAK 090-065 HAM TENEKE 2 PARÇA,2026-01-06 17:52:38,2026-01-06 18:37:02,44.4,Bakım çağrıldı,Kalıp Değişimi,0
4004363,906494,IE26906494,M00001,KAPAK 090-065 HAM TENEKE 2 PARÇA,2026-01-07 13:31:11,2026-01-07 13:48:17,17.1,,Ayar / Numune Onayı,0
4004364,906499,IE26906499,M00001,KAPAK 090-065 HAM TENEKE 2 PARÇA,2026-01-17 08:44:12,2026-01-17 09:47:54,63.7,,Mekanik Arıza,0
4004365,906501,IE26906501,M00001,KAPAK 090-065 HAM TENEKE 2 PARÇA,2026-01-19 23:35:28,2026-01-19 23:58:10,22.7,Operatör müdahalesi,Mekanik Arıza,0
4004366,906502,IE26906502,M00136,YUVARLAK KUTU Ø050 VERNIKLI 2 PARÇA,2026-03-14 18:21:47,2026-03-14 19:07:41,45.9,Yedek parça bekleniyor,Malzeme Bekleme,0
4004367,906503,IE26906503,M00136,YUVARLAK KUTU Ø050 VERNIKLI 2 PARÇA,2026-03-15 19:03:00,2026-03-15 19:09:00,6,Yedek parça bekleniyor,Kalıp Değişimi,0
4004368,906504,IE26906504,M00136,YUVARLAK KUTU Ø050 VERNIKLI 2 PARÇA,2026-03-16 16:17:49,2026-03-16 16:36:01,18.2,Yedek parça bekleniyor,Malzeme Bekleme,0
4004369,906506,IE25906506,M00002,TEPSI 325-125 MAT LAK 3 PARÇA,2025-06-28 11:23:00,2025-06-28 12:20:42,57.7,Kalıp söküldü,Sac Sıkışması,0
4004370,906507,IE25906507,M00002,TEPSI 325-125 MAT LAK 3 PARÇA,2025-06-29 12:38:12,2025-06-29 13:53:18,75.1,Operatör müdahalesi,Ayar / Numune Onayı,0
4004371,906508,IE25906508,M00002,TEPSI 325-125 MAT LAK 3 PARÇA,2025-06-30 20:32:20,2025-06-30 21:10:44,38.4,,Ayar / Numune Onayı,0
4004372,906509,IE25906509,M00002,TEPSI 325-125 MAT LAK 3 PARÇA,2025-07-01 16:16:35,2025-07-01 17:02:53,46.3,Yedek parça bekleniyor,Kalıp Değişimi,0
4004373,906510,IE25906510,M00006,SEKILLI KUTU 175-205 HAM TENEKE 3 PARÇA,2025-10-24 15:23:52,2025-10-24 15:46:10,22.3,,Personel Yetersizliği,0
4004374,906511,IE25906511,M00006,SEKILLI KUTU 175-205 HAM TENEKE 3 PARÇA,2025-10-25 11:50:58,2025-10-25 12:16:46,25.8,Bakım çağrıldı,Ayar / Numune Onayı,0
4004375,906512,IE25906512,M00006,SEKILLI KUTU 175-205 HAM TENEKE 3 PARÇA,2025-10-26 11:54:21,2025-10-26 13:11:03,76.7,Operatör müdahalesi,Personel Yetersizliği,0
4004376,906514,IE25906514,M00281,SEKIZGEN KUTU 135-145 VERNIKLI 2 PARÇA,2025-06-29 10:24:26,2025-06-29 11:40:14,75.8,,Sac Sıkışması,0
4004377,906515,IE25906515,M00281,SEKIZGEN KUTU 135-145 VERNIKLI 2 PARÇA,2025-06-30 13:09:59,2025-06-30 13:58:53,48.9,Bakım çağrıldı,Kalıp Değişimi,0
4004378,906520,IE25906520,M00007,DIKDORTGEN KUTU 185-115 MAT LAK 2 PARÇA,2025-08-08 22:42:14,2025-08-08 23:07:44,25.5,Bakım çağrıldı,Kalıp Değişimi,0
4004379,906521,IE25906521,M00007,DIKDORTGEN KUTU 185-115 MAT LAK 2 PARÇA,2025-08-09 14:49:50,2025-08-09 15:30:20,40.5,,Ayar / Numune Onayı,0
4004380,906522,IE25906522,M00007,DIKDORTGEN KUTU 185-115 MAT LAK 2 PARÇA,2025-08-10 15:31:58,2025-08-10 16:16:22,44.4,,Sac Sıkışması,0
4004381,906523,IE25906523,M00007,DIKDORTGEN KUTU 185-115 MAT LAK 2 PARÇA,2025-08-11 16:41:57,2025-08-11 17:20:51,38.9,,Hidrolik Kaçak,0
4004382,906524,IE26906524,M00031,YUVARLAK KUTU 145-095 MAT LAK 2 PARÇA,2026-06-14 14:19:24,2026-06-14 15:22:24,63,Yedek parça bekleniyor,Planlı Bakım,0
4004383,906526,IE26906526,M00031,YUVARLAK KUTU 145-095 MAT LAK 2 PARÇA,2026-06-16 17:44:03,2026-06-16 17:50:45,6.7,Operatör müdahalesi,Malzeme Bekleme,0
4004384,906527,IE26906527,M00031,YUVARLAK KUTU 145-095 MAT LAK 2 PARÇA,2026-06-17 17:09:37,2026-06-17 17:17:01,7.4,Operatör müdahalesi,Kalıp Değişimi,0
4004385,906529,IE26906529,M00002,TEPSI 325-125 MAT LAK 3 PARÇA,2026-03-27 19:16:11,2026-03-27 19:21:47,5.6,,Elektrik Arızası,0
4004386,906530,IE26906530,M00002,TEPSI 325-125 MAT LAK 3 PARÇA,2026-03-28 14:54:32,2026-03-28 15:17:38,23.1,Bakım çağrıldı,Kalıp Değişimi,0
4004387,906531,IE26906531,M00007,DIKDORTGEN KUTU 185-115 MAT LAK 2 PARÇA,2026-03-26 14:01:33,2026-03-26 14:39:21,37.8,Yedek parça bekleniyor,Elektrik Arızası,0
4004388,906533,IE26906533,M00007,DIKDORTGEN KUTU 185-115 MAT LAK 2 PARÇA,2026-03-28 14:45:24,2026-03-28 15:13:30,28.1,Operatör müdahalesi,Personel Yetersizliği,0
4004389,906534,IE26906534,M00007,DIKDORTGEN KUTU 185-115 MAT LAK 2 PARÇA,2026-03-29 10:18:44,2026-03-29 10:38:56,20.2,Bakım çağrıldı,Kalıp Değişimi,0
4004390,906535,IE26906535,M00002,TEPSI 325-125 MAT LAK 3 PARÇA,2026-05-26 12:12:20,2026-05-26 12:32:56,20.6,Yedek parça bekleniyor,Mekanik Arıza,0
4004391,906538,IE26906538,M00002,TEPSI 325-125 MAT LAK 3 PARÇA,2026-05-29 10:12:37,2026-05-29 10:28:43,16.1,,Vardiya Devri,0
4004392,906539,IE26906539,M00008,YUVARLAK KUTU 210-255 HAM TENEKE 3 PARÇA,2026-06-30 15:53:05,2026-06-30 17:00:17,67.2,Bakım çağrıldı,Kalıp Değişimi,0
4004393,906540,IE26906540,M00008,YUVARLAK KUTU 210-255 HAM TENEKE 3 PARÇA,2026-07-01 12:40:03,2026-07-01 13:35:03,55,Kalıp söküldü,Malzeme Bekleme,0
4004394,906541,IE26906541,M00008,YUVARLAK KUTU 210-255 HAM TENEKE 3 PARÇA,2026-07-02 22:42:51,2026-07-03 00:04:33,81.7,,Kalite Duruşu,0
4004395,906542,IE26906542,M00008,YUVARLAK KUTU 210-255 HAM TENEKE 3 PARÇA,2026-07-03 13:17:45,2026-07-03 13:56:03,38.3,Bakım çağrıldı,Vardiya Devri,0
4004396,906545,IE26906545,M00001,KAPAK 090-065 HAM TENEKE 2 PARÇA,2026-05-10 22:16:42,2026-05-10 23:12:24,55.7,Bakım çağrıldı,Planlı Bakım,0
4004397,906547,IE26906547,M00008,YUVARLAK KUTU 210-255 HAM TENEKE 3 PARÇA,2026-06-20 16:40:42,2026-06-20 16:48:18,7.6,Kalıp söküldü,Kalıp Değişimi,0
4004398,906548,IE26906548,M00008,YUVARLAK KUTU 210-255 HAM TENEKE 3 PARÇA,2026-06-21 10:41:42,2026-06-21 11:20:12,38.5,,Mekanik Arıza,0
4004399,906550,IE26906550,M00002,TEPSI 325-125 MAT LAK 3 PARÇA,2026-02-17 07:39:33,2026-02-17 08:08:21,28.8,Operatör müdahalesi,Ayar / Numune Onayı,0
4004400,906551,IE26906551,M00002,TEPSI 325-125 MAT LAK 3 PARÇA,2026-02-18 09:02:42,2026-02-18 09:26:36,23.9,Kalıp söküldü,Malzeme Bekleme,0
4004401,906554,IE25906554,M00069,YUVARLAK KUTU 245-175 VERNIKLI 2 PARÇA,2025-11-25 09:37:07,2025-11-25 10:37:31,60.4,Operatör müdahalesi,Malzeme Bekleme,0
4004402,906557,IE26906557,M00001,KAPAK 090-065 HAM TENEKE 2 PARÇA,2026-07-20 11:58:10,2026-07-20 12:51:34,53.4,Bakım çağrıldı,Ayar / Numune Onayı,0
4004403,906558,IE26906558,M00001,KAPAK 090-065 HAM TENEKE 2 PARÇA,2026-07-21 10:38:52,2026-07-21 11:42:16,63.4,Yedek parça bekleniyor,Kalıp Değişimi,0
4004404,906559,IE26906559,M00001,KAPAK 090-065 HAM TENEKE 2 PARÇA,2026-07-22 20:10:26,2026-07-22 20:44:14,33.8,Yedek parça bekleniyor,Sac Sıkışması,0
4004405,906562,IE26906562,M00001,KAPAK 090-065 HAM TENEKE 2 PARÇA,2026-04-16 14:22:32,2026-04-16 14:31:14,8.7,Kalıp söküldü,Ayar / Numune Onayı,0
4004406,906564,IE25906564,M00048,YUVARLAK KUTU 295-165 VERNIKLI 3 PARÇA,2025-09-28 11:19:04,2025-09-28 12:29:22,70.3,Yedek parça bekleniyor,Kalıp Değişimi,0
4004407,906565,IE25906565,M00048,YUVARLAK KUTU 295-165 VERNIKLI 3 PARÇA,2025-09-29 21:16:14,2025-09-29 21:30:02,13.8,Bakım çağrıldı,Kalıp Değişimi,0
4004408,906566,IE25906566,M00048,YUVARLAK KUTU 295-165 VERNIKLI 3 PARÇA,2025-09-30 12:24:13,2025-09-30 12:34:43,10.5,Yedek parça bekleniyor,Enerji Kesintisi,0
4004409,906567,IE26906567,M00002,TEPSI 325-125 MAT LAK 3 PARÇA,2026-03-18 21:34:33,2026-03-18 22:17:39,43.1,Bakım çağrıldı,Malzeme Bekleme,0
4004410,906568,IE26906568,M00002,TEPSI 325-125 MAT LAK 3 PARÇA,2026-03-19 06:45:54,2026-03-19 07:54:12,68.3,Yedek parça bekleniyor,Kalıp Değişimi,0
4004411,906570,IE26906570,M00190,YUVARLAK KUTU 210-255 VERNIKLI 3 PARÇA,2026-01-30 15:22:35,2026-01-30 15:28:11,5.6,Yedek parça bekleniyor,Kalıp Değişimi,0
4004412,906572,IE26906572,M00190,YUVARLAK KUTU 210-255 VERNIKLI 3 PARÇA,2026-02-01 15:40:53,2026-02-01 16:20:41,39.8,Kalıp söküldü,Personel Yetersizliği,0
4004413,906573,IE26906573,M00190,YUVARLAK KUTU 210-255 VERNIKLI 3 PARÇA,2026-02-02 16:49:58,2026-02-02 18:27:16,97.3,Operatör müdahalesi,Kalıp Değişimi,0
4004414,906574,IE25906574,M00001,KAPAK 090-065 HAM TENEKE 2 PARÇA,2025-09-24 13:14:59,2025-09-24 14:52:17,97.3,Kalıp söküldü,Mekanik Arıza,0
4004415,906575,IE25906575,M00001,KAPAK 090-065 HAM TENEKE 2 PARÇA,2025-09-25 16:26:57,2025-09-25 17:06:27,39.5,Operatör müdahalesi,Kalıp Değişimi,0
4004416,906576,IE25906576,M00001,KAPAK 090-065 HAM TENEKE 2 PARÇA,2025-09-26 12:16:05,2025-09-26 12:42:41,26.6,Kalıp söküldü,Kalıp Değişimi,0
4004417,906577,IE26906577,M00001,KAPAK 090-065 HAM TENEKE 2 PARÇA,2026-06-19 22:00:02,2026-06-19 22:11:32,11.5,Kalıp söküldü,Kalıp Değişimi,0
4004418,906585,IE26906585,M00002,TEPSI 325-125 MAT LAK 3 PARÇA,2026-05-04 21:35:17,2026-05-04 21:59:11,23.9,Bakım çağrıldı,Kalıp Değişimi,0
4004419,906586,IE26906586,M00111,KARE KUTU 225-165 MAT LAK 2 PARÇA,2026-05-09 10:38:08,2026-05-09 10:53:08,15,Operatör müdahalesi,Mekanik Arıza,0
4004420,906587,IE26906587,M00111,KARE KUTU 225-165 MAT LAK 2 PARÇA,2026-05-10 13:17:21,2026-05-10 13:33:51,16.5,Yedek parça bekleniyor,Mekanik Arıza,0
4004421,906588,IE26906588,M00111,KARE KUTU 225-165 MAT LAK 2 PARÇA,2026-05-11 09:40:28,2026-05-11 09:58:22,17.9,,Ayar / Numune Onayı,0
4004422,906589,IE26906589,M00111,KARE KUTU 225-165 MAT LAK 2 PARÇA,2026-05-12 09:12:22,2026-05-12 09:45:34,33.2,Bakım çağrıldı,Kalıp Değişimi,0
4004423,906590,IE26906590,M00001,KAPAK 090-065 HAM TENEKE 2 PARÇA,2026-05-11 09:34:27,2026-05-11 09:48:57,14.5,Operatör müdahalesi,Ayar / Numune Onayı,0
4004424,906591,IE26906591,M00001,KAPAK 090-065 HAM TENEKE 2 PARÇA,2026-05-12 10:29:05,2026-05-12 10:55:29,26.4,Operatör müdahalesi,Kalite Duruşu,0
4004425,906592,IE26906592,M00001,KAPAK 090-065 HAM TENEKE 2 PARÇA,2026-05-13 12:30:59,2026-05-13 12:45:05,14.1,Bakım çağrıldı,Sac Sıkışması,0
4004426,906593,IE26906593,M00001,KAPAK 090-065 HAM TENEKE 2 PARÇA,2026-05-14 09:03:40,2026-05-14 09:40:58,37.3,Bakım çağrıldı,Kalıp Değişimi,0
4004427,906594,IE25906594,M00010,YUVARLAK KUTU 255-205 MAT LAK 3 PARÇA,2025-07-26 21:10:41,2025-07-26 22:07:59,57.3,Kalıp söküldü,Kalıp Değişimi,0
4004428,906595,IE25906595,M00010,YUVARLAK KUTU 255-205 MAT LAK 3 PARÇA,2025-07-27 18:47:18,2025-07-27 19:28:12,40.9,Kalıp söküldü,Kalıp Değişimi,0
4004429,906596,IE25906596,M00010,YUVARLAK KUTU 255-205 MAT LAK 3 PARÇA,2025-07-28 10:32:23,2025-07-28 11:12:11,39.8,Bakım çağrıldı,Kalıp Değişimi,0
4004430,906597,IE25906597,M00002,TEPSI 325-125 MAT LAK 3 PARÇA,2025-07-01 09:31:33,2025-07-01 10:00:15,28.7,Bakım çağrıldı,Vardiya Devri,0
4004431,906600,IE25906600,M00002,TEPSI 325-125 MAT LAK 3 PARÇA,2025-07-04 21:00:58,2025-07-04 21:32:04,31.1,,Elektrik Arızası,0
4004432,906602,IE25906602,M00005,DIKDORTGEN KUTU 145-095 MAT LAK 2 PARÇA,2025-07-29 18:02:19,2025-07-29 18:18:01,15.7,Kalıp söküldü,Kalıp Değişimi,0
4004433,906603,IE25906603,M00005,DIKDORTGEN KUTU 145-095 MAT LAK 2 PARÇA,2025-07-30 13:05:45,2025-07-30 14:03:57,58.2,Yedek parça bekleniyor,Ayar / Numune Onayı,0
4004434,906605,IE25906605,M00263,DIKDORTGEN KUTU 185-115 LITOGRAFI 2 PARÇA,2025-12-08 17:05:09,2025-12-08 17:15:27,10.3,Operatör müdahalesi,Elektrik Arızası,0
4004435,906606,IE25906606,M00263,DIKDORTGEN KUTU 185-115 LITOGRAFI 2 PARÇA,2025-12-09 10:04:49,2025-12-09 10:43:01,38.2,Operatör müdahalesi,Hidrolik Kaçak,0
4004436,906607,IE25906607,M00263,DIKDORTGEN KUTU 185-115 LITOGRAFI 2 PARÇA,2025-12-10 16:54:36,2025-12-10 17:20:00,25.4,,Kalıp Değişimi,0
4004437,906609,IE26906609,M00003,YUVARLAK KUTU 120-105 HAM TENEKE 2 PARÇA,2026-06-10 09:21:29,2026-06-10 09:37:05,15.6,Kalıp söküldü,Hidrolik Kaçak,0
4004438,906610,IE26906610,M00003,YUVARLAK KUTU 120-105 HAM TENEKE 2 PARÇA,2026-06-11 09:13:02,2026-06-11 09:45:02,32,,Sac Sıkışması,0
4004439,906612,IE26906612,M00023,YUVARLAK KUTU 078-095 LITOGRAFI 2 PARÇA,2026-03-12 15:52:52,2026-03-12 16:30:40,37.8,Yedek parça bekleniyor,Sac Sıkışması,0
4004440,906613,IE26906613,M00023,YUVARLAK KUTU 078-095 LITOGRAFI 2 PARÇA,2026-03-13 12:16:27,2026-03-13 12:43:21,26.9,Bakım çağrıldı,Kalite Duruşu,0
4004441,906614,IE26906614,M00023,YUVARLAK KUTU 078-095 LITOGRAFI 2 PARÇA,2026-03-14 12:56:19,2026-03-14 13:09:31,13.2,Bakım çağrıldı,Vardiya Devri,0
4004442,906619,IE25906619,M00072,DIKDORTGEN KUTU 145-095 HAM TENEKE 3 PARÇA,2025-07-09 11:42:41,2025-07-09 12:20:29,37.8,Bakım çağrıldı,Malzeme Bekleme,0
4004443,906620,IE25906620,M00072,DIKDORTGEN KUTU 145-095 HAM TENEKE 3 PARÇA,2025-07-10 19:20:29,2025-07-10 19:59:05,38.6,Bakım çağrıldı,Vardiya Devri,0
4004444,906622,IE25906622,M00012,YUVARLAK KUTU 205-050 LITOGRAFI 2 PARÇA,2025-09-21 20:55:37,2025-09-21 21:33:01,37.4,Yedek parça bekleniyor,Vardiya Devri,0
4004445,906624,IE25906624,M00012,YUVARLAK KUTU 205-050 LITOGRAFI 2 PARÇA,2025-09-23 12:11:24,2025-09-23 12:32:54,21.5,Bakım çağrıldı,Ayar / Numune Onayı,0
4004446,906625,IE25906625,M00007,DIKDORTGEN KUTU 185-115 MAT LAK 2 PARÇA,2025-10-27 08:37:05,2025-10-27 08:52:35,15.5,Kalıp söküldü,Ayar / Numune Onayı,0
4004447,906629,IE26906629,M00001,KAPAK 090-065 HAM TENEKE 2 PARÇA,2026-05-13 22:22:50,2026-05-13 22:56:50,34,Yedek parça bekleniyor,Kalite Duruşu,0
4004448,906630,IE26906630,M00001,KAPAK 090-065 HAM TENEKE 2 PARÇA,2026-05-14 12:10:10,2026-05-14 12:42:52,32.7,Bakım çağrıldı,Ayar / Numune Onayı,0
4004449,906631,IE26906631,M00001,KAPAK 090-065 HAM TENEKE 2 PARÇA,2026-05-15 19:36:31,2026-05-15 20:45:31,69,Operatör müdahalesi,Malzeme Bekleme,0
4004450,906632,IE25906632,M00027,KALP KUTU 160-090 LITOGRAFI 3 PARÇA,2025-09-21 21:53:35,2025-09-21 22:05:05,11.5,Yedek parça bekleniyor,Kalıp Değişimi,0
4004451,906633,IE25906633,M00027,KALP KUTU 160-090 LITOGRAFI 3 PARÇA,2025-09-22 19:08:07,2025-09-22 19:19:01,10.9,Bakım çağrıldı,Malzeme Bekleme,0
4004452,906634,IE25906634,M00027,KALP KUTU 160-090 LITOGRAFI 3 PARÇA,2025-09-23 18:20:35,2025-09-23 19:18:41,58.1,Kalıp söküldü,Malzeme Bekleme,0
4004453,906635,IE26906635,M00001,KAPAK 090-065 HAM TENEKE 2 PARÇA,2026-06-14 12:23:57,2026-06-14 12:46:33,22.6,Operatör müdahalesi,Sac Sıkışması,0
4004454,906636,IE26906636,M00001,KAPAK 090-065 HAM TENEKE 2 PARÇA,2026-06-15 21:27:20,2026-06-15 22:29:26,62.1,Bakım çağrıldı,Sac Sıkışması,0
4004455,906637,IE26906637,M00001,KAPAK 090-065 HAM TENEKE 2 PARÇA,2026-06-16 10:20:41,2026-06-16 11:43:17,82.6,Kalıp söküldü,Enerji Kesintisi,0
4004456,906638,IE25906638,M00016,YUVARLAK-SIVAMA KUTU Ø068 HAM TENEKE 2 PARÇA,2025-12-11 19:56:52,2025-12-11 21:12:22,75.5,Yedek parça bekleniyor,Hidrolik Kaçak,0
4004457,906639,IE25906639,M00016,YUVARLAK-SIVAMA KUTU Ø068 HAM TENEKE 2 PARÇA,2025-12-12 21:43:20,2025-12-12 21:56:38,13.3,Kalıp söküldü,Malzeme Bekleme,0
4004458,906642,IE26906642,M00003,YUVARLAK KUTU 120-105 HAM TENEKE 2 PARÇA,2026-02-07 21:51:53,2026-02-07 22:21:47,29.9,Bakım çağrıldı,Ayar / Numune Onayı,0
4004459,906643,IE26906643,M00003,YUVARLAK KUTU 120-105 HAM TENEKE 2 PARÇA,2026-02-08 12:48:26,2026-02-08 12:58:44,10.3,Yedek parça bekleniyor,Ayar / Numune Onayı,0
4004460,906644,IE26906644,M00003,YUVARLAK KUTU 120-105 HAM TENEKE 2 PARÇA,2026-02-09 15:01:29,2026-02-09 15:13:35,12.1,,Mekanik Arıza,0
4004461,906645,IE26906645,M00003,YUVARLAK KUTU 120-105 HAM TENEKE 2 PARÇA,2026-02-10 12:15:37,2026-02-10 12:42:13,26.6,Yedek parça bekleniyor,Kalıp Değişimi,0
4004462,906648,IE26906648,M00074,YUVARLAK-SIVAMA KUTU Ø068 VERNIKLI 2 PARÇA,2026-01-06 09:38:51,2026-01-06 09:53:39,14.8,,Ayar / Numune Onayı,0
4004463,906649,IE26906649,M00074,YUVARLAK-SIVAMA KUTU Ø068 VERNIKLI 2 PARÇA,2026-01-07 10:37:40,2026-01-07 11:01:04,23.4,,Mekanik Arıza,0
4004464,906650,IE25906650,M00008,YUVARLAK KUTU 210-255 HAM TENEKE 3 PARÇA,2025-12-12 16:51:49,2025-12-12 17:28:01,36.2,Bakım çağrıldı,Vardiya Devri,0
4004465,906651,IE25906651,M00008,YUVARLAK KUTU 210-255 HAM TENEKE 3 PARÇA,2025-12-13 18:50:13,2025-12-13 19:11:07,20.9,,Personel Yetersizliği,0
4004466,906652,IE25906652,M00008,YUVARLAK KUTU 210-255 HAM TENEKE 3 PARÇA,2025-12-14 12:21:49,2025-12-14 12:41:13,19.4,Bakım çağrıldı,Hidrolik Kaçak,0
4004467,906654,IE25906654,M00078,YUVARLAK KUTU 255-205 MAT LAK 2 PARÇA,2025-07-06 11:14:28,2025-07-06 12:07:16,52.8,Operatör müdahalesi,Sac Sıkışması,0
4004468,906655,IE25906655,M00078,YUVARLAK KUTU 255-205 MAT LAK 2 PARÇA,2025-07-07 13:34:44,2025-07-07 14:04:02,29.3,Operatör müdahalesi,Kalıp Değişimi,0
4004469,906657,IE26906657,M00004,YUVARLAK KUTU 210-255 MAT LAK 3 PARÇA,2026-03-27 12:03:53,2026-03-27 12:48:05,44.2,Operatör müdahalesi,Vardiya Devri,0
4004470,906658,IE26906658,M00004,YUVARLAK KUTU 210-255 MAT LAK 3 PARÇA,2026-03-28 11:46:16,2026-03-28 12:22:40,36.4,Yedek parça bekleniyor,Kalıp Değişimi,0
4004471,906659,IE26906659,M00004,YUVARLAK KUTU 210-255 MAT LAK 3 PARÇA,2026-03-29 21:53:19,2026-03-29 22:14:25,21.1,Yedek parça bekleniyor,Kalıp Değişimi,0
4004472,906662,IE25906662,M00127,YUVARLAK KUTU 158-175 LITOGRAFI 3 PARÇA,2025-08-19 17:28:49,2025-08-19 18:26:31,57.7,Bakım çağrıldı,Kalıp Değişimi,0
4004473,906664,IE25906664,M00127,YUVARLAK KUTU 158-175 LITOGRAFI 3 PARÇA,2025-08-21 10:17:19,2025-08-21 11:13:43,56.4,Kalıp söküldü,Kalite Duruşu,0
4004474,906665,IE25906665,M00003,YUVARLAK KUTU 120-105 HAM TENEKE 2 PARÇA,2025-11-19 20:37:45,2025-11-19 21:56:27,78.7,Operatör müdahalesi,Vardiya Devri,0
4004475,906666,IE25906666,M00003,YUVARLAK KUTU 120-105 HAM TENEKE 2 PARÇA,2025-11-20 08:16:26,2025-11-20 08:53:32,37.1,,Elektrik Arızası,0
4004476,906667,IE25906667,M00003,YUVARLAK KUTU 120-105 HAM TENEKE 2 PARÇA,2025-11-21 11:20:46,2025-11-21 12:32:16,71.5,Kalıp söküldü,Ayar / Numune Onayı,0
4004477,906669,IE25906669,M00017,OVAL KUTU 295-165 VERNIKLI 2 PARÇA,2025-12-21 15:13:35,2025-12-21 15:50:05,36.5,Kalıp söküldü,Hidrolik Kaçak,0
4004478,906670,IE25906670,M00017,OVAL KUTU 295-165 VERNIKLI 2 PARÇA,2025-12-22 14:16:49,2025-12-22 15:25:37,68.8,,Kalıp Değişimi,0
4004479,906671,IE26906671,M00006,SEKILLI KUTU 175-205 HAM TENEKE 3 PARÇA,2026-07-20 16:30:35,2026-07-20 16:48:59,18.4,Kalıp söküldü,Kalıp Değişimi,0
4004480,906674,IE25906674,M00016,YUVARLAK-SIVAMA KUTU Ø068 HAM TENEKE 2 PARÇA,2025-08-03 22:09:56,2025-08-03 22:45:50,35.9,Kalıp söküldü,Elektrik Arızası,0
4004481,906676,IE25906676,M00016,YUVARLAK-SIVAMA KUTU Ø068 HAM TENEKE 2 PARÇA,2025-08-05 08:40:59,2025-08-05 08:59:29,18.5,Operatör müdahalesi,Elektrik Arızası,0
4004482,906678,IE26906678,M00026,ALTIGEN KUTU 125-085 LITOGRAFI 2 PARÇA,2026-05-21 16:49:03,2026-05-21 16:55:03,6,Operatör müdahalesi,Planlı Bakım,0
4004483,906679,IE26906679,M00026,ALTIGEN KUTU 125-085 LITOGRAFI 2 PARÇA,2026-05-22 11:24:02,2026-05-22 11:58:08,34.1,Operatör müdahalesi,Kalıp Değişimi,0
4004484,906680,IE26906680,M00026,ALTIGEN KUTU 125-085 LITOGRAFI 2 PARÇA,2026-05-23 15:13:09,2026-05-23 16:09:51,56.7,Yedek parça bekleniyor,Sac Sıkışması,0
4004485,906681,IE26906681,M00026,ALTIGEN KUTU 125-085 LITOGRAFI 2 PARÇA,2026-05-24 20:35:16,2026-05-24 21:02:34,27.3,Yedek parça bekleniyor,Hidrolik Kaçak,0
4004486,906682,IE25906682,M00002,TEPSI 325-125 MAT LAK 3 PARÇA,2025-08-03 07:02:13,2025-08-03 07:56:49,54.6,Kalıp söküldü,Ayar / Numune Onayı,0
4004487,906683,IE25906683,M00002,TEPSI 325-125 MAT LAK 3 PARÇA,2025-08-04 13:21:39,2025-08-04 14:47:21,85.7,Operatör müdahalesi,Planlı Bakım,0
4004488,906684,IE25906684,M00002,TEPSI 325-125 MAT LAK 3 PARÇA,2025-08-05 18:58:44,2025-08-05 19:42:08,43.4,,Kalıp Değişimi,0
4004489,906685,IE25906685,M00002,TEPSI 325-125 MAT LAK 3 PARÇA,2025-08-06 08:45:02,2025-08-06 09:47:38,62.6,Yedek parça bekleniyor,Ayar / Numune Onayı,0
4004490,906686,IE26906686,M00004,YUVARLAK KUTU 210-255 MAT LAK 3 PARÇA,2026-02-21 14:32:44,2026-02-21 14:41:32,8.8,Kalıp söküldü,Kalıp Değişimi,0
4004491,906687,IE26906687,M00004,YUVARLAK KUTU 210-255 MAT LAK 3 PARÇA,2026-02-22 14:42:57,2026-02-22 15:06:33,23.6,Operatör müdahalesi,Personel Yetersizliği,0
4004492,906688,IE26906688,M00004,YUVARLAK KUTU 210-255 MAT LAK 3 PARÇA,2026-02-23 09:06:21,2026-02-23 10:06:39,60.3,Operatör müdahalesi,Ayar / Numune Onayı,0
4004493,906689,IE26906689,M00043,YUVARLAK KUTU 210-080 VERNIKLI 2 PARÇA,2026-01-27 17:42:28,2026-01-27 18:53:34,71.1,,Kalıp Değişimi,0
4004494,906691,IE26906691,M00043,YUVARLAK KUTU 210-080 VERNIKLI 2 PARÇA,2026-01-29 15:51:22,2026-01-29 16:44:04,52.7,Yedek parça bekleniyor,Kalıp Değişimi,0
4004495,906692,IE26906692,M00043,YUVARLAK KUTU 210-080 VERNIKLI 2 PARÇA,2026-01-30 10:04:01,2026-01-30 12:16:01,132,Operatör müdahalesi,Kalıp Değişimi,0
4004496,906693,IE25906693,M00005,DIKDORTGEN KUTU 145-095 MAT LAK 2 PARÇA,2025-09-28 12:50:18,2025-09-28 13:00:54,10.6,Kalıp söküldü,Vardiya Devri,0
4004497,906696,IE25906696,M00005,DIKDORTGEN KUTU 145-095 MAT LAK 2 PARÇA,2025-10-01 13:41:42,2025-10-01 13:52:42,11,,Malzeme Bekleme,0
4004498,906697,IE26906697,M00005,DIKDORTGEN KUTU 145-095 MAT LAK 2 PARÇA,2026-03-19 12:49:58,2026-03-19 13:33:16,43.3,Operatör müdahalesi,Sac Sıkışması,0
4004499,906698,IE26906698,M00005,DIKDORTGEN KUTU 145-095 MAT LAK 2 PARÇA,2026-03-20 15:11:09,2026-03-20 15:42:15,31.1,Kalıp söküldü,Mekanik Arıza,0
4004500,906699,IE26906699,M00005,DIKDORTGEN KUTU 145-095 MAT LAK 2 PARÇA,2026-03-21 15:01:48,2026-03-21 15:42:48,41,,Kalıp Değişimi,0
4004501,906700,IE26906700,M00053,SEKILLI KUTU 175-205 MAT LAK 3 PARÇA,2026-06-17 19:03:05,2026-06-17 19:54:05,51,Operatör müdahalesi,Vardiya Devri,0
4004502,906703,IE26906703,M00053,SEKILLI KUTU 175-205 MAT LAK 3 PARÇA,2026-06-20 11:26:54,2026-06-20 12:16:54,50,,Elektrik Arızası,0
4004503,906704,IE25906704,M00001,KAPAK 090-065 HAM TENEKE 2 PARÇA,2025-07-23 08:23:19,2025-07-23 08:40:31,17.2,Operatör müdahalesi,Ayar / Numune Onayı,0
4004504,906706,IE25906706,M00001,KAPAK 090-065 HAM TENEKE 2 PARÇA,2025-07-25 08:59:37,2025-07-25 10:44:31,104.9,,Ayar / Numune Onayı,0
4004505,906708,IE25906708,M00005,DIKDORTGEN KUTU 145-095 MAT LAK 2 PARÇA,2025-12-18 20:42:35,2025-12-18 21:52:11,69.6,Kalıp söküldü,Ayar / Numune Onayı,0
4004506,906709,IE25906709,M00005,DIKDORTGEN KUTU 145-095 MAT LAK 2 PARÇA,2025-12-19 08:44:30,2025-12-19 09:14:12,29.7,Yedek parça bekleniyor,Mekanik Arıza,0
4004507,906710,IE25906710,M00005,DIKDORTGEN KUTU 145-095 MAT LAK 2 PARÇA,2025-12-20 12:35:49,2025-12-20 12:54:55,19.1,,Hidrolik Kaçak,0
4004508,906712,IE26906712,M00022,SEKIZGEN KUTU 135-145 VERNIKLI 2 PARÇA,2026-04-29 13:35:49,2026-04-29 13:58:37,22.8,Operatör müdahalesi,Elektrik Arızası,0
4004509,906713,IE26906713,M00022,SEKIZGEN KUTU 135-145 VERNIKLI 2 PARÇA,2026-04-30 21:24:49,2026-04-30 22:25:43,60.9,Operatör müdahalesi,Kalite Duruşu,0
4004510,906715,IE25906715,M00019,OVAL KUTU 295-165 VERNIKLI 2 PARÇA,2025-12-16 18:59:44,2025-12-16 19:59:32,59.8,Bakım çağrıldı,Planlı Bakım,0
4004511,906717,IE25906717,M00006,SEKILLI KUTU 175-205 HAM TENEKE 3 PARÇA,2025-10-31 09:11:35,2025-10-31 09:31:11,19.6,,Sac Sıkışması,0
4004512,906718,IE25906718,M00006,SEKILLI KUTU 175-205 HAM TENEKE 3 PARÇA,2025-11-01 13:41:37,2025-11-01 14:32:19,50.7,Operatör müdahalesi,Elektrik Arızası,0
4004513,906719,IE25906719,M00006,SEKILLI KUTU 175-205 HAM TENEKE 3 PARÇA,2025-11-02 08:45:47,2025-11-02 09:15:29,29.7,Bakım çağrıldı,Vardiya Devri,0
4004514,906720,IE25906720,M00006,SEKILLI KUTU 175-205 HAM TENEKE 3 PARÇA,2025-11-03 12:24:47,2025-11-03 12:39:41,14.9,Yedek parça bekleniyor,Planlı Bakım,0
4004515,906721,IE26906721,M00016,YUVARLAK-SIVAMA KUTU Ø068 HAM TENEKE 2 PARÇA,2026-04-01 20:59:21,2026-04-01 22:27:39,88.3,Operatör müdahalesi,Ayar / Numune Onayı,0
4004516,906722,IE26906722,M00016,YUVARLAK-SIVAMA KUTU Ø068 HAM TENEKE 2 PARÇA,2026-04-02 15:51:29,2026-04-02 17:21:59,90.5,Bakım çağrıldı,Personel Yetersizliği,0
4004517,906723,IE26906723,M00016,YUVARLAK-SIVAMA KUTU Ø068 HAM TENEKE 2 PARÇA,2026-04-03 09:36:29,2026-04-03 10:11:41,35.2,Yedek parça bekleniyor,Sac Sıkışması,0
4004518,906726,IE25906726,M00077,DIKDORTGEN KUTU Ø068 LITOGRAFI 2 PARÇA,2025-07-02 20:49:40,2025-07-02 21:11:40,22,Bakım çağrıldı,Elektrik Arızası,0
4004519,906729,IE26906729,M00011,YUVARLAK KUTU 120-105 HAM TENEKE 3 PARÇA,2026-07-13 14:41:37,2026-07-13 15:56:55,75.3,Yedek parça bekleniyor,Hidrolik Kaçak,0
4004520,906730,IE26906730,M00011,YUVARLAK KUTU 120-105 HAM TENEKE 3 PARÇA,2026-07-14 19:37:12,2026-07-14 21:18:12,101,Operatör müdahalesi,Planlı Bakım,0
4004521,906731,IE26906731,M00002,TEPSI 325-125 MAT LAK 3 PARÇA,2026-06-01 16:14:42,2026-06-01 17:27:00,72.3,Kalıp söküldü,Malzeme Bekleme,0
4004522,906733,IE26906733,M00002,TEPSI 325-125 MAT LAK 3 PARÇA,2026-06-03 13:56:22,2026-06-03 14:58:10,61.8,Operatör müdahalesi,Elektrik Arızası,0
4004523,906734,IE26906734,M00254,YUVARLAK KUTU 245-175 VERNIKLI 2 PARÇA,2026-04-05 15:12:45,2026-04-05 16:07:45,55,Kalıp söküldü,Personel Yetersizliği,0
4004524,906736,IE26906736,M00254,YUVARLAK KUTU 245-175 VERNIKLI 2 PARÇA,2026-04-07 16:10:32,2026-04-07 16:35:56,25.4,Operatör müdahalesi,Malzeme Bekleme,0
4004525,906737,IE26906737,M00050,YUVARLAK KUTU 158-175 HAM TENEKE 3 PARÇA,2026-04-02 15:47:01,2026-04-02 16:09:19,22.3,,Malzeme Bekleme,0
4004526,906739,IE26906739,M00050,YUVARLAK KUTU 158-175 HAM TENEKE 3 PARÇA,2026-04-04 12:58:58,2026-04-04 13:28:04,29.1,Bakım çağrıldı,Sac Sıkışması,0
4004527,906742,IE25906742,M00002,TEPSI 325-125 MAT LAK 3 PARÇA,2025-07-24 20:01:50,2025-07-24 20:47:14,45.4,,Mekanik Arıza,0
4004528,906745,IE25906745,M00008,YUVARLAK KUTU 210-255 HAM TENEKE 3 PARÇA,2025-10-07 13:25:01,2025-10-07 14:10:49,45.8,Yedek parça bekleniyor,Kalıp Değişimi,0
4004529,906746,IE25906746,M00008,YUVARLAK KUTU 210-255 HAM TENEKE 3 PARÇA,2025-10-08 13:15:45,2025-10-08 14:00:21,44.6,Kalıp söküldü,Vardiya Devri,0
4004530,906747,IE25906747,M00008,YUVARLAK KUTU 210-255 HAM TENEKE 3 PARÇA,2025-10-09 16:23:10,2025-10-09 16:55:10,32,,Kalıp Değişimi,0
4004531,906748,IE26906748,M00062,YUVARLAK KUTU 158-175 VERNIKLI 2 PARÇA,2026-04-18 10:09:51,2026-04-18 10:53:21,43.5,Operatör müdahalesi,Kalıp Değişimi,0
4004532,906749,IE26906749,M00062,YUVARLAK KUTU 158-175 VERNIKLI 2 PARÇA,2026-04-19 17:48:37,2026-04-19 18:21:19,32.7,,Kalıp Değişimi,0
4004533,906750,IE26906750,M00062,YUVARLAK KUTU 158-175 VERNIKLI 2 PARÇA,2026-04-20 10:46:35,2026-04-20 10:52:59,6.4,Bakım çağrıldı,Malzeme Bekleme,0
4004534,906753,IE26906753,M00001,KAPAK 090-065 HAM TENEKE 2 PARÇA,2026-04-28 11:01:51,2026-04-28 11:14:45,12.9,Yedek parça bekleniyor,Ayar / Numune Onayı,0
4004535,906754,IE26906754,M00001,KAPAK 090-065 HAM TENEKE 2 PARÇA,2026-04-29 19:29:56,2026-04-29 19:59:20,29.4,Operatör müdahalesi,Vardiya Devri,0
4004536,906756,IE26906756,M00049,YUVARLAK-SIVAMA KUTU 295-165 HAM TENEKE 2 PARÇA,2026-05-03 07:13:08,2026-05-03 07:30:26,17.3,Bakım çağrıldı,Kalıp Değişimi,0
4004537,906757,IE26906757,M00049,YUVARLAK-SIVAMA KUTU 295-165 HAM TENEKE 2 PARÇA,2026-05-04 22:25:17,2026-05-04 22:47:05,21.8,,Mekanik Arıza,0
4004538,906760,IE25906760,M00046,DIKDORTGEN KUTU 185-115 MAT LAK 2 PARÇA,2025-09-07 11:54:24,2025-09-07 12:50:42,56.3,,Vardiya Devri,0
4004539,906762,IE25906762,M00001,KAPAK 090-065 HAM TENEKE 2 PARÇA,2025-06-27 17:01:14,2025-06-27 17:16:08,14.9,Kalıp söküldü,Sac Sıkışması,0
4004540,906763,IE25906763,M00001,KAPAK 090-065 HAM TENEKE 2 PARÇA,2025-06-28 07:10:51,2025-06-28 07:20:21,9.5,Yedek parça bekleniyor,Kalite Duruşu,0
4004541,906764,IE25906764,M00001,KAPAK 090-065 HAM TENEKE 2 PARÇA,2025-06-29 15:01:19,2025-06-29 15:52:07,50.8,Kalıp söküldü,Planlı Bakım,0
4004542,906766,IE26906766,M00010,YUVARLAK KUTU 255-205 MAT LAK 3 PARÇA,2026-01-17 18:28:00,2026-01-17 19:17:42,49.7,,Planlı Bakım,0
4004543,906767,IE26906767,M00010,YUVARLAK KUTU 255-205 MAT LAK 3 PARÇA,2026-01-18 18:47:05,2026-01-18 18:54:53,7.8,Yedek parça bekleniyor,Sac Sıkışması,0
4004544,906768,IE26906768,M00010,YUVARLAK KUTU 255-205 MAT LAK 3 PARÇA,2026-01-19 18:57:13,2026-01-19 19:16:07,18.9,Bakım çağrıldı,Kalıp Değişimi,0
4004545,906769,IE26906769,M00010,YUVARLAK KUTU 255-205 MAT LAK 3 PARÇA,2026-01-20 09:39:24,2026-01-20 10:30:42,51.3,Operatör müdahalesi,Malzeme Bekleme,0
4004546,906770,IE25906770,M00013,KOSELI SIVAMA KUTU 210-080 LITOGRAFI 3 PARÇA,2025-10-20 09:50:07,2025-10-20 10:14:55,24.8,Bakım çağrıldı,Mekanik Arıza,0
4004547,906771,IE25906771,M00013,KOSELI SIVAMA KUTU 210-080 LITOGRAFI 3 PARÇA,2025-10-21 15:41:13,2025-10-21 16:44:31,63.3,Yedek parça bekleniyor,Planlı Bakım,0
4004548,906772,IE25906772,M00013,KOSELI SIVAMA KUTU 210-080 LITOGRAFI 3 PARÇA,2025-10-22 09:38:19,2025-10-22 09:58:25,20.1,,Ayar / Numune Onayı,0
4004549,906773,IE25906773,M00013,KOSELI SIVAMA KUTU 210-080 LITOGRAFI 3 PARÇA,2025-10-23 08:47:57,2025-10-23 09:45:45,57.8,Bakım çağrıldı,Planlı Bakım,0
4004550,906774,IE26906774,M00084,TEPSI 325-125 VERNIKLI 2 PARÇA,2026-01-10 09:22:19,2026-01-10 10:14:49,52.5,Operatör müdahalesi,Sac Sıkışması,0
4004551,906777,IE25906777,M00059,YUVARLAK KUTU Ø148 HAM TENEKE 2 PARÇA,2025-07-20 18:47:54,2025-07-20 20:18:18,90.4,,Kalıp Değişimi,0
4004552,906778,IE25906778,M00059,YUVARLAK KUTU Ø148 HAM TENEKE 2 PARÇA,2025-07-21 20:10:14,2025-07-21 21:05:38,55.4,,Kalıp Değişimi,0
4004553,906780,IE25906780,M00059,YUVARLAK KUTU Ø148 HAM TENEKE 2 PARÇA,2025-07-23 10:58:30,2025-07-23 11:09:18,10.8,Kalıp söküldü,Kalıp Değişimi,0
4004554,906782,IE25906782,M00002,TEPSI 325-125 MAT LAK 3 PARÇA,2025-10-02 11:26:49,2025-10-02 11:58:31,31.7,Kalıp söküldü,Kalıp Değişimi,0
4004555,906783,IE25906783,M00002,TEPSI 325-125 MAT LAK 3 PARÇA,2025-10-03 12:02:15,2025-10-03 12:18:09,15.9,Bakım çağrıldı,Kalıp Değişimi,0
4004556,906784,IE25906784,M00002,TEPSI 325-125 MAT LAK 3 PARÇA,2025-10-04 14:47:27,2025-10-04 14:55:33,8.1,Operatör müdahalesi,Planlı Bakım,0
4004557,906785,IE25906785,M00004,YUVARLAK KUTU 210-255 MAT LAK 3 PARÇA,2025-11-09 21:51:17,2025-11-09 22:34:35,43.3,Operatör müdahalesi,Mekanik Arıza,0
4004558,906788,IE25906788,M00004,YUVARLAK KUTU 210-255 MAT LAK 3 PARÇA,2025-11-12 09:10:29,2025-11-12 09:45:41,35.2,Yedek parça bekleniyor,Sac Sıkışması,0
4004559,906789,IE25906789,M00046,DIKDORTGEN KUTU 185-115 MAT LAK 2 PARÇA,2025-08-20 18:51:45,2025-08-20 19:02:03,10.3,Operatör müdahalesi,Vardiya Devri,0
4004560,906790,IE25906790,M00046,DIKDORTGEN KUTU 185-115 MAT LAK 2 PARÇA,2025-08-21 11:10:47,2025-08-21 11:23:17,12.5,,Vardiya Devri,0
4004561,906791,IE25906791,M00046,DIKDORTGEN KUTU 185-115 MAT LAK 2 PARÇA,2025-08-22 18:34:58,2025-08-22 18:57:22,22.4,Operatör müdahalesi,Planlı Bakım,0
4004562,906794,IE26906794,M00025,YUVARLAK KUTU 255-205 VERNIKLI 3 PARÇA,2026-05-02 08:43:38,2026-05-02 09:11:14,27.6,Yedek parça bekleniyor,Elektrik Arızası,0
4004563,906795,IE26906795,M00002,TEPSI 325-125 MAT LAK 3 PARÇA,2026-02-20 10:24:57,2026-02-20 10:36:15,11.3,Bakım çağrıldı,Hidrolik Kaçak,0
4004564,906797,IE26906797,M00002,TEPSI 325-125 MAT LAK 3 PARÇA,2026-02-22 19:19:08,2026-02-22 19:34:26,15.3,Kalıp söküldü,Kalite Duruşu,0
4004565,906798,IE26906798,M00002,TEPSI 325-125 MAT LAK 3 PARÇA,2026-02-23 13:40:19,2026-02-23 14:18:07,37.8,,Hidrolik Kaçak,0
4004566,906800,IE26906800,M00004,YUVARLAK KUTU 210-255 MAT LAK 3 PARÇA,2026-02-04 22:18:51,2026-02-04 22:25:45,6.9,Operatör müdahalesi,Mekanik Arıza,0
4004567,906801,IE26906801,M00004,YUVARLAK KUTU 210-255 MAT LAK 3 PARÇA,2026-02-05 07:59:47,2026-02-05 09:02:53,63.1,Bakım çağrıldı,Mekanik Arıza,0
4004568,906802,IE25906802,M00002,TEPSI 325-125 MAT LAK 3 PARÇA,2025-12-01 19:59:56,2025-12-01 20:33:32,33.6,,Kalıp Değişimi,0
4004569,906803,IE25906803,M00002,TEPSI 325-125 MAT LAK 3 PARÇA,2025-12-02 21:54:12,2025-12-02 22:43:24,49.2,Bakım çağrıldı,Ayar / Numune Onayı,0
4004570,906805,IE25906805,M00002,TEPSI 325-125 MAT LAK 3 PARÇA,2025-12-04 22:16:08,2025-12-04 22:51:44,35.6,,Ayar / Numune Onayı,0
4004571,906806,IE25906806,M00017,OVAL KUTU 295-165 VERNIKLI 2 PARÇA,2025-07-04 15:55:07,2025-07-04 16:14:25,19.3,Bakım çağrıldı,Elektrik Arızası,0
4004572,906807,IE25906807,M00017,OVAL KUTU 295-165 VERNIKLI 2 PARÇA,2025-07-05 16:48:02,2025-07-05 17:46:14,58.2,Kalıp söküldü,Kalite Duruşu,0
4004573,906808,IE25906808,M00017,OVAL KUTU 295-165 VERNIKLI 2 PARÇA,2025-07-06 08:08:56,2025-07-06 08:29:20,20.4,Kalıp söküldü,Elektrik Arızası,0
4004574,906812,IE25906812,M00084,TEPSI 325-125 VERNIKLI 2 PARÇA,2025-07-06 16:17:27,2025-07-06 16:44:03,26.6,Bakım çağrıldı,Kalıp Değişimi,0
4004575,906818,IE26906818,M00018,SEKIZGEN KUTU 135-145 HAM TENEKE 2 PARÇA,2026-04-19 15:43:25,2026-04-19 16:22:13,38.8,Yedek parça bekleniyor,Malzeme Bekleme,0
4004576,906820,IE26906820,M00018,SEKIZGEN KUTU 135-145 HAM TENEKE 2 PARÇA,2026-04-21 08:14:30,2026-04-21 09:02:48,48.3,,Elektrik Arızası,0
4004577,906821,IE26906821,M00003,YUVARLAK KUTU 120-105 HAM TENEKE 2 PARÇA,2026-07-30 10:12:00,2026-07-30 10:30:36,18.6,Bakım çağrıldı,Kalıp Değişimi,0
4004578,906825,IE25906825,M00003,YUVARLAK KUTU 120-105 HAM TENEKE 2 PARÇA,2025-12-04 09:19:24,2025-12-04 10:16:18,56.9,Kalıp söküldü,Ayar / Numune Onayı,0
4004579,906827,IE25906827,M00003,YUVARLAK KUTU 120-105 HAM TENEKE 2 PARÇA,2025-12-06 13:55:29,2025-12-06 14:07:47,12.3,Yedek parça bekleniyor,Kalıp Değişimi,0
4004580,906828,IE25906828,M00001,KAPAK 090-065 HAM TENEKE 2 PARÇA,2025-11-08 17:15:46,2025-11-08 17:57:22,41.6,Bakım çağrıldı,Sac Sıkışması,0
4004581,906829,IE25906829,M00001,KAPAK 090-065 HAM TENEKE 2 PARÇA,2025-11-09 08:59:46,2025-11-09 09:44:46,45,Bakım çağrıldı,Mekanik Arıza,0
4004582,906830,IE25906830,M00001,KAPAK 090-065 HAM TENEKE 2 PARÇA,2025-11-10 13:53:28,2025-11-10 14:06:58,13.5,,Kalite Duruşu,0
4004583,906831,IE25906831,M00001,KAPAK 090-065 HAM TENEKE 2 PARÇA,2025-11-11 07:28:57,2025-11-11 09:16:57,108,Bakım çağrıldı,Malzeme Bekleme,0
4004584,906833,IE25906833,M00010,YUVARLAK KUTU 255-205 MAT LAK 3 PARÇA,2025-10-10 14:40:40,2025-10-10 15:28:46,48.1,Operatör müdahalesi,Kalıp Değişimi,0
4004585,906834,IE25906834,M00010,YUVARLAK KUTU 255-205 MAT LAK 3 PARÇA,2025-10-11 17:48:12,2025-10-11 18:15:12,27,Yedek parça bekleniyor,Vardiya Devri,0
4004586,906835,IE25906835,M00032,TEPSI Ø068 VERNIKLI 3 PARÇA,2025-12-10 06:43:48,2025-12-10 06:52:30,8.7,Yedek parça bekleniyor,Kalıp Değişimi,0
4004587,906837,IE25906837,M00032,TEPSI Ø068 VERNIKLI 3 PARÇA,2025-12-12 07:54:52,2025-12-12 10:09:58,135.1,Yedek parça bekleniyor,Kalıp Değişimi,0
4004588,906840,IE26906840,M00018,SEKIZGEN KUTU 135-145 HAM TENEKE 2 PARÇA,2026-06-17 15:17:12,2026-06-17 15:32:30,15.3,Operatör müdahalesi,Vardiya Devri,0
4004589,906843,IE26906843,M00083,YUVARLAK-SIVAMA KUTU Ø068 LITOGRAFI 3 PARÇA,2026-04-19 10:25:52,2026-04-19 11:20:10,54.3,,Mekanik Arıza,0
4004590,906846,IE26906846,M00012,YUVARLAK KUTU 205-050 LITOGRAFI 2 PARÇA,2026-06-07 11:39:28,2026-06-07 12:01:34,22.1,,Ayar / Numune Onayı,0
4004591,906847,IE26906847,M00012,YUVARLAK KUTU 205-050 LITOGRAFI 2 PARÇA,2026-06-08 21:18:37,2026-06-08 22:42:13,83.6,Yedek parça bekleniyor,Malzeme Bekleme,0
4004592,906848,IE26906848,M00012,YUVARLAK KUTU 205-050 LITOGRAFI 2 PARÇA,2026-06-09 09:39:27,2026-06-09 10:01:51,22.4,Operatör müdahalesi,Kalıp Değişimi,0
4004593,906849,IE26906849,M00002,TEPSI 325-125 MAT LAK 3 PARÇA,2026-04-25 14:37:43,2026-04-25 15:04:19,26.6,Bakım çağrıldı,Mekanik Arıza,0
4004594,906850,IE26906850,M00002,TEPSI 325-125 MAT LAK 3 PARÇA,2026-04-26 16:47:49,2026-04-26 18:03:31,75.7,Kalıp söküldü,Malzeme Bekleme,0
4004595,906851,IE26906851,M00002,TEPSI 325-125 MAT LAK 3 PARÇA,2026-04-27 18:54:00,2026-04-27 19:39:24,45.4,Bakım çağrıldı,Vardiya Devri,0
4004596,906852,IE25906852,M00043,YUVARLAK KUTU 210-080 VERNIKLI 2 PARÇA,2025-07-01 17:11:01,2025-07-01 17:41:07,30.1,Operatör müdahalesi,Kalite Duruşu,0
4004597,906854,IE25906854,M00043,YUVARLAK KUTU 210-080 VERNIKLI 2 PARÇA,2025-07-03 07:00:31,2025-07-03 08:13:25,72.9,Kalıp söküldü,Kalıp Değişimi,0
4004598,906856,IE25906856,M00034,SEKIZGEN KUTU Ø050 LITOGRAFI 2 PARÇA,2025-10-27 14:38:44,2025-10-27 14:46:50,8.1,Kalıp söküldü,Elektrik Arızası,0
4004599,906858,IE25906858,M00034,SEKIZGEN KUTU Ø050 LITOGRAFI 2 PARÇA,2025-10-29 12:49:45,2025-10-29 13:20:21,30.6,,Sac Sıkışması,0
4004600,906859,IE25906859,M00001,KAPAK 090-065 HAM TENEKE 2 PARÇA,2025-10-27 12:15:47,2025-10-27 13:07:47,52,Kalıp söküldü,Kalıp Değişimi,0
4004601,906860,IE25906860,M00001,KAPAK 090-065 HAM TENEKE 2 PARÇA,2025-10-28 20:57:09,2025-10-28 21:13:45,16.6,Yedek parça bekleniyor,Malzeme Bekleme,0
4004602,906861,IE25906861,M00001,KAPAK 090-065 HAM TENEKE 2 PARÇA,2025-10-29 09:05:41,2025-10-29 09:45:17,39.6,,Kalıp Değişimi,0
4004603,906862,IE25906862,M00044,KAPAK 090-065 VERNIKLI 2 PARÇA,2025-07-12 16:26:45,2025-07-12 16:40:21,13.6,Operatör müdahalesi,Mekanik Arıza,0
4004604,906864,IE25906864,M00044,KAPAK 090-065 VERNIKLI 2 PARÇA,2025-07-14 18:10:28,2025-07-14 18:51:16,40.8,Bakım çağrıldı,Ayar / Numune Onayı,0
4004605,906865,IE25906865,M00044,KAPAK 090-065 VERNIKLI 2 PARÇA,2025-07-15 17:54:44,2025-07-15 18:31:14,36.5,,Kalıp Değişimi,0
4004606,906866,IE25906866,M00006,SEKILLI KUTU 175-205 HAM TENEKE 3 PARÇA,2025-07-02 19:25:39,2025-07-02 20:07:15,41.6,Yedek parça bekleniyor,Mekanik Arıza,0
4004607,906867,IE25906867,M00006,SEKILLI KUTU 175-205 HAM TENEKE 3 PARÇA,2025-07-03 19:57:51,2025-07-03 21:21:03,83.2,,Ayar / Numune Onayı,0
4004608,906869,IE25906869,M00006,SEKILLI KUTU 175-205 HAM TENEKE 3 PARÇA,2025-07-05 17:54:44,2025-07-05 18:48:14,53.5,Bakım çağrıldı,Kalite Duruşu,0
4004609,906870,IE25906870,M00004,YUVARLAK KUTU 210-255 MAT LAK 3 PARÇA,2025-08-31 12:09:21,2025-08-31 13:29:39,80.3,Yedek parça bekleniyor,Personel Yetersizliği,0
4004610,906871,IE25906871,M00004,YUVARLAK KUTU 210-255 MAT LAK 3 PARÇA,2025-09-01 10:57:18,2025-09-01 12:00:18,63,Operatör müdahalesi,Elektrik Arızası,0
4004611,906874,IE25906874,M00258,PLAKA-BARDAK ALTI 185-115 LITOGRAFI 3 PARÇA,2025-10-27 09:42:04,2025-10-27 09:52:46,10.7,Yedek parça bekleniyor,Kalıp Değişimi,0
4004612,906876,IE25906876,M00258,PLAKA-BARDAK ALTI 185-115 LITOGRAFI 3 PARÇA,2025-10-29 13:59:59,2025-10-29 14:11:05,11.1,Operatör müdahalesi,Kalıp Değişimi,0
4004613,906878,IE26906878,M00002,TEPSI 325-125 MAT LAK 3 PARÇA,2026-05-05 18:29:46,2026-05-05 18:44:52,15.1,Operatör müdahalesi,Vardiya Devri,0
4004614,906879,IE26906879,M00002,TEPSI 325-125 MAT LAK 3 PARÇA,2026-05-06 10:25:14,2026-05-06 10:52:20,27.1,Bakım çağrıldı,Planlı Bakım,0
4004615,906880,IE26906880,M00002,TEPSI 325-125 MAT LAK 3 PARÇA,2026-05-07 11:19:19,2026-05-07 11:40:31,21.2,Operatör müdahalesi,Ayar / Numune Onayı,0
4004616,906881,IE26906881,M00002,TEPSI 325-125 MAT LAK 3 PARÇA,2026-05-08 11:04:48,2026-05-08 11:16:48,12,Yedek parça bekleniyor,Sac Sıkışması,0
4004617,906883,IE25906883,M00010,YUVARLAK KUTU 255-205 MAT LAK 3 PARÇA,2025-09-25 21:38:37,2025-09-25 23:01:43,83.1,Yedek parça bekleniyor,Elektrik Arızası,0
4004618,906884,IE25906884,M00010,YUVARLAK KUTU 255-205 MAT LAK 3 PARÇA,2025-09-26 18:28:08,2025-09-26 18:45:32,17.4,,Elektrik Arızası,0
4004619,906885,IE25906885,M00010,YUVARLAK KUTU 255-205 MAT LAK 3 PARÇA,2025-09-27 11:19:04,2025-09-27 12:24:52,65.8,Yedek parça bekleniyor,Kalıp Değişimi,0
4004620,906886,IE25906886,M00264,YUVARLAK KUTU Ø050 HAM TENEKE 2 PARÇA,2025-12-25 14:54:11,2025-12-25 15:11:23,17.2,Bakım çağrıldı,Kalıp Değişimi,0
4004621,906888,IE25906888,M00264,YUVARLAK KUTU Ø050 HAM TENEKE 2 PARÇA,2025-12-27 10:01:18,2025-12-27 10:41:24,40.1,,Mekanik Arıza,0
4004622,906889,IE25906889,M00264,YUVARLAK KUTU Ø050 HAM TENEKE 2 PARÇA,2025-12-28 11:31:58,2025-12-28 11:54:40,22.7,,Enerji Kesintisi,0
4004623,906890,IE25906890,M00001,KAPAK 090-065 HAM TENEKE 2 PARÇA,2025-06-27 20:15:28,2025-06-27 20:21:34,6.1,Kalıp söküldü,Kalıp Değişimi,0
4004624,906893,IE25906893,M00007,DIKDORTGEN KUTU 185-115 MAT LAK 2 PARÇA,2025-11-07 14:26:57,2025-11-07 14:59:51,32.9,Yedek parça bekleniyor,Vardiya Devri,0
4004625,906894,IE25906894,M00007,DIKDORTGEN KUTU 185-115 MAT LAK 2 PARÇA,2025-11-08 20:25:44,2025-11-08 20:53:20,27.6,Yedek parça bekleniyor,Sac Sıkışması,0
4004626,906895,IE25906895,M00007,DIKDORTGEN KUTU 185-115 MAT LAK 2 PARÇA,2025-11-09 08:43:47,2025-11-09 09:22:05,38.3,Bakım çağrıldı,Kalıp Değişimi,0
4004627,906896,IE25906896,M00007,DIKDORTGEN KUTU 185-115 MAT LAK 2 PARÇA,2025-11-10 06:22:51,2025-11-10 07:23:03,60.2,Yedek parça bekleniyor,Ayar / Numune Onayı,0
4004628,906897,IE25906897,M00067,DIKDORTGEN KUTU 185-115 HAM TENEKE 3 PARÇA,2025-07-08 21:20:38,2025-07-08 22:21:38,61,Bakım çağrıldı,Kalıp Değişimi,0
4004629,906898,IE25906898,M00067,DIKDORTGEN KUTU 185-115 HAM TENEKE 3 PARÇA,2025-07-09 10:20:55,2025-07-09 11:15:49,54.9,Operatör müdahalesi,Sac Sıkışması,0
4004630,906899,IE25906899,M00067,DIKDORTGEN KUTU 185-115 HAM TENEKE 3 PARÇA,2025-07-10 15:22:34,2025-07-10 16:09:10,46.6,Operatör müdahalesi,Malzeme Bekleme,0
4004631,906900,IE25906900,M00067,DIKDORTGEN KUTU 185-115 HAM TENEKE 3 PARÇA,2025-07-11 18:36:48,2025-07-11 18:51:00,14.2,Operatör müdahalesi,Vardiya Devri,0
4004632,906901,IE25906901,M00069,YUVARLAK KUTU 245-175 VERNIKLI 2 PARÇA,2025-09-30 21:39:05,2025-09-30 22:38:35,59.5,,Vardiya Devri,0
4004633,906903,IE25906903,M00069,YUVARLAK KUTU 245-175 VERNIKLI 2 PARÇA,2025-10-02 15:29:40,2025-10-02 16:01:16,31.6,Kalıp söküldü,Ayar / Numune Onayı,0
4004634,906904,IE25906904,M00069,YUVARLAK KUTU 245-175 VERNIKLI 2 PARÇA,2025-10-03 08:00:37,2025-10-03 08:16:01,15.4,Yedek parça bekleniyor,Ayar / Numune Onayı,0
4004635,906906,IE25906906,M00009,YUVARLAK KUTU 245-175 VERNIKLI 3 PARÇA,2025-10-20 09:03:04,2025-10-20 10:24:10,81.1,Yedek parça bekleniyor,Personel Yetersizliği,0
4004636,906908,IE26906908,M00015,YUVARLAK KUTU Ø092 MAT LAK 2 PARÇA,2026-05-05 09:35:20,2026-05-05 11:38:20,123,Kalıp söküldü,Ayar / Numune Onayı,0
4004637,906909,IE26906909,M00015,YUVARLAK KUTU Ø092 MAT LAK 2 PARÇA,2026-05-06 10:51:06,2026-05-06 11:21:36,30.5,Kalıp söküldü,Mekanik Arıza,0
4004638,906910,IE26906910,M00015,YUVARLAK KUTU Ø092 MAT LAK 2 PARÇA,2026-05-07 11:33:42,2026-05-07 12:12:18,38.6,Bakım çağrıldı,Personel Yetersizliği,0
4004639,906913,IE26906913,M00008,YUVARLAK KUTU 210-255 HAM TENEKE 3 PARÇA,2026-02-09 11:41:35,2026-02-09 12:03:47,22.2,Bakım çağrıldı,Kalite Duruşu,0
4004640,906915,IE25906915,M00001,KAPAK 090-065 HAM TENEKE 2 PARÇA,2025-10-29 09:49:38,2025-10-29 10:58:38,69,,Planlı Bakım,0
4004641,906917,IE25906917,M00001,KAPAK 090-065 HAM TENEKE 2 PARÇA,2025-10-31 07:16:03,2025-10-31 07:27:27,11.4,Bakım çağrıldı,Kalıp Değişimi,0
4004642,906918,IE26906918,M00015,YUVARLAK KUTU Ø092 MAT LAK 2 PARÇA,2026-05-13 15:53:03,2026-05-13 16:32:27,39.4,Bakım çağrıldı,Mekanik Arıza,0
4004643,906919,IE26906919,M00015,YUVARLAK KUTU Ø092 MAT LAK 2 PARÇA,2026-05-14 11:34:36,2026-05-14 11:46:12,11.6,,Vardiya Devri,0
4004644,906920,IE26906920,M00015,YUVARLAK KUTU Ø092 MAT LAK 2 PARÇA,2026-05-15 13:05:41,2026-05-15 13:18:29,12.8,Bakım çağrıldı,Kalite Duruşu,0
4004645,906921,IE26906921,M00015,YUVARLAK KUTU Ø092 MAT LAK 2 PARÇA,2026-05-16 14:07:40,2026-05-16 14:35:52,28.2,Kalıp söküldü,Mekanik Arıza,0
4004646,906922,IE25906922,M00002,TEPSI 325-125 MAT LAK 3 PARÇA,2025-06-28 14:39:18,2025-06-28 15:17:48,38.5,Bakım çağrıldı,Vardiya Devri,0
4004647,906923,IE25906923,M00002,TEPSI 325-125 MAT LAK 3 PARÇA,2025-06-29 20:17:41,2025-06-29 20:25:41,8,Kalıp söküldü,Kalıp Değişimi,0
4004648,906924,IE25906924,M00002,TEPSI 325-125 MAT LAK 3 PARÇA,2025-06-30 16:14:16,2025-06-30 16:35:40,21.4,Bakım çağrıldı,Malzeme Bekleme,0
4004649,906925,IE25906925,M00002,TEPSI 325-125 MAT LAK 3 PARÇA,2025-07-01 18:17:40,2025-07-01 18:46:04,28.4,,Vardiya Devri,0
4004650,906926,IE26906926,M00002,TEPSI 325-125 MAT LAK 3 PARÇA,2026-03-15 06:59:15,2026-03-15 08:03:15,64,Yedek parça bekleniyor,Enerji Kesintisi,0
4004651,906927,IE26906927,M00002,TEPSI 325-125 MAT LAK 3 PARÇA,2026-03-16 12:50:12,2026-03-16 13:21:00,30.8,,Kalite Duruşu,0
4004652,906928,IE26906928,M00002,TEPSI 325-125 MAT LAK 3 PARÇA,2026-03-17 21:39:16,2026-03-17 22:14:16,35,Yedek parça bekleniyor,Kalıp Değişimi,0
4004653,906929,IE26906929,M00002,TEPSI 325-125 MAT LAK 3 PARÇA,2026-03-18 21:35:00,2026-03-18 22:10:24,35.4,Yedek parça bekleniyor,Elektrik Arızası,0
4004654,906930,IE26906930,M00084,TEPSI 325-125 VERNIKLI 2 PARÇA,2026-03-11 10:42:49,2026-03-11 10:56:43,13.9,,Personel Yetersizliği,0
4004655,906931,IE26906931,M00084,TEPSI 325-125 VERNIKLI 2 PARÇA,2026-03-12 07:21:43,2026-03-12 08:24:01,62.3,Operatör müdahalesi,Kalıp Değişimi,0
4004656,906932,IE26906932,M00084,TEPSI 325-125 VERNIKLI 2 PARÇA,2026-03-13 10:15:45,2026-03-13 10:59:09,43.4,Kalıp söküldü,Ayar / Numune Onayı,0
4004657,906933,IE26906933,M00239,KAPAK 090-065 MAT LAK 3 PARÇA,2026-03-24 08:51:20,2026-03-24 08:58:26,7.1,Operatör müdahalesi,Vardiya Devri,0
4004658,906934,IE26906934,M00239,KAPAK 090-065 MAT LAK 3 PARÇA,2026-03-25 10:35:58,2026-03-25 12:21:58,106,Yedek parça bekleniyor,Vardiya Devri,0
4004659,906935,IE26906935,M00239,KAPAK 090-065 MAT LAK 3 PARÇA,2026-03-26 10:06:43,2026-03-26 10:12:55,6.2,Bakım çağrıldı,Sac Sıkışması,0
4004660,906936,IE25906936,M00002,TEPSI 325-125 MAT LAK 3 PARÇA,2025-11-07 18:44:44,2025-11-07 18:58:26,13.7,Bakım çağrıldı,Kalite Duruşu,0
4004661,906937,IE25906937,M00002,TEPSI 325-125 MAT LAK 3 PARÇA,2025-11-08 16:20:51,2025-11-08 17:29:51,69,Yedek parça bekleniyor,Hidrolik Kaçak,0
4004662,906938,IE25906938,M00002,TEPSI 325-125 MAT LAK 3 PARÇA,2025-11-09 07:18:11,2025-11-09 07:46:23,28.2,Operatör müdahalesi,Enerji Kesintisi,0
4004663,906943,IE26906943,M00186,KOSELI SIVAMA KUTU 210-080 MAT LAK 2 PARÇA,2026-01-06 19:03:15,2026-01-06 20:40:57,97.7,,Vardiya Devri,0
4004664,906944,IE26906944,M00186,KOSELI SIVAMA KUTU 210-080 MAT LAK 2 PARÇA,2026-01-07 10:21:01,2026-01-07 10:49:43,28.7,Yedek parça bekleniyor,Vardiya Devri,0
4004665,906945,IE26906945,M00186,KOSELI SIVAMA KUTU 210-080 MAT LAK 2 PARÇA,2026-01-08 14:21:51,2026-01-08 15:36:33,74.7,Bakım çağrıldı,Kalıp Değişimi,0
4004666,906947,IE25906947,M00016,YUVARLAK-SIVAMA KUTU Ø068 HAM TENEKE 2 PARÇA,2025-11-23 21:07:33,2025-11-23 21:42:27,34.9,Yedek parça bekleniyor,Kalıp Değişimi,0
4004667,906948,IE25906948,M00016,YUVARLAK-SIVAMA KUTU Ø068 HAM TENEKE 2 PARÇA,2025-11-24 17:50:15,2025-11-24 18:18:09,27.9,Kalıp söküldü,Malzeme Bekleme,0
4004668,906949,IE25906949,M00016,YUVARLAK-SIVAMA KUTU Ø068 HAM TENEKE 2 PARÇA,2025-11-25 21:07:39,2025-11-25 21:26:03,18.4,Operatör müdahalesi,Kalıp Değişimi,0
4004669,906953,IE25906953,M00106,TEPSI 325-125 HAM TENEKE 2 PARÇA,2025-10-03 20:52:41,2025-10-03 21:32:53,40.2,Bakım çağrıldı,Hidrolik Kaçak,0
4004670,906954,IE25906954,M00106,TEPSI 325-125 HAM TENEKE 2 PARÇA,2025-10-04 14:11:52,2025-10-04 14:41:16,29.4,,Ayar / Numune Onayı,0
4004671,906955,IE25906955,M00106,TEPSI 325-125 HAM TENEKE 2 PARÇA,2025-10-05 08:01:54,2025-10-05 09:01:18,59.4,Kalıp söküldü,Kalıp Değişimi,0
4004672,906956,IE25906956,M00106,TEPSI 325-125 HAM TENEKE 2 PARÇA,2025-10-06 21:17:06,2025-10-06 22:06:54,49.8,Operatör müdahalesi,Sac Sıkışması,0
4004673,906957,IE26906957,M00035,YUVARLAK KUTU 120-105 HAM TENEKE 3 PARÇA,2026-02-28 09:42:29,2026-02-28 10:06:29,24,Kalıp söküldü,Personel Yetersizliği,0
4004674,906958,IE26906958,M00035,YUVARLAK KUTU 120-105 HAM TENEKE 3 PARÇA,2026-03-01 17:25:36,2026-03-01 17:36:18,10.7,,Mekanik Arıza,0
4004675,906959,IE26906959,M00035,YUVARLAK KUTU 120-105 HAM TENEKE 3 PARÇA,2026-03-02 18:53:20,2026-03-02 19:11:20,18,Operatör müdahalesi,Kalıp Değişimi,0
4004676,906960,IE26906960,M00035,YUVARLAK KUTU 120-105 HAM TENEKE 3 PARÇA,2026-03-03 19:43:59,2026-03-03 20:01:23,17.4,Operatör müdahalesi,Kalıp Değişimi,0
4004677,906961,IE25906961,M00159,SEKILLI KUTU 175-205 MAT LAK 2 PARÇA,2025-11-15 19:06:55,2025-11-15 19:54:01,47.1,,Sac Sıkışması,0
4004678,906964,IE25906964,M00005,DIKDORTGEN KUTU 145-095 MAT LAK 2 PARÇA,2025-07-04 17:52:09,2025-07-04 18:38:03,45.9,Yedek parça bekleniyor,Elektrik Arızası,0
4004679,906965,IE25906965,M00005,DIKDORTGEN KUTU 145-095 MAT LAK 2 PARÇA,2025-07-05 14:14:49,2025-07-05 14:43:25,28.6,,Kalıp Değişimi,0
4004680,906966,IE25906966,M00005,DIKDORTGEN KUTU 145-095 MAT LAK 2 PARÇA,2025-07-06 08:53:02,2025-07-06 09:15:08,22.1,Bakım çağrıldı,Sac Sıkışması,0
4004681,906967,IE25906967,M00005,DIKDORTGEN KUTU 145-095 MAT LAK 2 PARÇA,2025-07-07 07:35:25,2025-07-07 07:48:01,12.6,Yedek parça bekleniyor,Kalıp Değişimi,0
4004682,906968,IE26906968,M00005,DIKDORTGEN KUTU 145-095 MAT LAK 2 PARÇA,2026-05-04 18:41:27,2026-05-04 19:36:33,55.1,Bakım çağrıldı,Elektrik Arızası,0
4004683,906969,IE26906969,M00005,DIKDORTGEN KUTU 145-095 MAT LAK 2 PARÇA,2026-05-05 21:11:36,2026-05-05 22:17:42,66.1,Yedek parça bekleniyor,Sac Sıkışması,0
4004684,906970,IE26906970,M00005,DIKDORTGEN KUTU 145-095 MAT LAK 2 PARÇA,2026-05-06 19:48:19,2026-05-06 20:08:13,19.9,Operatör müdahalesi,Kalıp Değişimi,0
4004685,906971,IE26906971,M00005,DIKDORTGEN KUTU 145-095 MAT LAK 2 PARÇA,2026-05-07 15:22:54,2026-05-07 15:49:42,26.8,Bakım çağrıldı,Ayar / Numune Onayı,0
4004686,906972,IE26906972,M00011,YUVARLAK KUTU 120-105 HAM TENEKE 3 PARÇA,2026-01-01 12:00:10,2026-01-01 12:27:40,27.5,Operatör müdahalesi,Mekanik Arıza,0
4004687,906973,IE26906973,M00011,YUVARLAK KUTU 120-105 HAM TENEKE 3 PARÇA,2026-01-02 09:50:55,2026-01-02 10:33:43,42.8,Bakım çağrıldı,Elektrik Arızası,0
4004688,906974,IE26906974,M00011,YUVARLAK KUTU 120-105 HAM TENEKE 3 PARÇA,2026-01-03 12:17:09,2026-01-03 13:00:45,43.6,Kalıp söküldü,Malzeme Bekleme,0
4004689,906975,IE26906975,M00011,YUVARLAK KUTU 120-105 HAM TENEKE 3 PARÇA,2026-01-04 15:06:23,2026-01-04 15:12:35,6.2,Kalıp söküldü,Kalıp Değişimi,0
4004690,906976,IE26906976,M00164,YUVARLAK KUTU 210-255 VERNIKLI 3 PARÇA,2026-03-29 17:15:01,2026-03-29 18:08:31,53.5,Kalıp söküldü,Sac Sıkışması,0
4004691,906977,IE26906977,M00164,YUVARLAK KUTU 210-255 VERNIKLI 3 PARÇA,2026-03-30 21:41:59,2026-03-30 21:57:17,15.3,Kalıp söküldü,Kalıp Değişimi,0
4004692,906979,IE25906979,M00001,KAPAK 090-065 HAM TENEKE 2 PARÇA,2025-09-06 21:14:25,2025-09-06 22:16:37,62.2,Operatör müdahalesi,Vardiya Devri,0
4004693,906980,IE25906980,M00001,KAPAK 090-065 HAM TENEKE 2 PARÇA,2025-09-07 20:08:22,2025-09-07 21:10:40,62.3,Bakım çağrıldı,Malzeme Bekleme,0
4004694,906981,IE25906981,M00001,KAPAK 090-065 HAM TENEKE 2 PARÇA,2025-09-08 18:07:38,2025-09-08 18:57:50,50.2,Bakım çağrıldı,Mekanik Arıza,0
4004695,906982,IE25906982,M00001,KAPAK 090-065 HAM TENEKE 2 PARÇA,2025-09-09 09:55:23,2025-09-09 11:12:23,77,Bakım çağrıldı,Elektrik Arızası,0
4004696,906984,IE26906984,M00009,YUVARLAK KUTU 245-175 VERNIKLI 3 PARÇA,2026-07-11 18:26:59,2026-07-11 19:07:47,40.8,Operatör müdahalesi,Mekanik Arıza,0
4004697,906986,IE25906986,M00007,DIKDORTGEN KUTU 185-115 MAT LAK 2 PARÇA,2025-12-21 06:54:03,2025-12-21 07:08:33,14.5,Operatör müdahalesi,Hidrolik Kaçak,0
4004698,906987,IE25906987,M00007,DIKDORTGEN KUTU 185-115 MAT LAK 2 PARÇA,2025-12-22 19:33:34,2025-12-22 20:04:52,31.3,Kalıp söküldü,Kalıp Değişimi,0
4004699,906988,IE25906988,M00007,DIKDORTGEN KUTU 185-115 MAT LAK 2 PARÇA,2025-12-23 15:45:02,2025-12-23 16:11:20,26.3,Yedek parça bekleniyor,Kalıp Değişimi,0
4004700,906990,IE25906990,M00010,YUVARLAK KUTU 255-205 MAT LAK 3 PARÇA,2025-11-19 13:23:13,2025-11-19 15:19:37,116.4,Kalıp söküldü,Elektrik Arızası,0
4004701,906992,IE25906992,M00010,YUVARLAK KUTU 255-205 MAT LAK 3 PARÇA,2025-11-21 12:36:42,2025-11-21 12:52:06,15.4,,Kalıp Değişimi,0
4004702,906994,IE25906994,M00002,TEPSI 325-125 MAT LAK 3 PARÇA,2025-07-26 15:37:58,2025-07-26 16:04:40,26.7,Kalıp söküldü,Malzeme Bekleme,0
4004703,906995,IE25906995,M00002,TEPSI 325-125 MAT LAK 3 PARÇA,2025-07-27 12:12:09,2025-07-27 12:44:03,31.9,Yedek parça bekleniyor,Ayar / Numune Onayı,0
4004704,906998,IE25906998,M00021,KAPAK 090-065 MAT LAK 3 PARÇA,2025-08-26 19:52:30,2025-08-26 20:02:12,9.7,,Ayar / Numune Onayı,0
4004705,907000,IE26907000,M00166,ALTIGEN KUTU 125-085 LITOGRAFI 3 PARÇA,2026-04-25 15:57:36,2026-04-25 16:28:54,31.3,Operatör müdahalesi,Ayar / Numune Onayı,0
4004706,907001,IE26907001,M00166,ALTIGEN KUTU 125-085 LITOGRAFI 3 PARÇA,2026-04-26 17:03:05,2026-04-26 18:43:59,100.9,,Elektrik Arızası,0
4004707,907002,IE26907002,M00166,ALTIGEN KUTU 125-085 LITOGRAFI 3 PARÇA,2026-04-27 09:34:57,2026-04-27 10:02:45,27.8,,Sac Sıkışması,0
4004708,907004,IE26907004,M00002,TEPSI 325-125 MAT LAK 3 PARÇA,2026-01-28 16:58:54,2026-01-28 17:24:00,25.1,Kalıp söküldü,Kalıp Değişimi,0
4004709,907005,IE26907005,M00002,TEPSI 325-125 MAT LAK 3 PARÇA,2026-01-29 10:29:10,2026-01-29 10:39:34,10.4,,Kalıp Değişimi,0
4004710,907006,IE25907006,M00012,YUVARLAK KUTU 205-050 LITOGRAFI 2 PARÇA,2025-10-27 16:36:38,2025-10-27 17:52:26,75.8,Bakım çağrıldı,Ayar / Numune Onayı,0
4004711,907007,IE25907007,M00012,YUVARLAK KUTU 205-050 LITOGRAFI 2 PARÇA,2025-10-28 10:09:05,2025-10-28 11:08:05,59,Kalıp söküldü,Mekanik Arıza,0
4004712,907008,IE25907008,M00012,YUVARLAK KUTU 205-050 LITOGRAFI 2 PARÇA,2025-10-29 17:22:23,2025-10-29 18:37:47,75.4,Yedek parça bekleniyor,Kalite Duruşu,0
4004713,907010,IE26907010,M00001,KAPAK 090-065 HAM TENEKE 2 PARÇA,2026-04-11 13:29:00,2026-04-11 13:49:48,20.8,,Ayar / Numune Onayı,0
4004714,907011,IE26907011,M00001,KAPAK 090-065 HAM TENEKE 2 PARÇA,2026-04-12 18:06:03,2026-04-12 18:55:57,49.9,Kalıp söküldü,Kalıp Değişimi,0
4004715,907012,IE26907012,M00001,KAPAK 090-065 HAM TENEKE 2 PARÇA,2026-04-13 22:13:41,2026-04-13 22:42:29,28.8,Kalıp söküldü,Mekanik Arıza,0
4004716,907013,IE26907013,M00003,YUVARLAK KUTU 120-105 HAM TENEKE 2 PARÇA,2026-06-07 10:43:12,2026-06-07 11:00:54,17.7,Kalıp söküldü,Kalıp Değişimi,0
4004717,907014,IE26907014,M00003,YUVARLAK KUTU 120-105 HAM TENEKE 2 PARÇA,2026-06-08 19:06:36,2026-06-08 19:33:06,26.5,Yedek parça bekleniyor,Mekanik Arıza,0
4004718,907015,IE26907015,M00003,YUVARLAK KUTU 120-105 HAM TENEKE 2 PARÇA,2026-06-09 10:44:59,2026-06-09 10:52:29,7.5,Kalıp söküldü,Elektrik Arızası,0
4004719,907016,IE26907016,M00003,YUVARLAK KUTU 120-105 HAM TENEKE 2 PARÇA,2026-06-10 09:43:08,2026-06-10 09:51:14,8.1,,Mekanik Arıza,0
4004720,907017,IE25907017,M00153,YUVARLAK KUTU 255-205 HAM TENEKE 2 PARÇA,2025-06-26 14:31:12,2025-06-26 15:00:36,29.4,,Malzeme Bekleme,0
4004721,907019,IE25907019,M00153,YUVARLAK KUTU 255-205 HAM TENEKE 2 PARÇA,2025-06-28 22:37:40,2025-06-28 23:10:10,32.5,Operatör müdahalesi,Kalıp Değişimi,0
4004722,907020,IE25907020,M00019,OVAL KUTU 295-165 VERNIKLI 2 PARÇA,2025-12-31 14:04:08,2025-12-31 14:36:44,32.6,,Kalıp Değişimi,0
4004723,907021,IE26907021,M00019,OVAL KUTU 295-165 VERNIKLI 2 PARÇA,2026-01-01 08:33:37,2026-01-01 09:32:13,58.6,,Ayar / Numune Onayı,0
4004724,907022,IE26907022,M00019,OVAL KUTU 295-165 VERNIKLI 2 PARÇA,2026-01-02 18:29:43,2026-01-02 19:25:01,55.3,,Sac Sıkışması,0
4004725,907023,IE26907023,M00061,YUVARLAK KUTU Ø050 VERNIKLI 2 PARÇA,2026-04-15 10:17:28,2026-04-15 10:37:04,19.6,Bakım çağrıldı,Malzeme Bekleme,0
4004726,907024,IE26907024,M00061,YUVARLAK KUTU Ø050 VERNIKLI 2 PARÇA,2026-04-16 09:15:04,2026-04-16 09:32:10,17.1,Kalıp söküldü,Kalite Duruşu,0
4004727,907025,IE26907025,M00061,YUVARLAK KUTU Ø050 VERNIKLI 2 PARÇA,2026-04-17 14:18:20,2026-04-17 14:41:56,23.6,Operatör müdahalesi,Planlı Bakım,0
4004728,907026,IE26907026,M00061,YUVARLAK KUTU Ø050 VERNIKLI 2 PARÇA,2026-04-18 17:01:50,2026-04-18 18:19:44,77.9,Operatör müdahalesi,Kalıp Değişimi,0
4004729,907027,IE26907027,M00001,KAPAK 090-065 HAM TENEKE 2 PARÇA,2026-03-01 14:39:25,2026-03-01 14:56:07,16.7,Yedek parça bekleniyor,Personel Yetersizliği,0
4004730,907029,IE26907029,M00001,KAPAK 090-065 HAM TENEKE 2 PARÇA,2026-03-03 13:02:00,2026-03-03 14:10:12,68.2,Bakım çağrıldı,Hidrolik Kaçak,0
4004731,907030,IE26907030,M00001,KAPAK 090-065 HAM TENEKE 2 PARÇA,2026-04-05 19:23:31,2026-04-05 20:03:25,39.9,Kalıp söküldü,Vardiya Devri,0
4004732,907031,IE26907031,M00001,KAPAK 090-065 HAM TENEKE 2 PARÇA,2026-04-06 20:40:13,2026-04-06 21:06:43,26.5,Yedek parça bekleniyor,Kalıp Değişimi,0
4004733,907033,IE26907033,M00032,TEPSI Ø068 VERNIKLI 3 PARÇA,2026-05-05 14:05:15,2026-05-05 14:33:21,28.1,Kalıp söküldü,Kalıp Değişimi,0
4004734,907036,IE26907036,M00032,TEPSI Ø068 VERNIKLI 3 PARÇA,2026-05-08 18:48:32,2026-05-08 20:03:02,74.5,Kalıp söküldü,Kalıp Değişimi,0
4004735,907037,IE25907037,M00004,YUVARLAK KUTU 210-255 MAT LAK 3 PARÇA,2025-09-08 14:25:21,2025-09-08 14:43:27,18.1,Operatör müdahalesi,Hidrolik Kaçak,0
4004736,907038,IE25907038,M00004,YUVARLAK KUTU 210-255 MAT LAK 3 PARÇA,2025-09-09 16:50:05,2025-09-09 17:27:05,37,Operatör müdahalesi,Kalıp Değişimi,0
4004737,907039,IE25907039,M00004,YUVARLAK KUTU 210-255 MAT LAK 3 PARÇA,2025-09-10 19:39:28,2025-09-10 20:34:34,55.1,Bakım çağrıldı,Kalite Duruşu,0
4004738,907042,IE25907042,M00001,KAPAK 090-065 HAM TENEKE 2 PARÇA,2025-12-02 17:31:51,2025-12-02 18:25:09,53.3,Bakım çağrıldı,Elektrik Arızası,0
4004739,907043,IE25907043,M00041,YUVARLAK KUTU Ø050 HAM TENEKE 3 PARÇA,2025-08-03 20:23:16,2025-08-03 22:07:22,104.1,Operatör müdahalesi,Malzeme Bekleme,0
4004740,907044,IE25907044,M00041,YUVARLAK KUTU Ø050 HAM TENEKE 3 PARÇA,2025-08-04 11:22:14,2025-08-04 11:52:20,30.1,,Kalite Duruşu,0
4004741,907047,IE26907047,M00007,DIKDORTGEN KUTU 185-115 MAT LAK 2 PARÇA,2026-01-31 19:30:12,2026-01-31 20:11:48,41.6,,Enerji Kesintisi,0
4004742,907048,IE26907048,M00007,DIKDORTGEN KUTU 185-115 MAT LAK 2 PARÇA,2026-02-01 20:34:17,2026-02-01 20:41:53,7.6,Operatör müdahalesi,Vardiya Devri,0
4004743,907052,IE25907052,M00038,YUVARLAK KUTU 120-105 VERNIKLI 3 PARÇA,2025-10-14 11:33:00,2025-10-14 12:15:54,42.9,Operatör müdahalesi,Mekanik Arıza,0
4004744,907053,IE25907053,M00038,YUVARLAK KUTU 120-105 VERNIKLI 3 PARÇA,2025-10-15 19:01:00,2025-10-15 19:10:36,9.6,Bakım çağrıldı,Vardiya Devri,0
4004745,907054,IE25907054,M00002,TEPSI 325-125 MAT LAK 3 PARÇA,2025-11-29 09:11:37,2025-11-29 11:04:31,112.9,Kalıp söküldü,Personel Yetersizliği,0
4004746,907055,IE25907055,M00002,TEPSI 325-125 MAT LAK 3 PARÇA,2025-11-30 09:00:49,2025-11-30 09:07:01,6.2,Operatör müdahalesi,Hidrolik Kaçak,0
4004747,907057,IE25907057,M00002,TEPSI 325-125 MAT LAK 3 PARÇA,2025-12-02 07:26:34,2025-12-02 09:02:46,96.2,Bakım çağrıldı,Ayar / Numune Onayı,0
4004748,907058,IE26907058,M00003,YUVARLAK KUTU 120-105 HAM TENEKE 2 PARÇA,2026-03-04 16:58:47,2026-03-04 18:41:47,103,Operatör müdahalesi,Mekanik Arıza,0
4004749,907059,IE26907059,M00003,YUVARLAK KUTU 120-105 HAM TENEKE 2 PARÇA,2026-03-05 12:48:28,2026-03-05 13:22:34,34.1,Operatör müdahalesi,Mekanik Arıza,0
4004750,907060,IE26907060,M00003,YUVARLAK KUTU 120-105 HAM TENEKE 2 PARÇA,2026-03-06 18:42:33,2026-03-06 19:16:27,33.9,Operatör müdahalesi,Ayar / Numune Onayı,0
4004751,907061,IE26907061,M00008,YUVARLAK KUTU 210-255 HAM TENEKE 3 PARÇA,2026-04-21 19:56:18,2026-04-21 20:06:42,10.4,,Hidrolik Kaçak,0
4004752,907063,IE26907063,M00008,YUVARLAK KUTU 210-255 HAM TENEKE 3 PARÇA,2026-04-23 10:42:40,2026-04-23 11:07:28,24.8,,Kalıp Değişimi,0
4004753,907064,IE25907064,M00011,YUVARLAK KUTU 120-105 HAM TENEKE 3 PARÇA,2025-07-28 17:55:43,2025-07-28 18:21:19,25.6,Operatör müdahalesi,Ayar / Numune Onayı,0
4004754,907068,IE25907068,M00037,YUVARLAK KUTU 078-095 MAT LAK 3 PARÇA,2025-09-20 08:17:48,2025-09-20 08:28:12,10.4,Kalıp söküldü,Kalıp Değişimi,0
4004755,907069,IE25907069,M00037,YUVARLAK KUTU 078-095 MAT LAK 3 PARÇA,2025-09-21 14:47:27,2025-09-21 14:54:15,6.8,,Kalıp Değişimi,0
4004756,907071,IE25907071,M00037,YUVARLAK KUTU 078-095 MAT LAK 3 PARÇA,2025-09-23 10:43:30,2025-09-23 11:40:42,57.2,Bakım çağrıldı,Sac Sıkışması,0
4004757,907076,IE26907076,M00060,YUVARLAK KUTU Y120-105 LITOGRAFI 3 PARÇA,2026-01-24 18:09:47,2026-01-24 18:53:41,43.9,Kalıp söküldü,Elektrik Arızası,0
4004758,907077,IE26907077,M00060,YUVARLAK KUTU Y120-105 LITOGRAFI 3 PARÇA,2026-01-25 06:46:53,2026-01-25 07:01:17,14.4,,Mekanik Arıza,0
4004759,907079,IE26907079,M00162,TEPSI 325-125 LITOGRAFI 3 PARÇA,2026-02-20 13:28:51,2026-02-20 14:30:33,61.7,Operatör müdahalesi,Mekanik Arıza,0
4004760,907080,IE26907080,M00162,TEPSI 325-125 LITOGRAFI 3 PARÇA,2026-02-21 10:56:46,2026-02-21 12:07:28,70.7,Kalıp söküldü,Elektrik Arızası,0
4004761,907082,IE26907082,M00162,TEPSI 325-125 LITOGRAFI 3 PARÇA,2026-02-23 14:14:29,2026-02-23 15:11:17,56.8,Operatör müdahalesi,Kalıp Değişimi,0
4004762,907083,IE26907083,M00053,SEKILLI KUTU 175-205 MAT LAK 3 PARÇA,2026-05-13 21:12:49,2026-05-13 21:18:13,5.4,Kalıp söküldü,Mekanik Arıza,0
4004763,907084,IE26907084,M00053,SEKILLI KUTU 175-205 MAT LAK 3 PARÇA,2026-05-14 22:27:17,2026-05-14 22:39:23,12.1,Yedek parça bekleniyor,Kalıp Değişimi,0
4004764,907085,IE26907085,M00053,SEKILLI KUTU 175-205 MAT LAK 3 PARÇA,2026-05-15 13:10:13,2026-05-15 13:33:01,22.8,,Elektrik Arızası,0
4004765,907086,IE26907086,M00053,SEKILLI KUTU 175-205 MAT LAK 3 PARÇA,2026-05-16 06:59:54,2026-05-16 07:19:00,19.1,Bakım çağrıldı,Hidrolik Kaçak,0
4004766,907087,IE25907087,M00003,YUVARLAK KUTU 120-105 HAM TENEKE 2 PARÇA,2025-12-11 19:09:35,2025-12-11 19:52:23,42.8,Operatör müdahalesi,Kalıp Değişimi,0
4004767,907088,IE25907088,M00003,YUVARLAK KUTU 120-105 HAM TENEKE 2 PARÇA,2025-12-12 17:16:04,2025-12-12 18:10:16,54.2,Yedek parça bekleniyor,Kalıp Değişimi,0
4004768,907089,IE25907089,M00003,YUVARLAK KUTU 120-105 HAM TENEKE 2 PARÇA,2025-12-13 13:38:55,2025-12-13 14:16:13,37.3,Kalıp söküldü,Kalıp Değişimi,0
4004769,907091,IE25907091,M00075,YUVARLAK KUTU 094-050 LITOGRAFI 3 PARÇA,2025-10-04 11:03:53,2025-10-04 11:28:29,24.6,Operatör müdahalesi,Kalıp Değişimi,0
4004770,907093,IE26907093,M00020,YUVARLAK KUTU 210-255 LITOGRAFI 2 PARÇA,2026-07-28 17:57:02,2026-07-28 18:45:08,48.1,Kalıp söküldü,Malzeme Bekleme,0
4004771,907094,IE26907094,M00020,YUVARLAK KUTU 210-255 LITOGRAFI 2 PARÇA,2026-07-29 14:47:31,2026-07-29 15:26:19,38.8,Bakım çağrıldı,Kalıp Değişimi,0
4004772,907096,IE26907096,M00004,YUVARLAK KUTU 210-255 MAT LAK 3 PARÇA,2026-01-17 09:46:24,2026-01-17 10:20:06,33.7,Yedek parça bekleniyor,Kalite Duruşu,0
4004773,907097,IE26907097,M00004,YUVARLAK KUTU 210-255 MAT LAK 3 PARÇA,2026-01-18 15:34:10,2026-01-18 15:42:10,8,,Planlı Bakım,0
4004774,907103,IE26907103,M00005,DIKDORTGEN KUTU 145-095 MAT LAK 2 PARÇA,2026-02-02 11:02:24,2026-02-02 11:54:42,52.3,Operatör müdahalesi,Kalıp Değişimi,0
4004775,907104,IE26907104,M00005,DIKDORTGEN KUTU 145-095 MAT LAK 2 PARÇA,2026-02-03 09:33:16,2026-02-03 09:58:40,25.4,,Personel Yetersizliği,0
4004776,907105,IE26907105,M00005,DIKDORTGEN KUTU 145-095 MAT LAK 2 PARÇA,2026-02-04 19:39:08,2026-02-04 20:02:20,23.2,Bakım çağrıldı,Sac Sıkışması,0
4004777,907106,IE25907106,M00147,YUVARLAK KUTU 094-050 MAT LAK 3 PARÇA,2025-07-30 10:09:27,2025-07-30 10:53:09,43.7,Bakım çağrıldı,Kalıp Değişimi,0
4004778,907107,IE25907107,M00147,YUVARLAK KUTU 094-050 MAT LAK 3 PARÇA,2025-07-31 15:48:51,2025-07-31 16:16:45,27.9,,Kalıp Değişimi,0
4004779,907109,IE25907109,M00147,YUVARLAK KUTU 094-050 MAT LAK 3 PARÇA,2025-08-02 06:56:10,2025-08-02 07:25:28,29.3,Yedek parça bekleniyor,Ayar / Numune Onayı,0
4004780,907110,IE25907110,M00007,DIKDORTGEN KUTU 185-115 MAT LAK 2 PARÇA,2025-10-27 17:10:55,2025-10-27 17:37:01,26.1,Yedek parça bekleniyor,Sac Sıkışması,0
4004781,907112,IE25907112,M00007,DIKDORTGEN KUTU 185-115 MAT LAK 2 PARÇA,2025-10-29 06:31:32,2025-10-29 06:46:50,15.3,Operatör müdahalesi,Mekanik Arıza,0
4004782,907116,IE25907116,M00308,KOSELI SIVAMA KUTU 210-080 HAM TENEKE 3 PARÇA,2025-11-22 12:54:58,2025-11-22 14:00:40,65.7,Yedek parça bekleniyor,Elektrik Arızası,0
4004783,907117,IE25907117,M00308,KOSELI SIVAMA KUTU 210-080 HAM TENEKE 3 PARÇA,2025-11-23 15:19:55,2025-11-23 15:39:43,19.8,Yedek parça bekleniyor,Planlı Bakım,0
4004784,907118,IE25907118,M00308,KOSELI SIVAMA KUTU 210-080 HAM TENEKE 3 PARÇA,2025-11-24 17:36:17,2025-11-24 18:29:23,53.1,,Ayar / Numune Onayı,0
4004785,907119,IE25907119,M00308,KOSELI SIVAMA KUTU 210-080 HAM TENEKE 3 PARÇA,2025-11-25 13:49:44,2025-11-25 14:04:14,14.5,Bakım çağrıldı,Kalıp Değişimi,0
4004786,907120,IE25907120,M00002,TEPSI 325-125 MAT LAK 3 PARÇA,2025-11-24 10:20:44,2025-11-24 10:34:32,13.8,Operatör müdahalesi,Personel Yetersizliği,0
4004787,907121,IE25907121,M00002,TEPSI 325-125 MAT LAK 3 PARÇA,2025-11-25 11:22:15,2025-11-25 11:47:09,24.9,Kalıp söküldü,Kalıp Değişimi,0
4004788,907123,IE26907123,M00100,YUVARLAK KUTU 210-255 LITOGRAFI 2 PARÇA,2026-07-24 12:40:25,2026-07-24 13:47:55,67.5,Kalıp söküldü,Kalıp Değişimi,0
4004789,907124,IE26907124,M00100,YUVARLAK KUTU 210-255 LITOGRAFI 2 PARÇA,2026-07-25 13:50:16,2026-07-25 14:04:28,14.2,Bakım çağrıldı,Planlı Bakım,0
4004790,907125,IE26907125,M00100,YUVARLAK KUTU 210-255 LITOGRAFI 2 PARÇA,2026-07-26 13:13:28,2026-07-26 13:26:40,13.2,Operatör müdahalesi,Malzeme Bekleme,0
4004791,907126,IE25907126,M00003,YUVARLAK KUTU 120-105 HAM TENEKE 2 PARÇA,2025-06-25 15:28:43,2025-06-25 16:22:19,53.6,Bakım çağrıldı,Kalite Duruşu,0
4004792,907129,IE26907129,M00006,SEKILLI KUTU 175-205 HAM TENEKE 3 PARÇA,2026-02-24 15:24:22,2026-02-24 16:16:58,52.6,Operatör müdahalesi,Kalıp Değişimi,0
4004793,907130,IE26907130,M00006,SEKILLI KUTU 175-205 HAM TENEKE 3 PARÇA,2026-02-25 21:43:04,2026-02-25 21:58:04,15,Operatör müdahalesi,Sac Sıkışması,0
4004794,907131,IE26907131,M00006,SEKILLI KUTU 175-205 HAM TENEKE 3 PARÇA,2026-02-26 08:47:03,2026-02-26 10:34:21,107.3,Operatör müdahalesi,Ayar / Numune Onayı,0
4004795,907132,IE26907132,M00178,OVAL KUTU 295-165 MAT LAK 3 PARÇA,2026-04-10 08:36:53,2026-04-10 08:46:35,9.7,Kalıp söküldü,Vardiya Devri,0
4004796,907133,IE26907133,M00178,OVAL KUTU 295-165 MAT LAK 3 PARÇA,2026-04-11 13:09:13,2026-04-11 13:26:43,17.5,,Mekanik Arıza,0
4004797,907134,IE26907134,M00178,OVAL KUTU 295-165 MAT LAK 3 PARÇA,2026-04-12 18:21:51,2026-04-12 18:39:09,17.3,Yedek parça bekleniyor,Kalıp Değişimi,0
4004798,907137,IE26907137,M00041,YUVARLAK KUTU Ø050 HAM TENEKE 3 PARÇA,2026-05-30 16:17:00,2026-05-30 16:30:24,13.4,Operatör müdahalesi,Malzeme Bekleme,0
4004799,907138,IE26907138,M00041,YUVARLAK KUTU Ø050 HAM TENEKE 3 PARÇA,2026-05-31 21:18:42,2026-05-31 22:40:30,81.8,Yedek parça bekleniyor,Kalite Duruşu,0
4004800,907139,IE26907139,M00041,YUVARLAK KUTU Ø050 HAM TENEKE 3 PARÇA,2026-06-01 11:52:40,2026-06-01 12:35:58,43.3,Bakım çağrıldı,Elektrik Arızası,0
4004801,907141,IE25907141,M00014,YUVARLAK KUTU 120-105 HAM TENEKE 2 PARÇA,2025-07-26 09:23:03,2025-07-26 09:33:03,10,,Personel Yetersizliği,0
4004802,907142,IE25907142,M00014,YUVARLAK KUTU 120-105 HAM TENEKE 2 PARÇA,2025-07-27 18:56:21,2025-07-27 19:10:03,13.7,,Kalıp Değişimi,0
4004803,907143,IE26907143,M00019,OVAL KUTU 295-165 VERNIKLI 2 PARÇA,2026-03-17 15:28:08,2026-03-17 16:42:08,74,Operatör müdahalesi,Malzeme Bekleme,0
4004804,907144,IE26907144,M00019,OVAL KUTU 295-165 VERNIKLI 2 PARÇA,2026-03-18 15:24:38,2026-03-18 15:50:26,25.8,Bakım çağrıldı,Vardiya Devri,0
4004805,907145,IE26907145,M00019,OVAL KUTU 295-165 VERNIKLI 2 PARÇA,2026-03-19 17:26:47,2026-03-19 17:44:41,17.9,Yedek parça bekleniyor,Vardiya Devri,0
4004806,907146,IE26907146,M00019,OVAL KUTU 295-165 VERNIKLI 2 PARÇA,2026-03-20 12:44:51,2026-03-20 12:54:33,9.7,Kalıp söküldü,Kalıp Değişimi,0
4004807,907147,IE25907147,M00002,TEPSI 325-125 MAT LAK 3 PARÇA,2025-07-15 17:07:23,2025-07-15 17:38:41,31.3,Operatör müdahalesi,Kalıp Değişimi,0
4004808,907148,IE25907148,M00002,TEPSI 325-125 MAT LAK 3 PARÇA,2025-07-16 16:38:00,2025-07-16 17:25:42,47.7,Operatör müdahalesi,Ayar / Numune Onayı,0
4004809,907151,IE25907151,M00236,YUVARLAK KUTU Ø050 HAM TENEKE 2 PARÇA,2025-11-21 09:09:32,2025-11-21 09:44:32,35,Operatör müdahalesi,Mekanik Arıza,0
4004810,907153,IE25907153,M00236,YUVARLAK KUTU Ø050 HAM TENEKE 2 PARÇA,2025-11-23 15:55:46,2025-11-23 16:29:40,33.9,Kalıp söküldü,Kalıp Değişimi,0
4004811,907154,IE26907154,M00045,YUVARLAK KUTU Ø092 HAM TENEKE 3 PARÇA,2026-06-18 16:04:12,2026-06-18 16:34:06,29.9,Operatör müdahalesi,Mekanik Arıza,0
4004812,907155,IE26907155,M00045,YUVARLAK KUTU Ø092 HAM TENEKE 3 PARÇA,2026-06-19 20:01:14,2026-06-19 20:34:50,33.6,Operatör müdahalesi,Ayar / Numune Onayı,0
4004813,907156,IE26907156,M00045,YUVARLAK KUTU Ø092 HAM TENEKE 3 PARÇA,2026-06-20 20:48:24,2026-06-20 21:28:36,40.2,Yedek parça bekleniyor,Ayar / Numune Onayı,0
4004814,907157,IE26907157,M00045,YUVARLAK KUTU Ø092 HAM TENEKE 3 PARÇA,2026-06-21 14:41:07,2026-06-21 14:58:55,17.8,Operatör müdahalesi,Elektrik Arızası,0
4004815,907158,IE25907158,M00006,SEKILLI KUTU 175-205 HAM TENEKE 3 PARÇA,2025-10-15 10:25:27,2025-10-15 11:09:27,44,Yedek parça bekleniyor,Planlı Bakım,0
4004816,907159,IE25907159,M00006,SEKILLI KUTU 175-205 HAM TENEKE 3 PARÇA,2025-10-16 09:04:04,2025-10-16 09:45:04,41,Yedek parça bekleniyor,Mekanik Arıza,0
4004817,907161,IE25907161,M00006,SEKILLI KUTU 175-205 HAM TENEKE 3 PARÇA,2025-10-18 21:59:44,2025-10-18 22:18:08,18.4,Kalıp söküldü,Vardiya Devri,0
4004818,907162,IE25907162,M00046,DIKDORTGEN KUTU 185-115 MAT LAK 2 PARÇA,2025-12-26 21:11:53,2025-12-26 21:58:59,47.1,Kalıp söküldü,Ayar / Numune Onayı,0
4004819,907164,IE25907164,M00046,DIKDORTGEN KUTU 185-115 MAT LAK 2 PARÇA,2025-12-28 13:34:42,2025-12-28 15:10:30,95.8,Yedek parça bekleniyor,Kalıp Değişimi,0
4004820,907165,IE25907165,M00046,DIKDORTGEN KUTU 185-115 MAT LAK 2 PARÇA,2025-12-29 16:01:02,2025-12-29 16:43:50,42.8,Yedek parça bekleniyor,Ayar / Numune Onayı,0
4004821,907166,IE25907166,M00162,TEPSI 325-125 LITOGRAFI 3 PARÇA,2025-07-22 14:31:13,2025-07-22 14:48:55,17.7,,Kalıp Değişimi,0
4004822,907167,IE25907167,M00162,TEPSI 325-125 LITOGRAFI 3 PARÇA,2025-07-23 15:57:57,2025-07-23 18:08:21,130.4,,Mekanik Arıza,0
4004823,907168,IE25907168,M00162,TEPSI 325-125 LITOGRAFI 3 PARÇA,2025-07-24 12:42:06,2025-07-24 12:51:42,9.6,Bakım çağrıldı,Vardiya Devri,0
4004824,907169,IE25907169,M00027,KALP KUTU 160-090 LITOGRAFI 3 PARÇA,2025-10-22 12:23:21,2025-10-22 12:38:45,15.4,,Kalite Duruşu,0
4004825,907170,IE25907170,M00027,KALP KUTU 160-090 LITOGRAFI 3 PARÇA,2025-10-23 11:39:04,2025-10-23 12:14:22,35.3,Operatör müdahalesi,Elektrik Arızası,0
4004826,907172,IE25907172,M00027,KALP KUTU 160-090 LITOGRAFI 3 PARÇA,2025-10-25 15:48:14,2025-10-25 16:50:26,62.2,Bakım çağrıldı,Kalıp Değişimi,0
4004827,907173,IE25907173,M00002,TEPSI 325-125 MAT LAK 3 PARÇA,2025-07-17 09:09:05,2025-07-17 09:43:23,34.3,Operatör müdahalesi,Kalıp Değişimi,0
4004828,907174,IE25907174,M00002,TEPSI 325-125 MAT LAK 3 PARÇA,2025-07-18 10:05:19,2025-07-18 11:44:55,99.6,,Kalıp Değişimi,0
4004829,907175,IE25907175,M00002,TEPSI 325-125 MAT LAK 3 PARÇA,2025-07-19 09:46:23,2025-07-19 10:11:29,25.1,Operatör müdahalesi,Kalıp Değişimi,0
4004830,907176,IE26907176,M00002,TEPSI 325-125 MAT LAK 3 PARÇA,2026-06-21 19:05:04,2026-06-21 19:46:46,41.7,Operatör müdahalesi,Sac Sıkışması,0
4004831,907177,IE26907177,M00002,TEPSI 325-125 MAT LAK 3 PARÇA,2026-06-22 15:54:49,2026-06-22 16:29:55,35.1,Bakım çağrıldı,Elektrik Arızası,0
4004832,907182,IE25907182,M00052,YUVARLAK KUTU 135-145 LITOGRAFI 2 PARÇA,2025-07-31 18:04:08,2025-07-31 18:55:38,51.5,Kalıp söküldü,Kalıp Değişimi,0
4004833,907185,IE25907185,M00016,YUVARLAK-SIVAMA KUTU Ø068 HAM TENEKE 2 PARÇA,2025-12-14 22:35:34,2025-12-14 22:58:52,23.3,,Kalıp Değişimi,0
4004834,907186,IE25907186,M00016,YUVARLAK-SIVAMA KUTU Ø068 HAM TENEKE 2 PARÇA,2025-12-15 19:07:06,2025-12-15 19:32:18,25.2,Yedek parça bekleniyor,Kalıp Değişimi,0
4004835,907187,IE25907187,M00016,YUVARLAK-SIVAMA KUTU Ø068 HAM TENEKE 2 PARÇA,2025-12-16 15:23:03,2025-12-16 15:54:09,31.1,Kalıp söküldü,Planlı Bakım,0
4004836,907188,IE25907188,M00016,YUVARLAK-SIVAMA KUTU Ø068 HAM TENEKE 2 PARÇA,2025-12-17 16:58:43,2025-12-17 17:16:19,17.6,Operatör müdahalesi,Planlı Bakım,0
4004837,907189,IE26907189,M00004,YUVARLAK KUTU 210-255 MAT LAK 3 PARÇA,2026-02-19 12:20:04,2026-02-19 13:09:16,49.2,Yedek parça bekleniyor,Kalıp Değişimi,0
4004838,907190,IE26907190,M00004,YUVARLAK KUTU 210-255 MAT LAK 3 PARÇA,2026-02-20 10:26:53,2026-02-20 11:58:53,92,Kalıp söküldü,Kalıp Değişimi,0
4004839,907191,IE26907191,M00004,YUVARLAK KUTU 210-255 MAT LAK 3 PARÇA,2026-02-21 18:14:02,2026-02-21 20:12:02,118,Kalıp söküldü,Ayar / Numune Onayı,0
4004840,907192,IE25907192,M00001,KAPAK 090-065 HAM TENEKE 2 PARÇA,2025-12-25 17:55:25,2025-12-25 18:51:13,55.8,,Vardiya Devri,0
4004841,907194,IE25907194,M00001,KAPAK 090-065 HAM TENEKE 2 PARÇA,2025-12-27 10:25:48,2025-12-27 11:03:30,37.7,Bakım çağrıldı,Sac Sıkışması,0
4004842,907195,IE25907195,M00001,KAPAK 090-065 HAM TENEKE 2 PARÇA,2025-12-28 12:30:19,2025-12-28 12:40:07,9.8,Kalıp söküldü,Kalıp Değişimi,0
4004843,907196,IE25907196,M00007,DIKDORTGEN KUTU 185-115 MAT LAK 2 PARÇA,2025-06-30 11:06:21,2025-06-30 11:34:21,28,Kalıp söküldü,Vardiya Devri,0
4004844,907197,IE25907197,M00007,DIKDORTGEN KUTU 185-115 MAT LAK 2 PARÇA,2025-07-01 15:45:10,2025-07-01 16:35:40,50.5,Operatör müdahalesi,Elektrik Arızası,0
4004845,907198,IE25907198,M00007,DIKDORTGEN KUTU 185-115 MAT LAK 2 PARÇA,2025-07-02 12:20:58,2025-07-02 12:36:40,15.7,Bakım çağrıldı,Kalıp Değişimi,0
4004846,907199,IE26907199,M00012,YUVARLAK KUTU 205-050 LITOGRAFI 2 PARÇA,2026-07-11 18:24:56,2026-07-11 18:58:44,33.8,,Ayar / Numune Onayı,0
4004847,907200,IE26907200,M00012,YUVARLAK KUTU 205-050 LITOGRAFI 2 PARÇA,2026-07-12 13:21:18,2026-07-12 14:35:54,74.6,Bakım çağrıldı,Malzeme Bekleme,0
4004848,907201,IE26907201,M00012,YUVARLAK KUTU 205-050 LITOGRAFI 2 PARÇA,2026-07-13 17:15:10,2026-07-13 17:30:34,15.4,Kalıp söküldü,Malzeme Bekleme,0
4004849,907202,IE26907202,M00012,YUVARLAK KUTU 205-050 LITOGRAFI 2 PARÇA,2026-07-14 19:58:37,2026-07-14 21:17:49,79.2,Operatör müdahalesi,Ayar / Numune Onayı,0
4004850,907203,IE26907203,M00046,DIKDORTGEN KUTU 185-115 MAT LAK 2 PARÇA,2026-07-09 20:53:50,2026-07-09 21:02:26,8.6,,Ayar / Numune Onayı,0
4004851,907204,IE26907204,M00046,DIKDORTGEN KUTU 185-115 MAT LAK 2 PARÇA,2026-07-10 18:16:56,2026-07-10 18:50:44,33.8,Operatör müdahalesi,Mekanik Arıza,0
4004852,907205,IE26907205,M00046,DIKDORTGEN KUTU 185-115 MAT LAK 2 PARÇA,2026-07-11 08:59:03,2026-07-11 09:26:57,27.9,,Hidrolik Kaçak,0
4004853,907206,IE25907206,M00001,KAPAK 090-065 HAM TENEKE 2 PARÇA,2025-09-02 08:00:10,2025-09-02 09:19:52,79.7,Yedek parça bekleniyor,Ayar / Numune Onayı,0
4004854,907207,IE25907207,M00001,KAPAK 090-065 HAM TENEKE 2 PARÇA,2025-09-03 18:15:16,2025-09-03 18:53:58,38.7,Kalıp söküldü,Kalıp Değişimi,0
4004855,907209,IE25907209,M00001,KAPAK 090-065 HAM TENEKE 2 PARÇA,2025-09-05 21:35:30,2025-09-05 22:08:06,32.6,Yedek parça bekleniyor,Vardiya Devri,0
4004856,907213,IE26907213,M00247,YUVARLAK KUTU Ø050 LITOGRAFI 2 PARÇA,2026-04-25 11:14:46,2026-04-25 12:08:52,54.1,Yedek parça bekleniyor,Hidrolik Kaçak,0
4004857,907214,IE26907214,M00247,YUVARLAK KUTU Ø050 LITOGRAFI 2 PARÇA,2026-04-26 20:03:10,2026-04-26 20:35:28,32.3,Operatör müdahalesi,Elektrik Arızası,0
4004858,907215,IE26907215,M00247,YUVARLAK KUTU Ø050 LITOGRAFI 2 PARÇA,2026-04-27 17:00:45,2026-04-27 17:10:45,10,Yedek parça bekleniyor,Planlı Bakım,0
4004859,907216,IE26907216,M00247,YUVARLAK KUTU Ø050 LITOGRAFI 2 PARÇA,2026-04-28 13:49:30,2026-04-28 14:50:42,61.2,Operatör müdahalesi,Ayar / Numune Onayı,0
4004860,907217,IE25907217,M00015,YUVARLAK KUTU Ø092 MAT LAK 2 PARÇA,2025-10-09 21:54:56,2025-10-09 23:01:02,66.1,Yedek parça bekleniyor,Hidrolik Kaçak,0
4004861,907218,IE25907218,M00015,YUVARLAK KUTU Ø092 MAT LAK 2 PARÇA,2025-10-10 11:25:17,2025-10-10 11:59:35,34.3,Yedek parça bekleniyor,Hidrolik Kaçak,0
4004862,907219,IE25907219,M00015,YUVARLAK KUTU Ø092 MAT LAK 2 PARÇA,2025-10-11 08:23:33,2025-10-11 08:53:21,29.8,Bakım çağrıldı,Sac Sıkışması,0
4004863,907222,IE26907222,M00003,YUVARLAK KUTU 120-105 HAM TENEKE 2 PARÇA,2026-04-29 10:23:45,2026-04-29 11:00:09,36.4,Bakım çağrıldı,Mekanik Arıza,0
4004864,907228,IE25907228,M00174,DIKDORTGEN KUTU 145-095 HAM TENEKE 2 PARÇA,2025-09-20 17:39:57,2025-09-20 18:17:15,37.3,Yedek parça bekleniyor,Vardiya Devri,0
4004865,907229,IE26907229,M00126,YUVARLAK KUTU 094-050 VERNIKLI 3 PARÇA,2026-05-10 09:29:55,2026-05-10 10:37:43,67.8,Yedek parça bekleniyor,Kalıp Değişimi,0
4004866,907230,IE26907230,M00126,YUVARLAK KUTU 094-050 VERNIKLI 3 PARÇA,2026-05-11 15:25:30,2026-05-11 15:44:24,18.9,Kalıp söküldü,Kalıp Değişimi,0
4004867,907232,IE25907232,M00119,DIKDORTGEN KUTU 210-080 VERNIKLI 2 PARÇA,2025-11-01 09:49:34,2025-11-01 10:32:16,42.7,,Kalıp Değişimi,0
4004868,907233,IE25907233,M00119,DIKDORTGEN KUTU 210-080 VERNIKLI 2 PARÇA,2025-11-02 20:18:44,2025-11-02 20:37:32,18.8,Bakım çağrıldı,Mekanik Arıza,0
4004869,907234,IE25907234,M00119,DIKDORTGEN KUTU 210-080 VERNIKLI 2 PARÇA,2025-11-03 20:55:13,2025-11-03 21:33:13,38,Yedek parça bekleniyor,Kalıp Değişimi,0
4004870,907235,IE25907235,M00019,OVAL KUTU 295-165 VERNIKLI 2 PARÇA,2025-08-23 07:38:06,2025-08-23 08:01:36,23.5,Operatör müdahalesi,Vardiya Devri,0
4004871,907236,IE25907236,M00019,OVAL KUTU 295-165 VERNIKLI 2 PARÇA,2025-08-24 15:08:10,2025-08-24 15:51:22,43.2,Yedek parça bekleniyor,Kalıp Değişimi,0
4004872,907238,IE25907238,M00019,OVAL KUTU 295-165 VERNIKLI 2 PARÇA,2025-08-26 13:44:09,2025-08-26 14:46:09,62,,Kalıp Değişimi,0
4004873,907240,IE25907240,M00051,YUVARLAK-SIVAMA KUTU Ø068 VERNIKLI 3 PARÇA,2025-12-16 08:29:41,2025-12-16 09:00:23,30.7,Bakım çağrıldı,Malzeme Bekleme,0
4004874,907241,IE25907241,M00051,YUVARLAK-SIVAMA KUTU Ø068 VERNIKLI 3 PARÇA,2025-12-17 11:51:28,2025-12-17 12:35:58,44.5,Kalıp söküldü,Malzeme Bekleme,0
4004875,907242,IE25907242,M00323,YUVARLAK KUTU 120-105 HAM TENEKE 3 PARÇA,2025-07-11 18:46:55,2025-07-11 19:21:43,34.8,Operatör müdahalesi,Kalıp Değişimi,0
4004876,907243,IE25907243,M00323,YUVARLAK KUTU 120-105 HAM TENEKE 3 PARÇA,2025-07-12 20:16:47,2025-07-12 20:57:47,41,Bakım çağrıldı,Kalite Duruşu,0
4004877,907244,IE25907244,M00323,YUVARLAK KUTU 120-105 HAM TENEKE 3 PARÇA,2025-07-13 21:21:03,2025-07-13 22:09:03,48,Operatör müdahalesi,Ayar / Numune Onayı,0
4004878,907245,IE25907245,M00323,YUVARLAK KUTU 120-105 HAM TENEKE 3 PARÇA,2025-07-14 12:51:53,2025-07-14 13:44:05,52.2,Operatör müdahalesi,Kalıp Değişimi,0
4004879,907246,IE25907246,M00206,DIKDORTGEN KUTU 145-095 VERNIKLI 3 PARÇA,2025-12-12 22:25:20,2025-12-12 22:53:56,28.6,Bakım çağrıldı,Kalıp Değişimi,0
4004880,907249,IE26907249,M00002,TEPSI 325-125 MAT LAK 3 PARÇA,2026-07-11 17:31:49,2026-07-11 18:49:49,78,Yedek parça bekleniyor,Hidrolik Kaçak,0
4004881,907252,IE26907252,M00039,YUVARLAK KUTU 078-095 HAM TENEKE 2 PARÇA,2026-06-01 07:54:02,2026-06-01 08:04:26,10.4,Bakım çağrıldı,Mekanik Arıza,0
4004882,907254,IE26907254,M00039,YUVARLAK KUTU 078-095 HAM TENEKE 2 PARÇA,2026-06-03 20:12:51,2026-06-03 20:36:09,23.3,,Vardiya Devri,0
4004883,907256,IE26907256,M00038,YUVARLAK KUTU 120-105 VERNIKLI 3 PARÇA,2026-06-10 21:06:02,2026-06-10 22:03:14,57.2,Kalıp söküldü,Vardiya Devri,0
4004884,907257,IE26907257,M00038,YUVARLAK KUTU 120-105 VERNIKLI 3 PARÇA,2026-06-11 10:36:50,2026-06-11 12:20:02,103.2,Kalıp söküldü,Vardiya Devri,0
4004885,907258,IE25907258,M00032,TEPSI Ø068 VERNIKLI 3 PARÇA,2025-09-16 09:03:25,2025-09-16 10:24:49,81.4,,Malzeme Bekleme,0
4004886,907259,IE25907259,M00032,TEPSI Ø068 VERNIKLI 3 PARÇA,2025-09-17 20:09:47,2025-09-17 20:24:29,14.7,Yedek parça bekleniyor,Ayar / Numune Onayı,0
4004887,907260,IE25907260,M00032,TEPSI Ø068 VERNIKLI 3 PARÇA,2025-09-18 10:53:17,2025-09-18 12:13:17,80,Kalıp söküldü,Personel Yetersizliği,0
4004888,907261,IE25907261,M00032,TEPSI Ø068 VERNIKLI 3 PARÇA,2025-09-19 07:35:43,2025-09-19 07:51:43,16,Yedek parça bekleniyor,Kalıp Değişimi,0
4004889,907264,IE25907264,M00007,DIKDORTGEN KUTU 185-115 MAT LAK 2 PARÇA,2025-08-24 09:56:02,2025-08-24 10:19:32,23.5,,Malzeme Bekleme,0
4004890,907265,IE26907265,M00109,DIKDORTGEN KUTU 145-095 HAM TENEKE 3 PARÇA,2026-07-25 08:20:53,2026-07-25 09:12:41,51.8,Bakım çağrıldı,Kalıp Değişimi,0
4004891,907267,IE26907267,M00109,DIKDORTGEN KUTU 145-095 HAM TENEKE 3 PARÇA,2026-07-27 10:07:21,2026-07-27 11:08:57,61.6,,Kalıp Değişimi,0
4004892,907268,IE26907268,M00002,TEPSI 325-125 MAT LAK 3 PARÇA,2026-05-31 13:11:24,2026-05-31 14:12:42,61.3,Kalıp söküldü,Kalıp Değişimi,0
4004893,907270,IE26907270,M00002,TEPSI 325-125 MAT LAK 3 PARÇA,2026-06-02 16:15:25,2026-06-02 17:05:19,49.9,Yedek parça bekleniyor,Elektrik Arızası,0
4004894,907271,IE26907271,M00002,TEPSI 325-125 MAT LAK 3 PARÇA,2026-06-03 12:56:44,2026-06-03 14:19:56,83.2,Bakım çağrıldı,Planlı Bakım,0
4004895,907272,IE26907272,M00023,YUVARLAK KUTU 078-095 LITOGRAFI 2 PARÇA,2026-03-07 08:00:19,2026-03-07 08:33:19,33,Yedek parça bekleniyor,Vardiya Devri,0
4004896,907274,IE26907274,M00023,YUVARLAK KUTU 078-095 LITOGRAFI 2 PARÇA,2026-03-09 21:28:39,2026-03-09 21:45:51,17.2,Bakım çağrıldı,Vardiya Devri,0
4004897,907275,IE26907275,M00023,YUVARLAK KUTU 078-095 LITOGRAFI 2 PARÇA,2026-03-10 22:45:59,2026-03-10 23:29:41,43.7,Yedek parça bekleniyor,Planlı Bakım,0
4004898,907276,IE26907276,M00001,KAPAK 090-065 HAM TENEKE 2 PARÇA,2026-06-16 21:18:14,2026-06-16 23:07:02,108.8,Yedek parça bekleniyor,Kalıp Değişimi,0
4004899,907277,IE26907277,M00001,KAPAK 090-065 HAM TENEKE 2 PARÇA,2026-06-17 19:50:49,2026-06-17 20:36:07,45.3,Operatör müdahalesi,Ayar / Numune Onayı,0
4004900,907278,IE26907278,M00001,KAPAK 090-065 HAM TENEKE 2 PARÇA,2026-06-18 21:46:02,2026-06-18 22:21:20,35.3,,Ayar / Numune Onayı,0
4004901,907279,IE26907279,M00321,YUVARLAK KUTU 120-105 LITOGRAFI 3 PARÇA,2026-05-28 09:07:33,2026-05-28 09:24:33,17,Kalıp söküldü,Vardiya Devri,0
4004902,907280,IE26907280,M00321,YUVARLAK KUTU 120-105 LITOGRAFI 3 PARÇA,2026-05-29 09:08:30,2026-05-29 09:38:12,29.7,Bakım çağrıldı,Kalıp Değişimi,0
4004903,907286,IE25907286,M00003,YUVARLAK KUTU 120-105 HAM TENEKE 2 PARÇA,2025-08-22 14:06:25,2025-08-22 14:39:25,33,Kalıp söküldü,Elektrik Arızası,0
4004904,907294,IE26907294,M00001,KAPAK 090-065 HAM TENEKE 2 PARÇA,2026-05-27 20:09:57,2026-05-27 20:32:21,22.4,Yedek parça bekleniyor,Kalıp Değişimi,0
4004905,907295,IE26907295,M00001,KAPAK 090-065 HAM TENEKE 2 PARÇA,2026-05-28 08:28:03,2026-05-28 09:26:03,58,,Hidrolik Kaçak,0
4004906,907296,IE26907296,M00234,YUVARLAK KUTU Ø050 LITOGRAFI 3 PARÇA,2026-03-09 22:22:21,2026-03-09 22:52:33,30.2,Yedek parça bekleniyor,Ayar / Numune Onayı,0
4004907,907299,IE25907299,M00029,YUVARLAK-SIVAMA KUTU Ø068 HAM TENEKE 2 PARÇA,2025-11-21 17:10:10,2025-11-21 18:14:28,64.3,Operatör müdahalesi,Vardiya Devri,0
4004908,907301,IE25907301,M00029,YUVARLAK-SIVAMA KUTU Ø068 HAM TENEKE 2 PARÇA,2025-11-23 18:01:59,2025-11-23 18:49:53,47.9,Operatör müdahalesi,Ayar / Numune Onayı,0
4004909,907304,IE25907304,M00001,KAPAK 090-065 HAM TENEKE 2 PARÇA,2025-09-07 14:04:01,2025-09-07 14:16:19,12.3,Operatör müdahalesi,Kalıp Değişimi,0
4004910,907306,IE25907306,M00001,KAPAK 090-065 HAM TENEKE 2 PARÇA,2025-09-09 09:33:06,2025-09-09 10:48:06,75,Kalıp söküldü,Ayar / Numune Onayı,0
4004911,907307,IE25907307,M00004,YUVARLAK KUTU 210-255 MAT LAK 3 PARÇA,2025-07-25 18:13:15,2025-07-25 18:38:21,25.1,Kalıp söküldü,Ayar / Numune Onayı,0
4004912,907308,IE25907308,M00004,YUVARLAK KUTU 210-255 MAT LAK 3 PARÇA,2025-07-26 20:10:04,2025-07-26 20:48:52,38.8,Yedek parça bekleniyor,Vardiya Devri,0
4004913,907310,IE25907310,M00004,YUVARLAK KUTU 210-255 MAT LAK 3 PARÇA,2025-07-28 19:16:03,2025-07-28 19:58:51,42.8,,Malzeme Bekleme,0
4004914,907312,IE26907312,M00004,YUVARLAK KUTU 210-255 MAT LAK 3 PARÇA,2026-05-13 22:51:47,2026-05-14 00:11:23,79.6,Kalıp söküldü,Vardiya Devri,0
4004915,907313,IE26907313,M00004,YUVARLAK KUTU 210-255 MAT LAK 3 PARÇA,2026-05-14 10:23:19,2026-05-14 10:28:43,5.4,Operatör müdahalesi,Kalıp Değişimi,0
4004916,907316,IE25907316,M00007,DIKDORTGEN KUTU 185-115 MAT LAK 2 PARÇA,2025-07-27 17:54:20,2025-07-27 18:43:38,49.3,Bakım çağrıldı,Personel Yetersizliği,0
4004917,907317,IE25907317,M00113,YUVARLAK KUTU Y120-105 MAT LAK 3 PARÇA,2025-07-18 08:26:34,2025-07-18 08:34:22,7.8,,Kalıp Değişimi,0
4004918,907318,IE25907318,M00113,YUVARLAK KUTU Y120-105 MAT LAK 3 PARÇA,2025-07-19 16:13:17,2025-07-19 16:34:35,21.3,,Kalıp Değişimi,0
4004919,907320,IE25907320,M00113,YUVARLAK KUTU Y120-105 MAT LAK 3 PARÇA,2025-07-21 10:55:12,2025-07-21 12:05:12,70,Yedek parça bekleniyor,Mekanik Arıza,0
4004920,907321,IE26907321,M00001,KAPAK 090-065 HAM TENEKE 2 PARÇA,2026-04-22 20:11:49,2026-04-22 20:49:01,37.2,Bakım çağrıldı,Personel Yetersizliği,0
4004921,907322,IE26907322,M00001,KAPAK 090-065 HAM TENEKE 2 PARÇA,2026-04-23 19:59:13,2026-04-23 20:13:19,14.1,Yedek parça bekleniyor,Mekanik Arıza,0
4004922,907323,IE26907323,M00001,KAPAK 090-065 HAM TENEKE 2 PARÇA,2026-04-24 13:34:05,2026-04-24 14:53:59,79.9,Kalıp söküldü,Personel Yetersizliği,0
4004923,907324,IE26907324,M00001,KAPAK 090-065 HAM TENEKE 2 PARÇA,2026-04-25 18:16:40,2026-04-25 19:00:28,43.8,Bakım çağrıldı,Kalıp Değişimi,0
4004924,907325,IE25907325,M00154,YUVARLAK KUTU 120-105 VERNIKLI 2 PARÇA,2025-07-20 09:41:54,2025-07-20 11:01:18,79.4,Bakım çağrıldı,Personel Yetersizliği,0
4004925,907326,IE25907326,M00154,YUVARLAK KUTU 120-105 VERNIKLI 2 PARÇA,2025-07-21 13:26:43,2025-07-21 13:58:55,32.2,Yedek parça bekleniyor,Kalıp Değişimi,0
4004926,907327,IE25907327,M00154,YUVARLAK KUTU 120-105 VERNIKLI 2 PARÇA,2025-07-22 16:16:00,2025-07-22 16:27:42,11.7,,Vardiya Devri,0
4004927,907328,IE26907328,M00003,YUVARLAK KUTU 120-105 HAM TENEKE 2 PARÇA,2026-04-25 15:06:58,2026-04-25 15:48:46,41.8,Bakım çağrıldı,Personel Yetersizliği,0
4004928,907329,IE26907329,M00003,YUVARLAK KUTU 120-105 HAM TENEKE 2 PARÇA,2026-04-26 21:24:53,2026-04-26 22:07:11,42.3,Kalıp söküldü,Malzeme Bekleme,0
4004929,907330,IE26907330,M00003,YUVARLAK KUTU 120-105 HAM TENEKE 2 PARÇA,2026-04-27 20:52:09,2026-04-27 22:32:51,100.7,Bakım çağrıldı,Kalite Duruşu,0
4004930,907331,IE26907331,M00003,YUVARLAK KUTU 120-105 HAM TENEKE 2 PARÇA,2026-04-28 20:32:10,2026-04-28 21:21:52,49.7,Yedek parça bekleniyor,Kalıp Değişimi,0
4004931,907332,IE25907332,M00002,TEPSI 325-125 MAT LAK 3 PARÇA,2025-10-23 10:41:58,2025-10-23 11:20:58,39,Yedek parça bekleniyor,Mekanik Arıza,0
4004932,907333,IE25907333,M00002,TEPSI 325-125 MAT LAK 3 PARÇA,2025-10-24 17:08:06,2025-10-24 18:00:00,51.9,Operatör müdahalesi,Personel Yetersizliği,0
4004933,907337,IE26907337,M00003,YUVARLAK KUTU 120-105 HAM TENEKE 2 PARÇA,2026-03-30 18:29:28,2026-03-30 19:26:34,57.1,Yedek parça bekleniyor,Kalıp Değişimi,0
4004934,907338,IE26907338,M00003,YUVARLAK KUTU 120-105 HAM TENEKE 2 PARÇA,2026-03-31 16:16:35,2026-03-31 16:43:41,27.1,Operatör müdahalesi,Kalıp Değişimi,0
4004935,907340,IE26907340,M00051,YUVARLAK-SIVAMA KUTU Ø068 VERNIKLI 3 PARÇA,2026-06-15 08:56:57,2026-06-15 09:09:21,12.4,Operatör müdahalesi,Mekanik Arıza,0
4004936,907341,IE26907341,M00051,YUVARLAK-SIVAMA KUTU Ø068 VERNIKLI 3 PARÇA,2026-06-16 13:47:40,2026-06-16 14:09:52,22.2,Operatör müdahalesi,Kalıp Değişimi,0
4004937,907342,IE26907342,M00051,YUVARLAK-SIVAMA KUTU Ø068 VERNIKLI 3 PARÇA,2026-06-17 20:28:48,2026-06-17 21:33:12,64.4,Yedek parça bekleniyor,Elektrik Arızası,0
4004938,907343,IE26907343,M00051,YUVARLAK-SIVAMA KUTU Ø068 VERNIKLI 3 PARÇA,2026-06-18 14:09:47,2026-06-18 14:53:53,44.1,Bakım çağrıldı,Kalıp Değişimi,0
4004939,907346,IE25907346,M00003,YUVARLAK KUTU 120-105 HAM TENEKE 2 PARÇA,2025-07-27 15:24:40,2025-07-27 16:08:46,44.1,Bakım çağrıldı,Mekanik Arıza,0
4004940,907347,IE25907347,M00003,YUVARLAK KUTU 120-105 HAM TENEKE 2 PARÇA,2025-07-28 12:57:15,2025-07-28 13:28:51,31.6,Yedek parça bekleniyor,Kalıp Değişimi,0
4004941,907349,IE25907349,M00001,KAPAK 090-065 HAM TENEKE 2 PARÇA,2025-07-22 16:59:26,2025-07-22 17:10:44,11.3,Operatör müdahalesi,Kalite Duruşu,0
4004942,907350,IE25907350,M00001,KAPAK 090-065 HAM TENEKE 2 PARÇA,2025-07-23 21:58:08,2025-07-23 22:11:50,13.7,Yedek parça bekleniyor,Enerji Kesintisi,0
4004943,907352,IE25907352,M00018,SEKIZGEN KUTU 135-145 HAM TENEKE 2 PARÇA,2025-10-18 08:49:37,2025-10-18 09:39:13,49.6,Kalıp söküldü,Kalıp Değişimi,0
4004944,907354,IE25907354,M00018,SEKIZGEN KUTU 135-145 HAM TENEKE 2 PARÇA,2025-10-20 19:40:31,2025-10-20 21:06:25,85.9,Bakım çağrıldı,Personel Yetersizliği,0
4004945,907356,IE26907356,M00019,OVAL KUTU 295-165 VERNIKLI 2 PARÇA,2026-07-05 20:08:19,2026-07-05 20:29:01,20.7,Yedek parça bekleniyor,Malzeme Bekleme,0
4004946,907358,IE26907358,M00019,OVAL KUTU 295-165 VERNIKLI 2 PARÇA,2026-07-07 10:38:17,2026-07-07 11:17:23,39.1,Kalıp söküldü,Kalıp Değişimi,0
4004947,907359,IE26907359,M00007,DIKDORTGEN KUTU 185-115 MAT LAK 2 PARÇA,2026-07-04 08:08:46,2026-07-04 08:14:28,5.7,Bakım çağrıldı,Personel Yetersizliği,0
4004948,907360,IE26907360,M00007,DIKDORTGEN KUTU 185-115 MAT LAK 2 PARÇA,2026-07-05 10:13:23,2026-07-05 11:53:35,100.2,,Sac Sıkışması,0
4004949,907362,IE26907362,M00007,DIKDORTGEN KUTU 185-115 MAT LAK 2 PARÇA,2026-07-07 18:59:06,2026-07-07 19:55:06,56,Operatör müdahalesi,Elektrik Arızası,0
4004950,907364,IE26907364,M00002,TEPSI 325-125 MAT LAK 3 PARÇA,2026-06-15 11:33:56,2026-06-15 11:40:26,6.5,Yedek parça bekleniyor,Malzeme Bekleme,0
4004951,907365,IE26907365,M00002,TEPSI 325-125 MAT LAK 3 PARÇA,2026-06-16 22:19:58,2026-06-16 23:12:46,52.8,Kalıp söküldü,Kalıp Değişimi,0
4004952,907366,IE25907366,M00002,TEPSI 325-125 MAT LAK 3 PARÇA,2025-07-08 11:58:09,2025-07-08 13:45:51,107.7,Operatör müdahalesi,Malzeme Bekleme,0
4004953,907367,IE25907367,M00002,TEPSI 325-125 MAT LAK 3 PARÇA,2025-07-09 20:44:59,2025-07-09 20:50:41,5.7,Yedek parça bekleniyor,Kalıp Değişimi,0
4004954,907368,IE25907368,M00002,TEPSI 325-125 MAT LAK 3 PARÇA,2025-07-10 20:12:41,2025-07-10 20:38:05,25.4,Bakım çağrıldı,Elektrik Arızası,0
4004955,907369,IE25907369,M00002,TEPSI 325-125 MAT LAK 3 PARÇA,2025-07-11 12:12:13,2025-07-11 13:10:43,58.5,Kalıp söküldü,Mekanik Arıza,0
4004956,907370,IE26907370,M00001,KAPAK 090-065 HAM TENEKE 2 PARÇA,2026-01-09 15:13:58,2026-01-09 15:28:58,15,,Kalıp Değişimi,0
4004957,907371,IE26907371,M00001,KAPAK 090-065 HAM TENEKE 2 PARÇA,2026-01-10 18:17:26,2026-01-10 18:59:32,42.1,Kalıp söküldü,Sac Sıkışması,0
4004958,907372,IE26907372,M00001,KAPAK 090-065 HAM TENEKE 2 PARÇA,2026-01-11 09:14:43,2026-01-11 09:35:25,20.7,Bakım çağrıldı,Kalıp Değişimi,0
4004959,907373,IE25907373,M00016,YUVARLAK-SIVAMA KUTU Ø068 HAM TENEKE 2 PARÇA,2025-11-11 11:17:04,2025-11-11 11:43:10,26.1,Operatör müdahalesi,Kalıp Değişimi,0
4004960,907374,IE25907374,M00016,YUVARLAK-SIVAMA KUTU Ø068 HAM TENEKE 2 PARÇA,2025-11-12 09:42:53,2025-11-12 09:53:53,11,Operatör müdahalesi,Personel Yetersizliği,0
4004961,907375,IE25907375,M00016,YUVARLAK-SIVAMA KUTU Ø068 HAM TENEKE 2 PARÇA,2025-11-13 10:50:13,2025-11-13 11:34:49,44.6,Operatör müdahalesi,Mekanik Arıza,0
4004962,907377,IE26907377,M00002,TEPSI 325-125 MAT LAK 3 PARÇA,2026-06-03 21:43:40,2026-06-03 22:35:10,51.5,,Ayar / Numune Onayı,0
4004963,907378,IE26907378,M00002,TEPSI 325-125 MAT LAK 3 PARÇA,2026-06-04 11:10:03,2026-06-04 11:34:45,24.7,Operatör müdahalesi,Sac Sıkışması,0
4004964,907379,IE26907379,M00002,TEPSI 325-125 MAT LAK 3 PARÇA,2026-06-05 12:00:22,2026-06-05 13:11:40,71.3,,Sac Sıkışması,0
4004965,907380,IE25907380,M00276,YUVARLAK KUTU 255-205 MAT LAK 2 PARÇA,2025-12-26 11:02:00,2025-12-26 11:38:24,36.4,Bakım çağrıldı,Kalıp Değişimi,0
4004966,907381,IE25907381,M00276,YUVARLAK KUTU 255-205 MAT LAK 2 PARÇA,2025-12-27 12:10:43,2025-12-27 12:51:19,40.6,Kalıp söküldü,Malzeme Bekleme,0
4004967,907382,IE25907382,M00276,YUVARLAK KUTU 255-205 MAT LAK 2 PARÇA,2025-12-28 13:14:39,2025-12-28 13:51:09,36.5,Operatör müdahalesi,Kalıp Değişimi,0
4004968,907384,IE25907384,M00026,ALTIGEN KUTU 125-085 LITOGRAFI 2 PARÇA,2025-07-03 12:34:20,2025-07-03 12:40:02,5.7,Yedek parça bekleniyor,Mekanik Arıza,0
4004969,907385,IE25907385,M00026,ALTIGEN KUTU 125-085 LITOGRAFI 2 PARÇA,2025-07-04 07:45:30,2025-07-04 08:01:42,16.2,,Kalıp Değişimi,0
4004970,907386,IE25907386,M00026,ALTIGEN KUTU 125-085 LITOGRAFI 2 PARÇA,2025-07-05 11:27:02,2025-07-05 12:18:50,51.8,,Kalite Duruşu,0
4004971,907387,IE26907387,M00003,YUVARLAK KUTU 120-105 HAM TENEKE 2 PARÇA,2026-04-23 20:03:58,2026-04-23 21:00:46,56.8,Bakım çağrıldı,Kalıp Değişimi,0
4004972,907388,IE26907388,M00003,YUVARLAK KUTU 120-105 HAM TENEKE 2 PARÇA,2026-04-24 19:52:08,2026-04-24 19:59:32,7.4,Kalıp söküldü,Kalıp Değişimi,0
4004973,907389,IE26907389,M00003,YUVARLAK KUTU 120-105 HAM TENEKE 2 PARÇA,2026-04-25 08:47:18,2026-04-25 08:55:06,7.8,Operatör müdahalesi,Vardiya Devri,0
4004974,907390,IE25907390,M00007,DIKDORTGEN KUTU 185-115 MAT LAK 2 PARÇA,2025-07-25 09:43:45,2025-07-25 10:06:09,22.4,Yedek parça bekleniyor,Mekanik Arıza,0
4004975,907392,IE25907392,M00007,DIKDORTGEN KUTU 185-115 MAT LAK 2 PARÇA,2025-07-27 19:18:29,2025-07-27 19:56:05,37.6,Yedek parça bekleniyor,Kalıp Değişimi,0
4004976,907393,IE25907393,M00007,DIKDORTGEN KUTU 185-115 MAT LAK 2 PARÇA,2025-07-28 08:26:59,2025-07-28 09:12:59,46,Yedek parça bekleniyor,Ayar / Numune Onayı,0
4004977,907394,IE26907394,M00006,SEKILLI KUTU 175-205 HAM TENEKE 3 PARÇA,2026-05-30 16:46:43,2026-05-30 17:32:19,45.6,Bakım çağrıldı,Kalıp Değişimi,0
4004978,907396,IE26907396,M00006,SEKILLI KUTU 175-205 HAM TENEKE 3 PARÇA,2026-06-01 22:47:22,2026-06-01 22:59:58,12.6,,Mekanik Arıza,0
4004979,907401,IE26907401,M00089,DIKDORTGEN KUTU 185-115 HAM TENEKE 2 PARÇA,2026-03-10 20:17:57,2026-03-10 20:27:15,9.3,,Sac Sıkışması,0
4004980,907404,IE26907404,M00089,DIKDORTGEN KUTU 185-115 HAM TENEKE 2 PARÇA,2026-03-13 21:07:42,2026-03-13 21:27:48,20.1,Bakım çağrıldı,Kalıp Değişimi,0
4004981,907405,IE26907405,M00001,KAPAK 090-065 HAM TENEKE 2 PARÇA,2026-01-05 14:15:56,2026-01-05 14:28:56,13,Operatör müdahalesi,Ayar / Numune Onayı,0
4004982,907406,IE26907406,M00001,KAPAK 090-065 HAM TENEKE 2 PARÇA,2026-01-06 12:04:05,2026-01-06 13:02:23,58.3,Kalıp söküldü,Planlı Bakım,0
4004983,907407,IE26907407,M00001,KAPAK 090-065 HAM TENEKE 2 PARÇA,2026-01-07 14:14:38,2026-01-07 14:21:56,7.3,Kalıp söküldü,Planlı Bakım,0
4004984,907408,IE26907408,M00008,YUVARLAK KUTU 210-255 HAM TENEKE 3 PARÇA,2026-07-04 19:32:27,2026-07-04 20:03:39,31.2,,Kalite Duruşu,0
4004985,907409,IE26907409,M00008,YUVARLAK KUTU 210-255 HAM TENEKE 3 PARÇA,2026-07-05 20:09:47,2026-07-05 20:28:47,19,Yedek parça bekleniyor,Malzeme Bekleme,0
4004986,907410,IE26907410,M00008,YUVARLAK KUTU 210-255 HAM TENEKE 3 PARÇA,2026-07-06 07:34:16,2026-07-06 08:16:04,41.8,Kalıp söküldü,Mekanik Arıza,0
4004987,907412,IE25907412,M00004,YUVARLAK KUTU 210-255 MAT LAK 3 PARÇA,2025-09-21 18:31:31,2025-09-21 19:43:49,72.3,Bakım çağrıldı,Kalıp Değişimi,0
4004988,907413,IE25907413,M00004,YUVARLAK KUTU 210-255 MAT LAK 3 PARÇA,2025-09-22 08:24:52,2025-09-22 08:31:58,7.1,Operatör müdahalesi,Planlı Bakım,0
4004989,907414,IE25907414,M00004,YUVARLAK KUTU 210-255 MAT LAK 3 PARÇA,2025-09-23 10:35:02,2025-09-23 11:20:44,45.7,Yedek parça bekleniyor,Mekanik Arıza,0
4004990,907415,IE25907415,M00027,KALP KUTU 160-090 LITOGRAFI 3 PARÇA,2025-11-03 08:34:58,2025-11-03 09:55:22,80.4,Kalıp söküldü,Kalite Duruşu,0
4004991,907416,IE25907416,M00027,KALP KUTU 160-090 LITOGRAFI 3 PARÇA,2025-11-04 20:17:10,2025-11-04 20:50:52,33.7,Bakım çağrıldı,Ayar / Numune Onayı,0
4004992,907417,IE25907417,M00027,KALP KUTU 160-090 LITOGRAFI 3 PARÇA,2025-11-05 13:57:36,2025-11-05 14:07:42,10.1,Bakım çağrıldı,Malzeme Bekleme,0
4004993,907418,IE25907418,M00027,KALP KUTU 160-090 LITOGRAFI 3 PARÇA,2025-11-06 12:50:42,2025-11-06 13:00:06,9.4,Kalıp söküldü,Hidrolik Kaçak,0
4004994,907419,IE25907419,M00011,YUVARLAK KUTU 120-105 HAM TENEKE 3 PARÇA,2025-07-02 14:26:34,2025-07-02 14:57:34,31,Operatör müdahalesi,Kalıp Değişimi,0
4004995,907420,IE25907420,M00011,YUVARLAK KUTU 120-105 HAM TENEKE 3 PARÇA,2025-07-03 19:40:03,2025-07-03 21:22:27,102.4,Operatör müdahalesi,Elektrik Arızası,0
4004996,907421,IE25907421,M00011,YUVARLAK KUTU 120-105 HAM TENEKE 3 PARÇA,2025-07-04 15:48:12,2025-07-04 16:36:36,48.4,Yedek parça bekleniyor,Planlı Bakım,0
4004997,907422,IE26907422,M00014,YUVARLAK KUTU 120-105 HAM TENEKE 2 PARÇA,2026-04-28 17:17:51,2026-04-28 17:30:15,12.4,Operatör müdahalesi,Kalite Duruşu,0
4004998,907423,IE26907423,M00014,YUVARLAK KUTU 120-105 HAM TENEKE 2 PARÇA,2026-04-29 15:28:10,2026-04-29 15:48:52,20.7,Yedek parça bekleniyor,Ayar / Numune Onayı,0
4004999,907425,IE26907425,M00010,YUVARLAK KUTU 255-205 MAT LAK 3 PARÇA,2026-04-14 19:41:52,2026-04-14 19:57:40,15.8,Yedek parça bekleniyor,Kalıp Değişimi,0
4005000,907427,IE26907427,M00010,YUVARLAK KUTU 255-205 MAT LAK 3 PARÇA,2026-04-16 13:43:11,2026-04-16 14:00:47,17.6,Bakım çağrıldı,Sac Sıkışması,0
4005001,907428,IE26907428,M00010,YUVARLAK KUTU 255-205 MAT LAK 3 PARÇA,2026-04-17 06:43:09,2026-04-17 07:35:09,52,Kalıp söküldü,Ayar / Numune Onayı,0
4005002,907431,IE26907431,M00098,YUVARLAK KUTU 255-205 VERNIKLI 2 PARÇA,2026-05-14 21:27:04,2026-05-14 22:42:28,75.4,Operatör müdahalesi,Kalıp Değişimi,0
4005003,907434,IE26907434,M00001,KAPAK 090-065 HAM TENEKE 2 PARÇA,2026-04-23 15:20:02,2026-04-23 16:07:26,47.4,Operatör müdahalesi,Kalite Duruşu,0
4005004,907435,IE25907435,M00005,DIKDORTGEN KUTU 145-095 MAT LAK 2 PARÇA,2025-07-18 20:13:13,2025-07-18 20:56:01,42.8,Kalıp söküldü,Vardiya Devri,0
4005005,907436,IE25907436,M00005,DIKDORTGEN KUTU 145-095 MAT LAK 2 PARÇA,2025-07-19 16:57:30,2025-07-19 18:05:42,68.2,,Mekanik Arıza,0
4005006,907437,IE25907437,M00005,DIKDORTGEN KUTU 145-095 MAT LAK 2 PARÇA,2025-07-20 15:28:48,2025-07-20 16:43:06,74.3,,Kalıp Değişimi,0
4005007,907438,IE26907438,M00057,KALP KUTU 160-090 LITOGRAFI 3 PARÇA,2026-05-01 15:15:14,2026-05-01 16:19:08,63.9,Operatör müdahalesi,Kalıp Değişimi,0
4005008,907442,IE26907442,M00066,SEKIZGEN KUTU 135-145 VERNIKLI 2 PARÇA,2026-07-19 14:11:25,2026-07-19 14:53:31,42.1,,Kalite Duruşu,0
4005009,907443,IE26907443,M00066,SEKIZGEN KUTU 135-145 VERNIKLI 2 PARÇA,2026-07-20 17:34:47,2026-07-20 18:19:17,44.5,Yedek parça bekleniyor,Personel Yetersizliği,0
4005010,907445,IE25907445,M00002,TEPSI 325-125 MAT LAK 3 PARÇA,2025-08-22 19:56:59,2025-08-22 21:18:41,81.7,Kalıp söküldü,Ayar / Numune Onayı,0
4005011,907446,IE25907446,M00002,TEPSI 325-125 MAT LAK 3 PARÇA,2025-08-23 19:53:05,2025-08-23 20:00:05,7,,Kalıp Değişimi,0
4005012,907449,IE26907449,M00006,SEKILLI KUTU 175-205 HAM TENEKE 3 PARÇA,2026-01-13 12:57:01,2026-01-13 13:15:31,18.5,Bakım çağrıldı,Kalite Duruşu,0
4005013,907450,IE26907450,M00006,SEKILLI KUTU 175-205 HAM TENEKE 3 PARÇA,2026-01-14 09:49:19,2026-01-14 10:09:25,20.1,Kalıp söküldü,Hidrolik Kaçak,0
4005014,907451,IE26907451,M00061,YUVARLAK KUTU Ø050 VERNIKLI 2 PARÇA,2026-02-07 12:30:04,2026-02-07 13:33:34,63.5,,Elektrik Arızası,0
4005015,907453,IE26907453,M00061,YUVARLAK KUTU Ø050 VERNIKLI 2 PARÇA,2026-02-09 08:29:09,2026-02-09 08:36:45,7.6,Yedek parça bekleniyor,Enerji Kesintisi,0
4005016,907454,IE26907454,M00061,YUVARLAK KUTU Ø050 VERNIKLI 2 PARÇA,2026-02-10 09:36:09,2026-02-10 10:15:39,39.5,Kalıp söküldü,Mekanik Arıza,0
4005017,907455,IE26907455,M00170,YUVARLAK KUTU Ø050 LITOGRAFI 3 PARÇA,2026-02-18 19:39:41,2026-02-18 20:15:47,36.1,Yedek parça bekleniyor,Ayar / Numune Onayı,0
4005018,907456,IE26907456,M00170,YUVARLAK KUTU Ø050 LITOGRAFI 3 PARÇA,2026-02-19 12:09:47,2026-02-19 12:56:11,46.4,Kalıp söküldü,Malzeme Bekleme,0
4005019,907457,IE26907457,M00170,YUVARLAK KUTU Ø050 LITOGRAFI 3 PARÇA,2026-02-20 16:10:00,2026-02-20 17:06:24,56.4,Operatör müdahalesi,Mekanik Arıza,0
4005020,907458,IE26907458,M00170,YUVARLAK KUTU Ø050 LITOGRAFI 3 PARÇA,2026-02-21 17:58:53,2026-02-21 19:17:35,78.7,Operatör müdahalesi,Sac Sıkışması,0
4005021,907459,IE25907459,M00006,SEKILLI KUTU 175-205 HAM TENEKE 3 PARÇA,2025-07-21 15:16:43,2025-07-21 16:24:31,67.8,Yedek parça bekleniyor,Kalıp Değişimi,0
4005022,907460,IE25907460,M00006,SEKILLI KUTU 175-205 HAM TENEKE 3 PARÇA,2025-07-22 21:13:55,2025-07-22 21:54:43,40.8,Kalıp söküldü,Kalıp Değişimi,0
4005023,907461,IE25907461,M00006,SEKILLI KUTU 175-205 HAM TENEKE 3 PARÇA,2025-07-23 18:36:41,2025-07-23 19:10:29,33.8,Kalıp söküldü,Kalite Duruşu,0
4005024,907464,IE25907464,M00041,YUVARLAK KUTU Ø050 HAM TENEKE 3 PARÇA,2025-12-03 07:10:30,2025-12-03 07:37:48,27.3,Operatör müdahalesi,Planlı Bakım,0
4005025,907465,IE25907465,M00041,YUVARLAK KUTU Ø050 HAM TENEKE 3 PARÇA,2025-12-04 10:13:10,2025-12-04 11:21:16,68.1,Bakım çağrıldı,Sac Sıkışması,0
4005026,907466,IE26907466,M00004,YUVARLAK KUTU 210-255 MAT LAK 3 PARÇA,2026-07-04 22:39:27,2026-07-04 23:55:51,76.4,Yedek parça bekleniyor,Kalıp Değişimi,0
4005027,907467,IE26907467,M00004,YUVARLAK KUTU 210-255 MAT LAK 3 PARÇA,2026-07-05 17:09:01,2026-07-05 17:26:13,17.2,,Personel Yetersizliği,0
4005028,907470,IE25907470,M00070,KALP KUTU 160-090 HAM TENEKE 3 PARÇA,2025-07-18 12:37:44,2025-07-18 12:53:14,15.5,,Ayar / Numune Onayı,0
4005029,907471,IE25907471,M00070,KALP KUTU 160-090 HAM TENEKE 3 PARÇA,2025-07-19 20:06:51,2025-07-19 20:51:51,45,,Ayar / Numune Onayı,0
4005030,907472,IE25907472,M00070,KALP KUTU 160-090 HAM TENEKE 3 PARÇA,2025-07-20 18:23:46,2025-07-20 19:04:40,40.9,Kalıp söküldü,Kalıp Değişimi,0
4005031,907474,IE25907474,M00020,YUVARLAK KUTU 210-255 LITOGRAFI 2 PARÇA,2025-07-27 18:45:52,2025-07-27 19:35:52,50,,Kalıp Değişimi,0
4005032,907475,IE25907475,M00020,YUVARLAK KUTU 210-255 LITOGRAFI 2 PARÇA,2025-07-28 08:39:54,2025-07-28 09:19:06,39.2,Operatör müdahalesi,Mekanik Arıza,0
4005033,907476,IE25907476,M00020,YUVARLAK KUTU 210-255 LITOGRAFI 2 PARÇA,2025-07-29 12:35:51,2025-07-29 13:29:39,53.8,Yedek parça bekleniyor,Kalıp Değişimi,0
4005034,907477,IE26907477,M00003,YUVARLAK KUTU 120-105 HAM TENEKE 2 PARÇA,2026-02-16 21:10:37,2026-02-16 21:48:43,38.1,Bakım çağrıldı,Kalıp Değişimi,0
4005035,907478,IE26907478,M00003,YUVARLAK KUTU 120-105 HAM TENEKE 2 PARÇA,2026-02-17 13:48:50,2026-02-17 13:58:26,9.6,Operatör müdahalesi,Ayar / Numune Onayı,0
4005036,907479,IE26907479,M00003,YUVARLAK KUTU 120-105 HAM TENEKE 2 PARÇA,2026-02-18 17:02:24,2026-02-18 18:09:54,67.5,,Ayar / Numune Onayı,0
4005037,907480,IE26907480,M00002,TEPSI 325-125 MAT LAK 3 PARÇA,2026-06-16 12:09:50,2026-06-16 12:37:50,28,Kalıp söküldü,Kalıp Değişimi,0
4005038,907481,IE26907481,M00002,TEPSI 325-125 MAT LAK 3 PARÇA,2026-06-17 08:27:45,2026-06-17 09:07:57,40.2,,Kalıp Değişimi,0
4005039,907482,IE26907482,M00002,TEPSI 325-125 MAT LAK 3 PARÇA,2026-06-18 12:43:00,2026-06-18 12:53:00,10,Bakım çağrıldı,Kalite Duruşu,0
4005040,907483,IE26907483,M00002,TEPSI 325-125 MAT LAK 3 PARÇA,2026-06-19 19:42:22,2026-06-19 19:50:16,7.9,Kalıp söküldü,Sac Sıkışması,0
4005041,907485,IE25907485,M00014,YUVARLAK KUTU 120-105 HAM TENEKE 2 PARÇA,2025-07-02 12:41:52,2025-07-02 14:26:52,105,Yedek parça bekleniyor,Hidrolik Kaçak,0
4005042,907486,IE25907486,M00014,YUVARLAK KUTU 120-105 HAM TENEKE 2 PARÇA,2025-07-03 08:55:09,2025-07-03 09:24:27,29.3,Kalıp söküldü,Kalıp Değişimi,0
4005043,907488,IE26907488,M00010,YUVARLAK KUTU 255-205 MAT LAK 3 PARÇA,2026-05-03 10:09:24,2026-05-03 11:04:18,54.9,Kalıp söküldü,Kalıp Değişimi,0
4005044,907489,IE26907489,M00010,YUVARLAK KUTU 255-205 MAT LAK 3 PARÇA,2026-05-04 11:46:07,2026-05-04 12:34:43,48.6,Yedek parça bekleniyor,Elektrik Arızası,0
4005045,907490,IE26907490,M00010,YUVARLAK KUTU 255-205 MAT LAK 3 PARÇA,2026-05-05 15:02:10,2026-05-05 15:45:10,43,,Kalıp Değişimi,0
4005046,907491,IE26907491,M00005,DIKDORTGEN KUTU 145-095 MAT LAK 2 PARÇA,2026-05-27 17:09:23,2026-05-27 17:40:29,31.1,Operatör müdahalesi,Kalıp Değişimi,0
4005047,907492,IE26907492,M00005,DIKDORTGEN KUTU 145-095 MAT LAK 2 PARÇA,2026-05-28 16:39:46,2026-05-28 17:15:40,35.9,Bakım çağrıldı,Hidrolik Kaçak,0
4005048,907495,IE25907495,M00009,YUVARLAK KUTU 245-175 VERNIKLI 3 PARÇA,2025-10-16 19:04:50,2025-10-16 19:14:50,10,Operatör müdahalesi,Vardiya Devri,0
4005049,907497,IE25907497,M00007,DIKDORTGEN KUTU 185-115 MAT LAK 2 PARÇA,2025-10-02 18:06:41,2025-10-02 18:38:59,32.3,Kalıp söküldü,Kalıp Değişimi,0
4005050,907498,IE25907498,M00007,DIKDORTGEN KUTU 185-115 MAT LAK 2 PARÇA,2025-10-03 11:30:34,2025-10-03 13:01:22,90.8,Yedek parça bekleniyor,Kalıp Değişimi,0
4005051,907499,IE25907499,M00007,DIKDORTGEN KUTU 185-115 MAT LAK 2 PARÇA,2025-10-04 07:43:54,2025-10-04 08:11:48,27.9,Operatör müdahalesi,Ayar / Numune Onayı,0
4005052,907500,IE26907500,M00052,YUVARLAK KUTU 135-145 LITOGRAFI 2 PARÇA,2026-02-19 08:42:10,2026-02-19 09:27:40,45.5,Bakım çağrıldı,Mekanik Arıza,0
4005053,907501,IE26907501,M00052,YUVARLAK KUTU 135-145 LITOGRAFI 2 PARÇA,2026-02-20 20:58:42,2026-02-20 21:25:42,27,Bakım çağrıldı,Elektrik Arızası,0
4005054,907502,IE26907502,M00052,YUVARLAK KUTU 135-145 LITOGRAFI 2 PARÇA,2026-02-21 13:27:25,2026-02-21 13:55:37,28.2,,Personel Yetersizliği,0
4005055,907503,IE26907503,M00052,YUVARLAK KUTU 135-145 LITOGRAFI 2 PARÇA,2026-02-22 15:43:54,2026-02-22 16:24:36,40.7,Operatör müdahalesi,Kalıp Değişimi,0
4005056,907504,IE25907504,M00010,YUVARLAK KUTU 255-205 MAT LAK 3 PARÇA,2025-09-11 21:08:51,2025-09-11 22:05:51,57,Kalıp söküldü,Kalite Duruşu,0
4005057,907505,IE25907505,M00010,YUVARLAK KUTU 255-205 MAT LAK 3 PARÇA,2025-09-12 08:51:39,2025-09-12 10:39:09,107.5,Yedek parça bekleniyor,Kalıp Değişimi,0
4005058,907506,IE25907506,M00010,YUVARLAK KUTU 255-205 MAT LAK 3 PARÇA,2025-09-13 19:07:33,2025-09-13 19:43:33,36,Yedek parça bekleniyor,Mekanik Arıza,0
4005059,907507,IE25907507,M00010,YUVARLAK KUTU 255-205 MAT LAK 3 PARÇA,2025-09-14 10:02:17,2025-09-14 11:35:41,93.4,Yedek parça bekleniyor,Kalıp Değişimi,0
4005060,907508,IE26907508,M00009,YUVARLAK KUTU 245-175 VERNIKLI 3 PARÇA,2026-06-03 07:51:42,2026-06-03 08:16:00,24.3,Bakım çağrıldı,Hidrolik Kaçak,0
4005061,907511,IE26907511,M00009,YUVARLAK KUTU 245-175 VERNIKLI 3 PARÇA,2026-06-06 20:50:13,2026-06-06 21:27:31,37.3,Bakım çağrıldı,Kalite Duruşu,0
4005062,907513,IE25907513,M00002,TEPSI 325-125 MAT LAK 3 PARÇA,2025-10-06 09:47:48,2025-10-06 10:24:24,36.6,Operatör müdahalesi,Kalite Duruşu,0
4005063,907515,IE25907515,M00047,KAPAK 245-175 LITOGRAFI 3 PARÇA,2025-11-29 08:24:18,2025-11-29 08:42:00,17.7,,Kalıp Değişimi,0
4005064,907516,IE25907516,M00047,KAPAK 245-175 LITOGRAFI 3 PARÇA,2025-11-30 19:06:58,2025-11-30 20:23:04,76.1,Kalıp söküldü,Ayar / Numune Onayı,0
4005065,907517,IE25907517,M00047,KAPAK 245-175 LITOGRAFI 3 PARÇA,2025-12-01 08:19:13,2025-12-01 09:21:43,62.5,,Ayar / Numune Onayı,0
4005066,907518,IE26907518,M00011,YUVARLAK KUTU 120-105 HAM TENEKE 3 PARÇA,2026-05-08 18:46:28,2026-05-08 19:13:28,27,Yedek parça bekleniyor,Vardiya Devri,0
4005067,907519,IE26907519,M00011,YUVARLAK KUTU 120-105 HAM TENEKE 3 PARÇA,2026-05-09 11:47:08,2026-05-09 12:25:02,37.9,Kalıp söküldü,Vardiya Devri,0
4005068,907520,IE26907520,M00011,YUVARLAK KUTU 120-105 HAM TENEKE 3 PARÇA,2026-05-10 19:07:38,2026-05-10 19:40:14,32.6,Operatör müdahalesi,Kalite Duruşu,0
4005069,907521,IE25907521,M00019,OVAL KUTU 295-165 VERNIKLI 2 PARÇA,2025-09-15 11:10:53,2025-09-15 13:24:41,133.8,Kalıp söküldü,Kalıp Değişimi,0
4005070,907523,IE25907523,M00019,OVAL KUTU 295-165 VERNIKLI 2 PARÇA,2025-09-17 08:08:17,2025-09-17 09:19:59,71.7,Operatör müdahalesi,Mekanik Arıza,0
4005071,907527,IE26907527,M00217,DIKDORTGEN KUTU 145-095 VERNIKLI 3 PARÇA,2026-04-04 16:54:14,2026-04-04 17:11:02,16.8,Bakım çağrıldı,Ayar / Numune Onayı,0
4005072,907528,IE26907528,M00217,DIKDORTGEN KUTU 145-095 VERNIKLI 3 PARÇA,2026-04-05 08:42:50,2026-04-05 09:05:56,23.1,Kalıp söküldü,Hidrolik Kaçak,0
4005073,907529,IE26907529,M00217,DIKDORTGEN KUTU 145-095 VERNIKLI 3 PARÇA,2026-04-06 14:00:52,2026-04-06 14:55:58,55.1,Kalıp söküldü,Sac Sıkışması,0
4005074,907530,IE26907530,M00217,DIKDORTGEN KUTU 145-095 VERNIKLI 3 PARÇA,2026-04-07 12:26:44,2026-04-07 13:21:14,54.5,,Kalıp Değişimi,0
4005075,907531,IE26907531,M00059,YUVARLAK KUTU Ø148 HAM TENEKE 2 PARÇA,2026-07-16 17:12:33,2026-07-16 17:28:33,16,Operatör müdahalesi,Mekanik Arıza,0
4005076,907532,IE26907532,M00059,YUVARLAK KUTU Ø148 HAM TENEKE 2 PARÇA,2026-07-17 16:20:48,2026-07-17 17:52:48,92,Operatör müdahalesi,Kalıp Değişimi,0
4005077,907533,IE26907533,M00059,YUVARLAK KUTU Ø148 HAM TENEKE 2 PARÇA,2026-07-18 11:52:15,2026-07-18 12:23:39,31.4,Yedek parça bekleniyor,Kalıp Değişimi,0
4005078,907534,IE25907534,M00076,TEPSI 325-125 MAT LAK 2 PARÇA,2025-12-04 20:57:43,2025-12-04 21:10:13,12.5,Operatör müdahalesi,Malzeme Bekleme,0
4005079,907535,IE25907535,M00076,TEPSI 325-125 MAT LAK 2 PARÇA,2025-12-05 14:39:13,2025-12-05 15:30:25,51.2,Bakım çağrıldı,Kalıp Değişimi,0
4005080,907536,IE25907536,M00076,TEPSI 325-125 MAT LAK 2 PARÇA,2025-12-06 19:41:16,2025-12-06 20:09:34,28.3,Bakım çağrıldı,Ayar / Numune Onayı,0
4005081,907537,IE25907537,M00076,TEPSI 325-125 MAT LAK 2 PARÇA,2025-12-07 13:05:35,2025-12-07 13:45:17,39.7,Bakım çağrıldı,Kalıp Değişimi,0
4005082,907539,IE25907539,M00003,YUVARLAK KUTU 120-105 HAM TENEKE 2 PARÇA,2025-12-05 08:54:26,2025-12-05 09:00:38,6.2,Bakım çağrıldı,Kalıp Değişimi,0
4005083,907541,IE25907541,M00003,YUVARLAK KUTU 120-105 HAM TENEKE 2 PARÇA,2025-12-07 11:18:26,2025-12-07 11:35:56,17.5,Yedek parça bekleniyor,Vardiya Devri,0
4005084,907542,IE26907542,M00112,PLAKA-BARDAK ALTI 205-050 LITOGRAFI 3 PARÇA,2026-05-02 12:05:38,2026-05-02 12:13:20,7.7,Bakım çağrıldı,Personel Yetersizliği,0
4005085,907543,IE26907543,M00112,PLAKA-BARDAK ALTI 205-050 LITOGRAFI 3 PARÇA,2026-05-03 11:30:16,2026-05-03 12:04:10,33.9,Kalıp söküldü,Kalıp Değişimi,0
4005086,907545,IE26907545,M00009,YUVARLAK KUTU 245-175 VERNIKLI 3 PARÇA,2026-03-24 08:45:19,2026-03-24 09:06:49,21.5,,Kalıp Değişimi,0
4005087,907546,IE26907546,M00009,YUVARLAK KUTU 245-175 VERNIKLI 3 PARÇA,2026-03-25 17:57:12,2026-03-25 18:07:48,10.6,Operatör müdahalesi,Planlı Bakım,0
4005088,907549,IE25907549,M00005,DIKDORTGEN KUTU 145-095 MAT LAK 2 PARÇA,2025-10-06 07:34:05,2025-10-06 08:14:35,40.5,Bakım çağrıldı,Kalıp Değişimi,0
4005089,907553,IE26907553,M00003,YUVARLAK KUTU 120-105 HAM TENEKE 2 PARÇA,2026-06-17 12:48:36,2026-06-17 13:07:30,18.9,Bakım çağrıldı,Malzeme Bekleme,0
4005090,907554,IE26907554,M00003,YUVARLAK KUTU 120-105 HAM TENEKE 2 PARÇA,2026-06-18 08:01:10,2026-06-18 08:15:46,14.6,Operatör müdahalesi,Ayar / Numune Onayı,0
4005091,907555,IE26907555,M00003,YUVARLAK KUTU 120-105 HAM TENEKE 2 PARÇA,2026-06-19 20:16:55,2026-06-19 20:56:19,39.4,Bakım çağrıldı,Malzeme Bekleme,0
4005092,907557,IE26907557,M00064,DIKDORTGEN KUTU 185-115 HAM TENEKE 3 PARÇA,2026-07-30 18:28:20,2026-07-30 18:57:14,28.9,,Planlı Bakım,0
4005093,907559,IE25907559,M00008,YUVARLAK KUTU 210-255 HAM TENEKE 3 PARÇA,2025-11-19 16:53:33,2025-11-19 17:35:09,41.6,,Kalıp Değişimi,0
4005094,907560,IE25907560,M00008,YUVARLAK KUTU 210-255 HAM TENEKE 3 PARÇA,2025-11-20 14:52:48,2025-11-20 15:51:00,58.2,Yedek parça bekleniyor,Kalıp Değişimi,0
4005095,907561,IE25907561,M00008,YUVARLAK KUTU 210-255 HAM TENEKE 3 PARÇA,2025-11-21 18:38:08,2025-11-21 18:52:08,14,Yedek parça bekleniyor,Mekanik Arıza,0
4005096,907563,IE26907563,M00001,KAPAK 090-065 HAM TENEKE 2 PARÇA,2026-05-29 21:46:48,2026-05-29 22:18:48,32,Operatör müdahalesi,Kalıp Değişimi,0
4005097,907564,IE26907564,M00001,KAPAK 090-065 HAM TENEKE 2 PARÇA,2026-05-30 15:49:45,2026-05-30 16:43:33,53.8,Bakım çağrıldı,Kalıp Değişimi,0
4005098,907565,IE26907565,M00001,KAPAK 090-065 HAM TENEKE 2 PARÇA,2026-05-31 20:23:06,2026-05-31 20:55:06,32,Kalıp söküldü,Ayar / Numune Onayı,0
4005099,907567,IE25907567,M00002,TEPSI 325-125 MAT LAK 3 PARÇA,2025-10-31 21:51:43,2025-10-31 22:48:37,56.9,,Hidrolik Kaçak,0
4005100,907568,IE25907568,M00002,TEPSI 325-125 MAT LAK 3 PARÇA,2025-11-01 21:50:47,2025-11-01 22:16:17,25.5,Kalıp söküldü,Vardiya Devri,0
4005101,907569,IE25907569,M00010,YUVARLAK KUTU 255-205 MAT LAK 3 PARÇA,2025-08-19 21:57:51,2025-08-19 22:16:33,18.7,Yedek parça bekleniyor,Kalıp Değişimi,0
4005102,907571,IE25907571,M00010,YUVARLAK KUTU 255-205 MAT LAK 3 PARÇA,2025-08-21 11:59:38,2025-08-21 12:51:50,52.2,Yedek parça bekleniyor,Kalıp Değişimi,0
4005103,907573,IE26907573,M00047,KAPAK 245-175 LITOGRAFI 3 PARÇA,2026-07-04 19:19:15,2026-07-04 19:57:57,38.7,Bakım çağrıldı,Planlı Bakım,0
4005104,907574,IE26907574,M00047,KAPAK 245-175 LITOGRAFI 3 PARÇA,2026-07-05 09:11:23,2026-07-05 09:22:59,11.6,Operatör müdahalesi,Kalıp Değişimi,0
4005105,907575,IE26907575,M00047,KAPAK 245-175 LITOGRAFI 3 PARÇA,2026-07-06 11:55:13,2026-07-06 12:49:49,54.6,Bakım çağrıldı,Kalıp Değişimi,0
4005106,907576,IE26907576,M00047,KAPAK 245-175 LITOGRAFI 3 PARÇA,2026-07-07 11:15:42,2026-07-07 13:23:48,128.1,Operatör müdahalesi,Mekanik Arıza,0
4005107,907580,IE25907580,M00014,YUVARLAK KUTU 120-105 HAM TENEKE 2 PARÇA,2025-12-01 09:49:32,2025-12-01 10:38:32,49,Kalıp söküldü,Kalıp Değişimi,0
4005108,907581,IE25907581,M00014,YUVARLAK KUTU 120-105 HAM TENEKE 2 PARÇA,2025-12-02 14:57:32,2025-12-02 15:28:14,30.7,Operatör müdahalesi,Malzeme Bekleme,0
4005109,907582,IE25907582,M00014,YUVARLAK KUTU 120-105 HAM TENEKE 2 PARÇA,2025-12-03 13:15:32,2025-12-03 13:42:02,26.5,Yedek parça bekleniyor,Kalıp Değişimi,0
4005110,907583,IE26907583,M00004,YUVARLAK KUTU 210-255 MAT LAK 3 PARÇA,2026-01-31 09:24:52,2026-01-31 10:23:34,58.7,Yedek parça bekleniyor,Kalıp Değişimi,0
4005111,907584,IE26907584,M00004,YUVARLAK KUTU 210-255 MAT LAK 3 PARÇA,2026-02-01 14:59:15,2026-02-01 15:40:09,40.9,Kalıp söküldü,Kalıp Değişimi,0
4005112,907586,IE26907586,M00004,YUVARLAK KUTU 210-255 MAT LAK 3 PARÇA,2026-02-03 13:54:43,2026-02-03 14:10:55,16.2,Yedek parça bekleniyor,Vardiya Devri,0
4005113,907587,IE26907587,M00018,SEKIZGEN KUTU 135-145 HAM TENEKE 2 PARÇA,2026-03-27 18:13:38,2026-03-27 18:56:38,43,,Kalıp Değişimi,0
4005114,907589,IE26907589,M00018,SEKIZGEN KUTU 135-145 HAM TENEKE 2 PARÇA,2026-03-29 09:00:28,2026-03-29 10:54:28,114,Yedek parça bekleniyor,Sac Sıkışması,0
4005115,907590,IE26907590,M00002,TEPSI 325-125 MAT LAK 3 PARÇA,2026-06-20 15:43:48,2026-06-20 16:18:12,34.4,Kalıp söküldü,Mekanik Arıza,0
4005116,907593,IE26907593,M00013,KOSELI SIVAMA KUTU 210-080 LITOGRAFI 3 PARÇA,2026-06-23 09:07:21,2026-06-23 09:48:51,41.5,Kalıp söküldü,Mekanik Arıza,0
4005117,907594,IE26907594,M00013,KOSELI SIVAMA KUTU 210-080 LITOGRAFI 3 PARÇA,2026-06-24 11:40:22,2026-06-24 12:16:04,35.7,,Mekanik Arıza,0
4005118,907595,IE26907595,M00013,KOSELI SIVAMA KUTU 210-080 LITOGRAFI 3 PARÇA,2026-06-25 07:19:14,2026-06-25 08:23:02,63.8,Yedek parça bekleniyor,Kalıp Değişimi,0
4005119,907596,IE25907596,M00197,SEKIZGEN KUTU 135-145 HAM TENEKE 2 PARÇA,2025-11-19 17:49:01,2025-11-19 18:35:55,46.9,Kalıp söküldü,Malzeme Bekleme,0
4005120,907597,IE25907597,M00197,SEKIZGEN KUTU 135-145 HAM TENEKE 2 PARÇA,2025-11-20 13:41:14,2025-11-20 14:04:32,23.3,Operatör müdahalesi,Mekanik Arıza,0
4005121,907599,IE25907599,M00197,SEKIZGEN KUTU 135-145 HAM TENEKE 2 PARÇA,2025-11-22 08:39:24,2025-11-22 08:55:48,16.4,Operatör müdahalesi,Ayar / Numune Onayı,0
4005122,907600,IE26907600,M00078,YUVARLAK KUTU 255-205 MAT LAK 2 PARÇA,2026-05-12 20:56:49,2026-05-12 21:04:37,7.8,Operatör müdahalesi,Ayar / Numune Onayı,0
4005123,907602,IE26907602,M00078,YUVARLAK KUTU 255-205 MAT LAK 2 PARÇA,2026-05-14 13:22:16,2026-05-14 14:30:34,68.3,,Planlı Bakım,0
4005124,907603,IE25907603,M00014,YUVARLAK KUTU 120-105 HAM TENEKE 2 PARÇA,2025-08-23 15:08:32,2025-08-23 15:46:44,38.2,Kalıp söküldü,Planlı Bakım,0
4005125,907604,IE25907604,M00014,YUVARLAK KUTU 120-105 HAM TENEKE 2 PARÇA,2025-08-24 09:39:13,2025-08-24 10:15:13,36,,Kalıp Değişimi,0
4005126,907605,IE25907605,M00014,YUVARLAK KUTU 120-105 HAM TENEKE 2 PARÇA,2025-08-25 10:36:08,2025-08-25 10:46:26,10.3,Operatör müdahalesi,Hidrolik Kaçak,0
4005127,907606,IE26907606,M00097,YUVARLAK KUTU Ø050 MAT LAK 2 PARÇA,2026-07-25 12:57:48,2026-07-25 13:40:12,42.4,Operatör müdahalesi,Kalıp Değişimi,0
4005128,907609,IE26907609,M00097,YUVARLAK KUTU Ø050 MAT LAK 2 PARÇA,2026-07-28 10:37:26,2026-07-28 11:43:02,65.6,Yedek parça bekleniyor,Kalıp Değişimi,0
4005129,907610,IE26907610,M00048,YUVARLAK KUTU 295-165 VERNIKLI 3 PARÇA,2026-01-10 18:33:07,2026-01-10 19:05:01,31.9,Kalıp söküldü,Kalıp Değişimi,0
4005130,907611,IE26907611,M00048,YUVARLAK KUTU 295-165 VERNIKLI 3 PARÇA,2026-01-11 19:56:52,2026-01-11 20:48:10,51.3,,Mekanik Arıza,0
4005131,907614,IE26907614,M00011,YUVARLAK KUTU 120-105 HAM TENEKE 3 PARÇA,2026-07-08 00:11:31,2026-07-08 00:30:13,18.7,Kalıp söküldü,Kalite Duruşu,0
4005132,907615,IE26907615,M00011,YUVARLAK KUTU 120-105 HAM TENEKE 3 PARÇA,2026-07-08 13:21:56,2026-07-08 13:32:02,10.1,Bakım çağrıldı,Kalıp Değişimi,0
4005133,907616,IE26907616,M00011,YUVARLAK KUTU 120-105 HAM TENEKE 3 PARÇA,2026-07-09 18:42:25,2026-07-09 19:19:31,37.1,Kalıp söküldü,Malzeme Bekleme,0
4005134,907617,IE26907617,M00002,TEPSI 325-125 MAT LAK 3 PARÇA,2026-07-03 14:06:44,2026-07-03 14:49:50,43.1,Kalıp söküldü,Hidrolik Kaçak,0
4005135,907618,IE26907618,M00002,TEPSI 325-125 MAT LAK 3 PARÇA,2026-07-04 08:37:10,2026-07-04 08:57:34,20.4,Yedek parça bekleniyor,Personel Yetersizliği,0
4005136,907619,IE26907619,M00002,TEPSI 325-125 MAT LAK 3 PARÇA,2026-07-05 15:44:58,2026-07-05 16:37:34,52.6,,Enerji Kesintisi,0
4005137,907620,IE25907620,M00002,TEPSI 325-125 MAT LAK 3 PARÇA,2025-07-19 08:20:00,2025-07-19 08:34:00,14,Operatör müdahalesi,Kalite Duruşu,0
4005138,907621,IE25907621,M00002,TEPSI 325-125 MAT LAK 3 PARÇA,2025-07-20 17:39:29,2025-07-20 17:48:17,8.8,Bakım çağrıldı,Mekanik Arıza,0
4005139,907622,IE25907622,M00002,TEPSI 325-125 MAT LAK 3 PARÇA,2025-07-21 08:08:07,2025-07-21 08:19:31,11.4,Bakım çağrıldı,Hidrolik Kaçak,0
4005140,907623,IE25907623,M00002,TEPSI 325-125 MAT LAK 3 PARÇA,2025-07-22 13:10:05,2025-07-22 13:35:29,25.4,Operatör müdahalesi,Elektrik Arızası,0
4005141,907625,IE26907625,M00002,TEPSI 325-125 MAT LAK 3 PARÇA,2026-07-23 20:18:52,2026-07-23 21:33:04,74.2,Kalıp söküldü,Vardiya Devri,0
4005142,907626,IE26907626,M00002,TEPSI 325-125 MAT LAK 3 PARÇA,2026-07-24 14:15:39,2026-07-24 15:54:21,98.7,Kalıp söküldü,Mekanik Arıza,0
4005143,907627,IE26907627,M00013,KOSELI SIVAMA KUTU 210-080 LITOGRAFI 3 PARÇA,2026-03-12 19:06:35,2026-03-12 20:21:05,74.5,Operatör müdahalesi,Kalıp Değişimi,0
4005144,907629,IE26907629,M00013,KOSELI SIVAMA KUTU 210-080 LITOGRAFI 3 PARÇA,2026-03-14 16:35:42,2026-03-14 16:41:42,6,Bakım çağrıldı,Elektrik Arızası,0
4005145,907630,IE26907630,M00013,KOSELI SIVAMA KUTU 210-080 LITOGRAFI 3 PARÇA,2026-03-15 22:47:21,2026-03-15 22:59:39,12.3,,Hidrolik Kaçak,0
4005146,907631,IE26907631,M00153,YUVARLAK KUTU 255-205 HAM TENEKE 2 PARÇA,2026-07-30 16:53:05,2026-07-30 17:53:35,60.5,Bakım çağrıldı,Mekanik Arıza,0
4005147,907634,IE26907634,M00031,YUVARLAK KUTU 145-095 MAT LAK 2 PARÇA,2026-07-03 13:24:13,2026-07-03 14:30:13,66,Bakım çağrıldı,Kalıp Değişimi,0
4005148,907635,IE26907635,M00031,YUVARLAK KUTU 145-095 MAT LAK 2 PARÇA,2026-07-04 15:28:53,2026-07-04 15:43:47,14.9,Operatör müdahalesi,Malzeme Bekleme,0
4005149,907636,IE26907636,M00031,YUVARLAK KUTU 145-095 MAT LAK 2 PARÇA,2026-07-05 10:00:59,2026-07-05 10:09:05,8.1,Operatör müdahalesi,Kalite Duruşu,0
4005150,907637,IE26907637,M00031,YUVARLAK KUTU 145-095 MAT LAK 2 PARÇA,2026-07-06 21:52:45,2026-07-06 22:35:15,42.5,Operatör müdahalesi,Sac Sıkışması,0
4005151,907639,IE26907639,M00002,TEPSI 325-125 MAT LAK 3 PARÇA,2026-03-24 13:14:39,2026-03-24 13:43:57,29.3,Kalıp söküldü,Elektrik Arızası,0
4005152,907640,IE26907640,M00002,TEPSI 325-125 MAT LAK 3 PARÇA,2026-03-25 13:15:51,2026-03-25 13:42:03,26.2,Operatör müdahalesi,Kalıp Değişimi,0
4005153,907642,IE25907642,M00020,YUVARLAK KUTU 210-255 LITOGRAFI 2 PARÇA,2025-07-23 14:16:10,2025-07-23 14:39:04,22.9,Bakım çağrıldı,Kalıp Değişimi,0
4005154,907643,IE25907643,M00020,YUVARLAK KUTU 210-255 LITOGRAFI 2 PARÇA,2025-07-24 12:00:28,2025-07-24 12:30:34,30.1,,Mekanik Arıza,0
4005155,907644,IE25907644,M00020,YUVARLAK KUTU 210-255 LITOGRAFI 2 PARÇA,2025-07-25 09:25:23,2025-07-25 10:14:29,49.1,Bakım çağrıldı,Kalite Duruşu,0
4005156,907645,IE26907645,M00007,DIKDORTGEN KUTU 185-115 MAT LAK 2 PARÇA,2026-02-27 10:51:54,2026-02-27 11:32:12,40.3,Kalıp söküldü,Enerji Kesintisi,0
4005157,907646,IE26907646,M00007,DIKDORTGEN KUTU 185-115 MAT LAK 2 PARÇA,2026-02-28 10:42:47,2026-02-28 11:24:47,42,Operatör müdahalesi,Kalıp Değişimi,0
4005158,907647,IE26907647,M00007,DIKDORTGEN KUTU 185-115 MAT LAK 2 PARÇA,2026-03-01 17:59:22,2026-03-01 18:38:04,38.7,Yedek parça bekleniyor,Planlı Bakım,0
4005159,907648,IE26907648,M00007,DIKDORTGEN KUTU 185-115 MAT LAK 2 PARÇA,2026-03-02 15:45:23,2026-03-02 16:52:11,66.8,Bakım çağrıldı,Sac Sıkışması,0
4005160,907652,IE25907652,M00003,YUVARLAK KUTU 120-105 HAM TENEKE 2 PARÇA,2025-10-03 17:49:16,2025-10-03 18:03:46,14.5,Kalıp söküldü,Mekanik Arıza,0
4005161,907653,IE25907653,M00003,YUVARLAK KUTU 120-105 HAM TENEKE 2 PARÇA,2025-10-04 11:07:15,2025-10-04 11:16:51,9.6,Yedek parça bekleniyor,Kalıp Değişimi,0
4005162,907655,IE26907655,M00044,KAPAK 090-065 VERNIKLI 2 PARÇA,2026-04-10 06:29:45,2026-04-10 07:00:15,30.5,Operatör müdahalesi,Vardiya Devri,0
4005163,907656,IE26907656,M00044,KAPAK 090-065 VERNIKLI 2 PARÇA,2026-04-11 18:04:35,2026-04-11 18:41:53,37.3,Yedek parça bekleniyor,Kalıp Değişimi,0
4005164,907657,IE26907657,M00044,KAPAK 090-065 VERNIKLI 2 PARÇA,2026-04-12 16:59:38,2026-04-12 17:13:14,13.6,Operatör müdahalesi,Mekanik Arıza,0
4005165,907658,IE26907658,M00254,YUVARLAK KUTU 245-175 VERNIKLI 2 PARÇA,2026-03-18 21:23:34,2026-03-18 22:16:58,53.4,Bakım çağrıldı,Kalıp Değişimi,0
4005166,907659,IE26907659,M00254,YUVARLAK KUTU 245-175 VERNIKLI 2 PARÇA,2026-03-19 12:48:37,2026-03-19 13:48:19,59.7,Kalıp söküldü,Ayar / Numune Onayı,0
4005167,907660,IE26907660,M00254,YUVARLAK KUTU 245-175 VERNIKLI 2 PARÇA,2026-03-20 14:52:02,2026-03-20 16:17:02,85,Bakım çağrıldı,Vardiya Devri,0
4005168,907661,IE26907661,M00002,TEPSI 325-125 MAT LAK 3 PARÇA,2026-05-12 19:53:25,2026-05-12 20:11:19,17.9,,Malzeme Bekleme,0
4005169,907662,IE26907662,M00002,TEPSI 325-125 MAT LAK 3 PARÇA,2026-05-13 18:53:18,2026-05-13 20:07:00,73.7,,Kalite Duruşu,0
4005170,907664,IE26907664,M00004,YUVARLAK KUTU 210-255 MAT LAK 3 PARÇA,2026-06-30 16:07:12,2026-06-30 17:06:18,59.1,Operatör müdahalesi,Vardiya Devri,0
4005171,907666,IE26907666,M00004,YUVARLAK KUTU 210-255 MAT LAK 3 PARÇA,2026-07-02 20:56:38,2026-07-02 21:49:44,53.1,Yedek parça bekleniyor,Elektrik Arızası,0
4005172,907669,IE25907669,M00001,KAPAK 090-065 HAM TENEKE 2 PARÇA,2025-10-25 11:40:49,2025-10-25 11:53:31,12.7,Kalıp söküldü,Ayar / Numune Onayı,0
4005173,907670,IE26907670,M00088,YUVARLAK KUTU 120-105 LITOGRAFI 2 PARÇA,2026-05-14 09:45:25,2026-05-14 10:11:55,26.5,,Elektrik Arızası,0
4005174,907671,IE26907671,M00088,YUVARLAK KUTU 120-105 LITOGRAFI 2 PARÇA,2026-05-15 11:07:45,2026-05-15 11:44:21,36.6,Yedek parça bekleniyor,Kalıp Değişimi,0
4005175,907672,IE26907672,M00088,YUVARLAK KUTU 120-105 LITOGRAFI 2 PARÇA,2026-05-16 19:33:20,2026-05-16 20:19:38,46.3,Operatör müdahalesi,Kalıp Değişimi,0
4005176,907673,IE26907673,M00088,YUVARLAK KUTU 120-105 LITOGRAFI 2 PARÇA,2026-05-17 07:19:51,2026-05-17 07:50:15,30.4,Kalıp söküldü,Vardiya Devri,0
4005177,907674,IE25907674,M00063,ALTIGEN KUTU 125-085 HAM TENEKE 3 PARÇA,2025-08-12 14:23:38,2025-08-12 15:15:32,51.9,Kalıp söküldü,Ayar / Numune Onayı,0
4005178,907676,IE25907676,M00063,ALTIGEN KUTU 125-085 HAM TENEKE 3 PARÇA,2025-08-14 17:35:00,2025-08-14 18:09:42,34.7,Yedek parça bekleniyor,Kalıp Değişimi,0
4005179,907678,IE26907678,M00007,DIKDORTGEN KUTU 185-115 MAT LAK 2 PARÇA,2026-03-03 10:15:15,2026-03-03 11:28:15,73,Bakım çağrıldı,Hidrolik Kaçak,0
4005180,907679,IE26907679,M00007,DIKDORTGEN KUTU 185-115 MAT LAK 2 PARÇA,2026-03-04 12:15:54,2026-03-04 12:51:54,36,,Kalıp Değişimi,0
4005181,907680,IE26907680,M00007,DIKDORTGEN KUTU 185-115 MAT LAK 2 PARÇA,2026-03-05 10:00:00,2026-03-05 10:26:30,26.5,Kalıp söküldü,Elektrik Arızası,0
4005182,907681,IE25907681,M00023,YUVARLAK KUTU 078-095 LITOGRAFI 2 PARÇA,2025-08-02 15:19:52,2025-08-02 16:59:46,99.9,Bakım çağrıldı,Enerji Kesintisi,0
4005183,907682,IE25907682,M00023,YUVARLAK KUTU 078-095 LITOGRAFI 2 PARÇA,2025-08-03 14:39:42,2025-08-03 15:58:06,78.4,Operatör müdahalesi,Kalıp Değişimi,0
4005184,907683,IE25907683,M00023,YUVARLAK KUTU 078-095 LITOGRAFI 2 PARÇA,2025-08-04 21:25:28,2025-08-04 22:19:40,54.2,Kalıp söküldü,Kalıp Değişimi,0
4005185,907684,IE25907684,M00023,YUVARLAK KUTU 078-095 LITOGRAFI 2 PARÇA,2025-08-05 13:41:47,2025-08-05 13:55:59,14.2,Kalıp söküldü,Vardiya Devri,0
4005186,907685,IE25907685,M00006,SEKILLI KUTU 175-205 HAM TENEKE 3 PARÇA,2025-12-23 21:06:04,2025-12-23 21:49:22,43.3,Kalıp söküldü,Planlı Bakım,0
4005187,907686,IE25907686,M00006,SEKILLI KUTU 175-205 HAM TENEKE 3 PARÇA,2025-12-24 12:14:22,2025-12-24 13:22:28,68.1,Operatör müdahalesi,Malzeme Bekleme,0
4005188,907687,IE25907687,M00006,SEKILLI KUTU 175-205 HAM TENEKE 3 PARÇA,2025-12-25 22:06:07,2025-12-25 22:57:01,50.9,Operatör müdahalesi,Kalite Duruşu,0
4005189,907688,IE25907688,M00006,SEKILLI KUTU 175-205 HAM TENEKE 3 PARÇA,2025-12-26 22:22:13,2025-12-26 22:47:43,25.5,Bakım çağrıldı,Ayar / Numune Onayı,0
4005190,907691,IE25907691,M00016,YUVARLAK-SIVAMA KUTU Ø068 HAM TENEKE 2 PARÇA,2025-08-10 13:54:33,2025-08-10 15:07:33,73,Kalıp söküldü,Vardiya Devri,0
4005191,907693,IE26907693,M00037,YUVARLAK KUTU 078-095 MAT LAK 3 PARÇA,2026-01-21 16:23:32,2026-01-21 16:51:14,27.7,Yedek parça bekleniyor,Kalıp Değişimi,0
4005192,907694,IE26907694,M00037,YUVARLAK KUTU 078-095 MAT LAK 3 PARÇA,2026-01-22 21:23:04,2026-01-22 21:44:28,21.4,Yedek parça bekleniyor,Kalıp Değişimi,0
4005193,907695,IE26907695,M00037,YUVARLAK KUTU 078-095 MAT LAK 3 PARÇA,2026-01-23 08:49:04,2026-01-23 09:14:46,25.7,Yedek parça bekleniyor,Kalıp Değişimi,0
4005194,907704,IE26907704,M00003,YUVARLAK KUTU 120-105 HAM TENEKE 2 PARÇA,2026-02-26 08:21:24,2026-02-26 09:14:42,53.3,Bakım çağrıldı,Kalıp Değişimi,0
4005195,907705,IE26907705,M00003,YUVARLAK KUTU 120-105 HAM TENEKE 2 PARÇA,2026-02-27 15:53:30,2026-02-27 16:04:00,10.5,Yedek parça bekleniyor,Sac Sıkışması,0
4005196,907706,IE26907706,M00003,YUVARLAK KUTU 120-105 HAM TENEKE 2 PARÇA,2026-02-28 12:49:29,2026-02-28 13:44:29,55,Yedek parça bekleniyor,Malzeme Bekleme,0
4005197,907707,IE26907707,M00005,DIKDORTGEN KUTU 145-095 MAT LAK 2 PARÇA,2026-05-09 13:33:54,2026-05-09 14:12:30,38.6,,Kalite Duruşu,0
4005198,907708,IE26907708,M00005,DIKDORTGEN KUTU 145-095 MAT LAK 2 PARÇA,2026-05-10 20:45:42,2026-05-10 20:56:00,10.3,Operatör müdahalesi,Mekanik Arıza,0
4005199,907709,IE26907709,M00005,DIKDORTGEN KUTU 145-095 MAT LAK 2 PARÇA,2026-05-11 16:43:56,2026-05-11 17:21:20,37.4,,Ayar / Numune Onayı,0
4005200,907710,IE25907710,M00109,DIKDORTGEN KUTU 145-095 HAM TENEKE 3 PARÇA,2025-12-14 21:22:58,2025-12-14 21:38:52,15.9,Yedek parça bekleniyor,Hidrolik Kaçak,0
4005201,907711,IE25907711,M00109,DIKDORTGEN KUTU 145-095 HAM TENEKE 3 PARÇA,2025-12-15 08:18:43,2025-12-15 08:37:25,18.7,Operatör müdahalesi,Mekanik Arıza,0
4005202,907712,IE25907712,M00109,DIKDORTGEN KUTU 145-095 HAM TENEKE 3 PARÇA,2025-12-16 21:44:02,2025-12-16 23:00:20,76.3,Kalıp söküldü,Kalıp Değişimi,0
4005203,907713,IE25907713,M00109,DIKDORTGEN KUTU 145-095 HAM TENEKE 3 PARÇA,2025-12-17 11:59:13,2025-12-17 12:32:49,33.6,Bakım çağrıldı,Kalıp Değişimi,0
4005204,907714,IE26907714,M00016,YUVARLAK-SIVAMA KUTU Ø068 HAM TENEKE 2 PARÇA,2026-05-23 12:16:40,2026-05-23 12:36:58,20.3,Yedek parça bekleniyor,Mekanik Arıza,0
4005205,907715,IE26907715,M00016,YUVARLAK-SIVAMA KUTU Ø068 HAM TENEKE 2 PARÇA,2026-05-24 11:18:15,2026-05-24 12:11:33,53.3,Yedek parça bekleniyor,Kalıp Değişimi,0
4005206,907718,IE26907718,M00023,YUVARLAK KUTU 078-095 LITOGRAFI 2 PARÇA,2026-05-19 11:05:38,2026-05-19 11:23:14,17.6,Yedek parça bekleniyor,Hidrolik Kaçak,0
4005207,907719,IE26907719,M00023,YUVARLAK KUTU 078-095 LITOGRAFI 2 PARÇA,2026-05-20 15:16:39,2026-05-20 15:56:51,40.2,Kalıp söküldü,Ayar / Numune Onayı,0
4005208,907720,IE26907720,M00023,YUVARLAK KUTU 078-095 LITOGRAFI 2 PARÇA,2026-05-21 23:04:30,2026-05-21 23:27:42,23.2,Operatör müdahalesi,Kalıp Değişimi,0
4005209,907722,IE26907722,M00004,YUVARLAK KUTU 210-255 MAT LAK 3 PARÇA,2026-04-13 17:43:26,2026-04-13 18:07:02,23.6,Operatör müdahalesi,Kalıp Değişimi,0
4005210,907724,IE26907724,M00004,YUVARLAK KUTU 210-255 MAT LAK 3 PARÇA,2026-04-15 10:19:24,2026-04-15 10:53:42,34.3,Operatör müdahalesi,Kalıp Değişimi,0
4005211,907725,IE26907725,M00042,SEKIZGEN KUTU 135-145 LITOGRAFI 3 PARÇA,2026-06-24 18:22:29,2026-06-24 19:13:11,50.7,Bakım çağrıldı,Planlı Bakım,0
4005212,907726,IE26907726,M00042,SEKIZGEN KUTU 135-145 LITOGRAFI 3 PARÇA,2026-06-25 11:44:20,2026-06-25 13:00:08,75.8,,Mekanik Arıza,0
4005213,907729,IE25907729,M00014,YUVARLAK KUTU 120-105 HAM TENEKE 2 PARÇA,2025-11-16 12:57:06,2025-11-16 14:02:36,65.5,,Personel Yetersizliği,0
4005214,907730,IE25907730,M00014,YUVARLAK KUTU 120-105 HAM TENEKE 2 PARÇA,2025-11-17 21:14:51,2025-11-17 21:29:21,14.5,,Ayar / Numune Onayı,0
4005215,907731,IE25907731,M00014,YUVARLAK KUTU 120-105 HAM TENEKE 2 PARÇA,2025-11-18 19:29:37,2025-11-18 19:53:25,23.8,,Kalıp Değişimi,0
4005216,907732,IE25907732,M00014,YUVARLAK KUTU 120-105 HAM TENEKE 2 PARÇA,2025-11-19 16:51:15,2025-11-19 18:02:27,71.2,,Kalıp Değişimi,0
4005217,907738,IE26907738,M00022,SEKIZGEN KUTU 135-145 VERNIKLI 2 PARÇA,2026-07-08 09:27:33,2026-07-08 10:10:33,43,Operatör müdahalesi,Mekanik Arıza,0
4005218,907740,IE26907740,M00008,YUVARLAK KUTU 210-255 HAM TENEKE 3 PARÇA,2026-06-19 17:23:24,2026-06-19 17:41:48,18.4,Kalıp söküldü,Kalıp Değişimi,0
4005219,907741,IE26907741,M00008,YUVARLAK KUTU 210-255 HAM TENEKE 3 PARÇA,2026-06-20 12:44:05,2026-06-20 13:11:29,27.4,Yedek parça bekleniyor,Kalıp Değişimi,0
4005220,907742,IE26907742,M00008,YUVARLAK KUTU 210-255 HAM TENEKE 3 PARÇA,2026-06-21 14:57:27,2026-06-21 15:46:57,49.5,Yedek parça bekleniyor,Enerji Kesintisi,0
4005221,907743,IE25907743,M00012,YUVARLAK KUTU 205-050 LITOGRAFI 2 PARÇA,2025-07-25 20:20:13,2025-07-25 21:06:55,46.7,,Ayar / Numune Onayı,0
4005222,907744,IE25907744,M00012,YUVARLAK KUTU 205-050 LITOGRAFI 2 PARÇA,2025-07-26 22:03:40,2025-07-26 22:25:10,21.5,Bakım çağrıldı,Kalıp Değişimi,0
4005223,907745,IE25907745,M00012,YUVARLAK KUTU 205-050 LITOGRAFI 2 PARÇA,2025-07-27 18:28:58,2025-07-27 19:18:04,49.1,Kalıp söküldü,Kalıp Değişimi,0
4005224,907747,IE26907747,M00002,TEPSI 325-125 MAT LAK 3 PARÇA,2026-05-12 16:59:32,2026-05-12 17:09:38,10.1,Bakım çağrıldı,Kalıp Değişimi,0
4005225,907749,IE26907749,M00003,YUVARLAK KUTU 120-105 HAM TENEKE 2 PARÇA,2026-04-08 09:20:53,2026-04-08 10:10:23,49.5,Operatör müdahalesi,Elektrik Arızası,0
4005226,907751,IE26907751,M00003,YUVARLAK KUTU 120-105 HAM TENEKE 2 PARÇA,2026-04-10 11:16:40,2026-04-10 11:22:58,6.3,Yedek parça bekleniyor,Kalıp Değişimi,0
4005227,907754,IE26907754,M00030,YUVARLAK KUTU Ø148 MAT LAK 2 PARÇA,2026-03-16 16:01:48,2026-03-16 16:40:36,38.8,,Ayar / Numune Onayı,0
4005228,907755,IE26907755,M00030,YUVARLAK KUTU Ø148 MAT LAK 2 PARÇA,2026-03-17 10:59:35,2026-03-17 11:29:53,30.3,Operatör müdahalesi,Malzeme Bekleme,0
4005229,907759,IE26907759,M00001,KAPAK 090-065 HAM TENEKE 2 PARÇA,2026-07-20 19:33:07,2026-07-20 19:57:01,23.9,Bakım çağrıldı,Kalıp Değişimi,0
4005230,907760,IE26907760,M00001,KAPAK 090-065 HAM TENEKE 2 PARÇA,2026-07-21 20:23:15,2026-07-21 21:03:39,40.4,,Kalıp Değişimi,0
4005231,907761,IE26907761,M00001,KAPAK 090-065 HAM TENEKE 2 PARÇA,2026-07-22 08:30:22,2026-07-22 09:07:22,37,Bakım çağrıldı,Elektrik Arızası,0
4005232,907762,IE26907762,M00001,KAPAK 090-065 HAM TENEKE 2 PARÇA,2026-07-23 09:22:15,2026-07-23 09:42:51,20.6,Yedek parça bekleniyor,Sac Sıkışması,0
4005233,907764,IE25907764,M00019,OVAL KUTU 295-165 VERNIKLI 2 PARÇA,2025-07-19 11:48:49,2025-07-19 12:44:13,55.4,,Ayar / Numune Onayı,0
4005234,907765,IE25907765,M00019,OVAL KUTU 295-165 VERNIKLI 2 PARÇA,2025-07-20 15:02:29,2025-07-20 15:34:11,31.7,Operatör müdahalesi,Mekanik Arıza,0
4005235,907768,IE26907768,M00003,YUVARLAK KUTU 120-105 HAM TENEKE 2 PARÇA,2026-07-14 18:22:34,2026-07-14 18:57:22,34.8,Yedek parça bekleniyor,Mekanik Arıza,0
4005236,907770,IE26907770,M00001,KAPAK 090-065 HAM TENEKE 2 PARÇA,2026-03-22 07:44:58,2026-03-22 08:28:40,43.7,Bakım çağrıldı,Vardiya Devri,0
4005237,907771,IE26907771,M00001,KAPAK 090-065 HAM TENEKE 2 PARÇA,2026-03-23 13:19:47,2026-03-23 14:04:23,44.6,Bakım çağrıldı,Enerji Kesintisi,0
4005238,907772,IE26907772,M00001,KAPAK 090-065 HAM TENEKE 2 PARÇA,2026-03-24 20:09:08,2026-03-24 20:32:08,23,Kalıp söküldü,Kalite Duruşu,0
4005239,907773,IE26907773,M00001,KAPAK 090-065 HAM TENEKE 2 PARÇA,2026-03-25 20:28:22,2026-03-25 21:05:52,37.5,Yedek parça bekleniyor,Mekanik Arıza,0
4005240,907774,IE26907774,M00215,KALP KUTU 160-090 MAT LAK 3 PARÇA,2026-05-26 17:24:12,2026-05-26 18:12:30,48.3,,Planlı Bakım,0
4005241,907775,IE26907775,M00215,KALP KUTU 160-090 MAT LAK 3 PARÇA,2026-05-27 19:36:07,2026-05-27 20:38:25,62.3,Kalıp söküldü,Elektrik Arızası,0
4005242,907776,IE26907776,M00215,KALP KUTU 160-090 MAT LAK 3 PARÇA,2026-05-28 16:41:14,2026-05-28 17:18:08,36.9,,Mekanik Arıza,0
4005243,907777,IE26907777,M00215,KALP KUTU 160-090 MAT LAK 3 PARÇA,2026-05-29 19:03:44,2026-05-29 19:19:50,16.1,Yedek parça bekleniyor,Mekanik Arıza,0
4005244,907778,IE25907778,M00180,YUVARLAK KUTU 078-095 VERNIKLI 3 PARÇA,2025-07-01 16:26:24,2025-07-01 17:17:30,51.1,Yedek parça bekleniyor,Sac Sıkışması,0
4005245,907780,IE25907780,M00180,YUVARLAK KUTU 078-095 VERNIKLI 3 PARÇA,2025-07-03 11:55:14,2025-07-03 13:09:50,74.6,Yedek parça bekleniyor,Ayar / Numune Onayı,0
4005246,907781,IE25907781,M00180,YUVARLAK KUTU 078-095 VERNIKLI 3 PARÇA,2025-07-04 13:08:21,2025-07-04 13:33:27,25.1,Operatör müdahalesi,Kalite Duruşu,0
4005247,907784,IE26907784,M00009,YUVARLAK KUTU 245-175 VERNIKLI 3 PARÇA,2026-03-26 16:13:04,2026-03-26 17:15:40,62.6,Operatör müdahalesi,Ayar / Numune Onayı,0
4005248,907785,IE26907785,M00289,KALP KUTU 160-090 VERNIKLI 3 PARÇA,2026-01-14 13:10:13,2026-01-14 13:28:25,18.2,Bakım çağrıldı,Mekanik Arıza,0
4005249,907788,IE26907788,M00001,KAPAK 090-065 HAM TENEKE 2 PARÇA,2026-04-08 09:45:30,2026-04-08 09:55:36,10.1,Operatör müdahalesi,Enerji Kesintisi,0
4005250,907789,IE26907789,M00001,KAPAK 090-065 HAM TENEKE 2 PARÇA,2026-04-09 21:38:28,2026-04-09 21:46:40,8.2,Operatör müdahalesi,Kalıp Değişimi,0
4005251,907791,IE26907791,M00010,YUVARLAK KUTU 255-205 MAT LAK 3 PARÇA,2026-02-15 10:03:55,2026-02-15 10:29:07,25.2,Operatör müdahalesi,Vardiya Devri,0
4005252,907793,IE26907793,M00010,YUVARLAK KUTU 255-205 MAT LAK 3 PARÇA,2026-02-17 20:52:18,2026-02-17 21:34:24,42.1,Yedek parça bekleniyor,Vardiya Devri,0
4005253,907794,IE26907794,M00094,YUVARLAK KUTU 135-145 MAT LAK 3 PARÇA,2026-03-27 13:03:26,2026-03-27 13:37:32,34.1,,Ayar / Numune Onayı,0
4005254,907795,IE26907795,M00094,YUVARLAK KUTU 135-145 MAT LAK 3 PARÇA,2026-03-28 17:01:15,2026-03-28 17:18:39,17.4,,Malzeme Bekleme,0
4005255,907801,IE25907801,M00199,DIKDORTGEN KUTU 145-095 VERNIKLI 2 PARÇA,2025-12-02 22:56:20,2025-12-02 23:20:02,23.7,Kalıp söküldü,Kalıp Değişimi,0
4005256,907803,IE25907803,M00199,DIKDORTGEN KUTU 145-095 VERNIKLI 2 PARÇA,2025-12-04 17:36:40,2025-12-04 18:43:10,66.5,Bakım çağrıldı,Vardiya Devri,0
4005257,907805,IE25907805,M00131,YUVARLAK-SIVAMA KUTU Ø068 LITOGRAFI 3 PARÇA,2025-12-31 21:22:12,2025-12-31 22:00:06,37.9,,Mekanik Arıza,0
4005258,907808,IE26907808,M00002,TEPSI 325-125 MAT LAK 3 PARÇA,2026-04-04 20:44:05,2026-04-04 21:28:05,44,,Kalite Duruşu,0
4005259,907809,IE26907809,M00002,TEPSI 325-125 MAT LAK 3 PARÇA,2026-04-05 16:26:55,2026-04-05 16:57:43,30.8,Operatör müdahalesi,Hidrolik Kaçak,0
4005260,907811,IE25907811,M00001,KAPAK 090-065 HAM TENEKE 2 PARÇA,2025-10-10 17:36:16,2025-10-10 18:29:10,52.9,Yedek parça bekleniyor,Kalıp Değişimi,0
4005261,907812,IE25907812,M00001,KAPAK 090-065 HAM TENEKE 2 PARÇA,2025-10-11 10:52:03,2025-10-11 12:28:39,96.6,Kalıp söküldü,Mekanik Arıza,0
4005262,907813,IE25907813,M00001,KAPAK 090-065 HAM TENEKE 2 PARÇA,2025-10-12 11:52:08,2025-10-12 12:00:56,8.8,Bakım çağrıldı,Mekanik Arıza,0
4005263,907815,IE25907815,M00006,SEKILLI KUTU 175-205 HAM TENEKE 3 PARÇA,2025-11-29 07:48:47,2025-11-29 08:05:53,17.1,,Sac Sıkışması,0
4005264,907816,IE25907816,M00006,SEKILLI KUTU 175-205 HAM TENEKE 3 PARÇA,2025-11-30 09:21:00,2025-11-30 10:06:18,45.3,Yedek parça bekleniyor,Ayar / Numune Onayı,0
4005265,907819,IE25907819,M00001,KAPAK 090-065 HAM TENEKE 2 PARÇA,2025-07-18 10:40:42,2025-07-18 10:46:12,5.5,Operatör müdahalesi,Ayar / Numune Onayı,0
4005266,907820,IE25907820,M00001,KAPAK 090-065 HAM TENEKE 2 PARÇA,2025-07-19 11:11:11,2025-07-19 12:19:23,68.2,Operatör müdahalesi,Kalıp Değişimi,0
4005267,907821,IE26907821,M00014,YUVARLAK KUTU 120-105 HAM TENEKE 2 PARÇA,2026-06-20 14:39:17,2026-06-20 15:14:11,34.9,Operatör müdahalesi,Kalıp Değişimi,0
4005268,907822,IE26907822,M00014,YUVARLAK KUTU 120-105 HAM TENEKE 2 PARÇA,2026-06-21 13:22:23,2026-06-21 14:01:41,39.3,Operatör müdahalesi,Kalite Duruşu,0
4005269,907823,IE26907823,M00014,YUVARLAK KUTU 120-105 HAM TENEKE 2 PARÇA,2026-06-22 09:20:29,2026-06-22 10:24:47,64.3,Operatör müdahalesi,Mekanik Arıza,0
4005270,907824,IE26907824,M00014,YUVARLAK KUTU 120-105 HAM TENEKE 2 PARÇA,2026-06-23 08:47:31,2026-06-23 09:28:37,41.1,Kalıp söküldü,Kalıp Değişimi,0
4005271,907825,IE26907825,M00001,KAPAK 090-065 HAM TENEKE 2 PARÇA,2026-06-13 13:04:33,2026-06-13 13:31:03,26.5,Bakım çağrıldı,Kalıp Değişimi,0
4005272,907827,IE26907827,M00001,KAPAK 090-065 HAM TENEKE 2 PARÇA,2026-06-15 11:58:40,2026-06-15 12:48:16,49.6,Yedek parça bekleniyor,Enerji Kesintisi,0
4005273,907828,IE26907828,M00001,KAPAK 090-065 HAM TENEKE 2 PARÇA,2026-06-16 09:32:01,2026-06-16 10:34:37,62.6,Operatör müdahalesi,Kalıp Değişimi,0
4005274,907829,IE26907829,M00019,OVAL KUTU 295-165 VERNIKLI 2 PARÇA,2026-04-25 15:04:49,2026-04-25 15:27:37,22.8,,Hidrolik Kaçak,0
4005275,907830,IE26907830,M00019,OVAL KUTU 295-165 VERNIKLI 2 PARÇA,2026-04-26 11:03:01,2026-04-26 11:26:37,23.6,Bakım çağrıldı,Kalıp Değişimi,0
4005276,907831,IE26907831,M00019,OVAL KUTU 295-165 VERNIKLI 2 PARÇA,2026-04-27 12:40:57,2026-04-27 13:10:45,29.8,,Kalıp Değişimi,0
4005277,907832,IE26907832,M00002,TEPSI 325-125 MAT LAK 3 PARÇA,2026-05-19 12:37:15,2026-05-19 13:01:33,24.3,Operatör müdahalesi,Mekanik Arıza,0
4005278,907833,IE26907833,M00002,TEPSI 325-125 MAT LAK 3 PARÇA,2026-05-20 11:09:53,2026-05-20 12:17:35,67.7,Yedek parça bekleniyor,Ayar / Numune Onayı,0
4005279,907834,IE26907834,M00002,TEPSI 325-125 MAT LAK 3 PARÇA,2026-05-21 16:59:50,2026-05-21 17:50:50,51,,Mekanik Arıza,0
4005280,907836,IE25907836,M00078,YUVARLAK KUTU 255-205 MAT LAK 2 PARÇA,2025-06-28 18:18:52,2025-06-28 18:27:16,8.4,Bakım çağrıldı,Kalıp Değişimi,0
4005281,907837,IE25907837,M00078,YUVARLAK KUTU 255-205 MAT LAK 2 PARÇA,2025-06-29 20:29:30,2025-06-29 21:16:48,47.3,Kalıp söküldü,Kalıp Değişimi,0
4005282,907839,IE25907839,M00008,YUVARLAK KUTU 210-255 HAM TENEKE 3 PARÇA,2025-10-22 11:44:26,2025-10-22 12:47:02,62.6,Yedek parça bekleniyor,Kalıp Değişimi,0
4005283,907840,IE25907840,M00008,YUVARLAK KUTU 210-255 HAM TENEKE 3 PARÇA,2025-10-23 15:20:15,2025-10-23 16:20:03,59.8,Yedek parça bekleniyor,Ayar / Numune Onayı,0
4005284,907841,IE25907841,M00008,YUVARLAK KUTU 210-255 HAM TENEKE 3 PARÇA,2025-10-24 11:17:40,2025-10-24 11:50:34,32.9,Bakım çağrıldı,Sac Sıkışması,0
4005285,907842,IE26907842,M00010,YUVARLAK KUTU 255-205 MAT LAK 3 PARÇA,2026-04-11 22:00:46,2026-04-11 22:54:46,54,,Ayar / Numune Onayı,0
4005286,907843,IE26907843,M00010,YUVARLAK KUTU 255-205 MAT LAK 3 PARÇA,2026-04-12 17:24:47,2026-04-12 18:25:47,61,Operatör müdahalesi,Hidrolik Kaçak,0
4005287,907845,IE26907845,M00007,DIKDORTGEN KUTU 185-115 MAT LAK 2 PARÇA,2026-07-17 20:01:18,2026-07-17 20:23:30,22.2,Kalıp söküldü,Hidrolik Kaçak,0
4005288,907846,IE26907846,M00007,DIKDORTGEN KUTU 185-115 MAT LAK 2 PARÇA,2026-07-18 16:20:11,2026-07-18 16:34:35,14.4,Operatör müdahalesi,Hidrolik Kaçak,0
4005289,907847,IE26907847,M00007,DIKDORTGEN KUTU 185-115 MAT LAK 2 PARÇA,2026-07-19 08:24:50,2026-07-19 08:52:26,27.6,Kalıp söküldü,Kalıp Değişimi,0
4005290,907848,IE26907848,M00007,DIKDORTGEN KUTU 185-115 MAT LAK 2 PARÇA,2026-07-20 08:02:36,2026-07-20 08:12:00,9.4,Kalıp söküldü,Hidrolik Kaçak,0
4005291,907849,IE26907849,M00058,KARE KUTU Ø092 LITOGRAFI 3 PARÇA,2026-05-12 11:41:14,2026-05-12 12:02:02,20.8,Kalıp söküldü,Kalıp Değişimi,0
4005292,907850,IE26907850,M00058,KARE KUTU Ø092 LITOGRAFI 3 PARÇA,2026-05-13 07:32:19,2026-05-13 08:09:25,37.1,Yedek parça bekleniyor,Kalıp Değişimi,0
4005293,907851,IE26907851,M00058,KARE KUTU Ø092 LITOGRAFI 3 PARÇA,2026-05-14 09:21:23,2026-05-14 11:02:29,101.1,Yedek parça bekleniyor,Mekanik Arıza,0
4005294,907852,IE26907852,M00058,KARE KUTU Ø092 LITOGRAFI 3 PARÇA,2026-05-15 21:48:38,2026-05-15 22:52:32,63.9,,Hidrolik Kaçak,0
4005295,907853,IE25907853,M00005,DIKDORTGEN KUTU 145-095 MAT LAK 2 PARÇA,2025-07-17 18:34:02,2025-07-17 19:46:20,72.3,,Enerji Kesintisi,0
4005296,907854,IE25907854,M00005,DIKDORTGEN KUTU 145-095 MAT LAK 2 PARÇA,2025-07-18 15:13:23,2025-07-18 15:20:11,6.8,Yedek parça bekleniyor,Ayar / Numune Onayı,0
4005297,907855,IE25907855,M00005,DIKDORTGEN KUTU 145-095 MAT LAK 2 PARÇA,2025-07-19 18:27:12,2025-07-19 19:09:42,42.5,Operatör müdahalesi,Kalıp Değişimi,0
4005298,907856,IE25907856,M00005,DIKDORTGEN KUTU 145-095 MAT LAK 2 PARÇA,2025-07-20 16:45:24,2025-07-20 16:59:18,13.9,Operatör müdahalesi,Elektrik Arızası,0
4005299,907857,IE26907857,M00006,SEKILLI KUTU 175-205 HAM TENEKE 3 PARÇA,2026-01-25 20:52:29,2026-01-25 21:46:53,54.4,Kalıp söküldü,Sac Sıkışması,0
4005300,907858,IE26907858,M00006,SEKILLI KUTU 175-205 HAM TENEKE 3 PARÇA,2026-01-26 10:39:31,2026-01-26 10:46:07,6.6,Kalıp söküldü,Planlı Bakım,0
4005301,907859,IE26907859,M00006,SEKILLI KUTU 175-205 HAM TENEKE 3 PARÇA,2026-01-27 11:49:35,2026-01-27 12:15:53,26.3,Operatör müdahalesi,Kalite Duruşu,0
4005302,907860,IE26907860,M00002,TEPSI 325-125 MAT LAK 3 PARÇA,2026-04-25 17:37:19,2026-04-25 18:33:07,55.8,Operatör müdahalesi,Kalıp Değişimi,0
4005303,907861,IE26907861,M00002,TEPSI 325-125 MAT LAK 3 PARÇA,2026-04-26 17:01:33,2026-04-26 18:02:27,60.9,Kalıp söküldü,Kalite Duruşu,0
4005304,907862,IE26907862,M00002,TEPSI 325-125 MAT LAK 3 PARÇA,2026-04-27 20:56:54,2026-04-27 21:21:06,24.2,Operatör müdahalesi,Ayar / Numune Onayı,0
4005305,907865,IE26907865,M00001,KAPAK 090-065 HAM TENEKE 2 PARÇA,2026-02-15 09:08:46,2026-02-15 09:58:16,49.5,Bakım çağrıldı,Malzeme Bekleme,0
4005306,907867,IE26907867,M00063,ALTIGEN KUTU 125-085 HAM TENEKE 3 PARÇA,2026-07-20 16:29:57,2026-07-20 16:49:39,19.7,Bakım çağrıldı,Kalıp Değişimi,0
4005307,907868,IE26907868,M00063,ALTIGEN KUTU 125-085 HAM TENEKE 3 PARÇA,2026-07-21 13:43:51,2026-07-21 14:10:03,26.2,Yedek parça bekleniyor,Kalıp Değişimi,0
4005308,907869,IE26907869,M00063,ALTIGEN KUTU 125-085 HAM TENEKE 3 PARÇA,2026-07-22 17:02:03,2026-07-22 17:36:03,34,Yedek parça bekleniyor,Malzeme Bekleme,0
4005309,907872,IE25907872,M00053,SEKILLI KUTU 175-205 MAT LAK 3 PARÇA,2025-07-11 17:11:25,2025-07-11 18:21:19,69.9,,Kalıp Değişimi,0
4005310,907873,IE25907873,M00053,SEKILLI KUTU 175-205 MAT LAK 3 PARÇA,2025-07-12 06:52:18,2025-07-12 08:57:42,125.4,Yedek parça bekleniyor,Kalıp Değişimi,0
4005311,907874,IE25907874,M00053,SEKILLI KUTU 175-205 MAT LAK 3 PARÇA,2025-07-13 19:52:25,2025-07-13 20:52:55,60.5,Yedek parça bekleniyor,Planlı Bakım,0
4005312,907875,IE26907875,M00033,YUVARLAK KUTU Ø092 MAT LAK 3 PARÇA,2026-03-11 17:52:30,2026-03-11 18:25:06,32.6,Yedek parça bekleniyor,Mekanik Arıza,0
4005313,907877,IE26907877,M00033,YUVARLAK KUTU Ø092 MAT LAK 3 PARÇA,2026-03-13 13:40:25,2026-03-13 14:40:01,59.6,Kalıp söküldü,Sac Sıkışması,0
4005314,907878,IE26907878,M00033,YUVARLAK KUTU Ø092 MAT LAK 3 PARÇA,2026-03-14 12:52:28,2026-03-14 13:02:40,10.2,Yedek parça bekleniyor,Kalıp Değişimi,0
4005315,907880,IE25907880,M00015,YUVARLAK KUTU Ø092 MAT LAK 2 PARÇA,2025-08-06 22:35:09,2025-08-06 22:55:51,20.7,Kalıp söküldü,Malzeme Bekleme,0
4005316,907881,IE25907881,M00015,YUVARLAK KUTU Ø092 MAT LAK 2 PARÇA,2025-08-07 18:46:31,2025-08-07 19:27:01,40.5,,Malzeme Bekleme,0
4005317,907882,IE25907882,M00015,YUVARLAK KUTU Ø092 MAT LAK 2 PARÇA,2025-08-08 10:03:23,2025-08-08 10:30:17,26.9,Operatör müdahalesi,Ayar / Numune Onayı,0
4005318,907883,IE25907883,M00002,TEPSI 325-125 MAT LAK 3 PARÇA,2025-07-17 10:48:26,2025-07-17 10:55:14,6.8,Yedek parça bekleniyor,Ayar / Numune Onayı,0
4005319,907884,IE25907884,M00002,TEPSI 325-125 MAT LAK 3 PARÇA,2025-07-18 11:12:44,2025-07-18 11:22:14,9.5,Bakım çağrıldı,Vardiya Devri,0
4005320,907885,IE25907885,M00002,TEPSI 325-125 MAT LAK 3 PARÇA,2025-07-19 20:51:25,2025-07-19 22:02:31,71.1,Bakım çağrıldı,Kalıp Değişimi,0
4005321,907886,IE25907886,M00002,TEPSI 325-125 MAT LAK 3 PARÇA,2025-10-13 21:53:25,2025-10-13 22:18:07,24.7,,Kalıp Değişimi,0
4005322,907887,IE25907887,M00002,TEPSI 325-125 MAT LAK 3 PARÇA,2025-10-14 21:25:48,2025-10-14 22:05:30,39.7,Yedek parça bekleniyor,Vardiya Devri,0
4005323,907890,IE25907890,M00006,SEKILLI KUTU 175-205 HAM TENEKE 3 PARÇA,2025-10-09 17:06:55,2025-10-09 17:18:07,11.2,Bakım çağrıldı,Mekanik Arıza,0
4005324,907891,IE25907891,M00006,SEKILLI KUTU 175-205 HAM TENEKE 3 PARÇA,2025-10-10 08:49:42,2025-10-10 09:26:00,36.3,Yedek parça bekleniyor,Planlı Bakım,0
4005325,907894,IE26907894,M00002,TEPSI 325-125 MAT LAK 3 PARÇA,2026-05-19 17:03:07,2026-05-19 18:23:37,80.5,Operatör müdahalesi,Sac Sıkışması,0
4005326,907896,IE26907896,M00151,DIKDORTGEN KUTU 185-115 VERNIKLI 3 PARÇA,2026-03-17 20:54:20,2026-03-17 21:01:56,7.6,Yedek parça bekleniyor,Sac Sıkışması,0
4005327,907898,IE26907898,M00151,DIKDORTGEN KUTU 185-115 VERNIKLI 3 PARÇA,2026-03-19 08:06:16,2026-03-19 08:51:52,45.6,Yedek parça bekleniyor,Mekanik Arıza,0
4005328,907899,IE25907899,M00005,DIKDORTGEN KUTU 145-095 MAT LAK 2 PARÇA,2025-10-08 18:55:18,2025-10-08 19:33:00,37.7,Yedek parça bekleniyor,Vardiya Devri,0
4005329,907900,IE25907900,M00005,DIKDORTGEN KUTU 145-095 MAT LAK 2 PARÇA,2025-10-09 15:38:56,2025-10-09 16:19:50,40.9,Bakım çağrıldı,Sac Sıkışması,0
4005330,907901,IE25907901,M00005,DIKDORTGEN KUTU 145-095 MAT LAK 2 PARÇA,2025-10-10 19:09:12,2025-10-10 20:11:54,62.7,,Sac Sıkışması,0
4005331,907903,IE26907903,M00001,KAPAK 090-065 HAM TENEKE 2 PARÇA,2026-03-06 08:19:25,2026-03-06 08:57:55,38.5,Operatör müdahalesi,Personel Yetersizliği,0
4005332,907905,IE26907905,M00001,KAPAK 090-065 HAM TENEKE 2 PARÇA,2026-03-08 11:14:38,2026-03-08 12:23:08,68.5,,Kalıp Değişimi,0
4005333,907906,IE25907906,M00029,YUVARLAK-SIVAMA KUTU Ø068 HAM TENEKE 2 PARÇA,2025-07-13 08:15:34,2025-07-13 09:24:04,68.5,Yedek parça bekleniyor,Kalite Duruşu,0
4005334,907907,IE25907907,M00029,YUVARLAK-SIVAMA KUTU Ø068 HAM TENEKE 2 PARÇA,2025-07-14 12:03:21,2025-07-14 12:16:15,12.9,Bakım çağrıldı,Kalıp Değişimi,0
4005335,907908,IE25907908,M00029,YUVARLAK-SIVAMA KUTU Ø068 HAM TENEKE 2 PARÇA,2025-07-15 19:44:30,2025-07-15 20:21:00,36.5,,Kalıp Değişimi,0
4005336,907910,IE25907910,M00021,KAPAK 090-065 MAT LAK 3 PARÇA,2025-07-22 14:50:02,2025-07-22 14:57:50,7.8,Yedek parça bekleniyor,Ayar / Numune Onayı,0
4005337,907911,IE25907911,M00021,KAPAK 090-065 MAT LAK 3 PARÇA,2025-07-23 19:32:26,2025-07-23 19:49:20,16.9,Kalıp söküldü,Ayar / Numune Onayı,0
4005338,907912,IE25907912,M00021,KAPAK 090-065 MAT LAK 3 PARÇA,2025-07-24 14:18:26,2025-07-24 14:56:08,37.7,Bakım çağrıldı,Hidrolik Kaçak,0
4005339,907913,IE25907913,M00021,KAPAK 090-065 MAT LAK 3 PARÇA,2025-07-25 22:25:48,2025-07-25 23:01:12,35.4,Operatör müdahalesi,Mekanik Arıza,0
4005340,907915,IE25907915,M00180,YUVARLAK KUTU 078-095 VERNIKLI 3 PARÇA,2025-07-20 13:11:44,2025-07-20 13:51:20,39.6,Yedek parça bekleniyor,Malzeme Bekleme,0
4005341,907917,IE26907917,M00001,KAPAK 090-065 HAM TENEKE 2 PARÇA,2026-07-26 09:48:22,2026-07-26 11:08:04,79.7,Bakım çağrıldı,Planlı Bakım,0
4005342,907918,IE26907918,M00001,KAPAK 090-065 HAM TENEKE 2 PARÇA,2026-07-27 17:08:39,2026-07-27 18:38:51,90.2,Bakım çağrıldı,Sac Sıkışması,0
4005343,907919,IE26907919,M00001,KAPAK 090-065 HAM TENEKE 2 PARÇA,2026-07-28 13:23:29,2026-07-28 14:42:59,79.5,Kalıp söküldü,Ayar / Numune Onayı,0
4005344,907921,IE26907921,M00002,TEPSI 325-125 MAT LAK 3 PARÇA,2026-02-09 20:55:55,2026-02-09 21:47:49,51.9,Kalıp söküldü,Mekanik Arıza,0
4005345,907922,IE26907922,M00002,TEPSI 325-125 MAT LAK 3 PARÇA,2026-02-10 15:12:00,2026-02-10 15:48:18,36.3,,Sac Sıkışması,0
4005346,907925,IE25907925,M00096,KARE KUTU 225-165 MAT LAK 2 PARÇA,2025-11-10 14:18:33,2025-11-10 15:27:03,68.5,,Elektrik Arızası,0
4005347,907927,IE26907927,M00201,YUVARLAK KUTU Ø050 LITOGRAFI 3 PARÇA,2026-03-25 09:12:33,2026-03-25 09:33:33,21,Bakım çağrıldı,Ayar / Numune Onayı,0
4005348,907929,IE26907929,M00201,YUVARLAK KUTU Ø050 LITOGRAFI 3 PARÇA,2026-03-27 11:07:25,2026-03-27 11:36:43,29.3,Operatör müdahalesi,Kalite Duruşu,0
4005349,907931,IE26907931,M00103,DIKDORTGEN KUTU 185-115 VERNIKLI 2 PARÇA,2026-07-26 21:00:20,2026-07-26 21:36:08,35.8,Operatör müdahalesi,Kalıp Değişimi,0
4005350,907933,IE26907933,M00103,DIKDORTGEN KUTU 185-115 VERNIKLI 2 PARÇA,2026-07-28 15:59:28,2026-07-28 16:36:10,36.7,,Hidrolik Kaçak,0
4005351,907934,IE26907934,M00007,DIKDORTGEN KUTU 185-115 MAT LAK 2 PARÇA,2026-07-11 16:50:18,2026-07-11 18:27:48,97.5,Yedek parça bekleniyor,Elektrik Arızası,0
4005352,907936,IE26907936,M00007,DIKDORTGEN KUTU 185-115 MAT LAK 2 PARÇA,2026-07-13 18:32:24,2026-07-13 19:04:48,32.4,Kalıp söküldü,Sac Sıkışması,0
4005353,907938,IE25907938,M00007,DIKDORTGEN KUTU 185-115 MAT LAK 2 PARÇA,2025-09-18 10:55:14,2025-09-18 11:14:20,19.1,Bakım çağrıldı,Kalıp Değişimi,0
4005354,907941,IE25907941,M00132,TEPSI 325-125 LITOGRAFI 2 PARÇA,2025-07-07 13:59:56,2025-07-07 14:30:14,30.3,,Ayar / Numune Onayı,0
4005355,907942,IE25907942,M00132,TEPSI 325-125 LITOGRAFI 2 PARÇA,2025-07-08 15:34:17,2025-07-08 16:01:59,27.7,,Kalıp Değişimi,0
4005356,907944,IE26907944,M00223,YUVARLAK KUTU 255-205 LITOGRAFI 2 PARÇA,2026-07-18 09:53:15,2026-07-18 10:23:33,30.3,Bakım çağrıldı,Kalıp Değişimi,0
4005357,907945,IE26907945,M00223,YUVARLAK KUTU 255-205 LITOGRAFI 2 PARÇA,2026-07-19 07:32:04,2026-07-19 08:05:10,33.1,Bakım çağrıldı,Kalıp Değişimi,0
4005358,907947,IE26907947,M00223,YUVARLAK KUTU 255-205 LITOGRAFI 2 PARÇA,2026-07-21 19:25:21,2026-07-21 19:33:03,7.7,Bakım çağrıldı,Elektrik Arızası,0
4005359,907948,IE25907948,M00008,YUVARLAK KUTU 210-255 HAM TENEKE 3 PARÇA,2025-07-11 09:51:09,2025-07-11 10:48:51,57.7,Kalıp söküldü,Personel Yetersizliği,0
4005360,907949,IE25907949,M00008,YUVARLAK KUTU 210-255 HAM TENEKE 3 PARÇA,2025-07-12 17:01:27,2025-07-12 18:21:51,80.4,Operatör müdahalesi,Malzeme Bekleme,0
4005361,907950,IE25907950,M00008,YUVARLAK KUTU 210-255 HAM TENEKE 3 PARÇA,2025-07-13 16:08:56,2025-07-13 16:46:20,37.4,Yedek parça bekleniyor,Kalıp Değişimi,0
4005362,907953,IE25907953,M00059,YUVARLAK KUTU Ø148 HAM TENEKE 2 PARÇA,2025-07-23 17:01:42,2025-07-23 18:34:18,92.6,Bakım çağrıldı,Kalıp Değişimi,0
4005363,907954,IE25907954,M00059,YUVARLAK KUTU Ø148 HAM TENEKE 2 PARÇA,2025-07-24 14:38:56,2025-07-24 14:57:20,18.4,,Elektrik Arızası,0
4005364,907955,IE26907955,M00001,KAPAK 090-065 HAM TENEKE 2 PARÇA,2026-07-21 08:41:27,2026-07-21 08:47:33,6.1,Operatör müdahalesi,Vardiya Devri,0
4005365,907956,IE26907956,M00001,KAPAK 090-065 HAM TENEKE 2 PARÇA,2026-07-22 14:38:48,2026-07-22 15:15:06,36.3,Operatör müdahalesi,Kalıp Değişimi,0
4005366,907958,IE26907958,M00014,YUVARLAK KUTU 120-105 HAM TENEKE 2 PARÇA,2026-03-26 16:13:04,2026-03-26 17:08:34,55.5,,Mekanik Arıza,0
4005367,907960,IE26907960,M00014,YUVARLAK KUTU 120-105 HAM TENEKE 2 PARÇA,2026-03-28 08:23:25,2026-03-28 09:08:19,44.9,Yedek parça bekleniyor,Ayar / Numune Onayı,0
4005368,907961,IE26907961,M00272,YUVARLAK KUTU 078-095 VERNIKLI 2 PARÇA,2026-06-19 15:24:17,2026-06-19 15:53:23,29.1,,Mekanik Arıza,0
4005369,907962,IE26907962,M00272,YUVARLAK KUTU 078-095 VERNIKLI 2 PARÇA,2026-06-20 18:10:11,2026-06-20 18:15:23,5.2,Bakım çağrıldı,Enerji Kesintisi,0
4005370,907964,IE26907964,M00272,YUVARLAK KUTU 078-095 VERNIKLI 2 PARÇA,2026-06-22 11:56:04,2026-06-22 12:20:46,24.7,Yedek parça bekleniyor,Mekanik Arıza,0
4005371,907966,IE25907966,M00001,KAPAK 090-065 HAM TENEKE 2 PARÇA,2025-07-22 16:51:54,2025-07-22 17:20:24,28.5,,Elektrik Arızası,0
4005372,907967,IE25907967,M00001,KAPAK 090-065 HAM TENEKE 2 PARÇA,2025-07-23 19:28:05,2025-07-23 20:22:17,54.2,Bakım çağrıldı,Planlı Bakım,0
4005373,907970,IE25907970,M00134,KOSELI SIVAMA KUTU 210-080 MAT LAK 3 PARÇA,2025-07-01 11:36:12,2025-07-01 12:10:54,34.7,Yedek parça bekleniyor,Elektrik Arızası,0
4005374,907971,IE25907971,M00134,KOSELI SIVAMA KUTU 210-080 MAT LAK 3 PARÇA,2025-07-02 19:27:12,2025-07-02 20:47:12,80,Yedek parça bekleniyor,Kalıp Değişimi,0
4005375,907972,IE26907972,M00009,YUVARLAK KUTU 245-175 VERNIKLI 3 PARÇA,2026-04-18 09:01:58,2026-04-18 10:13:04,71.1,,Elektrik Arızası,0
4005376,907973,IE26907973,M00009,YUVARLAK KUTU 245-175 VERNIKLI 3 PARÇA,2026-04-19 08:06:16,2026-04-19 09:04:46,58.5,Operatör müdahalesi,Personel Yetersizliği,0
4005377,907974,IE26907974,M00009,YUVARLAK KUTU 245-175 VERNIKLI 3 PARÇA,2026-04-20 15:26:50,2026-04-20 15:55:50,29,,Kalıp Değişimi,0
4005378,907975,IE26907975,M00009,YUVARLAK KUTU 245-175 VERNIKLI 3 PARÇA,2026-04-21 08:02:30,2026-04-21 08:11:54,9.4,Yedek parça bekleniyor,Mekanik Arıza,0
4005379,907976,IE25907976,M00001,KAPAK 090-065 HAM TENEKE 2 PARÇA,2025-07-13 20:37:01,2025-07-13 20:45:25,8.4,Yedek parça bekleniyor,Malzeme Bekleme,0
4005380,907977,IE25907977,M00001,KAPAK 090-065 HAM TENEKE 2 PARÇA,2025-07-14 16:22:40,2025-07-14 16:29:58,7.3,,Planlı Bakım,0
4005381,907978,IE25907978,M00001,KAPAK 090-065 HAM TENEKE 2 PARÇA,2025-07-15 22:36:14,2025-07-15 23:40:14,64,,Kalıp Değişimi,0
4005382,907980,IE26907980,M00006,SEKILLI KUTU 175-205 HAM TENEKE 3 PARÇA,2026-06-22 09:37:13,2026-06-22 11:12:19,95.1,Bakım çağrıldı,Sac Sıkışması,0
4005383,907981,IE26907981,M00006,SEKILLI KUTU 175-205 HAM TENEKE 3 PARÇA,2026-06-23 19:46:17,2026-06-23 20:10:11,23.9,Operatör müdahalesi,Enerji Kesintisi,0
4005384,907982,IE26907982,M00006,SEKILLI KUTU 175-205 HAM TENEKE 3 PARÇA,2026-06-24 14:29:28,2026-06-24 14:46:46,17.3,,Kalite Duruşu,0
4005385,907984,IE25907984,M00130,YUVARLAK KUTU 245-175 LITOGRAFI 2 PARÇA,2025-12-01 09:39:58,2025-12-01 09:55:52,15.9,Yedek parça bekleniyor,Sac Sıkışması,0
4005386,907985,IE25907985,M00130,YUVARLAK KUTU 245-175 LITOGRAFI 2 PARÇA,2025-12-02 14:54:50,2025-12-02 15:27:20,32.5,,Enerji Kesintisi,0
4005387,907986,IE25907986,M00130,YUVARLAK KUTU 245-175 LITOGRAFI 2 PARÇA,2025-12-03 10:52:54,2025-12-03 11:28:30,35.6,,Mekanik Arıza,0
4005388,907987,IE25907987,M00130,YUVARLAK KUTU 245-175 LITOGRAFI 2 PARÇA,2025-12-04 15:40:27,2025-12-04 15:51:45,11.3,Bakım çağrıldı,Kalıp Değişimi,0
4005389,907988,IE26907988,M00005,DIKDORTGEN KUTU 145-095 MAT LAK 2 PARÇA,2026-04-26 10:19:50,2026-04-26 11:28:38,68.8,Bakım çağrıldı,Ayar / Numune Onayı,0
4005390,907989,IE26907989,M00005,DIKDORTGEN KUTU 145-095 MAT LAK 2 PARÇA,2026-04-27 08:27:05,2026-04-27 09:39:11,72.1,Bakım çağrıldı,Sac Sıkışması,0
4005391,907990,IE26907990,M00005,DIKDORTGEN KUTU 145-095 MAT LAK 2 PARÇA,2026-04-28 12:36:35,2026-04-28 12:45:11,8.6,Yedek parça bekleniyor,Elektrik Arızası,0
4005392,907992,IE25907992,M00061,YUVARLAK KUTU Ø050 VERNIKLI 2 PARÇA,2025-10-15 14:48:03,2025-10-15 15:13:15,25.2,Kalıp söküldü,Elektrik Arızası,0
4005393,907995,IE26907995,M00006,SEKILLI KUTU 175-205 HAM TENEKE 3 PARÇA,2026-01-20 08:55:48,2026-01-20 09:42:06,46.3,Kalıp söküldü,Malzeme Bekleme,0
4005394,907996,IE26907996,M00006,SEKILLI KUTU 175-205 HAM TENEKE 3 PARÇA,2026-01-21 09:25:15,2026-01-21 09:58:03,32.8,Operatör müdahalesi,Malzeme Bekleme,0
4005395,907997,IE26907997,M00006,SEKILLI KUTU 175-205 HAM TENEKE 3 PARÇA,2026-01-22 14:18:37,2026-01-22 14:41:43,23.1,Kalıp söküldü,Planlı Bakım,0
4005396,907998,IE26907998,M00082,YUVARLAK KUTU Ø092 VERNIKLI 2 PARÇA,2026-04-14 13:05:32,2026-04-14 14:30:44,85.2,Kalıp söküldü,Kalıp Değişimi,0
4005397,907999,IE26907999,M00082,YUVARLAK KUTU Ø092 VERNIKLI 2 PARÇA,2026-04-15 09:51:18,2026-04-15 10:04:00,12.7,Bakım çağrıldı,Kalıp Değişimi,0
4005398,908000,IE26908000,M00082,YUVARLAK KUTU Ø092 VERNIKLI 2 PARÇA,2026-04-16 10:40:32,2026-04-16 11:20:02,39.5,Operatör müdahalesi,Ayar / Numune Onayı,0
4005399,908002,IE26908002,M00006,SEKILLI KUTU 175-205 HAM TENEKE 3 PARÇA,2026-01-07 21:14:03,2026-01-07 22:03:09,49.1,,Sac Sıkışması,0
4005400,908003,IE26908003,M00006,SEKILLI KUTU 175-205 HAM TENEKE 3 PARÇA,2026-01-08 10:30:04,2026-01-08 11:27:58,57.9,Operatör müdahalesi,Planlı Bakım,0
4005401,908005,IE26908005,M00005,DIKDORTGEN KUTU 145-095 MAT LAK 2 PARÇA,2026-04-06 17:11:34,2026-04-06 18:50:04,98.5,Yedek parça bekleniyor,Hidrolik Kaçak,0
4005402,908006,IE26908006,M00005,DIKDORTGEN KUTU 145-095 MAT LAK 2 PARÇA,2026-04-07 18:45:01,2026-04-07 19:25:25,40.4,Operatör müdahalesi,Elektrik Arızası,0
4005403,908007,IE26908007,M00005,DIKDORTGEN KUTU 145-095 MAT LAK 2 PARÇA,2026-04-08 19:42:34,2026-04-08 20:15:40,33.1,Kalıp söküldü,Ayar / Numune Onayı,0
4005404,908009,IE26908009,M00008,YUVARLAK KUTU 210-255 HAM TENEKE 3 PARÇA,2026-05-16 18:02:52,2026-05-16 19:42:16,99.4,Bakım çağrıldı,Elektrik Arızası,0
4005405,908010,IE26908010,M00008,YUVARLAK KUTU 210-255 HAM TENEKE 3 PARÇA,2026-05-17 17:14:59,2026-05-17 18:23:53,68.9,Bakım çağrıldı,Ayar / Numune Onayı,0
4005406,908012,IE25908012,M00003,YUVARLAK KUTU 120-105 HAM TENEKE 2 PARÇA,2025-07-03 15:37:23,2025-07-03 16:06:23,29,Kalıp söküldü,Hidrolik Kaçak,0
4005407,908013,IE25908013,M00003,YUVARLAK KUTU 120-105 HAM TENEKE 2 PARÇA,2025-07-04 16:43:30,2025-07-04 17:26:06,42.6,Bakım çağrıldı,Kalıp Değişimi,0
4005408,908014,IE25908014,M00003,YUVARLAK KUTU 120-105 HAM TENEKE 2 PARÇA,2025-07-05 12:51:34,2025-07-05 13:26:58,35.4,Bakım çağrıldı,Kalıp Değişimi,0
4005409,908015,IE25908015,M00003,YUVARLAK KUTU 120-105 HAM TENEKE 2 PARÇA,2025-07-06 17:37:30,2025-07-06 18:44:54,67.4,Kalıp söküldü,Ayar / Numune Onayı,0
4005410,908018,IE26908018,M00003,YUVARLAK KUTU 120-105 HAM TENEKE 2 PARÇA,2026-02-21 20:52:15,2026-02-21 22:18:33,86.3,Yedek parça bekleniyor,Malzeme Bekleme,0
4005411,908019,IE26908019,M00003,YUVARLAK KUTU 120-105 HAM TENEKE 2 PARÇA,2026-02-22 12:26:22,2026-02-22 13:18:52,52.5,Bakım çağrıldı,Kalıp Değişimi,0
4005412,908020,IE25908020,M00025,YUVARLAK KUTU 255-205 VERNIKLI 3 PARÇA,2025-11-06 09:30:07,2025-11-06 09:49:37,19.5,,Malzeme Bekleme,0
4005413,908021,IE25908021,M00025,YUVARLAK KUTU 255-205 VERNIKLI 3 PARÇA,2025-11-07 18:19:08,2025-11-07 18:45:20,26.2,Bakım çağrıldı,Kalıp Değişimi,0
4005414,908022,IE25908022,M00025,YUVARLAK KUTU 255-205 VERNIKLI 3 PARÇA,2025-11-08 07:37:35,2025-11-08 08:56:47,79.2,Bakım çağrıldı,Hidrolik Kaçak,0
4005415,908023,IE25908023,M00025,YUVARLAK KUTU 255-205 VERNIKLI 3 PARÇA,2025-11-09 19:59:14,2025-11-09 20:31:08,31.9,Yedek parça bekleniyor,Ayar / Numune Onayı,0
4005416,908024,IE26908024,M00006,SEKILLI KUTU 175-205 HAM TENEKE 3 PARÇA,2026-06-26 21:40:07,2026-06-26 21:58:07,18,,Ayar / Numune Onayı,0
4005417,908025,IE26908025,M00006,SEKILLI KUTU 175-205 HAM TENEKE 3 PARÇA,2026-06-27 16:56:15,2026-06-27 17:21:39,25.4,Yedek parça bekleniyor,Kalıp Değişimi,0
4005418,908027,IE26908027,M00006,SEKILLI KUTU 175-205 HAM TENEKE 3 PARÇA,2026-06-29 21:17:40,2026-06-29 21:56:52,39.2,Kalıp söküldü,Mekanik Arıza,0
4005419,908030,IE26908030,M00010,YUVARLAK KUTU 255-205 MAT LAK 3 PARÇA,2026-03-25 18:13:25,2026-03-25 18:53:43,40.3,,Elektrik Arızası,0
4005420,908031,IE25908031,M00001,KAPAK 090-065 HAM TENEKE 2 PARÇA,2025-07-13 23:14:06,2025-07-14 00:02:48,48.7,Bakım çağrıldı,Hidrolik Kaçak,0
4005421,908032,IE25908032,M00001,KAPAK 090-065 HAM TENEKE 2 PARÇA,2025-07-14 17:22:03,2025-07-14 17:41:03,19,Operatör müdahalesi,Vardiya Devri,0
4005422,908034,IE26908034,M00136,YUVARLAK KUTU Ø050 VERNIKLI 2 PARÇA,2026-06-16 14:58:59,2026-06-16 15:15:53,16.9,Operatör müdahalesi,Mekanik Arıza,0
4005423,908035,IE26908035,M00136,YUVARLAK KUTU Ø050 VERNIKLI 2 PARÇA,2026-06-17 07:46:56,2026-06-17 08:03:38,16.7,,Ayar / Numune Onayı,0
4005424,908036,IE26908036,M00136,YUVARLAK KUTU Ø050 VERNIKLI 2 PARÇA,2026-06-18 20:01:46,2026-06-18 20:15:22,13.6,Kalıp söküldü,Kalıp Değişimi,0
4005425,908040,IE25908040,M00002,TEPSI 325-125 MAT LAK 3 PARÇA,2025-12-19 11:44:06,2025-12-19 12:04:06,20,Kalıp söküldü,Mekanik Arıza,0
4005426,908041,IE25908041,M00084,TEPSI 325-125 VERNIKLI 2 PARÇA,2025-07-14 19:48:43,2025-07-14 20:23:19,34.6,,Sac Sıkışması,0
4005427,908042,IE25908042,M00084,TEPSI 325-125 VERNIKLI 2 PARÇA,2025-07-15 13:56:51,2025-07-15 14:36:39,39.8,Operatör müdahalesi,Kalıp Değişimi,0
4005428,908043,IE25908043,M00084,TEPSI 325-125 VERNIKLI 2 PARÇA,2025-07-16 19:50:33,2025-07-16 20:09:45,19.2,,Personel Yetersizliği,0
4005429,908044,IE26908044,M00002,TEPSI 325-125 MAT LAK 3 PARÇA,2026-03-18 17:30:10,2026-03-18 18:00:52,30.7,Operatör müdahalesi,Ayar / Numune Onayı,0
4005430,908045,IE26908045,M00002,TEPSI 325-125 MAT LAK 3 PARÇA,2026-03-19 11:25:43,2026-03-19 12:19:25,53.7,Yedek parça bekleniyor,Mekanik Arıza,0
4005431,908046,IE26908046,M00002,TEPSI 325-125 MAT LAK 3 PARÇA,2026-03-20 18:59:03,2026-03-20 19:26:57,27.9,,Ayar / Numune Onayı,0
4005432,908047,IE26908047,M00043,YUVARLAK KUTU 210-080 VERNIKLI 2 PARÇA,2026-05-09 11:34:08,2026-05-09 12:10:44,36.6,Kalıp söküldü,Kalıp Değişimi,0
4005433,908049,IE26908049,M00043,YUVARLAK KUTU 210-080 VERNIKLI 2 PARÇA,2026-05-11 14:23:06,2026-05-11 15:06:48,43.7,Operatör müdahalesi,Vardiya Devri,0
4005434,908050,IE26908050,M00006,SEKILLI KUTU 175-205 HAM TENEKE 3 PARÇA,2026-07-20 10:14:13,2026-07-20 10:43:37,29.4,,Ayar / Numune Onayı,0
4005435,908051,IE26908051,M00006,SEKILLI KUTU 175-205 HAM TENEKE 3 PARÇA,2026-07-21 10:03:27,2026-07-21 10:35:45,32.3,Operatör müdahalesi,Personel Yetersizliği,0
4005436,908054,IE25908054,M00007,DIKDORTGEN KUTU 185-115 MAT LAK 2 PARÇA,2025-07-01 14:33:12,2025-07-01 15:16:36,43.4,Yedek parça bekleniyor,Kalıp Değişimi,0
4005437,908055,IE25908055,M00007,DIKDORTGEN KUTU 185-115 MAT LAK 2 PARÇA,2025-07-02 21:30:47,2025-07-02 22:24:41,53.9,Operatör müdahalesi,Elektrik Arızası,0
4005438,908056,IE25908056,M00007,DIKDORTGEN KUTU 185-115 MAT LAK 2 PARÇA,2025-07-03 22:26:48,2025-07-03 22:46:42,19.9,,Mekanik Arıza,0
4005439,908060,IE25908060,M00001,KAPAK 090-065 HAM TENEKE 2 PARÇA,2025-11-24 09:56:44,2025-11-24 10:32:44,36,Kalıp söküldü,Malzeme Bekleme,0
4005440,908062,IE25908062,M00001,KAPAK 090-065 HAM TENEKE 2 PARÇA,2025-11-26 22:20:36,2025-11-26 23:18:54,58.3,Operatör müdahalesi,Kalıp Değişimi,0
4005441,908063,IE25908063,M00001,KAPAK 090-065 HAM TENEKE 2 PARÇA,2025-11-27 13:14:40,2025-11-27 14:29:40,75,Yedek parça bekleniyor,Sac Sıkışması,0
4005442,908065,IE26908065,M00001,KAPAK 090-065 HAM TENEKE 2 PARÇA,2026-01-08 18:31:38,2026-01-08 19:12:50,41.2,Bakım çağrıldı,Mekanik Arıza,0
4005443,908067,IE26908067,M00001,KAPAK 090-065 HAM TENEKE 2 PARÇA,2026-01-10 08:32:49,2026-01-10 08:58:43,25.9,Yedek parça bekleniyor,Sac Sıkışması,0
4005444,908068,IE26908068,M00001,KAPAK 090-065 HAM TENEKE 2 PARÇA,2026-03-28 10:22:33,2026-03-28 10:43:39,21.1,,Ayar / Numune Onayı,0
4005445,908069,IE26908069,M00001,KAPAK 090-065 HAM TENEKE 2 PARÇA,2026-03-29 12:03:10,2026-03-29 12:35:40,32.5,Kalıp söküldü,Mekanik Arıza,0
4005446,908070,IE26908070,M00001,KAPAK 090-065 HAM TENEKE 2 PARÇA,2026-03-30 08:48:52,2026-03-30 09:54:22,65.5,Yedek parça bekleniyor,Elektrik Arızası,0
4005447,908071,IE26908071,M00001,KAPAK 090-065 HAM TENEKE 2 PARÇA,2026-02-12 12:44:25,2026-02-12 13:36:19,51.9,Bakım çağrıldı,Kalite Duruşu,0
4005448,908072,IE26908072,M00001,KAPAK 090-065 HAM TENEKE 2 PARÇA,2026-02-13 11:14:15,2026-02-13 12:30:09,75.9,,Kalıp Değişimi,0
4005449,908073,IE26908073,M00001,KAPAK 090-065 HAM TENEKE 2 PARÇA,2026-02-14 09:01:09,2026-02-14 09:18:15,17.1,Operatör müdahalesi,Kalıp Değişimi,0
4005450,908077,IE25908077,M00103,DIKDORTGEN KUTU 185-115 VERNIKLI 2 PARÇA,2025-11-04 11:43:21,2025-11-04 12:17:33,34.2,Bakım çağrıldı,Ayar / Numune Onayı,0
4005451,908078,IE25908078,M00103,DIKDORTGEN KUTU 185-115 VERNIKLI 2 PARÇA,2025-11-05 06:51:27,2025-11-05 07:50:45,59.3,Bakım çağrıldı,Kalıp Değişimi,0
4005452,908080,IE26908080,M00004,YUVARLAK KUTU 210-255 MAT LAK 3 PARÇA,2026-07-26 08:10:43,2026-07-26 09:45:55,95.2,Yedek parça bekleniyor,Planlı Bakım,0
4005453,908081,IE26908081,M00004,YUVARLAK KUTU 210-255 MAT LAK 3 PARÇA,2026-07-27 21:01:29,2026-07-27 22:10:35,69.1,Kalıp söküldü,Mekanik Arıza,0
4005454,908083,IE26908083,M00004,YUVARLAK KUTU 210-255 MAT LAK 3 PARÇA,2026-07-29 21:02:13,2026-07-29 22:23:31,81.3,,Malzeme Bekleme,0
4005455,908085,IE25908085,M00002,TEPSI 325-125 MAT LAK 3 PARÇA,2025-07-06 22:35:13,2025-07-06 22:48:43,13.5,,Malzeme Bekleme,0
4005456,908086,IE25908086,M00002,TEPSI 325-125 MAT LAK 3 PARÇA,2025-07-07 16:43:48,2025-07-07 17:50:30,66.7,,Personel Yetersizliği,0
4005457,908088,IE25908088,M00001,KAPAK 090-065 HAM TENEKE 2 PARÇA,2025-07-02 13:47:59,2025-07-02 13:58:41,10.7,Operatör müdahalesi,Kalıp Değişimi,0
4005458,908089,IE25908089,M00001,KAPAK 090-065 HAM TENEKE 2 PARÇA,2025-07-03 09:40:04,2025-07-03 09:55:34,15.5,,Ayar / Numune Onayı,0
4005459,908091,IE26908091,M00026,ALTIGEN KUTU 125-085 LITOGRAFI 2 PARÇA,2026-03-10 21:49:23,2026-03-10 22:20:05,30.7,Operatör müdahalesi,Ayar / Numune Onayı,0
4005460,908092,IE26908092,M00026,ALTIGEN KUTU 125-085 LITOGRAFI 2 PARÇA,2026-03-11 17:09:19,2026-03-11 18:26:31,77.2,Bakım çağrıldı,Elektrik Arızası,0
4005461,908094,IE26908094,M00006,SEKILLI KUTU 175-205 HAM TENEKE 3 PARÇA,2026-07-14 11:08:50,2026-07-14 12:36:14,87.4,Operatör müdahalesi,Kalıp Değişimi,0
4005462,908095,IE26908095,M00006,SEKILLI KUTU 175-205 HAM TENEKE 3 PARÇA,2026-07-15 12:23:24,2026-07-15 12:43:24,20,Kalıp söküldü,Kalıp Değişimi,0
4005463,908096,IE26908096,M00006,SEKILLI KUTU 175-205 HAM TENEKE 3 PARÇA,2026-07-16 20:05:05,2026-07-16 20:47:23,42.3,Yedek parça bekleniyor,Elektrik Arızası,0
4005464,908097,IE26908097,M00006,SEKILLI KUTU 175-205 HAM TENEKE 3 PARÇA,2026-07-17 20:49:05,2026-07-17 21:48:41,59.6,Operatör müdahalesi,Planlı Bakım,0
4005465,908098,IE26908098,M00003,YUVARLAK KUTU 120-105 HAM TENEKE 2 PARÇA,2026-04-27 16:10:45,2026-04-27 17:24:09,73.4,Yedek parça bekleniyor,Planlı Bakım,0
4005466,908099,IE26908099,M00003,YUVARLAK KUTU 120-105 HAM TENEKE 2 PARÇA,2026-04-28 16:31:01,2026-04-28 17:02:43,31.7,,Kalıp Değişimi,0
4005467,908101,IE25908101,M00004,YUVARLAK KUTU 210-255 MAT LAK 3 PARÇA,2025-10-15 10:19:29,2025-10-15 10:33:53,14.4,Kalıp söküldü,Elektrik Arızası,0
4005468,908103,IE25908103,M00004,YUVARLAK KUTU 210-255 MAT LAK 3 PARÇA,2025-10-17 11:04:56,2025-10-17 11:42:44,37.8,,Kalıp Değişimi,0
4005469,908104,IE26908104,M00011,YUVARLAK KUTU 120-105 HAM TENEKE 3 PARÇA,2026-04-02 12:12:37,2026-04-02 12:51:19,38.7,Bakım çağrıldı,Malzeme Bekleme,0
4005470,908105,IE26908105,M00011,YUVARLAK KUTU 120-105 HAM TENEKE 3 PARÇA,2026-04-03 11:54:42,2026-04-03 12:45:30,50.8,Kalıp söküldü,Mekanik Arıza,0
4005471,908107,IE26908107,M00011,YUVARLAK KUTU 120-105 HAM TENEKE 3 PARÇA,2026-04-05 12:45:37,2026-04-05 13:11:25,25.8,Yedek parça bekleniyor,Ayar / Numune Onayı,0
4005472,908108,IE26908108,M00140,TEPSI 325-125 VERNIKLI 2 PARÇA,2026-07-21 11:02:23,2026-07-21 11:11:47,9.4,Yedek parça bekleniyor,Malzeme Bekleme,0
4005473,908109,IE26908109,M00140,TEPSI 325-125 VERNIKLI 2 PARÇA,2026-07-22 17:11:37,2026-07-22 17:29:13,17.6,Yedek parça bekleniyor,Hidrolik Kaçak,0
4005474,908111,IE26908111,M00140,TEPSI 325-125 VERNIKLI 2 PARÇA,2026-07-24 12:00:17,2026-07-24 13:01:41,61.4,Kalıp söküldü,Elektrik Arızası,0
4005475,908112,IE26908112,M00011,YUVARLAK KUTU 120-105 HAM TENEKE 3 PARÇA,2026-02-09 21:31:20,2026-02-09 22:14:14,42.9,Operatör müdahalesi,Kalıp Değişimi,0
4005476,908115,IE26908115,M00011,YUVARLAK KUTU 120-105 HAM TENEKE 3 PARÇA,2026-02-12 22:53:43,2026-02-12 23:18:25,24.7,Operatör müdahalesi,Sac Sıkışması,0
4005477,908117,IE26908117,M00005,DIKDORTGEN KUTU 145-095 MAT LAK 2 PARÇA,2026-04-06 09:25:43,2026-04-06 09:59:13,33.5,,Kalıp Değişimi,0
4005478,908118,IE26908118,M00005,DIKDORTGEN KUTU 145-095 MAT LAK 2 PARÇA,2026-04-07 15:00:08,2026-04-07 15:13:44,13.6,,Kalıp Değişimi,0
4005479,908119,IE26908119,M00005,DIKDORTGEN KUTU 145-095 MAT LAK 2 PARÇA,2026-04-08 18:25:30,2026-04-08 19:00:06,34.6,Yedek parça bekleniyor,Sac Sıkışması,0
4005480,908120,IE26908120,M00001,KAPAK 090-065 HAM TENEKE 2 PARÇA,2026-04-12 13:26:17,2026-04-12 14:07:53,41.6,Operatör müdahalesi,Sac Sıkışması,0
4005481,908121,IE26908121,M00001,KAPAK 090-065 HAM TENEKE 2 PARÇA,2026-04-13 08:41:37,2026-04-13 10:07:49,86.2,Yedek parça bekleniyor,Kalıp Değişimi,0
4005482,908124,IE25908124,M00193,YUVARLAK KUTU 255-205 VERNIKLI 2 PARÇA,2025-12-11 09:59:54,2025-12-11 10:08:18,8.4,Kalıp söküldü,Elektrik Arızası,0
4005483,908126,IE25908126,M00193,YUVARLAK KUTU 255-205 VERNIKLI 2 PARÇA,2025-12-13 15:16:33,2025-12-13 15:50:51,34.3,Kalıp söküldü,Kalıp Değişimi,0
4005484,908128,IE26908128,M00006,SEKILLI KUTU 175-205 HAM TENEKE 3 PARÇA,2026-05-05 19:55:03,2026-05-05 20:36:21,41.3,Operatör müdahalesi,Ayar / Numune Onayı,0
4005485,908129,IE26908129,M00006,SEKILLI KUTU 175-205 HAM TENEKE 3 PARÇA,2026-05-06 08:48:33,2026-05-06 08:59:15,10.7,,Kalite Duruşu,0
4005486,908130,IE26908130,M00006,SEKILLI KUTU 175-205 HAM TENEKE 3 PARÇA,2026-05-07 17:20:32,2026-05-07 17:34:50,14.3,Bakım çağrıldı,Mekanik Arıza,0
4005487,908131,IE26908131,M00010,YUVARLAK KUTU 255-205 MAT LAK 3 PARÇA,2026-07-21 12:57:07,2026-07-21 13:32:43,35.6,,Ayar / Numune Onayı,0
4005488,908132,IE26908132,M00010,YUVARLAK KUTU 255-205 MAT LAK 3 PARÇA,2026-07-22 20:57:43,2026-07-22 21:54:49,57.1,Kalıp söküldü,Personel Yetersizliği,0
4005489,908133,IE26908133,M00010,YUVARLAK KUTU 255-205 MAT LAK 3 PARÇA,2026-07-23 12:09:27,2026-07-23 12:16:57,7.5,,Sac Sıkışması,0
4005490,908134,IE26908134,M00010,YUVARLAK KUTU 255-205 MAT LAK 3 PARÇA,2026-07-24 17:47:14,2026-07-24 18:02:20,15.1,Operatör müdahalesi,Malzeme Bekleme,0
4005491,908135,IE26908135,M00230,YUVARLAK KUTU 094-050 LITOGRAFI 2 PARÇA,2026-03-07 12:50:33,2026-03-07 13:54:09,63.6,Yedek parça bekleniyor,Personel Yetersizliği,0
4005492,908136,IE26908136,M00230,YUVARLAK KUTU 094-050 LITOGRAFI 2 PARÇA,2026-03-08 08:48:49,2026-03-08 09:57:07,68.3,Bakım çağrıldı,Malzeme Bekleme,0
4005493,908137,IE26908137,M00230,YUVARLAK KUTU 094-050 LITOGRAFI 2 PARÇA,2026-03-09 10:53:36,2026-03-09 11:57:24,63.8,Operatör müdahalesi,Elektrik Arızası,0
4005494,908138,IE25908138,M00001,KAPAK 090-065 HAM TENEKE 2 PARÇA,2025-10-02 08:36:02,2025-10-02 08:57:38,21.6,Yedek parça bekleniyor,Planlı Bakım,0
4005495,908139,IE25908139,M00001,KAPAK 090-065 HAM TENEKE 2 PARÇA,2025-10-03 09:11:42,2025-10-03 10:01:48,50.1,Kalıp söküldü,Malzeme Bekleme,0
4005496,908141,IE26908141,M00003,YUVARLAK KUTU 120-105 HAM TENEKE 2 PARÇA,2026-03-01 17:29:35,2026-03-01 18:55:41,86.1,Kalıp söküldü,Kalıp Değişimi,0
4005497,908142,IE26908142,M00003,YUVARLAK KUTU 120-105 HAM TENEKE 2 PARÇA,2026-03-02 21:29:25,2026-03-02 22:15:31,46.1,Operatör müdahalesi,Sac Sıkışması,0
4005498,908143,IE26908143,M00003,YUVARLAK KUTU 120-105 HAM TENEKE 2 PARÇA,2026-03-03 21:43:41,2026-03-03 22:43:47,60.1,Operatör müdahalesi,Elektrik Arızası,0
4005499,908145,IE25908145,M00185,YUVARLAK KUTU 210-255 HAM TENEKE 3 PARÇA,2025-09-18 11:34:32,2025-09-18 11:53:56,19.4,Operatör müdahalesi,Elektrik Arızası,0
4005500,908146,IE25908146,M00185,YUVARLAK KUTU 210-255 HAM TENEKE 3 PARÇA,2025-09-19 19:16:25,2025-09-19 20:18:13,61.8,Yedek parça bekleniyor,Elektrik Arızası,0
4005501,908148,IE26908148,M00005,DIKDORTGEN KUTU 145-095 MAT LAK 2 PARÇA,2026-06-06 18:14:58,2026-06-06 18:26:40,11.7,Bakım çağrıldı,Kalıp Değişimi,0
4005502,908150,IE26908150,M00069,YUVARLAK KUTU 245-175 VERNIKLI 2 PARÇA,2026-05-29 22:10:02,2026-05-29 22:22:56,12.9,Kalıp söküldü,Kalıp Değişimi,0
4005503,908151,IE26908151,M00069,YUVARLAK KUTU 245-175 VERNIKLI 2 PARÇA,2026-05-30 10:13:46,2026-05-30 11:43:10,89.4,Bakım çağrıldı,Malzeme Bekleme,0
4005504,908153,IE26908153,M00069,YUVARLAK KUTU 245-175 VERNIKLI 2 PARÇA,2026-06-01 17:39:27,2026-06-01 17:57:03,17.6,Kalıp söküldü,Ayar / Numune Onayı,0
4005505,908154,IE26908154,M00012,YUVARLAK KUTU 205-050 LITOGRAFI 2 PARÇA,2026-07-30 07:31:36,2026-07-30 08:12:06,40.5,Yedek parça bekleniyor,Malzeme Bekleme,0
4005506,908159,IE26908159,M00030,YUVARLAK KUTU Ø148 MAT LAK 2 PARÇA,2026-01-16 11:58:32,2026-01-16 13:11:14,72.7,Yedek parça bekleniyor,Ayar / Numune Onayı,0
4005507,908160,IE26908160,M00030,YUVARLAK KUTU Ø148 MAT LAK 2 PARÇA,2026-01-17 07:25:18,2026-01-17 08:06:00,40.7,Kalıp söküldü,Planlı Bakım,0
4005508,908162,IE26908162,M00001,KAPAK 090-065 HAM TENEKE 2 PARÇA,2026-04-08 12:55:29,2026-04-08 13:22:11,26.7,,Ayar / Numune Onayı,0
4005509,908163,IE26908163,M00001,KAPAK 090-065 HAM TENEKE 2 PARÇA,2026-04-09 10:05:09,2026-04-09 11:05:45,60.6,Kalıp söküldü,Mekanik Arıza,0
4005510,908164,IE26908164,M00001,KAPAK 090-065 HAM TENEKE 2 PARÇA,2026-04-10 06:52:45,2026-04-10 07:22:15,29.5,Operatör müdahalesi,Elektrik Arızası,0
4005511,908166,IE26908166,M00007,DIKDORTGEN KUTU 185-115 MAT LAK 2 PARÇA,2026-05-28 13:26:43,2026-05-28 13:53:49,27.1,Kalıp söküldü,Personel Yetersizliği,0
4005512,908167,IE26908167,M00007,DIKDORTGEN KUTU 185-115 MAT LAK 2 PARÇA,2026-05-29 11:43:45,2026-05-29 11:51:09,7.4,,Kalıp Değişimi,0
4005513,908168,IE26908168,M00009,YUVARLAK KUTU 245-175 VERNIKLI 3 PARÇA,2026-03-11 15:51:08,2026-03-11 15:58:56,7.8,Kalıp söküldü,Kalıp Değişimi,0
4005514,908170,IE26908170,M00009,YUVARLAK KUTU 245-175 VERNIKLI 3 PARÇA,2026-03-13 12:57:38,2026-03-13 13:06:32,8.9,Kalıp söküldü,Planlı Bakım,0
4005515,908172,IE25908172,M00283,KAPAK 090-065 LITOGRAFI 3 PARÇA,2025-07-15 09:34:18,2025-07-15 09:45:24,11.1,Operatör müdahalesi,Sac Sıkışması,0
4005516,908173,IE25908173,M00283,KAPAK 090-065 LITOGRAFI 3 PARÇA,2025-07-16 19:17:52,2025-07-16 20:49:16,91.4,Bakım çağrıldı,Hidrolik Kaçak,0
4005517,908175,IE25908175,M00012,YUVARLAK KUTU 205-050 LITOGRAFI 2 PARÇA,2025-11-23 06:36:52,2025-11-23 06:48:28,11.6,Operatör müdahalesi,Kalıp Değişimi,0
4005518,908176,IE25908176,M00012,YUVARLAK KUTU 205-050 LITOGRAFI 2 PARÇA,2025-11-24 07:24:03,2025-11-24 08:00:09,36.1,Bakım çağrıldı,Kalıp Değişimi,0
4005519,908177,IE26908177,M00003,YUVARLAK KUTU 120-105 HAM TENEKE 2 PARÇA,2026-04-03 07:39:15,2026-04-03 08:10:33,31.3,Operatör müdahalesi,Kalıp Değişimi,0
4005520,908179,IE26908179,M00003,YUVARLAK KUTU 120-105 HAM TENEKE 2 PARÇA,2026-04-05 17:15:20,2026-04-05 17:38:32,23.2,Yedek parça bekleniyor,Sac Sıkışması,0
4005521,908181,IE26908181,M00090,PLAKA-BARDAK ALTI 205-050 HAM TENEKE 2 PARÇA,2026-04-22 12:41:37,2026-04-22 13:18:07,36.5,Kalıp söküldü,Vardiya Devri,0
4005522,908182,IE26908182,M00090,PLAKA-BARDAK ALTI 205-050 HAM TENEKE 2 PARÇA,2026-04-23 08:37:53,2026-04-23 10:10:53,93,,Planlı Bakım,0
4005523,908183,IE26908183,M00090,PLAKA-BARDAK ALTI 205-050 HAM TENEKE 2 PARÇA,2026-04-24 11:50:17,2026-04-24 12:30:17,40,Operatör müdahalesi,Ayar / Numune Onayı,0
4005524,908185,IE25908185,M00066,SEKIZGEN KUTU 135-145 VERNIKLI 2 PARÇA,2025-11-21 07:00:23,2025-11-21 07:42:05,41.7,,Malzeme Bekleme,0
4005525,908187,IE25908187,M00066,SEKIZGEN KUTU 135-145 VERNIKLI 2 PARÇA,2025-11-23 19:06:46,2025-11-23 20:14:46,68,,Kalıp Değişimi,0
4005526,908188,IE26908188,M00022,SEKIZGEN KUTU 135-145 VERNIKLI 2 PARÇA,2026-03-23 12:38:42,2026-03-23 13:31:36,52.9,Bakım çağrıldı,Ayar / Numune Onayı,0
4005527,908189,IE26908189,M00022,SEKIZGEN KUTU 135-145 VERNIKLI 2 PARÇA,2026-03-24 19:28:13,2026-03-24 19:51:01,22.8,,Sac Sıkışması,0
4005528,908190,IE26908190,M00022,SEKIZGEN KUTU 135-145 VERNIKLI 2 PARÇA,2026-03-25 20:44:55,2026-03-25 21:21:55,37,,Ayar / Numune Onayı,0
4005529,908191,IE26908191,M00003,YUVARLAK KUTU 120-105 HAM TENEKE 2 PARÇA,2026-03-22 15:18:29,2026-03-22 15:31:23,12.9,Operatör müdahalesi,Ayar / Numune Onayı,0
4005530,908192,IE26908192,M00003,YUVARLAK KUTU 120-105 HAM TENEKE 2 PARÇA,2026-03-23 21:21:53,2026-03-23 22:10:35,48.7,,Ayar / Numune Onayı,0
4005531,908193,IE26908193,M00003,YUVARLAK KUTU 120-105 HAM TENEKE 2 PARÇA,2026-03-24 13:34:09,2026-03-24 14:34:39,60.5,Kalıp söküldü,Kalıp Değişimi,0
4005532,908194,IE25908194,M00003,YUVARLAK KUTU 120-105 HAM TENEKE 2 PARÇA,2025-10-06 15:58:40,2025-10-06 16:18:46,20.1,Kalıp söküldü,Ayar / Numune Onayı,0
4005533,908195,IE25908195,M00003,YUVARLAK KUTU 120-105 HAM TENEKE 2 PARÇA,2025-10-07 12:32:32,2025-10-07 13:16:38,44.1,Bakım çağrıldı,Kalıp Değişimi,0
4005534,908197,IE25908197,M00001,KAPAK 090-065 HAM TENEKE 2 PARÇA,2025-12-29 17:00:12,2025-12-29 18:24:54,84.7,Bakım çağrıldı,Kalıp Değişimi,0
4005535,908198,IE25908198,M00001,KAPAK 090-065 HAM TENEKE 2 PARÇA,2025-12-30 14:12:42,2025-12-30 15:06:00,53.3,Kalıp söküldü,Kalite Duruşu,0
4005536,908200,IE25908200,M00231,YUVARLAK KUTU 120-105 LITOGRAFI 2 PARÇA,2025-09-15 17:14:55,2025-09-15 18:30:07,75.2,,Kalıp Değişimi,0
4005537,908201,IE25908201,M00231,YUVARLAK KUTU 120-105 LITOGRAFI 2 PARÇA,2025-09-16 19:53:51,2025-09-16 21:56:57,123.1,Kalıp söküldü,Hidrolik Kaçak,0
4005538,908203,IE25908203,M00231,YUVARLAK KUTU 120-105 LITOGRAFI 2 PARÇA,2025-09-18 09:58:18,2025-09-18 10:39:36,41.3,,Kalite Duruşu,0
4005539,908206,IE26908206,M00003,YUVARLAK KUTU 120-105 HAM TENEKE 2 PARÇA,2026-06-16 14:37:51,2026-06-16 14:50:21,12.5,,Malzeme Bekleme,0
4005540,908207,IE26908207,M00003,YUVARLAK KUTU 120-105 HAM TENEKE 2 PARÇA,2026-06-17 17:05:59,2026-06-17 17:27:59,22,Operatör müdahalesi,Planlı Bakım,0
4005541,908208,IE26908208,M00043,YUVARLAK KUTU 210-080 VERNIKLI 2 PARÇA,2026-04-22 09:39:52,2026-04-22 09:46:58,7.1,,Mekanik Arıza,0
4005542,908209,IE26908209,M00043,YUVARLAK KUTU 210-080 VERNIKLI 2 PARÇA,2026-04-23 10:21:24,2026-04-23 10:53:00,31.6,Operatör müdahalesi,Mekanik Arıza,0
4005543,908210,IE26908210,M00043,YUVARLAK KUTU 210-080 VERNIKLI 2 PARÇA,2026-04-24 21:39:24,2026-04-24 22:32:48,53.4,Bakım çağrıldı,Planlı Bakım,0
4005544,908212,IE26908212,M00012,YUVARLAK KUTU 205-050 LITOGRAFI 2 PARÇA,2026-06-17 19:39:52,2026-06-17 20:32:34,52.7,Operatör müdahalesi,Ayar / Numune Onayı,0
4005545,908213,IE26908213,M00012,YUVARLAK KUTU 205-050 LITOGRAFI 2 PARÇA,2026-06-18 09:50:48,2026-06-18 10:37:48,47,,Hidrolik Kaçak,0
4005546,908214,IE26908214,M00001,KAPAK 090-065 HAM TENEKE 2 PARÇA,2026-03-28 18:19:05,2026-03-28 18:47:35,28.5,,Mekanik Arıza,0
4005547,908215,IE26908215,M00001,KAPAK 090-065 HAM TENEKE 2 PARÇA,2026-03-29 11:04:51,2026-03-29 11:20:09,15.3,Kalıp söküldü,Malzeme Bekleme,0
4005548,908216,IE26908216,M00001,KAPAK 090-065 HAM TENEKE 2 PARÇA,2026-03-30 13:12:22,2026-03-30 14:12:16,59.9,,Sac Sıkışması,0
4005549,908217,IE26908217,M00001,KAPAK 090-065 HAM TENEKE 2 PARÇA,2026-03-31 13:33:17,2026-03-31 14:05:05,31.8,Kalıp söküldü,Kalıp Değişimi,0
4005550,908218,IE26908218,M00006,SEKILLI KUTU 175-205 HAM TENEKE 3 PARÇA,2026-04-30 11:57:42,2026-04-30 12:07:48,10.1,Kalıp söküldü,Hidrolik Kaçak,0
4005551,908219,IE26908219,M00006,SEKILLI KUTU 175-205 HAM TENEKE 3 PARÇA,2026-05-01 13:41:51,2026-05-01 14:55:03,73.2,,Malzeme Bekleme,0
4005552,908220,IE26908220,M00006,SEKILLI KUTU 175-205 HAM TENEKE 3 PARÇA,2026-05-02 12:15:51,2026-05-02 13:12:03,56.2,Bakım çağrıldı,Kalıp Değişimi,0
4005553,908221,IE26908221,M00006,SEKILLI KUTU 175-205 HAM TENEKE 3 PARÇA,2026-05-03 09:49:02,2026-05-03 09:59:08,10.1,Operatör müdahalesi,Hidrolik Kaçak,0
4005554,908222,IE25908222,M00001,KAPAK 090-065 HAM TENEKE 2 PARÇA,2025-12-18 22:06:05,2025-12-18 23:27:23,81.3,Yedek parça bekleniyor,Kalıp Değişimi,0
4005555,908224,IE25908224,M00001,KAPAK 090-065 HAM TENEKE 2 PARÇA,2025-12-20 11:21:33,2025-12-20 12:14:03,52.5,,Kalıp Değişimi,0
4005556,908225,IE26908225,M00011,YUVARLAK KUTU 120-105 HAM TENEKE 3 PARÇA,2026-02-21 18:07:17,2026-02-21 19:02:47,55.5,Yedek parça bekleniyor,Planlı Bakım,0
4005557,908226,IE26908226,M00011,YUVARLAK KUTU 120-105 HAM TENEKE 3 PARÇA,2026-02-22 15:19:12,2026-02-22 16:14:24,55.2,,Elektrik Arızası,0
4005558,908227,IE26908227,M00011,YUVARLAK KUTU 120-105 HAM TENEKE 3 PARÇA,2026-02-23 14:32:06,2026-02-23 15:37:24,65.3,Bakım çağrıldı,Kalıp Değişimi,0
4005559,908228,IE26908228,M00111,KARE KUTU 225-165 MAT LAK 2 PARÇA,2026-05-20 13:05:26,2026-05-20 13:43:02,37.6,Kalıp söküldü,Mekanik Arıza,0
4005560,908229,IE26908229,M00111,KARE KUTU 225-165 MAT LAK 2 PARÇA,2026-05-21 16:57:51,2026-05-21 17:44:21,46.5,,Vardiya Devri,0
4005561,908232,IE26908232,M00011,YUVARLAK KUTU 120-105 HAM TENEKE 3 PARÇA,2026-04-30 09:35:05,2026-04-30 10:00:59,25.9,Bakım çağrıldı,Kalıp Değişimi,0
4005562,908233,IE26908233,M00011,YUVARLAK KUTU 120-105 HAM TENEKE 3 PARÇA,2026-05-01 14:22:04,2026-05-01 14:30:40,8.6,Bakım çağrıldı,Mekanik Arıza,0
4005563,908235,IE26908235,M00003,YUVARLAK KUTU 120-105 HAM TENEKE 2 PARÇA,2026-06-01 08:00:31,2026-06-01 09:10:01,69.5,Yedek parça bekleniyor,Mekanik Arıza,0
4005564,908236,IE26908236,M00003,YUVARLAK KUTU 120-105 HAM TENEKE 2 PARÇA,2026-06-02 10:58:46,2026-06-02 11:04:16,5.5,Operatör müdahalesi,Malzeme Bekleme,0
4005565,908237,IE26908237,M00003,YUVARLAK KUTU 120-105 HAM TENEKE 2 PARÇA,2026-06-03 16:01:12,2026-06-03 17:23:12,82,,Mekanik Arıza,0
4005566,908238,IE25908238,M00082,YUVARLAK KUTU Ø092 VERNIKLI 2 PARÇA,2025-10-16 17:12:27,2025-10-16 17:39:27,27,,Elektrik Arızası,0
4005567,908239,IE25908239,M00082,YUVARLAK KUTU Ø092 VERNIKLI 2 PARÇA,2025-10-17 09:09:42,2025-10-17 09:40:42,31,Kalıp söküldü,Malzeme Bekleme,0
4005568,908240,IE25908240,M00082,YUVARLAK KUTU Ø092 VERNIKLI 2 PARÇA,2025-10-18 17:09:47,2025-10-18 17:17:29,7.7,Kalıp söküldü,Vardiya Devri,0
4005569,908242,IE25908242,M00001,KAPAK 090-065 HAM TENEKE 2 PARÇA,2025-09-29 08:56:48,2025-09-29 10:06:12,69.4,Kalıp söküldü,Kalite Duruşu,0
4005570,908243,IE25908243,M00001,KAPAK 090-065 HAM TENEKE 2 PARÇA,2025-09-30 09:16:39,2025-09-30 09:44:51,28.2,Kalıp söküldü,Kalıp Değişimi,0
4005571,908246,IE25908246,M00026,ALTIGEN KUTU 125-085 LITOGRAFI 2 PARÇA,2025-11-21 16:50:11,2025-11-21 17:45:53,55.7,Yedek parça bekleniyor,Kalite Duruşu,0
4005572,908249,IE25908249,M00002,TEPSI 325-125 MAT LAK 3 PARÇA,2025-07-01 10:28:54,2025-07-01 11:49:18,80.4,Bakım çağrıldı,Personel Yetersizliği,0
4005573,908253,IE25908253,M00001,KAPAK 090-065 HAM TENEKE 2 PARÇA,2025-11-24 12:48:19,2025-11-24 13:23:19,35,Operatör müdahalesi,Planlı Bakım,0
4005574,908254,IE25908254,M00001,KAPAK 090-065 HAM TENEKE 2 PARÇA,2025-11-25 12:46:20,2025-11-25 13:15:44,29.4,Kalıp söküldü,Vardiya Devri,0
4005575,908255,IE25908255,M00001,KAPAK 090-065 HAM TENEKE 2 PARÇA,2025-11-26 19:33:07,2025-11-26 20:00:31,27.4,Yedek parça bekleniyor,Kalıp Değişimi,0
4005576,908258,IE25908258,M00022,SEKIZGEN KUTU 135-145 VERNIKLI 2 PARÇA,2025-08-31 15:21:42,2025-08-31 16:12:36,50.9,,Ayar / Numune Onayı,0
4005577,908260,IE26908260,M00003,YUVARLAK KUTU 120-105 HAM TENEKE 2 PARÇA,2026-07-03 16:29:03,2026-07-03 16:35:15,6.2,Yedek parça bekleniyor,Elektrik Arızası,0
4005578,908261,IE26908261,M00003,YUVARLAK KUTU 120-105 HAM TENEKE 2 PARÇA,2026-07-04 18:02:23,2026-07-04 19:12:11,69.8,Bakım çağrıldı,Malzeme Bekleme,0
4005579,908265,IE26908265,M00002,TEPSI 325-125 MAT LAK 3 PARÇA,2026-06-23 17:35:06,2026-06-23 19:00:30,85.4,Kalıp söküldü,Malzeme Bekleme,0
4005580,908266,IE26908266,M00002,TEPSI 325-125 MAT LAK 3 PARÇA,2026-06-24 21:26:34,2026-06-24 23:21:16,114.7,Kalıp söküldü,Mekanik Arıza,0
4005581,908267,IE25908267,M00003,YUVARLAK KUTU 120-105 HAM TENEKE 2 PARÇA,2025-12-05 08:49:15,2025-12-05 09:02:45,13.5,Operatör müdahalesi,Personel Yetersizliği,0
4005582,908269,IE25908269,M00003,YUVARLAK KUTU 120-105 HAM TENEKE 2 PARÇA,2025-12-07 18:16:41,2025-12-07 18:54:53,38.2,Operatör müdahalesi,Mekanik Arıza,0
4005583,908274,IE26908274,M00002,TEPSI 325-125 MAT LAK 3 PARÇA,2026-07-23 12:58:24,2026-07-23 13:55:42,57.3,Bakım çağrıldı,Ayar / Numune Onayı,0
4005584,908276,IE26908276,M00002,TEPSI 325-125 MAT LAK 3 PARÇA,2026-07-25 21:40:16,2026-07-25 22:10:04,29.8,Operatör müdahalesi,Kalıp Değişimi,0
4005585,908277,IE25908277,M00317,KARE KUTU 225-165 MAT LAK 3 PARÇA,2025-11-10 09:58:08,2025-11-10 10:38:26,40.3,Bakım çağrıldı,Sac Sıkışması,0
4005586,908278,IE25908278,M00317,KARE KUTU 225-165 MAT LAK 3 PARÇA,2025-11-11 11:06:22,2025-11-11 12:06:22,60,Kalıp söküldü,Hidrolik Kaçak,0
4005587,908281,IE26908281,M00002,TEPSI 325-125 MAT LAK 3 PARÇA,2026-04-10 09:36:02,2026-04-10 10:00:56,24.9,Yedek parça bekleniyor,Kalite Duruşu,0
4005588,908282,IE26908282,M00002,TEPSI 325-125 MAT LAK 3 PARÇA,2026-04-11 14:40:52,2026-04-11 15:06:22,25.5,Kalıp söküldü,Kalıp Değişimi,0
4005589,908284,IE26908284,M00002,TEPSI 325-125 MAT LAK 3 PARÇA,2026-04-13 18:38:36,2026-04-13 18:47:06,8.5,,Kalıp Değişimi,0
4005590,908285,IE25908285,M00032,TEPSI Ø068 VERNIKLI 3 PARÇA,2025-09-09 19:30:59,2025-09-09 19:50:23,19.4,Operatör müdahalesi,Ayar / Numune Onayı,0
4005591,908286,IE25908286,M00032,TEPSI Ø068 VERNIKLI 3 PARÇA,2025-09-10 19:18:46,2025-09-10 19:36:34,17.8,Yedek parça bekleniyor,Ayar / Numune Onayı,0
4005592,908287,IE25908287,M00032,TEPSI Ø068 VERNIKLI 3 PARÇA,2025-09-11 20:40:34,2025-09-11 20:48:04,7.5,Kalıp söküldü,Mekanik Arıza,0
4005593,908289,IE26908289,M00001,KAPAK 090-065 HAM TENEKE 2 PARÇA,2026-03-24 14:08:56,2026-03-24 14:21:44,12.8,Operatör müdahalesi,Vardiya Devri,0
4005594,908290,IE26908290,M00001,KAPAK 090-065 HAM TENEKE 2 PARÇA,2026-03-25 13:07:20,2026-03-25 14:02:50,55.5,Yedek parça bekleniyor,Planlı Bakım,0
4005595,908293,IE25908293,M00010,YUVARLAK KUTU 255-205 MAT LAK 3 PARÇA,2025-12-23 11:26:04,2025-12-23 11:54:58,28.9,Bakım çağrıldı,Mekanik Arıza,0
4005596,908294,IE25908294,M00010,YUVARLAK KUTU 255-205 MAT LAK 3 PARÇA,2025-12-24 13:56:50,2025-12-24 14:08:20,11.5,,Elektrik Arızası,0
4005597,908295,IE26908295,M00018,SEKIZGEN KUTU 135-145 HAM TENEKE 2 PARÇA,2026-01-02 15:54:24,2026-01-02 16:00:00,5.6,Kalıp söküldü,Kalıp Değişimi,0
4005598,908296,IE26908296,M00018,SEKIZGEN KUTU 135-145 HAM TENEKE 2 PARÇA,2026-01-03 15:19:55,2026-01-03 15:44:49,24.9,Yedek parça bekleniyor,Kalite Duruşu,0
4005599,908297,IE26908297,M00018,SEKIZGEN KUTU 135-145 HAM TENEKE 2 PARÇA,2026-01-04 16:27:43,2026-01-04 17:08:37,40.9,,Kalıp Değişimi,0
4005600,908298,IE25908298,M00005,DIKDORTGEN KUTU 145-095 MAT LAK 2 PARÇA,2025-07-19 12:27:01,2025-07-19 13:07:25,40.4,Operatör müdahalesi,Vardiya Devri,0
4005601,908299,IE25908299,M00005,DIKDORTGEN KUTU 145-095 MAT LAK 2 PARÇA,2025-07-20 20:15:38,2025-07-20 20:46:26,30.8,Operatör müdahalesi,Kalıp Değişimi,0
4005602,908300,IE25908300,M00005,DIKDORTGEN KUTU 145-095 MAT LAK 2 PARÇA,2025-07-21 10:02:22,2025-07-21 12:09:40,127.3,Yedek parça bekleniyor,Kalıp Değişimi,0
4005603,908302,IE25908302,M00018,SEKIZGEN KUTU 135-145 HAM TENEKE 2 PARÇA,2025-07-08 12:57:45,2025-07-08 13:24:39,26.9,Operatör müdahalesi,Kalıp Değişimi,0
4005604,908305,IE25908305,M00018,SEKIZGEN KUTU 135-145 HAM TENEKE 2 PARÇA,2025-07-11 08:36:00,2025-07-11 10:00:54,84.9,Yedek parça bekleniyor,Vardiya Devri,0
4005605,908306,IE26908306,M00125,KALP KUTU 160-090 MAT LAK 3 PARÇA,2026-05-26 09:59:27,2026-05-26 10:28:51,29.4,Bakım çağrıldı,Kalıp Değişimi,0
4005606,908307,IE26908307,M00125,KALP KUTU 160-090 MAT LAK 3 PARÇA,2026-05-27 18:36:16,2026-05-27 19:35:22,59.1,Kalıp söküldü,Mekanik Arıza,0
4005607,908313,IE25908313,M00287,PLAKA-BARDAK ALTI 205-050 VERNIKLI 3 PARÇA,2025-12-07 19:11:36,2025-12-07 20:52:12,100.6,Kalıp söküldü,Personel Yetersizliği,0
4005608,908316,IE25908316,M00287,PLAKA-BARDAK ALTI 205-050 VERNIKLI 3 PARÇA,2025-12-10 18:19:59,2025-12-10 18:26:11,6.2,,Malzeme Bekleme,0
4005609,908317,IE26908317,M00001,KAPAK 090-065 HAM TENEKE 2 PARÇA,2026-05-25 16:08:47,2026-05-25 16:45:41,36.9,Bakım çağrıldı,Mekanik Arıza,0
4005610,908318,IE26908318,M00001,KAPAK 090-065 HAM TENEKE 2 PARÇA,2026-05-26 21:11:54,2026-05-26 21:41:54,30,,Kalıp Değişimi,0
4005611,908319,IE26908319,M00001,KAPAK 090-065 HAM TENEKE 2 PARÇA,2026-05-27 22:01:36,2026-05-27 23:11:48,70.2,Bakım çağrıldı,Mekanik Arıza,0
4005612,908321,IE25908321,M00258,PLAKA-BARDAK ALTI 185-115 LITOGRAFI 3 PARÇA,2025-07-10 09:43:21,2025-07-10 10:01:15,17.9,,Ayar / Numune Onayı,0
4005613,908324,IE26908324,M00001,KAPAK 090-065 HAM TENEKE 2 PARÇA,2026-02-10 19:21:17,2026-02-10 20:43:17,82,,Mekanik Arıza,0
4005614,908326,IE26908326,M00001,KAPAK 090-065 HAM TENEKE 2 PARÇA,2026-02-12 14:29:31,2026-02-12 14:49:43,20.2,Bakım çağrıldı,Malzeme Bekleme,0
4005615,908327,IE26908327,M00003,YUVARLAK KUTU 120-105 HAM TENEKE 2 PARÇA,2026-05-25 16:23:36,2026-05-25 16:57:00,33.4,Operatör müdahalesi,Malzeme Bekleme,0
4005616,908328,IE26908328,M00003,YUVARLAK KUTU 120-105 HAM TENEKE 2 PARÇA,2026-05-26 17:26:08,2026-05-26 17:57:26,31.3,Yedek parça bekleniyor,Vardiya Devri,0
4005617,908329,IE26908329,M00003,YUVARLAK KUTU 120-105 HAM TENEKE 2 PARÇA,2026-05-27 21:43:52,2026-05-27 22:44:10,60.3,Yedek parça bekleniyor,Planlı Bakım,0
4005618,908330,IE26908330,M00205,OVAL KUTU 295-165 VERNIKLI 3 PARÇA,2026-01-31 10:04:24,2026-01-31 11:03:42,59.3,Operatör müdahalesi,Sac Sıkışması,0
4005619,908332,IE26908332,M00205,OVAL KUTU 295-165 VERNIKLI 3 PARÇA,2026-02-02 18:07:08,2026-02-02 18:49:56,42.8,Bakım çağrıldı,Kalıp Değişimi,0
4005620,908333,IE26908333,M00205,OVAL KUTU 295-165 VERNIKLI 3 PARÇA,2026-02-03 17:48:05,2026-02-03 18:27:17,39.2,Kalıp söküldü,Enerji Kesintisi,0
4005621,908334,IE25908334,M00004,YUVARLAK KUTU 210-255 MAT LAK 3 PARÇA,2025-12-11 08:46:58,2025-12-11 09:18:58,32,Kalıp söküldü,Sac Sıkışması,0
4005622,908335,IE25908335,M00004,YUVARLAK KUTU 210-255 MAT LAK 3 PARÇA,2025-12-12 15:42:56,2025-12-12 17:09:20,86.4,Operatör müdahalesi,Personel Yetersizliği,0
4005623,908336,IE25908336,M00004,YUVARLAK KUTU 210-255 MAT LAK 3 PARÇA,2025-12-13 17:40:06,2025-12-13 18:53:12,73.1,,Kalıp Değişimi,0
4005624,908338,IE26908338,M00001,KAPAK 090-065 HAM TENEKE 2 PARÇA,2026-05-25 14:51:20,2026-05-25 16:33:50,102.5,Yedek parça bekleniyor,Ayar / Numune Onayı,0
4005625,908339,IE26908339,M00001,KAPAK 090-065 HAM TENEKE 2 PARÇA,2026-05-26 17:12:55,2026-05-26 18:48:19,95.4,,Ayar / Numune Onayı,0
4005626,908340,IE26908340,M00001,KAPAK 090-065 HAM TENEKE 2 PARÇA,2026-05-27 16:10:34,2026-05-27 16:38:34,28,Operatör müdahalesi,Vardiya Devri,0
4005627,908341,IE26908341,M00027,KALP KUTU 160-090 LITOGRAFI 3 PARÇA,2026-05-25 18:34:58,2026-05-25 18:51:46,16.8,Bakım çağrıldı,Elektrik Arızası,0
4005628,908343,IE26908343,M00027,KALP KUTU 160-090 LITOGRAFI 3 PARÇA,2026-05-27 14:21:28,2026-05-27 15:13:34,52.1,,Kalıp Değişimi,0
4005629,908344,IE26908344,M00009,YUVARLAK KUTU 245-175 VERNIKLI 3 PARÇA,2026-05-28 21:23:41,2026-05-28 22:16:11,52.5,Bakım çağrıldı,Kalıp Değişimi,0
4005630,908346,IE26908346,M00009,YUVARLAK KUTU 245-175 VERNIKLI 3 PARÇA,2026-05-30 11:49:06,2026-05-30 12:22:00,32.9,,Malzeme Bekleme,0
4005631,908348,IE25908348,M00046,DIKDORTGEN KUTU 185-115 MAT LAK 2 PARÇA,2025-07-04 12:27:57,2025-07-04 13:05:21,37.4,,Ayar / Numune Onayı,0
4005632,908350,IE25908350,M00046,DIKDORTGEN KUTU 185-115 MAT LAK 2 PARÇA,2025-07-06 08:59:27,2025-07-06 09:45:27,46,Bakım çağrıldı,Kalite Duruşu,0
4005633,908351,IE26908351,M00018,SEKIZGEN KUTU 135-145 HAM TENEKE 2 PARÇA,2026-03-17 20:06:57,2026-03-17 21:04:09,57.2,Operatör müdahalesi,Kalıp Değişimi,0
4005634,908352,IE26908352,M00018,SEKIZGEN KUTU 135-145 HAM TENEKE 2 PARÇA,2026-03-18 07:54:19,2026-03-18 08:13:13,18.9,Kalıp söküldü,Kalite Duruşu,0
4005635,908353,IE26908353,M00018,SEKIZGEN KUTU 135-145 HAM TENEKE 2 PARÇA,2026-03-19 20:38:53,2026-03-19 21:07:41,28.8,Kalıp söküldü,Planlı Bakım,0
4005636,908354,IE26908354,M00018,SEKIZGEN KUTU 135-145 HAM TENEKE 2 PARÇA,2026-03-20 19:20:49,2026-03-20 19:46:01,25.2,,Planlı Bakım,0
4005637,908355,IE25908355,M00005,DIKDORTGEN KUTU 145-095 MAT LAK 2 PARÇA,2025-08-13 15:54:18,2025-08-13 16:15:24,21.1,Yedek parça bekleniyor,Kalıp Değişimi,0
4005638,908356,IE25908356,M00005,DIKDORTGEN KUTU 145-095 MAT LAK 2 PARÇA,2025-08-14 08:52:19,2025-08-14 09:36:25,44.1,Yedek parça bekleniyor,Ayar / Numune Onayı,0
4005639,908357,IE25908357,M00005,DIKDORTGEN KUTU 145-095 MAT LAK 2 PARÇA,2025-08-15 10:55:14,2025-08-15 11:55:50,60.6,Yedek parça bekleniyor,Planlı Bakım,0
4005640,908359,IE25908359,M00002,TEPSI 325-125 MAT LAK 3 PARÇA,2025-11-20 22:33:28,2025-11-20 22:52:04,18.6,Bakım çağrıldı,Kalıp Değişimi,0
4005641,908360,IE25908360,M00002,TEPSI 325-125 MAT LAK 3 PARÇA,2025-11-21 08:20:30,2025-11-21 08:26:06,5.6,Operatör müdahalesi,Ayar / Numune Onayı,0
4005642,908361,IE25908361,M00002,TEPSI 325-125 MAT LAK 3 PARÇA,2025-11-22 20:48:07,2025-11-22 21:23:43,35.6,Yedek parça bekleniyor,Ayar / Numune Onayı,0
4005643,908362,IE25908362,M00002,TEPSI 325-125 MAT LAK 3 PARÇA,2025-11-23 14:36:54,2025-11-23 15:42:36,65.7,Yedek parça bekleniyor,Kalıp Değişimi,0
4005644,908363,IE26908363,M00012,YUVARLAK KUTU 205-050 LITOGRAFI 2 PARÇA,2026-06-10 14:17:07,2026-06-10 14:26:55,9.8,Operatör müdahalesi,Personel Yetersizliği,0
4005645,908364,IE26908364,M00012,YUVARLAK KUTU 205-050 LITOGRAFI 2 PARÇA,2026-06-11 13:51:25,2026-06-11 14:34:13,42.8,Operatör müdahalesi,Kalıp Değişimi,0
4005646,908366,IE26908366,M00012,YUVARLAK KUTU 205-050 LITOGRAFI 2 PARÇA,2026-06-13 16:17:11,2026-06-13 16:24:23,7.2,Bakım çağrıldı,Ayar / Numune Onayı,0
4005647,908367,IE25908367,M00006,SEKILLI KUTU 175-205 HAM TENEKE 3 PARÇA,2025-07-13 20:41:33,2025-07-13 21:30:57,49.4,,Malzeme Bekleme,0
4005648,908368,IE25908368,M00006,SEKILLI KUTU 175-205 HAM TENEKE 3 PARÇA,2025-07-14 16:27:10,2025-07-14 16:59:46,32.6,Bakım çağrıldı,Mekanik Arıza,0
4005649,908369,IE25908369,M00006,SEKILLI KUTU 175-205 HAM TENEKE 3 PARÇA,2025-07-15 12:20:52,2025-07-15 13:02:58,42.1,Operatör müdahalesi,Kalite Duruşu,0
4005650,908370,IE25908370,M00006,SEKILLI KUTU 175-205 HAM TENEKE 3 PARÇA,2025-07-16 21:14:41,2025-07-16 22:54:59,100.3,,Elektrik Arızası,0
4005651,908374,IE25908374,M00003,YUVARLAK KUTU 120-105 HAM TENEKE 2 PARÇA,2025-10-02 10:09:19,2025-10-02 11:06:55,57.6,Kalıp söküldü,Kalite Duruşu,0
4005652,908375,IE25908375,M00003,YUVARLAK KUTU 120-105 HAM TENEKE 2 PARÇA,2025-10-03 19:09:59,2025-10-03 20:28:29,78.5,Operatör müdahalesi,Vardiya Devri,0
4005653,908377,IE25908377,M00003,YUVARLAK KUTU 120-105 HAM TENEKE 2 PARÇA,2025-10-05 13:11:06,2025-10-05 13:42:06,31,,Kalıp Değişimi,0
4005654,908380,IE26908380,M00006,SEKILLI KUTU 175-205 HAM TENEKE 3 PARÇA,2026-03-01 20:41:40,2026-03-01 22:01:04,79.4,Operatör müdahalesi,Mekanik Arıza,0
4005655,908382,IE26908382,M00153,YUVARLAK KUTU 255-205 HAM TENEKE 2 PARÇA,2026-03-22 09:28:01,2026-03-22 09:53:25,25.4,Kalıp söküldü,Hidrolik Kaçak,0
4005656,908383,IE26908383,M00153,YUVARLAK KUTU 255-205 HAM TENEKE 2 PARÇA,2026-03-23 15:18:20,2026-03-23 15:26:20,8,Operatör müdahalesi,Sac Sıkışması,0
4005657,908384,IE26908384,M00153,YUVARLAK KUTU 255-205 HAM TENEKE 2 PARÇA,2026-03-24 16:26:32,2026-03-24 17:15:26,48.9,Operatör müdahalesi,Sac Sıkışması,0
4005658,908385,IE26908385,M00004,YUVARLAK KUTU 210-255 MAT LAK 3 PARÇA,2026-06-22 18:34:41,2026-06-22 19:48:29,73.8,Kalıp söküldü,Personel Yetersizliği,0
4005659,908386,IE26908386,M00004,YUVARLAK KUTU 210-255 MAT LAK 3 PARÇA,2026-06-23 17:38:34,2026-06-23 17:47:46,9.2,Bakım çağrıldı,Malzeme Bekleme,0
4005660,908387,IE26908387,M00004,YUVARLAK KUTU 210-255 MAT LAK 3 PARÇA,2026-06-24 15:41:36,2026-06-24 15:48:12,6.6,,Ayar / Numune Onayı,0
4005661,908388,IE26908388,M00004,YUVARLAK KUTU 210-255 MAT LAK 3 PARÇA,2026-06-25 09:33:02,2026-06-25 09:48:02,15,Kalıp söküldü,Mekanik Arıza,0
4005662,908389,IE25908389,M00018,SEKIZGEN KUTU 135-145 HAM TENEKE 2 PARÇA,2025-09-08 14:51:26,2025-09-08 15:59:20,67.9,,Planlı Bakım,0
4005663,908393,IE26908393,M00010,YUVARLAK KUTU 255-205 MAT LAK 3 PARÇA,2026-01-27 17:10:38,2026-01-27 18:20:44,70.1,Bakım çağrıldı,Kalıp Değişimi,0
4005664,908394,IE26908394,M00010,YUVARLAK KUTU 255-205 MAT LAK 3 PARÇA,2026-01-28 13:00:07,2026-01-28 13:16:01,15.9,Bakım çağrıldı,Hidrolik Kaçak,0
4005665,908396,IE25908396,M00008,YUVARLAK KUTU 210-255 HAM TENEKE 3 PARÇA,2025-08-01 15:19:09,2025-08-01 15:32:03,12.9,Yedek parça bekleniyor,Hidrolik Kaçak,0
4005666,908398,IE25908398,M00008,YUVARLAK KUTU 210-255 HAM TENEKE 3 PARÇA,2025-08-03 16:12:30,2025-08-03 16:33:12,20.7,Yedek parça bekleniyor,Malzeme Bekleme,0
4005667,908399,IE26908399,M00002,TEPSI 325-125 MAT LAK 3 PARÇA,2026-02-19 21:13:00,2026-02-19 21:34:18,21.3,Bakım çağrıldı,Mekanik Arıza,0
4005668,908400,IE26908400,M00002,TEPSI 325-125 MAT LAK 3 PARÇA,2026-02-20 13:30:34,2026-02-20 13:35:58,5.4,Kalıp söküldü,Kalıp Değişimi,0
4005669,908402,IE26908402,M00002,TEPSI 325-125 MAT LAK 3 PARÇA,2026-02-22 21:44:35,2026-02-22 22:54:35,70,,Planlı Bakım,0
4005670,908403,IE25908403,M00035,YUVARLAK KUTU 120-105 HAM TENEKE 3 PARÇA,2025-06-30 14:42:31,2025-06-30 15:41:01,58.5,Yedek parça bekleniyor,Planlı Bakım,0
4005671,908404,IE25908404,M00035,YUVARLAK KUTU 120-105 HAM TENEKE 3 PARÇA,2025-07-01 15:02:05,2025-07-01 15:08:59,6.9,Kalıp söküldü,Kalıp Değişimi,0
4005672,908405,IE25908405,M00035,YUVARLAK KUTU 120-105 HAM TENEKE 3 PARÇA,2025-07-02 18:50:53,2025-07-02 20:24:35,93.7,,Enerji Kesintisi,0
4005673,908406,IE25908406,M00035,YUVARLAK KUTU 120-105 HAM TENEKE 3 PARÇA,2025-07-03 12:08:41,2025-07-03 12:22:23,13.7,Yedek parça bekleniyor,Personel Yetersizliği,0
4005674,908407,IE25908407,M00104,DIKDORTGEN KUTU 185-115 HAM TENEKE 2 PARÇA,2025-12-05 20:19:08,2025-12-05 20:44:20,25.2,Yedek parça bekleniyor,Elektrik Arızası,0
4005675,908409,IE25908409,M00104,DIKDORTGEN KUTU 185-115 HAM TENEKE 2 PARÇA,2025-12-07 16:53:34,2025-12-07 17:00:52,7.3,Yedek parça bekleniyor,Kalıp Değişimi,0
4005676,908410,IE26908410,M00018,SEKIZGEN KUTU 135-145 HAM TENEKE 2 PARÇA,2026-06-20 19:43:48,2026-06-20 20:09:00,25.2,,Kalıp Değişimi,0
4005677,908411,IE26908411,M00018,SEKIZGEN KUTU 135-145 HAM TENEKE 2 PARÇA,2026-06-21 16:23:09,2026-06-21 16:42:57,19.8,Yedek parça bekleniyor,Ayar / Numune Onayı,0
4005678,908414,IE25908414,M00007,DIKDORTGEN KUTU 185-115 MAT LAK 2 PARÇA,2025-11-07 20:32:44,2025-11-07 21:03:38,30.9,Operatör müdahalesi,Sac Sıkışması,0
4005679,908415,IE25908415,M00007,DIKDORTGEN KUTU 185-115 MAT LAK 2 PARÇA,2025-11-08 10:32:49,2025-11-08 11:29:43,56.9,Bakım çağrıldı,Planlı Bakım,0
4005680,908416,IE25908416,M00007,DIKDORTGEN KUTU 185-115 MAT LAK 2 PARÇA,2025-11-09 16:59:32,2025-11-09 17:08:32,9,Kalıp söküldü,Mekanik Arıza,0
4005681,908417,IE25908417,M00007,DIKDORTGEN KUTU 185-115 MAT LAK 2 PARÇA,2025-11-10 17:04:46,2025-11-10 17:25:34,20.8,Yedek parça bekleniyor,Sac Sıkışması,0
4005682,908418,IE25908418,M00015,YUVARLAK KUTU Ø092 MAT LAK 2 PARÇA,2025-12-24 21:42:53,2025-12-24 23:04:11,81.3,Bakım çağrıldı,Ayar / Numune Onayı,0
4005683,908419,IE25908419,M00015,YUVARLAK KUTU Ø092 MAT LAK 2 PARÇA,2025-12-25 12:40:55,2025-12-25 14:32:07,111.2,Yedek parça bekleniyor,Mekanik Arıza,0
4005684,908420,IE25908420,M00015,YUVARLAK KUTU Ø092 MAT LAK 2 PARÇA,2025-12-26 12:22:08,2025-12-26 13:13:32,51.4,Bakım çağrıldı,Elektrik Arızası,0
4005685,908421,IE25908421,M00015,YUVARLAK KUTU Ø092 MAT LAK 2 PARÇA,2025-12-27 16:55:59,2025-12-27 17:32:05,36.1,,Hidrolik Kaçak,0
4005686,908422,IE26908422,M00017,OVAL KUTU 295-165 VERNIKLI 2 PARÇA,2026-05-23 10:06:52,2026-05-23 10:44:04,37.2,Kalıp söküldü,Mekanik Arıza,0
4005687,908423,IE26908423,M00017,OVAL KUTU 295-165 VERNIKLI 2 PARÇA,2026-05-24 12:04:03,2026-05-24 13:09:51,65.8,,Kalıp Değişimi,0
4005688,908426,IE25908426,M00055,YUVARLAK-SIVAMA KUTU Ø068 MAT LAK 3 PARÇA,2025-07-15 21:04:35,2025-07-15 21:56:53,52.3,,Malzeme Bekleme,0
4005689,908430,IE25908430,M00005,DIKDORTGEN KUTU 145-095 MAT LAK 2 PARÇA,2025-07-09 15:10:14,2025-07-09 16:03:08,52.9,Bakım çağrıldı,Elektrik Arızası,0
4005690,908431,IE25908431,M00005,DIKDORTGEN KUTU 145-095 MAT LAK 2 PARÇA,2025-07-10 21:46:58,2025-07-10 22:28:28,41.5,Operatör müdahalesi,Kalıp Değişimi,0
4005691,908432,IE25908432,M00005,DIKDORTGEN KUTU 145-095 MAT LAK 2 PARÇA,2025-07-11 09:49:31,2025-07-11 10:18:13,28.7,Bakım çağrıldı,Mekanik Arıza,0
4005692,908433,IE26908433,M00006,SEKILLI KUTU 175-205 HAM TENEKE 3 PARÇA,2026-07-21 16:56:32,2026-07-21 17:12:56,16.4,,Mekanik Arıza,0
4005693,908435,IE26908435,M00006,SEKILLI KUTU 175-205 HAM TENEKE 3 PARÇA,2026-07-23 18:03:36,2026-07-23 18:14:06,10.5,,Malzeme Bekleme,0
4005694,908437,IE25908437,M00016,YUVARLAK-SIVAMA KUTU Ø068 HAM TENEKE 2 PARÇA,2025-11-20 08:05:05,2025-11-20 09:43:53,98.8,Yedek parça bekleniyor,Planlı Bakım,0
4005695,908438,IE25908438,M00016,YUVARLAK-SIVAMA KUTU Ø068 HAM TENEKE 2 PARÇA,2025-11-21 21:25:23,2025-11-21 21:42:53,17.5,Yedek parça bekleniyor,Planlı Bakım,0
4005696,908439,IE25908439,M00016,YUVARLAK-SIVAMA KUTU Ø068 HAM TENEKE 2 PARÇA,2025-11-22 16:34:39,2025-11-22 17:19:21,44.7,Kalıp söküldü,Elektrik Arızası,0
