ID,YIL,HAFTA,GRUP,TOPLAM
900001,2026,10,KESIM,595.8
900002,2026,10,MATBAA,232.5
900003,2026,10,PRES,605.9
900004,2026,10,MONTAJ,493.9
900005,2026,14,KESIM,209.9
900006,2026,14,MATBAA,187.5
900007,2026,14,MONTAJ,373.7
900008,2026,27,KESIM,203.1
900009,2026,27,PRES,176.2
900010,2026,27,MONTAJ,248.4
900011,2025,31,KESIM,384.4
900012,2025,31,MATBAA,256.9
900013,2025,31,PRES,329.4
900014,2025,31,MONTAJ,548
900015,2026,19,KESIM,207
900016,2026,20,MATBAA,388.9
900017,2026,20,PRES,181
900018,2026,20,MONTAJ,536.2
900019,2026,31,KESIM,132.2
900022,2026,11,KESIM,587.8
900023,2026,11,DIJITAL,214.9
900024,2026,11,PRES,141.3
900025,2026,11,MONTAJ,510
900026,2026,20,KESIM,566.2
900027,2026,20,MATBAA,430.9
900028,2026,21,MONTAJ,587.6
900029,2026,30,KESIM,269.7
900030,2026,30,MATBAA,389.8
900031,2026,30,PRES,268.1
900032,2026,30,MONTAJ,403.4
900033,2025,39,KESIM,383.2
900034,2025,39,MATBAA,558.9
900035,2025,40,MONTAJ,127
900036,2025,35,KESIM,469.8
900037,2025,35,DIJITAL,284.4
900038,2025,35,PRES,351.5
900039,2025,35,MONTAJ,343.1
900040,2025,42,KESIM,171.2
900041,2025,42,DIJITAL,376.9
900042,2025,42,PRES,208.8
900043,2025,42,MONTAJ,405.8
900044,2026,9,KESIM,143.8
900045,2026,9,MATBAA,510.9
900046,2026,9,MONTAJ,381.8
900047,2026,24,KESIM,408.8
900048,2026,24,MATBAA,135.4
900049,2026,24,PRES,295.8
900050,2026,24,MONTAJ,538.5
900051,2025,46,KESIM,342.1
900052,2025,46,PRES,216.8
900053,2025,46,MONTAJ,287.3
900054,2025,27,KESIM,485.8
900055,2025,27,MATBAA,330.1
900056,2025,28,MONTAJ,538.7
900057,2025,51,KESIM,445.3
900058,2025,52,MATBAA,406.9
900059,2025,52,MONTAJ,178.9
900060,2025,30,KESIM,189.1
900061,2025,30,DIJITAL,392.1
900062,2025,30,PRES,639.8
900063,2025,30,MONTAJ,435.9
900064,2026,26,KESIM,580.4
900065,2026,26,MATBAA,536
900066,2026,26,PRES,530.5
900067,2026,26,MONTAJ,335.6
900068,2025,40,KESIM,243.9
900069,2025,40,PRES,215.4
900070,2025,40,MONTAJ,146.7
900071,2025,49,KESIM,495.9
900072,2025,50,DIJITAL,264.6
900073,2025,50,PRES,125.3
900074,2025,50,MONTAJ,399.2
900075,2025,28,KESIM,635.8
900076,2025,28,MATBAA,361.3
900077,2025,29,MONTAJ,221
900078,2026,8,KESIM,188.2
900079,2026,8,DIJITAL,495.2
900080,2026,8,PRES,181.3
900081,2026,9,MONTAJ,133.7
900082,2025,38,KESIM,132
900083,2025,38,MATBAA,283.7
900084,2025,38,PRES,450.1
900085,2025,38,MONTAJ,138.8
900086,2026,31,KESIM,298.6
900087,2026,31,DIJITAL,196.1
900088,2026,31,PRES,419.5
900089,2026,31,MONTAJ,211.7
900090,2025,44,KESIM,333.7
900091,2025,44,DIJITAL,202.2
900092,2025,45,PRES,265.3
900093,2025,45,MONTAJ,177
900094,2025,26,KESIM,435.4
900095,2025,27,PRES,487.8
900096,2025,27,MONTAJ,550.4
900097,2025,48,KESIM,631.2
900098,2025,48,MATBAA,252.5
900099,2025,48,MONTAJ,332.7
900100,2026,15,KESIM,607.6
900101,2026,15,DIJITAL,307.3
900102,2026,16,PRES,348.1
900103,2026,16,MONTAJ,146.6
900104,2026,5,KESIM,231.2
900105,2026,5,DIJITAL,432
900106,2026,5,PRES,470.9
900107,2026,5,MONTAJ,172
900108,2026,16,KESIM,495.9
900109,2026,16,MATBAA,394.9
900110,2026,17,PRES,475.4
900111,2026,17,MONTAJ,278.2
900112,2025,44,KESIM,178.9
900113,2025,44,MATBAA,469.4
900114,2025,45,PRES,496.7
900115,2025,45,MONTAJ,476.5
900116,2026,8,KESIM,224.7
900117,2026,8,MATBAA,376.2
900118,2026,8,PRES,611.2
900119,2026,8,MONTAJ,490.4
900120,2026,27,KESIM,183.2
900121,2026,28,PRES,296.6
900122,2026,28,MONTAJ,506
900123,2026,3,KESIM,530.5
900124,2026,3,MATBAA,410.3
900125,2026,3,PRES,568
900126,2026,3,MONTAJ,249.4
900127,2025,39,KESIM,564.7
900128,2025,39,DIJITAL,629.8
900129,2025,39,PRES,197.7
900130,2025,39,MONTAJ,480.6
900131,2025,40,KESIM,607.1
900132,2025,40,PRES,435.2
900133,2025,41,MONTAJ,576.3
900134,2026,25,KESIM,365.2
900135,2026,25,PRES,583.5
900136,2026,25,MONTAJ,361.3
900137,2025,40,KESIM,432.3
900138,2025,40,PRES,606.4
900139,2025,41,MONTAJ,616.1
900140,2025,41,KESIM,232.5
900141,2025,41,DIJITAL,493
900142,2025,41,PRES,318.2
900143,2025,41,MONTAJ,152.8
900144,2026,2,KESIM,275.5
900145,2026,2,DIJITAL,632.5
900146,2026,2,PRES,546.7
900147,2026,2,MONTAJ,400.9
900148,2026,24,KESIM,125.8
900149,2026,24,DIJITAL,633.4
900150,2026,24,PRES,303.6
900151,2026,24,MONTAJ,173.9
900152,2025,40,KESIM,450.6
900153,2025,40,PRES,615.8
900154,2025,41,MONTAJ,179.3
900155,2025,29,KESIM,629.1
900156,2025,29,DIJITAL,206.5
900157,2025,29,PRES,276
900158,2025,29,MONTAJ,157.4
900159,2025,47,KESIM,136.8
900160,2025,47,MATBAA,267.6
900161,2025,47,PRES,337.8
900162,2025,47,MONTAJ,552.5
900163,2025,47,KESIM,637.1
900164,2025,48,MATBAA,264.3
900165,2025,48,MONTAJ,479.7
900166,2026,6,KESIM,621.5
900167,2026,6,MATBAA,140.8
900168,2026,6,PRES,523.4
900169,2026,6,MONTAJ,331.2
900170,2026,19,KESIM,353.1
900171,2026,19,MATBAA,536.1
900172,2026,19,PRES,579.8
900173,2026,19,MONTAJ,229.2
900174,2025,52,KESIM,462.2
900175,2025,52,PRES,368.9
900176,2025,52,MONTAJ,277.1
900177,2026,25,KESIM,524
900178,2026,25,MATBAA,479.2
900179,2026,25,MONTAJ,508.9
900180,2026,4,KESIM,354.8
900181,2026,4,DIJITAL,591.8
900182,2026,5,PRES,123.4
900183,2026,5,MONTAJ,400
900184,2025,48,KESIM,316.9
900185,2025,48,MATBAA,318.7
900186,2025,48,MONTAJ,264.2
900187,2025,28,KESIM,276.5
900188,2025,29,PRES,173.8
900189,2025,29,MONTAJ,289.9
900190,2025,45,KESIM,206
900191,2025,46,MATBAA,186.2
900192,2025,46,PRES,147.1
900193,2025,46,MONTAJ,213
900194,2025,46,KESIM,275.6
900195,2025,46,MATBAA,502.3
900196,2025,47,MONTAJ,221.5
900197,2025,48,KESIM,259.1
900198,2025,49,MATBAA,631.8
900199,2025,49,PRES,473.2
900200,2025,49,MONTAJ,418.9
900201,2025,52,KESIM,397.9
900202,2025,52,MATBAA,522.3
900203,2025,52,PRES,381.7
900204,2025,52,MONTAJ,242.1
900205,2025,32,KESIM,543.5
900206,2025,32,MATBAA,234
900207,2025,32,PRES,489.9
900208,2025,33,MONTAJ,624.9
900209,2025,33,KESIM,447.6
900210,2025,33,DIJITAL,530.8
900211,2025,33,PRES,625.7
900212,2025,33,MONTAJ,152.7
900213,2025,48,KESIM,183.9
900214,2025,48,MATBAA,398.5
900215,2025,49,MONTAJ,459.6
900216,2025,26,KESIM,334.7
900217,2025,27,PRES,403.7
900218,2025,27,MONTAJ,202.3
900219,2026,7,KESIM,407.9
900220,2026,7,PRES,379.7
900221,2026,7,MONTAJ,564.4
900222,2025,50,KESIM,468.5
900223,2025,50,MATBAA,233.5
900224,2025,50,MONTAJ,367.8
900225,2026,28,KESIM,311.2
900226,2026,28,PRES,432.2
900227,2026,28,MONTAJ,168
900228,2025,38,KESIM,394.2
900229,2025,38,DIJITAL,312.4
900230,2025,38,PRES,454.1
900231,2025,38,MONTAJ,551.9
900232,2025,28,KESIM,555.8
900233,2025,28,PRES,504.6
900234,2025,28,MONTAJ,147.9
900239,2025,34,KESIM,637.6
900240,2025,34,MATBAA,474.7
900241,2025,34,PRES,518
900242,2025,34,MONTAJ,292
900243,2026,2,KESIM,412.2
900244,2026,2,DIJITAL,523.6
900245,2026,2,PRES,267.8
900246,2026,2,MONTAJ,581.6
900247,2025,28,KESIM,638.3
900248,2025,28,MATBAA,527
900249,2025,28,MONTAJ,376.3
900250,2025,52,KESIM,456.5
900251,2025,52,DIJITAL,412.6
900252,2025,52,PRES,310.6
900253,2025,1,MONTAJ,477.6
900254,2026,1,KESIM,493
900255,2026,1,MATBAA,270.3
900256,2026,1,MONTAJ,300.3
900257,2025,27,KESIM,516.4
900258,2025,27,MATBAA,535.5
900259,2025,27,PRES,569.4
900260,2025,28,MONTAJ,244.5
900261,2025,42,KESIM,470.5
900262,2025,42,DIJITAL,460.4
900263,2025,42,PRES,181.2
900264,2025,42,MONTAJ,175.7
900265,2026,22,KESIM,576.2
900266,2026,22,DIJITAL,617
900267,2026,22,PRES,181.5
900268,2026,22,MONTAJ,128.4
900269,2026,16,KESIM,509.4
900270,2026,16,DIJITAL,539.8
900271,2026,16,PRES,506.5
900272,2026,16,MONTAJ,604.1
900273,2025,41,KESIM,524.4
900274,2025,41,DIJITAL,219.7
900275,2025,42,PRES,355.9
900276,2025,42,MONTAJ,230.3
900277,2025,38,KESIM,297
900278,2025,38,MATBAA,120.4
900279,2025,38,MONTAJ,296
900280,2026,26,KESIM,328.6
900281,2026,26,MATBAA,272.2
900282,2026,26,MONTAJ,634
900283,2025,28,KESIM,320.7
900284,2025,29,PRES,353.7
900285,2025,29,MONTAJ,196.1
900286,2025,43,KESIM,511.4
900287,2025,43,PRES,152.8
900288,2025,43,MONTAJ,316.6
900289,2025,39,KESIM,515.6
900290,2025,39,PRES,263.9
900291,2025,39,MONTAJ,610.1
900292,2026,12,KESIM,582.2
900293,2026,12,MATBAA,238.8
900294,2026,13,PRES,327.6
900295,2026,13,MONTAJ,558.6
900296,2026,27,KESIM,174.2
900297,2026,27,MATBAA,527
900298,2026,27,PRES,607.5
900299,2026,27,MONTAJ,175.5
900300,2025,34,KESIM,328
900301,2025,34,PRES,209.2
900302,2025,34,MONTAJ,347.3
900303,2025,1,KESIM,474.1
900304,2025,1,MATBAA,506.7
900305,2026,1,PRES,471.2
900306,2026,1,MONTAJ,408.5
900307,2025,38,KESIM,498.4
900308,2025,38,MATBAA,469.8
900309,2025,38,MONTAJ,207.6
900310,2026,29,KESIM,226.3
900311,2026,29,PRES,371.8
900312,2026,29,MONTAJ,379.2
900313,2025,29,KESIM,510.1
900314,2025,29,MATBAA,204.2
900315,2025,29,MONTAJ,611.1
900316,2026,16,KESIM,206.9
900317,2026,16,MATBAA,437.9
900318,2026,16,MONTAJ,270
900319,2026,19,KESIM,208.6
900320,2026,19,DIJITAL,521.2
900321,2026,20,PRES,466.7
900322,2026,20,MONTAJ,616.7
900323,2025,27,KESIM,425.4
900324,2025,27,MATBAA,613.8
900325,2025,27,MONTAJ,178.6
900326,2026,23,KESIM,431.8
900327,2026,23,PRES,344.2
900328,2026,24,MONTAJ,171.9
900329,2025,48,KESIM,417.7
900330,2025,48,MATBAA,433.2
900331,2025,48,MONTAJ,363.4
900332,2025,30,KESIM,336.1
900333,2025,30,DIJITAL,146.8
900334,2025,30,PRES,626.6
900335,2025,31,MONTAJ,130.5
900336,2025,36,KESIM,480.2
900337,2025,36,PRES,542.7
900338,2025,36,MONTAJ,295.5
900339,2026,14,KESIM,484.1
900340,2026,14,PRES,165.4
900341,2026,14,MONTAJ,489.5
900342,2025,34,KESIM,359.2
900343,2025,34,DIJITAL,194.2
900344,2025,34,PRES,351.9
900345,2025,34,MONTAJ,469.2
900346,2025,26,KESIM,133.7
900347,2025,26,PRES,544
900348,2025,26,MONTAJ,358.5
900349,2025,31,KESIM,490.4
900350,2025,31,MATBAA,457.4
900351,2025,31,MONTAJ,144.6
900352,2026,24,KESIM,373.8
900353,2026,24,PRES,376.6
900354,2026,24,MONTAJ,245.4
900355,2025,47,KESIM,555.3
900356,2025,47,PRES,254.8
900357,2025,47,MONTAJ,191.7
900358,2025,34,KESIM,138.9
900359,2025,34,PRES,420.2
900360,2025,34,MONTAJ,296
900361,2026,8,KESIM,561.9
900362,2026,8,MATBAA,460
900363,2026,9,PRES,590.8
900364,2026,9,MONTAJ,259.2
900365,2026,7,KESIM,355.4
900366,2026,8,DIJITAL,459
900367,2026,8,PRES,368
900368,2026,8,MONTAJ,560.2
900369,2026,19,KESIM,212.9
900370,2026,19,MATBAA,312.7
900371,2026,19,PRES,152.8
900372,2026,20,MONTAJ,622.1
900373,2025,45,KESIM,201.6
900374,2025,45,MATBAA,517.3
900375,2025,45,PRES,591
900376,2025,45,MONTAJ,571.2
900377,2026,8,KESIM,565.4
900378,2026,8,PRES,332
900379,2026,9,MONTAJ,596.4
900380,2026,26,KESIM,607.5
900381,2026,27,MATBAA,213.5
900382,2026,27,PRES,141.3
900383,2026,27,MONTAJ,357.6
900384,2025,27,KESIM,196.3
900385,2025,27,MATBAA,494.6
900386,2025,27,PRES,428.3
900387,2025,27,MONTAJ,632.4
900388,2025,37,KESIM,452.8
900389,2025,37,DIJITAL,149.1
900390,2025,37,PRES,178.2
900391,2025,38,MONTAJ,120.9
900392,2025,1,KESIM,285.4
900393,2025,1,DIJITAL,217.9
900394,2026,1,PRES,304.5
900395,2026,1,MONTAJ,460
900396,2026,17,KESIM,369.5
900397,2026,17,PRES,471.8
900398,2026,17,MONTAJ,591.9
900399,2025,44,KESIM,239.8
900400,2025,44,MATBAA,606.9
900401,2025,44,PRES,549.5
900402,2025,45,MONTAJ,511.9
900403,2026,12,KESIM,250.7
900404,2026,12,DIJITAL,585.9
900405,2026,12,PRES,364.6
900406,2026,13,MONTAJ,161.9
900410,2026,12,KESIM,412.3
900411,2026,12,MATBAA,444.9
900412,2026,12,PRES,464.8
900413,2026,13,MONTAJ,638.4
900414,2025,27,KESIM,142.8
900415,2025,27,DIJITAL,270.3
900416,2025,27,PRES,338.5
900417,2025,27,MONTAJ,186.2
900418,2025,26,KESIM,448.9
900419,2025,26,MATBAA,423.6
900420,2025,26,MONTAJ,190.8
900421,2025,52,KESIM,495.7
900422,2025,52,DIJITAL,243.7
900423,2025,1,PRES,614.3
900424,2025,1,MONTAJ,554.4
900425,2025,50,KESIM,473.5
900426,2025,50,MATBAA,162.5
900427,2025,51,PRES,397.6
900428,2025,51,MONTAJ,628.7
900429,2026,26,KESIM,511.6
900430,2026,26,PRES,353.7
900431,2026,26,MONTAJ,196.7
900432,2025,36,KESIM,228.8
900433,2025,36,DIJITAL,202.3
900434,2025,37,PRES,210.2
900435,2025,37,MONTAJ,368.5
900436,2025,46,KESIM,613.7
900437,2025,46,MATBAA,460.8
900438,2025,46,MONTAJ,379.3
900439,2026,3,KESIM,303
900440,2026,3,DIJITAL,140.4
900441,2026,4,PRES,398.9
900442,2026,4,MONTAJ,454
900443,2026,16,KESIM,175.4
900444,2026,17,DIJITAL,625
900445,2026,17,PRES,425.3
900446,2026,17,MONTAJ,269.8
900447,2025,26,KESIM,181.2
900448,2025,26,MATBAA,613.7
900449,2025,26,MONTAJ,473.5
900450,2025,46,KESIM,468.4
900451,2025,46,DIJITAL,173
900452,2025,46,PRES,204.7
900453,2025,47,MONTAJ,621.1
900454,2026,21,KESIM,158.6
900455,2026,21,MATBAA,283.2
900456,2026,22,MONTAJ,469.4
900460,2026,16,KESIM,281.3
900461,2026,16,MATBAA,550.4
900462,2026,16,PRES,375.2
900463,2026,16,MONTAJ,601.5
900464,2025,43,KESIM,419.8
900465,2025,43,MATBAA,163.8
900466,2025,43,PRES,411.5
900467,2025,43,MONTAJ,515.9
900468,2025,46,KESIM,576.9
900469,2025,46,DIJITAL,128
900470,2025,46,PRES,592.9
900471,2025,47,MONTAJ,235.1
900472,2025,26,KESIM,219.5
900473,2025,27,MATBAA,573.7
900474,2025,27,MONTAJ,203.1
900475,2026,28,KESIM,459.6
900476,2026,28,PRES,465.4
900477,2026,29,MONTAJ,146.2
900478,2025,48,KESIM,357.9
900479,2025,48,DIJITAL,405.3
900480,2025,49,PRES,594.9
900481,2025,49,MONTAJ,608.3
900482,2026,18,KESIM,126.9
900483,2026,18,DIJITAL,464.9
900484,2026,19,PRES,208.3
900485,2026,19,MONTAJ,310.8
900486,2026,26,KESIM,271.8
900487,2026,26,DIJITAL,361.7
900488,2026,26,PRES,484.6
900489,2026,27,MONTAJ,455.2
900490,2026,29,KESIM,438.7
900491,2026,29,DIJITAL,151.7
900492,2026,29,PRES,154
900493,2026,30,MONTAJ,120.7
900494,2026,21,KESIM,457.3
900495,2026,21,DIJITAL,350
900496,2026,21,PRES,516.5
900497,2026,21,MONTAJ,604
900498,2026,24,KESIM,126.6
900499,2026,24,MATBAA,257.4
900500,2026,24,PRES,473.1
900501,2026,24,MONTAJ,309.5
900502,2026,17,KESIM,233.3
900503,2026,17,DIJITAL,149.7
900504,2026,17,PRES,295.7
900505,2026,17,MONTAJ,592.5
900506,2026,6,KESIM,454.2
900507,2026,6,DIJITAL,159.9
900508,2026,6,PRES,493.3
900509,2026,6,MONTAJ,135.6
900510,2025,39,KESIM,525.7
900511,2025,39,MATBAA,559.5
900512,2025,39,PRES,272.9
900513,2025,39,MONTAJ,459.7
900514,2025,46,KESIM,556.8
900515,2025,46,MATBAA,306.7
900516,2025,46,MONTAJ,580.1
900517,2025,28,KESIM,275.9
900518,2025,29,PRES,506.7
900519,2025,29,MONTAJ,509.6
900523,2025,28,KESIM,622.7
900524,2025,28,DIJITAL,382.6
900525,2025,29,PRES,378.7
900526,2025,29,MONTAJ,478.2
900527,2025,49,KESIM,431.6
900528,2025,50,MATBAA,394.1
900529,2025,50,PRES,430.3
900530,2025,50,MONTAJ,327.2
900531,2025,35,KESIM,272.2
900532,2025,35,DIJITAL,446.8
900533,2025,36,PRES,232.9
900534,2025,36,MONTAJ,514.5
900535,2025,26,KESIM,254.3
900536,2025,26,MATBAA,517.5
900537,2025,26,MONTAJ,503.8
900538,2026,26,KESIM,341.2
900539,2026,26,PRES,580.1
900540,2026,27,MONTAJ,435.7
900541,2025,42,KESIM,397.7
900542,2025,42,MATBAA,496.4
900543,2025,43,PRES,221.2
900544,2025,43,MONTAJ,360.5
900545,2026,28,KESIM,200.6
900546,2026,28,MATBAA,233.7
900547,2026,28,PRES,348.8
900548,2026,28,MONTAJ,123.2
900549,2025,42,KESIM,392.7
900550,2025,42,MATBAA,568.7
900551,2025,42,MONTAJ,520.1
900552,2026,16,KESIM,588.3
900553,2026,16,DIJITAL,185.7
900554,2026,17,PRES,579.3
900555,2026,17,MONTAJ,417.2
900556,2026,18,KESIM,603.4
900557,2026,18,PRES,633.7
900558,2026,18,MONTAJ,543.9
900559,2026,23,KESIM,615.2
900560,2026,23,DIJITAL,209
900561,2026,23,PRES,201.6
900562,2026,23,MONTAJ,505.8
900563,2025,32,KESIM,621.5
900564,2025,32,MATBAA,384.9
900565,2025,32,PRES,138.5
900566,2025,32,MONTAJ,167.2
900567,2026,5,KESIM,630.3
900568,2026,5,PRES,406.4
900569,2026,6,MONTAJ,615.2
900570,2025,50,KESIM,553.6
900571,2025,50,MATBAA,151.2
900572,2025,50,MONTAJ,344.7
900573,2026,21,KESIM,454.2
900574,2026,21,DIJITAL,330.8
900575,2026,21,PRES,388.6
900576,2026,21,MONTAJ,565.4
900577,2025,31,KESIM,329.1
900578,2025,31,MATBAA,632.2
900579,2025,31,MONTAJ,531.5
900580,2025,38,KESIM,138.1
900581,2025,38,MATBAA,524.8
900582,2025,38,PRES,158.9
900583,2025,38,MONTAJ,436.8
900584,2025,29,KESIM,600.4
900585,2025,29,DIJITAL,214
900586,2025,29,PRES,223.8
900587,2025,29,MONTAJ,540.6
900588,2025,50,KESIM,566.1
900589,2025,50,MATBAA,240.4
900590,2025,50,PRES,604.6
900591,2025,50,MONTAJ,310
900592,2026,16,KESIM,240.2
900593,2026,16,MATBAA,167.8
900594,2026,17,MONTAJ,247.3
900595,2026,18,KESIM,266.9
900596,2026,18,MATBAA,438.8
900597,2026,18,PRES,153.8
900598,2026,18,MONTAJ,619.5
900599,2026,6,KESIM,620
900600,2026,6,MATBAA,120.1
900601,2026,6,PRES,478
900602,2026,6,MONTAJ,525.9
900603,2026,17,KESIM,362.2
900604,2026,17,MATBAA,510.4
900605,2026,17,PRES,539.5
900606,2026,17,MONTAJ,258.7
900607,2026,18,KESIM,131.5
900608,2026,19,DIJITAL,129.5
900609,2026,19,PRES,167.5
900610,2026,19,MONTAJ,498.1
900611,2025,31,KESIM,245.4
900612,2025,31,DIJITAL,534.4
900613,2025,31,PRES,418.9
900614,2025,31,MONTAJ,617.3
900615,2026,8,KESIM,130.8
900616,2026,8,MATBAA,141.9
900617,2026,8,PRES,310.3
900618,2026,8,MONTAJ,179.7
900619,2025,51,KESIM,629.9
900620,2025,51,MATBAA,394.9
900621,2025,51,PRES,533.5
900622,2025,51,MONTAJ,300.5
900623,2026,10,KESIM,474
900624,2026,10,MATBAA,448.7
900625,2026,10,PRES,220.7
900626,2026,10,MONTAJ,299.3
900627,2026,19,KESIM,538.8
900628,2026,19,DIJITAL,443.9
900629,2026,19,PRES,339
900630,2026,19,MONTAJ,521.5
900631,2025,47,KESIM,391.5
900632,2025,48,MATBAA,557.6
900633,2025,48,MONTAJ,277.2
900634,2025,34,KESIM,195.8
900635,2025,35,DIJITAL,529.6
900636,2025,35,PRES,220.9
900637,2025,35,MONTAJ,143
900638,2025,31,KESIM,537.6
900639,2025,31,DIJITAL,151.6
900640,2025,31,PRES,254
900641,2025,32,MONTAJ,435.5
900642,2026,21,KESIM,160.3
900643,2026,21,MATBAA,514.3
900644,2026,21,PRES,534.2
900645,2026,22,MONTAJ,404
900646,2025,29,KESIM,452.1
900647,2025,29,PRES,139
900648,2025,30,MONTAJ,165.5
900649,2025,27,KESIM,555.4
900650,2025,27,DIJITAL,469.3
900651,2025,27,PRES,478.1
900652,2025,27,MONTAJ,217.8
900653,2026,13,KESIM,623.1
900654,2026,13,MATBAA,327.3
900655,2026,14,MONTAJ,510.7
900656,2025,34,KESIM,371.9
900657,2025,34,DIJITAL,211.9
900658,2025,34,PRES,531.2
900659,2025,34,MONTAJ,188.9
900660,2026,22,KESIM,429.6
900661,2026,22,DIJITAL,445.2
900662,2026,22,PRES,350.6
900663,2026,23,MONTAJ,163.8
900664,2025,50,KESIM,332.6
900665,2025,50,MATBAA,452.4
900666,2025,50,PRES,199.8
900667,2025,50,MONTAJ,374.4
900668,2025,31,KESIM,262.4
900669,2025,31,DIJITAL,374.8
900670,2025,31,PRES,530
900671,2025,31,MONTAJ,500.6
900680,2025,27,KESIM,567.6
900681,2025,27,DIJITAL,625.5
900682,2025,27,PRES,217.1
900683,2025,27,MONTAJ,595.6
900684,2025,42,KESIM,586.4
900685,2025,42,MATBAA,363.1
900686,2025,42,MONTAJ,427.1
900687,2025,31,KESIM,395.7
900688,2025,31,MATBAA,322.8
900689,2025,31,PRES,425.4
900690,2025,31,MONTAJ,302.3
900691,2025,47,KESIM,413.7
900692,2025,47,MATBAA,436.1
900693,2025,47,PRES,438.9
900694,2025,47,MONTAJ,513.3
900695,2026,13,KESIM,203.6
900696,2026,13,DIJITAL,386.8
900697,2026,14,PRES,579
900698,2026,14,MONTAJ,127
900699,2026,26,KESIM,580
900700,2026,26,PRES,211.1
900701,2026,27,MONTAJ,473.6
900702,2026,27,KESIM,414.6
900703,2026,27,MATBAA,471.3
900704,2026,27,MONTAJ,244.3
900705,2026,22,KESIM,600.1
900706,2026,22,MATBAA,283.4
900707,2026,23,PRES,450.9
900708,2026,23,MONTAJ,464.7
900709,2025,50,KESIM,551.4
900710,2025,50,MATBAA,483.8
900711,2025,51,PRES,486.1
900712,2025,51,MONTAJ,155.4
900713,2026,23,KESIM,201.3
900714,2026,23,DIJITAL,220.1
900715,2026,24,PRES,245.8
900716,2026,24,MONTAJ,421.8
900717,2025,41,KESIM,267.7
900718,2025,41,DIJITAL,160.6
900719,2025,42,PRES,263.6
900720,2025,42,MONTAJ,143.3
900721,2026,30,KESIM,253.5
900722,2026,30,MATBAA,199.6
900723,2026,30,PRES,533.8
900724,2026,30,MONTAJ,593.1
900725,2025,44,KESIM,518.2
900726,2025,44,DIJITAL,450.5
900727,2025,44,PRES,156.8
900728,2025,45,MONTAJ,551.4
900729,2026,7,KESIM,170.5
900730,2026,7,PRES,577.8
900731,2026,7,MONTAJ,529.5
900732,2026,17,KESIM,373.7
900733,2026,17,DIJITAL,328.9
900734,2026,18,PRES,418
900735,2026,18,MONTAJ,528.2
900736,2025,30,KESIM,547
900737,2025,30,MATBAA,438.6
900738,2025,30,PRES,473.2
900739,2025,30,MONTAJ,510.7
900740,2026,19,KESIM,317.3
900741,2026,20,PRES,579.5
900742,2026,20,MONTAJ,363.8
900743,2026,23,KESIM,194.3
900744,2026,24,MATBAA,292.4
900745,2026,24,PRES,196.3
900746,2026,24,MONTAJ,183.3
900747,2026,25,KESIM,215.7
900748,2026,26,MATBAA,384.2
900749,2026,26,PRES,561.1
900750,2026,26,MONTAJ,490.3
900751,2026,26,KESIM,457.6
900752,2026,26,DIJITAL,484.6
900753,2026,26,PRES,149.5
900754,2026,27,MONTAJ,540.1
900755,2026,22,KESIM,390.1
900756,2026,22,MATBAA,353.7
900757,2026,22,PRES,428.9
900758,2026,22,MONTAJ,204
900759,2026,27,KESIM,619.8
900760,2026,27,MATBAA,180.4
900761,2026,27,MONTAJ,538.3
900762,2026,29,KESIM,168.2
900763,2026,29,MATBAA,587.8
900764,2026,29,PRES,549
900765,2026,29,MONTAJ,367.4
900766,2026,24,KESIM,291.5
900767,2026,25,MATBAA,269
900768,2026,25,MONTAJ,324.9
900769,2025,40,KESIM,246.9
900770,2025,40,MATBAA,345.9
900771,2025,40,PRES,167.6
900772,2025,40,MONTAJ,289
900773,2026,13,KESIM,477.2
900774,2026,13,MATBAA,431.5
900775,2026,13,PRES,268.3
900776,2026,13,MONTAJ,234.5
900777,2025,31,KESIM,337
900778,2025,31,MATBAA,472.9
900779,2025,32,MONTAJ,135.3
900780,2025,30,KESIM,496.5
900781,2025,30,DIJITAL,161.1
900782,2025,30,PRES,501
900783,2025,30,MONTAJ,172.1
900784,2026,10,KESIM,450.5
900785,2026,10,MATBAA,266.2
900786,2026,11,MONTAJ,506.2
900787,2026,19,KESIM,216.5
900788,2026,19,MATBAA,405.2
900789,2026,20,PRES,419.7
900790,2026,20,MONTAJ,553.2
900791,2025,49,KESIM,405.9
900792,2025,49,DIJITAL,249.5
900793,2025,49,PRES,543
900794,2025,49,MONTAJ,634.9
900795,2026,13,KESIM,312.9
900796,2026,13,PRES,208.4
900797,2026,13,MONTAJ,382.8
900798,2025,52,KESIM,493.3
900799,2025,52,MATBAA,349.3
900800,2025,52,MONTAJ,277.7
900801,2025,32,KESIM,225.5
900802,2025,32,DIJITAL,146.4
900803,2025,33,PRES,429.2
900804,2025,33,MONTAJ,442.5
900805,2025,29,KESIM,519.6
900806,2025,29,MATBAA,253.6
900807,2025,29,MONTAJ,207.7
900808,2025,27,KESIM,421.8
900809,2025,28,MATBAA,227.8
900810,2025,28,MONTAJ,222.8
900811,2026,17,KESIM,341.5
900812,2026,18,MATBAA,371
900813,2026,18,PRES,454.1
900814,2026,18,MONTAJ,596.6
900815,2026,24,KESIM,307.8
900816,2026,24,DIJITAL,592.4
900817,2026,25,PRES,120.3
900818,2026,25,MONTAJ,214.8
900819,2026,31,KESIM,123.8
900820,2026,31,MATBAA,137.4
900821,2026,31,PRES,509.3
900822,2026,31,MONTAJ,483.7
900823,2026,30,KESIM,330.4
900824,2026,30,MATBAA,146.6
900825,2026,30,PRES,556.7
900826,2026,30,MONTAJ,594.2
900827,2025,46,KESIM,463.7
900828,2025,47,MATBAA,315.9
900829,2025,47,MONTAJ,388.1
900830,2026,17,KESIM,624.1
900831,2026,17,MATBAA,460.6
900832,2026,17,PRES,203.2
900833,2026,18,MONTAJ,508.7
900834,2026,15,KESIM,628.2
900835,2026,16,MATBAA,585.2
900836,2026,16,PRES,404.6
900837,2026,16,MONTAJ,123.4
900838,2025,38,KESIM,313.6
900839,2025,38,PRES,362.1
900840,2025,38,MONTAJ,211.3
900841,2025,27,KESIM,158
900842,2025,28,PRES,517.7
900843,2025,28,MONTAJ,213.1
900844,2026,23,KESIM,208.7
900845,2026,24,MATBAA,369.3
900846,2026,24,MONTAJ,232.6
900847,2025,44,KESIM,160.4
900848,2025,44,PRES,614.4
900849,2025,44,MONTAJ,409.8
900850,2026,6,KESIM,621.3
900851,2026,6,PRES,389
900852,2026,6,MONTAJ,556.1
900853,2025,30,KESIM,132.3
900854,2025,30,PRES,208.1
900855,2025,30,MONTAJ,446.7
900860,2025,30,KESIM,604.2
900861,2025,30,MATBAA,317.1
900862,2025,31,MONTAJ,248.8
900863,2025,26,KESIM,403.6
900864,2025,26,PRES,281.6
900865,2025,26,MONTAJ,136.2
900866,2026,18,KESIM,294.3
900867,2026,18,DIJITAL,556.3
900868,2026,18,PRES,274.1
900869,2026,18,MONTAJ,193.7
900870,2026,11,KESIM,588.7
900871,2026,11,DIJITAL,358.4
900872,2026,11,PRES,178.6
900873,2026,11,MONTAJ,349.7
900874,2025,28,KESIM,128.7
900875,2025,29,MATBAA,608.3
900876,2025,29,PRES,370.5
900877,2025,29,MONTAJ,616.8
900878,2026,28,KESIM,359.9
900879,2026,28,MATBAA,521.8
900880,2026,28,MONTAJ,173.1
900881,2025,51,KESIM,332.6
900882,2025,51,MATBAA,597.1
900883,2025,51,MONTAJ,607.9
900884,2025,26,KESIM,212.6
900885,2025,27,DIJITAL,373.6
900886,2025,27,PRES,546.2
900887,2025,27,MONTAJ,280.7
900888,2026,14,KESIM,223.4
900889,2026,14,DIJITAL,178.9
900890,2026,14,PRES,187.9
900891,2026,14,MONTAJ,405.1
900892,2026,30,KESIM,278.1
900893,2026,30,DIJITAL,233
900894,2026,30,PRES,628.7
900895,2026,30,MONTAJ,366.2
900896,2026,27,KESIM,390.1
900897,2026,27,MATBAA,513.9
900898,2026,27,MONTAJ,278.2
900899,2025,36,KESIM,358.8
900900,2025,36,MATBAA,353.8
900901,2025,36,MONTAJ,243.9
900902,2026,12,KESIM,180.9
900903,2026,12,PRES,512.9
900904,2026,13,MONTAJ,288.1
900905,2025,28,KESIM,536.8
900906,2025,28,DIJITAL,607.7
900907,2025,28,PRES,338.8
900908,2025,28,MONTAJ,306.6
900909,2025,39,KESIM,373.9
900910,2025,39,MATBAA,581.6
900911,2025,40,PRES,446.5
900912,2025,40,MONTAJ,334.4
900913,2026,30,KESIM,348.6
900914,2026,31,MATBAA,176.1
900915,2026,31,PRES,605.9
900916,2026,31,MONTAJ,215.5
900917,2026,20,KESIM,452.9
900918,2026,20,DIJITAL,557.9
900919,2026,21,PRES,519.6
900920,2026,21,MONTAJ,430.2
900925,2025,47,KESIM,625.3
900926,2025,47,PRES,185.6
900927,2025,47,MONTAJ,323.9
900928,2025,44,KESIM,417.6
900929,2025,44,PRES,380.3
900930,2025,45,MONTAJ,144.3
900935,2026,12,KESIM,123.4
900936,2026,13,MATBAA,412.7
900937,2026,13,PRES,322.8
900938,2026,13,MONTAJ,205.1
900939,2026,10,KESIM,600.7
900940,2026,10,MATBAA,570.9
900941,2026,11,MONTAJ,237
900942,2025,45,KESIM,531.5
900943,2025,45,MATBAA,484.1
900944,2025,45,PRES,137.7
900945,2025,45,MONTAJ,383.7
900946,2026,13,KESIM,629.1
900947,2026,13,MATBAA,349.7
900948,2026,13,MONTAJ,299.9
900949,2026,7,KESIM,199.8
900950,2026,7,PRES,622.1
900951,2026,8,MONTAJ,382.8
900952,2026,15,KESIM,180.4
900953,2026,16,MATBAA,507.3
900954,2026,16,MONTAJ,281.6
900955,2026,26,KESIM,345.5
900956,2026,27,PRES,273
900957,2026,27,MONTAJ,216.1
900958,2026,15,KESIM,161
900959,2026,16,MATBAA,179.4
900960,2026,16,MONTAJ,127.4
900961,2025,27,KESIM,469.5
900962,2025,27,MATBAA,462.7
900963,2025,27,MONTAJ,185.5
900964,2026,9,KESIM,367.7
900965,2026,9,MATBAA,141.3
900966,2026,10,MONTAJ,459.4
900967,2025,49,KESIM,288.1
900968,2025,49,MATBAA,495.7
900969,2025,50,PRES,328.3
900970,2025,50,MONTAJ,157.4
900971,2025,52,KESIM,262.2
900972,2025,52,DIJITAL,218
900973,2025,52,PRES,168.5
900974,2025,52,MONTAJ,291.2
900975,2025,49,KESIM,530.1
900976,2025,49,DIJITAL,456.1
900977,2025,49,PRES,616.7
900978,2025,49,MONTAJ,513.4
900979,2025,27,KESIM,121.4
900980,2025,27,MATBAA,451.2
900981,2025,27,PRES,315.4
900982,2025,27,MONTAJ,423.8
900983,2025,51,KESIM,318.3
900984,2025,51,MATBAA,282.9
900985,2025,51,MONTAJ,631.3
900986,2026,1,KESIM,486.2
900987,2026,1,PRES,514.6
900988,2026,2,MONTAJ,503
900989,2026,13,KESIM,142.8
900990,2026,13,DIJITAL,590.4
900991,2026,13,PRES,349.9
900992,2026,13,MONTAJ,491.2
900997,2025,41,KESIM,406.4
900998,2025,41,MATBAA,335.8
900999,2025,42,MONTAJ,504.5
901000,2026,27,KESIM,358.9
901001,2026,27,MATBAA,405.7
901002,2026,27,MONTAJ,631.1
901003,2025,28,KESIM,444.1
901004,2025,28,PRES,425.5
901005,2025,28,MONTAJ,257.8
901006,2026,26,KESIM,312.6
901007,2026,26,MATBAA,231.9
901008,2026,26,PRES,346.9
901009,2026,27,MONTAJ,497.8
901010,2025,35,KESIM,211.4
901011,2025,35,DIJITAL,379.2
901012,2025,36,PRES,162.8
901013,2025,36,MONTAJ,562.6
901014,2025,44,KESIM,632.8
901015,2025,44,MATBAA,547.5
901016,2025,44,MONTAJ,386.4
901017,2025,1,KESIM,166.6
901018,2025,1,DIJITAL,631.5
901019,2025,1,PRES,173.1
901020,2026,1,MONTAJ,473.2
901021,2025,48,KESIM,518.2
901022,2025,48,MATBAA,364.7
901023,2025,48,MONTAJ,366.2
901024,2025,29,KESIM,512.2
901025,2025,29,PRES,251.3
901026,2025,29,MONTAJ,284.5
901027,2025,26,KESIM,590.1
901028,2025,26,MATBAA,365.1
901029,2025,27,MONTAJ,395.2
901030,2026,2,KESIM,561.7
901031,2026,2,MATBAA,392.5
901032,2026,2,MONTAJ,431.6
901033,2026,28,KESIM,490.5
901034,2026,28,DIJITAL,628.6
901035,2026,28,PRES,182.7
901036,2026,28,MONTAJ,630.8
901037,2025,32,KESIM,238.3
901038,2025,32,DIJITAL,552.5
901039,2025,32,PRES,551.9
901040,2025,32,MONTAJ,618.5
901041,2026,17,KESIM,426.4
901042,2026,17,MATBAA,531.7
901043,2026,18,PRES,252.1
901044,2026,18,MONTAJ,377.2
901045,2026,13,KESIM,158.5
901046,2026,13,MATBAA,569.5
901047,2026,13,PRES,211.4
901048,2026,14,MONTAJ,327
901049,2025,47,KESIM,265
901050,2025,47,DIJITAL,190.2
901051,2025,48,PRES,461.3
901052,2025,48,MONTAJ,255.3
901053,2026,10,KESIM,586
901054,2026,10,DIJITAL,603.7
901055,2026,10,PRES,308.9
901056,2026,10,MONTAJ,348.3
901057,2026,29,KESIM,164.1
901058,2026,29,DIJITAL,198
901059,2026,29,PRES,234.9
901060,2026,30,MONTAJ,321.8
901061,2025,38,KESIM,207.9
901062,2025,39,MATBAA,190.1
901063,2025,39,PRES,572.1
901064,2025,39,MONTAJ,199.4
901065,2026,20,KESIM,233.2
901066,2026,20,MATBAA,396.6
901067,2026,20,PRES,288.4
901068,2026,21,MONTAJ,123.4
901069,2026,21,KESIM,302.7
901070,2026,21,MATBAA,202.3
901071,2026,21,PRES,193
901072,2026,21,MONTAJ,323.2
901073,2026,24,KESIM,327.3
901074,2026,24,MATBAA,238.3
901075,2026,24,PRES,537.4
901076,2026,24,MONTAJ,377
901081,2026,10,KESIM,610.4
901082,2026,10,PRES,486
901083,2026,10,MONTAJ,188.8
901084,2026,1,KESIM,254.2
901085,2026,1,DIJITAL,427.7
901086,2026,1,PRES,470.2
901087,2026,2,MONTAJ,484.7
901088,2026,9,KESIM,301.8
901089,2026,9,MATBAA,559.5
901090,2026,9,MONTAJ,287.9
901091,2026,27,KESIM,512.9
901092,2026,27,DIJITAL,581.1
901093,2026,27,PRES,341.1
901094,2026,28,MONTAJ,452.4
901095,2026,2,KESIM,423.9
901096,2026,2,MATBAA,447.1
901097,2026,2,PRES,196.9
901098,2026,2,MONTAJ,464.5
901099,2025,49,KESIM,338.1
901100,2025,49,PRES,377.7
901101,2025,49,MONTAJ,159.7
901102,2026,20,KESIM,593
901103,2026,21,DIJITAL,278.8
901104,2026,21,PRES,366.4
901105,2026,21,MONTAJ,248.9
901106,2026,6,KESIM,305.8
901107,2026,6,MATBAA,251.3
901108,2026,6,PRES,137
901109,2026,6,MONTAJ,631.1
901110,2025,30,KESIM,217.5
901111,2025,30,MATBAA,295.2
901112,2025,30,PRES,556.1
901113,2025,30,MONTAJ,258.1
901114,2026,7,KESIM,277
901115,2026,7,MATBAA,331.6
901116,2026,7,PRES,441.4
901117,2026,7,MONTAJ,548.9
901118,2025,40,KESIM,252.9
901119,2025,40,MATBAA,416.5
901120,2025,40,PRES,266.8
901121,2025,40,MONTAJ,393.1
901122,2025,41,KESIM,346
901123,2025,41,DIJITAL,569.1
901124,2025,42,PRES,535.5
901125,2025,42,MONTAJ,345.8
901126,2026,8,KESIM,251.1
901127,2026,8,MATBAA,416.2
901128,2026,9,PRES,120.7
901129,2026,9,MONTAJ,149.6
901130,2025,33,KESIM,609.1
901131,2025,33,PRES,260.5
901132,2025,33,MONTAJ,584
901133,2025,51,KESIM,496.3
901134,2025,51,PRES,170
901135,2025,52,MONTAJ,312.9
901136,2026,18,KESIM,637.8
901137,2026,18,PRES,230.2
901138,2026,19,MONTAJ,429.2
901139,2026,11,KESIM,128.9
901140,2026,12,DIJITAL,443.6
901141,2026,12,PRES,493.7
901142,2026,12,MONTAJ,475
901143,2026,10,KESIM,624.4
901144,2026,10,PRES,190
901145,2026,11,MONTAJ,127.2
901146,2026,24,KESIM,272.6
901147,2026,24,MATBAA,401.1
901148,2026,24,PRES,244.2
901149,2026,24,MONTAJ,323.7
901150,2026,12,KESIM,350
901151,2026,12,MATBAA,584.4
901152,2026,12,PRES,520.7
901153,2026,12,MONTAJ,481.8
901154,2026,8,KESIM,177.6
901155,2026,9,DIJITAL,478.1
901156,2026,9,PRES,277.6
901157,2026,9,MONTAJ,276.8
901158,2026,20,KESIM,245.9
901159,2026,20,PRES,355.2
901160,2026,20,MONTAJ,597.5
901161,2025,31,KESIM,438.9
901162,2025,31,PRES,402.1
901163,2025,31,MONTAJ,291.8
901164,2025,38,KESIM,232.1
901165,2025,38,PRES,330.1
901166,2025,39,MONTAJ,395.1
901167,2026,1,KESIM,299.2
901168,2026,1,MATBAA,565.3
901169,2026,2,MONTAJ,438.8
901170,2026,22,KESIM,522.4
901171,2026,23,DIJITAL,355.6
901172,2026,23,PRES,349.8
901173,2026,23,MONTAJ,548.2
901174,2025,50,KESIM,350.4
901175,2025,50,PRES,525.4
901176,2025,50,MONTAJ,352.2
901177,2025,49,KESIM,296.8
901178,2025,49,DIJITAL,440.5
901179,2025,49,PRES,390.1
901180,2025,49,MONTAJ,261.1
901181,2025,45,KESIM,466.8
901182,2025,45,DIJITAL,194.8
901183,2025,45,PRES,485.1
901184,2025,45,MONTAJ,603.5
901185,2025,52,KESIM,250.4
901186,2025,52,MATBAA,218
901187,2025,52,MONTAJ,368.9
901188,2025,29,KESIM,254
901189,2025,29,DIJITAL,432.2
901190,2025,29,PRES,187.4
901191,2025,29,MONTAJ,524.9
901192,2025,49,KESIM,310.4
901193,2025,49,MATBAA,234.1
901194,2025,49,PRES,407.8
901195,2025,49,MONTAJ,493.8
901196,2026,16,KESIM,523.9
901197,2026,16,MATBAA,537.9
901198,2026,16,PRES,583.4
901199,2026,16,MONTAJ,366
901204,2026,13,KESIM,192.5
901205,2026,14,PRES,164.8
901206,2026,14,MONTAJ,157.7
901207,2025,32,KESIM,464.8
901208,2025,32,MATBAA,310.2
901209,2025,32,MONTAJ,166.4
901210,2025,30,KESIM,616.4
901211,2025,30,MATBAA,504.8
901212,2025,30,PRES,391.4
901213,2025,30,MONTAJ,471.1
901214,2026,29,KESIM,598.3
901215,2026,29,MATBAA,403.6
901216,2026,29,MONTAJ,283.7
901220,2025,35,KESIM,138.6
901221,2025,35,MATBAA,589.6
901222,2025,36,PRES,291.4
901223,2025,36,MONTAJ,296.5
901224,2026,24,KESIM,195.7
901225,2026,24,PRES,381.8
901226,2026,24,MONTAJ,573.3
901227,2025,51,KESIM,292.8
901228,2025,51,MATBAA,151.2
901229,2025,52,MONTAJ,603.4
901230,2026,21,KESIM,334.3
901231,2026,22,DIJITAL,228
901232,2026,22,PRES,579.3
901233,2026,22,MONTAJ,531.9
901234,2026,27,KESIM,629.4
901235,2026,27,MATBAA,346.5
901236,2026,27,MONTAJ,601.3
901237,2026,26,KESIM,349.5
901238,2026,26,PRES,557.7
901239,2026,26,MONTAJ,465.5
901240,2026,18,KESIM,313
901241,2026,18,MATBAA,418.2
901242,2026,19,PRES,522.3
901243,2026,19,MONTAJ,138.7
901244,2025,41,KESIM,578.4
901245,2025,41,MATBAA,485.1
901246,2025,41,MONTAJ,578.8
901247,2026,19,KESIM,145.6
901248,2026,19,MATBAA,288.1
901249,2026,19,PRES,145.2
901250,2026,19,MONTAJ,295.3
901251,2025,41,KESIM,409.2
901252,2025,41,MATBAA,222.7
901253,2025,41,MONTAJ,386.6
901254,2026,13,KESIM,599.1
901255,2026,13,MATBAA,418.4
901256,2026,13,MONTAJ,479
901257,2026,23,KESIM,214.3
901258,2026,23,MATBAA,548.1
901259,2026,24,PRES,353.9
901260,2026,24,MONTAJ,421.3
901261,2025,50,KESIM,323.1
901262,2025,50,MATBAA,186.8
901263,2025,50,PRES,217.6
901264,2025,50,MONTAJ,505
901265,2025,27,KESIM,629.3
901266,2025,27,MATBAA,485.1
901267,2025,27,MONTAJ,299.1
901268,2026,25,KESIM,306.7
901269,2026,25,DIJITAL,292.9
901270,2026,25,PRES,322.1
901271,2026,25,MONTAJ,427.7
901272,2025,47,KESIM,211.5
901273,2025,47,PRES,392.2
901274,2025,48,MONTAJ,570.1
901275,2026,24,KESIM,573.1
901276,2026,24,DIJITAL,479.7
901277,2026,24,PRES,180.6
901278,2026,24,MONTAJ,145.9
901279,2025,47,KESIM,540.5
901280,2025,47,DIJITAL,626.5
901281,2025,47,PRES,218.1
901282,2025,47,MONTAJ,613.5
901283,2025,50,KESIM,518.2
901284,2025,50,DIJITAL,140.5
901285,2025,50,PRES,261.1
901286,2025,50,MONTAJ,561.3
901287,2025,28,KESIM,123.9
901288,2025,28,MATBAA,237.5
901289,2025,28,MONTAJ,383.9
901290,2026,29,KESIM,152.4
901291,2026,30,MATBAA,496.9
901292,2026,30,MONTAJ,548.9
901293,2025,28,KESIM,632.5
901294,2025,28,MATBAA,627
901295,2025,28,MONTAJ,403.6
901296,2025,49,KESIM,208
901297,2025,50,MATBAA,591.2
901298,2025,50,MONTAJ,198.7
901299,2025,42,KESIM,242
901300,2025,42,DIJITAL,158.1
901301,2025,43,PRES,255.9
901302,2025,43,MONTAJ,367
901303,2026,18,KESIM,639
901304,2026,18,DIJITAL,174.2
901305,2026,19,PRES,318
901306,2026,19,MONTAJ,289.6
901307,2026,21,KESIM,338.6
901308,2026,21,PRES,625.9
901309,2026,21,MONTAJ,354.5
901310,2026,9,KESIM,188.3
901311,2026,10,MATBAA,226
901312,2026,10,MONTAJ,349.8
901313,2026,29,KESIM,224.8
901314,2026,29,MATBAA,137.1
901315,2026,29,MONTAJ,585.7
901316,2025,49,KESIM,288.8
901317,2025,49,DIJITAL,583.3
901318,2025,49,PRES,294
901319,2025,49,MONTAJ,368.5
901320,2026,30,KESIM,513.5
901321,2026,30,DIJITAL,340.8
901322,2026,30,PRES,295.5
901323,2026,30,MONTAJ,617.1
901324,2026,27,KESIM,326.1
901325,2026,27,PRES,385.5
901326,2026,27,MONTAJ,590.9
901327,2026,19,KESIM,403
901328,2026,19,MATBAA,291.1
901329,2026,19,MONTAJ,513.2
901330,2025,44,KESIM,593.5
901331,2025,44,PRES,544.7
901332,2025,44,MONTAJ,328.6
901333,2026,13,KESIM,419.9
901334,2026,13,MATBAA,280.8
901335,2026,13,PRES,253
901336,2026,13,MONTAJ,621
901337,2025,48,KESIM,513.6
901338,2025,48,PRES,179
901339,2025,48,MONTAJ,472.3
901340,2026,5,KESIM,278.8
901341,2026,5,PRES,535.5
901342,2026,5,MONTAJ,196.7
901343,2025,27,KESIM,497
901344,2025,27,PRES,193.4
901345,2025,27,MONTAJ,275.1
901346,2025,34,KESIM,310.5
901347,2025,34,MATBAA,558
901348,2025,34,MONTAJ,388.8
901349,2025,26,KESIM,621.7
901350,2025,26,MATBAA,636.9
901351,2025,26,PRES,298.4
901352,2025,26,MONTAJ,612.5
901353,2026,16,KESIM,258.3
901354,2026,16,PRES,238.7
901355,2026,16,MONTAJ,593.5
901356,2026,10,KESIM,131
901357,2026,10,MATBAA,301.8
901358,2026,10,PRES,429.4
901359,2026,10,MONTAJ,578.1
901360,2026,4,KESIM,631.8
901361,2026,4,DIJITAL,514.7
901362,2026,4,PRES,190.4
901363,2026,4,MONTAJ,312.7
901368,2026,25,KESIM,123
901369,2026,26,DIJITAL,396.4
901370,2026,26,PRES,384.6
901371,2026,26,MONTAJ,166
901372,2025,31,KESIM,135.3
901373,2025,32,PRES,349
901374,2025,32,MONTAJ,388.2
901375,2025,27,KESIM,633.1
901376,2025,28,MATBAA,309
901377,2025,28,PRES,638.9
901378,2025,28,MONTAJ,429.2
901379,2025,38,KESIM,612.3
901380,2025,38,PRES,325.5
901381,2025,38,MONTAJ,345.2
901382,2025,44,KESIM,559.5
901383,2025,44,MATBAA,563.8
901384,2025,44,MONTAJ,621.5
901385,2025,31,KESIM,306.8
901386,2025,31,DIJITAL,171.3
901387,2025,32,PRES,499.9
901388,2025,32,MONTAJ,321.4
901389,2026,10,KESIM,417.4
901390,2026,10,PRES,443.6
901391,2026,10,MONTAJ,379.2
901392,2025,37,KESIM,207
901393,2025,37,DIJITAL,318.7
901394,2025,37,PRES,232.4
901395,2025,37,MONTAJ,420.8
901396,2026,28,KESIM,341.4
901397,2026,28,MATBAA,459.1
901398,2026,29,MONTAJ,252.1
901399,2026,13,KESIM,432.7
901400,2026,13,MATBAA,211.2
901401,2026,13,PRES,126.6
901402,2026,13,MONTAJ,445.4
901406,2025,46,KESIM,299.4
901407,2025,47,MATBAA,555.1
901408,2025,47,MONTAJ,444.9
901409,2026,16,KESIM,273.1
901410,2026,16,PRES,565.7
901411,2026,16,MONTAJ,561.1
901412,2026,21,KESIM,409.2
901413,2026,22,MATBAA,438.2
901414,2026,22,PRES,416.2
901415,2026,22,MONTAJ,626.5
901416,2025,43,KESIM,517.9
901417,2025,43,MATBAA,306.8
901418,2025,43,PRES,346.8
901419,2025,44,MONTAJ,420.2
901420,2026,27,KESIM,319.2
901421,2026,27,DIJITAL,349.3
901422,2026,28,PRES,542.6
901423,2026,28,MONTAJ,378
901424,2026,5,KESIM,248.3
901425,2026,5,DIJITAL,466.6
901426,2026,6,PRES,467.9
901427,2026,6,MONTAJ,385.3
901428,2025,42,KESIM,523.1
901429,2025,42,PRES,232
901430,2025,42,MONTAJ,542.9
901434,2025,31,KESIM,623
901435,2025,31,DIJITAL,263.5
901436,2025,32,PRES,217.6
901437,2025,32,MONTAJ,453
901438,2025,42,KESIM,383.9
901439,2025,42,PRES,462.4
901440,2025,42,MONTAJ,246.1
901441,2025,48,KESIM,494.7
901442,2025,48,DIJITAL,375.2
901443,2025,48,PRES,124
901444,2025,48,MONTAJ,381.1
901445,2025,50,KESIM,333.6
901446,2025,50,PRES,604.9
901447,2025,50,MONTAJ,406
901448,2026,3,KESIM,403
901449,2026,3,PRES,128.6
901450,2026,3,MONTAJ,123.1
901451,2025,43,KESIM,306.9
901452,2025,43,PRES,401.5
901453,2025,43,MONTAJ,633.8
901454,2025,36,KESIM,291.6
901455,2025,36,DIJITAL,493.5
901456,2025,36,PRES,365.3
901457,2025,37,MONTAJ,435.9
901462,2026,6,KESIM,249.1
901463,2026,7,MATBAA,236.2
901464,2026,7,MONTAJ,277.7
901469,2026,31,KESIM,385.8
901472,2025,48,KESIM,527
901473,2025,48,PRES,302.1
901474,2025,48,MONTAJ,579
901475,2025,46,KESIM,142
901476,2025,47,MATBAA,310.7
901477,2025,47,PRES,184.7
901478,2025,47,MONTAJ,438.3
901479,2026,25,KESIM,200.4
901480,2026,25,PRES,412.2
901481,2026,25,MONTAJ,517.4
901482,2026,21,KESIM,270.8
901483,2026,21,MATBAA,168.9
901484,2026,22,PRES,486
901485,2026,22,MONTAJ,320.5
901486,2025,27,KESIM,226.8
901487,2025,27,MATBAA,472.5
901488,2025,27,MONTAJ,301.4
901489,2026,2,KESIM,169.1
901490,2026,2,MATBAA,185.4
901491,2026,3,PRES,352.7
901492,2026,3,MONTAJ,436.8
901493,2025,36,KESIM,147.1
901494,2025,36,MATBAA,201
901495,2025,36,PRES,392.7
901496,2025,36,MONTAJ,386.6
901497,2025,26,KESIM,599.3
901498,2025,26,MATBAA,181.2
901499,2025,26,MONTAJ,377.1
901500,2025,36,KESIM,203.3
901501,2025,36,PRES,366.8
901502,2025,36,MONTAJ,570.7
901503,2026,18,KESIM,395.6
901504,2026,19,DIJITAL,269.2
901505,2026,19,PRES,561.8
901506,2026,19,MONTAJ,166.5
901507,2025,45,KESIM,441.1
901508,2025,45,MATBAA,360.2
901509,2025,45,PRES,483.4
901510,2025,45,MONTAJ,543.7
901511,2026,27,KESIM,473
901512,2026,27,PRES,510
901513,2026,28,MONTAJ,555.1
901514,2025,40,KESIM,280.2
901515,2025,40,PRES,253.3
901516,2025,40,MONTAJ,291.3
901517,2026,27,KESIM,302.3
901518,2026,27,PRES,503.5
901519,2026,27,MONTAJ,309.2
901520,2025,28,KESIM,281.3
901521,2025,29,MATBAA,191.8
901522,2025,29,PRES,550.3
901523,2025,29,MONTAJ,520.6
901524,2026,18,KESIM,321.4
901525,2026,18,MATBAA,214
901526,2026,18,PRES,342.1
901527,2026,18,MONTAJ,570.3
901528,2026,25,KESIM,178.8
901529,2026,25,DIJITAL,559.2
901530,2026,25,PRES,578.2
901531,2026,25,MONTAJ,614.6
901532,2025,52,KESIM,558.8
901533,2025,52,MATBAA,618.5
901534,2025,52,PRES,477.1
901535,2025,52,MONTAJ,405.7
901536,2026,10,KESIM,278.3
901537,2026,11,MATBAA,405.2
901538,2026,11,PRES,484.1
901539,2026,11,MONTAJ,466.7
901540,2026,17,KESIM,143.4
901541,2026,17,PRES,534.4
901542,2026,17,MONTAJ,172.7
901543,2025,44,KESIM,520.9
901544,2025,44,MATBAA,551
901545,2025,44,PRES,336
901546,2025,44,MONTAJ,401.3
901547,2025,41,KESIM,176.7
901548,2025,41,MATBAA,381.6
901549,2025,41,PRES,525
901550,2025,41,MONTAJ,174.6
901551,2026,17,KESIM,296.5
901552,2026,18,MATBAA,180.2
901553,2026,18,PRES,447.4
901554,2026,18,MONTAJ,279.6
901555,2026,9,KESIM,250.3
901556,2026,9,PRES,628
901557,2026,9,MONTAJ,230.5
901558,2026,29,KESIM,409.4
901559,2026,29,MATBAA,317.2
901560,2026,29,MONTAJ,258
901561,2026,29,KESIM,269.9
901562,2026,29,PRES,333.6
901563,2026,30,MONTAJ,540.5
901564,2026,23,KESIM,186.4
901565,2026,23,MATBAA,243.5
901566,2026,23,PRES,303.4
901567,2026,23,MONTAJ,322.6
901568,2025,29,KESIM,558.1
901569,2025,29,DIJITAL,310
901570,2025,29,PRES,298
901571,2025,29,MONTAJ,489.9
901572,2025,45,KESIM,334.2
901573,2025,45,MATBAA,555.1
901574,2025,45,PRES,398.4
901575,2025,45,MONTAJ,435.2
901576,2025,39,KESIM,533.7
901577,2025,39,MATBAA,639.8
901578,2025,39,MONTAJ,266.4
901579,2025,1,KESIM,444.9
901580,2025,1,DIJITAL,214.4
901581,2026,1,PRES,229
901582,2026,1,MONTAJ,214.4
901583,2026,16,KESIM,183.9
901584,2026,16,MATBAA,218.8
901585,2026,16,PRES,284.8
901586,2026,16,MONTAJ,237.5
901587,2025,38,KESIM,244
901588,2025,38,PRES,377.4
901589,2025,38,MONTAJ,475.1
901590,2026,16,KESIM,155.2
901591,2026,16,PRES,634.7
901592,2026,16,MONTAJ,509.8
901593,2026,13,KESIM,534.5
901594,2026,13,PRES,557.4
901595,2026,13,MONTAJ,610.7
901596,2026,20,KESIM,499.5
901597,2026,20,PRES,247.9
901598,2026,20,MONTAJ,364
901599,2025,26,KESIM,385.5
901600,2025,26,MATBAA,538.7
901601,2025,26,PRES,483.9
901602,2025,27,MONTAJ,461
901603,2026,13,KESIM,264.9
901604,2026,13,PRES,414.9
901605,2026,13,MONTAJ,145.1
901606,2026,1,KESIM,503.2
901607,2026,1,PRES,488.6
901608,2026,2,MONTAJ,543.2
901609,2025,36,KESIM,316.6
901610,2025,36,MATBAA,256.8
901611,2025,36,MONTAJ,296.5
901616,2026,7,KESIM,229.6
901617,2026,7,DIJITAL,252.3
901618,2026,7,PRES,453.8
901619,2026,7,MONTAJ,439.5
901623,2026,7,KESIM,584.9
901624,2026,8,MATBAA,371.2
901625,2026,8,MONTAJ,537
901626,2025,41,KESIM,624.5
901627,2025,41,PRES,514.9
901628,2025,42,MONTAJ,577.2
901629,2026,30,KESIM,257.7
901630,2026,30,PRES,446.7
901631,2026,31,MONTAJ,304.3
901632,2026,17,KESIM,536
901633,2026,17,PRES,142.4
901634,2026,17,MONTAJ,139.2
901635,2025,29,KESIM,608.1
901636,2025,29,DIJITAL,359.1
901637,2025,29,PRES,321.2
901638,2025,29,MONTAJ,329.8
901639,2026,6,KESIM,398.9
901640,2026,7,MATBAA,304.1
901641,2026,7,PRES,308.1
901642,2026,7,MONTAJ,325.2
901643,2026,27,KESIM,261.8
901644,2026,27,MATBAA,401.2
901645,2026,27,PRES,282.9
901646,2026,27,MONTAJ,193.2
901647,2025,28,KESIM,398.6
901648,2025,28,PRES,272.2
901649,2025,28,MONTAJ,401.8
901654,2025,48,KESIM,129.8
901655,2025,48,DIJITAL,250.3
901656,2025,48,PRES,561.7
901657,2025,49,MONTAJ,237.9
901661,2026,15,KESIM,123.4
901662,2026,15,PRES,426.2
901663,2026,15,MONTAJ,291.7
901664,2026,19,KESIM,314.7
901665,2026,19,PRES,340.3
901666,2026,19,MONTAJ,593.9
901670,2025,48,KESIM,524.8
901671,2025,48,DIJITAL,301.8
901672,2025,48,PRES,296.2
901673,2025,49,MONTAJ,164.9
901681,2026,8,KESIM,429.4
901682,2026,8,PRES,258
901683,2026,9,MONTAJ,177.8
901684,2025,44,KESIM,314.1
901685,2025,45,DIJITAL,591.8
901686,2025,45,PRES,630.1
901687,2025,45,MONTAJ,407.9
901688,2025,48,KESIM,436
901689,2025,48,MATBAA,231
901690,2025,48,PRES,518.9
901691,2025,48,MONTAJ,193.6
901696,2025,28,KESIM,322.9
901697,2025,28,MATBAA,529.7
901698,2025,28,PRES,166.7
901699,2025,28,MONTAJ,444
901700,2025,26,KESIM,397.1
901701,2025,26,MATBAA,524.8
901702,2025,26,PRES,496.8
901703,2025,27,MONTAJ,165.1
901704,2026,16,KESIM,369.5
901705,2026,16,MATBAA,588.9
901706,2026,16,MONTAJ,175.1
901707,2026,18,KESIM,411.2
901708,2026,18,DIJITAL,607.6
901709,2026,18,PRES,423.4
901710,2026,18,MONTAJ,450.9
901711,2026,23,KESIM,353.3
901712,2026,23,MATBAA,265.9
901713,2026,23,MONTAJ,175.9
901714,2025,38,KESIM,208.9
901715,2025,38,DIJITAL,362.9
901716,2025,38,PRES,619.1
901717,2025,39,MONTAJ,181.5
901718,2026,1,KESIM,342.5
901719,2026,1,PRES,431.9
901720,2026,1,MONTAJ,290.6
901721,2026,11,KESIM,423.4
901722,2026,11,DIJITAL,504.7
901723,2026,12,PRES,538.5
901724,2026,12,MONTAJ,562.7
901725,2026,12,KESIM,420.9
901726,2026,12,MATBAA,600
901727,2026,12,PRES,475
901728,2026,12,MONTAJ,280.4
901729,2026,8,KESIM,199.5
901730,2026,8,PRES,564.9
901731,2026,8,MONTAJ,183.7
901732,2025,48,KESIM,612.6
901733,2025,48,DIJITAL,221.4
901734,2025,48,PRES,172.9
901735,2025,48,MONTAJ,153
901736,2025,28,KESIM,363.2
901737,2025,28,MATBAA,459.3
901738,2025,28,PRES,439.9
901739,2025,28,MONTAJ,254.8
901740,2025,30,KESIM,548.8
901741,2025,30,MATBAA,625.5
901742,2025,30,MONTAJ,406.3
901743,2025,41,KESIM,187.4
901744,2025,42,PRES,606.9
901745,2025,42,MONTAJ,163.7
901746,2025,33,KESIM,563.7
901747,2025,33,MATBAA,412.2
901748,2025,33,PRES,291.5
901749,2025,33,MONTAJ,137.3
901750,2025,29,KESIM,161.7
901751,2025,29,MATBAA,625.6
901752,2025,29,MONTAJ,500.6
901753,2026,24,KESIM,131.3
901754,2026,24,MATBAA,567.3
901755,2026,24,MONTAJ,209.4
901756,2026,2,KESIM,252.4
901757,2026,2,PRES,589.5
901758,2026,2,MONTAJ,302
901759,2025,32,KESIM,187.6
901760,2025,32,MATBAA,549.8
901761,2025,32,PRES,555.2
901762,2025,32,MONTAJ,253.7
901763,2025,26,KESIM,498.5
901764,2025,26,MATBAA,236.4
901765,2025,26,MONTAJ,268.2
901766,2026,26,KESIM,420.1
901767,2026,26,MATBAA,481.6
901768,2026,26,MONTAJ,172.2
901769,2026,23,KESIM,489.1
901770,2026,23,PRES,139
901771,2026,23,MONTAJ,223.9
901772,2026,30,KESIM,192.8
901773,2026,31,PRES,483.6
901774,2026,31,MONTAJ,484.8
901775,2025,28,KESIM,153.8
901776,2025,28,DIJITAL,505
901777,2025,28,PRES,299.7
901778,2025,28,MONTAJ,548.8
901779,2025,50,KESIM,586.7
901780,2025,50,DIJITAL,564.3
901781,2025,50,PRES,511.8
901782,2025,50,MONTAJ,169.9
901783,2026,20,KESIM,186.4
901784,2026,21,MATBAA,200.5
901785,2026,21,PRES,214.2
901786,2026,21,MONTAJ,563.7
901787,2026,10,KESIM,316.6
901788,2026,10,PRES,442.9
901789,2026,10,MONTAJ,421.3
901790,2026,26,KESIM,605
901791,2026,26,MATBAA,633.7
901792,2026,26,MONTAJ,597.6
901793,2025,43,KESIM,209.2
901794,2025,43,MATBAA,465.8
901795,2025,43,MONTAJ,360.7
901800,2025,51,KESIM,286.8
901801,2025,51,DIJITAL,374
901802,2025,51,PRES,283.1
901803,2025,51,MONTAJ,389.4
901804,2025,49,KESIM,534.5
901805,2025,49,MATBAA,620.7
901806,2025,49,MONTAJ,291.2
901807,2026,24,KESIM,262.7
901808,2026,24,DIJITAL,368.3
901809,2026,24,PRES,413.2
901810,2026,24,MONTAJ,438.2
901811,2026,16,KESIM,271
901812,2026,16,DIJITAL,370.3
901813,2026,16,PRES,388.7
901814,2026,16,MONTAJ,581.6
901815,2026,8,KESIM,434.2
901816,2026,8,PRES,173
901817,2026,8,MONTAJ,324.8
901818,2025,46,KESIM,387.3
901819,2025,46,DIJITAL,205.1
901820,2025,46,PRES,255.7
901821,2025,46,MONTAJ,582.5
901822,2026,7,KESIM,124
901823,2026,7,PRES,501.1
901824,2026,7,MONTAJ,387.6
901825,2026,2,KESIM,361.1
901826,2026,2,DIJITAL,400.6
901827,2026,2,PRES,271.5
901828,2026,2,MONTAJ,282.9
901829,2026,22,KESIM,617.7
901830,2026,22,DIJITAL,536.7
901831,2026,22,PRES,477.9
901832,2026,22,MONTAJ,523.3
901833,2025,29,KESIM,463.5
901834,2025,29,DIJITAL,586.5
901835,2025,29,PRES,367.6
901836,2025,29,MONTAJ,605.1
901837,2025,28,KESIM,451.5
901838,2025,28,MATBAA,306.9
901839,2025,28,PRES,157.3
901840,2025,29,MONTAJ,218.5
901841,2025,48,KESIM,226.8
901842,2025,48,PRES,133.3
901843,2025,48,MONTAJ,414.2
901844,2026,17,KESIM,313.7
901845,2026,17,PRES,386.2
901846,2026,17,MONTAJ,567.9
901847,2026,9,KESIM,532
901848,2026,10,DIJITAL,445.7
901849,2026,10,PRES,601.7
901850,2026,10,MONTAJ,306.1
901851,2026,27,KESIM,180.6
901852,2026,27,MATBAA,508.7
901853,2026,27,MONTAJ,141.7
901854,2025,27,KESIM,332.6
901855,2025,27,MATBAA,429.2
901856,2025,27,MONTAJ,263.3
901857,2026,10,KESIM,633.6
901858,2026,11,DIJITAL,557.6
901859,2026,11,PRES,379.4
901860,2026,11,MONTAJ,553.1
901861,2025,36,KESIM,502.4
901862,2025,37,PRES,243.9
901863,2025,37,MONTAJ,371.3
901864,2026,2,KESIM,208.5
901865,2026,2,MATBAA,313.7
901866,2026,3,PRES,409.8
901867,2026,3,MONTAJ,503.9
901872,2025,44,KESIM,161.4
901873,2025,45,MATBAA,289.3
901874,2025,45,PRES,274.7
901875,2025,45,MONTAJ,152.2
901876,2026,20,KESIM,602.7
901877,2026,20,MATBAA,468.6
901878,2026,20,MONTAJ,564.7
901882,2026,21,KESIM,551.4
901883,2026,21,MATBAA,549.6
901884,2026,21,PRES,463.7
901885,2026,21,MONTAJ,231.7
901886,2025,39,KESIM,132.7
901887,2025,40,DIJITAL,178.4
901888,2025,40,PRES,538.5
901889,2025,40,MONTAJ,398.9
901890,2026,3,KESIM,501.7
901891,2026,3,MATBAA,261.1
901892,2026,3,MONTAJ,135.6
901893,2026,27,KESIM,562.2
901894,2026,27,MATBAA,450.3
901895,2026,27,PRES,486
901896,2026,27,MONTAJ,164.4
901897,2025,44,KESIM,337.7
901898,2025,44,PRES,332.9
901899,2025,44,MONTAJ,311
901900,2025,36,KESIM,512.4
901901,2025,36,DIJITAL,194.2
901902,2025,36,PRES,283.4
901903,2025,36,MONTAJ,448
901904,2025,47,KESIM,183.4
901905,2025,47,MATBAA,348.1
901906,2025,47,MONTAJ,268.5
901907,2025,43,KESIM,148.9
901908,2025,43,MATBAA,192.9
901909,2025,44,PRES,458.7
901910,2025,44,MONTAJ,512.2
901911,2026,25,KESIM,386.5
901912,2026,25,MATBAA,508.4
901913,2026,26,PRES,286.4
901914,2026,26,MONTAJ,372.9
901915,2026,16,KESIM,185.8
901916,2026,16,MATBAA,216.1
901917,2026,17,MONTAJ,278.2
901918,2025,28,KESIM,517.6
901919,2025,28,DIJITAL,425.5
901920,2025,28,PRES,367.5
901921,2025,28,MONTAJ,317.5
901922,2025,42,KESIM,136
901923,2025,42,MATBAA,571.6
901924,2025,42,PRES,289.7
901925,2025,42,MONTAJ,503.4
901926,2025,30,KESIM,168.9
901927,2025,30,MATBAA,503.1
901928,2025,30,PRES,619.9
901929,2025,31,MONTAJ,286.6
901930,2025,42,KESIM,476.9
901931,2025,42,DIJITAL,354.8
901932,2025,42,PRES,605.7
901933,2025,42,MONTAJ,613
901934,2026,21,KESIM,546.1
901935,2026,22,DIJITAL,188.5
901936,2026,22,PRES,315.6
901937,2026,22,MONTAJ,261.3
901938,2025,44,KESIM,138.8
901939,2025,44,MATBAA,503.5
901940,2025,45,PRES,528.8
901941,2025,45,MONTAJ,326.2
901942,2026,21,KESIM,570.9
901943,2026,21,DIJITAL,321.5
901944,2026,21,PRES,560.7
901945,2026,21,MONTAJ,467.4
901946,2025,39,KESIM,630.8
901947,2025,39,MATBAA,460.2
901948,2025,40,MONTAJ,433.5
901949,2025,26,KESIM,429.5
901950,2025,26,PRES,505
901951,2025,26,MONTAJ,631.9
901952,2026,15,KESIM,499.7
901953,2026,15,PRES,354
901954,2026,15,MONTAJ,141.2
901955,2025,50,KESIM,633.1
901956,2025,50,PRES,495.3
901957,2025,50,MONTAJ,597.5
901958,2025,45,KESIM,162.1
901959,2025,45,MATBAA,152.5
901960,2025,45,MONTAJ,513.8
901961,2025,31,KESIM,242.2
901962,2025,32,PRES,363.4
901963,2025,32,MONTAJ,226.4
901967,2025,50,KESIM,422.9
901968,2025,50,DIJITAL,340.2
901969,2025,50,PRES,631.2
901970,2025,50,MONTAJ,619.8
901971,2026,2,KESIM,567.1
901972,2026,2,MATBAA,347.3
901973,2026,2,PRES,225.2
901974,2026,3,MONTAJ,178.1
901975,2025,41,KESIM,205.7
901976,2025,42,PRES,291.5
901977,2025,42,MONTAJ,208.3
901978,2026,1,KESIM,368.8
901979,2026,1,PRES,173.9
901980,2026,1,MONTAJ,186.1
901981,2025,42,KESIM,456.3
901982,2025,43,PRES,550.7
901983,2025,43,MONTAJ,239.7
901984,2026,17,KESIM,258.2
901985,2026,17,MATBAA,252.3
901986,2026,17,MONTAJ,249.4
901987,2026,16,KESIM,295.8
901988,2026,16,MATBAA,308.8
901989,2026,16,PRES,317.4
901990,2026,16,MONTAJ,193.6
901991,2026,18,KESIM,415.4
901992,2026,18,DIJITAL,270.2
901993,2026,18,PRES,180.1
901994,2026,19,MONTAJ,426.5
901995,2026,25,KESIM,549.8
901996,2026,26,MATBAA,349.7
901997,2026,26,PRES,609.9
901998,2026,26,MONTAJ,621
901999,2026,25,KESIM,609.9
902000,2026,25,MATBAA,205.3
902001,2026,25,MONTAJ,512.8
902002,2026,21,KESIM,249.3
902003,2026,22,PRES,553.6
902004,2026,22,MONTAJ,568.1
902005,2025,44,KESIM,403.1
902006,2025,44,MATBAA,221.1
902007,2025,44,MONTAJ,291.3
902008,2026,22,KESIM,408
902009,2026,22,PRES,569.7
902010,2026,22,MONTAJ,186.9
902011,2025,27,KESIM,178.8
902012,2025,27,PRES,330.3
902013,2025,27,MONTAJ,204.6
902014,2026,26,KESIM,214.7
902015,2026,26,MATBAA,481.8
902016,2026,26,MONTAJ,634.5
902020,2025,50,KESIM,132.9
902021,2025,50,MATBAA,120.7
902022,2025,50,PRES,202
902023,2025,50,MONTAJ,301.3
902024,2026,16,KESIM,296.2
902025,2026,17,PRES,201.3
902026,2026,17,MONTAJ,528
902027,2025,51,KESIM,477.6
902028,2025,51,DIJITAL,406
902029,2025,51,PRES,218.1
902030,2025,51,MONTAJ,477.6
902031,2025,43,KESIM,158.1
902032,2025,44,MATBAA,135.3
902033,2025,44,MONTAJ,313.6
902034,2025,47,KESIM,263.1
902035,2025,47,MATBAA,258.3
902036,2025,47,PRES,134.8
902037,2025,47,MONTAJ,323
902038,2026,7,KESIM,598.3
902039,2026,8,DIJITAL,602
902040,2026,8,PRES,124.8
902041,2026,8,MONTAJ,158.2
902042,2025,46,KESIM,383.7
902043,2025,46,MATBAA,490.9
902044,2025,46,PRES,569.8
902045,2025,46,MONTAJ,638.9
902046,2026,13,KESIM,240.7
902047,2026,13,MATBAA,215.6
902048,2026,13,MONTAJ,509.5
902049,2026,28,KESIM,499.9
902050,2026,28,MATBAA,403
902051,2026,28,MONTAJ,615.7
902052,2025,41,KESIM,486.4
902053,2025,41,PRES,340.2
902054,2025,41,MONTAJ,472.4
902055,2025,42,KESIM,125.4
902056,2025,42,DIJITAL,362.2
902057,2025,43,PRES,132.3
902058,2025,43,MONTAJ,257.3
902059,2026,28,KESIM,492.1
902060,2026,28,PRES,145.1
902061,2026,28,MONTAJ,209.8
902062,2025,43,KESIM,320.4
902063,2025,43,MATBAA,266.3
902064,2025,44,MONTAJ,189.6
902065,2026,15,KESIM,272.8
902066,2026,15,PRES,576.7
902067,2026,15,MONTAJ,520
902068,2026,13,KESIM,304.7
902069,2026,13,DIJITAL,355
902070,2026,13,PRES,508.5
902071,2026,13,MONTAJ,356
902072,2026,3,KESIM,235.2
902073,2026,3,MATBAA,190
902074,2026,3,MONTAJ,299.9
902075,2026,24,KESIM,211.9
902076,2026,24,PRES,569.9
902077,2026,24,MONTAJ,433.7
902078,2026,10,KESIM,279.2
902079,2026,10,MATBAA,123.9
902080,2026,10,PRES,320.7
902081,2026,10,MONTAJ,272.8
902082,2025,48,KESIM,275
902083,2025,48,MATBAA,450.6
902084,2025,49,PRES,425.1
902085,2025,49,MONTAJ,411.8
902086,2026,16,KESIM,303.5
902087,2026,16,MATBAA,465
902088,2026,17,PRES,459.9
902089,2026,17,MONTAJ,558.3
902090,2026,12,KESIM,587.3
902091,2026,13,PRES,613.7
902092,2026,13,MONTAJ,225.1
902093,2025,43,KESIM,177.4
902094,2025,43,PRES,311.1
902095,2025,43,MONTAJ,137.3
902096,2026,24,KESIM,229.1
902097,2026,24,DIJITAL,434.3
902098,2026,24,PRES,220.1
902099,2026,24,MONTAJ,369.7
902100,2026,28,KESIM,555.8
902101,2026,28,PRES,529.3
902102,2026,28,MONTAJ,590.1
902103,2025,27,KESIM,312.4
902104,2025,27,MATBAA,350.1
902105,2025,27,PRES,631.2
902106,2025,27,MONTAJ,184.5
902107,2026,20,KESIM,588
902108,2026,21,MATBAA,151.8
902109,2026,21,PRES,535.7
902110,2026,21,MONTAJ,243.1
902111,2025,44,KESIM,574.2
902112,2025,44,PRES,423.5
902113,2025,44,MONTAJ,598.1
902114,2025,47,KESIM,243.6
902115,2025,47,MATBAA,328
902116,2025,47,MONTAJ,415.3
902117,2026,20,KESIM,308.2
902118,2026,20,MATBAA,282.7
902119,2026,20,MONTAJ,379.2
902120,2025,40,KESIM,146.3
902121,2025,40,MATBAA,316.5
902122,2025,40,PRES,599.7
902123,2025,40,MONTAJ,184.2
902127,2026,26,KESIM,602.1
902128,2026,26,DIJITAL,323.1
902129,2026,26,PRES,485
902130,2026,27,MONTAJ,589.3
902131,2026,8,KESIM,368.5
902132,2026,8,DIJITAL,492.5
902133,2026,8,PRES,552.2
902134,2026,8,MONTAJ,199.6
902135,2026,17,KESIM,456.2
902136,2026,17,MATBAA,434.5
902137,2026,17,PRES,120.2
902138,2026,18,MONTAJ,146.3
902139,2025,51,KESIM,178.5
902140,2025,51,DIJITAL,365.3
902141,2025,52,PRES,297.6
902142,2025,52,MONTAJ,519.3
902143,2026,23,KESIM,538
902144,2026,24,MATBAA,451.6
902145,2026,24,PRES,225.7
902146,2026,24,MONTAJ,166.7
902147,2026,18,KESIM,395.1
902148,2026,19,PRES,450.7
902149,2026,19,MONTAJ,390.1
902150,2025,36,KESIM,398.3
902151,2025,36,MATBAA,353.3
902152,2025,36,MONTAJ,425.4
902153,2026,22,KESIM,464.3
902154,2026,22,MATBAA,216.5
902155,2026,22,MONTAJ,458.7
902156,2026,29,KESIM,317.3
902157,2026,30,PRES,272.7
902158,2026,30,MONTAJ,369.7
902159,2026,21,KESIM,127
902160,2026,21,MATBAA,209.3
902161,2026,21,MONTAJ,628.2
902162,2026,18,KESIM,459
902163,2026,18,DIJITAL,609.1
902164,2026,19,PRES,459.9
902165,2026,19,MONTAJ,444.8
902166,2026,6,KESIM,122.7
902167,2026,6,MATBAA,517.9
902168,2026,6,MONTAJ,314.7
902169,2026,30,KESIM,309.9
902170,2026,30,MATBAA,336.4
902171,2026,30,MONTAJ,317.3
902172,2025,35,KESIM,426.3
902173,2025,35,DIJITAL,507.4
902174,2025,35,PRES,345.4
902175,2025,35,MONTAJ,290.4
902176,2025,46,KESIM,129.2
902177,2025,46,PRES,571.4
902178,2025,46,MONTAJ,132.8
902179,2026,22,KESIM,562.6
902180,2026,22,MATBAA,614
902181,2026,22,PRES,425.1
902182,2026,22,MONTAJ,519.1
902183,2026,27,KESIM,167.6
902184,2026,27,PRES,530.6
902185,2026,27,MONTAJ,574.5
902186,2026,30,KESIM,208.8
902187,2026,30,MATBAA,529.1
902188,2026,30,PRES,474.7
902189,2026,30,MONTAJ,235.6
902190,2025,35,KESIM,247.4
902191,2025,35,MATBAA,132.6
902192,2025,35,MONTAJ,591.8
902193,2025,38,KESIM,432.7
902194,2025,38,PRES,354.7
902195,2025,38,MONTAJ,162.7
902196,2025,43,KESIM,251.4
902197,2025,43,PRES,531.1
902198,2025,43,MONTAJ,586.6
902199,2025,47,KESIM,497.4
902200,2025,48,PRES,272.8
902201,2025,48,MONTAJ,166.8
902202,2026,22,KESIM,353.3
902203,2026,22,MATBAA,177.5
902204,2026,22,PRES,593
902205,2026,22,MONTAJ,586.9
902206,2026,16,KESIM,546.4
902207,2026,16,DIJITAL,203.8
902208,2026,16,PRES,344.1
902209,2026,16,MONTAJ,604.2
902210,2026,26,KESIM,224.6
902211,2026,26,PRES,321.8
902212,2026,27,MONTAJ,199.5
902213,2026,14,KESIM,146
902214,2026,14,DIJITAL,531.2
902215,2026,14,PRES,289.3
902216,2026,15,MONTAJ,399.4
902217,2026,22,KESIM,336.3
902218,2026,22,MATBAA,441.5
902219,2026,22,PRES,419.9
902220,2026,22,MONTAJ,361.6
902221,2026,12,KESIM,521.2
902222,2026,12,MATBAA,375.2
902223,2026,12,PRES,527.9
902224,2026,12,MONTAJ,175.7
902225,2026,30,KESIM,337.3
902226,2026,31,DIJITAL,418.9
902227,2026,31,PRES,290.2
902228,2026,31,MONTAJ,480.7
902229,2025,27,KESIM,628.1
902230,2025,27,MATBAA,352.7
902231,2025,27,MONTAJ,287.3
902232,2025,29,KESIM,636.4
902233,2025,30,DIJITAL,346.2
902234,2025,30,PRES,502.1
902235,2025,30,MONTAJ,490.6
902236,2025,28,KESIM,338
902237,2025,28,MATBAA,507.6
902238,2025,28,PRES,173.1
902239,2025,28,MONTAJ,408.9
902247,2025,32,KESIM,530.2
902248,2025,32,PRES,131.5
902249,2025,32,MONTAJ,184.2
902250,2026,21,KESIM,392.7
902251,2026,21,MATBAA,338
902252,2026,21,MONTAJ,574.2
902253,2026,19,KESIM,345.1
902254,2026,20,PRES,377
902255,2026,20,MONTAJ,353.5
902260,2025,51,KESIM,396.3
902261,2025,51,DIJITAL,356.6
902262,2025,51,PRES,372.3
902263,2025,52,MONTAJ,620
902264,2026,3,KESIM,304.5
902265,2026,3,MATBAA,507
902266,2026,3,MONTAJ,391.3
902267,2025,45,KESIM,611
902268,2025,45,MATBAA,585.2
902269,2025,45,PRES,254.7
902270,2025,45,MONTAJ,574.1
902274,2026,13,KESIM,217.3
902275,2026,13,DIJITAL,199.7
902276,2026,13,PRES,272.1
902277,2026,14,MONTAJ,592.6
902278,2026,7,KESIM,260.4
902279,2026,8,DIJITAL,524.1
902280,2026,8,PRES,392.9
902281,2026,8,MONTAJ,450.7
902282,2026,18,KESIM,183.2
902283,2026,18,DIJITAL,137.5
902284,2026,18,PRES,388.6
902285,2026,18,MONTAJ,366
902286,2025,34,KESIM,139
902287,2025,34,MATBAA,223.8
902288,2025,34,MONTAJ,229.8
902289,2026,7,KESIM,168.4
902290,2026,7,MATBAA,508.5
902291,2026,7,PRES,580.2
902292,2026,7,MONTAJ,423.4
902293,2025,46,KESIM,229.5
902294,2025,46,DIJITAL,129.8
902295,2025,46,PRES,404.1
902296,2025,46,MONTAJ,390.6
902297,2025,30,KESIM,526.6
902298,2025,30,DIJITAL,264.4
902299,2025,30,PRES,380.9
902300,2025,30,MONTAJ,275
902301,2026,22,KESIM,425.4
902302,2026,22,PRES,495.3
902303,2026,22,MONTAJ,346
902304,2025,31,KESIM,336.2
902305,2025,31,PRES,303.5
902306,2025,31,MONTAJ,487.1
902307,2025,34,KESIM,531.7
902308,2025,35,MATBAA,126.9
902309,2025,35,PRES,204.4
902310,2025,35,MONTAJ,378.3
902311,2026,30,KESIM,525.7
902312,2026,30,DIJITAL,547.5
902313,2026,30,PRES,145.8
902314,2026,30,MONTAJ,388.1
902315,2025,28,KESIM,464.9
902316,2025,29,MATBAA,404.2
902317,2025,29,MONTAJ,242.4
902318,2025,45,KESIM,436.3
902319,2025,45,MATBAA,425.4
902320,2025,45,PRES,258.9
902321,2025,45,MONTAJ,243.8
902322,2025,52,KESIM,536.9
902323,2025,52,MATBAA,352.5
902324,2025,52,MONTAJ,566.9
902325,2026,5,KESIM,218.6
902326,2026,5,DIJITAL,241.6
902327,2026,5,PRES,320.5
902328,2026,5,MONTAJ,379
902329,2026,22,KESIM,129.6
902330,2026,22,MATBAA,498.6
902331,2026,22,PRES,365.5
902332,2026,22,MONTAJ,534.5
902333,2026,22,KESIM,499.6
902334,2026,22,PRES,360.8
902335,2026,23,MONTAJ,307.4
902336,2025,51,KESIM,552.9
902337,2025,51,PRES,411.3
902338,2025,51,MONTAJ,211.3
902339,2025,47,KESIM,257.3
902340,2025,47,MATBAA,423.9
902341,2025,47,MONTAJ,422.7
902342,2025,45,KESIM,593.1
902343,2025,45,MATBAA,183.9
902344,2025,45,MONTAJ,635.9
902345,2026,30,KESIM,584.6
902346,2026,30,PRES,231.2
902347,2026,30,MONTAJ,238.6
902348,2026,5,KESIM,411.6
902349,2026,5,PRES,503.8
902350,2026,6,MONTAJ,307.3
902351,2025,28,KESIM,630.3
902352,2025,28,MATBAA,352.6
902353,2025,28,PRES,515.5
902354,2025,28,MONTAJ,260.2
902355,2025,36,KESIM,632.9
902356,2025,36,PRES,599.8
902357,2025,37,MONTAJ,525.6
902358,2026,27,KESIM,208.8
902359,2026,27,MATBAA,250
902360,2026,28,PRES,323.5
902361,2026,28,MONTAJ,484.3
902362,2025,32,KESIM,246.7
902363,2025,33,DIJITAL,554.1
902364,2025,33,PRES,172.4
902365,2025,33,MONTAJ,313.3
902366,2025,45,KESIM,371.5
902367,2025,45,MATBAA,305.5
902368,2025,45,MONTAJ,136.2
902369,2025,47,KESIM,423
902370,2025,47,PRES,627.3
902371,2025,47,MONTAJ,235.5
902372,2026,28,KESIM,522.6
902373,2026,28,DIJITAL,129.9
902374,2026,28,PRES,216.7
902375,2026,28,MONTAJ,549.9
902376,2026,19,KESIM,197
902377,2026,19,PRES,264.1
902378,2026,19,MONTAJ,482.8
902379,2025,36,KESIM,206.2
902380,2025,36,PRES,606.4
902381,2025,36,MONTAJ,274.5
902382,2025,29,KESIM,543.4
902383,2025,29,MATBAA,420
902384,2025,29,PRES,354.1
902385,2025,29,MONTAJ,428.6
902386,2025,39,KESIM,463.2
902387,2025,39,PRES,616.4
902388,2025,39,MONTAJ,158.2
902389,2025,45,KESIM,573.6
902390,2025,45,MATBAA,578.5
902391,2025,46,MONTAJ,212.9
902392,2025,33,KESIM,571
902393,2025,34,MATBAA,145.2
902394,2025,34,MONTAJ,202.4
902395,2026,29,KESIM,122.7
902396,2026,29,DIJITAL,382.8
902397,2026,29,PRES,447
902398,2026,29,MONTAJ,262.6
902399,2025,39,KESIM,583
902400,2025,39,MATBAA,506.7
902401,2025,39,PRES,256.6
902402,2025,39,MONTAJ,533.7
902403,2025,42,KESIM,135.8
902404,2025,42,MATBAA,533.3
902405,2025,43,PRES,150
902406,2025,43,MONTAJ,224.3
902407,2025,46,KESIM,442.1
902408,2025,46,MATBAA,397
902409,2025,46,MONTAJ,580.8
902410,2025,28,KESIM,444.6
902411,2025,28,MATBAA,279.7
902412,2025,28,MONTAJ,279.8
902413,2026,3,KESIM,447.1
902414,2026,3,MATBAA,200.5
902415,2026,3,MONTAJ,181
902416,2025,43,KESIM,637.9
902417,2025,43,MATBAA,276.1
902418,2025,43,PRES,142.6
902419,2025,43,MONTAJ,622.3
902420,2026,25,KESIM,247
902421,2026,25,DIJITAL,253.8
902422,2026,25,PRES,627.9
902423,2026,25,MONTAJ,259.7
902424,2026,9,KESIM,478.4
902425,2026,9,MATBAA,495
902426,2026,10,PRES,446.2
902427,2026,10,MONTAJ,213.5
902428,2025,39,KESIM,226.9
902429,2025,39,PRES,126.5
902430,2025,39,MONTAJ,292.9
902431,2025,36,KESIM,561
902432,2025,36,MATBAA,515
902433,2025,36,MONTAJ,531.1
902434,2025,37,KESIM,261.3
902435,2025,38,MATBAA,357.7
902436,2025,38,MONTAJ,191.9
902437,2025,51,KESIM,195.1
902438,2025,51,MATBAA,132.3
902439,2025,51,PRES,457.4
902440,2025,51,MONTAJ,220.9
902441,2026,20,KESIM,136.4
902442,2026,20,PRES,586.4
902443,2026,21,MONTAJ,187.1
902444,2026,25,KESIM,239.6
902445,2026,25,PRES,224
902446,2026,25,MONTAJ,360.9
902447,2025,30,KESIM,261
902448,2025,30,DIJITAL,210.5
902449,2025,31,PRES,637.5
902450,2025,31,MONTAJ,229.5
902451,2026,9,KESIM,582.8
902452,2026,10,MATBAA,358.8
902453,2026,10,PRES,351.3
902454,2026,10,MONTAJ,428.4
902455,2025,52,KESIM,210.9
902456,2025,52,MATBAA,479.7
902457,2025,52,PRES,486.2
902458,2025,52,MONTAJ,584.5
902459,2025,46,KESIM,592.7
902460,2025,46,MATBAA,415.6
902461,2025,46,PRES,137.7
902462,2025,46,MONTAJ,576.7
902463,2025,45,KESIM,545.1
902464,2025,45,MATBAA,309.8
902465,2025,45,MONTAJ,165.7
902466,2026,11,KESIM,465.3
902467,2026,11,MATBAA,338.3
902468,2026,12,MONTAJ,199.4
902469,2025,34,KESIM,373.1
902470,2025,34,MATBAA,556.1
902471,2025,34,MONTAJ,195.4
902472,2025,50,KESIM,244.4
902473,2025,50,PRES,333.4
902474,2025,51,MONTAJ,295.8
902475,2026,8,KESIM,163.7
902476,2026,8,DIJITAL,395.3
902477,2026,8,PRES,455.6
902478,2026,8,MONTAJ,443.8
902479,2025,28,KESIM,257.2
902480,2025,28,MATBAA,466
902481,2025,28,MONTAJ,627
902482,2026,19,KESIM,230.6
902483,2026,19,MATBAA,553.1
902484,2026,19,PRES,221.5
902485,2026,19,MONTAJ,525.4
902486,2025,35,KESIM,136
902487,2025,35,DIJITAL,366.7
902488,2025,35,PRES,520.2
902489,2025,35,MONTAJ,228.3
902490,2025,30,KESIM,592.3
902491,2025,30,MATBAA,465.5
902492,2025,30,PRES,239.7
902493,2025,30,MONTAJ,344.3
902494,2026,6,KESIM,137.6
902495,2026,6,MATBAA,359.4
902496,2026,6,MONTAJ,617
902497,2025,45,KESIM,561.2
902498,2025,45,PRES,433.3
902499,2025,45,MONTAJ,604.6
902503,2026,26,KESIM,183.5
902504,2026,26,PRES,160.9
902505,2026,26,MONTAJ,454.8
902510,2026,8,KESIM,234.5
902511,2026,8,MATBAA,519.9
902512,2026,9,PRES,606
902513,2026,9,MONTAJ,263.8
902518,2026,9,KESIM,515.9
902519,2026,9,PRES,166.1
902520,2026,9,MONTAJ,207.2
902521,2026,10,KESIM,257.4
902522,2026,10,PRES,596.7
902523,2026,10,MONTAJ,221.3
902524,2026,21,KESIM,529.6
902525,2026,21,MATBAA,399.3
902526,2026,21,PRES,393.3
902527,2026,21,MONTAJ,162.3
902528,2025,33,KESIM,565.3
902529,2025,33,PRES,355.1
902530,2025,33,MONTAJ,639.8
902531,2026,17,KESIM,343.5
902532,2026,17,DIJITAL,402.4
902533,2026,17,PRES,393.7
902534,2026,18,MONTAJ,215.5
902535,2025,26,KESIM,417
902536,2025,26,DIJITAL,183.2
902537,2025,26,PRES,160.6
902538,2025,27,MONTAJ,182.6
902539,2025,27,KESIM,416.1
902540,2025,27,MATBAA,252.9
902541,2025,27,MONTAJ,339.5
902542,2026,15,KESIM,624.4
902543,2026,15,MATBAA,586.2
902544,2026,15,PRES,209.3
902545,2026,15,MONTAJ,352.1
902546,2026,15,KESIM,463.6
902547,2026,15,PRES,607.5
902548,2026,15,MONTAJ,352.3
902549,2026,10,KESIM,542.1
902550,2026,10,DIJITAL,465.7
902551,2026,10,PRES,626.3
902552,2026,10,MONTAJ,165.9
902553,2026,22,KESIM,211.3
902554,2026,22,MATBAA,325.8
902555,2026,22,PRES,202.7
902556,2026,23,MONTAJ,507.9
902557,2025,28,KESIM,508.8
902558,2025,29,PRES,257.5
902559,2025,29,MONTAJ,543.5
902560,2025,44,KESIM,583.2
902561,2025,44,DIJITAL,335.7
902562,2025,44,PRES,412.8
902563,2025,44,MONTAJ,160.1
902564,2026,22,KESIM,329.1
902565,2026,22,MATBAA,261.7
902566,2026,22,MONTAJ,615.8
902567,2026,19,KESIM,371.6
902568,2026,19,MATBAA,390.1
902569,2026,19,MONTAJ,269.8
902570,2026,6,KESIM,261.8
902571,2026,7,PRES,339.2
902572,2026,7,MONTAJ,408.5
902573,2026,21,KESIM,494.6
902574,2026,21,PRES,289.7
902575,2026,21,MONTAJ,360.6
902576,2026,26,KESIM,353.4
902577,2026,26,DIJITAL,577.9
902578,2026,26,PRES,315.5
902579,2026,27,MONTAJ,148
902580,2026,10,KESIM,146.3
902581,2026,10,PRES,312.9
902582,2026,10,MONTAJ,584.7
902583,2026,7,KESIM,399.2
902584,2026,8,MATBAA,357.8
902585,2026,8,MONTAJ,283.8
902586,2026,13,KESIM,248
902587,2026,13,PRES,576.1
902588,2026,13,MONTAJ,631.9
902589,2026,22,KESIM,175.5
902590,2026,22,MATBAA,266.5
902591,2026,23,PRES,417.6
902592,2026,23,MONTAJ,461.3
902593,2026,31,KESIM,629.7
902597,2026,14,KESIM,524.4
902598,2026,14,MATBAA,258.3
902599,2026,15,MONTAJ,521.6
902600,2026,27,KESIM,524.8
902601,2026,27,DIJITAL,426.9
902602,2026,27,PRES,168
902603,2026,28,MONTAJ,133.3
902604,2026,25,KESIM,460.7
902605,2026,25,DIJITAL,282.5
902606,2026,25,PRES,311
902607,2026,25,MONTAJ,323.3
902608,2026,19,KESIM,443.8
902609,2026,19,DIJITAL,259.6
902610,2026,20,PRES,478.5
902611,2026,20,MONTAJ,503
902612,2026,18,KESIM,428.4
902613,2026,18,DIJITAL,591.8
902614,2026,18,PRES,627
902615,2026,18,MONTAJ,360.7
902616,2025,37,KESIM,414.8
902617,2025,37,MATBAA,179.4
902618,2025,37,PRES,433.3
902619,2025,37,MONTAJ,460.1
902620,2026,26,KESIM,615.7
902621,2026,26,PRES,474.6
902622,2026,27,MONTAJ,615.2
902623,2025,42,KESIM,467
902624,2025,42,DIJITAL,532.9
902625,2025,42,PRES,360.5
902626,2025,43,MONTAJ,245.3
902627,2026,6,KESIM,368.7
902628,2026,6,MATBAA,485.2
902629,2026,6,MONTAJ,586.6
902630,2026,17,KESIM,141.4
902631,2026,17,DIJITAL,236.8
902632,2026,17,PRES,298.2
902633,2026,17,MONTAJ,474.4
902634,2026,1,KESIM,354.7
902635,2026,2,MATBAA,359.7
902636,2026,2,PRES,217.7
902637,2026,2,MONTAJ,264.7
902638,2026,25,KESIM,496.3
902639,2026,25,MATBAA,305.5
902640,2026,25,MONTAJ,263.4
902641,2025,26,KESIM,430
902642,2025,26,MATBAA,525.1
902643,2025,26,MONTAJ,629.9
902644,2025,26,KESIM,488.1
902645,2025,26,MATBAA,637.2
902646,2025,26,MONTAJ,164.4
902651,2026,5,KESIM,525.2
902652,2026,6,MATBAA,452.9
902653,2026,6,MONTAJ,435.8
902654,2026,31,KESIM,314.6
902661,2025,39,KESIM,395
902662,2025,40,PRES,602.2
902663,2025,40,MONTAJ,237.3
902664,2026,30,KESIM,376.3
902665,2026,30,DIJITAL,607.5
902666,2026,30,PRES,567.6
902667,2026,31,MONTAJ,325.8
902668,2026,13,KESIM,536.1
902669,2026,13,PRES,519.4
902670,2026,13,MONTAJ,157.5
902671,2026,24,KESIM,250.5
902672,2026,25,DIJITAL,472.3
902673,2026,25,PRES,242.7
902674,2026,25,MONTAJ,501.2
902675,2025,35,KESIM,415
902676,2025,35,PRES,321.5
902677,2025,35,MONTAJ,124.4
902678,2026,9,KESIM,234.7
902679,2026,9,MATBAA,347.6
902680,2026,9,PRES,593.7
902681,2026,9,MONTAJ,284.3
902682,2025,27,KESIM,225
902683,2025,27,DIJITAL,508
902684,2025,27,PRES,598.4
902685,2025,27,MONTAJ,581.1
902686,2025,46,KESIM,184.9
902687,2025,46,MATBAA,219.1
902688,2025,47,MONTAJ,313.7
902689,2025,44,KESIM,370
902690,2025,44,DIJITAL,231.3
902691,2025,44,PRES,359.2
902692,2025,44,MONTAJ,455.7
902693,2026,27,KESIM,145.4
902694,2026,27,MATBAA,253.2
902695,2026,28,PRES,547.3
902696,2026,28,MONTAJ,346.5
902697,2026,16,KESIM,207.4
902698,2026,16,MATBAA,239.3
902699,2026,16,MONTAJ,624.4
902700,2025,49,KESIM,622.7
902701,2025,50,PRES,148.4
902702,2025,50,MONTAJ,558.7
902703,2025,27,KESIM,497.3
902704,2025,27,DIJITAL,505.9
902705,2025,27,PRES,353.6
902706,2025,27,MONTAJ,321.6
902707,2026,12,KESIM,380.4
902708,2026,13,MATBAA,205.5
902709,2026,13,MONTAJ,591
902710,2025,48,KESIM,243
902711,2025,48,MATBAA,501.7
902712,2025,48,PRES,202.2
902713,2025,48,MONTAJ,126.1
902714,2025,33,KESIM,407
902715,2025,33,MATBAA,124.3
902716,2025,34,PRES,351.6
902717,2025,34,MONTAJ,546.9
902718,2025,33,KESIM,544.8
902719,2025,34,PRES,273.4
902720,2025,34,MONTAJ,627.3
902721,2026,18,KESIM,490.2
902722,2026,18,MATBAA,451.8
902723,2026,18,PRES,630.9
902724,2026,18,MONTAJ,574.2
902725,2025,29,KESIM,144.8
902726,2025,29,MATBAA,154.5
902727,2025,29,PRES,252.2
902728,2025,29,MONTAJ,452.7
902729,2026,14,KESIM,200.1
902730,2026,14,MATBAA,637.4
902731,2026,14,PRES,555.4
902732,2026,14,MONTAJ,383.1
902737,2025,37,KESIM,578.3
902738,2025,37,MATBAA,278.7
902739,2025,38,MONTAJ,457
902740,2026,26,KESIM,175.4
902741,2026,26,MATBAA,275.9
902742,2026,26,PRES,493.3
902743,2026,26,MONTAJ,369.7
902744,2026,21,KESIM,632.5
902745,2026,22,MATBAA,549.5
902746,2026,22,MONTAJ,381.6
902747,2026,3,KESIM,309.6
902748,2026,3,DIJITAL,345.2
902749,2026,3,PRES,599.8
902750,2026,3,MONTAJ,295.4
902751,2026,11,KESIM,540.4
902752,2026,11,DIJITAL,620.6
902753,2026,11,PRES,202.2
902754,2026,11,MONTAJ,611.3
902755,2026,16,KESIM,298.8
902756,2026,16,PRES,417.5
902757,2026,16,MONTAJ,295.2
902758,2026,20,KESIM,401.8
902759,2026,21,PRES,198.8
902760,2026,21,MONTAJ,614.7
902761,2025,49,KESIM,384
902762,2025,49,DIJITAL,303.3
902763,2025,49,PRES,538.9
902764,2025,49,MONTAJ,455.4
902765,2026,16,KESIM,262.8
902766,2026,17,MATBAA,394.7
902767,2026,17,PRES,137.1
902768,2026,17,MONTAJ,262.8
902769,2026,9,KESIM,615.4
902770,2026,9,MATBAA,527.8
902771,2026,10,MONTAJ,592.6
902772,2026,29,KESIM,276.9
902773,2026,29,PRES,281.3
902774,2026,29,MONTAJ,165.5
902775,2025,49,KESIM,467.7
902776,2025,49,MATBAA,270.8
902777,2025,49,MONTAJ,590.6
902778,2025,51,KESIM,233.3
902779,2025,51,PRES,606.4
902780,2025,51,MONTAJ,330.9
902781,2026,20,KESIM,288.3
902782,2026,20,DIJITAL,226.5
902783,2026,20,PRES,221.7
902784,2026,20,MONTAJ,612.2
902788,2026,30,KESIM,243.5
902789,2026,30,MATBAA,312.1
902790,2026,30,PRES,569.5
902791,2026,30,MONTAJ,348.5
902792,2025,39,KESIM,275.2
902793,2025,39,MATBAA,611.4
902794,2025,39,MONTAJ,131.4
902795,2026,5,KESIM,566
902796,2026,6,MATBAA,288.9
902797,2026,6,PRES,145.5
902798,2026,6,MONTAJ,226.7
902799,2025,50,KESIM,377.7
902800,2025,50,MATBAA,133.5
902801,2025,50,PRES,352
902802,2025,50,MONTAJ,309.2
902803,2025,35,KESIM,471.6
902804,2025,36,PRES,368.9
902805,2025,36,MONTAJ,121.4
902806,2026,29,KESIM,354.9
902807,2026,29,MATBAA,547.5
902808,2026,29,MONTAJ,146.6
902809,2026,18,KESIM,475.7
902810,2026,18,MATBAA,257
902811,2026,18,MONTAJ,152.3
902812,2025,44,KESIM,328.2
902813,2025,44,MATBAA,176.1
902814,2025,45,MONTAJ,528.5
902815,2025,26,KESIM,541.1
902816,2025,26,DIJITAL,239.2
902817,2025,27,PRES,291.1
902818,2025,27,MONTAJ,251.4
902819,2025,50,KESIM,234.8
902820,2025,51,MATBAA,528.2
902821,2025,51,MONTAJ,635.5
902822,2025,45,KESIM,630.1
902823,2025,45,DIJITAL,459.6
902824,2025,45,PRES,505.6
902825,2025,46,MONTAJ,392.7
902826,2026,26,KESIM,338.8
902827,2026,26,MATBAA,465.9
902828,2026,26,MONTAJ,507.7
902829,2026,4,KESIM,455
902830,2026,4,MATBAA,484
902831,2026,4,MONTAJ,194.8
902832,2025,38,KESIM,499.5
902833,2025,38,PRES,637.1
902834,2025,38,MONTAJ,574.4
902835,2025,50,KESIM,240.8
902836,2025,50,MATBAA,404.7
902837,2025,50,PRES,130.9
902838,2025,51,MONTAJ,146.5
902839,2025,30,KESIM,436.8
902840,2025,30,DIJITAL,413.7
902841,2025,31,PRES,335.4
902842,2025,31,MONTAJ,147
902843,2025,42,KESIM,267.2
902844,2025,42,MATBAA,277.1
902845,2025,43,PRES,597.7
902846,2025,43,MONTAJ,580.7
902847,2026,7,KESIM,599.1
902848,2026,8,MATBAA,425.9
902849,2026,8,PRES,412.8
902850,2026,8,MONTAJ,458.7
902851,2026,28,KESIM,244.6
902852,2026,28,PRES,519.6
902853,2026,29,MONTAJ,166.1
902854,2026,26,KESIM,366.4
902855,2026,26,DIJITAL,249.6
902856,2026,26,PRES,486
902857,2026,26,MONTAJ,320.2
902858,2026,27,KESIM,612.7
902859,2026,27,PRES,230.6
902860,2026,27,MONTAJ,557.8
902861,2025,44,KESIM,281.4
902862,2025,44,MATBAA,137.6
902863,2025,44,MONTAJ,215.8
902864,2025,28,KESIM,264.1
902865,2025,29,MATBAA,600.4
902866,2025,29,MONTAJ,376.1
902867,2025,44,KESIM,451.3
902868,2025,44,MATBAA,175.2
902869,2025,45,MONTAJ,154.2
902870,2025,36,KESIM,334.2
902871,2025,36,PRES,538.9
902872,2025,36,MONTAJ,195.6
902873,2025,1,KESIM,591.4
902874,2026,1,MATBAA,556.9
902875,2026,1,MONTAJ,176.6
902876,2026,13,KESIM,417.5
902877,2026,13,MATBAA,200.1
902878,2026,13,MONTAJ,162.7
902882,2026,16,KESIM,408.2
902883,2026,16,MATBAA,375.2
902884,2026,16,PRES,355.9
902885,2026,16,MONTAJ,325.7
902886,2026,22,KESIM,452
902887,2026,23,DIJITAL,511.6
902888,2026,23,PRES,520.5
902889,2026,23,MONTAJ,184.4
902890,2026,24,KESIM,162.6
902891,2026,24,MATBAA,307.5
902892,2026,24,PRES,483.3
902893,2026,24,MONTAJ,124.4
902894,2025,27,KESIM,446.5
902895,2025,28,DIJITAL,193.9
902896,2025,28,PRES,554.6
902897,2025,28,MONTAJ,228.9
902898,2025,36,KESIM,133.4
902899,2025,36,PRES,539.7
902900,2025,36,MONTAJ,514.3
902905,2026,23,KESIM,130.7
902906,2026,23,MATBAA,633.7
902907,2026,23,PRES,258.5
902908,2026,23,MONTAJ,392.6
902909,2026,15,KESIM,474.8
902910,2026,15,PRES,213.2
902911,2026,15,MONTAJ,272.2
902912,2025,43,KESIM,596.1
902913,2025,43,MATBAA,367.9
902914,2025,43,PRES,122.2
902915,2025,43,MONTAJ,625.5
902916,2026,30,KESIM,251.2
902917,2026,30,DIJITAL,300.7
902918,2026,30,PRES,257.6
902919,2026,31,MONTAJ,427.7
902920,2026,22,KESIM,239.5
902921,2026,22,PRES,245.5
902922,2026,22,MONTAJ,617.9
902923,2026,2,KESIM,143
902924,2026,2,PRES,322.4
902925,2026,2,MONTAJ,219.8
902926,2025,26,KESIM,422.9
902927,2025,26,DIJITAL,134.6
902928,2025,26,PRES,337.4
902929,2025,26,MONTAJ,327.8
902930,2025,47,KESIM,491.3
902931,2025,47,DIJITAL,560.8
902932,2025,47,PRES,381
902933,2025,47,MONTAJ,570.7
902934,2026,25,KESIM,235.9
902935,2026,25,MATBAA,245.9
902936,2026,25,PRES,332.8
902937,2026,26,MONTAJ,312.4
902938,2025,28,KESIM,397.9
902939,2025,28,MATBAA,216.7
902940,2025,29,MONTAJ,233.8
902941,2025,49,KESIM,217.9
902942,2025,49,MATBAA,311.5
902943,2025,49,PRES,251.2
902944,2025,49,MONTAJ,233.7
902945,2026,1,KESIM,449.8
902946,2026,1,DIJITAL,276.7
902947,2026,1,PRES,137
902948,2026,2,MONTAJ,487.5
902949,2026,22,KESIM,450.5
902950,2026,22,PRES,449.4
902951,2026,22,MONTAJ,496.7
902952,2025,30,KESIM,499.1
902953,2025,30,PRES,291.3
902954,2025,30,MONTAJ,260.4
902955,2026,7,KESIM,146.7
902956,2026,7,MATBAA,278.8
902957,2026,7,MONTAJ,238.5
902958,2026,30,KESIM,587.5
902959,2026,31,MATBAA,151.5
902960,2026,31,PRES,575.2
902961,2026,31,MONTAJ,448.4
902966,2026,18,KESIM,367.1
902967,2026,18,MATBAA,164.7
902968,2026,18,MONTAJ,483.3
902969,2026,6,KESIM,454.9
902970,2026,6,PRES,462.9
902971,2026,6,MONTAJ,279.8
902972,2026,21,KESIM,335.2
902973,2026,21,MATBAA,149.3
902974,2026,21,MONTAJ,384.3
902975,2026,26,KESIM,349.9
902976,2026,27,MATBAA,245
902977,2026,27,MONTAJ,433.1
902978,2025,35,KESIM,358.2
902979,2025,35,PRES,606
902980,2025,35,MONTAJ,521.9
902981,2026,11,KESIM,578.3
902982,2026,12,MATBAA,329.7
902983,2026,12,MONTAJ,556.3
902984,2025,44,KESIM,526.7
902985,2025,44,MATBAA,210.3
902986,2025,44,PRES,226.5
902987,2025,45,MONTAJ,152.9
902988,2026,2,KESIM,563.8
902989,2026,2,DIJITAL,394.2
902990,2026,3,PRES,552.2
902991,2026,3,MONTAJ,390.3
902992,2026,31,KESIM,216.8
902996,2026,2,KESIM,539.4
902997,2026,2,MATBAA,132
902998,2026,2,MONTAJ,198.4
902999,2026,23,KESIM,363.8
903000,2026,23,DIJITAL,203.5
903001,2026,23,PRES,160.1
903002,2026,23,MONTAJ,128.2
903003,2025,33,KESIM,473.5
903004,2025,33,DIJITAL,524.3
903005,2025,33,PRES,333.9
903006,2025,33,MONTAJ,512.6
903007,2025,27,KESIM,150
903008,2025,27,PRES,279.9
903009,2025,27,MONTAJ,347.4
903010,2025,32,KESIM,453.7
903011,2025,32,MATBAA,443.3
903012,2025,33,MONTAJ,147.9
903013,2026,25,KESIM,375.2
903014,2026,25,DIJITAL,284.4
903015,2026,25,PRES,507.4
903016,2026,25,MONTAJ,215.7
903017,2025,49,KESIM,261.9
903018,2025,49,PRES,635.9
903019,2025,49,MONTAJ,144.8
903020,2025,44,KESIM,626.2
903021,2025,44,DIJITAL,420.7
903022,2025,44,PRES,471.1
903023,2025,44,MONTAJ,423.5
903024,2026,7,KESIM,491.8
903025,2026,7,PRES,631.1
903026,2026,7,MONTAJ,379.2
903027,2025,43,KESIM,532.9
903028,2025,43,DIJITAL,172.9
903029,2025,43,PRES,222.2
903030,2025,43,MONTAJ,423.6
903031,2025,28,KESIM,473.8
903032,2025,29,PRES,339.6
903033,2025,29,MONTAJ,496.1
903034,2025,40,KESIM,541.1
903035,2025,41,DIJITAL,557
903036,2025,41,PRES,532.5
903037,2025,41,MONTAJ,465.5
903038,2025,31,KESIM,566.4
903039,2025,31,PRES,468.6
903040,2025,31,MONTAJ,306.8
903041,2026,22,KESIM,333.4
903042,2026,22,MATBAA,349
903043,2026,22,MONTAJ,478.8
903044,2026,9,KESIM,633.6
903045,2026,9,PRES,548.7
903046,2026,9,MONTAJ,443.1
903047,2025,29,KESIM,473.4
903048,2025,30,PRES,460.7
903049,2025,30,MONTAJ,512.1
903050,2026,19,KESIM,620.1
903051,2026,19,PRES,372
903052,2026,20,MONTAJ,184.1
903053,2026,30,KESIM,504.6
903054,2026,31,PRES,216.2
903055,2026,31,MONTAJ,469.4
903056,2025,52,KESIM,500
903057,2025,52,DIJITAL,322.8
903058,2025,52,PRES,177.2
903059,2025,52,MONTAJ,629.5
903060,2026,3,KESIM,217.8
903061,2026,3,DIJITAL,533.9
903062,2026,3,PRES,257.5
903063,2026,3,MONTAJ,345.5
903064,2026,4,KESIM,275
903065,2026,4,MATBAA,360.8
903066,2026,5,MONTAJ,506.9
903067,2025,44,KESIM,396.6
903068,2025,44,PRES,147.7
903069,2025,44,MONTAJ,504.9
903070,2026,14,KESIM,349.2
903071,2026,14,MATBAA,235
903072,2026,14,PRES,192.1
903073,2026,14,MONTAJ,509.3
903074,2026,21,KESIM,237.6
903075,2026,21,DIJITAL,120.8
903076,2026,21,PRES,270.3
903077,2026,21,MONTAJ,475
903078,2025,27,KESIM,394.9
903079,2025,27,PRES,274.8
903080,2025,27,MONTAJ,180.6
903081,2026,21,KESIM,559.2
903082,2026,21,PRES,191.1
903083,2026,21,MONTAJ,212.9
903084,2025,30,KESIM,515.3
903085,2025,30,PRES,440.2
903086,2025,30,MONTAJ,530.2
903087,2025,45,KESIM,431.7
903088,2025,46,MATBAA,163.4
903089,2025,46,PRES,203.3
903090,2025,46,MONTAJ,307.9
903091,2026,31,KESIM,418.8
903092,2026,31,DIJITAL,509.3
903093,2026,31,PRES,364.4
903094,2026,31,MONTAJ,634.8
903095,2025,32,KESIM,466.6
903096,2025,32,PRES,540.2
903097,2025,32,MONTAJ,584.1
903098,2025,28,KESIM,273.7
903099,2025,29,MATBAA,501.3
903100,2025,29,MONTAJ,166.6
903101,2025,52,KESIM,474.6
903102,2025,52,MATBAA,253.7
903103,2025,52,PRES,266
903104,2025,52,MONTAJ,333.2
903105,2026,12,KESIM,134.9
903106,2026,13,MATBAA,578.2
903107,2026,13,PRES,504
903108,2026,13,MONTAJ,400.2
903109,2026,8,KESIM,611.9
903110,2026,8,DIJITAL,336.2
903111,2026,8,PRES,429.1
903112,2026,8,MONTAJ,496.1
903113,2025,51,KESIM,259.6
903114,2025,51,MATBAA,262.5
903115,2025,51,PRES,519.3
903116,2025,51,MONTAJ,391.3
903117,2026,16,KESIM,390.3
903118,2026,16,MATBAA,227
903119,2026,16,PRES,370.9
903120,2026,16,MONTAJ,278.2
903121,2025,26,KESIM,586.3
903122,2025,26,PRES,143.4
903123,2025,26,MONTAJ,288.8
903124,2026,11,KESIM,402.7
903125,2026,11,DIJITAL,135.9
903126,2026,11,PRES,590.5
903127,2026,11,MONTAJ,567.2
903128,2025,48,KESIM,268.6
903129,2025,48,DIJITAL,188.8
903130,2025,48,PRES,211.3
903131,2025,48,MONTAJ,227.3
903132,2025,39,KESIM,384.4
903133,2025,39,MATBAA,216
903134,2025,39,PRES,389.3
903135,2025,39,MONTAJ,183.7
903136,2025,36,KESIM,165.4
903137,2025,36,MATBAA,230.4
903138,2025,36,PRES,353.9
903139,2025,36,MONTAJ,127.2
903140,2025,26,KESIM,216.6
903141,2025,26,MATBAA,193.8
903142,2025,26,MONTAJ,185.9
903143,2026,23,KESIM,460.7
903144,2026,23,MATBAA,396.7
903145,2026,23,PRES,458.2
903146,2026,24,MONTAJ,132.1
903147,2026,25,KESIM,538.8
903148,2026,25,MATBAA,195.5
903149,2026,26,PRES,623.6
903150,2026,26,MONTAJ,421
903151,2026,24,KESIM,636.3
903152,2026,24,MATBAA,205.3
903153,2026,25,MONTAJ,127.6
903154,2025,29,KESIM,367.4
903155,2025,29,MATBAA,221.5
903156,2025,29,MONTAJ,378.2
903157,2025,47,KESIM,338.4
903158,2025,47,MATBAA,533.1
903159,2025,47,MONTAJ,459.3
903160,2026,28,KESIM,542.7
903161,2026,28,MATBAA,362.1
903162,2026,28,PRES,304.4
903163,2026,28,MONTAJ,611.9
903164,2025,27,KESIM,599.7
903165,2025,27,MATBAA,431.9
903166,2025,27,PRES,363.9
903167,2025,27,MONTAJ,565
903171,2026,24,KESIM,236.6
903172,2026,24,DIJITAL,502.9
903173,2026,24,PRES,338
903174,2026,24,MONTAJ,153.7
903175,2025,38,KESIM,144.5
903176,2025,38,PRES,312.2
903177,2025,38,MONTAJ,149.4
903178,2025,46,KESIM,213.6
903179,2025,46,MATBAA,516.6
903180,2025,46,PRES,558.9
903181,2025,47,MONTAJ,317.3
903182,2026,5,KESIM,239.9
903183,2026,5,MATBAA,199.1
903184,2026,5,MONTAJ,636.4
903185,2026,6,KESIM,403.7
903186,2026,6,MATBAA,613.5
903187,2026,6,MONTAJ,150.2
903188,2026,4,KESIM,495.6
903189,2026,5,MATBAA,165.7
903190,2026,5,PRES,190.6
903191,2026,5,MONTAJ,360.7
903192,2025,27,KESIM,408
903193,2025,27,MATBAA,249.1
903194,2025,27,MONTAJ,244.6
903195,2025,36,KESIM,212.8
903196,2025,37,PRES,391.3
903197,2025,37,MONTAJ,570.3
903198,2025,29,KESIM,534.3
903199,2025,29,DIJITAL,350.8
903200,2025,29,PRES,311.4
903201,2025,29,MONTAJ,537.4
903206,2025,41,KESIM,583.3
903207,2025,41,PRES,380.3
903208,2025,42,MONTAJ,418.5
903209,2025,51,KESIM,190.8
903210,2025,51,MATBAA,539.5
903211,2025,52,MONTAJ,358.6
903212,2026,24,KESIM,125.2
903213,2026,24,MATBAA,432.1
903214,2026,25,PRES,183.2
903215,2026,25,MONTAJ,286.3
903216,2026,30,KESIM,194.6
903217,2026,30,PRES,589.5
903218,2026,30,MONTAJ,364.4
903219,2025,29,KESIM,324.8
903220,2025,30,DIJITAL,618.9
903221,2025,30,PRES,549.8
903222,2025,30,MONTAJ,245.2
903223,2025,38,KESIM,349.6
903224,2025,38,DIJITAL,249.9
903225,2025,38,PRES,504.3
903226,2025,38,MONTAJ,282.2
903227,2025,1,KESIM,491.1
903228,2026,1,DIJITAL,613.8
903229,2026,1,PRES,541.7
903230,2026,1,MONTAJ,249.8
903231,2026,7,KESIM,213.7
903232,2026,7,MATBAA,570.4
903233,2026,7,MONTAJ,498.1
903234,2026,29,KESIM,586
903235,2026,29,MATBAA,128
903236,2026,29,PRES,547.5
903237,2026,29,MONTAJ,456.8
903238,2026,4,KESIM,588.8
903239,2026,4,DIJITAL,582.5
903240,2026,4,PRES,243.5
903241,2026,4,MONTAJ,383.2
903242,2025,30,KESIM,260.4
903243,2025,30,DIJITAL,561.1
903244,2025,31,PRES,625.2
903245,2025,31,MONTAJ,327.7
903246,2026,9,KESIM,324.3
903247,2026,9,MATBAA,334.2
903248,2026,9,PRES,475.2
903249,2026,9,MONTAJ,594.6
903250,2026,18,KESIM,300.7
903251,2026,18,PRES,232.7
903252,2026,18,MONTAJ,564.6
903253,2026,20,KESIM,578.4
903254,2026,21,MATBAA,631.1
903255,2026,21,PRES,560.1
903256,2026,21,MONTAJ,283.4
903257,2025,52,KESIM,312.7
903258,2025,1,DIJITAL,544.3
903259,2025,1,PRES,315.4
903260,2025,1,MONTAJ,186.8
903261,2026,6,KESIM,220.2
903262,2026,6,PRES,299.1
903263,2026,7,MONTAJ,556.5
903264,2025,45,KESIM,142.9
903265,2025,45,DIJITAL,168.5
903266,2025,45,PRES,126.2
903267,2025,45,MONTAJ,378.4
903268,2026,23,KESIM,196.8
903269,2026,23,PRES,194.8
903270,2026,23,MONTAJ,200.1
903271,2025,50,KESIM,137.5
903272,2025,50,MATBAA,528.3
903273,2025,50,MONTAJ,195.4
903274,2026,24,KESIM,156.1
903275,2026,24,MATBAA,572.6
903276,2026,24,PRES,242.5
903277,2026,25,MONTAJ,254.2
903278,2026,24,KESIM,510.7
903279,2026,24,MATBAA,492.6
903280,2026,24,MONTAJ,374.3
903281,2025,36,KESIM,311.1
903282,2025,36,MATBAA,517.2
903283,2025,36,PRES,634.4
903284,2025,36,MONTAJ,334.4
903285,2025,33,KESIM,298.4
903286,2025,33,DIJITAL,466.3
903287,2025,33,PRES,444.1
903288,2025,34,MONTAJ,593.9
903289,2026,21,KESIM,538.3
903290,2026,21,PRES,545.6
903291,2026,21,MONTAJ,422.9
903292,2025,49,KESIM,273.2
903293,2025,49,PRES,435.2
903294,2025,49,MONTAJ,533.3
903295,2025,41,KESIM,444.6
903296,2025,41,PRES,604.1
903297,2025,41,MONTAJ,397.7
903298,2026,30,KESIM,198
903299,2026,30,DIJITAL,619.8
903300,2026,31,PRES,238.6
903301,2026,31,MONTAJ,632.4
903302,2025,29,KESIM,545.6
903303,2025,29,MATBAA,488.5
903304,2025,29,PRES,620.2
903305,2025,29,MONTAJ,377.7
903306,2025,45,KESIM,495.1
903307,2025,45,DIJITAL,230.8
903308,2025,45,PRES,593.5
903309,2025,45,MONTAJ,306.3
903310,2025,27,KESIM,197.7
903311,2025,27,MATBAA,252.4
903312,2025,27,PRES,593
903313,2025,27,MONTAJ,599.1
903314,2025,41,KESIM,484.9
903315,2025,41,MATBAA,608.4
903316,2025,41,PRES,477.5
903317,2025,41,MONTAJ,618.5
903318,2026,20,KESIM,350.7
903319,2026,20,MATBAA,395.9
903320,2026,20,PRES,192
903321,2026,21,MONTAJ,448.3
903322,2026,8,KESIM,263.1
903323,2026,9,MATBAA,542.4
903324,2026,9,MONTAJ,445.4
903325,2026,13,KESIM,515.1
903326,2026,13,PRES,375.2
903327,2026,13,MONTAJ,560.3
903328,2025,32,KESIM,468.6
903329,2025,32,MATBAA,610.5
903330,2025,32,PRES,191.7
903331,2025,32,MONTAJ,156.9
903332,2026,13,KESIM,471.6
903333,2026,13,DIJITAL,508.9
903334,2026,13,PRES,285.2
903335,2026,13,MONTAJ,398.8
903336,2026,30,KESIM,459.6
903337,2026,30,DIJITAL,487.6
903338,2026,30,PRES,625.7
903339,2026,30,MONTAJ,501.3
903340,2025,43,KESIM,273.7
903341,2025,43,MATBAA,364.7
903342,2025,43,MONTAJ,245.6
903343,2025,52,KESIM,223.1
903344,2025,1,DIJITAL,371
903345,2025,1,PRES,520.9
903346,2025,1,MONTAJ,591
903347,2025,43,KESIM,556.8
903348,2025,43,DIJITAL,526.2
903349,2025,43,PRES,275.3
903350,2025,43,MONTAJ,292.9
903351,2025,37,KESIM,147.1
903352,2025,37,PRES,290.1
903353,2025,37,MONTAJ,188.5
903354,2025,29,KESIM,521.1
903355,2025,29,DIJITAL,368.1
903356,2025,29,PRES,259.9
903357,2025,30,MONTAJ,616.5
903358,2025,32,KESIM,588.5
903359,2025,33,MATBAA,395.3
903360,2025,33,PRES,279.6
903361,2025,33,MONTAJ,609
903366,2025,39,KESIM,287.1
903367,2025,39,PRES,147.8
903368,2025,39,MONTAJ,473.6
903369,2025,32,KESIM,183.9
903370,2025,32,MATBAA,275.3
903371,2025,32,PRES,483.6
903372,2025,32,MONTAJ,587
903373,2025,31,KESIM,611.8
903374,2025,31,MATBAA,122.9
903375,2025,31,MONTAJ,469.3
903376,2025,48,KESIM,198.8
903377,2025,48,PRES,172.2
903378,2025,48,MONTAJ,216.2
903379,2026,10,KESIM,296.7
903380,2026,10,PRES,244.1
903381,2026,10,MONTAJ,539.2
903382,2025,31,KESIM,362.6
903383,2025,31,PRES,376.5
903384,2025,31,MONTAJ,222.9
903385,2025,50,KESIM,187.3
903386,2025,50,MATBAA,419.2
903387,2025,50,MONTAJ,556.6
903388,2026,29,KESIM,357.4
903389,2026,29,MATBAA,324
903390,2026,29,PRES,447
903391,2026,29,MONTAJ,290.5
903392,2026,27,KESIM,498.2
903393,2026,27,PRES,180.6
903394,2026,27,MONTAJ,564.6
903395,2025,28,KESIM,522.2
903396,2025,28,MATBAA,266
903397,2025,29,PRES,344.8
903398,2025,29,MONTAJ,516.8
903399,2026,12,KESIM,168.4
903400,2026,12,PRES,467.9
903401,2026,13,MONTAJ,629.9
903402,2026,5,KESIM,500.8
903403,2026,5,MATBAA,595.1
903404,2026,5,PRES,453.8
903405,2026,5,MONTAJ,466.9
903406,2025,27,KESIM,304.2
903407,2025,27,PRES,428.1
903408,2025,27,MONTAJ,307.5
903409,2025,44,KESIM,165.2
903410,2025,44,DIJITAL,133.6
903411,2025,44,PRES,287.9
903412,2025,44,MONTAJ,136.4
903413,2025,52,KESIM,338
903414,2025,52,MATBAA,209
903415,2025,52,MONTAJ,553.3
903416,2026,22,KESIM,404.6
903417,2026,22,MATBAA,167.9
903418,2026,22,MONTAJ,494.5
903419,2025,46,KESIM,245.4
903420,2025,46,MATBAA,296.4
903421,2025,46,PRES,138.1
903422,2025,46,MONTAJ,188.9
903423,2025,44,KESIM,585.1
903424,2025,44,PRES,554.7
903425,2025,44,MONTAJ,588.9
903426,2026,30,KESIM,438.9
903427,2026,30,PRES,635.8
903428,2026,30,MONTAJ,486.4
903429,2026,13,KESIM,553.8
903430,2026,13,DIJITAL,374.4
903431,2026,13,PRES,254.7
903432,2026,13,MONTAJ,564.6
903433,2026,25,KESIM,630.1
903434,2026,25,MATBAA,128.1
903435,2026,25,PRES,473.2
903436,2026,26,MONTAJ,141.1
903437,2025,39,KESIM,250.2
903438,2025,40,MATBAA,494.8
903439,2025,40,MONTAJ,266.5
903440,2026,14,KESIM,506.6
903441,2026,14,PRES,376.1
903442,2026,14,MONTAJ,464.3
903443,2026,15,KESIM,248.6
903444,2026,16,PRES,170.9
903445,2026,16,MONTAJ,532.5
903446,2026,2,KESIM,454.8
903447,2026,2,PRES,500.5
903448,2026,2,MONTAJ,324.3
903449,2025,31,KESIM,434.4
903450,2025,31,DIJITAL,334.5
903451,2025,31,PRES,170
903452,2025,31,MONTAJ,579.3
903453,2026,6,KESIM,308.7
903454,2026,7,PRES,589.6
903455,2026,7,MONTAJ,411.8
903456,2026,13,KESIM,321.6
903457,2026,13,MATBAA,132.6
903458,2026,13,PRES,165
903459,2026,13,MONTAJ,373.5
903460,2026,17,KESIM,270.7
903461,2026,17,PRES,472.3
903462,2026,17,MONTAJ,354.8
903463,2025,26,KESIM,437.7
903464,2025,27,MATBAA,570.5
903465,2025,27,PRES,537.7
903466,2025,27,MONTAJ,544.6
903467,2026,11,KESIM,598.1
903468,2026,11,MATBAA,286.9
903469,2026,11,PRES,129.9
903470,2026,11,MONTAJ,357.3
903471,2026,10,KESIM,161
903472,2026,10,MATBAA,266.1
903473,2026,10,MONTAJ,227.8
903474,2025,44,KESIM,374
903475,2025,45,PRES,232
903476,2025,45,MONTAJ,498.8
903477,2025,26,KESIM,638.2
903478,2025,26,MATBAA,573.3
903479,2025,26,MONTAJ,525.4
903480,2026,24,KESIM,634.3
903481,2026,24,MATBAA,405.9
903482,2026,24,MONTAJ,168.8
903483,2025,27,KESIM,435.8
903484,2025,27,MATBAA,247.6
903485,2025,27,MONTAJ,341.9
903486,2026,20,KESIM,312
903487,2026,21,MATBAA,438.9
903488,2026,21,MONTAJ,149.4
903489,2025,47,KESIM,212.8
903490,2025,47,MATBAA,545.9
903491,2025,48,PRES,255
903492,2025,48,MONTAJ,604.5
903493,2026,21,KESIM,251.9
903494,2026,21,MATBAA,158
903495,2026,22,MONTAJ,371.7
903496,2025,37,KESIM,304.8
903497,2025,37,MATBAA,203.7
903498,2025,37,MONTAJ,634
903499,2026,16,KESIM,296.3
903500,2026,16,MATBAA,428.6
903501,2026,16,PRES,244.1
903502,2026,16,MONTAJ,474.9
903503,2026,22,KESIM,154.7
903504,2026,22,PRES,584.9
903505,2026,23,MONTAJ,324
903506,2025,48,KESIM,200.6
903507,2025,48,MATBAA,521.6
903508,2025,49,PRES,219.1
903509,2025,49,MONTAJ,624.2
903510,2025,44,KESIM,637.9
903511,2025,44,MATBAA,157.9
903512,2025,44,MONTAJ,256.2
903513,2026,14,KESIM,403.3
903514,2026,14,DIJITAL,285.8
903515,2026,14,PRES,125.2
903516,2026,14,MONTAJ,551
903517,2026,4,KESIM,250.8
903518,2026,4,DIJITAL,180.7
903519,2026,4,PRES,408.1
903520,2026,4,MONTAJ,145.5
903521,2026,30,KESIM,421.7
903522,2026,30,MATBAA,503.3
903523,2026,31,MONTAJ,524.5
903524,2026,13,KESIM,326.3
903525,2026,13,MATBAA,278
903526,2026,13,MONTAJ,294.9
903527,2025,52,KESIM,355.5
903528,2025,52,MATBAA,360.5
903529,2025,52,MONTAJ,556.9
903530,2025,28,KESIM,345.3
903531,2025,28,MATBAA,588.9
903532,2025,28,MONTAJ,197.3
903533,2025,42,KESIM,485.3
903534,2025,43,MATBAA,570.3
903535,2025,43,MONTAJ,565
903536,2025,44,KESIM,348.4
903537,2025,44,MATBAA,545
903538,2025,44,MONTAJ,335.6
903539,2025,52,KESIM,274.8
903540,2025,52,MATBAA,599
903541,2025,1,MONTAJ,535.1
903542,2025,47,KESIM,280
903543,2025,47,MATBAA,591.1
903544,2025,47,MONTAJ,184.9
903545,2026,31,KESIM,225.2
903548,2025,31,KESIM,467.2
903549,2025,31,MATBAA,437.4
903550,2025,32,MONTAJ,558.6
903551,2025,41,KESIM,394.4
903552,2025,41,PRES,359
903553,2025,41,MONTAJ,550.9
903554,2025,27,KESIM,357.4
903555,2025,27,MATBAA,410.2
903556,2025,27,PRES,429.1
903557,2025,27,MONTAJ,291.7
903558,2026,2,KESIM,222.1
903559,2026,3,PRES,554.6
903560,2026,3,MONTAJ,389.5
903561,2025,28,KESIM,196.5
903562,2025,28,MATBAA,425.1
903563,2025,29,MONTAJ,303.1
903568,2026,24,KESIM,554.7
903569,2026,24,DIJITAL,487.3
903570,2026,25,PRES,467.8
903571,2026,25,MONTAJ,534.1
903572,2025,29,KESIM,350.5
903573,2025,29,MATBAA,341.2
903574,2025,29,MONTAJ,238.4
903575,2025,26,KESIM,281.8
903576,2025,26,MATBAA,453.1
903577,2025,26,MONTAJ,203.6
903578,2025,26,KESIM,600.3
903579,2025,26,MATBAA,393
903580,2025,26,MONTAJ,435.3
903581,2026,18,KESIM,504.1
903582,2026,18,MATBAA,386.3
903583,2026,18,PRES,523.3
903584,2026,18,MONTAJ,194.8
903585,2026,15,KESIM,363.9
903586,2026,15,PRES,520.8
903587,2026,16,MONTAJ,197.2
903588,2025,34,KESIM,137.5
903589,2025,34,PRES,168
903590,2025,34,MONTAJ,502.4
903591,2026,10,KESIM,148.2
903592,2026,10,MATBAA,301.2
903593,2026,10,MONTAJ,282
903594,2025,47,KESIM,548.8
903595,2025,47,MATBAA,592.7
903596,2025,47,MONTAJ,566.2
903597,2025,28,KESIM,366.9
903598,2025,28,MATBAA,170.2
903599,2025,28,MONTAJ,150.2
903600,2026,11,KESIM,353.5
903601,2026,11,DIJITAL,391.4
903602,2026,11,PRES,406.3
903603,2026,11,MONTAJ,224.4
903604,2026,3,KESIM,139.8
903605,2026,3,PRES,260.3
903606,2026,3,MONTAJ,587.3
903607,2025,33,KESIM,223.4
903608,2025,34,MATBAA,333.8
903609,2025,34,MONTAJ,255.6
903610,2026,21,KESIM,473.5
903611,2026,21,MATBAA,358.7
903612,2026,22,PRES,545.7
903613,2026,22,MONTAJ,331.1
903614,2026,9,KESIM,238.9
903615,2026,10,MATBAA,461.3
903616,2026,10,PRES,233.8
903617,2026,10,MONTAJ,443
903618,2025,42,KESIM,455.8
903619,2025,42,MATBAA,167
903620,2025,42,PRES,451.9
903621,2025,42,MONTAJ,241.4
903622,2026,3,KESIM,203.3
903623,2026,3,MATBAA,365.2
903624,2026,3,MONTAJ,274.5
903625,2026,10,KESIM,448.5
903626,2026,10,MATBAA,466.3
903627,2026,10,MONTAJ,596.8
903628,2026,30,KESIM,356.4
903629,2026,31,MATBAA,335.8
903630,2026,31,PRES,241.4
903631,2026,31,MONTAJ,318
903632,2026,12,KESIM,340.6
903633,2026,12,MATBAA,295.6
903634,2026,12,MONTAJ,589.8
903635,2025,47,KESIM,459.2
903636,2025,47,PRES,551.8
903637,2025,47,MONTAJ,216.9
903638,2025,41,KESIM,358.8
903639,2025,41,MATBAA,147.5
903640,2025,42,PRES,348.3
903641,2025,42,MONTAJ,615.8
903642,2025,27,KESIM,576.5
903643,2025,27,PRES,533.4
903644,2025,28,MONTAJ,376.3
903645,2026,14,KESIM,180.3
903646,2026,14,PRES,563.7
903647,2026,14,MONTAJ,475.7
903648,2025,29,KESIM,352.4
903649,2025,29,PRES,156.6
903650,2025,30,MONTAJ,197.9
903651,2026,23,KESIM,314.2
903652,2026,23,MATBAA,518.4
903653,2026,23,MONTAJ,637
903654,2025,27,KESIM,477.3
903655,2025,27,PRES,402
903656,2025,27,MONTAJ,245.2
903657,2025,41,KESIM,216.4
903658,2025,41,PRES,223.2
903659,2025,41,MONTAJ,219.8
903660,2026,26,KESIM,278.5
903661,2026,26,PRES,331.5
903662,2026,26,MONTAJ,210.4
903663,2026,20,KESIM,349
903664,2026,21,MATBAA,483
903665,2026,21,MONTAJ,570.6
903666,2026,26,KESIM,288.7
903667,2026,26,MATBAA,331
903668,2026,26,PRES,323.6
903669,2026,26,MONTAJ,256.4
903670,2026,11,KESIM,586.4
903671,2026,11,DIJITAL,229.2
903672,2026,11,PRES,210.7
903673,2026,12,MONTAJ,152.9
903674,2025,30,KESIM,308.9
903675,2025,30,MATBAA,475.7
903676,2025,30,PRES,548.2
903677,2025,30,MONTAJ,229.6
903678,2025,28,KESIM,183.2
903679,2025,28,MATBAA,519.5
903680,2025,28,MONTAJ,398.4
903681,2026,26,KESIM,378.1
903682,2026,26,PRES,455.6
903683,2026,26,MONTAJ,406.7
903684,2026,3,KESIM,571.7
903685,2026,4,MATBAA,500.7
903686,2026,4,MONTAJ,607.8
903687,2026,18,KESIM,498
903688,2026,18,MATBAA,404
903689,2026,19,MONTAJ,149.8
903690,2026,29,KESIM,513.1
903691,2026,29,MATBAA,302.2
903692,2026,29,MONTAJ,390.2
903696,2026,23,KESIM,326.7
903697,2026,23,DIJITAL,562.7
903698,2026,23,PRES,254.6
903699,2026,23,MONTAJ,347.4
903700,2026,3,KESIM,359.8
903701,2026,3,MATBAA,562.4
903702,2026,4,MONTAJ,256.1
903703,2026,10,KESIM,415.7
903704,2026,10,MATBAA,565
903705,2026,10,MONTAJ,488.9
903706,2026,16,KESIM,474.7
903707,2026,17,MATBAA,358.6
903708,2026,17,MONTAJ,427.1
903709,2025,44,KESIM,493.3
903710,2025,44,PRES,127.8
903711,2025,44,MONTAJ,510.8
903712,2026,25,KESIM,439.9
903713,2026,26,MATBAA,476
903714,2026,26,MONTAJ,567.9
903715,2026,5,KESIM,135
903716,2026,5,MATBAA,244
903717,2026,5,PRES,367.8
903718,2026,5,MONTAJ,421.9
903719,2025,48,KESIM,403.5
903720,2025,48,DIJITAL,529.2
903721,2025,48,PRES,553.8
903722,2025,48,MONTAJ,190.2
903723,2026,8,KESIM,294.3
903724,2026,8,DIJITAL,261.4
903725,2026,9,PRES,500.9
903726,2026,9,MONTAJ,231.2
903727,2025,39,KESIM,326.3
903728,2025,39,MATBAA,189
903729,2025,39,MONTAJ,313.4
903730,2025,33,KESIM,188.1
903731,2025,33,PRES,312.1
903732,2025,34,MONTAJ,311.5
903733,2025,49,KESIM,202.3
903734,2025,49,MATBAA,476.4
903735,2025,49,PRES,308.5
903736,2025,50,MONTAJ,139.2
903737,2025,36,KESIM,549.3
903738,2025,36,DIJITAL,369.4
903739,2025,36,PRES,544.1
903740,2025,36,MONTAJ,161
903741,2025,44,KESIM,574.9
903742,2025,44,MATBAA,136.2
903743,2025,44,PRES,234.5
903744,2025,44,MONTAJ,475.1
903745,2025,47,KESIM,137.3
903746,2025,47,MATBAA,425.2
903747,2025,48,PRES,265.5
903748,2025,48,MONTAJ,387.9
903749,2025,39,KESIM,538
903750,2025,39,MATBAA,334
903751,2025,39,PRES,197
903752,2025,39,MONTAJ,345.7
903753,2026,30,KESIM,182
903754,2026,30,PRES,264.6
903755,2026,30,MONTAJ,176.8
903756,2026,13,KESIM,407.1
903757,2026,13,MATBAA,576.3
903758,2026,14,MONTAJ,398.9
903759,2025,29,KESIM,256.7
903760,2025,29,MATBAA,543.6
903761,2025,29,MONTAJ,329.5
903762,2026,8,KESIM,459.4
903763,2026,8,DIJITAL,576.1
903764,2026,8,PRES,460.1
903765,2026,8,MONTAJ,318.6
903766,2025,1,KESIM,252.8
903767,2025,1,PRES,141.8
903768,2026,1,MONTAJ,121.9
903769,2025,44,KESIM,339.4
903770,2025,44,MATBAA,291.6
903771,2025,44,MONTAJ,609.8
903772,2026,8,KESIM,139.6
903773,2026,8,DIJITAL,377.8
903774,2026,9,PRES,485
903775,2026,9,MONTAJ,586.5
903776,2026,2,KESIM,582.1
903777,2026,2,MATBAA,637.6
903778,2026,3,PRES,574
903779,2026,3,MONTAJ,174.8
903780,2025,28,KESIM,498.1
903781,2025,29,PRES,366.2
903782,2025,29,MONTAJ,474.2
903783,2025,34,KESIM,194.3
903784,2025,34,MATBAA,463.2
903785,2025,34,PRES,454
903786,2025,34,MONTAJ,608.5
903787,2025,37,KESIM,373.3
903788,2025,37,MATBAA,525.2
903789,2025,37,PRES,414.5
903790,2025,37,MONTAJ,280.7
903791,2025,31,KESIM,133.1
903792,2025,31,DIJITAL,623.2
903793,2025,32,PRES,616.2
903794,2025,32,MONTAJ,537.3
903795,2025,45,KESIM,500.2
903796,2025,45,MATBAA,442.1
903797,2025,45,MONTAJ,205.7
903798,2026,8,KESIM,545.9
903799,2026,8,PRES,522.6
903800,2026,8,MONTAJ,299.2
903801,2026,26,KESIM,398.7
903802,2026,26,MATBAA,157.1
903803,2026,26,MONTAJ,417.2
903804,2026,2,KESIM,438.8
903805,2026,2,PRES,450.3
903806,2026,2,MONTAJ,566.1
903807,2026,6,KESIM,238.3
903808,2026,6,PRES,433
903809,2026,6,MONTAJ,375.7
903810,2026,12,KESIM,484.8
903811,2026,13,MATBAA,209.8
903812,2026,13,PRES,211
903813,2026,13,MONTAJ,425.9
903814,2025,52,KESIM,251.6
903815,2025,52,DIJITAL,211.6
903816,2025,52,PRES,144.5
903817,2025,52,MONTAJ,382.5
903818,2026,7,KESIM,407
903819,2026,7,MATBAA,448.3
903820,2026,7,MONTAJ,485.4
903828,2026,24,KESIM,268.6
903829,2026,24,DIJITAL,630.5
903830,2026,24,PRES,171.7
903831,2026,24,MONTAJ,295.7
903832,2026,13,KESIM,526.5
903833,2026,13,PRES,449.7
903834,2026,13,MONTAJ,302.4
903835,2026,18,KESIM,513.6
903836,2026,18,MATBAA,411.5
903837,2026,18,MONTAJ,314.7
903838,2025,40,KESIM,468
903839,2025,40,MATBAA,233.4
903840,2025,40,MONTAJ,624.3
903841,2026,8,KESIM,190.6
903842,2026,8,MATBAA,323.1
903843,2026,8,PRES,545
903844,2026,9,MONTAJ,386.8
903845,2026,11,KESIM,276.9
903846,2026,11,MATBAA,606
903847,2026,11,MONTAJ,121.2
903848,2025,46,KESIM,422.1
903849,2025,46,PRES,198.7
903850,2025,47,MONTAJ,269.5
903851,2026,10,KESIM,542.5
903852,2026,10,DIJITAL,342.9
903853,2026,10,PRES,638.3
903854,2026,10,MONTAJ,282
903855,2026,29,KESIM,132.4
903856,2026,29,MATBAA,130.1
903857,2026,29,MONTAJ,602.5
903858,2025,45,KESIM,274.1
903859,2025,45,DIJITAL,153.8
903860,2025,46,PRES,416.6
903861,2025,46,MONTAJ,280.8
903862,2025,46,KESIM,577.4
903863,2025,46,PRES,140.9
903864,2025,46,MONTAJ,611.8
903865,2026,22,KESIM,527.2
903866,2026,23,MATBAA,413
903867,2026,23,PRES,192.6
903868,2026,23,MONTAJ,172.7
903869,2025,35,KESIM,271.7
903870,2025,35,PRES,146.7
903871,2025,35,MONTAJ,590.8
903872,2025,44,KESIM,179
903873,2025,44,PRES,474.4
903874,2025,45,MONTAJ,238.1
903875,2025,46,KESIM,585
903876,2025,46,DIJITAL,172
903877,2025,46,PRES,405.4
903878,2025,46,MONTAJ,394
903879,2025,27,KESIM,567.7
903880,2025,27,DIJITAL,325.2
903881,2025,27,PRES,495.7
903882,2025,28,MONTAJ,255.2
903883,2025,34,KESIM,332.4
903884,2025,34,MATBAA,323.5
903885,2025,34,PRES,221.4
903886,2025,34,MONTAJ,190.1
903887,2025,45,KESIM,368.6
903888,2025,45,MATBAA,139.8
903889,2025,45,PRES,547.9
903890,2025,46,MONTAJ,611.9
903891,2025,44,KESIM,353.2
903892,2025,44,PRES,260
903893,2025,44,MONTAJ,617
903894,2025,34,KESIM,128
903895,2025,34,MATBAA,444
903896,2025,34,MONTAJ,202.4
903897,2026,5,KESIM,609.8
903898,2026,5,MATBAA,297.4
903899,2026,6,MONTAJ,462.6
903900,2025,43,KESIM,226.3
903901,2025,43,DIJITAL,382.4
903902,2025,43,PRES,611.4
903903,2025,43,MONTAJ,598.6
903904,2026,10,KESIM,389.6
903905,2026,10,DIJITAL,482.5
903906,2026,10,PRES,271.4
903907,2026,11,MONTAJ,462.9
903908,2026,1,KESIM,535.7
903909,2026,1,MATBAA,324.5
903910,2026,1,PRES,364.2
903911,2026,1,MONTAJ,611.5
903912,2025,36,KESIM,592.8
903913,2025,36,MATBAA,447
903914,2025,36,PRES,523.3
903915,2025,37,MONTAJ,414.1
903916,2025,47,KESIM,396.3
903917,2025,47,MATBAA,220.9
903918,2025,48,PRES,527
903919,2025,48,MONTAJ,525.1
903920,2026,16,KESIM,285.7
903921,2026,16,DIJITAL,162.7
903922,2026,16,PRES,480.4
903923,2026,17,MONTAJ,318.5
903924,2026,15,KESIM,538.7
903925,2026,15,MATBAA,507.1
903926,2026,16,MONTAJ,133.2
903927,2026,9,KESIM,531
903928,2026,9,MATBAA,381.2
903929,2026,10,PRES,221.8
903930,2026,10,MONTAJ,597.8
903931,2025,27,KESIM,190.8
903932,2025,27,PRES,303.7
903933,2025,28,MONTAJ,275.2
903934,2025,44,KESIM,532.4
903935,2025,44,PRES,604
903936,2025,44,MONTAJ,571.6
903937,2025,51,KESIM,627
903938,2025,51,PRES,178.5
903939,2025,52,MONTAJ,173
903944,2025,47,KESIM,253.8
903945,2025,47,MATBAA,382.4
903946,2025,47,PRES,249.7
903947,2025,48,MONTAJ,122.7
903948,2025,26,KESIM,504.4
903949,2025,26,DIJITAL,231.5
903950,2025,27,PRES,395.7
903951,2025,27,MONTAJ,278
903952,2026,3,KESIM,619
903953,2026,3,MATBAA,516.6
903954,2026,3,PRES,534.7
903955,2026,3,MONTAJ,615.9
903956,2025,49,KESIM,129.7
903957,2025,49,PRES,615.8
903958,2025,49,MONTAJ,544.8
903959,2025,43,KESIM,231.1
903960,2025,43,MATBAA,265.3
903961,2025,43,PRES,508.2
903962,2025,43,MONTAJ,386.4
903963,2026,12,KESIM,223
903964,2026,12,PRES,408.8
903965,2026,12,MONTAJ,320.7
903966,2026,25,KESIM,287.4
903967,2026,25,PRES,403.6
903968,2026,26,MONTAJ,263.8
903969,2025,30,KESIM,528.8
903970,2025,30,DIJITAL,628
903971,2025,30,PRES,561.9
903972,2025,30,MONTAJ,131.8
903973,2025,27,KESIM,505.3
903974,2025,27,MATBAA,576.7
903975,2025,27,PRES,603.1
903976,2025,27,MONTAJ,562.2
903977,2025,48,KESIM,337.7
903978,2025,49,MATBAA,456.5
903979,2025,49,PRES,341.8
903980,2025,49,MONTAJ,584.1
903981,2025,43,KESIM,340.9
903982,2025,43,MATBAA,224.6
903983,2025,43,PRES,368
903984,2025,43,MONTAJ,416.6
903985,2026,1,KESIM,568.9
903986,2026,1,DIJITAL,506.7
903987,2026,1,PRES,313.1
903988,2026,2,MONTAJ,334.1
903989,2025,46,KESIM,161.1
903990,2025,46,MATBAA,344.7
903991,2025,46,MONTAJ,172.3
903992,2025,49,KESIM,476.2
903993,2025,49,MATBAA,405.1
903994,2025,49,MONTAJ,441.1
903995,2025,50,KESIM,196.9
903996,2025,50,PRES,537.3
903997,2025,50,MONTAJ,203
903998,2025,44,KESIM,493.5
903999,2025,44,MATBAA,527.5
904000,2025,44,PRES,221.3
904001,2025,44,MONTAJ,215.4
904002,2026,18,KESIM,505.1
904003,2026,19,MATBAA,336.4
904004,2026,19,MONTAJ,440.4
904005,2026,13,KESIM,404.7
904006,2026,13,MATBAA,486.1
904007,2026,13,PRES,360.2
904008,2026,13,MONTAJ,545
904009,2025,49,KESIM,135.5
904010,2025,49,DIJITAL,328.1
904011,2025,50,PRES,629.2
904012,2025,50,MONTAJ,166.1
904013,2026,10,KESIM,282.3
904014,2026,11,DIJITAL,272.8
904015,2026,11,PRES,400.9
904016,2026,11,MONTAJ,216.5
904017,2025,43,KESIM,460.1
904018,2025,43,DIJITAL,133.6
904019,2025,43,PRES,420.4
904020,2025,43,MONTAJ,273.6
904021,2025,29,KESIM,182.8
904022,2025,29,PRES,165.4
904023,2025,29,MONTAJ,500.1
904024,2025,30,KESIM,200.8
904025,2025,30,PRES,125.6
904026,2025,30,MONTAJ,229.4
904027,2025,28,KESIM,591.2
904028,2025,28,PRES,529.5
904029,2025,29,MONTAJ,471.8
904030,2026,23,KESIM,170.1
904031,2026,23,MATBAA,391.8
904032,2026,23,MONTAJ,519.4
904033,2026,15,KESIM,519.1
904034,2026,15,PRES,366
904035,2026,15,MONTAJ,126.1
904036,2025,48,KESIM,272
904037,2025,48,MATBAA,363.8
904038,2025,48,MONTAJ,120.6
904039,2026,14,KESIM,607
904040,2026,14,DIJITAL,436.4
904041,2026,14,PRES,574.5
904042,2026,14,MONTAJ,229.3
904043,2026,26,KESIM,638.5
904044,2026,26,DIJITAL,305.4
904045,2026,26,PRES,280.4
904046,2026,26,MONTAJ,569
904050,2026,10,KESIM,354.1
904051,2026,10,PRES,169.7
904052,2026,10,MONTAJ,421.9
904053,2025,36,KESIM,420.5
904054,2025,36,MATBAA,581.8
904055,2025,36,PRES,597.4
904056,2025,36,MONTAJ,313.9
904057,2026,10,KESIM,310.6
904058,2026,10,DIJITAL,370.6
904059,2026,11,PRES,313.3
904060,2026,11,MONTAJ,570.6
904061,2026,15,KESIM,213.8
904062,2026,16,PRES,271.5
904063,2026,16,MONTAJ,212.8
904064,2025,49,KESIM,245.6
904065,2025,49,DIJITAL,584
904066,2025,49,PRES,187.2
904067,2025,49,MONTAJ,348.4
904068,2025,37,KESIM,544
904069,2025,37,MATBAA,186.5
904070,2025,37,PRES,312
904071,2025,37,MONTAJ,215.7
904072,2025,30,KESIM,302.2
904073,2025,30,PRES,615.1
904074,2025,30,MONTAJ,547.8
904075,2026,2,KESIM,534
904076,2026,3,MATBAA,540.2
904077,2026,3,PRES,138.6
904078,2026,3,MONTAJ,135
904079,2025,1,KESIM,549.5
904080,2025,1,MATBAA,449.8
904081,2025,1,MONTAJ,327.5
904082,2026,23,KESIM,255.1
904083,2026,23,PRES,638.8
904084,2026,23,MONTAJ,182.1
904089,2026,5,KESIM,157
904090,2026,5,DIJITAL,138.3
904091,2026,6,PRES,191.9
904092,2026,6,MONTAJ,212.5
904093,2026,8,KESIM,343.4
904094,2026,8,DIJITAL,541.3
904095,2026,9,PRES,437.5
904096,2026,9,MONTAJ,487.3
904097,2025,35,KESIM,186.8
904098,2025,35,PRES,233.4
904099,2025,35,MONTAJ,133.2
904100,2026,27,KESIM,329.2
904101,2026,27,MATBAA,587.3
904102,2026,28,PRES,177.9
904103,2026,28,MONTAJ,319
904104,2025,51,KESIM,407.8
904105,2025,52,MATBAA,369
904106,2025,52,PRES,127.2
904107,2025,52,MONTAJ,126.4
904108,2026,23,KESIM,498.8
904109,2026,23,MATBAA,477.5
904110,2026,24,PRES,504.4
904111,2026,24,MONTAJ,528.3
904112,2025,47,KESIM,633.5
904113,2025,47,MATBAA,491.3
904114,2025,47,PRES,271.4
904115,2025,47,MONTAJ,393.4
904116,2026,18,KESIM,473.1
904117,2026,18,MATBAA,320.3
904118,2026,18,MONTAJ,273.8
904119,2026,3,KESIM,261.5
904120,2026,3,DIJITAL,542
904121,2026,3,PRES,625
904122,2026,3,MONTAJ,617.5
904123,2026,29,KESIM,280
904124,2026,29,PRES,334.5
904125,2026,29,MONTAJ,317.3
904126,2026,25,KESIM,291.8
904127,2026,26,PRES,173.7
904128,2026,26,MONTAJ,610.7
904129,2026,3,KESIM,404.1
904130,2026,3,DIJITAL,456.6
904131,2026,4,PRES,300.7
904132,2026,4,MONTAJ,447.7
904133,2026,3,KESIM,521.1
904134,2026,4,PRES,135.2
904135,2026,4,MONTAJ,513.1
904139,2025,48,KESIM,338.1
904140,2025,48,PRES,340.1
904141,2025,48,MONTAJ,345
904142,2026,28,KESIM,174.6
904143,2026,28,DIJITAL,581.1
904144,2026,28,PRES,182.5
904145,2026,28,MONTAJ,322.7
904146,2025,26,KESIM,539.7
904147,2025,26,DIJITAL,392.1
904148,2025,26,PRES,235.7
904149,2025,27,MONTAJ,225
904150,2026,28,KESIM,353.9
904151,2026,29,MATBAA,625.8
904152,2026,29,PRES,249.2
904153,2026,29,MONTAJ,493.2
904154,2026,7,KESIM,463.9
904155,2026,7,PRES,148.4
904156,2026,7,MONTAJ,200.3
904157,2026,21,KESIM,383.3
904158,2026,21,MATBAA,558.8
904159,2026,21,PRES,142
904160,2026,21,MONTAJ,376.1
904161,2026,15,KESIM,437.1
904162,2026,16,MATBAA,174.6
904163,2026,16,PRES,221.1
904164,2026,16,MONTAJ,226
904165,2025,46,KESIM,250.4
904166,2025,46,MATBAA,466.2
904167,2025,46,PRES,311.5
904168,2025,46,MONTAJ,551.9
904169,2026,13,KESIM,370.1
904170,2026,13,MATBAA,279.1
904171,2026,13,MONTAJ,483.2
904172,2026,28,KESIM,553
904173,2026,29,DIJITAL,204
904174,2026,29,PRES,294.8
904175,2026,29,MONTAJ,384.7
904176,2025,29,KESIM,575.4
904177,2025,30,DIJITAL,261.6
904178,2025,30,PRES,630.5
904179,2025,30,MONTAJ,184.1
904180,2026,28,KESIM,476.7
904181,2026,28,DIJITAL,317.9
904182,2026,28,PRES,501.7
904183,2026,28,MONTAJ,394.3
904184,2026,30,KESIM,614.6
904185,2026,30,MATBAA,294.9
904186,2026,31,MONTAJ,422.1
904187,2026,27,KESIM,454.7
904188,2026,27,DIJITAL,377.5
904189,2026,28,PRES,510.4
904190,2026,28,MONTAJ,602.1
904191,2026,3,KESIM,197
904192,2026,3,PRES,616.1
904193,2026,3,MONTAJ,205.1
904194,2026,25,KESIM,438.3
904195,2026,25,PRES,552
904196,2026,26,MONTAJ,330.9
904197,2025,28,KESIM,207.2
904198,2025,28,PRES,523.8
904199,2025,29,MONTAJ,631
904204,2026,4,KESIM,312.3
904205,2026,4,DIJITAL,389.5
904206,2026,4,PRES,549.1
904207,2026,4,MONTAJ,149
904208,2026,8,KESIM,274.4
904209,2026,8,DIJITAL,349.3
904210,2026,8,PRES,165.9
904211,2026,8,MONTAJ,369.1
904212,2025,28,KESIM,482.9
904213,2025,28,DIJITAL,169.3
904214,2025,28,PRES,540.9
904215,2025,28,MONTAJ,388.4
904216,2026,13,KESIM,408.7
904217,2026,13,DIJITAL,351.5
904218,2026,13,PRES,144.8
904219,2026,14,MONTAJ,487.7
904220,2025,45,KESIM,523.8
904221,2025,46,MATBAA,175.6
904222,2025,46,PRES,373.6
904223,2025,46,MONTAJ,171.7
904224,2025,41,KESIM,288.7
904225,2025,42,DIJITAL,177.7
904226,2025,42,PRES,424.4
904227,2025,42,MONTAJ,606
904228,2025,30,KESIM,375.8
904229,2025,30,DIJITAL,279.4
904230,2025,31,PRES,230.9
904231,2025,31,MONTAJ,590
904232,2026,13,KESIM,180.4
904233,2026,13,MATBAA,412.6
904234,2026,14,PRES,218.5
904235,2026,14,MONTAJ,514.3
904236,2026,3,KESIM,318.7
904237,2026,3,MATBAA,198.5
904238,2026,3,MONTAJ,176.2
904239,2025,29,KESIM,185.4
904240,2025,29,PRES,155.3
904241,2025,29,MONTAJ,316.1
904242,2026,12,KESIM,383.4
904243,2026,12,MATBAA,262.7
904244,2026,13,MONTAJ,220.9
904245,2025,46,KESIM,516.9
904246,2025,46,DIJITAL,156.8
904247,2025,47,PRES,208
904248,2025,47,MONTAJ,144.4
904249,2025,29,KESIM,485.4
904250,2025,29,MATBAA,627
904251,2025,29,PRES,324.9
904252,2025,29,MONTAJ,148.9
904253,2026,30,KESIM,538.3
904254,2026,30,MATBAA,455.2
904255,2026,30,PRES,444.4
904256,2026,30,MONTAJ,404.9
904257,2026,10,KESIM,300.3
904258,2026,10,MATBAA,463.3
904259,2026,10,PRES,403.6
904260,2026,11,MONTAJ,477.5
904265,2026,19,KESIM,432.9
904266,2026,19,PRES,203.3
904267,2026,19,MONTAJ,626
904268,2025,34,KESIM,376.9
904269,2025,34,DIJITAL,250
904270,2025,35,PRES,208
904271,2025,35,MONTAJ,253.1
904272,2026,9,KESIM,305.7
904273,2026,9,MATBAA,265.4
904274,2026,10,MONTAJ,396.5
904275,2026,22,KESIM,544.8
904276,2026,22,DIJITAL,199.4
904277,2026,22,PRES,366.3
904278,2026,22,MONTAJ,211.7
904279,2026,10,KESIM,466.5
904280,2026,10,DIJITAL,158.7
904281,2026,10,PRES,199.7
904282,2026,10,MONTAJ,262.7
904286,2026,27,KESIM,382.8
904287,2026,27,PRES,611.8
904288,2026,28,MONTAJ,301.5
904289,2026,2,KESIM,493.4
904290,2026,2,DIJITAL,623.9
904291,2026,3,PRES,192.8
904292,2026,3,MONTAJ,263.5
904293,2025,27,KESIM,364
904294,2025,27,MATBAA,511.6
904295,2025,27,MONTAJ,219.2
904296,2026,29,KESIM,136
904297,2026,29,PRES,445.9
904298,2026,29,MONTAJ,188
904299,2025,41,KESIM,610.1
904300,2025,41,DIJITAL,216.8
904301,2025,41,PRES,598.4
904302,2025,41,MONTAJ,410
904303,2026,16,KESIM,180.5
904304,2026,17,PRES,523.2
904305,2026,17,MONTAJ,541.4
904306,2025,46,KESIM,521.9
904307,2025,46,MATBAA,459.9
904308,2025,46,PRES,184.3
904309,2025,46,MONTAJ,225.6
904310,2026,25,KESIM,542.8
904311,2026,25,DIJITAL,346.9
904312,2026,25,PRES,559.4
904313,2026,25,MONTAJ,402.9
904314,2025,46,KESIM,228.5
904315,2025,46,PRES,144.3
904316,2025,47,MONTAJ,519.1
904317,2025,50,KESIM,307.7
904318,2025,50,MATBAA,210.8
904319,2025,50,MONTAJ,617.6
904320,2026,27,KESIM,520.6
904321,2026,28,MATBAA,625.1
904322,2026,28,PRES,301.8
904323,2026,28,MONTAJ,619.2
904324,2026,2,KESIM,497.4
904325,2026,2,MATBAA,188.5
904326,2026,2,MONTAJ,195.6
904327,2026,14,KESIM,503.6
904328,2026,14,MATBAA,449.1
904329,2026,14,MONTAJ,194.4
904330,2025,30,KESIM,445
904331,2025,30,PRES,178.4
904332,2025,30,MONTAJ,599.3
904333,2025,32,KESIM,483.2
904334,2025,32,DIJITAL,365.7
904335,2025,32,PRES,167.7
904336,2025,32,MONTAJ,399.3
904337,2025,30,KESIM,242.4
904338,2025,30,PRES,181.6
904339,2025,30,MONTAJ,597.8
904344,2026,31,KESIM,326.8
904345,2026,31,PRES,583.9
904347,2025,51,KESIM,453.6
904348,2025,51,DIJITAL,552.2
904349,2025,51,PRES,432.8
904350,2025,51,MONTAJ,127.6
904351,2025,42,KESIM,455.9
904352,2025,42,DIJITAL,370.3
904353,2025,43,PRES,621
904354,2025,43,MONTAJ,296.3
904355,2026,3,KESIM,631.4
904356,2026,3,PRES,171.8
904357,2026,3,MONTAJ,243.3
904358,2026,17,KESIM,320.1
904359,2026,18,PRES,295.3
904360,2026,18,MONTAJ,351
904361,2025,41,KESIM,463.7
904362,2025,41,MATBAA,322.7
904363,2025,41,PRES,360.1
904364,2025,41,MONTAJ,542.5
904365,2025,51,KESIM,212
904366,2025,52,PRES,527.7
904367,2025,52,MONTAJ,472.5
904368,2025,27,KESIM,530.4
904369,2025,27,MATBAA,331.5
904370,2025,28,PRES,409
904371,2025,28,MONTAJ,354.1
904375,2025,1,KESIM,541.9
904376,2026,1,DIJITAL,597.8
904377,2026,1,PRES,206.5
904378,2026,1,MONTAJ,263.7
904379,2026,13,KESIM,575.1
904380,2026,13,MATBAA,416.2
904381,2026,13,MONTAJ,550.4
904382,2026,22,KESIM,507.9
904383,2026,22,MATBAA,485.6
904384,2026,22,PRES,600.1
904385,2026,22,MONTAJ,126.6
904386,2026,29,KESIM,575.6
904387,2026,29,MATBAA,248.5
904388,2026,29,PRES,345.9
904389,2026,29,MONTAJ,444.1
904390,2025,28,KESIM,504.9
904391,2025,29,MATBAA,478.2
904392,2025,29,PRES,236.2
904393,2025,29,MONTAJ,461
904394,2026,16,KESIM,174
904395,2026,16,DIJITAL,449.9
904396,2026,16,PRES,207.5
904397,2026,16,MONTAJ,230.2
904398,2025,28,KESIM,283.7
904399,2025,28,MATBAA,623.1
904400,2025,28,PRES,447.6
904401,2025,28,MONTAJ,147.8
904402,2026,25,KESIM,269.1
904403,2026,26,MATBAA,237.6
904404,2026,26,MONTAJ,168.5
904405,2026,26,KESIM,226.3
904406,2026,26,DIJITAL,127.9
904407,2026,27,PRES,378
904408,2026,27,MONTAJ,394.9
904409,2025,28,KESIM,339.3
904410,2025,28,MATBAA,506.4
904411,2025,28,PRES,159.2
904412,2025,28,MONTAJ,503.2
904413,2025,47,KESIM,565.5
904414,2025,47,DIJITAL,526.2
904415,2025,47,PRES,313.4
904416,2025,47,MONTAJ,169.9
904417,2026,18,KESIM,174.5
904418,2026,18,PRES,322.6
904419,2026,18,MONTAJ,261.2
904420,2025,44,KESIM,311.4
904421,2025,44,MATBAA,602.4
904422,2025,44,PRES,467.7
904423,2025,44,MONTAJ,484
904424,2026,15,KESIM,417.8
904425,2026,16,DIJITAL,291.3
904426,2026,16,PRES,155.9
904427,2026,16,MONTAJ,187.7
904428,2026,30,KESIM,160.9
904429,2026,30,DIJITAL,221
904430,2026,30,PRES,379.9
904431,2026,30,MONTAJ,133
904432,2026,28,KESIM,481.9
904433,2026,28,MATBAA,353.4
904434,2026,28,PRES,619.6
904435,2026,28,MONTAJ,414.5
904436,2026,15,KESIM,175.3
904437,2026,15,MATBAA,516.8
904438,2026,15,MONTAJ,292.5
904439,2025,28,KESIM,613.2
904440,2025,29,MATBAA,285.2
904441,2025,29,MONTAJ,617.5
904442,2026,22,KESIM,175
904443,2026,22,PRES,296.2
904444,2026,23,MONTAJ,318.7
904445,2026,27,KESIM,478
904446,2026,27,MATBAA,545.8
904447,2026,28,PRES,142.8
904448,2026,28,MONTAJ,379
904449,2025,40,KESIM,547.9
904450,2025,40,MATBAA,369.4
904451,2025,40,MONTAJ,391.4
904452,2026,11,KESIM,122.6
904453,2026,11,MATBAA,418.8
904454,2026,11,MONTAJ,629.9
904459,2025,45,KESIM,405.1
904460,2025,45,MATBAA,326.3
904461,2025,45,PRES,351.6
904462,2025,46,MONTAJ,324
904463,2026,29,KESIM,575.9
904464,2026,29,MATBAA,507.2
904465,2026,29,MONTAJ,331.9
904466,2026,17,KESIM,293.3
904467,2026,17,MATBAA,639.4
904468,2026,17,PRES,556.6
904469,2026,17,MONTAJ,204.1
904470,2026,24,KESIM,638.5
904471,2026,24,PRES,371.9
904472,2026,25,MONTAJ,538.6
904473,2025,49,KESIM,424.5
904474,2025,50,PRES,214
904475,2025,50,MONTAJ,505.4
904476,2026,19,KESIM,364.9
904477,2026,19,DIJITAL,439
904478,2026,19,PRES,303.7
904479,2026,20,MONTAJ,400.7
904480,2026,26,KESIM,475.5
904481,2026,26,DIJITAL,451.7
904482,2026,26,PRES,134.7
904483,2026,26,MONTAJ,371.2
904484,2026,2,KESIM,476.8
904485,2026,2,MATBAA,229.5
904486,2026,2,MONTAJ,189.5
904487,2025,27,KESIM,175.4
904488,2025,27,DIJITAL,594.2
904489,2025,27,PRES,194.2
904490,2025,27,MONTAJ,398.2
904491,2025,26,KESIM,320.3
904492,2025,26,MATBAA,513.5
904493,2025,27,PRES,556.7
904494,2025,27,MONTAJ,236.8
904495,2026,13,KESIM,605.3
904496,2026,13,MATBAA,286.2
904497,2026,13,MONTAJ,382.4
904498,2025,38,KESIM,492.7
904499,2025,38,MATBAA,133.4
904500,2025,38,PRES,356.7
904501,2025,38,MONTAJ,208.1
904502,2026,5,KESIM,637.1
904503,2026,5,MATBAA,635.5
904504,2026,5,PRES,391.1
904505,2026,5,MONTAJ,453.5
904506,2026,22,KESIM,344.5
904507,2026,22,MATBAA,487.2
904508,2026,22,PRES,270.1
904509,2026,22,MONTAJ,490
904510,2026,16,KESIM,209.2
904511,2026,16,MATBAA,506.1
904512,2026,16,MONTAJ,367
904513,2025,31,KESIM,436.7
904514,2025,31,MATBAA,231.9
904515,2025,31,MONTAJ,196.2
904516,2026,3,KESIM,633.3
904517,2026,4,MATBAA,138.5
904518,2026,4,PRES,359.7
904519,2026,4,MONTAJ,622.1
904520,2025,46,KESIM,161.3
904521,2025,46,MATBAA,493
904522,2025,46,PRES,562.6
904523,2025,47,MONTAJ,371.9
904524,2025,33,KESIM,608.2
904525,2025,33,PRES,452
904526,2025,34,MONTAJ,174.5
904527,2026,20,KESIM,612.1
904528,2026,20,DIJITAL,128.9
904529,2026,20,PRES,403.4
904530,2026,20,MONTAJ,390
904531,2026,24,KESIM,568.4
904532,2026,24,PRES,416.9
904533,2026,25,MONTAJ,304.9
904534,2025,40,KESIM,178.6
904535,2025,40,MATBAA,311.9
904536,2025,40,MONTAJ,489.3
904537,2026,30,KESIM,354.4
904538,2026,30,MATBAA,382
904539,2026,31,PRES,142.7
904540,2026,31,MONTAJ,386.3
904541,2025,44,KESIM,290.7
904542,2025,45,MATBAA,411.1
904543,2025,45,PRES,596.7
904544,2025,45,MONTAJ,540.8
904545,2026,27,KESIM,194.8
904546,2026,27,MATBAA,149.1
904547,2026,27,PRES,233.4
904548,2026,27,MONTAJ,560.5
904549,2026,6,KESIM,608
904550,2026,6,PRES,371.9
904551,2026,6,MONTAJ,263.7
904552,2025,40,KESIM,558.6
904553,2025,41,MATBAA,342.9
904554,2025,41,MONTAJ,552.1
904555,2025,36,KESIM,230.6
904556,2025,37,MATBAA,245.8
904557,2025,37,MONTAJ,608.4
904561,2026,28,KESIM,482.3
904562,2026,29,DIJITAL,233.3
904563,2026,29,PRES,606.3
904564,2026,29,MONTAJ,339.2
904565,2025,46,KESIM,362.6
904566,2025,46,PRES,361.1
904567,2025,46,MONTAJ,498.2
904568,2025,32,KESIM,457.7
904569,2025,33,PRES,388.1
904570,2025,33,MONTAJ,591.6
904571,2026,8,KESIM,130.4
904572,2026,8,MATBAA,359.7
904573,2026,8,PRES,158.5
904574,2026,8,MONTAJ,286.8
904575,2026,19,KESIM,534.6
904576,2026,19,MATBAA,408.3
904577,2026,19,PRES,232.5
904578,2026,20,MONTAJ,366.1
904579,2026,24,KESIM,306.8
904580,2026,24,PRES,627.9
904581,2026,24,MONTAJ,329.2
904582,2026,8,KESIM,293.5
904583,2026,9,MATBAA,121
904584,2026,9,MONTAJ,323.3
904585,2025,28,KESIM,189.9
904586,2025,28,DIJITAL,630.1
904587,2025,28,PRES,407.3
904588,2025,29,MONTAJ,552.1
904589,2026,7,KESIM,562.7
904590,2026,7,MATBAA,342.2
904591,2026,7,PRES,218.5
904592,2026,7,MONTAJ,284.6
904593,2026,5,KESIM,320.9
904594,2026,5,PRES,381.5
904595,2026,5,MONTAJ,368
904596,2026,20,KESIM,413.7
904597,2026,20,PRES,123
904598,2026,21,MONTAJ,223.3
904599,2026,18,KESIM,507.9
904600,2026,18,DIJITAL,494.8
904601,2026,18,PRES,555.3
904602,2026,19,MONTAJ,335.8
904603,2025,46,KESIM,551.8
904604,2025,46,MATBAA,548
904605,2025,46,PRES,392.7
904606,2025,47,MONTAJ,606.9
904607,2026,4,KESIM,334
904608,2026,4,MATBAA,559.5
904609,2026,4,MONTAJ,394
904610,2026,27,KESIM,183
904611,2026,27,DIJITAL,586.1
904612,2026,27,PRES,447.8
904613,2026,27,MONTAJ,520
904614,2026,12,KESIM,292.5
904615,2026,12,DIJITAL,449.1
904616,2026,12,PRES,221.7
904617,2026,12,MONTAJ,614.8
904618,2026,22,KESIM,289.5
904619,2026,22,MATBAA,355.3
904620,2026,22,PRES,227.9
904621,2026,22,MONTAJ,591.3
904622,2025,28,KESIM,436.9
904623,2025,28,DIJITAL,257.1
904624,2025,28,PRES,516.9
904625,2025,29,MONTAJ,268.6
904626,2025,41,KESIM,388.2
904627,2025,41,MATBAA,596.6
904628,2025,42,MONTAJ,260.7
904629,2026,16,KESIM,584.2
904630,2026,17,MATBAA,368.2
904631,2026,17,PRES,553.5
904632,2026,17,MONTAJ,301.6
904633,2026,10,KESIM,625.4
904634,2026,10,MATBAA,455.5
904635,2026,10,PRES,556.5
904636,2026,11,MONTAJ,189.4
904637,2026,18,KESIM,297.3
904638,2026,18,DIJITAL,421.9
904639,2026,18,PRES,199.4
904640,2026,18,MONTAJ,246.9
904641,2026,21,KESIM,391.4
904642,2026,21,DIJITAL,217.2
904643,2026,22,PRES,554.9
904644,2026,22,MONTAJ,266.1
904645,2025,44,KESIM,311.9
904646,2025,44,MATBAA,260.4
904647,2025,44,MONTAJ,123.9
904648,2025,42,KESIM,622.6
904649,2025,42,MATBAA,435.9
904650,2025,42,PRES,512.1
904651,2025,42,MONTAJ,210.7
904652,2025,45,KESIM,146.3
904653,2025,45,PRES,243
904654,2025,46,MONTAJ,355.4
904655,2025,30,KESIM,470.6
904656,2025,31,MATBAA,469.4
904657,2025,31,PRES,136
904658,2025,31,MONTAJ,639.6
904659,2025,28,KESIM,313.4
904660,2025,28,PRES,423.5
904661,2025,28,MONTAJ,474.9
904662,2025,42,KESIM,527.5
904663,2025,42,MATBAA,606.7
904664,2025,42,PRES,322.2
904665,2025,42,MONTAJ,616.5
904666,2026,2,KESIM,548.3
904667,2026,2,PRES,579.8
904668,2026,2,MONTAJ,263.1
904669,2026,28,KESIM,130.5
904670,2026,28,MATBAA,169.1
904671,2026,28,PRES,410.9
904672,2026,28,MONTAJ,616.9
904673,2025,42,KESIM,615.8
904674,2025,42,DIJITAL,606.1
904675,2025,42,PRES,375.2
904676,2025,42,MONTAJ,346.5
904677,2026,4,KESIM,473.3
904678,2026,4,MATBAA,389.9
904679,2026,4,PRES,215.2
904680,2026,5,MONTAJ,170.8
904681,2025,51,KESIM,349.3
904682,2025,51,MATBAA,130.8
904683,2025,51,MONTAJ,410.3
904684,2025,33,KESIM,244.9
904685,2025,34,MATBAA,476.4
904686,2025,34,MONTAJ,220.2
904687,2026,20,KESIM,472.6
904688,2026,21,DIJITAL,265.2
904689,2026,21,PRES,212.3
904690,2026,21,MONTAJ,508.8
904691,2026,31,KESIM,123.6
904694,2026,7,KESIM,283.3
904695,2026,7,MATBAA,537.9
904696,2026,7,PRES,614.2
904697,2026,8,MONTAJ,339.2
904698,2026,9,KESIM,247.7
904699,2026,9,MATBAA,500.3
904700,2026,9,PRES,444.8
904701,2026,9,MONTAJ,556.3
904702,2025,45,KESIM,594.4
904703,2025,45,MATBAA,561.3
904704,2025,45,MONTAJ,353.4
904709,2026,10,KESIM,507.5
904710,2026,10,DIJITAL,219.4
904711,2026,10,PRES,194.6
904712,2026,10,MONTAJ,172.1
904713,2025,31,KESIM,166.4
904714,2025,31,MATBAA,385.7
904715,2025,31,PRES,202.5
904716,2025,32,MONTAJ,637
904717,2026,7,KESIM,383.5
904718,2026,7,MATBAA,329.9
904719,2026,7,MONTAJ,301.1
904720,2025,28,KESIM,211.1
904721,2025,28,PRES,517.8
904722,2025,28,MONTAJ,377.9
904723,2026,7,KESIM,401.9
904724,2026,7,MATBAA,590.3
904725,2026,7,PRES,332.6
904726,2026,7,MONTAJ,637.9
904727,2026,29,KESIM,180.4
904728,2026,29,PRES,577
904729,2026,30,MONTAJ,137.9
904730,2026,21,KESIM,355
904731,2026,21,MATBAA,516.4
904732,2026,22,PRES,326.3
904733,2026,22,MONTAJ,438.6
904734,2025,48,KESIM,417.4
904735,2025,48,DIJITAL,225.6
904736,2025,48,PRES,430.5
904737,2025,49,MONTAJ,124
904738,2025,27,KESIM,383.9
904739,2025,27,MATBAA,380.5
904740,2025,27,PRES,533.4
904741,2025,27,MONTAJ,271.4
904742,2026,26,KESIM,214.8
904743,2026,26,DIJITAL,631.8
904744,2026,27,PRES,594.4
904745,2026,27,MONTAJ,325.5
904746,2026,30,KESIM,176.2
904747,2026,30,MATBAA,173
904748,2026,31,PRES,610
904749,2026,31,MONTAJ,295.1
904750,2026,2,KESIM,459.1
904751,2026,2,MATBAA,431.7
904752,2026,2,MONTAJ,598.8
904753,2025,32,KESIM,162.4
904754,2025,32,MATBAA,618.4
904755,2025,32,PRES,210.1
904756,2025,32,MONTAJ,426.2
904757,2026,2,KESIM,399.4
904758,2026,3,DIJITAL,565.7
904759,2026,3,PRES,146.7
904760,2026,3,MONTAJ,133.5
904761,2026,5,KESIM,520.5
904762,2026,5,DIJITAL,318.5
904763,2026,5,PRES,575.6
904764,2026,5,MONTAJ,214.6
904765,2026,4,KESIM,203.9
904766,2026,4,MATBAA,639
904767,2026,4,MONTAJ,481.3
904768,2025,31,KESIM,138.7
904769,2025,31,DIJITAL,476
904770,2025,31,PRES,364.7
904771,2025,31,MONTAJ,180.4
904772,2026,2,KESIM,528.6
904773,2026,3,DIJITAL,203.8
904774,2026,3,PRES,628.2
904775,2026,3,MONTAJ,538.2
904776,2025,30,KESIM,486.3
904777,2025,30,DIJITAL,616.5
904778,2025,30,PRES,329.4
904779,2025,31,MONTAJ,639.6
904780,2025,42,KESIM,175.1
904781,2025,42,MATBAA,308.5
904782,2025,42,PRES,298.5
904783,2025,42,MONTAJ,235.1
904784,2025,50,KESIM,292.9
904785,2025,50,DIJITAL,447.1
904786,2025,50,PRES,146.7
904787,2025,50,MONTAJ,515.1
904788,2025,48,KESIM,405.9
904789,2025,48,MATBAA,473.2
904790,2025,48,MONTAJ,447.1
904791,2026,19,KESIM,136
904792,2026,19,MATBAA,574.8
904793,2026,19,MONTAJ,179.7
904794,2025,32,KESIM,220
904795,2025,32,DIJITAL,344.2
904796,2025,32,PRES,466.8
904797,2025,33,MONTAJ,323.1
904798,2025,46,KESIM,556.2
904799,2025,47,DIJITAL,208.3
904800,2025,47,PRES,596
904801,2025,47,MONTAJ,433.3
904802,2026,14,KESIM,276
904803,2026,14,MATBAA,470.1
904804,2026,14,PRES,515
904805,2026,14,MONTAJ,352
904806,2026,14,KESIM,516.6
904807,2026,14,MATBAA,135.1
904808,2026,15,PRES,523.4
904809,2026,15,MONTAJ,306.3
904810,2026,22,KESIM,492.4
904811,2026,22,MATBAA,415.5
904812,2026,22,MONTAJ,601.2
904817,2025,50,KESIM,484.8
904818,2025,50,MATBAA,467.1
904819,2025,50,PRES,202.9
904820,2025,50,MONTAJ,557.3
904821,2026,23,KESIM,240.9
904822,2026,23,DIJITAL,555.1
904823,2026,23,PRES,403.7
904824,2026,23,MONTAJ,226.5
904825,2026,14,KESIM,258.5
904826,2026,14,PRES,461.7
904827,2026,14,MONTAJ,160.3
904828,2025,52,KESIM,153.5
904829,2025,52,MATBAA,507.5
904830,2025,1,PRES,157.6
904831,2025,1,MONTAJ,400.3
904832,2026,11,KESIM,342.6
904833,2026,11,MATBAA,546.1
904834,2026,11,PRES,304.6
904835,2026,11,MONTAJ,553.5
904836,2026,9,KESIM,515.5
904837,2026,9,MATBAA,551.6
904838,2026,10,MONTAJ,523.6
904839,2025,34,KESIM,456.2
904840,2025,34,PRES,532.3
904841,2025,34,MONTAJ,477.5
904842,2026,25,KESIM,419.5
904843,2026,25,DIJITAL,636.1
904844,2026,25,PRES,637.1
904845,2026,25,MONTAJ,212.4
904846,2026,4,KESIM,153.5
904847,2026,4,PRES,571.1
904848,2026,4,MONTAJ,421.3
904849,2026,18,KESIM,437
904850,2026,18,MATBAA,594
904851,2026,19,MONTAJ,279.4
904852,2025,40,KESIM,309.8
904853,2025,40,MATBAA,465.6
904854,2025,40,MONTAJ,634.1
904855,2026,15,KESIM,272.4
904856,2026,15,DIJITAL,592.7
904857,2026,15,PRES,637
904858,2026,15,MONTAJ,161.5
904859,2025,35,KESIM,567.9
904860,2025,35,MATBAA,625.5
904861,2025,36,PRES,518
904862,2025,36,MONTAJ,323.1
904863,2026,30,KESIM,316.6
904864,2026,30,MATBAA,162.1
904865,2026,31,MONTAJ,129.1
904866,2026,29,KESIM,481.9
904867,2026,29,MATBAA,331.2
904868,2026,29,PRES,372.2
904869,2026,30,MONTAJ,343.4
904870,2025,52,KESIM,335.1
904871,2025,52,MATBAA,311
904872,2025,52,PRES,227
904873,2025,52,MONTAJ,155.7
904874,2025,47,KESIM,331.9
904875,2025,47,PRES,471.7
904876,2025,47,MONTAJ,363.1
904877,2025,51,KESIM,513.6
904878,2025,52,PRES,625.7
904879,2025,52,MONTAJ,527.1
904880,2025,30,KESIM,420.9
904881,2025,31,MATBAA,246.7
904882,2025,31,MONTAJ,538.5
904883,2026,26,KESIM,151.7
904884,2026,26,DIJITAL,536.4
904885,2026,26,PRES,494.3
904886,2026,26,MONTAJ,167.6
904887,2025,44,KESIM,532.3
904888,2025,44,DIJITAL,266.4
904889,2025,44,PRES,357.2
904890,2025,44,MONTAJ,396.6
904891,2026,6,KESIM,589.2
904892,2026,6,PRES,277.6
904893,2026,6,MONTAJ,129.3
904897,2026,19,KESIM,251.5
904898,2026,19,MATBAA,330.1
904899,2026,20,PRES,545.2
904900,2026,20,MONTAJ,638.4
904901,2026,13,KESIM,540.3
904902,2026,13,PRES,631.2
904903,2026,13,MONTAJ,476.6
904904,2026,3,KESIM,309.2
904905,2026,3,PRES,182
904906,2026,3,MONTAJ,624.5
904907,2025,41,KESIM,190.5
904908,2025,41,PRES,233.9
904909,2025,41,MONTAJ,145.6
904910,2025,39,KESIM,208.4
904911,2025,39,MATBAA,549.4
904912,2025,39,PRES,388
904913,2025,39,MONTAJ,481.2
904914,2026,4,KESIM,632.6
904915,2026,4,PRES,153.8
904916,2026,4,MONTAJ,569.4
904917,2025,44,KESIM,145.1
904918,2025,45,MATBAA,371.1
904919,2025,45,PRES,307.1
904920,2025,45,MONTAJ,266.8
904921,2025,44,KESIM,222.7
904922,2025,44,MATBAA,460.8
904923,2025,45,MONTAJ,315.7
904924,2026,19,KESIM,123.4
904925,2026,20,MATBAA,627.7
904926,2026,20,PRES,427.9
904927,2026,20,MONTAJ,252.6
904928,2026,18,KESIM,551.3
904929,2026,18,DIJITAL,435.9
904930,2026,18,PRES,495.9
904931,2026,18,MONTAJ,609.5
904932,2025,43,KESIM,183.8
904933,2025,43,MATBAA,431.9
904934,2025,43,PRES,232.9
904935,2025,43,MONTAJ,388.6
904936,2026,21,KESIM,612.2
904937,2026,21,PRES,197.7
904938,2026,21,MONTAJ,622.7
904939,2026,24,KESIM,604.6
904940,2026,24,DIJITAL,432.8
904941,2026,24,PRES,152
904942,2026,24,MONTAJ,333.5
904943,2026,28,KESIM,519.1
904944,2026,28,MATBAA,267.2
904945,2026,28,PRES,415.2
904946,2026,28,MONTAJ,505.2
904947,2026,1,KESIM,467.8
904948,2026,1,MATBAA,298.5
904949,2026,1,PRES,261.7
904950,2026,1,MONTAJ,242.6
904951,2025,49,KESIM,153.9
904952,2025,49,DIJITAL,474.2
904953,2025,49,PRES,365.9
904954,2025,49,MONTAJ,518.5
904955,2026,11,KESIM,562.7
904956,2026,11,MATBAA,208.9
904957,2026,11,PRES,183.3
904958,2026,11,MONTAJ,245.9
904959,2026,24,KESIM,191.8
904960,2026,24,MATBAA,629.9
904961,2026,24,PRES,346.6
904962,2026,24,MONTAJ,539.6
904963,2025,30,KESIM,556.1
904964,2025,30,DIJITAL,569.1
904965,2025,30,PRES,302.9
904966,2025,30,MONTAJ,141.9
904967,2026,22,KESIM,496.8
904968,2026,22,DIJITAL,168.3
904969,2026,22,PRES,275.4
904970,2026,22,MONTAJ,474.9
904971,2025,26,KESIM,534.6
904972,2025,26,PRES,228.3
904973,2025,26,MONTAJ,153.6
904974,2026,13,KESIM,342.4
904975,2026,13,MATBAA,440
904976,2026,13,PRES,406.9
904977,2026,13,MONTAJ,404
904978,2025,29,KESIM,357.1
904979,2025,29,DIJITAL,330.7
904980,2025,29,PRES,630.5
904981,2025,29,MONTAJ,243.4
904982,2026,8,KESIM,138.6
904983,2026,8,MATBAA,463.9
904984,2026,8,MONTAJ,315.8
904985,2026,14,KESIM,569.8
904986,2026,14,MATBAA,410.1
904987,2026,14,PRES,518.4
904988,2026,14,MONTAJ,627.4
904989,2026,21,KESIM,626.9
904990,2026,21,MATBAA,429.6
904991,2026,21,PRES,589.1
904992,2026,21,MONTAJ,421.9
904993,2026,23,KESIM,279.8
904994,2026,23,MATBAA,281.4
904995,2026,23,PRES,251.8
904996,2026,23,MONTAJ,120.2
904997,2025,41,KESIM,200.4
904998,2025,41,MATBAA,624.2
904999,2025,41,MONTAJ,481.1
905000,2025,29,KESIM,539.8
905001,2025,29,DIJITAL,623.2
905002,2025,29,PRES,268.6
905003,2025,29,MONTAJ,287.6
905004,2025,44,KESIM,393
905005,2025,44,DIJITAL,379.6
905006,2025,45,PRES,268.7
905007,2025,45,MONTAJ,157.7
905008,2026,18,KESIM,126.8
905009,2026,18,MATBAA,343.6
905010,2026,18,PRES,121.7
905011,2026,18,MONTAJ,358.2
905012,2026,11,KESIM,634.9
905013,2026,12,PRES,400.6
905014,2026,12,MONTAJ,259.1
905015,2026,3,KESIM,585.7
905016,2026,3,MATBAA,260.3
905017,2026,3,MONTAJ,120.4
905018,2026,29,KESIM,619.3
905019,2026,29,MATBAA,500.1
905020,2026,29,PRES,504.7
905021,2026,30,MONTAJ,577.7
905022,2025,50,KESIM,301.9
905023,2025,50,MATBAA,575
905024,2025,50,MONTAJ,524.9
905025,2026,11,KESIM,147
905026,2026,12,PRES,334.8
905027,2026,12,MONTAJ,147.5
905028,2026,13,KESIM,348.6
905029,2026,13,MATBAA,463.8
905030,2026,13,MONTAJ,402.6
905031,2026,11,KESIM,493.7
905032,2026,11,PRES,240.4
905033,2026,11,MONTAJ,275.8
905034,2026,12,KESIM,176.3
905035,2026,12,PRES,148.9
905036,2026,13,MONTAJ,527.6
905037,2026,16,KESIM,493.4
905038,2026,16,DIJITAL,153.9
905039,2026,16,PRES,450.6
905040,2026,16,MONTAJ,126.9
905041,2026,30,KESIM,495.6
905042,2026,30,MATBAA,386.7
905043,2026,30,PRES,318
905044,2026,30,MONTAJ,505.4
905045,2025,51,KESIM,165
905046,2025,52,DIJITAL,361.5
905047,2025,52,PRES,517.2
905048,2025,52,MONTAJ,448.5
905049,2025,43,KESIM,388
905050,2025,43,MATBAA,341.2
905051,2025,43,MONTAJ,437.9
905052,2026,8,KESIM,404.6
905053,2026,8,DIJITAL,549.4
905054,2026,8,PRES,365.5
905055,2026,9,MONTAJ,139.2
905056,2025,27,KESIM,634.8
905057,2025,27,PRES,525.7
905058,2025,27,MONTAJ,628.4
905059,2025,51,KESIM,210.3
905060,2025,51,MATBAA,244.3
905061,2025,51,PRES,342.6
905062,2025,51,MONTAJ,412.7
905063,2025,48,KESIM,567.9
905064,2025,49,MATBAA,422.5
905065,2025,49,MONTAJ,324.2
905066,2026,18,KESIM,292.4
905067,2026,18,MATBAA,184.8
905068,2026,18,PRES,145.1
905069,2026,18,MONTAJ,536.2
905070,2026,12,KESIM,371.4
905071,2026,13,DIJITAL,334.9
905072,2026,13,PRES,366.3
905073,2026,13,MONTAJ,477.1
905074,2025,30,KESIM,186.4
905075,2025,30,DIJITAL,584
905076,2025,30,PRES,262.4
905077,2025,30,MONTAJ,141
905078,2026,8,KESIM,127.3
905079,2026,9,PRES,149.6
905080,2026,9,MONTAJ,349.9
905081,2025,48,KESIM,462.9
905082,2025,48,DIJITAL,363.1
905083,2025,48,PRES,575.8
905084,2025,49,MONTAJ,206.5
905085,2025,40,KESIM,255
905086,2025,41,MATBAA,467.9
905087,2025,41,MONTAJ,489
905088,2026,3,KESIM,203.1
905089,2026,3,MATBAA,332
905090,2026,3,PRES,124.8
905091,2026,4,MONTAJ,256.5
905092,2025,38,KESIM,309.6
905093,2025,38,MATBAA,151.3
905094,2025,39,PRES,473.5
905095,2025,39,MONTAJ,560.6
905096,2026,27,KESIM,516.7
905097,2026,27,PRES,554.7
905098,2026,28,MONTAJ,309.8
905099,2026,2,KESIM,596.6
905100,2026,2,DIJITAL,339.9
905101,2026,2,PRES,466.9
905102,2026,2,MONTAJ,270.1
905103,2026,17,KESIM,426.7
905104,2026,17,PRES,382.8
905105,2026,17,MONTAJ,348.1
905106,2025,33,KESIM,129.5
905107,2025,34,PRES,200.8
905108,2025,34,MONTAJ,551.7
905109,2026,30,KESIM,312.1
905110,2026,30,MATBAA,371.9
905111,2026,30,MONTAJ,410
905112,2026,3,KESIM,205.6
905113,2026,3,DIJITAL,515.3
905114,2026,3,PRES,156.6
905115,2026,3,MONTAJ,482.2
905116,2026,3,KESIM,413.4
905117,2026,3,PRES,445.1
905118,2026,3,MONTAJ,443.5
905119,2026,3,KESIM,268.8
905120,2026,3,DIJITAL,398.6
905121,2026,3,PRES,417
905122,2026,3,MONTAJ,255.1
905123,2026,23,KESIM,246.2
905124,2026,23,DIJITAL,392
905125,2026,23,PRES,413.6
905126,2026,23,MONTAJ,426.8
905127,2026,5,KESIM,438.6
905128,2026,5,PRES,563.9
905129,2026,5,MONTAJ,569.5
905130,2025,26,KESIM,470.9
905131,2025,26,MATBAA,577.5
905132,2025,26,PRES,223
905133,2025,27,MONTAJ,562.7
905134,2026,30,KESIM,298.9
905135,2026,30,MATBAA,499.8
905136,2026,31,MONTAJ,364
905137,2025,31,KESIM,460
905138,2025,31,PRES,605.2
905139,2025,31,MONTAJ,550
905140,2026,14,KESIM,268.5
905141,2026,14,PRES,553.4
905142,2026,14,MONTAJ,275.6
905143,2026,30,KESIM,127.1
905144,2026,31,MATBAA,386.6
905145,2026,31,PRES,597.9
905146,2026,31,MONTAJ,263
905147,2026,25,KESIM,376.5
905148,2026,25,MATBAA,424.7
905149,2026,25,PRES,299.9
905150,2026,26,MONTAJ,559.9
905151,2026,4,KESIM,492.7
905152,2026,4,MATBAA,343
905153,2026,4,PRES,337.9
905154,2026,4,MONTAJ,549.9
905155,2026,6,KESIM,138.4
905156,2026,6,PRES,526.2
905157,2026,6,MONTAJ,343.7
905158,2026,24,KESIM,332.4
905159,2026,24,MATBAA,204.9
905160,2026,24,MONTAJ,219
905161,2026,27,KESIM,155.7
905162,2026,27,MATBAA,274.1
905163,2026,27,PRES,155.6
905164,2026,27,MONTAJ,562.8
905165,2025,47,KESIM,279.3
905166,2025,47,PRES,290.1
905167,2025,47,MONTAJ,590
905168,2026,24,KESIM,606.6
905169,2026,24,DIJITAL,332
905170,2026,25,PRES,247
905171,2026,25,MONTAJ,461.4
905172,2026,13,KESIM,425.1
905173,2026,13,MATBAA,326.9
905174,2026,13,MONTAJ,378
905175,2026,22,KESIM,222.1
905176,2026,22,DIJITAL,314.7
905177,2026,22,PRES,158.3
905178,2026,23,MONTAJ,335.9
905179,2026,12,KESIM,496.5
905180,2026,12,MATBAA,243.9
905181,2026,12,MONTAJ,445.3
905186,2026,5,KESIM,128.3
905187,2026,6,DIJITAL,400.4
905188,2026,6,PRES,548.3
905189,2026,6,MONTAJ,541.8
905190,2025,45,KESIM,282.7
905191,2025,45,PRES,287.3
905192,2025,46,MONTAJ,560.2
905193,2025,47,KESIM,190.7
905194,2025,47,MATBAA,283.5
905195,2025,47,MONTAJ,594.2
905196,2025,27,KESIM,508
905197,2025,27,MATBAA,197.2
905198,2025,27,PRES,512.9
905199,2025,27,MONTAJ,228.3
905200,2026,16,KESIM,167.1
905201,2026,16,MATBAA,318.6
905202,2026,17,MONTAJ,210.6
905203,2025,50,KESIM,355.1
905204,2025,50,DIJITAL,468.4
905205,2025,50,PRES,618.1
905206,2025,50,MONTAJ,263.9
905207,2025,44,KESIM,439.5
905208,2025,44,MATBAA,622.3
905209,2025,44,MONTAJ,600.4
905210,2025,46,KESIM,182.9
905211,2025,46,DIJITAL,306.1
905212,2025,46,PRES,425.9
905213,2025,46,MONTAJ,433.6
905214,2025,32,KESIM,240.8
905215,2025,33,MATBAA,478.6
905216,2025,33,PRES,576.7
905217,2025,33,MONTAJ,211.2
905218,2026,27,KESIM,380.6
905219,2026,27,PRES,223.1
905220,2026,27,MONTAJ,525.4
905221,2026,13,KESIM,374.1
905222,2026,13,DIJITAL,347.5
905223,2026,13,PRES,205.6
905224,2026,13,MONTAJ,451.2
905225,2026,19,KESIM,256
905226,2026,19,MATBAA,596.6
905227,2026,20,MONTAJ,319
905228,2026,23,KESIM,567.1
905229,2026,24,PRES,343.6
905230,2026,24,MONTAJ,536.9
905231,2026,15,KESIM,395.5
905232,2026,16,DIJITAL,536.9
905233,2026,16,PRES,233.8
905234,2026,16,MONTAJ,159.8
905235,2026,6,KESIM,375.7
905236,2026,6,MATBAA,539.3
905237,2026,6,PRES,177.5
905238,2026,6,MONTAJ,448
905239,2026,13,KESIM,433.7
905240,2026,13,PRES,484.5
905241,2026,13,MONTAJ,466.4
905242,2026,8,KESIM,241.5
905243,2026,9,PRES,284.4
905244,2026,9,MONTAJ,527.6
905245,2025,39,KESIM,318.5
905246,2025,39,PRES,457.4
905247,2025,39,MONTAJ,203.2
905248,2026,4,KESIM,455.7
905249,2026,4,DIJITAL,434.6
905250,2026,4,PRES,582.5
905251,2026,4,MONTAJ,191
905252,2026,12,KESIM,121.6
905253,2026,12,MATBAA,614.1
905254,2026,12,PRES,158.8
905255,2026,12,MONTAJ,193.5
905256,2026,5,KESIM,489.4
905257,2026,5,DIJITAL,471.4
905258,2026,6,PRES,413.5
905259,2026,6,MONTAJ,631.9
905260,2026,13,KESIM,265.2
905261,2026,13,PRES,530.1
905262,2026,14,MONTAJ,275.9
905263,2025,27,KESIM,525.4
905264,2025,27,MATBAA,262.2
905265,2025,28,PRES,546.9
905266,2025,28,MONTAJ,324.4
905267,2026,22,KESIM,561.1
905268,2026,22,DIJITAL,404.8
905269,2026,23,PRES,532.6
905270,2026,23,MONTAJ,407
905271,2025,38,KESIM,197.3
905272,2025,38,MATBAA,320.1
905273,2025,38,MONTAJ,428.9
905274,2026,27,KESIM,444.8
905275,2026,27,MATBAA,390.5
905276,2026,27,PRES,503.5
905277,2026,28,MONTAJ,352.8
905278,2026,20,KESIM,443
905279,2026,21,MATBAA,136.9
905280,2026,21,PRES,417.5
905281,2026,21,MONTAJ,475.1
905282,2025,26,KESIM,298.3
905283,2025,27,MATBAA,286.2
905284,2025,27,MONTAJ,527.2
905285,2025,46,KESIM,245.2
905286,2025,46,MATBAA,408.5
905287,2025,46,MONTAJ,426.5
905288,2025,39,KESIM,179.4
905289,2025,39,PRES,551.8
905290,2025,39,MONTAJ,507.8
905291,2025,47,KESIM,264.8
905292,2025,48,MATBAA,614
905293,2025,48,PRES,531.4
905294,2025,48,MONTAJ,418.3
905295,2026,7,KESIM,352.5
905296,2026,7,DIJITAL,418.6
905297,2026,7,PRES,148.3
905298,2026,7,MONTAJ,481.9
905299,2025,51,KESIM,380.4
905300,2025,52,PRES,184.2
905301,2025,52,MONTAJ,143.9
905302,2026,18,KESIM,251.9
905303,2026,18,DIJITAL,410
905304,2026,18,PRES,627.5
905305,2026,19,MONTAJ,464.5
905306,2026,16,KESIM,438.4
905307,2026,16,DIJITAL,281.9
905308,2026,16,PRES,315.4
905309,2026,16,MONTAJ,184.6
905310,2026,10,KESIM,277.7
905311,2026,10,MATBAA,352.7
905312,2026,10,PRES,373
905313,2026,10,MONTAJ,451.3
905314,2026,18,KESIM,594.7
905315,2026,18,MATBAA,625.1
905316,2026,18,MONTAJ,491.2
905317,2025,27,KESIM,305.5
905318,2025,27,DIJITAL,546.3
905319,2025,27,PRES,363.9
905320,2025,27,MONTAJ,269.3
905321,2025,43,KESIM,143.3
905322,2025,43,MATBAA,147
905323,2025,43,PRES,530.6
905324,2025,44,MONTAJ,639.5
905325,2025,45,KESIM,593.5
905326,2025,45,PRES,359.2
905327,2025,45,MONTAJ,595.2
905328,2025,37,KESIM,625.9
905329,2025,37,MATBAA,345.1
905330,2025,37,PRES,606.3
905331,2025,37,MONTAJ,306.5
905332,2026,9,KESIM,142.2
905333,2026,9,DIJITAL,551.3
905334,2026,10,PRES,242.2
905335,2026,10,MONTAJ,624.2
905340,2025,42,KESIM,353.7
905341,2025,42,PRES,149.1
905342,2025,42,MONTAJ,396.9
905343,2025,30,KESIM,487.2
905344,2025,30,MATBAA,312.2
905345,2025,30,MONTAJ,339.9
905346,2025,30,KESIM,376
905347,2025,30,DIJITAL,266.3
905348,2025,30,PRES,604.7
905349,2025,30,MONTAJ,437.6
905350,2026,19,KESIM,201.3
905351,2026,19,DIJITAL,574.2
905352,2026,19,PRES,506.6
905353,2026,19,MONTAJ,448.3
905354,2026,26,KESIM,413.6
905355,2026,26,MATBAA,540.3
905356,2026,26,PRES,301
905357,2026,26,MONTAJ,508.9
905358,2025,32,KESIM,424.2
905359,2025,32,DIJITAL,208
905360,2025,32,PRES,602.1
905361,2025,32,MONTAJ,254
905362,2025,29,KESIM,121.8
905363,2025,29,PRES,419.9
905364,2025,29,MONTAJ,264.8
905365,2026,23,KESIM,292.9
905366,2026,24,PRES,529.2
905367,2026,24,MONTAJ,298.3
905368,2026,7,KESIM,393.4
905369,2026,7,DIJITAL,429.9
905370,2026,7,PRES,297.8
905371,2026,7,MONTAJ,451.8
905372,2026,16,KESIM,217.3
905373,2026,16,MATBAA,439.2
905374,2026,16,PRES,444.1
905375,2026,16,MONTAJ,131.6
905376,2025,48,KESIM,584.5
905377,2025,48,MATBAA,246.6
905378,2025,49,PRES,601.6
905379,2025,49,MONTAJ,339
905380,2025,38,KESIM,515.9
905381,2025,38,MATBAA,166.5
905382,2025,38,MONTAJ,537.3
905383,2025,42,KESIM,195.9
905384,2025,42,MATBAA,623.4
905385,2025,42,PRES,152
905386,2025,42,MONTAJ,241.8
905387,2025,28,KESIM,595.1
905388,2025,28,DIJITAL,324.5
905389,2025,28,PRES,282.3
905390,2025,29,MONTAJ,148.9
905391,2026,5,KESIM,259.6
905392,2026,5,MATBAA,266.4
905393,2026,5,MONTAJ,581.1
905394,2025,38,KESIM,530
905395,2025,38,MATBAA,552.3
905396,2025,39,MONTAJ,256.2
905397,2025,48,KESIM,549.2
905398,2025,48,DIJITAL,619
905399,2025,48,PRES,613.4
905400,2025,48,MONTAJ,399.7
905401,2026,15,KESIM,251
905402,2026,15,DIJITAL,492.8
905403,2026,15,PRES,319.4
905404,2026,15,MONTAJ,241.2
905405,2025,28,KESIM,252.3
905406,2025,29,DIJITAL,623.2
905407,2025,29,PRES,232
905408,2025,29,MONTAJ,203.8
905409,2026,30,KESIM,396.7
905410,2026,30,DIJITAL,266.2
905411,2026,30,PRES,266.9
905412,2026,30,MONTAJ,301.5
905417,2026,25,KESIM,622.5
905418,2026,25,MATBAA,480.2
905419,2026,25,PRES,536.7
905420,2026,25,MONTAJ,594.3
905421,2025,32,KESIM,327.3
905422,2025,32,PRES,524.5
905423,2025,33,MONTAJ,395.4
905424,2026,12,KESIM,338
905425,2026,12,DIJITAL,432.7
905426,2026,13,PRES,227.1
905427,2026,13,MONTAJ,397
905428,2025,48,KESIM,230.8
905429,2025,48,MATBAA,311.3
905430,2025,48,PRES,603
905431,2025,48,MONTAJ,391.5
905432,2025,31,KESIM,408.4
905433,2025,31,MATBAA,260.2
905434,2025,31,PRES,481.5
905435,2025,31,MONTAJ,390.1
905436,2025,50,KESIM,200.1
905437,2025,50,MATBAA,428.8
905438,2025,50,PRES,130
905439,2025,50,MONTAJ,148.8
905440,2025,43,KESIM,533.6
905441,2025,43,MATBAA,285.5
905442,2025,44,PRES,225.3
905443,2025,44,MONTAJ,553.3
905444,2026,22,KESIM,191.7
905445,2026,23,DIJITAL,304.1
905446,2026,23,PRES,333.6
905447,2026,23,MONTAJ,174.1
905448,2025,1,KESIM,498.2
905449,2025,1,MATBAA,129.7
905450,2026,1,MONTAJ,307
905451,2026,19,KESIM,170.7
905452,2026,19,PRES,557.4
905453,2026,19,MONTAJ,257.2
905458,2026,8,KESIM,186.9
905459,2026,9,DIJITAL,563.3
905460,2026,9,PRES,205.7
905461,2026,9,MONTAJ,382.9
905462,2026,15,KESIM,565.2
905463,2026,15,DIJITAL,537.9
905464,2026,15,PRES,557.1
905465,2026,15,MONTAJ,144.9
905466,2025,29,KESIM,436.3
905467,2025,29,DIJITAL,244.9
905468,2025,29,PRES,581.2
905469,2025,29,MONTAJ,147.8
905470,2026,5,KESIM,348.1
905471,2026,5,MATBAA,224.5
905472,2026,5,PRES,152.3
905473,2026,5,MONTAJ,271.9
905474,2026,8,KESIM,482.8
905475,2026,8,PRES,148.8
905476,2026,8,MONTAJ,176.2
905477,2026,14,KESIM,130.2
905478,2026,15,MATBAA,427
905479,2026,15,PRES,215.3
905480,2026,15,MONTAJ,626.7
905481,2026,21,KESIM,510.9
905482,2026,21,PRES,264.2
905483,2026,21,MONTAJ,347.2
905484,2026,26,KESIM,549.9
905485,2026,26,DIJITAL,121.9
905486,2026,27,PRES,432.9
905487,2026,27,MONTAJ,586.9
905488,2025,48,KESIM,243.3
905489,2025,48,MATBAA,510.5
905490,2025,48,PRES,335.1
905491,2025,48,MONTAJ,385.3
905492,2026,22,KESIM,235.1
905493,2026,22,DIJITAL,186.4
905494,2026,22,PRES,416.6
905495,2026,23,MONTAJ,216.7
905496,2025,51,KESIM,144.4
905497,2025,51,DIJITAL,521.1
905498,2025,51,PRES,304.1
905499,2025,52,MONTAJ,574.7
905500,2026,23,KESIM,495.9
905501,2026,23,PRES,243.4
905502,2026,24,MONTAJ,396.5
905503,2025,29,KESIM,325.4
905504,2025,29,PRES,308.2
905505,2025,29,MONTAJ,435.6
905506,2026,25,KESIM,155.5
905507,2026,25,MATBAA,375.9
905508,2026,25,MONTAJ,436.2
905509,2025,49,KESIM,360.5
905510,2025,49,MATBAA,449.9
905511,2025,50,PRES,479.8
905512,2025,50,MONTAJ,421.4
905513,2026,31,KESIM,512.7
905514,2026,31,MATBAA,352.2
905515,2026,31,PRES,152.4
905516,2026,31,MONTAJ,606.1
905517,2025,30,KESIM,526.2
905518,2025,30,MATBAA,309.5
905519,2025,30,MONTAJ,512.6
905520,2025,40,KESIM,338.4
905521,2025,41,PRES,221.4
905522,2025,41,MONTAJ,358.5
905523,2026,17,KESIM,436.8
905524,2026,18,PRES,405.8
905525,2026,18,MONTAJ,438.9
905526,2026,27,KESIM,525.4
905527,2026,27,MATBAA,346.9
905528,2026,27,MONTAJ,268.2
905529,2025,30,KESIM,606.2
905530,2025,30,MATBAA,631
905531,2025,30,PRES,223.6
905532,2025,30,MONTAJ,380.2
905533,2026,12,KESIM,349
905534,2026,12,PRES,279.7
905535,2026,12,MONTAJ,499.6
905536,2025,42,KESIM,550
905537,2025,43,PRES,523.5
905538,2025,43,MONTAJ,273.7
905539,2026,24,KESIM,308.5
905540,2026,24,DIJITAL,583.2
905541,2026,24,PRES,602.5
905542,2026,24,MONTAJ,486.2
905543,2026,17,KESIM,558.8
905544,2026,17,MATBAA,283.7
905545,2026,17,MONTAJ,270.4
905546,2025,39,KESIM,457.9
905547,2025,40,DIJITAL,227.2
905548,2025,40,PRES,389
905549,2025,40,MONTAJ,626
905550,2025,41,KESIM,316.8
905551,2025,41,MATBAA,624
905552,2025,41,PRES,475.2
905553,2025,41,MONTAJ,347.8
905554,2025,27,KESIM,505.8
905555,2025,27,PRES,464.5
905556,2025,27,MONTAJ,204.1
905557,2026,16,KESIM,567.5
905558,2026,16,DIJITAL,420.4
905559,2026,16,PRES,315.5
905560,2026,16,MONTAJ,269.8
905561,2026,15,KESIM,370.5
905562,2026,16,DIJITAL,299.6
905563,2026,16,PRES,362.2
905564,2026,16,MONTAJ,176.3
905565,2025,43,KESIM,533.1
905566,2025,43,MATBAA,569
905567,2025,44,PRES,587.2
905568,2025,44,MONTAJ,606.8
905569,2026,26,KESIM,177.6
905570,2026,26,DIJITAL,608
905571,2026,26,PRES,606.6
905572,2026,26,MONTAJ,175.1
905573,2025,48,KESIM,172.1
905574,2025,48,MATBAA,172.5
905575,2025,48,MONTAJ,169.8
905576,2026,24,KESIM,173.4
905577,2026,24,PRES,483
905578,2026,25,MONTAJ,592.5
905579,2026,21,KESIM,421.4
905580,2026,21,MATBAA,176.5
905581,2026,22,MONTAJ,472.6
905582,2025,44,KESIM,238
905583,2025,44,MATBAA,212.3
905584,2025,44,PRES,211.5
905585,2025,45,MONTAJ,371.9
905586,2025,27,KESIM,287.6
905587,2025,27,MATBAA,374.8
905588,2025,27,MONTAJ,241.9
905589,2026,28,KESIM,611.1
905590,2026,28,MATBAA,314.9
905591,2026,28,PRES,210.2
905592,2026,28,MONTAJ,611.9
905593,2025,45,KESIM,608.1
905594,2025,45,PRES,529.9
905595,2025,45,MONTAJ,170.8
905596,2025,37,KESIM,493.4
905597,2025,37,PRES,502.3
905598,2025,38,MONTAJ,186
905599,2026,9,KESIM,156.7
905600,2026,9,DIJITAL,401.5
905601,2026,9,PRES,521.2
905602,2026,9,MONTAJ,172.1
905603,2025,29,KESIM,270.9
905604,2025,29,PRES,613.1
905605,2025,29,MONTAJ,633.8
905606,2025,28,KESIM,167.5
905607,2025,28,MATBAA,386.8
905608,2025,28,MONTAJ,488.6
905609,2026,17,KESIM,357.5
905610,2026,18,MATBAA,144.4
905611,2026,18,PRES,635.5
905612,2026,18,MONTAJ,277.3
905613,2026,27,KESIM,523.5
905614,2026,27,PRES,319
905615,2026,27,MONTAJ,458.7
905616,2025,26,KESIM,363.3
905617,2025,26,DIJITAL,268.9
905618,2025,26,PRES,624.4
905619,2025,26,MONTAJ,403
905620,2026,24,KESIM,304.6
905621,2026,24,DIJITAL,490.8
905622,2026,24,PRES,347.3
905623,2026,24,MONTAJ,621.2
905624,2025,45,KESIM,449.1
905625,2025,45,PRES,549.9
905626,2025,45,MONTAJ,301.9
905627,2026,12,KESIM,354.5
905628,2026,12,PRES,581
905629,2026,12,MONTAJ,263.2
905630,2026,9,KESIM,628
905631,2026,9,MATBAA,622.3
905632,2026,9,MONTAJ,364.4
905633,2025,28,KESIM,458.6
905634,2025,28,MATBAA,372.4
905635,2025,28,MONTAJ,397.3
905636,2025,30,KESIM,142.8
905637,2025,30,MATBAA,628.1
905638,2025,30,PRES,468.7
905639,2025,31,MONTAJ,498.9
905640,2025,28,KESIM,504.1
905641,2025,28,PRES,159.1
905642,2025,28,MONTAJ,342.7
905643,2026,8,KESIM,345.9
905644,2026,8,DIJITAL,609.7
905645,2026,8,PRES,301.1
905646,2026,8,MONTAJ,463.5
905650,2025,33,KESIM,377.2
905651,2025,34,PRES,556.9
905652,2025,34,MONTAJ,239.4
905653,2025,46,KESIM,229.7
905654,2025,47,MATBAA,246.2
905655,2025,47,PRES,582.9
905656,2025,47,MONTAJ,245.9
905657,2026,2,KESIM,616.2
905658,2026,3,MATBAA,468.8
905659,2026,3,PRES,190.5
905660,2026,3,MONTAJ,617.7
905661,2026,28,KESIM,569.9
905662,2026,28,DIJITAL,221.2
905663,2026,28,PRES,588.8
905664,2026,28,MONTAJ,543.1
905665,2025,30,KESIM,391.4
905666,2025,30,MATBAA,313
905667,2025,30,PRES,510.7
905668,2025,31,MONTAJ,338.2
905669,2026,8,KESIM,319.2
905670,2026,8,MATBAA,388.4
905671,2026,8,PRES,367
905672,2026,8,MONTAJ,416.1
905673,2026,12,KESIM,429.6
905674,2026,12,MATBAA,138.9
905675,2026,12,PRES,422.4
905676,2026,12,MONTAJ,138.2
905677,2026,8,KESIM,373.8
905678,2026,8,PRES,302.1
905679,2026,8,MONTAJ,356.1
905680,2026,16,KESIM,586.7
905681,2026,16,DIJITAL,361.5
905682,2026,17,PRES,367.6
905683,2026,17,MONTAJ,224.2
905684,2026,6,KESIM,543
905685,2026,6,DIJITAL,356.3
905686,2026,6,PRES,221.4
905687,2026,6,MONTAJ,361.5
905688,2026,7,KESIM,266.5
905689,2026,7,MATBAA,181.1
905690,2026,7,PRES,473.1
905691,2026,7,MONTAJ,142.9
905692,2025,28,KESIM,257.7
905693,2025,28,MATBAA,425.2
905694,2025,28,PRES,405.5
905695,2025,28,MONTAJ,620.1
905696,2026,10,KESIM,501
905697,2026,10,MATBAA,253.1
905698,2026,10,PRES,429.1
905699,2026,10,MONTAJ,354.9
905700,2025,52,KESIM,507.6
905701,2025,52,DIJITAL,323.5
905702,2025,52,PRES,302.9
905703,2025,1,MONTAJ,489.5
905704,2025,45,KESIM,174.5
905705,2025,45,PRES,639.7
905706,2025,45,MONTAJ,561.2
905707,2026,11,KESIM,208.5
905708,2026,11,MATBAA,539.6
905709,2026,11,MONTAJ,363.4
905710,2026,2,KESIM,163.2
905711,2026,2,DIJITAL,439
905712,2026,2,PRES,132.1
905713,2026,2,MONTAJ,160.3
905714,2025,45,KESIM,486.1
905715,2025,46,PRES,495.4
905716,2025,46,MONTAJ,274.1
905717,2025,44,KESIM,413.3
905718,2025,44,MATBAA,569.7
905719,2025,44,MONTAJ,379.8
905720,2025,41,KESIM,476
905721,2025,41,MATBAA,257.1
905722,2025,41,PRES,376.7
905723,2025,41,MONTAJ,587.4
905724,2026,29,KESIM,502.3
905725,2026,29,MATBAA,245.9
905726,2026,29,MONTAJ,495.5
905727,2025,45,KESIM,326.3
905728,2025,45,PRES,241.6
905729,2025,45,MONTAJ,287.8
905730,2025,49,KESIM,417.4
905731,2025,49,PRES,337.9
905732,2025,49,MONTAJ,598.5
905733,2026,9,KESIM,189.1
905734,2026,10,PRES,351.4
905735,2026,10,MONTAJ,626.5
905736,2026,30,KESIM,588.2
905737,2026,30,MATBAA,381.2
905738,2026,30,PRES,291.3
905739,2026,30,MONTAJ,574.7
905740,2025,29,KESIM,288.6
905741,2025,29,PRES,319.7
905742,2025,29,MONTAJ,222.5
905743,2026,12,KESIM,584.9
905744,2026,12,MATBAA,592.6
905745,2026,12,MONTAJ,372.7
905746,2026,3,KESIM,500.2
905747,2026,4,MATBAA,382.9
905748,2026,4,MONTAJ,552.3
905749,2026,28,KESIM,618.9
905750,2026,28,MATBAA,436.5
905751,2026,28,PRES,515.3
905752,2026,29,MONTAJ,276.3
905753,2026,12,KESIM,509
905754,2026,12,MATBAA,458.1
905755,2026,12,MONTAJ,551.1
905756,2025,44,KESIM,229
905757,2025,44,MATBAA,454.9
905758,2025,44,MONTAJ,217.7
905759,2026,21,KESIM,181.2
905760,2026,22,DIJITAL,446.6
905761,2026,22,PRES,389.1
905762,2026,22,MONTAJ,135.1
905763,2026,15,KESIM,124.4
905764,2026,15,DIJITAL,605.2
905765,2026,15,PRES,637.9
905766,2026,15,MONTAJ,270.1
905767,2025,32,KESIM,417.2
905768,2025,32,DIJITAL,298
905769,2025,33,PRES,482.4
905770,2025,33,MONTAJ,141.9
905771,2025,50,KESIM,131.4
905772,2025,50,MATBAA,254
905773,2025,50,PRES,432.6
905774,2025,50,MONTAJ,394.4
905775,2025,47,KESIM,120.8
905776,2025,47,MATBAA,241.5
905777,2025,47,PRES,579.3
905778,2025,47,MONTAJ,131.9
905779,2026,8,KESIM,228.4
905780,2026,8,PRES,343.5
905781,2026,8,MONTAJ,513.8
905782,2025,42,KESIM,475.2
905783,2025,42,MATBAA,363.3
905784,2025,42,MONTAJ,626.9
905785,2026,3,KESIM,484.6
905786,2026,3,PRES,585
905787,2026,3,MONTAJ,208.9
905788,2026,26,KESIM,356.9
905789,2026,27,MATBAA,122.6
905790,2026,27,PRES,622.2
905791,2026,27,MONTAJ,494.7
905792,2026,13,KESIM,511.2
905793,2026,13,DIJITAL,334.6
905794,2026,13,PRES,531.7
905795,2026,13,MONTAJ,163.8
905803,2025,30,KESIM,629.1
905804,2025,30,MATBAA,140.1
905805,2025,30,PRES,487.1
905806,2025,30,MONTAJ,177.4
905807,2026,19,KESIM,415.6
905808,2026,19,DIJITAL,384.7
905809,2026,19,PRES,125.3
905810,2026,19,MONTAJ,453.1
905811,2025,42,KESIM,169.4
905812,2025,42,DIJITAL,408.9
905813,2025,42,PRES,333.4
905814,2025,42,MONTAJ,451.1
905815,2026,8,KESIM,285.4
905816,2026,8,MATBAA,207.2
905817,2026,9,PRES,320.4
905818,2026,9,MONTAJ,518.4
905819,2025,39,KESIM,232.8
905820,2025,39,PRES,273.3
905821,2025,39,MONTAJ,252.1
905822,2026,30,KESIM,496.1
905823,2026,30,DIJITAL,175.5
905824,2026,30,PRES,584.3
905825,2026,30,MONTAJ,577.7
905826,2025,30,KESIM,529.9
905827,2025,30,MATBAA,158.9
905828,2025,30,MONTAJ,326.2
905829,2026,2,KESIM,306.1
905830,2026,2,MATBAA,236.5
905831,2026,2,PRES,235.2
905832,2026,2,MONTAJ,171.1
905836,2025,35,KESIM,131.6
905837,2025,35,MATBAA,532.4
905838,2025,35,MONTAJ,198.9
905839,2026,9,KESIM,319.2
905840,2026,9,DIJITAL,622.2
905841,2026,9,PRES,511.7
905842,2026,9,MONTAJ,581
905843,2026,10,KESIM,541.8
905844,2026,10,MATBAA,493.7
905845,2026,10,PRES,492
905846,2026,10,MONTAJ,278.6
905847,2026,19,KESIM,232.8
905848,2026,19,PRES,179.1
905849,2026,19,MONTAJ,558.5
905850,2026,23,KESIM,532.5
905851,2026,23,MATBAA,505
905852,2026,23,MONTAJ,357.2
905853,2025,31,KESIM,435.4
905854,2025,31,MATBAA,426.7
905855,2025,31,PRES,590.5
905856,2025,31,MONTAJ,265.5
905857,2025,29,KESIM,210.1
905858,2025,29,MATBAA,348.1
905859,2025,29,PRES,486.5
905860,2025,29,MONTAJ,261.3
905861,2025,37,KESIM,397.9
905862,2025,37,DIJITAL,360
905863,2025,37,PRES,508.1
905864,2025,37,MONTAJ,614.6
905865,2025,44,KESIM,515.5
905866,2025,44,MATBAA,340.6
905867,2025,44,PRES,172.5
905868,2025,44,MONTAJ,304.2
905869,2025,48,KESIM,415.3
905870,2025,48,MATBAA,258.5
905871,2025,48,MONTAJ,403.2
905872,2025,37,KESIM,371.3
905873,2025,37,DIJITAL,231.8
905874,2025,37,PRES,559.5
905875,2025,37,MONTAJ,127.5
905876,2026,19,KESIM,477.2
905877,2026,20,MATBAA,137.8
905878,2026,20,PRES,125.2
905879,2026,20,MONTAJ,510.5
905880,2026,17,KESIM,135.6
905881,2026,17,MATBAA,590.7
905882,2026,17,MONTAJ,598.8
905883,2026,6,KESIM,466.6
905884,2026,6,DIJITAL,356
905885,2026,6,PRES,469.2
905886,2026,6,MONTAJ,326.7
905887,2026,26,KESIM,361.4
905888,2026,26,MATBAA,258.1
905889,2026,27,PRES,188.1
905890,2026,27,MONTAJ,322.8
905891,2026,12,KESIM,509.1
905892,2026,12,DIJITAL,324.3
905893,2026,12,PRES,335.2
905894,2026,12,MONTAJ,439.4
905895,2026,15,KESIM,374.1
905896,2026,15,PRES,401.6
905897,2026,15,MONTAJ,527.1
905898,2026,31,KESIM,368.8
905899,2026,31,MATBAA,294.1
905900,2026,31,MONTAJ,401.6
905901,2025,1,KESIM,162.2
905902,2025,1,MATBAA,307.9
905903,2025,1,MONTAJ,362.8
905904,2026,22,KESIM,632.4
905905,2026,22,MATBAA,525.4
905906,2026,22,PRES,624.8
905907,2026,23,MONTAJ,498.5
905908,2026,21,KESIM,496.1
905909,2026,21,MATBAA,192.6
905910,2026,21,PRES,346.9
905911,2026,21,MONTAJ,459.7
905912,2025,30,KESIM,263.9
905913,2025,31,MATBAA,614.8
905914,2025,31,PRES,618.6
905915,2025,31,MONTAJ,580.4
905916,2026,6,KESIM,227.1
905917,2026,6,MATBAA,607.8
905918,2026,6,PRES,448.1
905919,2026,6,MONTAJ,463.1
905920,2026,23,KESIM,358.3
905921,2026,23,MATBAA,336.8
905922,2026,23,PRES,418.6
905923,2026,23,MONTAJ,575.1
905924,2026,16,KESIM,419.9
905925,2026,17,MATBAA,191.9
905926,2026,17,PRES,495.6
905927,2026,17,MONTAJ,140.7
905928,2025,27,KESIM,166.6
905929,2025,27,DIJITAL,557.3
905930,2025,27,PRES,567.9
905931,2025,28,MONTAJ,449.5
905932,2026,19,KESIM,272.9
905933,2026,19,DIJITAL,552.4
905934,2026,19,PRES,566.7
905935,2026,19,MONTAJ,361.6
905936,2025,46,KESIM,372.1
905937,2025,47,MATBAA,419.4
905938,2025,47,MONTAJ,633.8
905939,2026,25,KESIM,420.1
905940,2026,25,MATBAA,598.9
905941,2026,25,PRES,195.7
905942,2026,25,MONTAJ,316.1
905943,2026,9,KESIM,371.1
905944,2026,9,MATBAA,551.7
905945,2026,9,MONTAJ,444.8
905946,2026,28,KESIM,504.1
905947,2026,28,DIJITAL,224.8
905948,2026,28,PRES,390.5
905949,2026,28,MONTAJ,434.2
905950,2025,28,KESIM,613.8
905951,2025,28,DIJITAL,404.5
905952,2025,28,PRES,532.5
905953,2025,28,MONTAJ,215.9
905954,2026,2,KESIM,336.2
905955,2026,2,MATBAA,610.6
905956,2026,3,MONTAJ,159.3
905957,2025,26,KESIM,306.2
905958,2025,26,MATBAA,206.6
905959,2025,26,PRES,258.7
905960,2025,26,MONTAJ,309.7
905961,2025,40,KESIM,558
905962,2025,40,PRES,209.4
905963,2025,40,MONTAJ,405.2
905964,2025,28,KESIM,473.7
905965,2025,29,MATBAA,255.4
905966,2025,29,MONTAJ,440.8
905967,2025,26,KESIM,142.5
905968,2025,27,MATBAA,608.5
905969,2025,27,MONTAJ,354.4
905970,2025,31,KESIM,223.9
905971,2025,31,DIJITAL,420.3
905972,2025,31,PRES,455.3
905973,2025,31,MONTAJ,221.4
905974,2025,43,KESIM,354.3
905975,2025,43,PRES,136.6
905976,2025,43,MONTAJ,381.9
905977,2025,29,KESIM,274.6
905978,2025,29,MATBAA,238.7
905979,2025,29,MONTAJ,622.6
905980,2026,5,KESIM,452.5
905981,2026,5,MATBAA,244.1
905982,2026,5,PRES,522.4
905983,2026,5,MONTAJ,261.1
905984,2025,30,KESIM,189.4
905985,2025,30,PRES,208.4
905986,2025,30,MONTAJ,559.7
905987,2026,26,KESIM,131.4
905988,2026,26,MATBAA,241.8
905989,2026,26,MONTAJ,608.6
905990,2025,29,KESIM,179.1
905991,2025,29,DIJITAL,229.6
905992,2025,29,PRES,246.3
905993,2025,29,MONTAJ,599.7
905994,2026,20,KESIM,212.4
905995,2026,20,MATBAA,614.4
905996,2026,20,MONTAJ,562.9
906001,2025,27,KESIM,462.1
906002,2025,27,MATBAA,588.6
906003,2025,27,MONTAJ,476
906004,2026,25,KESIM,572.5
906005,2026,25,MATBAA,548.8
906006,2026,25,MONTAJ,196.4
906007,2025,28,KESIM,409.4
906008,2025,28,PRES,277
906009,2025,28,MONTAJ,267.4
906010,2026,14,KESIM,125
906011,2026,14,PRES,533.7
906012,2026,14,MONTAJ,166.4
906013,2025,37,KESIM,347.3
906014,2025,38,PRES,555.6
906015,2025,38,MONTAJ,136.2
906016,2025,51,KESIM,569.1
906017,2025,51,MATBAA,201.6
906018,2025,51,MONTAJ,407
906019,2026,15,KESIM,491.5
906020,2026,16,DIJITAL,132.9
906021,2026,16,PRES,252.1
906022,2026,16,MONTAJ,504.3
906023,2025,27,KESIM,379.1
906024,2025,27,DIJITAL,430.6
906025,2025,27,PRES,585.6
906026,2025,27,MONTAJ,622.3
906027,2025,52,KESIM,483.5
906028,2025,52,DIJITAL,275.4
906029,2025,52,PRES,142.3
906030,2025,1,MONTAJ,159.5
906031,2025,39,KESIM,180.2
906032,2025,39,DIJITAL,276.9
906033,2025,39,PRES,581.2
906034,2025,39,MONTAJ,152.1
906035,2026,10,KESIM,122
906036,2026,10,PRES,175.4
906037,2026,10,MONTAJ,416.1
906038,2025,50,KESIM,302
906039,2025,50,PRES,322.5
906040,2025,50,MONTAJ,398.2
906041,2025,49,KESIM,342
906042,2025,49,MATBAA,192.2
906043,2025,49,MONTAJ,205.5
906044,2025,29,KESIM,197.1
906045,2025,29,PRES,555.6
906046,2025,29,MONTAJ,440.2
906050,2026,10,KESIM,482.8
906051,2026,11,DIJITAL,620.4
906052,2026,11,PRES,219.6
906053,2026,11,MONTAJ,202.2
906054,2026,31,KESIM,305.6
906055,2026,31,PRES,386.3
906056,2026,31,MONTAJ,571.7
906057,2025,41,KESIM,229.6
906058,2025,41,MATBAA,185.2
906059,2025,41,MONTAJ,490.6
906060,2025,27,KESIM,339.6
906061,2025,27,PRES,260.5
906062,2025,27,MONTAJ,289.4
906063,2025,47,KESIM,395.2
906064,2025,47,MATBAA,476.5
906065,2025,47,PRES,283.8
906066,2025,47,MONTAJ,453
906067,2025,30,KESIM,625.7
906068,2025,31,PRES,229.9
906069,2025,31,MONTAJ,126
906070,2025,49,KESIM,188.1
906071,2025,49,PRES,144.8
906072,2025,49,MONTAJ,267.4
906073,2026,13,KESIM,281.9
906074,2026,13,MATBAA,451.7
906075,2026,13,MONTAJ,487.5
906076,2026,3,KESIM,227.4
906077,2026,3,PRES,128.7
906078,2026,3,MONTAJ,210.4
906079,2026,6,KESIM,279.7
906080,2026,6,MATBAA,367.8
906081,2026,6,MONTAJ,303.1
906086,2026,3,KESIM,161.5
906087,2026,3,DIJITAL,178.6
906088,2026,3,PRES,518.2
906089,2026,3,MONTAJ,411.7
906090,2025,40,KESIM,130
906091,2025,40,MATBAA,574.7
906092,2025,40,MONTAJ,579
906093,2026,20,KESIM,372.2
906094,2026,20,DIJITAL,463.8
906095,2026,20,PRES,319.7
906096,2026,20,MONTAJ,422
906097,2025,47,KESIM,345.8
906098,2025,48,DIJITAL,402.1
906099,2025,48,PRES,621.2
906100,2025,48,MONTAJ,450.1
906101,2026,29,KESIM,512.4
906102,2026,29,MATBAA,194.4
906103,2026,29,PRES,607
906104,2026,30,MONTAJ,178.1
906105,2026,30,KESIM,133.9
906106,2026,30,MATBAA,334.2
906107,2026,30,MONTAJ,307.9
906108,2026,21,KESIM,469.8
906109,2026,21,DIJITAL,260.2
906110,2026,21,PRES,281.3
906111,2026,22,MONTAJ,355.3
906112,2025,28,KESIM,322
906113,2025,28,MATBAA,495.4
906114,2025,28,PRES,570
906115,2025,28,MONTAJ,221.2
906116,2026,24,KESIM,598.6
906117,2026,24,DIJITAL,327.8
906118,2026,24,PRES,175.6
906119,2026,24,MONTAJ,532.9
906123,2026,13,KESIM,468.7
906124,2026,13,DIJITAL,523
906125,2026,13,PRES,624.4
906126,2026,14,MONTAJ,499
906127,2026,20,KESIM,454.6
906128,2026,20,MATBAA,611.9
906129,2026,20,MONTAJ,453.6
906130,2025,1,KESIM,487.7
906131,2025,1,PRES,578.2
906132,2025,1,MONTAJ,362.7
906133,2026,16,KESIM,491.3
906134,2026,16,MATBAA,208.1
906135,2026,16,PRES,334.1
906136,2026,16,MONTAJ,135.7
906137,2026,7,KESIM,583.2
906138,2026,8,MATBAA,358.4
906139,2026,8,PRES,307.5
906140,2026,8,MONTAJ,317.3
906145,2026,21,KESIM,603.9
906146,2026,21,MATBAA,527.7
906147,2026,22,MONTAJ,401.9
906148,2025,41,KESIM,543.8
906149,2025,41,DIJITAL,315.1
906150,2025,41,PRES,601.6
906151,2025,41,MONTAJ,241.8
906152,2026,17,KESIM,247.7
906153,2026,17,MATBAA,386.3
906154,2026,17,PRES,375.7
906155,2026,17,MONTAJ,195.5
906156,2026,6,KESIM,536.7
906157,2026,7,DIJITAL,298.2
906158,2026,7,PRES,524.4
906159,2026,7,MONTAJ,379.4
906160,2026,24,KESIM,478.8
906161,2026,24,MATBAA,169.9
906162,2026,24,PRES,221.4
906163,2026,24,MONTAJ,354.8
906164,2025,36,KESIM,595.5
906165,2025,36,MATBAA,452.8
906166,2025,36,MONTAJ,307.3
906167,2026,5,KESIM,129.3
906168,2026,6,MATBAA,283.1
906169,2026,6,PRES,539
906170,2026,6,MONTAJ,322.3
906171,2025,50,KESIM,367.8
906172,2025,50,MATBAA,570.7
906173,2025,50,PRES,421.6
906174,2025,50,MONTAJ,417
906175,2025,42,KESIM,156
906176,2025,43,MATBAA,352.5
906177,2025,43,MONTAJ,238.6
906182,2025,27,KESIM,316.3
906183,2025,27,MATBAA,633.2
906184,2025,28,MONTAJ,376.1
906185,2025,39,KESIM,195.9
906186,2025,39,DIJITAL,473.6
906187,2025,39,PRES,468.1
906188,2025,40,MONTAJ,495.7
906189,2025,51,KESIM,155.5
906190,2025,51,DIJITAL,550.7
906191,2025,52,PRES,227.3
906192,2025,52,MONTAJ,396.9
906193,2026,30,KESIM,245.4
906194,2026,31,DIJITAL,524.6
906195,2026,31,PRES,250.7
906196,2026,31,MONTAJ,595.8
906197,2026,28,KESIM,509.3
906198,2026,28,DIJITAL,443.1
906199,2026,28,PRES,397.7
906200,2026,28,MONTAJ,132.9
906201,2026,26,KESIM,285.4
906202,2026,26,MATBAA,266.1
906203,2026,26,MONTAJ,493.8
906204,2026,15,KESIM,316.7
906205,2026,15,DIJITAL,133
906206,2026,15,PRES,481.6
906207,2026,15,MONTAJ,628.7
906208,2026,20,KESIM,173.6
906209,2026,20,MATBAA,143.9
906210,2026,20,MONTAJ,597.9
906211,2025,37,KESIM,447
906212,2025,37,DIJITAL,455.3
906213,2025,37,PRES,415.7
906214,2025,37,MONTAJ,130.5
906215,2025,42,KESIM,472.1
906216,2025,42,DIJITAL,480.6
906217,2025,42,PRES,125.5
906218,2025,42,MONTAJ,174.4
906219,2025,42,KESIM,306.2
906220,2025,42,MATBAA,526.7
906221,2025,42,MONTAJ,416.1
906222,2026,22,KESIM,631.3
906223,2026,22,PRES,294.9
906224,2026,22,MONTAJ,612.4
906225,2026,8,KESIM,447.3
906226,2026,8,PRES,207.6
906227,2026,8,MONTAJ,457.8
906228,2025,29,KESIM,589.2
906229,2025,29,MATBAA,547
906230,2025,29,MONTAJ,189.9
906231,2025,31,KESIM,413
906232,2025,31,PRES,583.6
906233,2025,32,MONTAJ,175.6
906234,2025,29,KESIM,409
906235,2025,29,DIJITAL,321.7
906236,2025,29,PRES,147.8
906237,2025,29,MONTAJ,389.2
906238,2025,26,KESIM,449.6
906239,2025,26,MATBAA,207.4
906240,2025,26,MONTAJ,497.8
906241,2025,28,KESIM,474.1
906242,2025,29,DIJITAL,576.5
906243,2025,29,PRES,144.9
906244,2025,29,MONTAJ,445.2
906248,2025,31,KESIM,439.4
906249,2025,31,MATBAA,561.3
906250,2025,31,MONTAJ,633.4
906251,2026,27,KESIM,270
906252,2026,27,DIJITAL,341.4
906253,2026,27,PRES,463.9
906254,2026,27,MONTAJ,536
906255,2025,46,KESIM,589.3
906256,2025,47,MATBAA,140.8
906257,2025,47,MONTAJ,252.3
906258,2026,26,KESIM,484.1
906259,2026,26,MATBAA,402.4
906260,2026,26,MONTAJ,127
906261,2025,37,KESIM,415.4
906262,2025,38,PRES,518.4
906263,2025,38,MONTAJ,121.4
906264,2026,3,KESIM,155.7
906265,2026,3,MATBAA,428.6
906266,2026,3,PRES,274.3
906267,2026,3,MONTAJ,500.7
906268,2025,43,KESIM,314.6
906269,2025,43,MATBAA,411.1
906270,2025,43,MONTAJ,499.2
906271,2025,31,KESIM,627.1
906272,2025,32,MATBAA,400.9
906273,2025,32,MONTAJ,624.3
906274,2025,39,KESIM,582.7
906275,2025,39,MATBAA,303.1
906276,2025,39,MONTAJ,354.5
906277,2025,48,KESIM,278.5
906278,2025,48,PRES,311.6
906279,2025,48,MONTAJ,333.6
906280,2025,51,KESIM,342.4
906281,2025,51,DIJITAL,369
906282,2025,51,PRES,303.2
906283,2025,52,MONTAJ,525.9
906284,2026,19,KESIM,298.2
906285,2026,19,PRES,496.2
906286,2026,20,MONTAJ,492.3
906287,2025,33,KESIM,571
906288,2025,33,PRES,585.6
906289,2025,33,MONTAJ,576.6
906290,2026,23,KESIM,313.5
906291,2026,23,MATBAA,494.5
906292,2026,23,PRES,232.6
906293,2026,23,MONTAJ,603.1
906294,2026,27,KESIM,212.8
906295,2026,27,DIJITAL,597.3
906296,2026,28,PRES,127.9
906297,2026,28,MONTAJ,461.9
906298,2026,22,KESIM,541.4
906299,2026,22,DIJITAL,334.1
906300,2026,22,PRES,612.2
906301,2026,22,MONTAJ,414.8
906302,2026,2,KESIM,560.9
906303,2026,2,MATBAA,405.8
906304,2026,3,MONTAJ,318.2
906305,2025,41,KESIM,479.4
906306,2025,41,MATBAA,315.1
906307,2025,41,MONTAJ,182.4
906308,2025,26,KESIM,431.9
906309,2025,26,DIJITAL,371.9
906310,2025,26,PRES,638.6
906311,2025,26,MONTAJ,427.7
906312,2026,18,KESIM,504.1
906313,2026,18,MATBAA,404
906314,2026,18,PRES,337.9
906315,2026,18,MONTAJ,217.7
906316,2025,27,KESIM,384.6
906317,2025,27,MATBAA,609.4
906318,2025,27,PRES,370.5
906319,2025,27,MONTAJ,511.7
906320,2025,39,KESIM,195.1
906321,2025,40,PRES,382
906322,2025,40,MONTAJ,149.3
906323,2025,29,KESIM,146.7
906324,2025,29,DIJITAL,236.7
906325,2025,29,PRES,155.3
906326,2025,29,MONTAJ,225.8
906327,2025,37,KESIM,494.5
906328,2025,37,MATBAA,232.4
906329,2025,37,MONTAJ,204.9
906330,2025,30,KESIM,452.6
906331,2025,30,MATBAA,240.9
906332,2025,30,PRES,445.4
906333,2025,31,MONTAJ,375.4
906334,2025,26,KESIM,589
906335,2025,26,MATBAA,418.6
906336,2025,26,MONTAJ,204.2
906341,2025,26,KESIM,315
906342,2025,26,DIJITAL,256.8
906343,2025,26,PRES,556.5
906344,2025,27,MONTAJ,156.9
906345,2025,41,KESIM,167.9
906346,2025,41,MATBAA,490.9
906347,2025,42,PRES,481.8
906348,2025,42,MONTAJ,593.2
906349,2025,29,KESIM,311.9
906350,2025,29,PRES,493.2
906351,2025,29,MONTAJ,576.7
906352,2025,31,KESIM,464.1
906353,2025,31,PRES,632.8
906354,2025,31,MONTAJ,266.1
906355,2025,52,KESIM,412.9
906356,2025,52,MATBAA,305.5
906357,2025,52,PRES,563.9
906358,2025,52,MONTAJ,634.2
906359,2025,34,KESIM,544.7
906360,2025,34,MATBAA,198.7
906361,2025,34,PRES,259.3
906362,2025,34,MONTAJ,217.2
906363,2025,27,KESIM,239.9
906364,2025,27,DIJITAL,629.9
906365,2025,28,PRES,130.8
906366,2025,28,MONTAJ,506.8
906367,2026,25,KESIM,467.1
906368,2026,26,MATBAA,632.8
906369,2026,26,PRES,574.7
906370,2026,26,MONTAJ,423.4
906371,2025,30,KESIM,137
906372,2025,31,MATBAA,242
906373,2025,31,PRES,128.4
906374,2025,31,MONTAJ,544.7
906375,2026,30,KESIM,543.8
906376,2026,30,MATBAA,615.9
906377,2026,30,MONTAJ,227.8
906378,2026,23,KESIM,256.1
906379,2026,23,MATBAA,206
906380,2026,23,PRES,453.8
906381,2026,23,MONTAJ,345.4
906382,2025,29,KESIM,189.8
906383,2025,29,PRES,156.1
906384,2025,30,MONTAJ,637.2
906385,2025,48,KESIM,638.1
906386,2025,49,MATBAA,323.5
906387,2025,49,PRES,251
906388,2025,49,MONTAJ,498.4
906389,2026,6,KESIM,427
906390,2026,6,MATBAA,322
906391,2026,6,PRES,301.6
906392,2026,6,MONTAJ,406.3
906393,2025,44,KESIM,353.3
906394,2025,44,MATBAA,153.6
906395,2025,44,PRES,164.9
906396,2025,44,MONTAJ,636.3
906397,2025,27,KESIM,559.6
906398,2025,27,MATBAA,387.8
906399,2025,27,PRES,326.9
906400,2025,28,MONTAJ,622.5
906401,2025,26,KESIM,216.9
906402,2025,26,PRES,623
906403,2025,26,MONTAJ,258.9
906404,2026,22,KESIM,461.2
906405,2026,22,DIJITAL,504.3
906406,2026,22,PRES,546.8
906407,2026,22,MONTAJ,126
906408,2026,14,KESIM,638.3
906409,2026,14,DIJITAL,584.1
906410,2026,14,PRES,326.9
906411,2026,15,MONTAJ,521.5
906412,2025,52,KESIM,140.4
906413,2025,52,MATBAA,303.7
906414,2025,1,MONTAJ,181.5
906415,2025,29,KESIM,498.2
906416,2025,29,MATBAA,573
906417,2025,29,PRES,401
906418,2025,29,MONTAJ,529.8
906422,2026,23,KESIM,440.9
906423,2026,23,MATBAA,313
906424,2026,23,MONTAJ,260.2
906425,2026,7,KESIM,526.2
906426,2026,7,DIJITAL,587.9
906427,2026,7,PRES,529
906428,2026,7,MONTAJ,592.7
906429,2026,24,KESIM,234.5
906430,2026,24,DIJITAL,554.7
906431,2026,24,PRES,551.1
906432,2026,24,MONTAJ,385.3
906433,2026,18,KESIM,524.4
906434,2026,19,MATBAA,608.6
906435,2026,19,MONTAJ,171.2
906436,2026,24,KESIM,505.2
906437,2026,24,PRES,348.7
906438,2026,24,MONTAJ,329.1
906439,2025,43,KESIM,381.3
906440,2025,43,MATBAA,621.7
906441,2025,43,PRES,215.3
906442,2025,43,MONTAJ,462
906443,2025,43,KESIM,224.3
906444,2025,43,PRES,289.2
906445,2025,44,MONTAJ,423.4
906446,2026,1,KESIM,473.8
906447,2026,1,DIJITAL,239.3
906448,2026,1,PRES,509.9
906449,2026,2,MONTAJ,567.2
906450,2026,30,KESIM,514.3
906451,2026,30,PRES,170.4
906452,2026,30,MONTAJ,448.7
906453,2025,29,KESIM,317.9
906454,2025,29,PRES,150.4
906455,2025,29,MONTAJ,252.8
906456,2025,51,KESIM,367.8
906457,2025,51,DIJITAL,508.8
906458,2025,51,PRES,179.5
906459,2025,52,MONTAJ,366
906460,2025,45,KESIM,587.6
906461,2025,45,PRES,299.9
906462,2025,45,MONTAJ,553.4
906467,2026,6,KESIM,357.1
906468,2026,6,PRES,354.5
906469,2026,6,MONTAJ,582.4
906470,2026,3,KESIM,311.1
906471,2026,3,DIJITAL,177.5
906472,2026,4,PRES,185.5
906473,2026,4,MONTAJ,516.8
906474,2026,26,KESIM,196.1
906475,2026,26,MATBAA,314
906476,2026,26,MONTAJ,500.9
906477,2026,11,KESIM,612.2
906478,2026,11,MATBAA,193.5
906479,2026,11,MONTAJ,212.8
906480,2026,22,KESIM,371.3
906481,2026,22,DIJITAL,626.6
906482,2026,23,PRES,596.9
906483,2026,23,MONTAJ,540
906484,2025,32,KESIM,625
906485,2025,32,PRES,557.3
906486,2025,32,MONTAJ,532.5
906487,2025,40,KESIM,583.2
906488,2025,40,MATBAA,438.9
906489,2025,40,PRES,256.7
906490,2025,40,MONTAJ,514.9
906491,2026,10,KESIM,136.5
906492,2026,10,DIJITAL,281.3
906493,2026,11,PRES,485.7
906494,2026,11,MONTAJ,427.7
906495,2025,31,KESIM,335.9
906496,2025,31,MATBAA,378.6
906497,2025,31,PRES,375.1
906498,2025,31,MONTAJ,299.8
906499,2025,27,KESIM,184.9
906500,2025,27,DIJITAL,488
906501,2025,27,PRES,222.5
906502,2025,28,MONTAJ,463.2
906503,2025,34,KESIM,292.9
906504,2025,34,MATBAA,268.1
906505,2025,34,MONTAJ,172.8
906506,2025,29,KESIM,233.7
906507,2025,29,DIJITAL,594.8
906508,2025,29,PRES,581.9
906509,2025,29,MONTAJ,165.8
906510,2026,19,KESIM,298.7
906511,2026,19,DIJITAL,439.9
906512,2026,19,PRES,437.7
906513,2026,20,MONTAJ,291.8
906514,2026,27,KESIM,332.2
906515,2026,27,MATBAA,328.5
906516,2026,27,MONTAJ,415.8
906520,2026,12,KESIM,463.6
906521,2026,13,PRES,131.9
906522,2026,13,MONTAJ,121.5
906527,2026,8,KESIM,144.8
906528,2026,8,DIJITAL,589.2
906529,2026,9,PRES,471.4
906530,2026,9,MONTAJ,216.7
906531,2025,26,KESIM,590.6
906532,2025,26,DIJITAL,250.6
906533,2025,26,PRES,482.7
906534,2025,26,MONTAJ,294.9
906535,2025,26,KESIM,429.6
906536,2025,26,PRES,325.9
906537,2025,26,MONTAJ,285
906538,2026,9,KESIM,438.1
906539,2026,9,MATBAA,604.9
906540,2026,9,MONTAJ,201.3
906541,2026,4,KESIM,434.4
906542,2026,4,MATBAA,433.1
906543,2026,4,MONTAJ,209.3
906544,2026,30,KESIM,580.7
906545,2026,30,DIJITAL,417.8
906546,2026,30,PRES,445.3
906547,2026,31,MONTAJ,174
906548,2026,6,KESIM,398.4
906549,2026,6,PRES,571.7
906550,2026,6,MONTAJ,301
906551,2026,12,KESIM,157.4
906552,2026,12,PRES,396.9
906553,2026,12,MONTAJ,459.9
906554,2025,47,KESIM,437.9
906555,2025,47,DIJITAL,278.6
906556,2025,47,PRES,603.3
906557,2025,47,MONTAJ,332.4
906558,2026,29,KESIM,582.6
906559,2026,29,MATBAA,619.3
906560,2026,29,MONTAJ,270.6
906561,2026,12,KESIM,573.5
906562,2026,13,MATBAA,439.6
906563,2026,13,PRES,595.7
906564,2026,13,MONTAJ,256.7
906565,2026,2,KESIM,489.7
906566,2026,2,DIJITAL,633.7
906567,2026,2,PRES,136.1
906568,2026,2,MONTAJ,203.8
906569,2025,48,KESIM,606.9
906570,2025,48,DIJITAL,600.9
906571,2025,48,PRES,451.7
906572,2025,48,MONTAJ,335.8
906573,2025,51,KESIM,405.4
906574,2025,51,MATBAA,402.1
906575,2025,51,PRES,211.5
906576,2025,51,MONTAJ,569.5
906577,2026,29,KESIM,276.7
906578,2026,29,MATBAA,370.3
906579,2026,30,PRES,578.6
906580,2026,30,MONTAJ,296.9
906581,2025,26,KESIM,578.2
906582,2025,26,MATBAA,206.9
906583,2025,26,MONTAJ,436.1
906584,2026,25,KESIM,213.1
906585,2026,25,MATBAA,451.6
906586,2026,25,MONTAJ,257.7
906587,2026,28,KESIM,581.7
906588,2026,29,MATBAA,142.4
906589,2026,29,MONTAJ,157.8
906590,2026,17,KESIM,214.6
906591,2026,18,DIJITAL,515.7
906592,2026,18,PRES,172.6
906593,2026,18,MONTAJ,387.2
906594,2025,38,KESIM,398.9
906595,2025,39,MATBAA,373
906596,2025,39,PRES,225.3
906597,2025,39,MONTAJ,359.5
906598,2025,26,KESIM,378
906599,2025,27,MATBAA,482.9
906600,2025,27,PRES,350
906601,2025,27,MONTAJ,631.4
906602,2026,20,KESIM,610.4
906603,2026,20,DIJITAL,379.7
906604,2026,20,PRES,639.8
906605,2026,21,MONTAJ,562.1
906606,2026,12,KESIM,261.1
906607,2026,12,PRES,360.6
906608,2026,12,MONTAJ,530.6
906609,2026,23,KESIM,206
906610,2026,23,DIJITAL,308
906611,2026,23,PRES,527.8
906612,2026,23,MONTAJ,590.7
906613,2025,52,KESIM,207
906614,2025,52,PRES,429
906615,2025,52,MONTAJ,322.6
906616,2025,40,KESIM,335.4
906617,2025,41,MATBAA,615.2
906618,2025,41,MONTAJ,136.9
906619,2025,31,KESIM,209.6
906620,2025,31,DIJITAL,144.7
906621,2025,31,PRES,295.5
906622,2025,31,MONTAJ,515.9
906623,2026,16,KESIM,125.3
906624,2026,16,MATBAA,142
906625,2026,16,PRES,331.2
906626,2026,16,MONTAJ,526.2
906627,2026,13,KESIM,354.3
906628,2026,13,MATBAA,206.1
906629,2026,13,MONTAJ,196.8
906630,2025,28,KESIM,172.2
906631,2025,28,DIJITAL,215.7
906632,2025,28,PRES,439.1
906633,2025,28,MONTAJ,180.1
906634,2026,21,KESIM,270.3
906635,2026,22,MATBAA,561.4
906636,2026,22,PRES,386.8
906637,2026,22,MONTAJ,312.6
906638,2026,19,KESIM,545.3
906639,2026,19,MATBAA,614.2
906640,2026,19,PRES,619.8
906641,2026,19,MONTAJ,490.4
906642,2025,39,KESIM,312
906643,2025,39,PRES,475.8
906644,2025,39,MONTAJ,526.9
906645,2025,29,KESIM,507.9
906646,2025,29,PRES,282.8
906647,2025,29,MONTAJ,632.3
906648,2026,7,KESIM,353.8
906649,2026,7,MATBAA,502.4
906650,2026,7,PRES,244.6
906651,2026,7,MONTAJ,552.7
906652,2026,12,KESIM,236.9
906653,2026,13,MATBAA,163.8
906654,2026,13,MONTAJ,488.3
906655,2025,52,KESIM,458.6
906656,2025,52,MATBAA,395.6
906657,2025,52,MONTAJ,131.6
906658,2026,6,KESIM,455.4
906659,2026,6,PRES,627.4
906660,2026,6,MONTAJ,526.9
906661,2026,14,KESIM,613
906662,2026,14,PRES,282.7
906663,2026,15,MONTAJ,357.7
906664,2025,50,KESIM,363.6
906665,2025,50,PRES,467.8
906666,2025,50,MONTAJ,457
906667,2026,12,KESIM,506.2
906668,2026,12,MATBAA,506.1
906669,2026,12,PRES,287.8
906670,2026,12,MONTAJ,188.5
906671,2026,28,KESIM,262.8
906672,2026,28,DIJITAL,324.2
906673,2026,28,PRES,239.8
906674,2026,28,MONTAJ,277
906675,2025,26,KESIM,517.7
906676,2025,27,DIJITAL,537.1
906677,2025,27,PRES,268
906678,2025,27,MONTAJ,276
906679,2025,49,KESIM,301.7
906680,2025,49,PRES,326.4
906681,2025,50,MONTAJ,539.2
906682,2025,29,KESIM,253
906683,2025,29,DIJITAL,538.1
906684,2025,30,PRES,238.2
906685,2025,30,MONTAJ,512.5
906686,2025,28,KESIM,521.5
906687,2025,28,PRES,591
906688,2025,28,MONTAJ,360.8
906689,2026,21,KESIM,498.1
906690,2026,22,MATBAA,226.1
906691,2026,22,MONTAJ,468.1
906692,2026,6,KESIM,185.4
906693,2026,6,PRES,556.9
906694,2026,7,MONTAJ,567.8
906695,2026,20,KESIM,537
906696,2026,20,MATBAA,254.5
906697,2026,20,PRES,201.8
906698,2026,20,MONTAJ,279.5
906699,2025,42,KESIM,446.3
906700,2025,42,MATBAA,372.7
906701,2025,43,PRES,251.8
906702,2025,43,MONTAJ,202.4
906703,2026,9,KESIM,222.5
906704,2026,9,DIJITAL,229.9
906705,2026,9,PRES,586.3
906706,2026,9,MONTAJ,612.2
906707,2025,44,KESIM,561.9
906708,2025,44,MATBAA,520.1
906709,2025,44,MONTAJ,395.7
906710,2025,49,KESIM,254.7
906711,2025,49,MATBAA,556.9
906712,2025,49,PRES,202.7
906713,2025,49,MONTAJ,378.2
906714,2026,29,KESIM,383.9
906715,2026,29,MATBAA,134
906716,2026,29,MONTAJ,148.8
906717,2026,6,KESIM,430.8
906718,2026,6,PRES,480.1
906719,2026,6,MONTAJ,604.1
906720,2026,15,KESIM,543.2
906721,2026,15,MATBAA,598.8
906722,2026,15,PRES,525.1
906723,2026,15,MONTAJ,313.4
906724,2025,28,KESIM,508.4
906725,2025,28,DIJITAL,448
906726,2025,28,PRES,518.6
906727,2025,29,MONTAJ,144.1
906728,2025,40,KESIM,534.4
906729,2025,40,PRES,497
906730,2025,40,MONTAJ,189.1
906731,2025,28,KESIM,333.7
906732,2025,28,PRES,494.4
906733,2025,28,MONTAJ,624.5
906734,2026,31,KESIM,596
906735,2026,31,MATBAA,316.1
906736,2026,31,MONTAJ,165.6
906737,2026,8,KESIM,394.5
906738,2026,9,DIJITAL,185.3
906739,2026,9,PRES,453.9
906740,2026,9,MONTAJ,399.1
906741,2025,26,KESIM,225.7
906742,2025,26,MATBAA,125.5
906743,2025,27,PRES,232.1
906744,2025,27,MONTAJ,184.9
906745,2025,50,KESIM,332
906746,2025,50,MATBAA,255.6
906747,2025,51,PRES,315.2
906748,2025,51,MONTAJ,480.7
906749,2026,20,KESIM,452.8
906750,2026,20,DIJITAL,588
906751,2026,20,PRES,132.6
906752,2026,21,MONTAJ,522.4
906753,2025,45,KESIM,199.8
906754,2025,45,PRES,561.7
906755,2025,45,MONTAJ,299
906756,2026,23,KESIM,524.1
906757,2026,23,MATBAA,174.4
906758,2026,23,PRES,420.7
906759,2026,23,MONTAJ,359.7
906760,2026,3,KESIM,278.2
906761,2026,3,MATBAA,615.1
906762,2026,3,PRES,531.9
906763,2026,3,MONTAJ,572.7
906764,2025,51,KESIM,162.4
906765,2025,51,MATBAA,491.4
906766,2025,51,MONTAJ,361.1
906771,2026,28,KESIM,526.5
906772,2026,28,DIJITAL,170.3
906773,2026,28,PRES,608
906774,2026,28,MONTAJ,622.2
906775,2025,33,KESIM,395.2
906776,2025,33,MATBAA,469.2
906777,2025,33,PRES,439.2
906778,2025,33,MONTAJ,266.8
906779,2026,20,KESIM,215.2
906780,2026,20,DIJITAL,634
906781,2026,20,PRES,229
906782,2026,20,MONTAJ,566
906783,2026,5,KESIM,355.6
906784,2026,5,PRES,275.5
906785,2026,5,MONTAJ,218.5
906786,2026,28,KESIM,616.9
906787,2026,28,DIJITAL,530.7
906788,2026,28,PRES,510.2
906789,2026,29,MONTAJ,445
906790,2025,39,KESIM,289.4
906791,2025,39,MATBAA,263
906792,2025,39,PRES,323.3
906793,2025,39,MONTAJ,383.7
906794,2026,24,KESIM,275.7
906795,2026,25,PRES,309.2
906796,2026,25,MONTAJ,480.1
906797,2025,36,KESIM,195.2
906798,2025,36,MATBAA,165.3
906799,2025,37,MONTAJ,320.5
906800,2026,2,KESIM,368.4
906801,2026,3,PRES,343.8
906802,2026,3,MONTAJ,519.4
906803,2025,26,KESIM,163.3
906804,2025,26,DIJITAL,283.2
906805,2025,26,PRES,539.3
906806,2025,26,MONTAJ,238.2
906807,2025,52,KESIM,411.4
906808,2025,52,MATBAA,360.3
906809,2025,1,MONTAJ,247.1
906810,2025,30,KESIM,126.9
906811,2025,30,PRES,549.2
906812,2025,30,MONTAJ,578.6
906813,2026,25,KESIM,303
906814,2026,25,DIJITAL,294.9
906815,2026,25,PRES,446.3
906816,2026,25,MONTAJ,550.6
906817,2026,2,KESIM,382.6
906818,2026,2,MATBAA,145.5
906819,2026,3,PRES,172.8
906820,2026,3,MONTAJ,251
906821,2025,28,KESIM,251.5
906822,2025,28,PRES,330.3
906823,2025,28,MONTAJ,331.3
906824,2025,32,KESIM,503.4
906825,2025,32,PRES,248.1
906826,2025,32,MONTAJ,532.5
906827,2026,3,KESIM,510.8
906828,2026,3,MATBAA,257.6
906829,2026,3,MONTAJ,549.6
906830,2026,27,KESIM,543.3
906831,2026,27,MATBAA,289.9
906832,2026,27,MONTAJ,205
906833,2025,36,KESIM,277.3
906834,2025,36,PRES,529
906835,2025,36,MONTAJ,397
906836,2026,9,KESIM,296.5
906837,2026,9,DIJITAL,261.3
906838,2026,9,PRES,386.5
906839,2026,9,MONTAJ,379.6
906840,2025,29,KESIM,476.5
906841,2025,29,DIJITAL,518.2
906842,2025,29,PRES,411.5
906843,2025,30,MONTAJ,161.7
906844,2026,23,KESIM,256.4
906845,2026,23,PRES,298.4
906846,2026,23,MONTAJ,619.2
906850,2025,39,KESIM,551
906851,2025,39,MATBAA,122.8
906852,2025,39,MONTAJ,260.1
906853,2025,50,KESIM,316.2
906854,2025,50,DIJITAL,324.7
906855,2025,50,PRES,587.5
906856,2025,50,MONTAJ,313.3
906857,2026,24,KESIM,320.6
906858,2026,24,PRES,386.9
906859,2026,24,MONTAJ,157.2
906860,2026,30,KESIM,564.2
906861,2026,30,MATBAA,341.2
906862,2026,30,MONTAJ,368.7
906863,2025,44,KESIM,549.9
906864,2025,44,DIJITAL,636.2
906865,2025,44,PRES,596.6
906866,2025,44,MONTAJ,188.3
906867,2026,16,KESIM,407.9
906868,2026,16,MATBAA,400
906869,2026,16,MONTAJ,415.9
906870,2026,8,KESIM,529.9
906871,2026,8,PRES,138.9
906872,2026,8,MONTAJ,473.5
906873,2025,45,KESIM,289.4
906874,2025,45,DIJITAL,601.8
906875,2025,45,PRES,628.3
906876,2025,45,MONTAJ,500.3
906877,2025,28,KESIM,120.4
906878,2025,28,MATBAA,412.1
906879,2025,28,PRES,338.5
906880,2025,28,MONTAJ,150.8
906881,2025,29,KESIM,400.8
906882,2025,29,MATBAA,411.6
906883,2025,30,MONTAJ,201.8
906884,2025,33,KESIM,302.1
906885,2025,33,PRES,163
906886,2025,33,MONTAJ,154.3
906887,2026,19,KESIM,251.5
906888,2026,19,DIJITAL,436.3
906889,2026,19,PRES,485.4
906890,2026,20,MONTAJ,242.9
906891,2025,45,KESIM,244.8
906892,2025,45,PRES,284
906893,2025,45,MONTAJ,455.6
906894,2026,21,KESIM,495.8
906895,2026,21,PRES,202.2
906896,2026,21,MONTAJ,381.3
906897,2026,8,KESIM,140.2
906898,2026,8,MATBAA,384.7
906899,2026,8,PRES,555.4
906900,2026,8,MONTAJ,333.9
906901,2025,31,KESIM,350.7
906902,2025,31,MATBAA,552.5
906903,2025,32,PRES,603.5
906904,2025,32,MONTAJ,513.2
906905,2026,19,KESIM,246.5
906906,2026,19,MATBAA,380
906907,2026,19,MONTAJ,214.1
906908,2026,21,KESIM,368.4
906909,2026,21,MATBAA,271.6
906910,2026,21,MONTAJ,472.9
906911,2026,3,KESIM,295.4
906912,2026,4,DIJITAL,250.1
906913,2026,4,PRES,199.3
906914,2026,4,MONTAJ,494.6
906915,2026,23,KESIM,287.4
906916,2026,23,MATBAA,569.2
906917,2026,23,PRES,500.4
906918,2026,23,MONTAJ,125
906919,2026,28,KESIM,547.8
906920,2026,28,DIJITAL,616
906921,2026,28,PRES,226.6
906922,2026,28,MONTAJ,450.4
906926,2026,3,KESIM,309.8
906927,2026,3,PRES,588.4
906928,2026,4,MONTAJ,629.3
906929,2025,35,KESIM,572.5
906930,2025,36,DIJITAL,449.5
906931,2025,36,PRES,141.5
906932,2025,36,MONTAJ,580.9
906933,2025,30,KESIM,507.7
906934,2025,30,PRES,331
906935,2025,30,MONTAJ,259.8
906940,2025,32,KESIM,548.9
906941,2025,32,MATBAA,233.6
906942,2025,32,PRES,318.4
906943,2025,32,MONTAJ,573.3
906944,2026,27,KESIM,235.9
906945,2026,27,PRES,508.3
906946,2026,27,MONTAJ,562.7
906947,2026,26,KESIM,327
906948,2026,26,MATBAA,170.7
906949,2026,26,MONTAJ,522.8
906950,2025,49,KESIM,390.9
906951,2025,49,PRES,398.9
906952,2025,49,MONTAJ,504.9
906953,2025,30,KESIM,360.3
906954,2025,30,MATBAA,493.6
906955,2025,30,MONTAJ,540.5
906956,2026,16,KESIM,553.8
906957,2026,16,MATBAA,297.2
906958,2026,16,PRES,600.9
906959,2026,16,MONTAJ,191.8
906960,2025,27,KESIM,287.1
906961,2025,27,DIJITAL,384.6
906962,2025,27,PRES,346.5
906963,2025,27,MONTAJ,502.8
906964,2026,26,KESIM,483.2
906965,2026,26,DIJITAL,413.4
906966,2026,26,PRES,532.5
906967,2026,27,MONTAJ,494.2
906968,2025,27,KESIM,176.9
906969,2025,27,DIJITAL,394.5
906970,2025,27,PRES,633.2
906971,2025,28,MONTAJ,348.8
906972,2025,29,KESIM,359.2
906973,2025,30,PRES,450.9
906974,2025,30,MONTAJ,169.9
906975,2026,10,KESIM,632.8
906976,2026,10,PRES,349.6
906977,2026,10,MONTAJ,212.6
906978,2026,31,KESIM,493.6
906981,2026,12,KESIM,326.9
906982,2026,12,DIJITAL,564.6
906983,2026,12,PRES,432
906984,2026,12,MONTAJ,478.7
906985,2025,52,KESIM,593.5
906986,2025,52,PRES,358
906987,2025,52,MONTAJ,371.8
906988,2025,26,KESIM,431.8
906989,2025,27,MATBAA,131.3
906990,2025,27,PRES,427.6
906991,2025,27,MONTAJ,173
906992,2026,11,KESIM,374.4
906993,2026,11,PRES,525.6
906994,2026,12,MONTAJ,580
906995,2025,26,KESIM,369.6
906996,2025,27,MATBAA,636.1
906997,2025,27,PRES,239
906998,2025,27,MONTAJ,397.1
906999,2026,9,KESIM,488.9
907000,2026,9,MATBAA,584.9
907001,2026,9,MONTAJ,232.9
907002,2025,46,KESIM,488.7
907003,2025,46,MATBAA,322.3
907004,2025,47,MONTAJ,467.6
907005,2025,47,KESIM,121.3
907006,2025,47,DIJITAL,470.3
907007,2025,47,PRES,421.9
907008,2025,47,MONTAJ,530.5
907009,2025,51,KESIM,567.7
907010,2025,51,DIJITAL,422.3
907011,2025,51,PRES,610.8
907012,2025,51,MONTAJ,380.7
907016,2026,10,KESIM,182.9
907017,2026,10,DIJITAL,335.2
907018,2026,10,PRES,358.6
907019,2026,10,MONTAJ,196.5
907024,2025,51,KESIM,480.4
907025,2025,51,PRES,270.7
907026,2025,51,MONTAJ,599
907027,2026,16,KESIM,413.5
907028,2026,17,MATBAA,506.7
907029,2026,17,MONTAJ,462.6
907030,2026,2,KESIM,428.7
907031,2026,2,MATBAA,228.7
907032,2026,2,PRES,607.1
907033,2026,2,MONTAJ,523.2
907034,2025,27,KESIM,496.5
907035,2025,27,MATBAA,251.9
907036,2025,27,MONTAJ,283.8
907037,2025,37,KESIM,592.4
907038,2025,38,MATBAA,474.5
907039,2025,38,MONTAJ,295.2
907040,2026,17,KESIM,605.8
907041,2026,17,MATBAA,420.4
907042,2026,17,MONTAJ,155.5
907043,2025,26,KESIM,431.2
907044,2025,27,MATBAA,468.2
907045,2025,27,MONTAJ,285.8
907046,2025,28,KESIM,295.6
907047,2025,28,PRES,260
907048,2025,28,MONTAJ,137.6
907049,2026,19,KESIM,431.7
907050,2026,20,DIJITAL,613.1
907051,2026,20,PRES,436.1
907052,2026,20,MONTAJ,434.8
907053,2026,10,KESIM,231.6
907054,2026,10,MATBAA,589
907055,2026,10,MONTAJ,221.8
907056,2025,27,KESIM,519.1
907057,2025,27,MATBAA,341.8
907058,2025,27,PRES,218.4
907059,2025,27,MONTAJ,169.2
907060,2026,25,KESIM,329.9
907061,2026,26,MATBAA,187.5
907062,2026,26,MONTAJ,141.5
907066,2026,10,KESIM,478.4
907067,2026,11,PRES,163.5
907068,2026,11,MONTAJ,350.1
907069,2026,21,KESIM,405.7
907070,2026,21,PRES,287.7
907071,2026,21,MONTAJ,508.5
907072,2025,44,KESIM,422
907073,2025,44,MATBAA,197.7
907074,2025,44,PRES,496.3
907075,2025,45,MONTAJ,496.5
907076,2025,46,KESIM,436.2
907077,2025,46,MATBAA,349
907078,2025,46,PRES,626.4
907079,2025,46,MONTAJ,621
907080,2026,8,KESIM,276.4
907081,2026,8,DIJITAL,300.8
907082,2026,8,PRES,261.3
907083,2026,8,MONTAJ,173.1
907084,2025,27,KESIM,322.6
907085,2025,27,DIJITAL,331.8
907086,2025,27,PRES,607.3
907087,2025,27,MONTAJ,536.5
907088,2026,23,KESIM,414.5
907089,2026,23,MATBAA,584.1
907090,2026,23,PRES,591.5
907091,2026,23,MONTAJ,512.3
907092,2026,11,KESIM,362.6
907093,2026,11,PRES,631.4
907094,2026,11,MONTAJ,558.6
907095,2025,29,KESIM,540.4
907096,2025,29,PRES,197.6
907097,2025,29,MONTAJ,497.1
907098,2026,24,KESIM,402.6
907099,2026,24,PRES,397.3
907100,2026,24,MONTAJ,607.7
907101,2025,32,KESIM,241.2
907102,2025,32,MATBAA,361.9
907103,2025,32,MONTAJ,569.4
907104,2026,5,KESIM,270.7
907105,2026,5,MATBAA,260.6
907106,2026,5,PRES,547
907107,2026,5,MONTAJ,501.3
907112,2025,31,KESIM,620.1
907113,2025,31,MATBAA,215.2
907114,2025,31,PRES,466.3
907115,2025,32,MONTAJ,525
907116,2026,12,KESIM,155.7
907117,2026,13,DIJITAL,360
907118,2026,13,PRES,567.9
907119,2026,13,MONTAJ,476.5
907120,2026,17,KESIM,564.5
907121,2026,17,MATBAA,340.2
907122,2026,17,PRES,412.2
907123,2026,17,MONTAJ,551.6
907124,2026,29,KESIM,619.5
907125,2026,29,DIJITAL,197.3
907126,2026,30,PRES,276.1
907127,2026,30,MONTAJ,236.8
907128,2026,9,KESIM,188.8
907129,2026,10,PRES,166.2
907130,2026,10,MONTAJ,175.6
907131,2026,27,KESIM,460.3
907132,2026,27,MATBAA,320.2
907133,2026,27,MONTAJ,207.3
907134,2025,45,KESIM,168
907135,2025,45,MATBAA,517.4
907136,2025,45,PRES,199.8
907137,2025,45,MONTAJ,561.8
907138,2025,29,KESIM,148.5
907139,2025,30,MATBAA,547.1
907140,2025,30,MONTAJ,396.5
907141,2026,23,KESIM,505.8
907142,2026,23,PRES,480.9
907143,2026,23,MONTAJ,504.3
907144,2025,35,KESIM,166.4
907145,2025,35,DIJITAL,577
907146,2025,35,PRES,306.1
907147,2025,35,MONTAJ,378.2
907148,2025,41,KESIM,626.3
907149,2025,41,MATBAA,359.6
907150,2025,41,MONTAJ,444.2
907151,2026,27,KESIM,353.2
907152,2026,27,PRES,316.3
907153,2026,27,MONTAJ,465.3
907154,2026,15,KESIM,291.1
907155,2026,15,MATBAA,259.5
907156,2026,16,PRES,398.6
907157,2026,16,MONTAJ,210.9
907158,2025,40,KESIM,505.5
907159,2025,40,MATBAA,198.1
907160,2025,40,PRES,562.3
907161,2025,40,MONTAJ,360
907162,2025,46,KESIM,134.5
907163,2025,46,MATBAA,478
907164,2025,46,PRES,413.1
907165,2025,46,MONTAJ,231.3
907166,2025,40,KESIM,190.3
907167,2025,40,PRES,578.2
907168,2025,40,MONTAJ,377.1
907169,2025,36,KESIM,350
907170,2025,36,PRES,176.5
907171,2025,36,MONTAJ,126.9
907172,2026,17,KESIM,625.7
907173,2026,17,MATBAA,446.2
907174,2026,18,MONTAJ,270
907175,2026,9,KESIM,158.5
907176,2026,9,DIJITAL,329.2
907177,2026,10,PRES,361.9
907178,2026,10,MONTAJ,540.3
907179,2026,24,KESIM,200.4
907180,2026,24,DIJITAL,371.5
907181,2026,25,PRES,341
907182,2026,25,MONTAJ,206.4
907183,2025,30,KESIM,189
907184,2025,30,MATBAA,190.8
907185,2025,30,MONTAJ,633.9
907186,2025,52,KESIM,197.3
907187,2025,52,MATBAA,257.6
907188,2025,52,MONTAJ,326.5
907189,2026,28,KESIM,606.5
907190,2026,28,MATBAA,312.3
907191,2026,28,PRES,602.1
907192,2026,28,MONTAJ,267.6
907193,2025,47,KESIM,359.6
907194,2025,48,MATBAA,605.2
907195,2025,48,MONTAJ,517.6
907196,2026,19,KESIM,435.8
907197,2026,19,DIJITAL,573.3
907198,2026,20,PRES,412
907199,2026,20,MONTAJ,639.1
907200,2025,47,KESIM,342.7
907201,2025,48,MATBAA,394.3
907202,2025,48,MONTAJ,608.6
907203,2026,27,KESIM,347.7
907204,2026,28,DIJITAL,122.4
907205,2026,28,PRES,192.1
907206,2026,28,MONTAJ,385.1
907207,2025,28,KESIM,534.1
907208,2025,28,MATBAA,553
907209,2025,28,MONTAJ,412.6
907210,2026,17,KESIM,450.8
907211,2026,17,MATBAA,251.1
907212,2026,17,PRES,366.2
907213,2026,17,MONTAJ,323
907214,2025,35,KESIM,305.6
907215,2025,35,MATBAA,149.4
907216,2025,35,MONTAJ,364.4
907217,2025,44,KESIM,586.1
907218,2025,45,PRES,278.4
907219,2025,45,MONTAJ,586.3
907220,2025,46,KESIM,424.4
907221,2025,46,PRES,415.9
907222,2025,46,MONTAJ,403.7
907223,2026,3,KESIM,144.4
907224,2026,3,PRES,333.2
907225,2026,4,MONTAJ,470.5
907226,2026,19,KESIM,520.6
907227,2026,19,DIJITAL,432.6
907228,2026,19,PRES,137.1
907229,2026,19,MONTAJ,437.3
907230,2025,43,KESIM,417.5
907231,2025,43,MATBAA,135.8
907232,2025,43,PRES,394.7
907233,2025,43,MONTAJ,523.9
907234,2026,27,KESIM,429.4
907235,2026,27,MATBAA,430.8
907236,2026,28,MONTAJ,610.1
907237,2026,17,KESIM,135.7
907238,2026,17,PRES,395
907239,2026,17,MONTAJ,528
907240,2026,10,KESIM,628.1
907241,2026,10,MATBAA,163.5
907242,2026,11,MONTAJ,505.6
907243,2025,50,KESIM,186.3
907244,2025,50,PRES,353.2
907245,2025,50,MONTAJ,545
907246,2025,29,KESIM,163
907247,2025,29,MATBAA,297.9
907248,2025,29,MONTAJ,339.5
907249,2025,31,KESIM,136.7
907250,2025,31,MATBAA,360.1
907251,2025,32,MONTAJ,457.9
907252,2025,33,KESIM,371.9
907253,2025,33,PRES,250.3
907254,2025,33,MONTAJ,201.9
907255,2025,52,KESIM,348.9
907256,2025,52,MATBAA,134.4
907257,2025,52,PRES,545.6
907258,2025,52,MONTAJ,492.8
907259,2026,20,KESIM,478.4
907260,2026,21,MATBAA,271.8
907261,2026,21,MONTAJ,556.7
907262,2026,18,KESIM,262
907263,2026,19,DIJITAL,173.5
907264,2026,19,PRES,450.8
907265,2026,19,MONTAJ,598.5
907266,2026,18,KESIM,532.5
907267,2026,18,MATBAA,535.6
907268,2026,18,PRES,637.5
907269,2026,18,MONTAJ,141.6
907270,2025,30,KESIM,448.6
907271,2025,30,DIJITAL,337.4
907272,2025,30,PRES,360.9
907273,2025,30,MONTAJ,346
907274,2025,46,KESIM,428.2
907275,2025,46,PRES,456.6
907276,2025,46,MONTAJ,293.1
907277,2025,43,KESIM,397.5
907278,2025,44,MATBAA,467.8
907279,2025,44,PRES,638.9
907280,2025,44,MONTAJ,462.8
907281,2026,2,KESIM,544.5
907282,2026,3,PRES,635.1
907283,2026,3,MONTAJ,455.7
907284,2025,47,KESIM,613.9
907285,2025,47,DIJITAL,602.4
907286,2025,47,PRES,131.7
907287,2025,48,MONTAJ,348.9
907288,2026,3,KESIM,336.5
907289,2026,3,MATBAA,419.6
907290,2026,3,MONTAJ,499
907291,2026,2,KESIM,247.8
907292,2026,2,DIJITAL,480.8
907293,2026,2,PRES,586.4
907294,2026,2,MONTAJ,413
907295,2026,26,KESIM,151.6
907296,2026,26,MATBAA,254.2
907297,2026,26,MONTAJ,566.8
907302,2026,25,KESIM,609.5
907303,2026,25,MATBAA,294
907304,2026,26,PRES,289.6
907305,2026,26,MONTAJ,378
907306,2026,13,KESIM,347.4
907307,2026,13,DIJITAL,207.3
907308,2026,13,PRES,382.6
907309,2026,13,MONTAJ,444
907310,2025,30,KESIM,479.5
907311,2025,30,MATBAA,547
907312,2025,30,MONTAJ,341.5
907313,2025,31,KESIM,160.8
907314,2025,31,PRES,358.8
907315,2025,31,MONTAJ,375.5
907316,2026,27,KESIM,251.9
907317,2026,27,PRES,427.9
907318,2026,27,MONTAJ,405
907319,2026,18,KESIM,432.6
907320,2026,18,DIJITAL,490.3
907321,2026,18,PRES,426
907322,2026,19,MONTAJ,524.3
907323,2026,4,KESIM,351.2
907324,2026,4,PRES,204.4
907325,2026,5,MONTAJ,561.5
907326,2025,27,KESIM,260.8
907327,2025,27,DIJITAL,319.7
907328,2025,27,PRES,160.9
907329,2025,28,MONTAJ,352
907330,2026,6,KESIM,368.4
907331,2026,7,PRES,476.7
907332,2026,7,MONTAJ,247.2
907333,2026,15,KESIM,509.8
907334,2026,15,DIJITAL,607.5
907335,2026,15,PRES,346.3
907336,2026,16,MONTAJ,171.7
907337,2025,50,KESIM,244.7
907338,2025,50,PRES,377.6
907339,2025,50,MONTAJ,575.4
907340,2026,15,KESIM,331.3
907341,2026,15,DIJITAL,430
907342,2026,15,PRES,242.1
907343,2026,15,MONTAJ,510.2
907344,2025,46,KESIM,597.5
907345,2025,46,PRES,570.6
907346,2025,47,MONTAJ,416.6
907350,2026,5,KESIM,449.7
907351,2026,6,PRES,265.6
907352,2026,6,MONTAJ,278.5
907356,2025,46,KESIM,437.9
907357,2025,46,DIJITAL,334.4
907358,2025,46,PRES,342.2
907359,2025,46,MONTAJ,169.1
907360,2025,36,KESIM,619
907361,2025,36,PRES,400.5
907362,2025,36,MONTAJ,384.9
907363,2025,27,KESIM,343.4
907364,2025,27,MATBAA,454.6
907365,2025,28,MONTAJ,487.1
907366,2025,35,KESIM,634.2
907367,2025,35,MATBAA,177.9
907368,2025,35,MONTAJ,263.4
907369,2026,13,KESIM,376
907370,2026,13,PRES,177
907371,2026,13,MONTAJ,553.6
907372,2026,14,KESIM,204.8
907373,2026,14,MATBAA,372.5
907374,2026,14,MONTAJ,628.4
907375,2025,43,KESIM,208.6
907376,2025,43,MATBAA,428.6
907377,2025,44,MONTAJ,392
907378,2026,21,KESIM,545.4
907379,2026,21,PRES,306.1
907380,2026,21,MONTAJ,628.6
907381,2026,13,KESIM,553.5
907382,2026,13,MATBAA,556
907383,2026,13,PRES,530.3
907384,2026,13,MONTAJ,309.2
907385,2025,51,KESIM,602.7
907386,2025,51,PRES,289.8
907387,2025,51,MONTAJ,436.2
907388,2026,11,KESIM,468.3
907389,2026,11,MATBAA,496.2
907390,2026,11,MONTAJ,568.4
907391,2026,7,KESIM,297.9
907392,2026,7,DIJITAL,506.2
907393,2026,7,PRES,551.6
907394,2026,7,MONTAJ,138.4
907395,2025,52,KESIM,506.2
907396,2025,52,DIJITAL,394.6
907397,2025,52,PRES,234.6
907398,2025,52,MONTAJ,630.9
907399,2026,5,KESIM,232.1
907400,2026,5,DIJITAL,553.4
907401,2026,5,PRES,309.4
907402,2026,6,MONTAJ,506.8
907403,2026,7,KESIM,186.3
907404,2026,8,PRES,413.2
907405,2026,8,MONTAJ,632.5
907406,2026,25,KESIM,138.3
907407,2026,25,PRES,311.5
907408,2026,26,MONTAJ,600.9
907409,2026,2,KESIM,359.9
907410,2026,3,PRES,517.9
907411,2026,3,MONTAJ,233.9
907412,2026,5,KESIM,130.1
907413,2026,5,MATBAA,458.7
907414,2026,5,PRES,474.7
907415,2026,5,MONTAJ,178.8
907416,2026,13,KESIM,154.4
907417,2026,14,PRES,327.5
907418,2026,14,MONTAJ,306.7
907419,2025,49,KESIM,146.2
907420,2025,49,MATBAA,537.2
907421,2025,49,MONTAJ,358.8
907422,2026,2,KESIM,301.1
907423,2026,3,DIJITAL,377.8
907424,2026,3,PRES,634.1
907425,2026,3,MONTAJ,559.8
907426,2026,10,KESIM,122.3
907427,2026,10,MATBAA,493.5
907428,2026,10,MONTAJ,268
907429,2026,11,KESIM,371
907430,2026,12,MATBAA,250
907431,2026,12,PRES,388.7
907432,2026,12,MONTAJ,400
907433,2026,6,KESIM,372.4
907434,2026,6,PRES,507.9
907435,2026,7,MONTAJ,191.9
907436,2025,48,KESIM,273.6
907437,2025,49,MATBAA,145.9
907438,2025,49,PRES,400.6
907439,2025,49,MONTAJ,250
907440,2025,29,KESIM,254.4
907441,2025,29,MATBAA,465
907442,2025,29,MONTAJ,293.2
907443,2026,25,KESIM,568.7
907444,2026,25,MATBAA,630.4
907445,2026,26,PRES,327.3
907446,2026,26,MONTAJ,347.6
907447,2026,1,KESIM,611.9
907448,2026,1,MATBAA,120.8
907449,2026,1,MONTAJ,527.6
907450,2025,51,KESIM,380.9
907451,2025,51,MATBAA,168
907452,2025,52,PRES,626
907453,2025,52,MONTAJ,469.3
907454,2026,26,KESIM,134.4
907455,2026,26,PRES,153.4
907456,2026,27,MONTAJ,567.2
907457,2025,38,KESIM,315.4
907458,2025,38,MATBAA,558.5
907459,2025,39,PRES,153.3
907460,2025,39,MONTAJ,584.2
907464,2025,50,KESIM,621.1
907465,2025,50,PRES,614.6
907466,2025,51,MONTAJ,398
907467,2026,18,KESIM,540.5
907468,2026,18,DIJITAL,158.4
907469,2026,18,PRES,532.7
907470,2026,18,MONTAJ,181.9
907475,2025,29,KESIM,219.5
907476,2025,29,PRES,490.1
907477,2025,29,MONTAJ,311.5
907482,2026,9,KESIM,303.8
907483,2026,9,PRES,584.1
907484,2026,10,MONTAJ,580.2
907485,2025,26,KESIM,337.7
907486,2025,26,PRES,160.1
907487,2025,26,MONTAJ,473.5
907488,2026,24,KESIM,166.9
907489,2026,24,DIJITAL,513.2
907490,2026,24,PRES,442.7
907491,2026,24,MONTAJ,248.4
907492,2026,17,KESIM,338.1
907493,2026,17,PRES,473.4
907494,2026,18,MONTAJ,511.8
907495,2026,9,KESIM,452.2
907496,2026,10,MATBAA,202.3
907497,2026,10,MONTAJ,186.6
907498,2025,51,KESIM,536.6
907499,2025,52,PRES,394.8
907500,2025,52,MONTAJ,360.4
907501,2025,39,KESIM,416
907502,2025,39,DIJITAL,241.4
907503,2025,40,PRES,429
907504,2025,40,MONTAJ,541.9
907505,2025,52,KESIM,294.1
907506,2025,52,MATBAA,636
907507,2025,52,PRES,299.2
907508,2025,52,MONTAJ,410.3
907509,2026,18,KESIM,471.8
907510,2026,18,MATBAA,197.8
907511,2026,19,MONTAJ,366
907512,2026,30,KESIM,242.2
907513,2026,31,MATBAA,400.6
907514,2026,31,PRES,590.5
907515,2026,31,MONTAJ,355.6
907516,2026,14,KESIM,447.3
907517,2026,14,DIJITAL,361.8
907518,2026,14,PRES,300.7
907519,2026,14,MONTAJ,286.3
907520,2025,51,KESIM,574.4
907521,2025,52,DIJITAL,408.2
907522,2025,52,PRES,170.2
907523,2025,52,MONTAJ,583.4
907524,2025,49,KESIM,477.6
907525,2025,49,MATBAA,594.7
907526,2025,49,MONTAJ,351.1
907527,2026,9,KESIM,272.5
907528,2026,9,MATBAA,186.1
907529,2026,9,PRES,523.9
907530,2026,9,MONTAJ,184.6
907531,2025,44,KESIM,520.6
907532,2025,44,MATBAA,392.6
907533,2025,44,MONTAJ,170.2
907534,2026,24,KESIM,585.5
907535,2026,24,MATBAA,547.2
907536,2026,24,PRES,304.9
907537,2026,24,MONTAJ,454.9
907538,2026,8,KESIM,614.3
907539,2026,8,DIJITAL,431.2
907540,2026,8,PRES,407.1
907541,2026,9,MONTAJ,493.5
907542,2025,29,KESIM,498.9
907543,2025,29,PRES,393.7
907544,2025,29,MONTAJ,533.4
907545,2026,21,KESIM,624.9
907546,2026,22,DIJITAL,365.4
907547,2026,22,PRES,609.1
907548,2026,22,MONTAJ,473.5
907549,2025,50,KESIM,178.2
907550,2025,50,PRES,570.5
907551,2025,50,MONTAJ,537.8
907552,2025,40,KESIM,520.9
907553,2025,40,MATBAA,150.2
907554,2025,41,PRES,172.7
907555,2025,41,MONTAJ,388.4
907556,2025,27,KESIM,592
907557,2025,27,MATBAA,257.9
907558,2025,27,PRES,320.5
907559,2025,27,MONTAJ,202
907560,2025,1,KESIM,554.3
907561,2025,1,DIJITAL,639.9
907562,2025,1,PRES,383.7
907563,2026,1,MONTAJ,585.1
907564,2026,25,KESIM,541.6
907565,2026,25,PRES,193.6
907566,2026,25,MONTAJ,286.8
907567,2026,21,KESIM,573.9
907568,2026,21,PRES,375.8
907569,2026,21,MONTAJ,416.9
907570,2025,44,KESIM,617.8
907571,2025,44,MATBAA,387.4
907572,2025,44,MONTAJ,560.8
907573,2025,29,KESIM,491.7
907574,2025,29,MATBAA,144.9
907575,2025,29,PRES,278.7
907576,2025,29,MONTAJ,452.2
907577,2025,38,KESIM,273.1
907578,2025,38,DIJITAL,499.3
907579,2025,38,PRES,173.9
907580,2025,38,MONTAJ,454.1
907581,2026,30,KESIM,221.6
907582,2026,30,MATBAA,262.1
907583,2026,30,PRES,248.3
907584,2026,30,MONTAJ,261.4
907589,2025,39,KESIM,165.8
907590,2025,39,MATBAA,599.4
907591,2025,39,MONTAJ,269.2
907592,2026,8,KESIM,137.3
907593,2026,8,MATBAA,164.2
907594,2026,8,PRES,425.6
907595,2026,9,MONTAJ,274
907596,2026,3,KESIM,203.9
907597,2026,3,DIJITAL,412.1
907598,2026,3,PRES,417.2
907599,2026,4,MONTAJ,378.4
907600,2026,23,KESIM,614.5
907601,2026,23,PRES,461
907602,2026,24,MONTAJ,209.6
907603,2026,5,KESIM,176.8
907604,2026,5,MATBAA,153.4
907605,2026,5,MONTAJ,520.8
907606,2026,5,KESIM,280.8
907607,2026,5,PRES,145.2
907608,2026,6,MONTAJ,188.4
907609,2026,14,KESIM,242.4
907610,2026,14,MATBAA,367.8
907611,2026,14,MONTAJ,443
907612,2025,47,KESIM,208.3
907613,2025,47,PRES,185.3
907614,2025,47,MONTAJ,199.2
907615,2025,26,KESIM,155.3
907616,2025,26,MATBAA,515.6
907617,2025,26,PRES,279.9
907618,2025,26,MONTAJ,263.3
907619,2026,18,KESIM,509.5
907620,2026,18,DIJITAL,408.1
907621,2026,18,PRES,468.7
907622,2026,18,MONTAJ,342.7
907627,2025,27,KESIM,603
907628,2025,27,PRES,306.1
907629,2025,28,MONTAJ,356.9
907630,2026,18,KESIM,286.3
907631,2026,18,MATBAA,130.5
907632,2026,18,MONTAJ,282.2
907633,2025,27,KESIM,566.3
907634,2025,27,MATBAA,603.7
907635,2025,27,PRES,202.6
907636,2025,27,MONTAJ,564.9
907637,2026,2,KESIM,222.3
907638,2026,2,DIJITAL,174.4
907639,2026,2,PRES,576.9
907640,2026,3,MONTAJ,455.6
907641,2025,28,KESIM,415.9
907642,2025,28,MATBAA,276.6
907643,2025,28,MONTAJ,205.4
907644,2026,30,KESIM,123.5
907645,2026,30,MATBAA,526.4
907646,2026,30,PRES,283.2
907647,2026,30,MONTAJ,617.1
907648,2025,46,KESIM,554.6
907649,2025,46,DIJITAL,416.3
907650,2025,46,PRES,200
907651,2025,46,MONTAJ,443.9
907652,2025,52,KESIM,473.2
907653,2025,1,MATBAA,149.9
907654,2025,1,PRES,330.7
907655,2025,1,MONTAJ,556.5
907656,2025,49,KESIM,344.5
907657,2025,49,PRES,574
907658,2025,50,MONTAJ,382.3
907659,2026,27,KESIM,287.9
907660,2026,27,MATBAA,528.7
907661,2026,27,PRES,610.5
907662,2026,27,MONTAJ,438.5
907663,2026,5,KESIM,618.7
907664,2026,5,DIJITAL,147.9
907665,2026,5,PRES,612.8
907666,2026,5,MONTAJ,257.9
907667,2026,19,KESIM,394.8
907668,2026,19,MATBAA,139.8
907669,2026,19,PRES,351.7
907670,2026,19,MONTAJ,461.5
907671,2025,28,KESIM,158.3
907672,2025,28,PRES,513.2
907673,2025,28,MONTAJ,552.1
907674,2025,40,KESIM,479.4
907675,2025,40,MATBAA,267.4
907676,2025,41,MONTAJ,556.5
907677,2025,26,KESIM,447.1
907678,2025,26,DIJITAL,241.5
907679,2025,26,PRES,132.2
907680,2025,27,MONTAJ,623.7
907681,2025,48,KESIM,178.1
907682,2025,48,PRES,382.8
907683,2025,48,MONTAJ,397.6
907684,2026,24,KESIM,205.4
907685,2026,24,DIJITAL,507.3
907686,2026,24,PRES,470.9
907687,2026,24,MONTAJ,479
907688,2026,18,KESIM,468.9
907689,2026,18,MATBAA,629.7
907690,2026,18,PRES,439
907691,2026,18,MONTAJ,129.9
907692,2025,41,KESIM,597.3
907693,2025,41,MATBAA,516.2
907694,2025,41,PRES,623
907695,2025,41,MONTAJ,456.2
907696,2025,36,KESIM,186.6
907697,2025,36,DIJITAL,330.5
907698,2025,36,PRES,436.9
907699,2025,36,MONTAJ,333.9
907700,2026,28,KESIM,292.9
907701,2026,28,MATBAA,347.9
907702,2026,29,MONTAJ,567.9
907703,2026,31,KESIM,525.2
907704,2026,31,PRES,195.5
907705,2026,31,MONTAJ,281.2
907706,2025,27,KESIM,383.8
907707,2025,27,MATBAA,334.5
907708,2025,27,PRES,384.3
907709,2025,27,MONTAJ,275.1
907710,2026,18,KESIM,180.2
907711,2026,18,MATBAA,319.5
907712,2026,18,MONTAJ,499.7
907716,2025,32,KESIM,515.1
907717,2025,32,MATBAA,323.2
907718,2025,32,PRES,330
907719,2025,32,MONTAJ,475.1
907720,2025,41,KESIM,519.4
907721,2025,41,MATBAA,375.6
907722,2025,42,MONTAJ,204.1
907723,2025,51,KESIM,463.5
907724,2025,51,DIJITAL,600.6
907725,2025,52,PRES,172.1
907726,2025,52,MONTAJ,285.1
907727,2026,18,KESIM,150.4
907728,2026,18,DIJITAL,166
907729,2026,19,PRES,576.2
907730,2026,19,MONTAJ,354.8
907731,2025,51,KESIM,375.1
907732,2025,51,MATBAA,417.5
907733,2025,51,MONTAJ,614.4
907734,2026,5,KESIM,468.6
907735,2026,5,MATBAA,583.5
907736,2026,5,PRES,533.6
907737,2026,5,MONTAJ,380.1
907738,2026,18,KESIM,359.9
907739,2026,18,DIJITAL,181.9
907740,2026,18,PRES,198.4
907741,2026,18,MONTAJ,547.6
907742,2026,5,KESIM,380.2
907743,2026,5,MATBAA,523.5
907744,2026,6,MONTAJ,494.6
907745,2026,5,KESIM,519.8
907746,2026,5,MATBAA,139.3
907747,2026,5,MONTAJ,315.1
907748,2026,24,KESIM,365.4
907749,2026,24,MATBAA,413.5
907750,2026,24,MONTAJ,147.2
907751,2026,15,KESIM,248.4
907752,2026,15,DIJITAL,611
907753,2026,15,PRES,282.1
907754,2026,16,MONTAJ,347.3
907755,2026,27,KESIM,438.9
907756,2026,27,DIJITAL,436.9
907757,2026,27,PRES,344.7
907758,2026,27,MONTAJ,502.5
907759,2026,18,KESIM,303.8
907760,2026,18,PRES,563.7
907761,2026,18,MONTAJ,512.3
907762,2026,2,KESIM,364.6
907763,2026,2,PRES,521
907764,2026,2,MONTAJ,269.3
907765,2025,44,KESIM,301.7
907766,2025,44,PRES,396.4
907767,2025,44,MONTAJ,341.7
907768,2026,29,KESIM,142.7
907769,2026,29,MATBAA,403.7
907770,2026,29,MONTAJ,500.9
907774,2025,52,KESIM,557.3
907775,2025,52,PRES,615.2
907776,2025,52,MONTAJ,340.3
907777,2026,14,KESIM,588.8
907778,2026,14,PRES,395.7
907779,2026,14,MONTAJ,371.6
907780,2026,13,KESIM,629.1
907781,2026,13,MATBAA,201.6
907782,2026,13,PRES,363.3
907783,2026,13,MONTAJ,516
907784,2025,26,KESIM,510.1
907785,2025,27,PRES,631.3
907786,2025,27,MONTAJ,157.2
907787,2025,51,KESIM,614.6
907788,2025,51,PRES,292.6
907789,2025,51,MONTAJ,477.7
907790,2025,28,KESIM,632.7
907791,2025,28,PRES,482.5
907792,2025,28,MONTAJ,535.5
907793,2025,31,KESIM,450.5
907794,2025,31,DIJITAL,604.6
907795,2025,31,PRES,356.8
907796,2025,32,MONTAJ,510.4
907797,2026,29,KESIM,327.6
907798,2026,29,MATBAA,393
907799,2026,30,MONTAJ,567.7
907800,2026,3,KESIM,411.5
907801,2026,3,PRES,330.1
907802,2026,3,MONTAJ,426
907803,2026,1,KESIM,490.8
907804,2026,1,DIJITAL,342.6
907805,2026,2,PRES,543.9
907806,2026,2,MONTAJ,544.8
907807,2026,30,KESIM,278.8
907808,2026,30,PRES,219.6
907809,2026,30,MONTAJ,364.8
907810,2025,34,KESIM,330.6
907811,2025,34,PRES,185.4
907812,2025,34,MONTAJ,577.4
907817,2026,31,KESIM,584.2
907821,2026,18,KESIM,286.3
907822,2026,19,PRES,388
907823,2026,19,MONTAJ,422.3
907824,2026,21,KESIM,518.8
907825,2026,21,MATBAA,122.3
907826,2026,22,PRES,250.6
907827,2026,22,MONTAJ,169.2
907828,2025,35,KESIM,557.8
907829,2025,35,MATBAA,362.2
907830,2025,35,MONTAJ,172.2
907831,2025,28,KESIM,373.9
907832,2025,28,MATBAA,353.6
907833,2025,28,MONTAJ,312.7
907834,2026,7,KESIM,256.8
907835,2026,8,MATBAA,354.4
907836,2026,8,MONTAJ,453.2
907837,2026,9,KESIM,431
907838,2026,9,MATBAA,489.4
907839,2026,10,PRES,317.6
907840,2026,10,MONTAJ,137.1
907841,2025,46,KESIM,217.7
907842,2025,46,PRES,204.7
907843,2025,46,MONTAJ,358.2
907844,2026,13,KESIM,352.7
907845,2026,13,MATBAA,216.2
907846,2026,14,PRES,565.7
907847,2026,14,MONTAJ,172.7
907848,2025,28,KESIM,389.9
907849,2025,28,PRES,195.1
907850,2025,28,MONTAJ,534.7
907851,2025,37,KESIM,150.7
907852,2025,38,PRES,329.6
907853,2025,38,MONTAJ,584.2
907854,2026,7,KESIM,506.5
907855,2026,7,MATBAA,227.7
907856,2026,7,PRES,293
907857,2026,7,MONTAJ,245.8
907858,2026,1,KESIM,505.2
907859,2026,2,PRES,503.1
907860,2026,2,MONTAJ,188.1
907861,2026,27,KESIM,594.7
907862,2026,27,MATBAA,191.4
907863,2026,27,PRES,346
907864,2026,27,MONTAJ,530.9
907865,2026,28,KESIM,590
907866,2026,28,DIJITAL,205.5
907867,2026,29,PRES,530.9
907868,2026,29,MONTAJ,350.4
907872,2025,39,KESIM,305.7
907873,2025,39,MATBAA,530
907874,2025,39,MONTAJ,468.8
907875,2025,28,KESIM,428.7
907876,2025,28,PRES,401.1
907877,2025,28,MONTAJ,212.7
907878,2026,18,KESIM,557.9
907879,2026,18,DIJITAL,295.8
907880,2026,18,PRES,269.3
907881,2026,18,MONTAJ,526.7
907882,2025,35,KESIM,419.5
907883,2025,35,MATBAA,485.9
907884,2025,35,PRES,556.5
907885,2025,35,MONTAJ,405.7
907886,2026,21,KESIM,380.5
907887,2026,22,PRES,410.3
907888,2026,22,MONTAJ,567.9
907889,2025,37,KESIM,432
907890,2025,37,MATBAA,386.6
907891,2025,37,MONTAJ,368.5
907892,2026,10,KESIM,377
907893,2026,10,MATBAA,165.6
907894,2026,10,PRES,417.8
907895,2026,10,MONTAJ,279.3
907896,2025,43,KESIM,388.2
907897,2025,43,MATBAA,301
907898,2025,43,MONTAJ,331.6
907899,2026,23,KESIM,620.1
907900,2026,23,MATBAA,360.9
907901,2026,23,PRES,539.6
907902,2026,24,MONTAJ,197.4
907903,2026,30,KESIM,322.2
907904,2026,30,PRES,361.4
907905,2026,30,MONTAJ,337.7
907906,2025,52,KESIM,449.1
907907,2025,52,MATBAA,614.4
907908,2025,52,PRES,473.7
907909,2025,1,MONTAJ,367.9
907910,2025,37,KESIM,280.6
907911,2025,37,DIJITAL,337.2
907912,2025,37,PRES,293.5
907913,2025,37,MONTAJ,540.4
907914,2025,43,KESIM,562.8
907915,2025,43,PRES,459.4
907916,2025,44,MONTAJ,309.2
907917,2025,48,KESIM,497
907918,2025,48,DIJITAL,329.4
907919,2025,48,PRES,147.2
907920,2025,49,MONTAJ,128.7
907921,2025,37,KESIM,438.4
907922,2025,37,DIJITAL,409.4
907923,2025,37,PRES,465.6
907924,2025,37,MONTAJ,175.1
907925,2026,8,KESIM,152
907926,2026,8,PRES,290.7
907927,2026,9,MONTAJ,218.2
907928,2025,34,KESIM,128.3
907929,2025,35,DIJITAL,411.4
907930,2025,35,PRES,269.7
907931,2025,35,MONTAJ,500.2
907932,2025,27,KESIM,139.7
907933,2025,28,MATBAA,332.3
907934,2025,28,PRES,562.4
907935,2025,28,MONTAJ,442.1
907936,2025,28,KESIM,277.3
907937,2025,28,DIJITAL,245.1
907938,2025,29,PRES,168
907939,2025,29,MONTAJ,199.2
907940,2026,9,KESIM,323.7
907941,2026,9,MATBAA,195.6
907942,2026,9,MONTAJ,463.6
907943,2026,17,KESIM,265
907944,2026,17,DIJITAL,461.3
907945,2026,17,PRES,126.5
907946,2026,17,MONTAJ,327.2
907947,2026,8,KESIM,545.6
907948,2026,8,MATBAA,120.2
907949,2026,8,MONTAJ,450.1
907950,2026,12,KESIM,455.8
907951,2026,12,MATBAA,464.5
907952,2026,12,MONTAJ,516.8
907953,2025,44,KESIM,408.2
907954,2025,45,MATBAA,425.3
907955,2025,45,PRES,188.8
907956,2025,45,MONTAJ,587.9
907957,2025,52,KESIM,286.2
907958,2025,52,PRES,155
907959,2025,52,MONTAJ,149
907960,2026,10,KESIM,281.7
907961,2026,10,MATBAA,206.8
907962,2026,10,MONTAJ,522.4
907963,2026,26,KESIM,207.7
907964,2026,26,DIJITAL,478.2
907965,2026,26,PRES,284.6
907966,2026,26,MONTAJ,214.7
907971,2026,10,KESIM,566
907972,2026,10,MATBAA,489.9
907973,2026,10,PRES,529.6
907974,2026,11,MONTAJ,313.3
907975,2026,26,KESIM,589.6
907976,2026,26,MATBAA,285.5
907977,2026,26,MONTAJ,394.1
907978,2025,34,KESIM,307.9
907979,2025,34,PRES,129.8
907980,2025,34,MONTAJ,466.6
907981,2025,27,KESIM,433.1
907982,2025,28,MATBAA,378.8
907983,2025,28,PRES,547.2
907984,2025,28,MONTAJ,408.6
907989,2026,17,KESIM,588.5
907990,2026,17,MATBAA,366.7
907991,2026,18,MONTAJ,438.3
907992,2026,4,KESIM,392.9
907993,2026,4,PRES,295.8
907994,2026,4,MONTAJ,395.7
907995,2026,16,KESIM,591
907996,2026,16,MATBAA,359.6
907997,2026,16,MONTAJ,244
907998,2025,30,KESIM,447.7
907999,2025,30,DIJITAL,274.2
908000,2025,30,PRES,375.7
908001,2025,30,MONTAJ,595.7
908002,2026,14,KESIM,363.6
908003,2026,14,DIJITAL,594.1
908004,2026,14,PRES,490.2
908005,2026,14,MONTAJ,600.1
908006,2025,48,KESIM,395.9
908007,2025,48,PRES,605.1
908008,2025,48,MONTAJ,141.3
908009,2026,6,KESIM,437.8
908010,2026,6,PRES,271.7
908011,2026,7,MONTAJ,138.9
908012,2026,29,KESIM,344.9
908013,2026,29,MATBAA,309.3
908014,2026,29,MONTAJ,324.6
908018,2026,23,KESIM,242.1
908019,2026,24,MATBAA,332
908020,2026,24,MONTAJ,421.9
908021,2026,21,KESIM,332.3
908022,2026,22,DIJITAL,148.8
908023,2026,22,PRES,343.9
908024,2026,22,MONTAJ,205.7
908025,2025,28,KESIM,376.9
908026,2025,28,DIJITAL,526.6
908027,2025,28,PRES,337
908028,2025,29,MONTAJ,453.5
908029,2025,50,KESIM,451
908030,2025,50,MATBAA,333.8
908031,2025,51,MONTAJ,220.6
908032,2025,26,KESIM,254.2
908033,2025,26,PRES,485.9
908034,2025,26,MONTAJ,200.8
908035,2025,51,KESIM,303.1
908036,2025,51,DIJITAL,534.4
908037,2025,51,PRES,261.1
908038,2025,51,MONTAJ,153.6
908039,2026,16,KESIM,260.4
908040,2026,16,PRES,456
908041,2026,16,MONTAJ,624.2
908042,2026,24,KESIM,397.2
908043,2026,24,DIJITAL,191.1
908044,2026,25,PRES,415.7
908045,2026,25,MONTAJ,383.2
908046,2025,30,KESIM,203.9
908047,2025,30,PRES,401.5
908048,2025,30,MONTAJ,549.3
908049,2025,48,KESIM,155.3
908050,2025,48,DIJITAL,199.6
908051,2025,48,PRES,385
908052,2025,48,MONTAJ,582.1
908053,2026,28,KESIM,316.9
908054,2026,28,PRES,149.7
908055,2026,28,MONTAJ,285.5
908056,2025,33,KESIM,379.8
908057,2025,34,MATBAA,240.3
908058,2025,34,PRES,465.1
908059,2025,34,MONTAJ,163.8
908060,2026,31,KESIM,208.9
908064,2026,19,KESIM,553.7
908065,2026,19,DIJITAL,362.1
908066,2026,19,PRES,634.9
908067,2026,19,MONTAJ,578.5
908068,2026,6,KESIM,469.5
908069,2026,6,MATBAA,159.3
908070,2026,6,MONTAJ,432.7
908071,2026,21,KESIM,160.1
908072,2026,21,DIJITAL,397.5
908073,2026,22,PRES,412.8
908074,2026,22,MONTAJ,636.5
908075,2025,52,KESIM,198.2
908076,2025,52,PRES,325.6
908077,2025,52,MONTAJ,590.5
908078,2025,41,KESIM,500.3
908079,2025,41,MATBAA,537.8
908080,2025,41,PRES,346.7
908081,2025,41,MONTAJ,465.7
908082,2026,27,KESIM,307
908083,2026,28,PRES,246.6
908084,2026,28,MONTAJ,474.9
908088,2025,26,KESIM,416.4
908089,2025,26,MATBAA,337.8
908090,2025,26,MONTAJ,539
908091,2025,52,KESIM,452.4
908092,2025,52,MATBAA,549.5
908093,2025,52,PRES,617.9
908094,2025,52,MONTAJ,125.2
908095,2026,1,KESIM,284.3
908096,2026,1,PRES,124.9
908097,2026,2,MONTAJ,223.6
908098,2025,45,KESIM,574.5
908099,2025,45,PRES,438.1
908100,2025,45,MONTAJ,135.5
908101,2026,6,KESIM,293.5
908102,2026,6,MATBAA,317
908103,2026,6,PRES,521.9
908104,2026,7,MONTAJ,268.9
908105,2026,19,KESIM,435.5
908106,2026,19,DIJITAL,582.4
908107,2026,19,PRES,181.5
908108,2026,19,MONTAJ,235
908109,2025,39,KESIM,337
908110,2025,39,DIJITAL,532.3
908111,2025,39,PRES,237.6
908112,2025,40,MONTAJ,543
908113,2026,23,KESIM,580
908114,2026,23,MATBAA,222.1
908115,2026,23,PRES,590
908116,2026,23,MONTAJ,208.9
908117,2025,28,KESIM,500.5
908118,2025,28,PRES,517.2
908119,2025,28,MONTAJ,255.3
908120,2026,12,KESIM,441.2
908121,2026,12,MATBAA,246.1
908122,2026,12,MONTAJ,187.7
908123,2025,39,KESIM,266.4
908124,2025,39,MATBAA,180.5
908125,2025,39,MONTAJ,623.3
908126,2026,15,KESIM,331.7
908127,2026,15,MATBAA,155.3
908128,2026,15,MONTAJ,158.2
908129,2026,11,KESIM,185.7
908130,2026,11,DIJITAL,318.6
908131,2026,11,PRES,429.4
908132,2026,11,MONTAJ,296.7
908133,2026,4,KESIM,131.5
908134,2026,4,MATBAA,254.5
908135,2026,4,MONTAJ,242.6
908136,2026,24,KESIM,512.3
908137,2026,24,PRES,460.3
908138,2026,24,MONTAJ,170.1
908139,2026,21,KESIM,129.1
908140,2026,22,PRES,561.6
908141,2026,22,MONTAJ,344.6
908148,2026,19,KESIM,592.7
908149,2026,19,DIJITAL,581.7
908150,2026,19,PRES,618.2
908151,2026,19,MONTAJ,485.9
908152,2026,25,KESIM,328
908153,2026,25,PRES,476.5
908154,2026,26,MONTAJ,358
908155,2026,16,KESIM,280.2
908156,2026,16,DIJITAL,282
908157,2026,16,PRES,153.8
908158,2026,16,MONTAJ,407.5
908159,2025,37,KESIM,628.9
908160,2025,37,MATBAA,162.3
908161,2025,37,MONTAJ,402.9
908162,2026,10,KESIM,375.7
908163,2026,10,MATBAA,500.8
908164,2026,10,PRES,147.6
908165,2026,10,MONTAJ,574.4
908166,2025,40,KESIM,459.3
908167,2025,41,MATBAA,551.4
908168,2025,41,PRES,617.9
908169,2025,41,MONTAJ,593.8
908170,2025,27,KESIM,559
908171,2025,27,MATBAA,429.1
908172,2025,27,MONTAJ,486.5
908173,2026,27,KESIM,560.3
908174,2026,27,MATBAA,277
908175,2026,27,PRES,212.4
908176,2026,27,MONTAJ,147.4
908177,2026,10,KESIM,334.1
908178,2026,10,PRES,157.4
908179,2026,11,MONTAJ,189.6
908180,2026,3,KESIM,426.5
908181,2026,3,MATBAA,562.9
908182,2026,3,PRES,435.1
908183,2026,3,MONTAJ,316.5
908184,2026,13,KESIM,420.9
908185,2026,14,PRES,459.3
908186,2026,14,MONTAJ,248.2
908187,2026,25,KESIM,481.1
908188,2026,25,MATBAA,348.2
908189,2026,25,MONTAJ,281
908190,2025,1,KESIM,297.8
908191,2025,1,MATBAA,397.4
908192,2025,1,PRES,585
908193,2026,1,MONTAJ,161.2
908194,2026,5,KESIM,568.7
908195,2026,5,DIJITAL,572.4
908196,2026,5,PRES,178
908197,2026,6,MONTAJ,315.1
908198,2026,30,KESIM,432.6
908199,2026,30,DIJITAL,193.1
908200,2026,31,PRES,559.8
908201,2026,31,MONTAJ,209
908202,2025,35,KESIM,635.4
908203,2025,35,MATBAA,412.4
908204,2025,35,MONTAJ,221.8
908205,2026,17,KESIM,308.6
908206,2026,17,DIJITAL,495.1
908207,2026,17,PRES,287.5
908208,2026,17,MONTAJ,312.8
908209,2025,45,KESIM,533.8
908210,2025,45,MATBAA,216.8
908211,2025,45,MONTAJ,624.9
908212,2026,23,KESIM,147.8
908213,2026,23,PRES,169.4
908214,2026,23,MONTAJ,451.6
908215,2026,9,KESIM,528.2
908216,2026,9,MATBAA,560.9
908217,2026,9,MONTAJ,379.5
908218,2026,29,KESIM,502.8
908219,2026,29,MATBAA,390
908220,2026,30,MONTAJ,197.7
908221,2026,19,KESIM,307.3
908222,2026,19,MATBAA,550.6
908223,2026,20,MONTAJ,487.8
908227,2025,35,KESIM,538.9
908228,2025,35,MATBAA,321.9
908229,2025,35,PRES,535.1
908230,2025,35,MONTAJ,541.8
908231,2026,4,KESIM,511.2
908232,2026,4,MATBAA,430.9
908233,2026,5,PRES,493.4
908234,2026,5,MONTAJ,291.5
908235,2026,31,KESIM,204.8
908236,2026,31,MATBAA,176.5
908238,2025,28,KESIM,559.5
908239,2025,29,DIJITAL,566.3
908240,2025,29,PRES,334.5
908241,2025,29,MONTAJ,540.6
908242,2025,44,KESIM,172.9
908243,2025,44,PRES,495.8
908244,2025,44,MONTAJ,128.2
908245,2025,35,KESIM,288
908246,2025,36,PRES,277.5
908247,2025,36,MONTAJ,595.8
908248,2025,34,KESIM,618.3
908249,2025,34,MATBAA,143.7
908250,2025,35,PRES,220.9
908251,2025,35,MONTAJ,553.3
908252,2026,22,KESIM,418.5
908253,2026,22,PRES,481.8
908254,2026,22,MONTAJ,577.8
908255,2026,11,KESIM,477.7
908256,2026,11,MATBAA,337.9
908257,2026,11,MONTAJ,609.4
908258,2025,46,KESIM,266.9
908259,2025,46,PRES,299
908260,2025,47,MONTAJ,306.8
908261,2026,17,KESIM,234.7
908262,2026,17,PRES,158.3
908263,2026,17,MONTAJ,164.3
908264,2025,32,KESIM,399
908265,2025,32,MATBAA,385.5
908266,2025,32,PRES,344.2
908267,2025,33,MONTAJ,383.6
908268,2025,41,KESIM,186.6
908269,2025,41,MATBAA,232.1
908270,2025,41,PRES,325.6
908271,2025,41,MONTAJ,164.3
908272,2026,6,KESIM,410.5
908273,2026,7,DIJITAL,535.4
908274,2026,7,PRES,299
908275,2026,7,MONTAJ,353.1
908276,2026,19,KESIM,475.4
908277,2026,19,MATBAA,309.6
908278,2026,19,PRES,637.3
908279,2026,19,MONTAJ,325.2
908280,2025,50,KESIM,278.4
908281,2025,50,MATBAA,518.3
908282,2025,51,PRES,416.3
908283,2025,51,MONTAJ,619.3
908284,2025,49,KESIM,599.4
908285,2025,49,PRES,304.7
908286,2025,49,MONTAJ,456
908287,2026,27,KESIM,638.3
908288,2026,27,MATBAA,541.6
908289,2026,27,MONTAJ,537.7
908290,2026,25,KESIM,194.9
908291,2026,25,MATBAA,221.5
908292,2026,25,PRES,132.9
908293,2026,25,MONTAJ,185.8
908294,2026,10,KESIM,212.1
908295,2026,10,DIJITAL,182
908296,2026,11,PRES,366.9
908297,2026,11,MONTAJ,345.3
908298,2025,45,KESIM,246.5
908299,2025,45,MATBAA,286.1
908300,2025,45,PRES,270.1
908301,2025,45,MONTAJ,249.1
908302,2025,30,KESIM,346.6
908303,2025,30,PRES,490.2
908304,2025,30,MONTAJ,540.8
908305,2026,21,KESIM,462.8
908306,2026,21,PRES,253.5
908307,2026,22,MONTAJ,356.2
908308,2025,37,KESIM,207.3
908309,2025,37,MATBAA,396.8
908310,2025,37,MONTAJ,178.3
908311,2026,5,KESIM,519
908312,2026,5,MATBAA,181.8
908313,2026,5,PRES,513.3
908314,2026,6,MONTAJ,292.9
908315,2026,14,KESIM,262.4
908316,2026,14,PRES,534.3
908317,2026,15,MONTAJ,161.1
908318,2025,38,KESIM,278.1
908319,2025,38,PRES,231.4
908320,2025,38,MONTAJ,559.4
908321,2026,18,KESIM,456
908322,2026,18,PRES,588.4
908323,2026,18,MONTAJ,209.7
908324,2025,52,KESIM,598.1
908325,2025,52,MATBAA,317.6
908326,2025,52,PRES,387.7
908327,2025,1,MONTAJ,305.2
908328,2025,47,KESIM,199.7
908329,2025,48,PRES,319.6
908330,2025,48,MONTAJ,555
908331,2025,28,KESIM,409.9
908332,2025,29,MATBAA,178.3
908333,2025,29,MONTAJ,292.6
908334,2025,28,KESIM,530.7
908335,2025,28,MATBAA,418.6
908336,2025,29,MONTAJ,225.8
908337,2026,11,KESIM,461
908338,2026,11,PRES,507
908339,2026,12,MONTAJ,589.2
908344,2025,32,KESIM,443.3
908345,2025,32,PRES,129.8
908346,2025,32,MONTAJ,343.9
908347,2026,17,KESIM,211.6
908348,2026,18,PRES,301.2
908349,2026,18,MONTAJ,533.4
908350,2025,45,KESIM,544.8
908351,2025,46,MATBAA,197.8
908352,2025,46,MONTAJ,620.7
908353,2026,23,KESIM,196.3
908354,2026,23,MATBAA,622.2
908355,2026,23,PRES,408.8
908356,2026,23,MONTAJ,546.9
908357,2025,35,KESIM,440.4
908358,2025,35,MATBAA,588.5
908359,2025,35,PRES,309.1
908360,2025,35,MONTAJ,503.1
908361,2026,11,KESIM,256.2
908362,2026,11,MATBAA,580.9
908363,2026,12,PRES,607.6
908364,2026,12,MONTAJ,304.4
908365,2026,12,KESIM,549.2
908366,2026,12,MATBAA,526.8
908367,2026,12,PRES,431.7
908368,2026,13,MONTAJ,181.9
908369,2025,29,KESIM,341.3
908370,2025,29,MATBAA,259.5
908371,2025,29,MONTAJ,145.2
908372,2025,29,KESIM,341.9
908373,2025,29,PRES,438.5
908374,2025,29,MONTAJ,504.2
908375,2025,28,KESIM,478.2
908376,2025,29,MATBAA,423.4
908377,2025,29,PRES,377.3
908378,2025,29,MONTAJ,325.3
908379,2026,18,KESIM,223.1
908380,2026,18,MATBAA,428.7
908381,2026,18,PRES,557.6
908382,2026,18,MONTAJ,446.8
908383,2026,16,KESIM,244.1
908384,2026,17,PRES,555.7
908385,2026,17,MONTAJ,478.5
908386,2026,16,KESIM,275
908387,2026,17,PRES,472.3
908388,2026,17,MONTAJ,576
908389,2026,22,KESIM,546.9
908390,2026,22,MATBAA,331.2
908391,2026,22,PRES,470
908392,2026,22,MONTAJ,521.2
908393,2026,27,KESIM,263.1
908394,2026,27,DIJITAL,526.9
908395,2026,28,PRES,498.2
908396,2026,28,MONTAJ,234.8
908397,2026,27,KESIM,422.8
908398,2026,27,MATBAA,567.5
908399,2026,27,PRES,206.3
908400,2026,27,MONTAJ,547.1
908401,2025,51,KESIM,150.7
908402,2025,51,MATBAA,472.3
908403,2025,51,PRES,586.7
908404,2025,51,MONTAJ,395.6
908405,2025,38,KESIM,531.5
908406,2025,39,DIJITAL,366.4
908407,2025,39,PRES,240.6
908408,2025,39,MONTAJ,480.6
908409,2026,5,KESIM,306.1
908410,2026,5,MATBAA,580
908411,2026,5,MONTAJ,546.1
908412,2025,45,KESIM,633.4
908413,2025,45,PRES,514.2
908414,2025,45,MONTAJ,599.2
908415,2026,16,KESIM,520
908416,2026,16,MATBAA,401.2
908417,2026,16,PRES,412.7
908418,2026,17,MONTAJ,493.2
908419,2025,50,KESIM,543.1
908420,2025,50,DIJITAL,164.3
908421,2025,50,PRES,512.4
908422,2025,50,MONTAJ,566.8
908423,2025,27,KESIM,417.3
908424,2025,27,MATBAA,378.9
908425,2025,27,PRES,128.3
908426,2025,27,MONTAJ,623.1
908427,2025,45,KESIM,407.5
908428,2025,45,MATBAA,481
908429,2025,45,MONTAJ,320.7
908430,2026,26,KESIM,532.1
908431,2026,26,MATBAA,444.3
908432,2026,27,MONTAJ,179.8
