STOK_KODU,CARI_KOD,FISNO,TARIH,MIKTAR1,MIKTAR2,NET_FIYAT,STHAR_GCKOD,STHAR_HTUR,DOLAR_KURU,STHAR_ACIKLAMA,EKALAN,EKALAN1,TUTAR_USD,ODE_GUN,YIL,AY,HAFTA
D00003,320.01.0008,IRS23700001,2023-03-15,1000,1000,164.6704,1,YERLİ,21.2333,Sevk irsaliyesi,H,Şartlı kabul,7755.29,90,2023,3,11
H00014,320.01.0005,IRS23700002,2023-03-30,1000,1,54.6007,1,İTHAL,21.2333,Numune kabul,H,Şartlı kabul,2571.4656,0,2023,3,13
D00011,320.01.0002,IRS23700003,2023-04-08,250,250,46.3166,1,YERLİ,22.45,Sevk irsaliyesi,E,Şartlı kabul,515.7751,60,2023,4,14
D00004,320.01.0048,IRS23700004,2023-02-12,500,500,14.0433,1,YERLİ,20.0167,İthalat dosyası,H,,350.7896,0,2023,2,6
H00014,320.01.0048,IRS23700005,2023-01-31,1000,1,48.1629,1,YERLİ,18.8,Mal kabul,E,Şartlı kabul,2561.8564,0,2023,1,5
H00015,320.01.0048,IRS23700006,2023-03-07,500,0.5,14.421,1,YERLİ,21.2333,İthalat dosyası,H,,339.5845,60,2023,3,10
D00001,320.01.0004,IRS23700007,2023-04-11,500,500,148.1728,1,YERLİ,22.45,Numune kabul,H,Şartlı kabul,3300.0624,60,2023,4,15
D00004,320.01.0006,IRS23700008,2023-03-13,250,250,12.4345,1,YERLİ,21.2333,Sevk irsaliyesi,E,Kalite onaylı,146.4033,90,2023,3,11
D00010,320.01.0001,IRS23700009,2023-02-03,2000,2000,166.5973,1,YERLİ,20.0167,Kısmi teslim,H,,16645.8307,45,2023,2,5
H00007,320.01.0001,IRS23700010,2023-01-28,2000,2,55.242,1,YERLİ,18.8,Sevk irsaliyesi,H,Şartlı kabul,5876.8085,45,2023,1,4
H00011,320.01.0007,IRS23700011,2023-01-22,120,0.12,28.5813,1,İTHAL,18.8,Sevk irsaliyesi,H,,182.4338,60,2023,1,3
D00004,320.01.0052,IRS23700012,2023-01-29,2000,2000,13.2327,1,YERLİ,18.8,Mal kabul,E,,1407.734,45,2023,1,4
D00002,320.01.0052,IRS23700013,2023-04-06,500,500,90.2709,1,YERLİ,22.45,Mal kabul,H,Kalite onaylı,2010.4878,30,2023,4,14
H00014,320.01.0018,IRS23700014,2023-03-09,500,0.5,55.7096,1,İTHAL,21.2333,Mal kabul,H,,1311.8451,30,2023,3,10
H00004,320.01.0002,IRS23700015,2023-01-15,10000,10,14.345,1,YERLİ,18.8,Numune kabul,H,Kalite onaylı,7630.3191,90,2023,1,2
H00009,320.01.0002,IRS23700016,2023-04-01,1000,1,11.0334,1,YERLİ,22.45,Sevk irsaliyesi,H,Şartlı kabul,491.4655,0,2023,4,13
D00010,320.01.0026,IRS23700018,2023-02-19,120,120,194.413,1,YERLİ,20.0167,Sevk irsaliyesi,E,Şartlı kabul,1165.5048,90,2023,2,7
H00004,320.01.0026,IRS23700019,2023-04-08,120,0.12,12.4273,1,YERLİ,22.45,Mal kabul,H,Şartlı kabul,66.4265,30,2023,4,14
H00009,320.01.0026,IRS23700020,2023-02-21,120,0.12,13.6888,1,YERLİ,20.0167,Numune kabul,E,,82.0643,0,2023,2,8
H00016,320.01.0001,IRS23700021,2023-04-14,5000,5000,28.9838,1,YERLİ,22.45,Sevk irsaliyesi,E,Kalite onaylı,6455.1893,90,2023,4,15
H00015,320.01.0001,IRS23700022,2023-03-06,2500,2.5,15.9294,1,YERLİ,21.2333,Sevk irsaliyesi,H,Şartlı kabul,1875.521,30,2023,3,10
D00007,320.01.0001,IRS23700023,2023-03-07,500,500,67.6888,1,YERLİ,21.2333,Numune kabul,H,,1593.9303,60,2023,3,10
H00007,320.01.0001,IRS23700024,2023-01-25,5000,5,51.9546,1,YERLİ,18.8,İthalat dosyası,E,,13817.7128,90,2023,1,4
H00002,320.01.0001,IRS23700025,2023-02-25,10000,10,50.6452,1,YERLİ,20.0167,İthalat dosyası,E,Şartlı kabul,25301.4733,0,2023,2,8
D00006,320.01.0004,IRS23700026,2023-02-18,250,250,114.0553,1,YERLİ,20.0167,Sevk irsaliyesi,E,Kalite onaylı,1424.5018,90,2023,2,7
H00009,320.01.0001,IRS23700027,2023-04-15,120,0.12,10.9564,1,YERLİ,22.45,İthalat dosyası,H,Kalite onaylı,58.5643,60,2023,4,15
H00010,320.01.0001,IRS23700028,2023-03-03,5000,5,15.5628,1,YERLİ,21.2333,Numune kabul,E,Kalite onaylı,3664.7153,60,2023,3,9
H00001,320.01.0009,IRS23700029,2023-02-26,1000,1,32.1822,1,İTHAL,20.0167,Mal kabul,H,,1607.7675,0,2023,2,8
D00004,320.01.0006,IRS23700030,2023-03-07,1000,1000,13.8424,1,YERLİ,21.2333,Sevk irsaliyesi,E,Kalite onaylı,651.9194,30,2023,3,10
D00005,320.01.0038,IRS23700031,2023-02-27,2000,2000,151.9587,1,YERLİ,20.0167,İthalat dosyası,E,Kalite onaylı,15183.192,45,2023,2,9
H00004,320.01.0010,IRS23700032,2023-02-07,250,0.25,12.6029,1,YERLİ,20.0167,Kısmi teslim,E,,157.4048,30,2023,2,6
D00007,320.01.0010,IRS23700033,2023-01-20,1000,1000,69.6114,1,YERLİ,18.8,Sevk irsaliyesi,H,,3702.734,0,2023,1,3
H00007,320.01.0010,IRS23700034,2023-01-27,10000,10,57.5572,1,YERLİ,18.8,Kısmi teslim,H,Kalite onaylı,30615.5319,45,2023,1,4
H00014,320.01.0010,IRS23700035,2023-01-26,120,0.12,56.2261,1,YERLİ,18.8,Sevk irsaliyesi,E,,358.89,45,2023,1,4
H00003,320.01.0010,IRS23700036,2023-04-10,120,0.12,19.5296,1,YERLİ,22.45,Kısmi teslim,E,Şartlı kabul,104.3898,60,2023,4,15
H00001,320.01.0010,IRS23700037,2023-04-21,120,0.12,28.8588,1,YERLİ,22.45,Sevk irsaliyesi,E,Kalite onaylı,154.2564,30,2023,4,16
H00013,320.01.0001,IRS23700038,2023-02-15,120,120,29.3139,1,YERLİ,20.0167,Numune kabul,H,Şartlı kabul,175.7367,60,2023,2,7
H00013,320.01.0001,IRS23700039,2023-04-12,10000,10000,29.5162,1,YERLİ,22.45,İthalat dosyası,H,Şartlı kabul,13147.5278,60,2023,4,15
H00004,320.01.0001,IRS23700040,2023-01-24,120,0.12,12.3448,1,YERLİ,18.8,Numune kabul,H,Şartlı kabul,78.7966,45,2023,1,4
H00013,320.01.0015,IRS23700041,2023-01-25,2000,2000,33.8014,1,İTHAL,18.8,İthalat dosyası,H,,3595.8936,45,2023,1,4
D00008,320.01.0026,IRS23700042,2023-04-14,1000,1000,206.7864,1,YERLİ,22.45,Numune kabul,H,Şartlı kabul,9210.9755,60,2023,4,15
H00005,320.01.0026,IRS23700043,2023-01-22,500,0.5,29.6886,1,YERLİ,18.8,İthalat dosyası,H,,789.5904,0,2023,1,3
D00010,320.01.0026,IRS23700044,2023-04-14,500,500,169.9269,1,YERLİ,22.45,Sevk irsaliyesi,E,Kalite onaylı,3784.5635,30,2023,4,15
D00005,320.01.0010,IRS23700046,2023-01-30,5000,5000,172.311,1,YERLİ,18.8,Numune kabul,H,Şartlı kabul,45827.3936,60,2023,1,5
D00011,320.01.0004,IRS23700047,2023-04-22,250,250,38.9661,1,YERLİ,22.45,Mal kabul,H,Şartlı kabul,433.9209,0,2023,4,16
H00008,320.01.0004,IRS23700048,2023-03-15,5000,5,11.1673,1,YERLİ,21.2333,Numune kabul,E,,2629.6666,45,2023,3,11
H00006,320.01.0006,IRS23700049,2023-03-23,10000,10,54.3273,1,YERLİ,21.2333,Sevk irsaliyesi,E,Kalite onaylı,25585.8957,30,2023,3,12
H00010,320.01.0004,IRS23700050,2023-03-02,1000,1,15.3047,1,YERLİ,21.2333,Kısmi teslim,E,,720.7876,45,2023,3,9
H00013,320.01.0047,IRS23700051,2023-03-18,500,500,31.0541,1,YERLİ,21.2333,Mal kabul,H,Şartlı kabul,731.2594,0,2023,3,11
H00005,320.01.0047,IRS23700052,2023-01-30,10000,10,26.1153,1,YERLİ,18.8,İthalat dosyası,E,Şartlı kabul,13891.117,30,2023,1,5
D00008,320.01.0001,IRS23700053,2023-02-27,500,500,203.0417,1,YERLİ,20.0167,Numune kabul,H,Kalite onaylı,5071.8075,60,2023,2,9
H00005,320.01.0015,IRS23700055,2023-02-09,5000,5,26.5275,1,İTHAL,20.0167,İthalat dosyası,H,Kalite onaylı,6626.342,30,2023,2,6
H00001,320.01.0015,IRS23700056,2023-01-22,250,0.25,26.3067,1,İTHAL,18.8,Kısmi teslim,H,,349.8231,0,2023,1,3
D00008,320.01.0015,IRS23700057,2023-04-21,500,500,189.2081,1,İTHAL,22.45,İthalat dosyası,H,Şartlı kabul,4213.9889,30,2023,4,16
D00011,320.01.0010,IRS23700058,2023-04-25,10000,10000,46.8341,1,YERLİ,22.45,Mal kabul,H,,20861.5145,60,2023,4,17
D00001,320.01.0010,IRS23700059,2023-01-31,250,250,166.2342,1,YERLİ,18.8,Numune kabul,E,,2210.5612,60,2023,1,5
H00014,320.01.0001,IRS23700060,2023-01-26,1000,1,44.7359,1,YERLİ,18.8,Numune kabul,E,Şartlı kabul,2379.5691,0,2023,1,4
H00006,320.01.0001,IRS23700061,2023-02-03,10000,10,60.6879,1,YERLİ,20.0167,İthalat dosyası,H,Şartlı kabul,30318.6339,90,2023,2,5
H00007,320.01.0008,IRS23700062,2023-02-03,1000,1,54.0548,1,YERLİ,20.0167,Sevk irsaliyesi,E,Şartlı kabul,2700.4851,90,2023,2,5
H00004,320.01.0008,IRS23700063,2023-03-10,1000,1,13.2891,1,YERLİ,21.2333,Sevk irsaliyesi,E,Kalite onaylı,625.8613,45,2023,3,10
H00009,320.01.0018,IRS23700064,2023-04-18,1000,1,13.3496,1,İTHAL,22.45,Mal kabul,E,Kalite onaylı,594.637,30,2023,4,16
H00003,320.01.0018,IRS23700065,2023-02-14,5000,5,18.528,1,İTHAL,20.0167,Numune kabul,E,Şartlı kabul,4628.1355,60,2023,2,7
D00004,320.01.0021,IRS23700066,2023-02-24,10000,10000,13.8009,1,İTHAL,20.0167,Kısmi teslim,E,Kalite onaylı,6894.6929,0,2023,2,8
D00008,320.01.0021,IRS23700067,2023-01-25,5000,5000,191.2584,1,İTHAL,18.8,Numune kabul,H,,50866.5957,45,2023,1,4
D00005,320.01.0054,IRS23700068,2023-04-21,2000,2000,144.0065,1,YERLİ,22.45,Kısmi teslim,H,,12829.0869,60,2023,4,16
H00006,320.01.0054,IRS23700069,2023-02-22,5000,5,57.7891,1,YERLİ,20.0167,Kısmi teslim,E,,14435.2216,30,2023,2,8
H00008,320.01.0002,IRS23700070,2023-02-08,1000,1,12.5594,1,YERLİ,20.0167,Kısmi teslim,E,,627.4461,90,2023,2,6
D00011,320.01.0002,IRS23700071,2023-03-01,500,500,47.8824,1,YERLİ,21.2333,Kısmi teslim,E,,1127.5308,45,2023,3,9
D00012,320.01.0035,IRS23700072,2023-03-08,2000,2000,95.9117,1,YERLİ,21.2333,Kısmi teslim,H,,9034.0833,0,2023,3,10
D00009,320.01.0035,IRS23700073,2023-02-02,120,120,41.9138,1,YERLİ,20.0167,Kısmi teslim,H,,251.273,60,2023,2,5
D00011,320.01.0035,IRS23700074,2023-03-11,125,125,41.9471,1,YERLİ,21.2333,İthalat dosyası,H,,246.9417,60,2023,3,10
H00006,320.01.0053,IRS23700075,2023-02-21,10000,10,51.8245,1,YERLİ,20.0167,Kısmi teslim,E,,25890.6313,0,2023,2,8
D00008,320.01.0011,IRS23700076,2023-02-20,2000,2000,172.1711,1,YERLİ,20.0167,İthalat dosyası,E,Şartlı kabul,17202.7457,30,2023,2,8
H00001,320.01.0031,IRS23700077,2023-01-29,10000,10,28.8122,1,YERLİ,18.8,Numune kabul,H,Kalite onaylı,15325.6383,30,2023,1,4
H00010,320.01.0031,IRS23700078,2023-04-18,10000,10,14.4474,1,YERLİ,22.45,Sevk irsaliyesi,E,,6435.3675,45,2023,4,16
D00007,320.01.0051,IRS23700079,2023-02-14,2000,2000,82.3702,1,YERLİ,20.0167,Kısmi teslim,H,Şartlı kabul,8230.1478,45,2023,2,7
D00003,320.01.0051,IRS23700080,2023-02-10,5000,5000,170.2012,1,YERLİ,20.0167,İthalat dosyası,H,Şartlı kabul,42514.8001,90,2023,2,6
D00008,320.01.0051,IRS23700081,2023-03-19,5000,5000,202.3321,1,YERLİ,21.2333,Mal kabul,H,Şartlı kabul,47644.9963,30,2023,3,11
D00004,320.01.0031,IRS23700082,2023-02-14,500,500,13.2625,1,YERLİ,20.0167,Numune kabul,H,,331.2859,30,2023,2,7
H00005,320.01.0001,IRS23700083,2023-02-27,120,0.12,28.9986,1,YERLİ,20.0167,Numune kabul,H,,173.8464,90,2023,2,9
D00010,320.01.0005,IRS23700084,2023-02-21,250,250,179.8598,1,İTHAL,20.0167,Numune kabul,H,Kalite onaylı,2246.3718,60,2023,2,8
H00010,320.01.0005,IRS23700085,2023-03-10,250,0.25,15.4108,1,İTHAL,21.2333,Numune kabul,H,Şartlı kabul,181.4461,60,2023,3,10
H00001,320.01.0005,IRS23700086,2023-02-05,10000,10,30.435,1,İTHAL,20.0167,Kısmi teslim,E,Şartlı kabul,15204.804,90,2023,2,5
D00009,320.01.0004,IRS23700087,2023-02-20,10000,10000,42.0254,1,YERLİ,20.0167,Numune kabul,H,Şartlı kabul,20995.169,45,2023,2,8
D00006,320.01.0034,IRS23700088,2023-04-02,5000,5000,96.7962,1,İTHAL,22.45,Mal kabul,E,Şartlı kabul,21558.1737,30,2023,4,13
H00011,320.01.0034,IRS23700089,2023-02-16,250,0.25,33.1,1,İTHAL,20.0167,Mal kabul,H,,413.4048,45,2023,2,7
D00007,320.01.0001,IRS23700090,2023-05-04,120,120,79.9278,1,YERLİ,23.6667,İthalat dosyası,E,Şartlı kabul,405.2671,0,2023,5,18
H00010,320.01.0001,IRS23700091,2023-03-29,250,0.25,14.7867,1,YERLİ,21.2333,Sevk irsaliyesi,E,Kalite onaylı,174.098,45,2023,3,13
H00014,320.01.0004,IRS23700092,2023-04-09,1000,1,53.5704,1,YERLİ,22.45,Mal kabul,H,,2386.2094,0,2023,4,14
H00015,320.01.0004,IRS23700093,2023-02-15,250,0.25,15.1576,1,YERLİ,20.0167,Mal kabul,E,Kalite onaylı,189.3119,30,2023,2,7
H00010,320.01.0004,IRS23700094,2023-02-27,1000,1,15.6284,1,YERLİ,20.0167,Kısmi teslim,H,Şartlı kabul,780.7681,90,2023,2,9
H00007,320.01.0001,IRS23700095,2023-02-12,500,0.5,62.3054,1,YERLİ,20.0167,Sevk irsaliyesi,H,Kalite onaylı,1556.3355,30,2023,2,6
H00016,320.01.0001,IRS23700096,2023-03-08,500,500,24.1069,1,YERLİ,21.2333,Mal kabul,H,Kalite onaylı,567.6673,90,2023,3,10
D00002,320.01.0001,IRS23700097,2023-02-07,2000,2000,81.8962,1,YERLİ,20.0167,Sevk irsaliyesi,E,Kalite onaylı,8182.7874,90,2023,2,6
H00004,320.01.0001,IRS23700098,2023-02-09,1000,1,12.5558,1,YERLİ,20.0167,İthalat dosyası,E,,627.2662,90,2023,2,6
D00008,320.01.0001,IRS23700099,2023-02-27,500,500,174.3464,1,YERLİ,20.0167,Numune kabul,E,Kalite onaylı,4355.0236,60,2023,2,9
D00012,320.01.0001,IRS23700100,2023-02-23,5000,5000,79.3748,1,YERLİ,20.0167,Kısmi teslim,E,Şartlı kabul,19827.1443,30,2023,2,8
H00011,320.01.0001,IRS23700101,2023-02-23,2000,2,31.5192,1,YERLİ,20.0167,Numune kabul,H,Şartlı kabul,3149.2903,0,2023,2,8
H00011,320.01.0001,IRS23700102,2023-04-07,250,0.25,31.4459,1,YERLİ,22.45,Mal kabul,H,Kalite onaylı,350.1771,0,2023,4,14
H00014,320.01.0001,IRS23700103,2023-04-09,5000,5,47.2709,1,YERLİ,22.45,Numune kabul,E,,10528.0401,90,2023,4,14
D00007,320.01.0040,IRS23700104,2023-03-13,5000,5000,81.1048,1,YERLİ,21.2333,Sevk irsaliyesi,E,,19098.4915,30,2023,3,11
H00005,320.01.0012,IRS23700105,2023-02-13,10000,10,30.0947,1,YERLİ,20.0167,İthalat dosyası,H,Şartlı kabul,15034.7959,30,2023,2,7
H00014,320.01.0012,IRS23700106,2023-03-01,500,0.5,51.4901,1,YERLİ,21.2333,Numune kabul,H,Kalite onaylı,1212.4846,0,2023,3,9
H00010,320.01.0003,IRS23700107,2023-05-05,2000,2,15.4576,1,YERLİ,23.6667,Mal kabul,E,,1306.2742,45,2023,5,18
H00003,320.01.0003,IRS23700108,2023-03-21,250,0.25,19.5301,1,YERLİ,21.2333,İthalat dosyası,H,,229.9466,90,2023,3,12
D00011,320.01.0003,IRS23700109,2023-02-19,2000,2000,47.7653,1,YERLİ,20.0167,Numune kabul,H,Kalite onaylı,4772.5449,60,2023,2,7
H00002,320.01.0040,IRS23700110,2023-03-15,10000,10,54.5128,1,YERLİ,21.2333,İthalat dosyası,H,Şartlı kabul,25673.2585,0,2023,3,11
H00015,320.01.0009,IRS23700111,2023-02-26,250,0.25,15.9456,1,İTHAL,20.0167,Mal kabul,E,,199.1537,30,2023,2,8
H00003,320.01.0009,IRS23700112,2023-02-22,2500,2.5,18.8206,1,İTHAL,20.0167,Kısmi teslim,H,,2350.6122,0,2023,2,8
D00001,320.01.0009,IRS23700113,2023-04-29,10000,10000,164.3315,1,İTHAL,22.45,Sevk irsaliyesi,E,Kalite onaylı,73198.8864,45,2023,4,17
H00001,320.01.0002,IRS23700114,2023-02-18,5000,5,30.452,1,YERLİ,20.0167,Numune kabul,E,Kalite onaylı,7606.6484,60,2023,2,7
D00005,320.01.0021,IRS23700115,2023-04-01,2000,2000,153.6274,1,İTHAL,22.45,İthalat dosyası,H,Kalite onaylı,13686.1826,0,2023,4,13
H00006,320.01.0021,IRS23700116,2023-03-06,120,0.12,55.2137,1,İTHAL,21.2333,Numune kabul,E,Şartlı kabul,312.0402,0,2023,3,10
H00013,320.01.0005,IRS23700117,2023-05-12,500,500,32.3395,1,İTHAL,23.6667,Numune kabul,H,Kalite onaylı,683.2279,45,2023,5,19
H00003,320.01.0005,IRS23700118,2023-02-14,250,0.25,21.3924,1,İTHAL,20.0167,Kısmi teslim,H,Kalite onaylı,267.1819,45,2023,2,7
H00011,320.01.0005,IRS23700119,2023-03-16,1000,1,32.0895,1,İTHAL,21.2333,İthalat dosyası,E,Şartlı kabul,1511.2818,60,2023,3,11
D00001,320.01.0005,IRS23700120,2023-05-08,10000,10000,176.5845,1,İTHAL,23.6667,Sevk irsaliyesi,H,Kalite onaylı,74613.0639,45,2023,5,19
D00010,320.01.0054,IRS23700121,2023-04-05,120,120,181.4226,1,YERLİ,22.45,Sevk irsaliyesi,H,Kalite onaylı,969.7422,45,2023,4,14
D00002,320.01.0054,IRS23700122,2023-03-04,250,250,104.721,1,YERLİ,21.2333,Numune kabul,H,Kalite onaylı,1232.9807,90,2023,3,9
H00010,320.01.0054,IRS23700123,2023-02-24,1000,1,14.2739,1,YERLİ,20.0167,İthalat dosyası,H,Kalite onaylı,713.0996,30,2023,2,8
D00006,320.01.0035,IRS23700124,2023-03-25,1000,1000,111.2456,1,YERLİ,21.2333,Numune kabul,E,Şartlı kabul,5239.2045,90,2023,3,12
D00009,320.01.0005,IRS23700125,2023-02-24,2000,2000,41.466,1,İTHAL,20.0167,İthalat dosyası,H,Kalite onaylı,4143.1405,60,2023,2,8
H00006,320.01.0005,IRS23700126,2023-04-08,5000,5,54.837,1,İTHAL,22.45,Mal kabul,H,Kalite onaylı,12213.1403,60,2023,4,14
H00015,320.01.0016,IRS23700127,2023-05-05,250,0.25,15.6633,1,İTHAL,23.6667,Sevk irsaliyesi,H,,165.4572,60,2023,5,18
H00015,320.01.0016,IRS23700129,2023-04-13,2000,2,14.5553,1,İTHAL,22.45,İthalat dosyası,E,Kalite onaylı,1296.686,60,2023,4,15
D00006,320.01.0022,IRS23700130,2023-03-27,1000,1000,108.3569,1,İTHAL,21.2333,Mal kabul,H,,5103.1587,30,2023,3,13
H00016,320.01.0022,IRS23700131,2023-05-10,5000,5000,30.3232,1,İTHAL,23.6667,Numune kabul,H,Kalite onaylı,6406.3008,60,2023,5,19
D00005,320.01.0022,IRS23700132,2023-03-12,10000,10000,182.9956,1,İTHAL,21.2333,Mal kabul,H,,86183.3064,60,2023,3,10
H00008,320.01.0004,IRS23700133,2023-02-18,2000,2,14.2621,1,YERLİ,20.0167,Kısmi teslim,E,,1425.0201,60,2023,2,7
H00014,320.01.0004,IRS23700134,2023-04-14,250,0.25,58.9194,1,YERLİ,22.45,İthalat dosyası,H,Kalite onaylı,656.118,30,2023,4,15
D00003,320.01.0004,IRS23700135,2023-02-19,250,250,155.0735,1,YERLİ,20.0167,İthalat dosyası,E,Şartlı kabul,1936.8015,0,2023,2,7
H00007,320.01.0055,IRS23700136,2023-03-08,5000,5,55.0467,1,YERLİ,21.2333,Numune kabul,E,Şartlı kabul,12962.3516,45,2023,3,10
D00009,320.01.0017,IRS23700137,2023-03-25,2000,2000,43.0612,1,YERLİ,21.2333,Numune kabul,E,Şartlı kabul,4056.0064,30,2023,3,12
H00011,320.01.0017,IRS23700138,2023-05-11,120,0.12,30.8889,1,YERLİ,23.6667,Sevk irsaliyesi,E,,156.6196,60,2023,5,19
H00002,320.01.0017,IRS23700139,2023-05-05,2000,2,54.637,1,YERLİ,23.6667,Numune kabul,E,Şartlı kabul,4617.2048,60,2023,5,18
H00011,320.01.0015,IRS23700140,2023-03-29,5000,5,34.8382,1,İTHAL,21.2333,Numune kabul,E,Kalite onaylı,8203.6706,90,2023,3,13
H00001,320.01.0015,IRS23700141,2023-02-27,10000,10,28.786,1,İTHAL,20.0167,İthalat dosyası,H,Kalite onaylı,14380.9919,30,2023,2,9
D00003,320.01.0017,IRS23700142,2023-04-06,120,120,188.5544,1,YERLİ,22.45,Sevk irsaliyesi,H,Kalite onaylı,1007.8632,0,2023,4,14
H00007,320.01.0018,IRS23700143,2023-05-15,5000,5,69.3198,1,İTHAL,23.6667,Sevk irsaliyesi,E,,14645.0075,30,2023,5,20
H00003,320.01.0018,IRS23700144,2023-03-13,1000,1,19.8119,1,İTHAL,21.2333,İthalat dosyası,E,,933.058,90,2023,3,11
H00001,320.01.0018,IRS23700145,2023-02-22,1000,1,33.9889,1,İTHAL,20.0167,Mal kabul,H,Şartlı kabul,1698.0271,45,2023,2,8
D00005,320.01.0002,IRS23700146,2023-02-28,500,500,163.4733,1,YERLİ,20.0167,Sevk irsaliyesi,H,Şartlı kabul,4083.4228,90,2023,2,9
H00006,320.01.0050,IRS23700147,2023-03-06,2000,2,67.1723,1,YERLİ,21.2333,Numune kabul,E,,6327.0712,90,2023,3,10
H00012,320.01.0004,IRS23700148,2023-03-03,500,500,59.4008,1,YERLİ,21.2333,İthalat dosyası,E,,1398.7651,45,2023,3,9
D00004,320.01.0004,IRS23700149,2023-04-19,120,120,14.5506,1,YERLİ,22.45,Mal kabul,H,,77.776,45,2023,4,16
D00002,320.01.0011,IRS23700150,2023-03-01,2000,2000,95.3472,1,YERLİ,21.2333,Kısmi teslim,E,Kalite onaylı,8980.9121,30,2023,3,9
H00016,320.01.0019,IRS23700151,2023-03-01,2000,2000,27.7833,1,YERLİ,21.2333,Mal kabul,E,,2616.9554,30,2023,3,9
H00009,320.01.0019,IRS23700152,2023-03-05,120,0.12,12.593,1,YERLİ,21.2333,İthalat dosyası,E,Kalite onaylı,71.1693,0,2023,3,9
H00003,320.01.0019,IRS23700153,2023-03-25,1000,1,20.4919,1,YERLİ,21.2333,Mal kabul,E,Kalite onaylı,965.0831,30,2023,3,12
D00012,320.01.0003,IRS23700154,2023-05-14,250,250,100.9908,1,YERLİ,23.6667,Kısmi teslim,H,Şartlı kabul,1066.8027,45,2023,5,19
H00016,320.01.0003,IRS23700155,2023-03-13,5000,5000,24.597,1,YERLİ,21.2333,Mal kabul,E,Kalite onaylı,5792.0813,45,2023,3,11
H00012,320.01.0002,IRS23700156,2023-03-21,120,120,65.4772,1,YERLİ,21.2333,Kısmi teslim,H,Şartlı kabul,370.0444,30,2023,3,12
D00012,320.01.0002,IRS23700157,2023-03-02,10000,10000,84.314,1,YERLİ,21.2333,Kısmi teslim,H,Şartlı kabul,39708.3826,45,2023,3,9
D00012,320.01.0017,IRS23700158,2023-03-04,120,120,88.7831,1,YERLİ,21.2333,Numune kabul,H,Şartlı kabul,501.7577,45,2023,3,9
D00009,320.01.0005,IRS23700159,2023-05-12,5000,5000,41.4592,1,İTHAL,23.6667,Kısmi teslim,E,Şartlı kabul,8758.9736,0,2023,5,19
D00004,320.01.0007,IRS23700160,2023-03-26,250,250,15.1288,1,İTHAL,21.2333,Numune kabul,E,Şartlı kabul,178.1259,0,2023,3,12
H00005,320.01.0007,IRS23700161,2023-05-12,5000,5,29.0542,1,İTHAL,23.6667,Sevk irsaliyesi,H,Kalite onaylı,6138.2026,90,2023,5,19
H00002,320.01.0007,IRS23700162,2023-05-16,500,0.5,55.8137,1,İTHAL,23.6667,Numune kabul,E,Kalite onaylı,1179.161,0,2023,5,20
D00002,320.01.0011,IRS23700163,2023-03-04,1000,1000,89.4747,1,YERLİ,21.2333,Mal kabul,E,Kalite onaylı,4213.8857,0,2023,3,9
D00006,320.01.0003,IRS23700164,2023-02-23,250,250,113.2414,1,YERLİ,20.0167,Kısmi teslim,H,Kalite onaylı,1414.3365,90,2023,2,8
H00007,320.01.0003,IRS23700165,2023-03-22,120,0.12,60.1139,1,YERLİ,21.2333,Mal kabul,H,Kalite onaylı,339.7337,30,2023,3,12
D00012,320.01.0003,IRS23700166,2023-04-02,10000,10000,100.1309,1,YERLİ,22.45,Kısmi teslim,H,Şartlı kabul,44601.7372,60,2023,4,13
D00005,320.01.0042,IRS23700167,2023-03-16,500,500,175.5812,1,YERLİ,21.2333,Sevk irsaliyesi,E,Şartlı kabul,4134.5716,90,2023,3,11
H00004,320.01.0042,IRS23700168,2023-03-08,2000,2,12.772,1,YERLİ,21.2333,Mal kabul,H,Kalite onaylı,1203.016,0,2023,3,10
H00012,320.01.0042,IRS23700169,2023-05-27,250,250,65.2029,1,YERLİ,23.6667,Numune kabul,E,,688.7621,0,2023,5,21
D00003,320.01.0046,IRS23700170,2023-03-19,10000,10000,191.3986,1,YERLİ,21.2333,Sevk irsaliyesi,H,,90140.7695,60,2023,3,11
D00007,320.01.0046,IRS23700171,2023-04-06,5000,5000,87.661,1,YERLİ,22.45,Kısmi teslim,E,Kalite onaylı,19523.608,60,2023,4,14
H00014,320.01.0003,IRS23700173,2023-04-17,250,0.25,55.3918,1,YERLİ,22.45,Kısmi teslim,E,Şartlı kabul,616.8352,45,2023,4,16
H00004,320.01.0044,IRS23700174,2023-03-20,5000,5,14.8231,1,YERLİ,21.2333,Kısmi teslim,E,Şartlı kabul,3490.5314,30,2023,3,12
H00001,320.01.0044,IRS23700175,2023-05-27,2000,2,32.9211,1,YERLİ,23.6667,Sevk irsaliyesi,H,,2782.0609,45,2023,5,21
H00003,320.01.0017,IRS23700176,2023-03-07,500,0.5,20.7182,1,YERLİ,21.2333,Sevk irsaliyesi,E,Kalite onaylı,487.8705,60,2023,3,10
D00007,320.01.0025,IRS23700177,2023-03-21,1000,1000,71.7869,1,YERLİ,21.2333,İthalat dosyası,H,,3380.864,45,2023,3,12
H00004,320.01.0020,IRS23700178,2023-05-29,1000,1,12.4396,1,YERLİ,23.6667,Kısmi teslim,E,Şartlı kabul,525.6162,45,2023,5,22
H00003,320.01.0033,IRS23700179,2023-03-14,2000,2,17.8892,1,YERLİ,21.2333,Mal kabul,E,Şartlı kabul,1685.0136,0,2023,3,11
H00012,320.01.0001,IRS23700180,2023-03-19,1000,1000,62.7937,1,YERLİ,21.2333,Sevk irsaliyesi,E,Şartlı kabul,2957.3218,60,2023,3,11
H00007,320.01.0001,IRS23700181,2023-04-18,500,0.5,58.3705,1,YERLİ,22.45,Kısmi teslim,H,Kalite onaylı,1300.0111,45,2023,4,16
D00008,320.01.0002,IRS23700182,2023-03-07,5000,5000,213.0732,1,YERLİ,21.2333,Kısmi teslim,H,Şartlı kabul,50174.3017,30,2023,3,10
D00006,320.01.0032,IRS23700183,2023-03-05,120,120,101.9372,1,YERLİ,21.2333,İthalat dosyası,H,Kalite onaylı,576.0981,60,2023,3,9
H00014,320.01.0032,IRS23700184,2023-05-30,120,0.12,52.5328,1,YERLİ,23.6667,Sevk irsaliyesi,E,Şartlı kabul,266.3631,45,2023,5,22
H00002,320.01.0032,IRS23700185,2023-03-17,5000,5,63.346,1,YERLİ,21.2333,İthalat dosyası,E,Kalite onaylı,14916.6639,60,2023,3,11
H00003,320.01.0020,IRS23700186,2023-04-19,10000,10,18.8565,1,YERLİ,22.45,Mal kabul,H,,8399.3318,90,2023,4,16
H00015,320.01.0020,IRS23700187,2023-04-06,1000,1,14.2237,1,YERLİ,22.45,Numune kabul,E,,633.5724,90,2023,4,14
H00013,320.01.0046,IRS23700188,2023-03-12,1000,1000,34.44,1,YERLİ,21.2333,Numune kabul,E,Şartlı kabul,1621.9806,90,2023,3,10
D00010,320.01.0046,IRS23700189,2023-03-31,500,500,208.2725,1,YERLİ,21.2333,Kısmi teslim,E,Kalite onaylı,4904.3837,30,2023,3,13
H00012,320.01.0003,IRS23700190,2023-03-27,10000,10000,53.7974,1,YERLİ,21.2333,Kısmi teslim,E,Kalite onaylı,25336.3349,60,2023,3,13
H00014,320.01.0016,IRS23700191,2023-04-25,120,0.12,57.7108,1,İTHAL,22.45,Numune kabul,E,Şartlı kabul,308.4764,60,2023,4,17
H00008,320.01.0004,IRS23700192,2023-03-12,2000,2,11.6441,1,YERLİ,21.2333,Kısmi teslim,E,Kalite onaylı,1096.7772,0,2023,3,10
D00006,320.01.0004,IRS23700193,2023-03-23,500,500,113.096,1,YERLİ,21.2333,İthalat dosyası,E,Şartlı kabul,2663.1753,60,2023,3,12
H00005,320.01.0004,IRS23700194,2023-05-28,120,0.12,33.4789,1,YERLİ,23.6667,Sevk irsaliyesi,H,,169.7519,0,2023,5,21
H00016,320.01.0001,IRS23700195,2023-04-22,500,500,24.9861,1,YERLİ,22.45,Kısmi teslim,H,Şartlı kabul,556.4833,0,2023,4,16
H00003,320.01.0001,IRS23700196,2023-03-14,500,0.5,22.6255,1,YERLİ,21.2333,Kısmi teslim,H,,532.7834,30,2023,3,11
H00003,320.01.0001,IRS23700197,2023-06-02,1000,1,19.2745,1,YERLİ,24.8833,İthalat dosyası,E,Şartlı kabul,774.5958,45,2023,6,22
D00004,320.01.0001,IRS23700198,2023-05-01,5000,5000,16.004,1,YERLİ,23.6667,Mal kabul,E,Şartlı kabul,3381.122,60,2023,5,18
H00003,320.01.0001,IRS23700199,2023-04-09,120,0.12,18.9636,1,YERLİ,22.45,Numune kabul,E,,101.3645,30,2023,4,14
D00006,320.01.0006,IRS23700200,2023-06-04,5000,5000,110.5284,1,YERLİ,24.8833,Kısmi teslim,E,Kalite onaylı,22209.3533,0,2023,6,22
H00009,320.01.0006,IRS23700201,2023-03-07,2000,2,11.8979,1,YERLİ,21.2333,Mal kabul,E,,1120.6831,0,2023,3,10
H00001,320.01.0002,IRS23700202,2023-03-23,500,0.5,29.3704,1,YERLİ,21.2333,Mal kabul,H,Kalite onaylı,691.6118,0,2023,3,12
H00001,320.01.0002,IRS23700203,2023-05-23,120,0.12,31.3492,1,YERLİ,23.6667,Mal kabul,E,,158.9535,30,2023,5,21
H00008,320.01.0001,IRS23700204,2023-03-19,120,0.12,11.9449,1,YERLİ,21.2333,Numune kabul,E,Şartlı kabul,67.5066,0,2023,3,11
H00011,320.01.0001,IRS23700205,2023-04-14,1000,1,36.3268,1,YERLİ,22.45,İthalat dosyası,E,Kalite onaylı,1618.1203,90,2023,4,15
H00002,320.01.0004,IRS23700206,2023-06-03,500,0.5,55.956,1,YERLİ,24.8833,Numune kabul,H,Kalite onaylı,1124.3686,60,2023,6,22
H00016,320.01.0004,IRS23700207,2023-03-11,250,250,28.572,1,YERLİ,21.2333,Mal kabul,E,Şartlı kabul,336.4056,60,2023,3,10
D00012,320.01.0004,IRS23700208,2023-03-17,1000,1000,87.7944,1,YERLİ,21.2333,Numune kabul,H,Kalite onaylı,4134.7506,60,2023,3,11
D00009,320.01.0004,IRS23700209,2023-05-02,5000,5000,43.7444,1,YERLİ,23.6667,Mal kabul,E,Şartlı kabul,9241.7616,60,2023,5,18
H00011,320.01.0004,IRS23700210,2023-04-03,2000,2,37.0742,1,YERLİ,22.45,Mal kabul,E,,3302.8241,45,2023,4,14
D00005,320.01.0037,IRS23700211,2023-04-06,10000,10000,155.1393,1,YERLİ,22.45,Kısmi teslim,E,Kalite onaylı,69104.3653,90,2023,4,14
D00012,320.01.0012,IRS23700212,2023-03-20,5000,5000,99.0235,1,YERLİ,21.2333,İthalat dosyası,E,Şartlı kabul,23317.9722,60,2023,3,12
H00016,320.01.0012,IRS23700213,2023-03-30,10000,10000,28.7441,1,YERLİ,21.2333,Numune kabul,H,Şartlı kabul,13537.274,45,2023,3,13
H00013,320.01.0005,IRS23700214,2023-04-07,2000,2000,33.4813,1,İTHAL,22.45,Numune kabul,H,Şartlı kabul,2982.7439,60,2023,4,14
D00008,320.01.0010,IRS23700215,2023-04-16,500,500,210.3552,1,YERLİ,22.45,Kısmi teslim,H,Şartlı kabul,4684.971,0,2023,4,15
D00001,320.01.0010,IRS23700216,2023-03-20,120,120,179.4168,1,YERLİ,21.2333,Mal kabul,E,Şartlı kabul,1013.9741,30,2023,3,12
H00004,320.01.0002,IRS23700217,2023-04-22,120,0.12,13.5978,1,YERLİ,22.45,Kısmi teslim,H,,72.6831,30,2023,4,16
H00015,320.01.0002,IRS23700218,2023-04-10,2000,2,18.508,1,YERLİ,22.45,Sevk irsaliyesi,E,Şartlı kabul,1648.8196,45,2023,4,15
H00003,320.01.0002,IRS23700219,2023-04-03,120,0.12,23.78,1,YERLİ,22.45,Sevk irsaliyesi,E,Şartlı kabul,127.1091,90,2023,4,14
H00016,320.01.0007,IRS23700220,2023-03-23,1000,1000,30.3772,1,İTHAL,21.2333,İthalat dosyası,H,,1430.6396,90,2023,3,12
H00002,320.01.0007,IRS23700221,2023-03-21,120,0.12,57.8982,1,İTHAL,21.2333,Sevk irsaliyesi,H,,327.2117,90,2023,3,12
H00003,320.01.0007,IRS23700222,2023-03-29,5000,5,20.1853,1,İTHAL,21.2333,Kısmi teslim,H,,4753.2178,90,2023,3,13
D00011,320.01.0038,IRS23700223,2023-04-02,500,500,50.0578,1,YERLİ,22.45,Mal kabul,H,Kalite onaylı,1114.8731,90,2023,4,13
H00009,320.01.0006,IRS23700224,2023-05-09,5000,5,14.5705,1,YERLİ,23.6667,Numune kabul,E,,3078.2703,60,2023,5,19
D00011,320.01.0002,IRS23700226,2023-04-25,250,250,44.0759,1,YERLİ,22.45,Numune kabul,H,Kalite onaylı,490.8229,45,2023,4,17
D00004,320.01.0002,IRS23700227,2023-05-02,5000,5000,14.3905,1,YERLİ,23.6667,Numune kabul,H,,3040.2422,30,2023,5,18
H00016,320.01.0011,IRS23700228,2023-03-23,120,120,30.4485,1,YERLİ,21.2333,Numune kabul,H,Şartlı kabul,172.0797,45,2023,3,12
H00005,320.01.0011,IRS23700229,2023-03-29,1000,1,29.7085,1,YERLİ,21.2333,Kısmi teslim,E,,1399.1466,0,2023,3,13
H00007,320.01.0035,IRS23700230,2023-05-10,2000,2,65.344,1,YERLİ,23.6667,İthalat dosyası,E,Kalite onaylı,5522.0204,60,2023,5,19
H00015,320.01.0035,IRS23700231,2023-03-12,250,0.25,17.7234,1,YERLİ,21.2333,İthalat dosyası,E,Şartlı kabul,208.6746,45,2023,3,10
H00005,320.01.0035,IRS23700232,2023-04-07,2000,2,33.4838,1,YERLİ,22.45,Mal kabul,E,Şartlı kabul,2982.9666,45,2023,4,14
D00009,320.01.0015,IRS23700233,2023-06-11,2000,2000,42.6945,1,İTHAL,24.8833,Kısmi teslim,H,,3431.5786,30,2023,6,23
D00006,320.01.0032,IRS23700234,2023-03-20,500,500,129.3608,1,YERLİ,21.2333,Mal kabul,H,,3046.1775,30,2023,3,12
H00016,320.01.0032,IRS23700235,2023-05-07,1000,1000,28.8621,1,YERLİ,23.6667,Sevk irsaliyesi,E,Kalite onaylı,1219.5236,0,2023,5,18
H00001,320.01.0032,IRS23700236,2023-04-26,250,0.25,33.0846,1,YERLİ,22.45,Numune kabul,E,Şartlı kabul,368.4254,45,2023,4,17
D00007,320.01.0002,IRS23700237,2023-05-07,250,250,83.0725,1,YERLİ,23.6667,İthalat dosyası,H,Şartlı kabul,877.5252,90,2023,5,18
H00006,320.01.0002,IRS23700238,2023-06-04,2000,2,62.0188,1,YERLİ,24.8833,Kısmi teslim,H,Şartlı kabul,4984.7729,45,2023,6,22
H00007,320.01.0001,IRS23700239,2023-04-02,500,0.5,70.3233,1,YERLİ,22.45,Numune kabul,E,,1566.2205,0,2023,4,13
H00016,320.01.0015,IRS23700240,2023-03-27,2000,2000,30.1734,1,İTHAL,21.2333,Sevk irsaliyesi,H,Şartlı kabul,2842.083,0,2023,3,13
H00004,320.01.0015,IRS23700241,2023-03-27,500,0.5,13.4979,1,İTHAL,21.2333,Sevk irsaliyesi,E,,317.8474,90,2023,3,13
D00011,320.01.0015,IRS23700242,2023-06-07,10000,10000,52.1395,1,İTHAL,24.8833,İthalat dosyası,H,,20953.6115,0,2023,6,23
H00014,320.01.0003,IRS23700243,2023-04-01,5000,5,50.6708,1,YERLİ,22.45,Kısmi teslim,E,,11285.2561,60,2023,4,13
D00007,320.01.0022,IRS23700244,2023-04-18,2000,2000,91.1629,1,İTHAL,22.45,Numune kabul,E,,8121.4165,60,2023,4,16
H00009,320.01.0022,IRS23700245,2023-05-03,1000,1,13.5622,1,İTHAL,23.6667,Kısmi teslim,H,Şartlı kabul,573.0499,0,2023,5,18
D00003,320.01.0031,IRS23700246,2023-03-21,5000,5000,185.183,1,YERLİ,21.2333,Mal kabul,E,,43606.7404,45,2023,3,12
D00008,320.01.0031,IRS23700247,2023-03-28,10000,10000,227.8221,1,YERLİ,21.2333,Mal kabul,H,Şartlı kabul,107294.721,0,2023,3,13
H00002,320.01.0015,IRS23700248,2023-06-07,120,0.12,67.1235,1,İTHAL,24.8833,Numune kabul,E,Şartlı kabul,323.7038,45,2023,6,23
H00002,320.01.0015,IRS23700249,2023-05-11,120,0.12,55.5788,1,İTHAL,23.6667,Mal kabul,E,Kalite onaylı,281.8076,30,2023,5,19
H00012,320.01.0015,IRS23700250,2023-03-30,5000,5000,65.2462,1,İTHAL,21.2333,Kısmi teslim,E,Kalite onaylı,15364.1215,60,2023,3,13
H00008,320.01.0008,IRS23700251,2023-04-04,10000,10,12.7157,1,YERLİ,22.45,Mal kabul,E,,5664.0089,30,2023,4,14
D00009,320.01.0006,IRS23700252,2023-04-18,120,120,39.6776,1,YERLİ,22.45,Sevk irsaliyesi,E,Kalite onaylı,212.0852,0,2023,4,16
H00015,320.01.0006,IRS23700253,2023-03-27,500,0.5,17.1372,1,YERLİ,21.2333,Mal kabul,E,Şartlı kabul,403.5454,90,2023,3,13
D00007,320.01.0006,IRS23700254,2023-05-14,500,500,83.8825,1,YERLİ,23.6667,Sevk irsaliyesi,H,,1772.163,90,2023,5,19
H00013,320.01.0006,IRS23700255,2023-05-04,5000,5000,33.1105,1,YERLİ,23.6667,Mal kabul,H,,6995.1662,30,2023,5,18
D00004,320.01.0036,IRS23700256,2023-05-08,120,120,13.4972,1,İTHAL,23.6667,Mal kabul,E,,68.4364,0,2023,5,19
D00004,320.01.0036,IRS23700257,2023-04-08,500,500,16.2456,1,İTHAL,22.45,Sevk irsaliyesi,H,Şartlı kabul,361.8174,30,2023,4,14
H00015,320.01.0036,IRS23700258,2023-05-08,120,0.12,18.3822,1,İTHAL,23.6667,Sevk irsaliyesi,H,Kalite onaylı,93.2054,60,2023,5,19
D00006,320.01.0015,IRS23700259,2023-03-31,250,250,124.28,1,İTHAL,21.2333,Kısmi teslim,E,Şartlı kabul,1463.2676,30,2023,3,13
H00011,320.01.0005,IRS23700260,2023-04-30,10000,10,32.6079,1,İTHAL,22.45,Sevk irsaliyesi,E,Kalite onaylı,14524.6771,90,2023,4,17
H00011,320.01.0005,IRS23700261,2023-04-06,10000,10,33.0379,1,İTHAL,22.45,Sevk irsaliyesi,E,,14716.2138,30,2023,4,14
H00003,320.01.0006,IRS23700262,2023-05-01,2000,2,23.2342,1,YERLİ,23.6667,Sevk irsaliyesi,H,,1963.4508,90,2023,5,18
H00013,320.01.0006,IRS23700263,2023-03-31,5000,5000,39.755,1,YERLİ,21.2333,Kısmi teslim,H,,9361.4747,30,2023,3,13
D00008,320.01.0008,IRS23700264,2023-06-06,500,500,215.2479,1,YERLİ,24.8833,Mal kabul,H,Kalite onaylı,4325.1478,90,2023,6,23
D00008,320.01.0008,IRS23700265,2023-06-12,1000,1000,208.5445,1,YERLİ,24.8833,Sevk irsaliyesi,E,Şartlı kabul,8380.9021,90,2023,6,24
H00007,320.01.0008,IRS23700266,2023-04-04,2000,2,63.9077,1,YERLİ,22.45,Kısmi teslim,E,Kalite onaylı,5693.3363,45,2023,4,14
D00002,320.01.0001,IRS23700267,2023-05-19,120,120,100.8924,1,YERLİ,23.6667,Mal kabul,H,Kalite onaylı,511.5664,90,2023,5,20
H00005,320.01.0001,IRS23700268,2023-05-03,10000,10,35.4484,1,YERLİ,23.6667,Sevk irsaliyesi,E,Şartlı kabul,14978.1761,45,2023,5,18
D00004,320.01.0001,IRS23700269,2023-05-02,500,500,14.3826,1,YERLİ,23.6667,Mal kabul,H,,303.8573,45,2023,5,18
H00010,320.01.0003,IRS23700270,2023-03-26,5000,5,16.0824,1,YERLİ,21.2333,Mal kabul,H,Kalite onaylı,3787.0703,60,2023,3,12
H00010,320.01.0051,IRS23700272,2023-06-08,1000,1,18.2386,1,YERLİ,24.8833,Numune kabul,H,,732.9655,30,2023,6,23
D00012,320.01.0051,IRS23700273,2023-04-03,120,120,101.514,1,YERLİ,22.45,Kısmi teslim,H,Kalite onaylı,542.6138,60,2023,4,14
D00001,320.01.0004,IRS23700274,2023-03-25,2500,2500,174.1778,1,YERLİ,21.2333,Sevk irsaliyesi,E,,20507.6225,90,2023,3,12
H00006,320.01.0004,IRS23700275,2023-05-17,2000,2,62.0661,1,YERLİ,23.6667,Numune kabul,H,Kalite onaylı,5245.0151,0,2023,5,20
D00001,320.01.0023,IRS23700276,2023-03-31,500,500,166.6521,1,YERLİ,21.2333,İthalat dosyası,E,Kalite onaylı,3924.3099,0,2023,3,13
D00009,320.01.0013,IRS23700277,2023-03-27,120,120,44.1021,1,YERLİ,21.2333,İthalat dosyası,H,,249.243,45,2023,3,13
D00007,320.01.0015,IRS23700278,2023-03-31,10000,10000,92.2533,1,İTHAL,21.2333,İthalat dosyası,H,,43447.4622,90,2023,3,13
H00016,320.01.0015,IRS23700279,2023-03-24,500,500,31.3385,1,İTHAL,21.2333,İthalat dosyası,H,Kalite onaylı,737.9564,30,2023,3,12
H00015,320.01.0015,IRS23700280,2023-03-27,250,0.25,16.4728,1,İTHAL,21.2333,Sevk irsaliyesi,H,Kalite onaylı,193.9501,30,2023,3,13
H00007,320.01.0013,IRS23700281,2023-05-26,120,0.12,58.5251,1,YERLİ,23.6667,Sevk irsaliyesi,E,,296.7466,0,2023,5,21
H00007,320.01.0010,IRS23700282,2023-04-05,250,0.25,60.2884,1,YERLİ,22.45,Kısmi teslim,H,,671.363,60,2023,4,14
H00013,320.01.0008,IRS23700283,2023-03-30,500,500,33.5883,1,YERLİ,21.2333,Mal kabul,E,Kalite onaylı,790.9345,90,2023,3,13
H00003,320.01.0008,IRS23700284,2023-04-18,1000,1,23.0465,1,YERLİ,22.45,Numune kabul,H,,1026.5702,45,2023,4,16
H00013,320.01.0003,IRS23700286,2023-06-14,2000,2000,40.4907,1,YERLİ,24.8833,Kısmi teslim,H,Kalite onaylı,3254.4478,30,2023,6,24
D00007,320.01.0012,IRS23700287,2023-06-14,120,120,82.2273,1,YERLİ,24.8833,Numune kabul,E,Şartlı kabul,396.5421,90,2023,6,24
D00010,320.01.0020,IRS23700288,2023-05-22,250,250,194.6803,1,YERLİ,23.6667,İthalat dosyası,H,Kalite onaylı,2056.4791,0,2023,5,21
H00009,320.01.0002,IRS23700289,2023-04-08,250,0.25,13.7189,1,YERLİ,22.45,Numune kabul,H,Kalite onaylı,152.7717,30,2023,4,14
D00011,320.01.0002,IRS23700290,2023-05-22,2000,2000,51.5221,1,YERLİ,23.6667,Numune kabul,E,Kalite onaylı,4353.9741,90,2023,5,21
D00002,320.01.0001,IRS23700291,2023-04-07,1000,1000,94.2216,1,YERLİ,22.45,Mal kabul,E,,4196.9532,30,2023,4,14
H00013,320.01.0001,IRS23700292,2023-04-03,120,120,40.1248,1,YERLİ,22.45,İthalat dosyası,E,Şartlı kabul,214.4755,30,2023,4,14
D00006,320.01.0002,IRS23700294,2023-05-10,5000,5000,107.7451,1,YERLİ,23.6667,Kısmi teslim,E,Kalite onaylı,22763.0172,60,2023,5,19
D00002,320.01.0018,IRS23700295,2023-05-17,1000,1000,91.7547,1,İTHAL,23.6667,Kısmi teslim,E,Kalite onaylı,3876.9537,90,2023,5,20
D00011,320.01.0018,IRS23700296,2023-04-29,500,500,48.8743,1,İTHAL,22.45,Numune kabul,H,,1088.5145,0,2023,4,17
H00004,320.01.0003,IRS23700297,2023-04-22,500,0.5,14.1107,1,YERLİ,22.45,Sevk irsaliyesi,H,,314.2695,0,2023,4,16
H00015,320.01.0003,IRS23700298,2023-05-02,500,0.5,15.4108,1,YERLİ,23.6667,İthalat dosyası,E,Şartlı kabul,325.5798,90,2023,5,18
D00003,320.01.0005,IRS23700299,2023-05-13,10000,10000,173.1141,1,İTHAL,23.6667,Sevk irsaliyesi,H,Şartlı kabul,73146.6998,45,2023,5,19
H00009,320.01.0005,IRS23700300,2023-04-15,10000,10,13.0699,1,İTHAL,22.45,Kısmi teslim,E,Kalite onaylı,5821.7817,30,2023,4,15
D00005,320.01.0005,IRS23700301,2023-04-01,2000,2000,190.8231,1,İTHAL,22.45,Numune kabul,E,Kalite onaylı,16999.8307,90,2023,4,13
D00009,320.01.0039,IRS23700302,2023-04-14,1000,1000,44.9057,1,YERLİ,22.45,Mal kabul,H,Kalite onaylı,2000.2539,30,2023,4,15
D00012,320.01.0039,IRS23700303,2023-05-23,2000,2000,89.6591,1,YERLİ,23.6667,Mal kabul,E,Kalite onaylı,7576.8147,90,2023,5,21
D00010,320.01.0013,IRS23700304,2023-05-28,1000,1000,193.0354,1,YERLİ,23.6667,Mal kabul,H,,8156.4139,90,2023,5,21
H00012,320.01.0010,IRS23700305,2023-05-11,1000,1000,63.8929,1,YERLİ,23.6667,Mal kabul,H,,2699.6962,30,2023,5,19
H00004,320.01.0010,IRS23700306,2023-04-10,5000,5,15.4291,1,YERLİ,22.45,İthalat dosyası,E,Şartlı kabul,3436.3252,30,2023,4,15
H00009,320.01.0001,IRS23700307,2023-04-25,5000,5,12.6704,1,YERLİ,22.45,İthalat dosyası,H,Şartlı kabul,2821.9154,45,2023,4,17
H00007,320.01.0002,IRS23700308,2023-04-15,5000,5,61.3228,1,YERLİ,22.45,Numune kabul,E,Kalite onaylı,13657.6392,60,2023,4,15
H00008,320.01.0010,IRS23700309,2023-06-26,125,0.125,14.5619,1,YERLİ,24.8833,İthalat dosyası,E,Kalite onaylı,73.151,45,2023,6,26
H00015,320.01.0039,IRS23700311,2023-05-05,1000,1,18.684,1,YERLİ,23.6667,Kısmi teslim,E,,789.4637,90,2023,5,18
H00002,320.01.0039,IRS23700312,2023-05-20,500,0.5,61.0767,1,YERLİ,23.6667,Kısmi teslim,H,Kalite onaylı,1290.351,30,2023,5,20
D00012,320.01.0039,IRS23700313,2023-04-13,1000,1000,105.3032,1,YERLİ,22.45,Kısmi teslim,E,Şartlı kabul,4690.5657,90,2023,4,15
H00004,320.01.0009,IRS23700314,2023-05-13,250,0.25,15.3172,1,İTHAL,23.6667,Kısmi teslim,H,Kalite onaylı,161.8012,30,2023,5,19
H00001,320.01.0017,IRS23700315,2023-04-29,120,0.12,35.8733,1,YERLİ,22.45,İthalat dosyası,H,,191.7504,60,2023,4,17
D00003,320.01.0002,IRS23700316,2023-05-09,500,500,162.1683,1,YERLİ,23.6667,İthalat dosyası,E,,3426.086,45,2023,5,19
H00012,320.01.0002,IRS23700317,2023-04-05,250,250,62.7508,1,YERLİ,22.45,Kısmi teslim,E,Kalite onaylı,698.784,0,2023,4,14
H00007,320.01.0017,IRS23700318,2023-04-15,2000,2,66.6016,1,YERLİ,22.45,Numune kabul,H,,5933.3274,0,2023,4,15
D00007,320.01.0017,IRS23700319,2023-07-01,1000,1000,92.0865,1,YERLİ,26.1,Mal kabul,H,Şartlı kabul,3528.2184,90,2023,7,26
D00004,320.01.0008,IRS23700320,2023-04-13,500,500,15.0237,1,YERLİ,22.45,Mal kabul,H,Şartlı kabul,334.6036,45,2023,4,15
D00011,320.01.0008,IRS23700321,2023-05-17,1000,1000,50.8429,1,YERLİ,23.6667,Numune kabul,E,,2148.2885,60,2023,5,20
D00012,320.01.0024,IRS23700322,2023-04-13,10000,10000,95.705,1,YERLİ,22.45,Sevk irsaliyesi,E,Şartlı kabul,42630.2895,60,2023,4,15
D00003,320.01.0004,IRS23700323,2023-05-24,500,500,173.7084,1,YERLİ,23.6667,Mal kabul,E,Şartlı kabul,3669.8906,30,2023,5,21
D00010,320.01.0004,IRS23700324,2023-07-05,500,500,204.9245,1,YERLİ,26.1,Numune kabul,E,,3925.7567,90,2023,7,27
H00004,320.01.0004,IRS23700325,2023-06-27,1000,1,13.7332,1,YERLİ,24.8833,Sevk irsaliyesi,E,,551.9043,90,2023,6,26
D00007,320.01.0001,IRS23700326,2023-05-10,120,120,89.1873,1,YERLİ,23.6667,İthalat dosyası,H,,452.2167,45,2023,5,19
D00011,320.01.0006,IRS23700328,2023-06-06,1000,1000,46.6365,1,YERLİ,24.8833,Kısmi teslim,H,Şartlı kabul,1874.2088,45,2023,6,23
H00012,320.01.0018,IRS23700329,2023-05-22,1000,1000,66.7867,1,İTHAL,23.6667,Sevk irsaliyesi,E,,2821.9693,60,2023,5,21
H00010,320.01.0006,IRS23700330,2023-04-17,60,0.06,14.8171,1,YERLİ,22.45,İthalat dosyası,H,Şartlı kabul,39.6003,90,2023,4,16
H00014,320.01.0004,IRS23700331,2023-05-02,120,0.12,60.754,1,YERLİ,23.6667,Sevk irsaliyesi,H,,308.048,60,2023,5,18
H00001,320.01.0004,IRS23700332,2023-05-02,500,0.5,30.2253,1,YERLİ,23.6667,Sevk irsaliyesi,E,,638.5618,45,2023,5,18
H00002,320.01.0012,IRS23700333,2023-05-17,2000,2,66.3723,1,YERLİ,23.6667,Mal kabul,H,,5608.9189,30,2023,5,20
D00012,320.01.0012,IRS23700334,2023-05-21,500,500,102.492,1,YERLİ,23.6667,Numune kabul,E,Şartlı kabul,2165.3209,45,2023,5,20
H00013,320.01.0013,IRS23700335,2023-05-08,1000,1000,39.2981,1,YERLİ,23.6667,Kısmi teslim,E,Şartlı kabul,1660.4808,60,2023,5,19
D00001,320.01.0013,IRS23700336,2023-04-19,2000,2000,178.8102,1,YERLİ,22.45,İthalat dosyası,H,Şartlı kabul,15929.6392,45,2023,4,16
D00012,320.01.0024,IRS23700337,2023-04-28,500,500,94.6077,1,YERLİ,22.45,İthalat dosyası,H,Şartlı kabul,2107.0757,45,2023,4,17
H00010,320.01.0024,IRS23700338,2023-04-26,250,0.25,17.6175,1,YERLİ,22.45,İthalat dosyası,H,Şartlı kabul,196.186,0,2023,4,17
H00004,320.01.0003,IRS23700339,2023-04-25,1000,1,15.517,1,YERLİ,22.45,İthalat dosyası,H,Kalite onaylı,691.1804,30,2023,4,17
D00004,320.01.0003,IRS23700340,2023-04-12,1000,1000,15.0588,1,YERLİ,22.45,Numune kabul,E,Şartlı kabul,670.7706,90,2023,4,15
H00007,320.01.0003,IRS23700341,2023-06-14,2000,2,71.9539,1,YERLİ,24.8833,Sevk irsaliyesi,H,Kalite onaylı,5783.3085,90,2023,6,24
D00006,320.01.0046,IRS23700342,2023-05-01,10000,10000,122.0398,1,YERLİ,23.6667,Kısmi teslim,E,Şartlı kabul,51566.04,30,2023,5,18
H00016,320.01.0005,IRS23700343,2023-05-18,1000,1000,32.5149,1,İTHAL,23.6667,İthalat dosyası,E,Şartlı kabul,1373.8671,60,2023,5,20
H00008,320.01.0005,IRS23700344,2023-07-10,2000,2,14.5586,1,İTHAL,26.1,Mal kabul,H,Şartlı kabul,1115.6015,60,2023,7,28
H00007,320.01.0006,IRS23700345,2023-05-05,120,0.12,75.1592,1,YERLİ,23.6667,Kısmi teslim,E,Şartlı kabul,381.0884,30,2023,5,18
D00009,320.01.0006,IRS23700346,2023-06-12,2000,2000,44.5459,1,YERLİ,24.8833,Kısmi teslim,H,Kalite onaylı,3580.3852,0,2023,6,24
D00004,320.01.0002,IRS23700347,2023-04-30,250,250,16.2351,1,YERLİ,22.45,Numune kabul,E,Kalite onaylı,180.7918,0,2023,4,17
H00015,320.01.0002,IRS23700348,2023-04-29,1000,1,17.2855,1,YERLİ,22.45,Sevk irsaliyesi,H,Şartlı kabul,769.9555,45,2023,4,17
H00012,320.01.0046,IRS23700349,2023-07-01,1000,1000,73.1843,1,YERLİ,26.1,Mal kabul,H,Şartlı kabul,2803.9962,0,2023,7,26
H00005,320.01.0046,IRS23700350,2023-06-10,10000,10,38.4746,1,YERLİ,24.8833,Sevk irsaliyesi,E,,15462.0167,90,2023,6,23
H00010,320.01.0002,IRS23700351,2023-06-01,1000,1,16.5146,1,YERLİ,24.8833,Sevk irsaliyesi,E,,663.6821,30,2023,6,22
D00005,320.01.0002,IRS23700352,2023-04-26,10000,10000,191.7488,1,YERLİ,22.45,Sevk irsaliyesi,E,Şartlı kabul,85411.4922,60,2023,4,17
H00009,320.01.0016,IRS23700353,2023-04-23,5000,5,14.2553,1,İTHAL,22.45,Mal kabul,E,Şartlı kabul,3174.8998,60,2023,4,16
H00003,320.01.0016,IRS23700354,2023-06-08,500,0.5,24.2727,1,İTHAL,24.8833,Sevk irsaliyesi,H,Kalite onaylı,487.7307,60,2023,6,23
D00007,320.01.0016,IRS23700355,2023-05-07,250,250,79.4091,1,İTHAL,23.6667,Mal kabul,E,Kalite onaylı,838.8273,60,2023,5,18
H00016,320.01.0008,IRS23700356,2023-04-29,250,250,31.7728,1,YERLİ,22.45,Kısmi teslim,H,,353.8174,45,2023,4,17
D00010,320.01.0008,IRS23700357,2023-06-03,250,250,199.0753,1,YERLİ,24.8833,Sevk irsaliyesi,E,,2000.0894,0,2023,6,22
D00010,320.01.0001,IRS23700358,2023-05-06,2000,2000,246.3293,1,YERLİ,23.6667,Mal kabul,H,Kalite onaylı,20816.5312,0,2023,5,18
D00005,320.01.0001,IRS23700359,2023-04-20,5000,5000,177.0676,1,YERLİ,22.45,Sevk irsaliyesi,E,Şartlı kabul,39435.9911,45,2023,4,16
H00008,320.01.0017,IRS23700360,2023-06-12,2000,2,13.7528,1,YERLİ,24.8833,Kısmi teslim,H,Şartlı kabul,1105.3839,0,2023,6,24
D00009,320.01.0017,IRS23700361,2023-05-26,500,500,42.6448,1,YERLİ,23.6667,İthalat dosyası,H,Şartlı kabul,900.9452,45,2023,5,21
H00007,320.01.0017,IRS23700362,2023-04-26,500,0.5,73.278,1,YERLİ,22.45,Sevk irsaliyesi,H,,1632.0267,30,2023,4,17
D00008,320.01.0002,IRS23700363,2023-04-16,250,250,205.8358,1,YERLİ,22.45,İthalat dosyası,H,,2292.1581,60,2023,4,15
H00013,320.01.0002,IRS23700364,2023-04-29,500,500,36.5612,1,YERLİ,22.45,Sevk irsaliyesi,E,Kalite onaylı,814.2806,0,2023,4,17
D00006,320.01.0008,IRS23700365,2023-05-13,250,250,107.4969,1,YERLİ,23.6667,Mal kabul,E,Kalite onaylı,1135.529,30,2023,5,19
D00001,320.01.0008,IRS23700366,2023-05-19,120,120,184.6352,1,YERLİ,23.6667,Mal kabul,E,Şartlı kabul,936.1772,30,2023,5,20
H00013,320.01.0008,IRS23700367,2023-05-13,1000,1000,41.93,1,YERLİ,23.6667,Kısmi teslim,H,Şartlı kabul,1771.6876,45,2023,5,19
D00010,320.01.0011,IRS23700368,2023-07-21,1000,1000,219.6126,1,YERLİ,26.1,Sevk irsaliyesi,E,Kalite onaylı,8414.2759,0,2023,7,29
D00001,320.01.0011,IRS23700369,2023-05-05,5000,5000,217.2189,1,YERLİ,23.6667,Numune kabul,H,Kalite onaylı,45891.2523,0,2023,5,18
H00004,320.01.0001,IRS23700370,2023-07-19,1000,1,13.9454,1,YERLİ,26.1,Sevk irsaliyesi,H,Kalite onaylı,534.3065,60,2023,7,29
D00003,320.01.0001,IRS23700371,2023-05-29,10000,10000,176.4026,1,YERLİ,23.6667,Mal kabul,E,Kalite onaylı,74536.2049,30,2023,5,22
H00012,320.01.0036,IRS23700372,2023-06-06,500,500,60.8489,1,İTHAL,24.8833,Sevk irsaliyesi,H,Kalite onaylı,1222.6855,60,2023,6,23
D00004,320.01.0036,IRS23700373,2023-05-05,5000,5000,14.6352,1,İTHAL,23.6667,İthalat dosyası,E,,3091.9393,0,2023,5,18
D00009,320.01.0036,IRS23700374,2023-05-14,2000,2000,42.6428,1,İTHAL,23.6667,Mal kabul,E,,3603.6118,90,2023,5,19
H00013,320.01.0002,IRS23700375,2023-04-29,500,500,35.2761,1,YERLİ,22.45,İthalat dosyası,H,,785.6592,45,2023,4,17
H00002,320.01.0002,IRS23700376,2023-04-28,500,0.5,65.6224,1,YERLİ,22.45,Mal kabul,E,Kalite onaylı,1461.5234,90,2023,4,17
D00003,320.01.0002,IRS23700377,2023-05-06,10000,10000,207.2754,1,YERLİ,23.6667,Kısmi teslim,H,Kalite onaylı,87581.0316,45,2023,5,18
H00003,320.01.0007,IRS23700378,2023-04-21,5000,5,24.8896,1,İTHAL,22.45,Numune kabul,H,,5543.3408,30,2023,4,16
H00004,320.01.0007,IRS23700379,2023-07-18,120,0.12,16.5676,1,İTHAL,26.1,İthalat dosyası,H,Kalite onaylı,76.1729,60,2023,7,29
H00014,320.01.0008,IRS23700380,2023-05-18,120,0.12,59.322,1,YERLİ,23.6667,Kısmi teslim,H,Kalite onaylı,300.7872,60,2023,5,20
H00016,320.01.0005,IRS23700381,2023-05-21,120,120,28.5957,1,İTHAL,23.6667,Kısmi teslim,H,Şartlı kabul,144.9921,0,2023,5,20
H00012,320.01.0005,IRS23700382,2023-05-02,120,120,66.4388,1,İTHAL,23.6667,Numune kabul,E,,336.8723,30,2023,5,18
H00003,320.01.0009,IRS23700383,2023-07-23,250,0.25,23.4211,1,İTHAL,26.1,Sevk irsaliyesi,E,Şartlı kabul,224.34,90,2023,7,29
D00012,320.01.0009,IRS23700384,2023-06-20,2000,2000,102.8056,1,İTHAL,24.8833,Kısmi teslim,H,Şartlı kabul,8263.0198,90,2023,6,25
D00008,320.01.0009,IRS23700385,2023-06-18,10000,10000,241.7762,1,İTHAL,24.8833,İthalat dosyası,H,Şartlı kabul,97164.0417,60,2023,6,24
H00007,320.01.0008,IRS23700386,2023-07-20,1000,1,70.4081,1,YERLİ,26.1,Kısmi teslim,E,,2697.6284,90,2023,7,29
H00015,320.01.0010,IRS23700387,2023-07-25,5000,5,15.8951,1,YERLİ,26.1,Kısmi teslim,H,,3045.0383,45,2023,7,30
D00009,320.01.0010,IRS23700389,2023-07-19,1000,1000,47.0814,1,YERLİ,26.1,Numune kabul,E,Kalite onaylı,1803.8851,60,2023,7,29
H00007,320.01.0005,IRS23700390,2023-05-07,1000,1,76.2788,1,İTHAL,23.6667,Sevk irsaliyesi,E,Şartlı kabul,3223.0433,30,2023,5,18
H00015,320.01.0005,IRS23700391,2023-05-10,2000,2,17.9922,1,İTHAL,23.6667,Mal kabul,E,Kalite onaylı,1520.4655,90,2023,5,19
D00001,320.01.0005,IRS23700392,2023-05-04,500,500,173.0087,1,İTHAL,23.6667,Sevk irsaliyesi,H,,3655.1082,0,2023,5,18
D00008,320.01.0003,IRS23700393,2023-05-07,10000,10000,205.8531,1,YERLİ,23.6667,Mal kabul,E,Kalite onaylı,86980.0606,30,2023,5,18
H00010,320.01.0003,IRS23700394,2023-06-27,5000,5,15.5598,1,YERLİ,24.8833,Numune kabul,E,Kalite onaylı,3126.5548,30,2023,6,26
D00009,320.01.0006,IRS23700395,2023-05-23,250,250,50.6411,1,YERLİ,23.6667,Kısmi teslim,H,,534.9404,45,2023,5,21
H00010,320.01.0050,IRS23700396,2023-05-10,1000,1,16.2033,1,YERLİ,23.6667,Kısmi teslim,H,Şartlı kabul,684.6455,30,2023,5,19
H00008,320.01.0050,IRS23700397,2023-06-07,10000,10,14.3615,1,YERLİ,24.8833,Numune kabul,E,Kalite onaylı,5771.5416,60,2023,6,23
H00011,320.01.0006,IRS23700398,2023-05-08,5000,5,36.0381,1,YERLİ,23.6667,Kısmi teslim,H,Şartlı kabul,7613.6724,90,2023,5,19
H00008,320.01.0018,IRS23700399,2023-05-08,1000,1,12.8962,1,İTHAL,23.6667,İthalat dosyası,E,Kalite onaylı,544.9091,60,2023,5,19
D00007,320.01.0018,IRS23700400,2023-06-28,120,120,84.0385,1,İTHAL,24.8833,İthalat dosyası,H,Kalite onaylı,405.2766,60,2023,6,26
D00005,320.01.0018,IRS23700401,2023-07-17,500,500,173.9574,1,İTHAL,26.1,Numune kabul,E,,3332.5172,60,2023,7,29
H00001,320.01.0029,IRS23700402,2023-06-19,10000,10,38.1294,1,İTHAL,24.8833,İthalat dosyası,H,,15323.2891,45,2023,6,25
H00009,320.01.0029,IRS23700403,2023-05-04,500,0.5,13.2444,1,İTHAL,23.6667,Sevk irsaliyesi,E,Kalite onaylı,279.8109,30,2023,5,18
D00012,320.01.0001,IRS23700405,2023-07-17,500,500,101.6987,1,YERLİ,26.1,Numune kabul,E,,1948.251,90,2023,7,29
H00009,320.01.0055,IRS23700406,2023-05-31,10000,10,15.971,1,YERLİ,23.6667,Kısmi teslim,H,,6748.3004,30,2023,5,22
D00006,320.01.0055,IRS23700407,2023-06-30,1000,1000,125.8135,1,YERLİ,24.8833,Mal kabul,H,,5056.1421,45,2023,6,26
H00004,320.01.0055,IRS23700408,2023-05-19,10000,10,16.7829,1,YERLİ,23.6667,İthalat dosyası,H,Kalite onaylı,7091.3562,60,2023,5,20
H00004,320.01.0001,IRS23700409,2023-05-13,250,0.25,15.8842,1,YERLİ,23.6667,İthalat dosyası,H,Kalite onaylı,167.7906,0,2023,5,19
H00005,320.01.0001,IRS23700410,2023-06-12,1000,1,30.922,1,YERLİ,24.8833,İthalat dosyası,H,Kalite onaylı,1242.6808,0,2023,6,24
H00009,320.01.0003,IRS23700411,2023-05-12,10000,10,16.469,1,YERLİ,23.6667,Mal kabul,H,Kalite onaylı,6958.7226,45,2023,5,19
H00003,320.01.0003,IRS23700412,2023-05-04,5000,5,23.0249,1,YERLİ,23.6667,Mal kabul,H,,4864.4086,90,2023,5,18
H00001,320.01.0015,IRS23700413,2023-05-14,500,0.5,32.1592,1,İTHAL,23.6667,İthalat dosyası,E,,679.4188,60,2023,5,19
H00013,320.01.0008,IRS23700415,2023-07-24,1000,1000,38.8867,1,YERLİ,26.1,Sevk irsaliyesi,E,,1489.9119,45,2023,7,30
H00011,320.01.0037,IRS23700416,2023-05-02,500,0.5,37.2914,1,YERLİ,23.6667,Numune kabul,H,Şartlı kabul,787.8454,0,2023,5,18
D00003,320.01.0010,IRS23700417,2023-06-01,250,250,203.5555,1,YERLİ,24.8833,İthalat dosyası,E,Kalite onaylı,2045.1015,90,2023,6,22
H00016,320.01.0010,IRS23700418,2023-06-02,10000,10000,32.8723,1,YERLİ,24.8833,İthalat dosyası,H,Şartlı kabul,13210.587,90,2023,6,22
H00001,320.01.0017,IRS23700419,2023-06-04,120,0.12,39.2352,1,YERLİ,24.8833,Numune kabul,H,Kalite onaylı,189.2122,0,2023,6,22
H00007,320.01.0017,IRS23700421,2023-05-05,5000,5,66.0107,1,YERLİ,23.6667,Kısmi teslim,E,,13945.9029,30,2023,5,18
D00002,320.01.0002,IRS23700422,2023-06-18,500,500,104.6956,1,YERLİ,24.8833,Kısmi teslim,H,,2103.7322,90,2023,6,24
D00004,320.01.0002,IRS23700423,2023-06-17,1000,1000,15.7839,1,YERLİ,24.8833,Sevk irsaliyesi,H,Şartlı kabul,634.317,60,2023,6,24
D00009,320.01.0002,IRS23700424,2023-05-22,5000,5000,42.2143,1,YERLİ,23.6667,Mal kabul,E,Kalite onaylı,8918.5015,0,2023,5,21
H00014,320.01.0002,IRS23700425,2023-05-11,120,0.12,64.7158,1,YERLİ,23.6667,Sevk irsaliyesi,E,Şartlı kabul,328.136,0,2023,5,19
H00015,320.01.0033,IRS23700426,2023-06-25,5000,5,19.9708,1,YERLİ,24.8833,Numune kabul,E,Kalite onaylı,4012.8922,30,2023,6,25
H00010,320.01.0004,IRS23700427,2023-05-22,10000,10,16.0416,1,YERLİ,23.6667,Kısmi teslim,E,Kalite onaylı,6778.1313,90,2023,5,21
H00009,320.01.0004,IRS23700428,2023-07-28,5000,5,14.6876,1,YERLİ,26.1,Sevk irsaliyesi,H,Kalite onaylı,2813.7165,0,2023,7,30
H00014,320.01.0002,IRS23700431,2023-07-27,120,0.12,57.9654,1,YERLİ,26.1,Mal kabul,E,Şartlı kabul,266.5076,45,2023,7,30
D00012,320.01.0001,IRS23700432,2023-07-08,10000,10000,112.4509,1,YERLİ,26.1,İthalat dosyası,H,,43084.636,60,2023,7,27
H00009,320.01.0001,IRS23700433,2023-05-25,5000,5,15.91,1,YERLİ,23.6667,Mal kabul,H,,3361.2629,0,2023,5,21
H00012,320.01.0001,IRS23700434,2023-05-18,2000,2000,70.6766,1,YERLİ,23.6667,İthalat dosyası,H,Şartlı kabul,5972.662,90,2023,5,20
D00010,320.01.0009,IRS23700435,2023-05-18,10000,10000,221.4998,1,İTHAL,23.6667,İthalat dosyası,H,,93591.333,30,2023,5,20
H00003,320.01.0024,IRS23700436,2023-06-23,500,0.5,22.0912,1,YERLİ,24.8833,Mal kabul,H,Kalite onaylı,443.8961,45,2023,6,25
D00009,320.01.0002,IRS23700437,2023-05-29,120,120,48.479,1,YERLİ,23.6667,Mal kabul,E,Kalite onaylı,245.8087,0,2023,5,22
H00002,320.01.0004,IRS23700438,2023-06-01,2000,2,70.0875,1,YERLİ,24.8833,Mal kabul,E,Şartlı kabul,5633.2962,30,2023,6,22
D00005,320.01.0004,IRS23700439,2023-06-08,250,250,220.5607,1,YERLİ,24.8833,Numune kabul,H,Şartlı kabul,2215.9511,30,2023,6,23
D00002,320.01.0004,IRS23700440,2023-08-02,10000,10000,117.5356,1,YERLİ,26.7167,İthalat dosyası,H,Kalite onaylı,43993.3076,90,2023,8,31
H00007,320.01.0004,IRS23700441,2023-05-22,250,0.25,67.2623,1,YERLİ,23.6667,İthalat dosyası,E,Şartlı kabul,710.5163,45,2023,5,21
D00011,320.01.0055,IRS23700442,2023-06-05,120,120,60.1101,1,YERLİ,24.8833,Numune kabul,H,Şartlı kabul,289.8816,45,2023,6,23
D00009,320.01.0055,IRS23700443,2023-08-05,10000,10000,50.1803,1,YERLİ,26.7167,Numune kabul,H,,18782.3721,45,2023,8,31
H00014,320.01.0011,IRS23700444,2023-05-29,10000,10,68.6605,1,YERLİ,23.6667,Mal kabul,E,,29011.438,60,2023,5,22
H00012,320.01.0011,IRS23700445,2023-05-11,2000,2000,64.9317,1,YERLİ,23.6667,Sevk irsaliyesi,E,Kalite onaylı,5487.1782,45,2023,5,19
D00001,320.01.0033,IRS23700448,2023-07-08,5000,5000,193.5068,1,YERLİ,26.1,Sevk irsaliyesi,H,,37070.2682,90,2023,7,27
H00008,320.01.0001,IRS23700449,2023-06-29,250,0.25,16.7724,1,YERLİ,24.8833,Numune kabul,H,,168.5106,30,2023,6,26
H00011,320.01.0006,IRS23700450,2023-07-02,10000,10,42.4973,1,YERLİ,26.1,İthalat dosyası,E,Kalite onaylı,16282.4904,90,2023,7,26
H00008,320.01.0006,IRS23700451,2023-07-01,120,0.12,15.3623,1,YERLİ,26.1,Kısmi teslim,E,Kalite onaylı,70.6313,90,2023,7,26
H00010,320.01.0001,IRS23700452,2023-06-14,500,0.5,18.2734,1,YERLİ,24.8833,Numune kabul,E,Kalite onaylı,367.182,0,2023,6,24
H00014,320.01.0008,IRS23700453,2023-07-05,2000,2,65.8032,1,YERLİ,26.1,Sevk irsaliyesi,H,,5042.3908,45,2023,7,27
H00015,320.01.0001,IRS23700454,2023-06-07,1000,1,18.0617,1,YERLİ,24.8833,Numune kabul,H,Kalite onaylı,725.8563,0,2023,6,23
D00009,320.01.0001,IRS23700455,2023-08-02,2000,2000,54.3265,1,YERLİ,26.7167,İthalat dosyası,E,Şartlı kabul,4066.8571,0,2023,8,31
D00010,320.01.0023,IRS23700456,2023-05-20,250,250,224.7946,1,YERLİ,23.6667,Sevk irsaliyesi,E,Kalite onaylı,2374.5875,60,2023,5,20
H00001,320.01.0003,IRS23700457,2023-06-17,10000,10,33.9567,1,YERLİ,24.8833,Sevk irsaliyesi,E,,13646.3813,30,2023,6,24
D00003,320.01.0003,IRS23700458,2023-05-20,250,250,182.3116,1,YERLİ,23.6667,Sevk irsaliyesi,H,Kalite onaylı,1925.824,45,2023,5,20
H00009,320.01.0003,IRS23700459,2023-06-01,250,0.25,14.6023,1,YERLİ,24.8833,Numune kabul,H,Kalite onaylı,146.7078,30,2023,6,22
H00001,320.01.0004,IRS23700460,2023-06-07,5000,5,41.835,1,YERLİ,24.8833,Mal kabul,E,Kalite onaylı,8406.2403,0,2023,6,23
H00004,320.01.0024,IRS23700462,2023-06-01,250,0.25,16.2499,1,YERLİ,24.8833,Numune kabul,E,Şartlı kabul,163.2611,30,2023,6,22
H00009,320.01.0045,IRS23700463,2023-07-07,120,0.12,16.4761,1,YERLİ,26.1,Mal kabul,H,Şartlı kabul,75.7522,0,2023,7,27
H00015,320.01.0045,IRS23700464,2023-07-01,120,0.12,20.2198,1,YERLİ,26.1,Sevk irsaliyesi,E,Şartlı kabul,92.9646,45,2023,7,26
D00003,320.01.0045,IRS23700465,2023-05-29,1000,1000,211.0306,1,YERLİ,23.6667,İthalat dosyası,E,Şartlı kabul,8916.7734,45,2023,5,22
D00011,320.01.0042,IRS23700466,2023-06-07,120,120,50.0344,1,YERLİ,24.8833,Mal kabul,E,Kalite onaylı,241.2915,60,2023,6,23
D00007,320.01.0010,IRS23700467,2023-06-13,250,250,87.314,1,YERLİ,24.8833,Mal kabul,H,,877.2349,45,2023,6,24
D00011,320.01.0003,IRS23700468,2023-07-16,5000,5000,55.2813,1,YERLİ,26.1,Numune kabul,E,Şartlı kabul,10590.2874,30,2023,7,28
D00011,320.01.0003,IRS23700469,2023-05-29,120,120,54.589,1,YERLİ,23.6667,Kısmi teslim,H,Kalite onaylı,276.7889,30,2023,5,22
D00001,320.01.0006,IRS23700470,2023-05-20,10000,10000,210.2803,1,YERLİ,23.6667,Sevk irsaliyesi,E,Kalite onaylı,88850.7058,30,2023,5,20
D00012,320.01.0006,IRS23700471,2023-06-06,1000,1000,119.7489,1,YERLİ,24.8833,Numune kabul,E,,4812.4204,30,2023,6,23
H00013,320.01.0006,IRS23700472,2023-06-01,2000,2000,43.5248,1,YERLİ,24.8833,İthalat dosyası,H,Şartlı kabul,3498.3141,90,2023,6,22
D00007,320.01.0006,IRS23700473,2023-08-15,5000,5000,100.526,1,YERLİ,26.7167,Numune kabul,H,Kalite onaylı,18813.3265,0,2023,8,33
D00005,320.01.0002,IRS23700474,2023-06-30,120,120,217.0486,1,YERLİ,24.8833,İthalat dosyası,E,,1046.7194,0,2023,6,26
H00005,320.01.0002,IRS23700475,2023-06-26,2000,2,36.4974,1,YERLİ,24.8833,Numune kabul,E,Şartlı kabul,2933.4855,45,2023,6,26
D00012,320.01.0002,IRS23700476,2023-06-07,1000,1000,117.726,1,YERLİ,24.8833,Kısmi teslim,E,Şartlı kabul,4731.1249,60,2023,6,23
H00006,320.01.0002,IRS23700477,2023-08-18,250,0.25,65.5994,1,YERLİ,26.7167,Kısmi teslim,E,Şartlı kabul,613.8427,90,2023,8,33
D00011,320.01.0020,IRS23700478,2023-06-12,5000,5000,52.3431,1,YERLİ,24.8833,Numune kabul,H,,10517.7167,30,2023,6,24
D00010,320.01.0023,IRS23700479,2023-06-11,250,250,209.4645,1,YERLİ,24.8833,Numune kabul,E,,2104.4687,60,2023,6,23
H00015,320.01.0048,IRS23700480,2023-05-29,10000,10,20.3927,1,YERLİ,23.6667,Numune kabul,E,,8616.6217,90,2023,5,22
H00001,320.01.0031,IRS23700481,2023-08-13,1000,1,40.284,1,YERLİ,26.7167,Numune kabul,E,,1507.821,45,2023,8,32
H00012,320.01.0031,IRS23700482,2023-08-18,5000,5000,80.0195,1,YERLİ,26.7167,Mal kabul,H,Kalite onaylı,14975.5584,0,2023,8,33
H00007,320.01.0008,IRS23700483,2023-07-12,10000,10,73.1569,1,YERLİ,26.1,Kısmi teslim,H,Şartlı kabul,28029.4636,30,2023,7,28
H00003,320.01.0008,IRS23700484,2023-05-29,500,0.5,23.2425,1,YERLİ,23.6667,Mal kabul,H,Şartlı kabul,491.038,90,2023,5,22
D00009,320.01.0007,IRS23700485,2023-05-24,500,500,50.1166,1,İTHAL,23.6667,Numune kabul,H,,1058.7999,90,2023,5,21
H00001,320.01.0007,IRS23700486,2023-06-02,2000,2,40.4816,1,İTHAL,24.8833,Sevk irsaliyesi,E,Şartlı kabul,3253.7163,45,2023,6,22
H00007,320.01.0002,IRS23700487,2023-06-27,5000,5,71.9411,1,YERLİ,24.8833,Numune kabul,E,Şartlı kabul,14455.6992,90,2023,6,26
H00009,320.01.0002,IRS23700488,2023-06-02,500,0.5,15.9451,1,YERLİ,24.8833,Numune kabul,E,Kalite onaylı,320.3976,60,2023,6,22
H00011,320.01.0002,IRS23700489,2023-06-06,1000,1,42.7826,1,YERLİ,24.8833,Numune kabul,H,Şartlı kabul,1719.3298,0,2023,6,23
H00014,320.01.0002,IRS23700490,2023-06-17,1000,1,57.6081,1,YERLİ,24.8833,Numune kabul,E,Şartlı kabul,2315.131,45,2023,6,24
D00010,320.01.0002,IRS23700491,2023-06-10,120,120,249.252,1,YERLİ,24.8833,Mal kabul,H,Kalite onaylı,1202.0206,30,2023,6,23
H00016,320.01.0052,IRS23700492,2023-08-13,10000,10000,36.1341,1,YERLİ,26.7167,Mal kabul,H,,13524.9114,60,2023,8,32
D00005,320.01.0001,IRS23700493,2023-06-23,2000,2000,187.7257,1,YERLİ,24.8833,Sevk irsaliyesi,H,Kalite onaylı,15088.4891,0,2023,6,25
H00004,320.01.0001,IRS23700494,2023-07-12,250,0.25,17.7607,1,YERLİ,26.1,İthalat dosyası,H,Kalite onaylı,170.1216,45,2023,7,28
D00002,320.01.0001,IRS23700495,2023-06-26,10000,10000,119.2438,1,YERLİ,24.8833,İthalat dosyası,E,Şartlı kabul,47921.2162,30,2023,6,26
D00001,320.01.0019,IRS23700496,2023-06-21,10000,10000,196.942,1,YERLİ,24.8833,Mal kabul,H,,79146.2547,60,2023,6,25
H00007,320.01.0019,IRS23700497,2023-06-06,250,0.25,77.8226,1,YERLİ,24.8833,Mal kabul,E,Şartlı kabul,781.8758,0,2023,6,23
D00006,320.01.0046,IRS23700498,2023-05-24,120,120,120.9085,1,YERLİ,23.6667,İthalat dosyası,E,,613.0563,30,2023,5,21
H00009,320.01.0023,IRS23700499,2023-06-07,1000,1,16.854,1,YERLİ,24.8833,Mal kabul,E,,677.3217,60,2023,6,23
H00016,320.01.0002,IRS23700500,2023-06-08,2000,2000,31.4711,1,YERLİ,24.8833,İthalat dosyası,H,Şartlı kabul,2529.4957,30,2023,6,23
D00006,320.01.0001,IRS23700502,2023-06-14,2000,2000,139.1982,1,YERLİ,24.8833,Mal kabul,E,,11188.082,30,2023,6,24
D00009,320.01.0001,IRS23700503,2023-08-20,5000,5000,55.0485,1,YERLİ,26.7167,Sevk irsaliyesi,H,Kalite onaylı,10302.2641,0,2023,8,33
H00004,320.01.0006,IRS23700504,2023-06-02,2000,2,16.537,1,YERLİ,24.8833,Numune kabul,E,Şartlı kabul,1329.1645,45,2023,6,22
D00005,320.01.0006,IRS23700505,2023-06-11,120,120,215.4664,1,YERLİ,24.8833,Sevk irsaliyesi,H,Kalite onaylı,1039.0892,90,2023,6,23
D00006,320.01.0006,IRS23700506,2023-07-06,1000,1000,121.9325,1,YERLİ,26.1,Sevk irsaliyesi,H,Kalite onaylı,4671.7433,0,2023,7,27
H00015,320.01.0001,IRS23700507,2023-06-18,5000,5,19.048,1,YERLİ,24.8833,Numune kabul,E,Kalite onaylı,3827.4666,45,2023,6,24
H00009,320.01.0001,IRS23700508,2023-06-29,2000,2,15.0407,1,YERLİ,24.8833,İthalat dosyası,E,Şartlı kabul,1208.8991,30,2023,6,26
H00015,320.01.0005,IRS23700510,2023-07-29,1000,1,20.7854,1,İTHAL,26.1,Numune kabul,H,Şartlı kabul,796.3755,45,2023,7,30
H00008,320.01.0005,IRS23700511,2023-06-12,120,0.12,16.3973,1,İTHAL,24.8833,İthalat dosyası,H,,79.0762,90,2023,6,24
H00007,320.01.0010,IRS23700512,2023-06-02,10000,10,72.4539,1,YERLİ,24.8833,Numune kabul,E,Kalite onaylı,29117.4804,45,2023,6,22
H00004,320.01.0010,IRS23700513,2023-07-03,5000,5,18.0004,1,YERLİ,26.1,Kısmi teslim,E,Kalite onaylı,3448.3525,30,2023,7,27
H00015,320.01.0020,IRS23700514,2023-06-18,250,0.25,21.2656,1,YERLİ,24.8833,Mal kabul,E,Şartlı kabul,213.6533,45,2023,6,24
D00009,320.01.0020,IRS23700515,2023-07-25,5000,5000,54.6972,1,YERLİ,26.1,Mal kabul,H,Şartlı kabul,10478.3908,45,2023,7,30
H00011,320.01.0011,IRS23700517,2023-06-18,2000,2,38.7174,1,YERLİ,24.8833,Numune kabul,E,Şartlı kabul,3111.9184,45,2023,6,24
H00014,320.01.0008,IRS23700518,2023-06-23,120,0.12,71.0884,1,YERLİ,24.8833,Kısmi teslim,H,,342.8246,30,2023,6,25
D00002,320.01.0008,IRS23700519,2023-06-28,250,250,116.371,1,YERLİ,24.8833,Mal kabul,H,,1169.1677,0,2023,6,26
H00001,320.01.0004,IRS23700520,2023-08-02,1000,1,41.5689,1,YERLİ,26.7167,Mal kabul,H,,1555.9145,90,2023,8,31
D00002,320.01.0008,IRS23700521,2023-06-06,5000,5000,119.2016,1,YERLİ,24.8833,Mal kabul,H,Şartlı kabul,23952.1285,0,2023,6,23
H00016,320.01.0008,IRS23700522,2023-07-09,2000,2000,29.9829,1,YERLİ,26.1,Kısmi teslim,E,Kalite onaylı,2297.5402,45,2023,7,27
D00005,320.01.0008,IRS23700523,2023-06-11,500,500,224.1117,1,YERLİ,24.8833,Kısmi teslim,H,Kalite onaylı,4503.2552,45,2023,6,23
D00004,320.01.0001,IRS23700524,2023-09-01,10000,10000,16.587,1,YERLİ,27.3333,İthalat dosyası,H,,6068.422,90,2023,9,35
H00004,320.01.0001,IRS23700525,2023-07-18,500,0.5,14.8669,1,YERLİ,26.1,Kısmi teslim,H,,284.8065,90,2023,7,29
H00007,320.01.0001,IRS23700526,2023-06-27,2000,2,82.6037,1,YERLİ,24.8833,İthalat dosyası,H,Kalite onaylı,6639.2882,0,2023,6,26
D00009,320.01.0003,IRS23700527,2023-06-27,1000,1000,54.8991,1,YERLİ,24.8833,İthalat dosyası,H,,2206.2628,0,2023,6,26
H00008,320.01.0003,IRS23700528,2023-06-06,10000,10,16.8278,1,YERLİ,24.8833,Sevk irsaliyesi,E,,6762.6882,30,2023,6,23
D00012,320.01.0044,IRS23700529,2023-08-05,5000,5000,110.3812,1,YERLİ,26.7167,Mal kabul,H,,20657.716,90,2023,8,31
H00005,320.01.0044,IRS23700530,2023-07-29,250,0.25,36.4727,1,YERLİ,26.1,İthalat dosyası,E,Şartlı kabul,349.3554,45,2023,7,30
H00009,320.01.0009,IRS23700531,2023-06-27,2000,2,15.5463,1,İTHAL,24.8833,Kısmi teslim,E,Şartlı kabul,1249.5368,0,2023,6,26
H00003,320.01.0006,IRS23700532,2023-07-13,500,0.5,26.3758,1,YERLİ,26.1,İthalat dosyası,H,Şartlı kabul,505.2835,0,2023,7,28
H00014,320.01.0001,IRS23700533,2023-09-02,5000,5,68.3538,1,YERLİ,27.3333,Mal kabul,H,,12503.7592,45,2023,9,35
H00006,320.01.0001,IRS23700534,2023-06-27,60,0.06,67.3831,1,YERLİ,24.8833,Mal kabul,E,,162.4779,0,2023,6,26
D00005,320.01.0011,IRS23700535,2023-06-25,10000,10000,179.4344,1,YERLİ,24.8833,İthalat dosyası,E,,72110.3712,90,2023,6,25
D00010,320.01.0011,IRS23700536,2023-06-20,120,120,245.622,1,YERLİ,24.8833,Sevk irsaliyesi,E,Şartlı kabul,1184.5149,45,2023,6,25
H00014,320.01.0014,IRS23700537,2023-06-23,1000,1,58.8439,1,YERLİ,24.8833,İthalat dosyası,E,Kalite onaylı,2364.7949,0,2023,6,25
D00011,320.01.0014,IRS23700538,2023-06-18,10000,10000,58.6251,1,YERLİ,24.8833,Mal kabul,H,Kalite onaylı,23560.0182,0,2023,6,24
D00005,320.01.0023,IRS23700539,2023-06-26,2000,2000,195.9796,1,YERLİ,24.8833,Kısmi teslim,H,Kalite onaylı,15751.8979,45,2023,6,26
D00012,320.01.0023,IRS23700540,2023-06-21,120,120,104.0293,1,YERLİ,24.8833,Kısmi teslim,H,Kalite onaylı,501.6825,60,2023,6,25
D00009,320.01.0011,IRS23700541,2023-06-20,2500,2500,49.2695,1,YERLİ,24.8833,Sevk irsaliyesi,H,Şartlı kabul,4950.0569,90,2023,6,25
H00016,320.01.0011,IRS23700542,2023-06-10,5000,5000,29.8617,1,YERLİ,24.8833,İthalat dosyası,H,Kalite onaylı,6000.3496,0,2023,6,23
H00008,320.01.0001,IRS23700543,2023-06-30,10000,10,13.9665,1,YERLİ,24.8833,Kısmi teslim,H,,5612.8006,0,2023,6,26
D00005,320.01.0001,IRS23700545,2023-08-07,250,250,188.4695,1,YERLİ,26.7167,Mal kabul,H,Şartlı kabul,1763.5926,0,2023,8,32
H00015,320.01.0031,IRS23700546,2023-08-31,10000,10,20.195,1,YERLİ,26.7167,Mal kabul,H,Kalite onaylı,7558.9425,60,2023,8,35
H00014,320.01.0001,IRS23700547,2023-08-02,10000,10,65.3658,1,YERLİ,26.7167,Sevk irsaliyesi,H,,24466.2702,45,2023,8,31
H00007,320.01.0001,IRS23700548,2023-06-18,120,0.12,68.807,1,YERLİ,24.8833,Kısmi teslim,E,,331.8225,45,2023,6,24
H00011,320.01.0001,IRS23700549,2023-09-01,2000,2,43.5277,1,YERLİ,27.3333,İthalat dosyası,E,Kalite onaylı,3184.9575,30,2023,9,35
D00002,320.01.0012,IRS23700550,2023-07-31,5000,5000,110.9455,1,YERLİ,26.1,İthalat dosyası,H,Kalite onaylı,21253.9272,90,2023,7,31
H00008,320.01.0012,IRS23700551,2023-06-24,120,0.12,14.598,1,YERLİ,24.8833,İthalat dosyası,H,Şartlı kabul,70.399,45,2023,6,25
H00006,320.01.0026,IRS23700552,2023-06-16,250,0.25,69.9528,1,YERLİ,24.8833,İthalat dosyası,H,,702.8087,60,2023,6,24
D00005,320.01.0031,IRS23700553,2023-06-22,500,500,202.4908,1,YERLİ,24.8833,İthalat dosyası,E,Kalite onaylı,4068.8092,90,2023,6,25
D00002,320.01.0031,IRS23700554,2023-07-19,10000,10000,102.6332,1,YERLİ,26.1,Kısmi teslim,H,Şartlı kabul,39323.0651,60,2023,7,29
H00003,320.01.0001,IRS23700555,2023-08-08,60,0.06,26.8683,1,YERLİ,26.7167,Kısmi teslim,H,,60.3405,60,2023,8,32
H00016,320.01.0001,IRS23700556,2023-07-12,2500,2500,33.2219,1,YERLİ,26.1,Mal kabul,E,Şartlı kabul,3182.1743,45,2023,7,28
D00001,320.01.0021,IRS23700557,2023-07-04,500,500,193.3724,1,İTHAL,26.1,Numune kabul,E,Kalite onaylı,3704.4521,30,2023,7,27
D00007,320.01.0021,IRS23700558,2023-07-22,1000,1000,110.561,1,İTHAL,26.1,Kısmi teslim,H,,4236.0536,45,2023,7,29
D00004,320.01.0021,IRS23700559,2023-07-26,250,250,19.7184,1,İTHAL,26.1,Sevk irsaliyesi,H,Şartlı kabul,188.8736,0,2023,7,30
H00009,320.01.0030,IRS23700560,2023-06-09,2000,2,14.5019,1,YERLİ,24.8833,Numune kabul,H,Kalite onaylı,1165.593,60,2023,6,23
H00009,320.01.0015,IRS23700561,2023-08-10,10000,10,14.595,1,İTHAL,26.7167,Sevk irsaliyesi,E,Şartlı kabul,5462.8753,0,2023,8,32
D00007,320.01.0015,IRS23700562,2023-09-09,2000,2000,90.7709,1,İTHAL,27.3333,İthalat dosyası,E,,6641.7813,90,2023,9,36
H00005,320.01.0001,IRS23700564,2023-07-15,500,0.5,42.2562,1,YERLİ,26.1,Sevk irsaliyesi,E,Şartlı kabul,809.5057,90,2023,7,28
D00008,320.01.0001,IRS23700565,2023-06-27,120,120,246.2783,1,YERLİ,24.8833,İthalat dosyası,H,,1187.6799,0,2023,6,26
D00002,320.01.0001,IRS23700566,2023-08-06,5000,5000,120.2669,1,YERLİ,26.7167,Sevk irsaliyesi,E,Kalite onaylı,22507.8135,30,2023,8,31
H00016,320.01.0001,IRS23700567,2023-06-26,2000,2000,35.1392,1,YERLİ,24.8833,İthalat dosyası,E,Kalite onaylı,2824.3199,60,2023,6,26
D00009,320.01.0009,IRS23700568,2023-06-20,1000,1000,50.3257,1,İTHAL,24.8833,Sevk irsaliyesi,H,Şartlı kabul,2022.4689,45,2023,6,25
H00005,320.01.0043,IRS23700569,2023-07-27,500,0.5,41.6079,1,YERLİ,26.1,Kısmi teslim,H,Şartlı kabul,797.0862,45,2023,7,30
D00001,320.01.0043,IRS23700570,2023-06-19,1000,1000,207.5839,1,YERLİ,24.8833,İthalat dosyası,E,Kalite onaylı,8342.2978,30,2023,6,25
H00008,320.01.0043,IRS23700571,2023-09-12,1000,1,15.7889,1,YERLİ,27.3333,Mal kabul,H,Şartlı kabul,577.6434,60,2023,9,37
H00002,320.01.0028,IRS23700572,2023-07-22,2000,2,78.5945,1,YERLİ,26.1,Numune kabul,H,Kalite onaylı,6022.567,90,2023,7,29
H00001,320.01.0042,IRS23700573,2023-07-19,5000,5,40.77,1,YERLİ,26.1,Mal kabul,H,Şartlı kabul,7810.3448,60,2023,7,29
H00005,320.01.0042,IRS23700574,2023-08-01,10000,10,36.8113,1,YERLİ,26.7167,Mal kabul,H,,13778.3858,30,2023,8,31
D00004,320.01.0045,IRS23700575,2023-08-11,250,250,19.7277,1,YERLİ,26.7167,Sevk irsaliyesi,H,,184.6008,90,2023,8,32
D00004,320.01.0045,IRS23700576,2023-06-27,120,120,17.9575,1,YERLİ,24.8833,Sevk irsaliyesi,E,Şartlı kabul,86.6002,45,2023,6,26
H00010,320.01.0018,IRS23700577,2023-06-20,500,0.5,18.863,1,İTHAL,24.8833,Numune kabul,H,,379.0293,60,2023,6,25
H00011,320.01.0004,IRS23700578,2023-06-23,1000,1,38.1636,1,YERLİ,24.8833,Kısmi teslim,E,Şartlı kabul,1533.7033,0,2023,6,25
D00001,320.01.0004,IRS23700579,2023-09-01,5000,5000,243.6857,1,YERLİ,27.3333,Kısmi teslim,H,,44576.7068,0,2023,9,35
H00014,320.01.0002,IRS23700580,2023-07-12,250,0.25,66.2358,1,YERLİ,26.1,Mal kabul,H,Şartlı kabul,634.4425,45,2023,7,28
H00008,320.01.0001,IRS23700581,2023-08-19,1000,1,15.9642,1,YERLİ,26.7167,Numune kabul,H,Kalite onaylı,597.5364,30,2023,8,33
D00003,320.01.0001,IRS23700582,2023-06-22,120,120,190.4915,1,YERLİ,24.8833,İthalat dosyası,E,Kalite onaylı,918.6474,0,2023,6,25
D00007,320.01.0001,IRS23700583,2023-06-21,2000,2000,108.8082,1,YERLİ,24.8833,İthalat dosyası,H,Kalite onaylı,8745.4799,0,2023,6,25
D00011,320.01.0013,IRS23700584,2023-08-11,2000,2000,62.0049,1,YERLİ,26.7167,Mal kabul,E,Kalite onaylı,4641.6586,30,2023,8,32
H00006,320.01.0004,IRS23700587,2023-08-09,1000,1,72.9384,1,YERLİ,26.7167,Sevk irsaliyesi,H,,2730.0677,60,2023,8,32
H00012,320.01.0004,IRS23700588,2023-08-15,120,120,81.8219,1,YERLİ,26.7167,Kısmi teslim,H,,367.509,45,2023,8,33
D00001,320.01.0004,IRS23700589,2023-07-07,1000,1000,215.5725,1,YERLİ,26.1,Sevk irsaliyesi,E,Kalite onaylı,8259.4828,60,2023,7,27
H00013,320.01.0005,IRS23700590,2023-06-26,120,120,38.5542,1,İTHAL,24.8833,Numune kabul,E,Kalite onaylı,185.9281,0,2023,6,26
D00001,320.01.0005,IRS23700591,2023-08-18,120,120,191.6917,1,İTHAL,26.7167,İthalat dosyası,E,,860.9972,60,2023,8,33
D00009,320.01.0001,IRS23700592,2023-07-30,500,500,47.696,1,YERLİ,26.1,Numune kabul,E,Şartlı kabul,913.7165,30,2023,7,30
H00007,320.01.0019,IRS23700593,2023-08-19,2000,2,70.0623,1,YERLİ,26.7167,Numune kabul,H,Kalite onaylı,5244.8319,0,2023,8,33
H00002,320.01.0019,IRS23700594,2023-07-14,120,0.12,77.9224,1,YERLİ,26.1,Sevk irsaliyesi,H,Şartlı kabul,358.2639,60,2023,7,28
D00012,320.01.0002,IRS23700595,2023-06-28,5000,5000,116.1174,1,YERLİ,24.8833,Mal kabul,H,Kalite onaylı,23332.3956,30,2023,6,26
H00002,320.01.0002,IRS23700596,2023-06-28,10000,10,78.8016,1,YERLİ,24.8833,İthalat dosyası,H,Kalite onaylı,31668.4684,30,2023,6,26
H00016,320.01.0050,IRS23700597,2023-07-03,120,120,37.1542,1,YERLİ,26.1,Mal kabul,E,Şartlı kabul,170.8239,45,2023,7,27
H00015,320.01.0012,IRS23700598,2023-07-08,500,0.5,19.975,1,YERLİ,26.1,Sevk irsaliyesi,E,,382.6628,0,2023,7,27
H00008,320.01.0012,IRS23700599,2023-07-22,5000,5,14.5178,1,YERLİ,26.1,Numune kabul,H,Şartlı kabul,2781.1877,60,2023,7,29
H00004,320.01.0012,IRS23700600,2023-07-22,120,0.12,16.5363,1,YERLİ,26.1,Sevk irsaliyesi,H,,76.029,0,2023,7,29
D00009,320.01.0015,IRS23700601,2023-07-27,120,120,51.0743,1,İTHAL,26.1,Numune kabul,H,Kalite onaylı,234.8244,30,2023,7,30
D00005,320.01.0015,IRS23700602,2023-07-10,2000,2000,226.1294,1,İTHAL,26.1,İthalat dosyası,E,,17327.9234,0,2023,7,28
H00001,320.01.0035,IRS23700603,2023-07-24,2000,2,39.4873,1,YERLİ,26.1,İthalat dosyası,H,Şartlı kabul,3025.8467,45,2023,7,30
D00004,320.01.0001,IRS23700604,2023-07-08,500,500,15.8711,1,YERLİ,26.1,Mal kabul,E,Kalite onaylı,304.0441,45,2023,7,27
H00010,320.01.0053,IRS23700605,2023-07-10,500,0.5,19.6884,1,YERLİ,26.1,İthalat dosyası,E,,377.1724,30,2023,7,28
H00016,320.01.0053,IRS23700606,2023-08-18,120,120,35.3062,1,YERLİ,26.7167,Mal kabul,E,Şartlı kabul,158.5804,45,2023,8,33
H00015,320.01.0054,IRS23700607,2023-07-16,2000,2,17.7736,1,YERLİ,26.1,İthalat dosyası,H,,1361.9617,60,2023,7,28
D00006,320.01.0054,IRS23700608,2023-07-02,120,120,142.8314,1,YERLİ,26.1,İthalat dosyası,H,,656.6961,60,2023,7,26
H00006,320.01.0054,IRS23700609,2023-06-23,10000,10,69.0609,1,YERLİ,24.8833,Mal kabul,H,,27753.9153,60,2023,6,25
H00002,320.01.0041,IRS23700610,2023-07-28,10000,10,69.1554,1,YERLİ,26.1,Sevk irsaliyesi,E,Şartlı kabul,26496.3218,60,2023,7,30
H00005,320.01.0041,IRS23700611,2023-07-04,1000,1,42.2356,1,YERLİ,26.1,Mal kabul,E,,1618.2222,45,2023,7,27
D00001,320.01.0036,IRS23700612,2023-07-06,500,500,204.7167,1,İTHAL,26.1,Numune kabul,E,Şartlı kabul,3921.7759,60,2023,7,27
H00003,320.01.0036,IRS23700613,2023-07-27,120,0.12,27.5329,1,İTHAL,26.1,Sevk irsaliyesi,H,,126.588,45,2023,7,30
D00001,320.01.0042,IRS23700614,2023-07-14,250,250,227.0355,1,YERLİ,26.1,Sevk irsaliyesi,E,,2174.6695,90,2023,7,28
D00003,320.01.0009,IRS23700615,2023-08-03,1000,1000,201.2034,1,İTHAL,26.7167,Sevk irsaliyesi,H,Kalite onaylı,7530.9975,90,2023,8,31
D00006,320.01.0009,IRS23700616,2023-07-11,10000,10000,121.3756,1,İTHAL,26.1,Numune kabul,E,,46504.0613,60,2023,7,28
H00012,320.01.0001,IRS23700617,2023-07-06,1000,1000,82.5634,1,YERLİ,26.1,Mal kabul,E,Şartlı kabul,3163.3487,60,2023,7,27
H00001,320.01.0005,IRS23700618,2023-07-18,1000,1,40.6713,1,İTHAL,26.1,Sevk irsaliyesi,H,Şartlı kabul,1558.2874,60,2023,7,29
H00014,320.01.0005,IRS23700619,2023-07-11,250,0.25,60.2138,1,İTHAL,26.1,Kısmi teslim,E,,576.7605,30,2023,7,28
H00006,320.01.0015,IRS23700620,2023-06-24,1000,1,76.5846,1,İTHAL,24.8833,Numune kabul,H,,3077.7509,30,2023,6,25
H00010,320.01.0015,IRS23700621,2023-08-19,1000,1,21.5775,1,İTHAL,26.7167,Kısmi teslim,H,Kalite onaylı,807.6409,0,2023,8,33
H00012,320.01.0015,IRS23700622,2023-07-30,2000,2000,77.2593,1,İTHAL,26.1,İthalat dosyası,H,,5920.2529,60,2023,7,30
H00014,320.01.0001,IRS23700623,2023-08-22,1000,1,74.4327,1,YERLİ,26.7167,Kısmi teslim,H,Kalite onaylı,2785.999,45,2023,8,34
H00013,320.01.0001,IRS23700624,2023-09-27,10000,10000,40.7258,1,YERLİ,27.3333,Sevk irsaliyesi,E,,14899.7011,45,2023,9,39
H00006,320.01.0013,IRS23700625,2023-09-25,500,0.5,82.835,1,YERLİ,27.3333,Numune kabul,H,Kalite onaylı,1515.2762,60,2023,9,39
H00006,320.01.0013,IRS23700626,2023-08-08,500,0.5,79.0243,1,YERLİ,26.7167,Sevk irsaliyesi,E,Şartlı kabul,1478.9308,90,2023,8,32
H00003,320.01.0001,IRS23700627,2023-07-12,2000,2,25.5039,1,YERLİ,26.1,İthalat dosyası,E,Şartlı kabul,1954.3218,45,2023,7,28
H00006,320.01.0020,IRS23700628,2023-07-02,120,0.12,82.4117,1,YERLİ,26.1,İthalat dosyası,E,Kalite onaylı,378.9044,45,2023,7,26
D00012,320.01.0020,IRS23700629,2023-08-23,500,500,129.851,1,YERLİ,26.7167,Kısmi teslim,H,,2430.1467,0,2023,8,34
H00007,320.01.0023,IRS23700630,2023-08-08,10000,10,77.9937,1,YERLİ,26.7167,İthalat dosyası,E,Şartlı kabul,29192.8644,0,2023,8,32
H00003,320.01.0015,IRS23700631,2023-09-18,10000,10,27.9936,1,İTHAL,27.3333,Numune kabul,E,Şartlı kabul,10241.5735,90,2023,9,38
D00007,320.01.0015,IRS23700632,2023-07-12,10000,10000,107.4681,1,İTHAL,26.1,Mal kabul,E,Şartlı kabul,41175.5172,30,2023,7,28
H00003,320.01.0015,IRS23700633,2023-08-03,500,0.5,28.1546,1,İTHAL,26.7167,Mal kabul,E,Şartlı kabul,526.9101,30,2023,8,31
D00005,320.01.0014,IRS23700634,2023-08-17,10000,10000,207.4042,1,YERLİ,26.7167,Sevk irsaliyesi,H,Şartlı kabul,77630.92,45,2023,8,33
D00005,320.01.0014,IRS23700635,2023-07-30,250,250,227.504,1,YERLİ,26.1,Numune kabul,H,,2179.1571,0,2023,7,30
H00005,320.01.0014,IRS23700636,2023-08-27,250,0.25,39.56,1,YERLİ,26.7167,Mal kabul,E,Şartlı kabul,370.1804,90,2023,8,34
H00013,320.01.0014,IRS23700637,2023-07-08,10000,10000,38.6238,1,YERLİ,26.1,Sevk irsaliyesi,H,Kalite onaylı,14798.3908,0,2023,7,27
H00001,320.01.0002,IRS23700638,2023-09-02,1000,1,44.0496,1,YERLİ,27.3333,İthalat dosyası,H,Kalite onaylı,1611.5727,0,2023,9,35
H00009,320.01.0005,IRS23700639,2023-07-12,500,0.5,15.6872,1,İTHAL,26.1,Sevk irsaliyesi,H,,300.5211,30,2023,7,28
H00014,320.01.0005,IRS23700640,2023-07-29,500,0.5,65.8665,1,İTHAL,26.1,Mal kabul,E,,1261.8103,60,2023,7,30
D00011,320.01.0027,IRS23700641,2023-07-14,500,500,62.9688,1,YERLİ,26.1,İthalat dosyası,E,Şartlı kabul,1206.2989,0,2023,7,28
D00004,320.01.0011,IRS23700642,2023-07-10,120,120,16.6589,1,YERLİ,26.1,Numune kabul,E,Şartlı kabul,76.5926,0,2023,7,28
D00011,320.01.0011,IRS23700643,2023-08-06,250,250,54.9246,1,YERLİ,26.7167,Kısmi teslim,E,,513.9538,90,2023,8,31
D00012,320.01.0007,IRS23700644,2023-07-25,5000,5000,120.145,1,İTHAL,26.1,Numune kabul,E,Kalite onaylı,23016.2835,90,2023,7,30
H00003,320.01.0007,IRS23700645,2023-08-08,120,0.12,22.8223,1,İTHAL,26.7167,Numune kabul,H,Kalite onaylı,102.508,0,2023,8,32
H00014,320.01.0007,IRS23700646,2023-07-23,120,0.12,72.2046,1,İTHAL,26.1,Mal kabul,E,Kalite onaylı,331.9752,0,2023,7,29
H00014,320.01.0001,IRS23700647,2023-07-10,500,0.5,70.2822,1,YERLİ,26.1,Sevk irsaliyesi,E,Kalite onaylı,1346.4023,45,2023,7,28
D00001,320.01.0001,IRS23700649,2023-07-22,2000,2000,241.1517,1,YERLİ,26.1,Numune kabul,E,Şartlı kabul,18479.0575,90,2023,7,29
H00004,320.01.0006,IRS23700650,2023-07-24,250,0.25,19.0951,1,YERLİ,26.1,Sevk irsaliyesi,H,,182.9033,45,2023,7,30
H00012,320.01.0006,IRS23700651,2023-08-04,250,250,68.4286,1,YERLİ,26.7167,Kısmi teslim,H,Şartlı kabul,640.3167,45,2023,8,31
H00015,320.01.0010,IRS23700652,2023-08-23,500,0.5,22.3339,1,YERLİ,26.7167,Sevk irsaliyesi,E,Şartlı kabul,417.9764,0,2023,8,34
H00002,320.01.0013,IRS23700653,2023-08-24,60,0.06,73.5511,1,YERLİ,26.7167,Sevk irsaliyesi,H,Kalite onaylı,165.1801,30,2023,8,34
H00002,320.01.0013,IRS23700654,2023-07-09,250,0.25,68.4029,1,YERLİ,26.1,Mal kabul,H,Kalite onaylı,655.2002,45,2023,7,27
D00002,320.01.0004,IRS23700655,2023-07-14,1000,1000,123.2212,1,YERLİ,26.1,Sevk irsaliyesi,H,Şartlı kabul,4721.1188,0,2023,7,28
H00014,320.01.0004,IRS23700656,2023-07-07,2000,2,72.8873,1,YERLİ,26.1,Numune kabul,E,Şartlı kabul,5585.2337,45,2023,7,27
D00006,320.01.0007,IRS23700657,2023-09-04,120,120,128.1332,1,İTHAL,27.3333,Sevk irsaliyesi,H,,562.5367,90,2023,9,36
D00002,320.01.0007,IRS23700658,2023-07-17,2000,2000,102.6478,1,İTHAL,26.1,Numune kabul,E,Şartlı kabul,7865.7318,0,2023,7,29
H00011,320.01.0007,IRS23700659,2023-08-05,250,0.25,37.4318,1,İTHAL,26.7167,İthalat dosyası,E,Kalite onaylı,350.2659,90,2023,8,31
D00002,320.01.0014,IRS23700660,2023-07-24,5000,5000,103.7758,1,YERLİ,26.1,Mal kabul,H,Şartlı kabul,19880.4215,0,2023,7,30
D00004,320.01.0010,IRS23700661,2023-07-17,2000,2000,17.8296,1,YERLİ,26.1,İthalat dosyası,H,Kalite onaylı,1366.2529,60,2023,7,29
D00010,320.01.0010,IRS23700662,2023-07-10,1000,1000,267.0915,1,YERLİ,26.1,Mal kabul,E,,10233.3908,90,2023,7,28
H00001,320.01.0010,IRS23700663,2023-08-07,5000,5,37.9158,1,YERLİ,26.7167,Mal kabul,E,Kalite onaylı,7095.8988,60,2023,8,32
D00002,320.01.0007,IRS23700664,2023-08-03,250,250,122.0276,1,İTHAL,26.7167,Mal kabul,H,,1141.8663,30,2023,8,31
H00012,320.01.0011,IRS23700665,2023-07-16,2000,2000,67.7947,1,YERLİ,26.1,Mal kabul,E,Kalite onaylı,5194.9962,0,2023,7,28
D00007,320.01.0002,IRS23700666,2023-07-20,1000,1000,108.3604,1,YERLİ,26.1,Kısmi teslim,E,Kalite onaylı,4151.7395,30,2023,7,29
D00008,320.01.0003,IRS23700667,2023-08-03,2000,2000,222.7743,1,YERLİ,26.7167,İthalat dosyası,H,Şartlı kabul,16676.7827,0,2023,8,31
H00005,320.01.0003,IRS23700668,2023-07-30,10000,10,38.5499,1,YERLİ,26.1,Kısmi teslim,H,,14770.0766,60,2023,7,30
H00004,320.01.0007,IRS23700669,2023-07-15,250,0.25,16.499,1,İTHAL,26.1,Numune kabul,H,,158.0364,0,2023,7,28
H00002,320.01.0007,IRS23700670,2023-08-05,5000,5,72.2164,1,İTHAL,26.7167,İthalat dosyası,E,,13515.2171,90,2023,8,31
H00013,320.01.0008,IRS23700671,2023-08-05,2000,2000,45.0222,1,YERLİ,26.7167,Sevk irsaliyesi,H,Şartlı kabul,3370.3414,90,2023,8,31
H00004,320.01.0008,IRS23700672,2023-08-01,5000,5,16.8915,1,YERLİ,26.7167,Sevk irsaliyesi,H,Şartlı kabul,3161.225,60,2023,8,31
D00008,320.01.0003,IRS23700673,2023-07-25,2000,2000,280.9977,1,YERLİ,26.1,Sevk irsaliyesi,H,Kalite onaylı,21532.3908,60,2023,7,30
D00011,320.01.0003,IRS23700674,2023-09-10,250,250,65.913,1,YERLİ,27.3333,Sevk irsaliyesi,H,,602.8635,45,2023,9,36
D00006,320.01.0001,IRS23700675,2023-09-02,1000,1000,128.8059,1,YERLİ,27.3333,Mal kabul,E,,4712.4167,0,2023,9,35
H00008,320.01.0001,IRS23700676,2023-07-20,120,0.12,17.1247,1,YERLİ,26.1,Numune kabul,E,Şartlı kabul,78.7343,45,2023,7,29
H00008,320.01.0007,IRS23700677,2023-07-17,10000,10,16.3393,1,İTHAL,26.1,Numune kabul,H,,6260.2682,0,2023,7,29
H00005,320.01.0007,IRS23700678,2023-08-18,250,0.25,45.2493,1,İTHAL,26.7167,Kısmi teslim,E,,423.4177,45,2023,8,33
H00011,320.01.0009,IRS23700679,2023-08-28,5000,5,42.2017,1,İTHAL,26.7167,Kısmi teslim,H,Şartlı kabul,7898.0001,90,2023,8,35
H00009,320.01.0009,IRS23700680,2023-07-15,10000,10,17.1486,1,İTHAL,26.1,Kısmi teslim,E,,6570.3448,0,2023,7,28
D00001,320.01.0009,IRS23700681,2023-07-31,120,120,213.0235,1,İTHAL,26.1,Mal kabul,H,Kalite onaylı,979.4184,90,2023,7,31
H00008,320.01.0002,IRS23700682,2023-07-30,10000,10,17.9085,1,YERLİ,26.1,Numune kabul,E,Şartlı kabul,6861.4943,90,2023,7,30
H00016,320.01.0002,IRS23700683,2023-08-12,250,250,34.5565,1,YERLİ,26.7167,İthalat dosyası,H,Şartlı kabul,323.3605,45,2023,8,32
H00016,320.01.0002,IRS23700684,2023-08-05,250,250,35.0327,1,YERLİ,26.7167,Numune kabul,E,Kalite onaylı,327.8165,60,2023,8,31
D00002,320.01.0004,IRS23700685,2023-09-07,250,250,122.057,1,YERLİ,27.3333,Kısmi teslim,H,Şartlı kabul,1116.3764,60,2023,9,36
D00006,320.01.0004,IRS23700686,2023-07-12,250,250,125.6194,1,YERLİ,26.1,Mal kabul,E,,1203.251,45,2023,7,28
D00001,320.01.0012,IRS23700687,2023-08-15,5000,5000,242.0289,1,YERLİ,26.7167,Kısmi teslim,E,Kalite onaylı,45295.4332,45,2023,8,33
H00006,320.01.0008,IRS23700688,2023-07-27,500,0.5,87.4826,1,YERLİ,26.1,Mal kabul,H,Kalite onaylı,1675.9119,0,2023,7,30
D00010,320.01.0003,IRS23700689,2023-07-20,2000,2000,247.1283,1,YERLİ,26.1,Sevk irsaliyesi,E,Kalite onaylı,18937.0345,30,2023,7,29
H00002,320.01.0003,IRS23700690,2023-10-13,1000,1,78.9962,1,YERLİ,27.95,Kısmi teslim,H,Kalite onaylı,2826.3399,90,2023,10,41
D00005,320.01.0009,IRS23700691,2023-08-05,5000,5000,224.3902,1,İTHAL,26.7167,Numune kabul,E,Kalite onaylı,41994.3706,90,2023,8,31
H00009,320.01.0009,IRS23700692,2023-08-27,5000,5,17.4808,1,İTHAL,26.7167,İthalat dosyası,H,,3271.5118,90,2023,8,34
H00016,320.01.0017,IRS23700693,2023-07-31,10000,10000,37.1959,1,YERLİ,26.1,İthalat dosyası,H,Kalite onaylı,14251.3027,60,2023,7,31
H00006,320.01.0017,IRS23700694,2023-07-25,5000,5,78.4279,1,YERLİ,26.1,Kısmi teslim,E,Kalite onaylı,15024.5019,0,2023,7,30
H00002,320.01.0035,IRS23700695,2023-07-28,120,0.12,71.466,1,YERLİ,26.1,Sevk irsaliyesi,E,,328.5793,60,2023,7,30
D00010,320.01.0035,IRS23700696,2023-09-17,250,250,264.0648,1,YERLİ,27.3333,Sevk irsaliyesi,E,Kalite onaylı,2415.2298,0,2023,9,37
H00014,320.01.0006,IRS23700697,2023-07-19,250,0.25,67.3863,1,YERLİ,26.1,Sevk irsaliyesi,H,,645.4626,0,2023,7,29
D00006,320.01.0002,IRS23700698,2023-09-07,10000,10000,130.6257,1,YERLİ,27.3333,Numune kabul,E,Kalite onaylı,47789.9485,30,2023,9,36
H00004,320.01.0010,IRS23700699,2023-08-01,1000,1,18.4511,1,YERLİ,26.7167,Numune kabul,E,,690.6205,90,2023,8,31
D00008,320.01.0010,IRS23700700,2023-08-08,250,250,287.2363,1,YERLİ,26.7167,Kısmi teslim,E,Şartlı kabul,2687.7973,30,2023,8,32
H00005,320.01.0003,IRS23700701,2023-08-17,2000,2,40.3194,1,YERLİ,26.7167,Sevk irsaliyesi,H,Kalite onaylı,3018.2919,0,2023,8,33
D00010,320.01.0005,IRS23700702,2023-08-04,2000,2000,269.973,1,İTHAL,26.7167,İthalat dosyası,H,,20210.0559,0,2023,8,31
H00003,320.01.0005,IRS23700703,2023-07-17,120,0.12,27.3772,1,İTHAL,26.1,Mal kabul,E,,125.8722,30,2023,7,29
H00008,320.01.0026,IRS23700704,2023-08-01,250,0.25,15.2698,1,YERLİ,26.7167,İthalat dosyası,H,Kalite onaylı,142.8863,0,2023,8,31
D00001,320.01.0026,IRS23700705,2023-10-12,120,120,250.5199,1,YERLİ,27.95,İthalat dosyası,H,,1075.5774,0,2023,10,41
H00001,320.01.0008,IRS23700706,2023-10-14,120,0.12,39.311,1,YERLİ,27.95,Numune kabul,E,Şartlı kabul,168.7771,45,2023,10,41
H00001,320.01.0008,IRS23700707,2023-09-06,500,0.5,37.9493,1,YERLİ,27.3333,Sevk irsaliyesi,H,Şartlı kabul,694.1954,60,2023,9,36
D00005,320.01.0015,IRS23700708,2023-07-28,500,500,245.4206,1,İTHAL,26.1,Mal kabul,E,,4701.5441,60,2023,7,30
D00008,320.01.0052,IRS23700710,2023-10-19,500,500,291.5781,1,YERLİ,27.95,Sevk irsaliyesi,E,Şartlı kabul,5216.0662,30,2023,10,42
D00001,320.01.0052,IRS23700711,2023-08-13,1000,1000,220.9988,1,YERLİ,26.7167,Mal kabul,H,Şartlı kabul,8271.9348,60,2023,8,32
H00005,320.01.0044,IRS23700712,2023-08-24,1000,1,40.4887,1,YERLİ,26.7167,Kısmi teslim,E,,1515.4828,30,2023,8,34
H00001,320.01.0044,IRS23700713,2023-08-03,250,0.25,43.2178,1,YERLİ,26.7167,Numune kabul,E,Şartlı kabul,404.4081,60,2023,8,31
D00003,320.01.0015,IRS23700714,2023-08-08,10000,10000,205.3679,1,İTHAL,26.7167,Numune kabul,H,Kalite onaylı,76868.7375,45,2023,8,32
H00013,320.01.0015,IRS23700715,2023-08-07,5000,5000,41.2797,1,İTHAL,26.7167,Sevk irsaliyesi,E,Kalite onaylı,7725.4489,45,2023,8,32
D00009,320.01.0015,IRS23700716,2023-07-23,500,500,51.3673,1,İTHAL,26.1,Numune kabul,H,Kalite onaylı,984.0479,0,2023,7,29
H00010,320.01.0003,IRS23700717,2023-10-16,2000,2,18.6129,1,YERLİ,27.95,Kısmi teslim,E,Şartlı kabul,1331.8712,30,2023,10,42
H00001,320.01.0048,IRS23700718,2023-10-20,500,0.5,39.87,1,YERLİ,27.95,İthalat dosyası,H,Kalite onaylı,713.2379,60,2023,10,42
H00008,320.01.0003,IRS23700719,2023-08-15,2000,2,17.6448,1,YERLİ,26.7167,Sevk irsaliyesi,H,Şartlı kabul,1320.8817,45,2023,8,33
H00001,320.01.0015,IRS23700720,2023-07-26,2000,2,41.3353,1,İTHAL,26.1,Sevk irsaliyesi,E,,3167.4559,45,2023,7,30
D00002,320.01.0015,IRS23700721,2023-07-24,120,120,122.4927,1,İTHAL,26.1,Kısmi teslim,H,,563.1848,60,2023,7,30
D00003,320.01.0015,IRS23700722,2023-09-21,120,120,249.6361,1,İTHAL,27.3333,İthalat dosyası,H,Şartlı kabul,1095.9647,45,2023,9,38
D00001,320.01.0029,IRS23700723,2023-07-31,500,500,224.8054,1,İTHAL,26.1,İthalat dosyası,H,Kalite onaylı,4306.6169,30,2023,7,31
D00004,320.01.0029,IRS23700724,2023-08-03,5000,5000,20.2446,1,İTHAL,26.7167,İthalat dosyası,E,Şartlı kabul,3788.7539,30,2023,8,31
D00011,320.01.0001,IRS23700725,2023-08-14,250,250,53.2327,1,YERLİ,26.7167,Mal kabul,E,Kalite onaylı,498.122,30,2023,8,33
D00012,320.01.0001,IRS23700726,2023-10-18,10000,10000,125.9086,1,YERLİ,27.95,İthalat dosyası,E,,45047.7996,60,2023,10,42
D00012,320.01.0001,IRS23700727,2023-09-14,120,120,127.121,1,YERLİ,27.3333,İthalat dosyası,H,Kalite onaylı,558.0929,30,2023,9,37
D00011,320.01.0006,IRS23700728,2023-08-01,5000,5000,58.238,1,YERLİ,26.7167,Sevk irsaliyesi,E,,10899.1754,60,2023,8,31
H00002,320.01.0002,IRS23700729,2023-08-12,250,0.25,84.471,1,YERLİ,26.7167,Numune kabul,E,,790.4326,45,2023,8,32
H00002,320.01.0002,IRS23700730,2023-08-19,10000,10,79.3709,1,YERLİ,26.7167,Kısmi teslim,E,Kalite onaylı,29708.3472,60,2023,8,33
D00001,320.01.0033,IRS23700731,2023-08-17,5000,5000,208.4667,1,YERLİ,26.7167,Kısmi teslim,E,Şartlı kabul,39014.3057,30,2023,8,33
D00010,320.01.0033,IRS23700732,2023-09-17,2000,2000,275.492,1,YERLİ,27.3333,İthalat dosyası,H,Şartlı kabul,20157.9758,30,2023,9,37
D00005,320.01.0046,IRS23700733,2023-08-08,5000,5000,204.9532,1,YERLİ,26.7167,Mal kabul,E,Şartlı kabul,38356.7581,90,2023,8,32
H00003,320.01.0046,IRS23700734,2023-08-19,120,0.12,27.129,1,YERLİ,26.7167,İthalat dosyası,H,,121.8519,30,2023,8,33
D00007,320.01.0046,IRS23700735,2023-09-27,500,500,107.8859,1,YERLİ,27.3333,İthalat dosyası,H,,1973.525,90,2023,9,39
H00004,320.01.0053,IRS23700736,2023-08-11,500,0.5,19.1202,1,YERLİ,26.7167,Mal kabul,H,Şartlı kabul,357.8324,0,2023,8,32
D00005,320.01.0053,IRS23700737,2023-08-01,250,250,235.8644,1,YERLİ,26.7167,Kısmi teslim,H,Şartlı kabul,2207.0877,90,2023,8,31
D00004,320.01.0001,IRS23700738,2023-07-30,250,250,20.5916,1,YERLİ,26.1,Kısmi teslim,E,,197.2375,90,2023,7,30
D00004,320.01.0001,IRS23700739,2023-08-19,120,120,17.6348,1,YERLİ,26.7167,Kısmi teslim,E,Şartlı kabul,79.208,60,2023,8,33
H00016,320.01.0001,IRS23700740,2023-08-15,1000,1000,37.668,1,YERLİ,26.7167,Sevk irsaliyesi,E,Kalite onaylı,1409.9047,30,2023,8,33
H00015,320.01.0038,IRS23700741,2023-10-14,5000,5,21.2497,1,YERLİ,27.95,İthalat dosyası,E,,3801.3775,90,2023,10,41
H00008,320.01.0038,IRS23700742,2023-09-17,250,0.25,18.9068,1,YERLİ,27.3333,Sevk irsaliyesi,E,Şartlı kabul,172.9283,90,2023,9,37
D00003,320.01.0025,IRS23700743,2023-08-01,120,120,238.0735,1,YERLİ,26.7167,Kısmi teslim,H,Kalite onaylı,1069.3244,45,2023,8,31
D00008,320.01.0025,IRS23700744,2023-08-06,2000,2000,267.6601,1,YERLİ,26.7167,Numune kabul,E,Kalite onaylı,20036.9132,30,2023,8,31
H00010,320.01.0008,IRS23700745,2023-07-26,1000,1,18.0444,1,YERLİ,26.1,Mal kabul,E,Kalite onaylı,691.3563,45,2023,7,30
H00004,320.01.0008,IRS23700746,2023-10-28,10000,10,19.8699,1,YERLİ,27.95,Mal kabul,H,Kalite onaylı,7109.0877,60,2023,10,43
H00014,320.01.0002,IRS23700747,2023-08-22,1000,1,67.3428,1,YERLİ,26.7167,Sevk irsaliyesi,H,Kalite onaylı,2520.6257,90,2023,8,34
H00006,320.01.0002,IRS23700748,2023-08-12,1000,1,82.8197,1,YERLİ,26.7167,Numune kabul,H,Kalite onaylı,3099.9225,60,2023,8,32
H00007,320.01.0002,IRS23700749,2023-09-25,250,0.25,89.4189,1,YERLİ,27.3333,Kısmi teslim,E,Şartlı kabul,817.8568,60,2023,9,39
H00010,320.01.0035,IRS23700750,2023-08-16,1000,1,19.9111,1,YERLİ,26.7167,İthalat dosyası,H,,745.2679,0,2023,8,33
H00013,320.01.0035,IRS23700751,2023-10-19,500,500,47.1251,1,YERLİ,27.95,Sevk irsaliyesi,E,Kalite onaylı,843.025,60,2023,10,42
H00007,320.01.0035,IRS23700752,2023-08-12,250,0.25,79.0061,1,YERLİ,26.7167,İthalat dosyası,H,,739.2951,60,2023,8,32
H00002,320.01.0034,IRS23700753,2023-08-09,5000,5,85.1692,1,İTHAL,26.7167,Mal kabul,E,Şartlı kabul,15939.3189,0,2023,8,32
D00005,320.01.0034,IRS23700754,2023-08-28,250,250,214.8453,1,İTHAL,26.7167,Kısmi teslim,H,,2010.4027,45,2023,8,35
D00007,320.01.0038,IRS23700755,2023-08-12,5000,5000,107.4913,1,YERLİ,26.7167,Mal kabul,H,Şartlı kabul,20116.8745,0,2023,8,32
H00003,320.01.0002,IRS23700756,2023-08-30,2000,2,24.7833,1,YERLİ,26.7167,Kısmi teslim,E,Kalite onaylı,1855.2666,90,2023,8,35
H00003,320.01.0002,IRS23700757,2023-10-17,10000,10,27.5744,1,YERLİ,27.95,Sevk irsaliyesi,H,Şartlı kabul,9865.6172,45,2023,10,42
D00008,320.01.0002,IRS23700758,2023-08-08,250,250,289.8785,1,YERLİ,26.7167,Mal kabul,H,Kalite onaylı,2712.5216,0,2023,8,32
D00004,320.01.0040,IRS23700759,2023-08-20,250,250,18.9893,1,YERLİ,26.7167,Kısmi teslim,E,,177.6913,45,2023,8,33
D00003,320.01.0040,IRS23700760,2023-08-06,5000,5000,200.7964,1,YERLİ,26.7167,Numune kabul,H,,37578.8177,30,2023,8,31
H00008,320.01.0017,IRS23700761,2023-10-28,250,0.25,15.9411,1,YERLİ,27.95,Mal kabul,E,,142.5859,60,2023,10,43
H00013,320.01.0014,IRS23700762,2023-08-13,5000,5000,39.6968,1,YERLİ,26.7167,Numune kabul,H,,7429.2109,30,2023,8,32
H00014,320.01.0014,IRS23700763,2023-09-02,120,0.12,69.2616,1,YERLİ,27.3333,Sevk irsaliyesi,H,Şartlı kabul,304.0757,60,2023,9,35
H00010,320.01.0018,IRS23700764,2023-09-02,2000,2,18.5838,1,İTHAL,27.3333,Mal kabul,H,,1359.7919,30,2023,9,35
H00010,320.01.0018,IRS23700765,2023-09-02,2000,2,18.0701,1,İTHAL,27.3333,Numune kabul,E,Kalite onaylı,1322.2041,0,2023,9,35
D00011,320.01.0018,IRS23700766,2023-09-04,120,120,60.0574,1,İTHAL,27.3333,Mal kabul,E,Kalite onaylı,263.667,60,2023,9,36
H00005,320.01.0005,IRS23700767,2023-08-16,250,0.25,38.6311,1,İTHAL,26.7167,Mal kabul,E,Şartlı kabul,361.4883,30,2023,8,33
H00006,320.01.0005,IRS23700768,2023-08-30,5000,5,78.3496,1,İTHAL,26.7167,Mal kabul,E,Kalite onaylı,14663.0385,60,2023,8,35
D00009,320.01.0004,IRS23700769,2023-08-01,5000,5000,50.3046,1,YERLİ,26.7167,Sevk irsaliyesi,E,Şartlı kabul,9414.4486,0,2023,8,31
H00005,320.01.0004,IRS23700770,2023-08-14,10000,10,43.3878,1,YERLİ,26.7167,Sevk irsaliyesi,E,Şartlı kabul,16239.9548,90,2023,8,33
D00007,320.01.0017,IRS23700771,2023-11-01,10000,10000,95.5043,1,YERLİ,28.5667,Sevk irsaliyesi,E,Kalite onaylı,33432.038,90,2023,11,44
H00002,320.01.0017,IRS23700772,2023-08-12,10000,10,78.1874,1,YERLİ,26.7167,İthalat dosyası,E,Şartlı kabul,29265.3659,60,2023,8,32
D00006,320.01.0017,IRS23700773,2023-10-22,10000,10000,138.8625,1,YERLİ,27.95,Numune kabul,E,,49682.4687,60,2023,10,42
H00009,320.01.0013,IRS23700774,2023-08-21,120,0.12,18.2636,1,YERLİ,26.7167,İthalat dosyası,E,Kalite onaylı,82.0323,60,2023,8,34
D00001,320.01.0013,IRS23700775,2023-09-29,250,250,217.8993,1,YERLİ,27.3333,Mal kabul,E,Kalite onaylı,1992.9838,60,2023,9,39
H00013,320.01.0013,IRS23700776,2023-08-27,2000,2000,40.9886,1,YERLİ,26.7167,İthalat dosyası,E,,3068.3879,30,2023,8,34
D00008,320.01.0004,IRS23700777,2023-10-06,5000,5000,259.5023,1,YERLİ,27.95,Numune kabul,H,Şartlı kabul,46422.5939,45,2023,10,40
H00004,320.01.0004,IRS23700778,2023-11-04,500,0.5,17.1781,1,YERLİ,28.5667,İthalat dosyası,H,Kalite onaylı,300.6665,90,2023,11,44
H00016,320.01.0001,IRS23700779,2023-10-21,500,500,33.7102,1,YERLİ,27.95,Numune kabul,E,,603.0447,30,2023,10,42
H00003,320.01.0001,IRS23700780,2023-08-13,120,0.12,23.5821,1,YERLİ,26.7167,Kısmi teslim,H,Kalite onaylı,105.9207,45,2023,8,32
H00009,320.01.0001,IRS23700781,2023-09-11,2000,2,17.0183,1,YERLİ,27.3333,Kısmi teslim,H,Şartlı kabul,1245.243,30,2023,9,37
D00007,320.01.0001,IRS23700782,2023-08-16,1000,1000,117.0555,1,YERLİ,26.7167,Sevk irsaliyesi,H,Kalite onaylı,4381.3607,60,2023,8,33
H00016,320.01.0013,IRS23700783,2023-09-10,2000,2000,36.9861,1,YERLİ,27.3333,Sevk irsaliyesi,E,Kalite onaylı,2706.3033,60,2023,9,36
D00012,320.01.0013,IRS23700784,2023-10-28,5000,5000,127.9845,1,YERLİ,27.95,İthalat dosyası,E,Şartlı kabul,22895.2594,45,2023,10,43
D00004,320.01.0009,IRS23700785,2023-08-24,120,120,20.5025,1,İTHAL,26.7167,Numune kabul,H,,92.0885,30,2023,8,34
H00010,320.01.0009,IRS23700786,2023-09-13,250,0.25,20.0121,1,İTHAL,27.3333,Mal kabul,H,Kalite onaylı,183.0377,60,2023,9,37
D00001,320.01.0009,IRS23700787,2023-09-29,500,500,218.1916,1,İTHAL,27.3333,Sevk irsaliyesi,H,,3991.3146,45,2023,9,39
H00007,320.01.0018,IRS23700788,2023-09-19,5000,5,91.2442,1,İTHAL,27.3333,Kısmi teslim,H,,16691.0326,45,2023,9,38
D00011,320.01.0002,IRS23700789,2023-08-13,5000,5000,54.2019,1,YERLİ,26.7167,Kısmi teslim,E,Şartlı kabul,10143.8239,90,2023,8,32
D00007,320.01.0002,IRS23700790,2023-10-28,1000,1000,101.0664,1,YERLİ,27.95,İthalat dosyası,H,Kalite onaylı,3615.9714,45,2023,10,43
D00011,320.01.0002,IRS23700791,2023-08-12,250,250,65.6157,1,YERLİ,26.7167,Mal kabul,H,Kalite onaylı,613.9952,45,2023,8,32
H00006,320.01.0001,IRS23700792,2023-08-04,500,0.5,85.1185,1,YERLİ,26.7167,İthalat dosyası,H,Şartlı kabul,1592.983,90,2023,8,31
H00010,320.01.0001,IRS23700793,2023-08-07,125,0.125,20.4885,1,YERLİ,26.7167,Numune kabul,H,,95.86,0,2023,8,32
D00006,320.01.0001,IRS23700794,2023-08-15,120,120,146.6458,1,YERLİ,26.7167,Kısmi teslim,E,,658.6703,60,2023,8,33
D00004,320.01.0022,IRS23700795,2023-08-23,250,250,17.8342,1,İTHAL,26.7167,Numune kabul,H,Şartlı kabul,166.8825,90,2023,8,34
D00009,320.01.0022,IRS23700796,2023-09-02,250,250,49.2344,1,İTHAL,27.3333,Numune kabul,H,Şartlı kabul,450.3152,0,2023,9,35
D00006,320.01.0022,IRS23700797,2023-10-24,120,120,140.1566,1,İTHAL,27.95,Kısmi teslim,H,Şartlı kabul,601.7457,0,2023,10,43
D00004,320.01.0024,IRS23700798,2023-10-05,1000,1000,19.633,1,YERLİ,27.95,Sevk irsaliyesi,H,Şartlı kabul,702.4329,45,2023,10,40
H00010,320.01.0012,IRS23700799,2023-09-14,10000,10,19.4018,1,YERLİ,27.3333,İthalat dosyası,H,Kalite onaylı,7098.2282,90,2023,9,37
D00001,320.01.0012,IRS23700800,2023-09-01,10000,10000,248.0489,1,YERLİ,27.3333,Mal kabul,H,,90749.7082,45,2023,9,35
D00006,320.01.0001,IRS23700801,2023-09-30,120,120,139.6207,1,YERLİ,27.3333,Mal kabul,E,Şartlı kabul,612.9697,90,2023,9,39
H00009,320.01.0001,IRS23700802,2023-08-12,120,0.12,15.75,1,YERLİ,26.7167,İthalat dosyası,H,Şartlı kabul,70.7423,60,2023,8,32
D00011,320.01.0002,IRS23700803,2023-09-05,500,500,62.2399,1,YERLİ,27.3333,Kısmi teslim,E,Şartlı kabul,1138.5361,45,2023,9,36
D00012,320.01.0002,IRS23700804,2023-08-19,120,120,138.2429,1,YERLİ,26.7167,İthalat dosyası,H,,620.928,0,2023,8,33
H00012,320.01.0002,IRS23700805,2023-09-19,10000,10000,75.2895,1,YERLİ,27.3333,Kısmi teslim,H,Kalite onaylı,27544.9726,45,2023,9,38
D00008,320.01.0017,IRS23700806,2023-08-31,1000,1000,259.1099,1,YERLİ,26.7167,İthalat dosyası,E,,9698.4246,60,2023,8,35
D00010,320.01.0017,IRS23700807,2023-08-28,1000,1000,251.1705,1,YERLİ,26.7167,Numune kabul,E,Kalite onaylı,9401.2546,30,2023,8,35
D00003,320.01.0017,IRS23700808,2023-09-09,250,250,244.0964,1,YERLİ,27.3333,Kısmi teslim,H,Kalite onaylı,2232.5917,60,2023,9,36
H00013,320.01.0010,IRS23700809,2023-08-14,250,250,45.3131,1,YERLİ,26.7167,Sevk irsaliyesi,H,Şartlı kabul,424.0148,45,2023,8,33
D00010,320.01.0007,IRS23700810,2023-11-03,2000,2000,236.5155,1,İTHAL,28.5667,Numune kabul,H,Kalite onaylı,16558.8255,30,2023,11,44
H00013,320.01.0007,IRS23700811,2023-08-25,120,120,40.9069,1,İTHAL,26.7167,Numune kabul,H,Şartlı kabul,183.7363,30,2023,8,34
D00003,320.01.0007,IRS23700812,2023-08-19,2000,2000,216.1224,1,İTHAL,26.7167,Sevk irsaliyesi,E,Şartlı kabul,16178.8245,90,2023,8,33
D00002,320.01.0006,IRS23700814,2023-09-29,2000,2000,137.2153,1,YERLİ,27.3333,Numune kabul,E,Şartlı kabul,10040.1561,60,2023,9,39
D00007,320.01.0013,IRS23700815,2023-08-15,250,250,110.4472,1,YERLİ,26.7167,Numune kabul,H,,1033.5034,45,2023,8,33
H00011,320.01.0013,IRS23700816,2023-11-08,10000,10,46.2093,1,YERLİ,28.5667,Mal kabul,E,,16175.9321,60,2023,11,45
H00008,320.01.0013,IRS23700817,2023-10-11,500,0.5,17.1681,1,YERLİ,27.95,Mal kabul,E,,307.1216,45,2023,10,41
H00002,320.01.0004,IRS23700818,2023-10-02,10000,10,77.8165,1,YERLİ,27.95,İthalat dosyası,E,,27841.3238,60,2023,10,40
H00009,320.01.0004,IRS23700819,2023-09-09,5000,5,17.3219,1,YERLİ,27.3333,Mal kabul,E,Şartlı kabul,3168.6441,90,2023,9,36
H00006,320.01.0005,IRS23700820,2023-08-21,2000,2,83.8853,1,İTHAL,26.7167,Sevk irsaliyesi,H,,6279.6154,30,2023,8,34
D00006,320.01.0005,IRS23700821,2023-08-28,500,500,162.8288,1,İTHAL,26.7167,Numune kabul,H,,3047.3225,90,2023,8,35
H00014,320.01.0005,IRS23700822,2023-10-10,500,0.5,75.893,1,İTHAL,27.95,Mal kabul,H,Kalite onaylı,1357.6565,45,2023,10,41
D00002,320.01.0004,IRS23700823,2023-08-26,2000,2000,122.7572,1,YERLİ,26.7167,İthalat dosyası,H,Kalite onaylı,9189.5481,0,2023,8,34
D00007,320.01.0010,IRS23700824,2023-08-16,500,500,114.5184,1,YERLİ,26.7167,Kısmi teslim,H,,2143.1988,60,2023,8,33
D00004,320.01.0010,IRS23700825,2023-08-11,5000,5000,20.6629,1,YERLİ,26.7167,Kısmi teslim,E,Kalite onaylı,3867.0382,60,2023,8,32
H00003,320.01.0049,IRS23700826,2023-09-10,120,0.12,25.4422,1,YERLİ,27.3333,İthalat dosyası,H,Şartlı kabul,111.6976,0,2023,9,36
D00011,320.01.0049,IRS23700827,2023-10-14,1000,1000,54.6577,1,YERLİ,27.95,Numune kabul,E,,1955.5528,60,2023,10,41
D00007,320.01.0010,IRS23700828,2023-08-20,120,120,115.9386,1,YERLİ,26.7167,Numune kabul,E,,520.7466,45,2023,8,33
H00004,320.01.0010,IRS23700829,2023-08-29,5000,5,19.5399,1,YERLİ,26.7167,Sevk irsaliyesi,E,Kalite onaylı,3656.87,30,2023,8,35
H00005,320.01.0041,IRS23700830,2023-11-14,10000,10,45.5581,1,YERLİ,28.5667,Numune kabul,H,Şartlı kabul,15947.9744,30,2023,11,46
H00016,320.01.0041,IRS23700831,2023-09-02,10000,10000,36.1515,1,YERLİ,27.3333,İthalat dosyası,H,,13226.1747,60,2023,9,35
H00001,320.01.0038,IRS23700832,2023-10-12,5000,5,40.8977,1,YERLİ,27.95,Kısmi teslim,E,,7316.2254,60,2023,10,41
D00010,320.01.0001,IRS23700833,2023-08-26,2000,2000,238.5528,1,YERLİ,26.7167,Numune kabul,H,,17857.954,30,2023,8,34
D00012,320.01.0048,IRS23700834,2023-10-14,5000,5000,132.7967,1,YERLİ,27.95,Sevk irsaliyesi,E,,23756.1181,90,2023,10,41
H00013,320.01.0003,IRS23700837,2023-08-22,250,250,42.3559,1,YERLİ,26.7167,İthalat dosyası,H,Kalite onaylı,396.3429,90,2023,8,34
H00008,320.01.0050,IRS23700838,2023-11-14,10000,10,16.4578,1,YERLİ,28.5667,Kısmi teslim,H,Şartlı kabul,5761.1835,0,2023,11,46
H00008,320.01.0050,IRS23700839,2023-10-19,2000,2,16.3213,1,YERLİ,27.95,İthalat dosyası,E,Şartlı kabul,1167.8927,90,2023,10,42
H00013,320.01.0002,IRS23700840,2023-08-21,2000,2000,46.7524,1,YERLİ,26.7167,Numune kabul,H,Şartlı kabul,3499.8634,60,2023,8,34
H00007,320.01.0002,IRS23700841,2023-10-05,125,0.125,87.5638,1,YERLİ,27.95,Mal kabul,H,Şartlı kabul,391.6091,0,2023,10,40
H00002,320.01.0001,IRS23700842,2023-08-31,1000,1,70.7459,1,YERLİ,26.7167,Numune kabul,E,Kalite onaylı,2648.0029,90,2023,8,35
D00006,320.01.0017,IRS23700843,2023-08-27,10000,10000,162.4545,1,YERLİ,26.7167,Numune kabul,H,Şartlı kabul,60806.3496,0,2023,8,34
D00005,320.01.0017,IRS23700844,2023-08-29,120,120,212.3079,1,YERLİ,26.7167,Numune kabul,H,Şartlı kabul,953.5964,90,2023,8,35
D00004,320.01.0002,IRS23700846,2023-10-18,250,250,19.3697,1,YERLİ,27.95,Sevk irsaliyesi,H,Kalite onaylı,173.2531,30,2023,10,42
D00003,320.01.0002,IRS23700847,2023-11-05,1000,1000,223.7526,1,YERLİ,28.5667,Sevk irsaliyesi,H,,7832.6373,45,2023,11,44
D00010,320.01.0006,IRS23700848,2023-11-11,5000,5000,274.2605,1,YERLİ,28.5667,İthalat dosyası,H,,48003.5321,60,2023,11,45
D00012,320.01.0003,IRS23700849,2023-09-03,120,120,128.2558,1,YERLİ,27.3333,Mal kabul,E,Kalite onaylı,563.0749,60,2023,9,35
H00013,320.01.0004,IRS23700850,2023-09-17,10000,10000,42.9737,1,YERLİ,27.3333,Numune kabul,H,Şartlı kabul,15722.1045,60,2023,9,37
D00009,320.01.0050,IRS23700851,2023-09-07,120,120,62.4318,1,YERLİ,27.3333,Numune kabul,E,Kalite onaylı,274.0912,90,2023,9,36
D00004,320.01.0005,IRS23700852,2023-09-29,120,120,17.5551,1,İTHAL,27.3333,Numune kabul,E,Şartlı kabul,77.0713,45,2023,9,39
H00003,320.01.0009,IRS23700853,2023-09-03,2000,2,28.2371,1,İTHAL,27.3333,İthalat dosyası,E,Şartlı kabul,2066.1318,0,2023,9,35
H00016,320.01.0009,IRS23700854,2023-09-18,500,500,38.3327,1,İTHAL,27.3333,Kısmi teslim,E,Kalite onaylı,701.2088,90,2023,9,38
H00008,320.01.0009,IRS23700855,2023-09-24,500,0.5,18.3255,1,İTHAL,27.3333,İthalat dosyası,H,,335.223,90,2023,9,38
D00006,320.01.0046,IRS23700856,2023-10-15,2000,2000,147.4992,1,YERLİ,27.95,Sevk irsaliyesi,H,,10554.5045,60,2023,10,41
H00009,320.01.0046,IRS23700857,2023-09-10,60,0.06,16.4965,1,YERLİ,27.3333,İthalat dosyası,E,Kalite onaylı,36.2119,0,2023,9,36
D00002,320.01.0006,IRS23700858,2023-09-20,500,500,127.319,1,YERLİ,27.3333,Mal kabul,E,,2329.0089,60,2023,9,38
D00003,320.01.0006,IRS23700859,2023-08-26,5000,5000,220.7048,1,YERLİ,26.7167,Kısmi teslim,H,Kalite onaylı,41304.6521,30,2023,8,34
H00014,320.01.0006,IRS23700860,2023-09-10,250,0.25,64.7534,1,YERLİ,27.3333,Mal kabul,H,,592.2574,0,2023,9,36
H00008,320.01.0001,IRS23700861,2023-10-14,500,0.5,18.2435,1,YERLİ,27.95,İthalat dosyası,E,Kalite onaylı,326.3596,45,2023,10,41
D00010,320.01.0001,IRS23700862,2023-09-01,10000,10000,254.6231,1,YERLİ,27.3333,Sevk irsaliyesi,H,,93154.9063,90,2023,9,35
D00010,320.01.0009,IRS23700863,2023-08-28,10000,10000,246.927,1,İTHAL,26.7167,Kısmi teslim,E,Kalite onaylı,92424.2141,45,2023,8,35
D00003,320.01.0019,IRS23700864,2023-09-20,250,250,215.1316,1,YERLİ,27.3333,Mal kabul,E,,1967.6695,0,2023,9,38
H00012,320.01.0019,IRS23700865,2023-09-25,250,250,86.8814,1,YERLİ,27.3333,Kısmi teslim,H,Şartlı kabul,794.6479,90,2023,9,39
H00015,320.01.0001,IRS23700866,2023-09-13,5000,5,19.9861,1,YERLİ,27.3333,Mal kabul,H,Şartlı kabul,3655.9984,0,2023,9,37
H00006,320.01.0009,IRS23700867,2023-09-01,10000,10,82.6065,1,İTHAL,27.3333,Sevk irsaliyesi,E,Şartlı kabul,30221.9271,45,2023,9,35
H00009,320.01.0020,IRS23700868,2023-08-29,120,0.12,18.6759,1,YERLİ,26.7167,Sevk irsaliyesi,H,Kalite onaylı,83.8842,90,2023,8,35
H00006,320.01.0010,IRS23700869,2023-09-15,250,0.25,92.0713,1,YERLİ,27.3333,Sevk irsaliyesi,E,Kalite onaylı,842.1166,90,2023,9,37
D00011,320.01.0001,IRS23700870,2023-10-14,500,500,66.8925,1,YERLİ,27.95,Numune kabul,E,,1196.6458,45,2023,10,41
D00005,320.01.0016,IRS23700871,2023-09-26,1000,1000,233.1525,1,İTHAL,27.3333,Sevk irsaliyesi,H,Şartlı kabul,8529.9799,90,2023,9,39
D00002,320.01.0016,IRS23700872,2023-10-23,5000,5000,124.9229,1,İTHAL,27.95,Numune kabul,H,Şartlı kabul,22347.5671,90,2023,10,43
D00009,320.01.0016,IRS23700873,2023-10-09,10000,10000,60.7464,1,İTHAL,27.95,Mal kabul,H,Şartlı kabul,21733.9535,30,2023,10,41
D00001,320.01.0008,IRS23700874,2023-08-29,2000,2000,211.1214,1,YERLİ,26.7167,Kısmi teslim,H,,15804.4519,45,2023,8,35
D00003,320.01.0008,IRS23700875,2023-10-24,2000,2000,201.8783,1,YERLİ,27.95,İthalat dosyası,H,Şartlı kabul,14445.6744,45,2023,10,43
H00010,320.01.0008,IRS23700876,2023-10-15,10000,10,22.1922,1,YERLİ,27.95,İthalat dosyası,E,Şartlı kabul,7939.9642,45,2023,10,41
D00007,320.01.0010,IRS23700877,2023-11-20,2000,2000,117.5614,1,YERLİ,28.5667,İthalat dosyası,E,Kalite onaylı,8230.6602,45,2023,11,47
H00013,320.01.0010,IRS23700878,2023-09-15,250,250,45.1794,1,YERLİ,27.3333,Numune kabul,E,Kalite onaylı,413.2267,60,2023,9,37
H00013,320.01.0010,IRS23700879,2023-10-07,10000,10000,39.9753,1,YERLİ,27.95,Kısmi teslim,H,,14302.4329,30,2023,10,40
H00002,320.01.0027,IRS23700880,2023-09-02,5000,5,74.8006,1,YERLİ,27.3333,Mal kabul,E,Kalite onaylı,13683.0533,45,2023,9,35
H00001,320.01.0027,IRS23700881,2023-10-13,10000,10,43.1989,1,YERLİ,27.95,Sevk irsaliyesi,E,Kalite onaylı,15455.7782,90,2023,10,41
H00015,320.01.0001,IRS23700882,2023-09-07,500,0.5,21.1825,1,YERLİ,27.3333,Sevk irsaliyesi,H,,387.4852,60,2023,9,36
H00001,320.01.0036,IRS23700883,2023-11-23,1000,1,39.5514,1,İTHAL,28.5667,Sevk irsaliyesi,E,Şartlı kabul,1384.5281,60,2023,11,47
D00003,320.01.0036,IRS23700884,2023-10-17,1000,1000,215.4579,1,İTHAL,27.95,Numune kabul,E,Şartlı kabul,7708.6905,0,2023,10,42
D00002,320.01.0001,IRS23700885,2023-10-29,5000,5000,111.0551,1,YERLİ,27.95,Mal kabul,E,Kalite onaylı,19866.7442,0,2023,10,43
D00007,320.01.0002,IRS23700887,2023-09-09,2000,2000,103.0908,1,YERLİ,27.3333,Numune kabul,H,Kalite onaylı,7543.2385,60,2023,9,36
D00011,320.01.0027,IRS23700888,2023-09-21,5000,5000,63.855,1,YERLİ,27.3333,İthalat dosyası,H,,11680.8069,0,2023,9,38
H00014,320.01.0027,IRS23700889,2023-08-31,10000,10,66.3,1,YERLİ,26.7167,Numune kabul,H,Kalite onaylı,24815.9391,30,2023,8,35
D00007,320.01.0001,IRS23700890,2023-09-20,2000,2000,108.5148,1,YERLİ,27.3333,Kısmi teslim,E,Şartlı kabul,7940.117,0,2023,9,38
D00009,320.01.0007,IRS23700891,2023-10-08,500,500,60.0854,1,İTHAL,27.95,Kısmi teslim,E,Kalite onaylı,1074.873,30,2023,10,40
D00010,320.01.0041,IRS23700892,2023-09-21,5000,5000,242.1503,1,YERLİ,27.3333,İthalat dosyası,H,Şartlı kabul,44295.8406,0,2023,9,38
H00015,320.01.0041,IRS23700893,2023-09-06,5000,5,19.332,1,YERLİ,27.3333,Numune kabul,E,,3536.3458,45,2023,9,36
D00009,320.01.0001,IRS23700894,2023-11-03,120,120,61.2876,1,YERLİ,28.5667,Sevk irsaliyesi,H,Şartlı kabul,257.4505,90,2023,11,44
H00004,320.01.0001,IRS23700895,2023-09-20,2000,2,20.0978,1,YERLİ,27.3333,Sevk irsaliyesi,E,,1470.5725,60,2023,9,38
D00007,320.01.0014,IRS23700896,2023-10-02,120,120,101.8926,1,YERLİ,27.95,İthalat dosyası,E,Şartlı kabul,437.4638,30,2023,10,40
H00001,320.01.0022,IRS23700897,2023-11-23,1000,1,41.4008,1,İTHAL,28.5667,Kısmi teslim,H,Şartlı kabul,1449.2679,0,2023,11,47
D00002,320.01.0022,IRS23700898,2023-10-08,120,120,123.2542,1,İTHAL,27.95,İthalat dosyası,H,Kalite onaylı,529.1772,60,2023,10,40
H00011,320.01.0022,IRS23700899,2023-09-07,250,0.25,48.3241,1,İTHAL,27.3333,Numune kabul,H,,441.9893,0,2023,9,36
D00002,320.01.0006,IRS23700900,2023-09-20,10000,10000,110.9724,1,YERLİ,27.3333,Sevk irsaliyesi,E,Kalite onaylı,40599.708,60,2023,9,38
H00008,320.01.0006,IRS23700901,2023-09-13,5000,5,19.4242,1,YERLİ,27.3333,İthalat dosyası,H,,3553.2117,60,2023,9,37
H00003,320.01.0006,IRS23700902,2023-09-20,120,0.12,26.4222,1,YERLİ,27.3333,İthalat dosyası,E,Şartlı kabul,116,90,2023,9,38
H00014,320.01.0006,IRS23700903,2023-11-08,1000,1,74.9565,1,YERLİ,28.5667,İthalat dosyası,H,Kalite onaylı,2623.9118,45,2023,11,45
D00003,320.01.0006,IRS23700904,2023-09-22,1000,1000,224.3328,1,YERLİ,27.3333,Kısmi teslim,H,Şartlı kabul,8207.3076,60,2023,9,38
H00006,320.01.0006,IRS23700905,2023-09-26,10000,10,84.8153,1,YERLİ,27.3333,Sevk irsaliyesi,H,Şartlı kabul,31030.0256,90,2023,9,39
H00001,320.01.0046,IRS23700906,2023-09-20,250,0.25,42.6976,1,YERLİ,27.3333,Kısmi teslim,H,Şartlı kabul,390.5273,45,2023,9,38
D00006,320.01.0046,IRS23700907,2023-10-11,250,250,144.1574,1,YERLİ,27.95,İthalat dosyası,H,,1289.4222,90,2023,10,41
D00010,320.01.0046,IRS23700908,2023-09-23,10000,10000,241.7526,1,YERLİ,27.3333,İthalat dosyası,H,Şartlı kabul,88446.181,90,2023,9,38
H00011,320.01.0039,IRS23700909,2023-10-05,250,0.25,39.1397,1,YERLİ,27.95,Sevk irsaliyesi,E,,350.0868,30,2023,10,40
H00009,320.01.0007,IRS23700910,2023-11-03,500,0.5,18.4288,1,İTHAL,28.5667,Kısmi teslim,H,,322.5574,45,2023,11,44
D00005,320.01.0007,IRS23700911,2023-09-27,1000,1000,242.9842,1,İTHAL,27.3333,Kısmi teslim,H,,8889.6767,30,2023,9,39
D00005,320.01.0005,IRS23700912,2023-09-13,120,120,242.9969,1,İTHAL,27.3333,Mal kabul,H,,1066.817,45,2023,9,37
H00006,320.01.0018,IRS23700913,2023-10-09,2000,2,84.547,1,İTHAL,27.95,Sevk irsaliyesi,E,,6049.8748,30,2023,10,41
H00002,320.01.0018,IRS23700914,2023-11-06,2000,2,77.3415,1,İTHAL,28.5667,Kısmi teslim,E,,5414.8011,0,2023,11,45
H00004,320.01.0002,IRS23700916,2023-09-28,250,0.25,17.1653,1,YERLİ,27.3333,Sevk irsaliyesi,E,,156.9999,60,2023,9,39
H00002,320.01.0001,IRS23700917,2023-10-04,120,0.12,70.6345,1,YERLİ,27.95,Kısmi teslim,H,,303.2608,45,2023,10,40
H00009,320.01.0003,IRS23700918,2023-10-06,120,0.12,16.8645,1,YERLİ,27.95,Mal kabul,H,Şartlı kabul,72.4057,30,2023,10,40
H00005,320.01.0003,IRS23700919,2023-09-29,500,0.5,36.9257,1,YERLİ,27.3333,Kısmi teslim,H,,675.4709,30,2023,9,39
H00003,320.01.0017,IRS23700920,2023-09-25,10000,10,28.3932,1,YERLİ,27.3333,Sevk irsaliyesi,E,Kalite onaylı,10387.7688,0,2023,9,39
H00012,320.01.0037,IRS23700921,2023-10-30,2000,2000,76.3623,1,YERLİ,27.95,Kısmi teslim,E,Şartlı kabul,5464.2075,90,2023,10,44
D00011,320.01.0037,IRS23700922,2023-09-08,10000,10000,66.1685,1,YERLİ,27.3333,Kısmi teslim,H,Kalite onaylı,24208.0173,60,2023,9,36
H00010,320.01.0028,IRS23700923,2023-10-07,500,0.5,23.5593,1,YERLİ,27.95,İthalat dosyası,E,,421.4544,30,2023,10,40
H00014,320.01.0028,IRS23700924,2023-09-22,10000,10,71.3583,1,YERLİ,27.3333,Mal kabul,H,Kalite onaylı,26106.727,90,2023,9,38
H00010,320.01.0028,IRS23700925,2023-11-15,1000,1,20.8065,1,YERLİ,28.5667,Kısmi teslim,H,Kalite onaylı,728.348,30,2023,11,46
H00007,320.01.0006,IRS23700926,2023-10-13,120,0.12,82.7194,1,YERLİ,27.95,Mal kabul,H,,355.1459,0,2023,10,41
H00013,320.01.0051,IRS23700927,2023-10-30,1000,1000,42.4173,1,YERLİ,27.95,Mal kabul,H,Kalite onaylı,1517.6136,45,2023,10,44
D00010,320.01.0051,IRS23700928,2023-10-10,250,250,269.7062,1,YERLİ,27.95,Mal kabul,H,Şartlı kabul,2412.3989,60,2023,10,41
D00011,320.01.0051,IRS23700929,2023-10-09,1000,1000,65.2968,1,YERLİ,27.95,Mal kabul,E,Şartlı kabul,2336.2004,0,2023,10,41
H00007,320.01.0026,IRS23700930,2023-12-06,250,0.25,76.2292,1,YERLİ,29.1833,Numune kabul,H,Kalite onaylı,653.0207,0,2023,12,49
H00001,320.01.0013,IRS23700931,2023-12-10,250,0.25,43.7763,1,YERLİ,29.1833,Kısmi teslim,H,,375.0116,90,2023,12,49
D00001,320.01.0013,IRS23700932,2023-09-30,5000,5000,239.5753,1,YERLİ,27.3333,Sevk irsaliyesi,E,,43824.8034,0,2023,9,39
H00009,320.01.0043,IRS23700933,2023-10-08,120,0.12,20.1346,1,YERLİ,27.95,İthalat dosyası,H,Şartlı kabul,86.4455,90,2023,10,40
H00007,320.01.0036,IRS23700934,2023-11-12,250,0.25,89.1465,1,İTHAL,28.5667,Kısmi teslim,H,Kalite onaylı,780.161,60,2023,11,45
D00004,320.01.0009,IRS23700935,2023-09-26,250,250,21.2544,1,İTHAL,27.3333,İthalat dosyası,E,,194.4002,0,2023,9,39
H00015,320.01.0022,IRS23700936,2023-10-04,10000,10,19.339,1,İTHAL,27.95,Kısmi teslim,E,Kalite onaylı,6919.1413,45,2023,10,40
D00011,320.01.0022,IRS23700937,2023-12-05,1000,1000,62.5811,1,İTHAL,29.1833,İthalat dosyası,E,,2144.4148,45,2023,12,49
H00011,320.01.0013,IRS23700938,2023-09-19,500,0.5,46.1548,1,YERLİ,27.3333,Numune kabul,H,,844.2962,30,2023,9,38
D00008,320.01.0013,IRS23700939,2023-10-13,1000,1000,286.0512,1,YERLİ,27.95,Sevk irsaliyesi,H,Kalite onaylı,10234.39,90,2023,10,41
D00007,320.01.0023,IRS23700940,2023-09-28,60,60,96.2888,1,YERLİ,27.3333,Kısmi teslim,E,Şartlı kabul,211.3659,30,2023,9,39
D00007,320.01.0023,IRS23700941,2023-12-03,2000,2000,110.36,1,YERLİ,29.1833,Sevk irsaliyesi,E,Kalite onaylı,7563.2297,30,2023,12,48
D00009,320.01.0005,IRS23700942,2023-11-08,120,120,63.9925,1,İTHAL,28.5667,Sevk irsaliyesi,H,Kalite onaylı,268.813,60,2023,11,45
D00008,320.01.0005,IRS23700943,2023-09-18,500,500,303.9396,1,İTHAL,27.3333,Kısmi teslim,E,,5559.8775,45,2023,9,38
D00012,320.01.0008,IRS23700944,2023-10-29,10000,10000,132.4041,1,YERLİ,27.95,Mal kabul,E,Kalite onaylı,47371.771,60,2023,10,43
D00008,320.01.0008,IRS23700945,2023-11-17,2000,2000,265.6171,1,YERLİ,28.5667,Numune kabul,H,Kalite onaylı,18596.2747,60,2023,11,46
H00014,320.01.0008,IRS23700946,2023-11-04,500,0.5,75.1626,1,YERLİ,28.5667,Mal kabul,E,Kalite onaylı,1315.5632,90,2023,11,44
D00012,320.01.0009,IRS23700947,2023-11-18,120,120,145.3156,1,İTHAL,28.5667,Mal kabul,H,,610.4265,30,2023,11,46
D00010,320.01.0009,IRS23700948,2023-11-06,2000,2000,282.4934,1,İTHAL,28.5667,Numune kabul,H,,19777.8112,0,2023,11,45
D00008,320.01.0005,IRS23700949,2023-10-08,120,120,288.1094,1,İTHAL,27.95,İthalat dosyası,E,,1236.9634,60,2023,10,40
D00006,320.01.0005,IRS23700950,2023-12-10,10000,10000,146.8084,1,İTHAL,29.1833,Kısmi teslim,E,Şartlı kabul,50305.62,0,2023,12,49
H00013,320.01.0002,IRS23700951,2023-09-23,60,60,49.9667,1,YERLİ,27.3333,İthalat dosyası,E,Şartlı kabul,109.6831,0,2023,9,38
H00011,320.01.0002,IRS23700952,2023-10-06,120,0.12,45.1566,1,YERLİ,27.95,Sevk irsaliyesi,E,,193.8745,45,2023,10,40
D00008,320.01.0004,IRS23700954,2023-09-24,1000,1000,258.7946,1,YERLİ,27.3333,İthalat dosyası,E,Kalite onaylı,9468.1067,45,2023,9,38
H00016,320.01.0004,IRS23700955,2023-10-24,120,120,33.4073,1,YERLİ,27.95,Sevk irsaliyesi,H,Kalite onaylı,143.4303,60,2023,10,43
H00016,320.01.0004,IRS23700956,2023-10-10,500,500,41.9474,1,YERLİ,27.95,Kısmi teslim,H,,750.4007,60,2023,10,41
H00003,320.01.0010,IRS23700957,2023-10-14,120,0.12,26.4928,1,YERLİ,27.95,İthalat dosyası,H,Kalite onaylı,113.7437,90,2023,10,41
H00004,320.01.0032,IRS23700958,2023-10-13,5000,5,16.9335,1,YERLİ,27.95,Mal kabul,E,,3029.2487,90,2023,10,41
H00009,320.01.0002,IRS23700959,2023-09-25,500,0.5,19.4474,1,YERLİ,27.3333,Numune kabul,E,Kalite onaylı,355.7456,60,2023,9,39
H00008,320.01.0002,IRS23700960,2023-11-07,5000,5,18.7167,1,YERLİ,28.5667,Numune kabul,E,Kalite onaylı,3275.9647,90,2023,11,45
D00012,320.01.0028,IRS23700961,2023-11-14,2000,2000,120.1713,1,YERLİ,28.5667,Mal kabul,H,,8413.3834,90,2023,11,46
H00007,320.01.0024,IRS23700963,2023-12-21,120,0.12,78.3312,1,YERLİ,29.1833,Mal kabul,H,Şartlı kabul,322.0933,30,2023,12,51
H00001,320.01.0001,IRS23700964,2023-12-18,5000,5,48.091,1,YERLİ,29.1833,Mal kabul,E,Şartlı kabul,8239.4726,90,2023,12,51
H00013,320.01.0001,IRS23700965,2023-10-02,5000,5000,51.2512,1,YERLİ,27.95,İthalat dosyası,H,Kalite onaylı,9168.3721,60,2023,10,40
H00011,320.01.0001,IRS23700966,2023-11-02,10000,10,46.71,1,YERLİ,28.5667,Numune kabul,H,,16351.2061,45,2023,11,44
H00005,320.01.0041,IRS23700967,2023-11-18,5000,5,47.663,1,YERLİ,28.5667,İthalat dosyası,E,Kalite onaylı,8342.4057,90,2023,11,46
H00010,320.01.0027,IRS23700968,2023-12-15,250,0.25,20.3822,1,YERLİ,29.1833,Kısmi teslim,E,,174.605,90,2023,12,50
D00010,320.01.0027,IRS23700969,2023-10-04,250,250,257.8796,1,YERLİ,27.95,Kısmi teslim,H,Kalite onaylı,2306.6154,0,2023,10,40
H00013,320.01.0009,IRS23700970,2023-11-07,500,500,46.5974,1,İTHAL,28.5667,Kısmi teslim,H,Kalite onaylı,815.5895,60,2023,11,45
D00012,320.01.0009,IRS23700971,2023-12-27,1000,1000,137.2115,1,İTHAL,29.1833,Mal kabul,E,Kalite onaylı,4701.713,60,2023,12,52
D00003,320.01.0001,IRS23700972,2023-10-02,10000,10000,221.4163,1,YERLİ,27.95,Mal kabul,H,Kalite onaylı,79218.712,0,2023,10,40
D00009,320.01.0004,IRS23700973,2023-10-03,250,250,50.8563,1,YERLİ,27.95,Sevk irsaliyesi,H,Şartlı kabul,454.8864,0,2023,10,40
H00012,320.01.0004,IRS23700974,2023-10-06,1000,1000,84.3372,1,YERLİ,27.95,İthalat dosyası,E,Şartlı kabul,3017.4311,45,2023,10,40
H00009,320.01.0025,IRS23700975,2023-10-05,500,0.5,16.3113,1,YERLİ,27.95,Kısmi teslim,E,Kalite onaylı,291.7943,45,2023,10,40
H00012,320.01.0025,IRS23700976,2023-12-23,10000,10000,85.5087,1,YERLİ,29.1833,Mal kabul,H,,29300.5589,30,2023,12,51
D00011,320.01.0001,IRS23700977,2023-12-28,500,500,61.5934,1,YERLİ,29.1833,İthalat dosyası,E,,1055.285,60,2023,12,52
H00003,320.01.0001,IRS23700978,2023-11-04,1000,1,30.0682,1,YERLİ,28.5667,Sevk irsaliyesi,H,Kalite onaylı,1052.5612,0,2023,11,44
D00011,320.01.0001,IRS23700979,2023-10-29,500,500,58.9376,1,YERLİ,27.95,Numune kabul,H,Şartlı kabul,1054.3399,45,2023,10,43
H00012,320.01.0003,IRS23700980,2023-10-03,120,120,74.2824,1,YERLİ,27.95,Sevk irsaliyesi,H,Kalite onaylı,318.9226,90,2023,10,40
D00005,320.01.0027,IRS23700981,2023-10-20,1000,1000,254.1521,1,YERLİ,27.95,Numune kabul,E,Kalite onaylı,9093.0984,30,2023,10,42
H00005,320.01.0027,IRS23700982,2023-10-10,2000,2,47.6546,1,YERLİ,27.95,Sevk irsaliyesi,E,Kalite onaylı,3409.9893,0,2023,10,41
D00012,320.01.0006,IRS23700983,2023-11-01,500,500,138.9865,1,YERLİ,28.5667,Numune kabul,E,Kalite onaylı,2432.6664,0,2023,11,44
H00003,320.01.0006,IRS23700984,2023-11-01,1000,1,26.7165,1,YERLİ,28.5667,Mal kabul,E,,935.2323,60,2023,11,44
H00015,320.01.0006,IRS23700985,2023-10-15,1000,1,20.3349,1,YERLİ,27.95,Mal kabul,H,Şartlı kabul,727.5456,60,2023,10,41
D00001,320.01.0039,IRS23700986,2023-09-26,500,500,266.7708,1,YERLİ,27.3333,İthalat dosyası,H,Kalite onaylı,4879.9596,90,2023,9,39
D00005,320.01.0039,IRS23700987,2023-12-29,1000,1000,244.9294,1,YERLİ,29.1833,Kısmi teslim,H,,8392.7931,60,2023,12,52
D00012,320.01.0014,IRS23700988,2023-11-06,5000,5000,142.898,1,YERLİ,28.5667,Mal kabul,E,Kalite onaylı,25011.2894,60,2023,11,45
H00004,320.01.0009,IRS23700989,2023-10-14,2000,2,17.1857,1,İTHAL,27.95,Mal kabul,E,,1229.746,30,2023,10,41
D00002,320.01.0014,IRS23700990,2023-10-11,1000,1000,121.5628,1,YERLİ,27.95,Kısmi teslim,E,Kalite onaylı,4349.2952,0,2023,10,41
D00008,320.01.0014,IRS23700991,2023-10-25,1000,1000,262.9801,1,YERLİ,27.95,Numune kabul,E,Şartlı kabul,9408.9481,0,2023,10,43
H00016,320.01.0014,IRS23700992,2023-09-27,250,250,36.2392,1,YERLİ,27.3333,Numune kabul,H,Şartlı kabul,331.4565,0,2023,9,39
H00016,320.01.0005,IRS23700993,2023-10-28,120,120,38.4114,1,İTHAL,27.95,Sevk irsaliyesi,E,Kalite onaylı,164.9148,90,2023,10,43
D00003,320.01.0005,IRS23700994,2023-11-08,120,120,217.9259,1,İTHAL,28.5667,Numune kabul,H,,915.4403,30,2023,11,45
H00006,320.01.0055,IRS23700995,2023-11-03,5000,5,86.2367,1,YERLİ,28.5667,Numune kabul,H,Kalite onaylı,15093.9205,45,2023,11,44
D00011,320.01.0055,IRS23700996,2023-10-25,5000,5000,58.6423,1,YERLİ,27.95,Kısmi teslim,E,Şartlı kabul,10490.5725,30,2023,10,43
D00006,320.01.0008,IRS23700997,2023-09-28,500,500,131.3758,1,YERLİ,27.3333,Sevk irsaliyesi,H,Kalite onaylı,2403.2188,30,2023,9,39
H00014,320.01.0005,IRS23700998,2023-10-05,120,0.12,69.0961,1,İTHAL,27.95,Mal kabul,H,,296.6559,45,2023,10,40
D00002,320.01.0046,IRS23700999,2023-12-31,5000,5000,112.8853,1,YERLİ,29.1833,Mal kabul,E,Şartlı kabul,19340.736,30,2023,12,52
D00012,320.01.0046,IRS23701000,2023-09-29,250,250,120.7075,1,YERLİ,27.3333,Sevk irsaliyesi,H,,1104.0334,0,2023,9,39
D00003,320.01.0042,IRS23701001,2023-10-08,5000,5000,251.7321,1,YERLİ,27.95,Sevk irsaliyesi,E,Kalite onaylı,45032.576,90,2023,10,40
H00004,320.01.0042,IRS23701002,2023-12-02,10000,10,20.0003,1,YERLİ,29.1833,Mal kabul,H,,6853.3374,0,2023,12,48
H00015,320.01.0025,IRS23701003,2023-10-07,2000,2,20.9029,1,YERLİ,27.95,Mal kabul,E,,1495.7352,90,2023,10,40
D00006,320.01.0025,IRS23701004,2023-11-21,2000,2000,157.3206,1,YERLİ,28.5667,Sevk irsaliyesi,H,,11014.2649,60,2023,11,47
H00007,320.01.0015,IRS23701006,2023-10-18,500,0.5,84.7712,1,İTHAL,27.95,İthalat dosyası,E,Şartlı kabul,1516.4794,60,2023,10,42
H00008,320.01.0015,IRS23701007,2023-11-10,120,0.12,17.1474,1,İTHAL,28.5667,İthalat dosyası,H,,72.031,30,2023,11,45
H00004,320.01.0003,IRS23701008,2023-10-12,2000,2,21.2473,1,YERLİ,27.95,İthalat dosyası,E,,1520.3792,30,2023,10,41
H00008,320.01.0003,IRS23701009,2023-12-30,1000,1,17.587,1,YERLİ,29.1833,Sevk irsaliyesi,E,Kalite onaylı,602.6392,0,2023,12,52
D00012,320.01.0015,IRS23701010,2023-10-13,2000,2000,120.6264,1,İTHAL,27.95,Numune kabul,H,Kalite onaylı,8631.585,60,2023,10,41
H00008,320.01.0006,IRS23701011,2023-11-10,120,0.12,16.0643,1,YERLİ,28.5667,Mal kabul,E,,67.4812,0,2023,11,45
H00016,320.01.0006,IRS23701012,2023-11-15,1000,1000,36.6104,1,YERLİ,28.5667,Numune kabul,E,Kalite onaylı,1281.5761,30,2023,11,46
D00005,320.01.0025,IRS23701013,2023-10-28,500,500,213.7629,1,YERLİ,27.95,Mal kabul,H,Şartlı kabul,3824.0233,30,2023,10,43
H00003,320.01.0025,IRS23701014,2023-10-17,120,0.12,25.9517,1,YERLİ,27.95,Sevk irsaliyesi,E,,111.4205,30,2023,10,42
D00010,320.01.0007,IRS23701015,2023-11-11,10000,10000,299.7422,1,İTHAL,28.5667,Numune kabul,E,Şartlı kabul,104927.1354,90,2023,11,45
D00012,320.01.0007,IRS23701016,2023-11-28,5000,5000,130.6522,1,İTHAL,28.5667,Mal kabul,H,Kalite onaylı,22867.9196,0,2023,11,48
H00010,320.01.0005,IRS23701017,2023-11-27,5000,5,22.0026,1,İTHAL,28.5667,İthalat dosyası,H,,3851.0924,60,2023,11,48
D00003,320.01.0013,IRS23701018,2023-11-22,2500,2500,229.9391,1,YERLİ,28.5667,İthalat dosyası,H,Şartlı kabul,20123.0016,30,2023,11,47
D00003,320.01.0013,IRS23701019,2023-12-30,500,500,251.815,1,YERLİ,29.1833,İthalat dosyası,E,Kalite onaylı,4314.3681,30,2023,12,52
H00007,320.01.0014,IRS23701020,2023-10-19,2000,2,79.4178,1,YERLİ,27.95,Sevk irsaliyesi,E,Kalite onaylı,5682.8479,60,2023,10,42
D00006,320.01.0004,IRS23701021,2023-11-15,120,120,140.6853,1,YERLİ,28.5667,Numune kabul,H,Şartlı kabul,590.9761,60,2023,11,46
H00002,320.01.0004,IRS23701022,2023-10-30,250,0.25,77.593,1,YERLİ,27.95,İthalat dosyası,E,Kalite onaylı,694.034,30,2023,10,44
D00001,320.01.0003,IRS23701023,2023-11-23,250,250,256.598,1,YERLİ,28.5667,Kısmi teslim,H,Kalite onaylı,2245.6041,45,2023,11,47
D00008,320.01.0003,IRS23701024,2023-10-04,1000,1000,242.6997,1,YERLİ,27.95,Sevk irsaliyesi,E,Kalite onaylı,8683.3524,45,2023,10,40
H00002,320.01.0003,IRS23701025,2023-11-29,500,0.5,88.4632,1,YERLİ,28.5667,Mal kabul,H,Kalite onaylı,1548.3623,45,2023,11,48
H00006,320.01.0031,IRS23701026,2023-11-09,250,0.25,93.5079,1,YERLİ,28.5667,Mal kabul,H,,818.3296,30,2023,11,45
H00006,320.01.0034,IRS23701027,2023-10-22,1000,1,89.8029,1,İTHAL,27.95,İthalat dosyası,E,Şartlı kabul,3212.9839,30,2023,10,42
D00010,320.01.0045,IRS23701028,2023-11-14,10000,10000,298.9644,1,YERLİ,28.5667,Numune kabul,E,,104654.8604,0,2023,11,46
H00012,320.01.0020,IRS23701029,2023-11-30,5000,5000,83.5487,1,YERLİ,28.5667,İthalat dosyası,E,,14623.4427,45,2023,11,48
D00012,320.01.0020,IRS23701030,2023-12-28,2000,2000,141.5798,1,YERLİ,29.1833,İthalat dosyası,H,Kalite onaylı,9702.7958,60,2023,12,52
H00014,320.01.0020,IRS23701031,2023-10-17,500,0.5,82.7011,1,YERLİ,27.95,İthalat dosyası,E,Kalite onaylı,1479.4472,60,2023,10,42
H00004,320.01.0009,IRS23701032,2023-10-26,2000,2,17.9021,1,İTHAL,27.95,Kısmi teslim,H,Kalite onaylı,1281.0089,60,2023,10,43
H00005,320.01.0009,IRS23701033,2023-10-30,250,0.25,41.761,1,İTHAL,27.95,İthalat dosyası,H,Şartlı kabul,373.5331,90,2023,10,44
H00012,320.01.0012,IRS23701034,2023-10-31,1000,1000,85.1365,1,YERLİ,27.95,Kısmi teslim,E,,3046.0286,45,2023,10,44
D00009,320.01.0012,IRS23701035,2023-12-29,2000,2000,59.1253,1,YERLİ,29.1833,Mal kabul,H,Kalite onaylı,4051.9955,0,2023,12,52
H00007,320.01.0012,IRS23701036,2023-12-07,500,0.5,86.8955,1,YERLİ,29.1833,Sevk irsaliyesi,E,,1488.7881,90,2023,12,49
H00002,320.01.0017,IRS23701038,2023-10-20,1000,1,84.5536,1,YERLİ,27.95,Numune kabul,E,Şartlı kabul,3025.1735,30,2023,10,42
D00011,320.01.0001,IRS23701039,2023-12-13,120,120,57.8762,1,YERLİ,29.1833,Numune kabul,H,Kalite onaylı,237.9835,45,2023,12,50
H00014,320.01.0022,IRS23701040,2023-12-08,10000,10,80.149,1,İTHAL,29.1833,Numune kabul,H,,27463.9948,0,2023,12,49
H00012,320.01.0022,IRS23701041,2023-12-05,250,250,75.3185,1,İTHAL,29.1833,Mal kabul,E,Kalite onaylı,645.2192,90,2023,12,49
H00005,320.01.0013,IRS23701042,2023-10-23,1000,1,39.53,1,YERLİ,27.95,Sevk irsaliyesi,E,Şartlı kabul,1414.3113,45,2023,10,43
D00012,320.01.0013,IRS23701043,2023-12-28,250,250,134.18,1,YERLİ,29.1833,Numune kabul,H,,1149.4588,45,2023,12,52
D00009,320.01.0009,IRS23701044,2023-12-30,120,120,57.305,1,İTHAL,29.1833,İthalat dosyası,H,Kalite onaylı,235.6348,60,2023,12,52
D00009,320.01.0009,IRS23701045,2023-12-12,5000,5000,56.0369,1,İTHAL,29.1833,İthalat dosyası,H,Şartlı kabul,9600.8505,0,2023,12,50
H00003,320.01.0009,IRS23701046,2023-10-17,2000,2,27.7172,1,İTHAL,27.95,Kısmi teslim,E,Şartlı kabul,1983.3417,45,2023,10,42
D00009,320.01.0018,IRS23701047,2023-11-28,1000,1000,53.0712,1,İTHAL,28.5667,Mal kabul,E,Şartlı kabul,1857.7995,60,2023,11,48
H00005,320.01.0002,IRS23701048,2023-12-31,1000,1,42.7142,1,YERLİ,29.1833,Kısmi teslim,H,Kalite onaylı,1463.6522,0,2023,12,52
D00012,320.01.0002,IRS23701049,2023-10-15,250,250,127.8464,1,YERLİ,27.95,Numune kabul,H,,1143.5277,30,2023,10,41
D00001,320.01.0002,IRS23701050,2023-11-26,500,500,224.0605,1,YERLİ,28.5667,Sevk irsaliyesi,E,Kalite onaylı,3921.7078,45,2023,11,47
D00005,320.01.0004,IRS23701051,2023-12-31,1000,1000,235.036,1,YERLİ,29.1833,İthalat dosyası,E,,8053.7842,30,2023,12,52
H00001,320.01.0004,IRS24701052,2024-01-02,10000,10,43.7667,1,YERLİ,29.8,Numune kabul,H,Kalite onaylı,14686.8121,0,2024,1,1
D00012,320.01.0004,IRS23701053,2023-12-14,10000,10000,147.3004,1,YERLİ,29.1833,İthalat dosyası,E,,50474.2096,30,2023,12,50
H00007,320.01.0012,IRS23701054,2023-11-02,2000,2,95.3643,1,YERLİ,28.5667,Sevk irsaliyesi,H,Kalite onaylı,6676.606,90,2023,11,44
D00009,320.01.0001,IRS23701055,2023-10-17,2000,2000,62.127,1,YERLİ,27.95,Numune kabul,H,Kalite onaylı,4445.5814,60,2023,10,42
H00016,320.01.0001,IRS23701056,2023-11-02,5000,5000,42.5527,1,YERLİ,28.5667,Mal kabul,E,Kalite onaylı,7447.9551,45,2023,11,44
D00001,320.01.0004,IRS23701057,2023-11-17,250,250,261.2005,1,YERLİ,28.5667,Sevk irsaliyesi,E,Şartlı kabul,2285.8827,0,2023,11,46
H00001,320.01.0004,IRS23701058,2023-10-15,250,0.25,43.8427,1,YERLİ,27.95,Numune kabul,E,,392.153,90,2023,10,41
H00004,320.01.0015,IRS23701059,2023-12-02,2000,2,17.4792,1,İTHAL,29.1833,Mal kabul,E,Şartlı kabul,1197.8906,90,2023,12,48
D00007,320.01.0009,IRS23701060,2023-10-18,10000,10000,109.0828,1,İTHAL,27.95,Mal kabul,E,Kalite onaylı,39027.8354,60,2023,10,42
H00004,320.01.0030,IRS23701061,2023-11-23,250,0.25,19.1695,1,YERLİ,28.5667,Kısmi teslim,E,,167.7609,30,2023,11,47
H00011,320.01.0030,IRS23701062,2023-12-09,5000,5,50.2179,1,YERLİ,29.1833,İthalat dosyası,H,Kalite onaylı,8603.8762,60,2023,12,49
H00003,320.01.0008,IRS23701063,2023-12-13,2000,2,25.8928,1,YERLİ,29.1833,Numune kabul,E,Şartlı kabul,1774.4943,0,2023,12,50
H00003,320.01.0008,IRS24701064,2024-01-07,10000,10,28.1095,1,YERLİ,29.8,Mal kabul,H,Kalite onaylı,9432.7181,0,2024,1,1
D00005,320.01.0010,IRS23701065,2023-10-25,500,500,213.7977,1,YERLİ,27.95,İthalat dosyası,H,Şartlı kabul,3824.6458,0,2023,10,43
D00001,320.01.0025,IRS23701067,2023-12-02,1000,1000,271.0304,1,YERLİ,29.1833,Kısmi teslim,E,,9287.1745,45,2023,12,48
D00006,320.01.0025,IRS23701068,2023-10-18,5000,5000,151.9136,1,YERLİ,27.95,İthalat dosyası,E,Kalite onaylı,27175.9571,60,2023,10,42
D00010,320.01.0025,IRS23701069,2023-11-30,500,500,273.929,1,YERLİ,28.5667,Mal kabul,E,,4794.551,90,2023,11,48
H00008,320.01.0043,IRS23701070,2023-11-06,2000,2,19.424,1,YERLİ,28.5667,Mal kabul,E,,1359.9051,30,2023,11,45
H00002,320.01.0043,IRS23701071,2023-10-24,10000,10,87.5647,1,YERLİ,27.95,Sevk irsaliyesi,H,,31329.0519,0,2023,10,43
D00003,320.01.0043,IRS24701072,2024-01-16,120,120,221.573,1,YERLİ,29.8,Sevk irsaliyesi,E,Kalite onaylı,892.2403,60,2024,1,3
D00004,320.01.0011,IRS23701073,2023-10-27,2000,2000,21.1436,1,YERLİ,27.95,Kısmi teslim,H,Kalite onaylı,1512.9589,90,2023,10,43
H00012,320.01.0020,IRS23701074,2023-11-17,10000,10000,92.3471,1,YERLİ,28.5667,Mal kabul,E,Kalite onaylı,32326.8351,30,2023,11,46
D00005,320.01.0020,IRS23701075,2023-11-08,120,120,215.7766,1,YERLİ,28.5667,Mal kabul,H,,906.4117,60,2023,11,45
D00001,320.01.0041,IRS23701076,2023-10-23,5000,5000,265.7063,1,YERLİ,27.95,Kısmi teslim,E,,47532.4329,30,2023,10,43
D00005,320.01.0041,IRS23701077,2023-10-27,10000,10000,246.8684,1,YERLİ,27.95,Mal kabul,H,Şartlı kabul,88325.0089,0,2023,10,43
D00005,320.01.0027,IRS24701078,2024-01-08,5000,5000,219.6393,1,YERLİ,29.8,Mal kabul,H,Şartlı kabul,36852.2315,45,2024,1,2
D00010,320.01.0022,IRS23701080,2023-11-01,120,120,265.371,1,İTHAL,28.5667,Numune kabul,H,,1114.7427,30,2023,11,44
D00003,320.01.0042,IRS23701081,2023-12-21,2000,2000,240.4785,1,YERLİ,29.1833,Numune kabul,H,Kalite onaylı,16480.5557,45,2023,12,51
H00008,320.01.0042,IRS23701082,2023-11-17,250,0.25,18.9631,1,YERLİ,28.5667,Sevk irsaliyesi,E,,165.9546,45,2023,11,46
D00007,320.01.0045,IRS23701083,2023-10-31,2000,2000,121.5426,1,YERLİ,27.95,Mal kabul,H,,8697.1449,60,2023,10,44
H00012,320.01.0045,IRS23701084,2023-11-14,10000,10000,77.4924,1,YERLİ,28.5667,İthalat dosyası,E,Kalite onaylı,27126.8295,90,2023,11,46
H00008,320.01.0045,IRS23701085,2023-11-23,1000,1,18.5336,1,YERLİ,28.5667,Mal kabul,E,,648.7834,90,2023,11,47
H00004,320.01.0008,IRS23701086,2023-12-20,2000,2,21.559,1,YERLİ,29.1833,İthalat dosyası,E,Şartlı kabul,1477.4888,0,2023,12,51
H00008,320.01.0008,IRS23701087,2023-11-07,5000,5,18.8281,1,YERLİ,28.5667,Numune kabul,E,Kalite onaylı,3295.4629,60,2023,11,45
D00007,320.01.0010,IRS23701088,2023-12-05,10000,10000,101.92,1,YERLİ,29.1833,İthalat dosyası,E,Şartlı kabul,34924.0833,30,2023,12,49
H00001,320.01.0010,IRS23701089,2023-10-25,10000,10,39.364,1,YERLİ,27.95,Numune kabul,H,Şartlı kabul,14083.7209,0,2023,10,43
H00005,320.01.0041,IRS23701090,2023-11-05,5000,5,42.808,1,YERLİ,28.5667,Kısmi teslim,E,Şartlı kabul,7492.64,90,2023,11,44
D00003,320.01.0041,IRS23701091,2023-10-25,250,250,238.1078,1,YERLİ,27.95,Mal kabul,E,,2129.7657,45,2023,10,43
D00011,320.01.0037,IRS23701092,2023-11-02,500,500,68.5149,1,YERLİ,28.5667,Kısmi teslim,H,Şartlı kabul,1199.2092,0,2023,11,44
D00011,320.01.0005,IRS24701093,2024-01-17,250,250,56.0244,1,İTHAL,29.8,Numune kabul,H,Şartlı kabul,470.0034,30,2024,1,3
D00009,320.01.0005,IRS23701094,2023-11-09,120,120,66.1136,1,İTHAL,28.5667,Mal kabul,H,Şartlı kabul,277.7231,45,2023,11,45
H00007,320.01.0024,IRS23701096,2023-11-11,120,0.12,94.9929,1,YERLİ,28.5667,Sevk irsaliyesi,E,Şartlı kabul,399.0362,60,2023,11,45
H00007,320.01.0008,IRS23701097,2023-12-18,250,0.25,78.4298,1,YERLİ,29.1833,Numune kabul,H,,671.8723,60,2023,12,51
H00015,320.01.0005,IRS24701098,2024-01-26,1000,1,20.1954,1,İTHAL,29.8,İthalat dosyası,H,,677.698,30,2024,1,4
H00010,320.01.0005,IRS23701100,2023-11-01,10000,10,20.2825,1,İTHAL,28.5667,Mal kabul,E,Kalite onaylı,7100.0501,60,2023,11,44
H00013,320.01.0004,IRS24701101,2024-01-24,250,250,46.2069,1,YERLİ,29.8,Mal kabul,H,Şartlı kabul,387.6418,60,2024,1,4
D00001,320.01.0004,IRS23701102,2023-11-29,250,250,248.433,1,YERLİ,28.5667,Mal kabul,H,,2174.1486,60,2023,11,48
H00010,320.01.0004,IRS23701103,2023-12-20,120,0.12,22.4759,1,YERLİ,29.1833,Sevk irsaliyesi,H,,92.4196,0,2023,12,51
H00008,320.01.0004,IRS23701104,2023-11-27,10000,10,19.1931,1,YERLİ,28.5667,Numune kabul,H,Şartlı kabul,6718.6969,30,2023,11,48
D00011,320.01.0004,IRS23701105,2023-11-13,10000,10000,67.5403,1,YERLİ,28.5667,İthalat dosyası,H,,23643.0179,60,2023,11,46
H00002,320.01.0047,IRS23701106,2023-10-24,500,0.5,74.2582,1,YERLİ,27.95,Kısmi teslim,E,,1328.4114,30,2023,10,43
H00008,320.01.0021,IRS23701107,2023-12-21,5000,5,19.1661,1,İTHAL,29.1833,İthalat dosyası,E,Şartlı kabul,3283.7445,90,2023,12,51
D00010,320.01.0021,IRS24701108,2024-01-19,1000,1000,297.2335,1,İTHAL,29.8,Numune kabul,E,Kalite onaylı,9974.2785,60,2024,1,3
H00001,320.01.0021,IRS23701109,2023-12-17,250,0.25,46.3182,1,İTHAL,29.1833,Kısmi teslim,E,Kalite onaylı,396.7869,30,2023,12,50
D00009,320.01.0001,IRS23701110,2023-11-20,2000,2000,57.3774,1,YERLİ,28.5667,Kısmi teslim,H,Şartlı kabul,4017.0828,0,2023,11,47
D00002,320.01.0006,IRS23701111,2023-12-01,5000,5000,116.4104,1,YERLİ,29.1833,İthalat dosyası,E,Şartlı kabul,19944.6944,90,2023,12,48
D00011,320.01.0004,IRS23701112,2023-12-26,10000,10000,70.5909,1,YERLİ,29.1833,Numune kabul,E,,24188.7998,90,2023,12,52
H00016,320.01.0004,IRS23701113,2023-11-08,500,500,40.8014,1,YERLİ,28.5667,Numune kabul,E,Şartlı kabul,714.1427,45,2023,11,45
H00006,320.01.0004,IRS23701114,2023-12-20,250,0.25,87.665,1,YERLİ,29.1833,Sevk irsaliyesi,H,Şartlı kabul,750.986,0,2023,12,51
H00015,320.01.0005,IRS23701115,2023-12-27,2000,2,21.4341,1,İTHAL,29.1833,Sevk irsaliyesi,H,Kalite onaylı,1468.9291,0,2023,12,52
D00009,320.01.0005,IRS24701116,2024-01-29,250,250,58.9017,1,İTHAL,29.8,Kısmi teslim,E,Şartlı kabul,494.1418,60,2024,1,5
D00008,320.01.0001,IRS23701117,2023-11-12,500,500,275.5087,1,YERLİ,28.5667,Sevk irsaliyesi,E,Şartlı kabul,4822.2003,0,2023,11,45
H00012,320.01.0012,IRS23701118,2023-12-27,5000,5000,78.0349,1,YERLİ,29.1833,İthalat dosyası,E,,13369.7868,45,2023,12,52
D00005,320.01.0012,IRS23701119,2023-11-14,500,500,227.8869,1,YERLİ,28.5667,Sevk irsaliyesi,H,Kalite onaylı,3988.6809,90,2023,11,46
H00001,320.01.0012,IRS23701120,2023-11-05,10000,10,40.5979,1,YERLİ,28.5667,Numune kabul,E,Şartlı kabul,14211.617,0,2023,11,44
H00008,320.01.0012,IRS24701121,2024-02-02,10000,10,18.2352,1,YERLİ,30.3167,Mal kabul,H,,6014.9027,0,2024,2,5
D00009,320.01.0012,IRS23701122,2023-11-20,120,120,58.0762,1,YERLİ,28.5667,Sevk irsaliyesi,H,,243.9604,45,2023,11,47
H00007,320.01.0012,IRS23701123,2023-11-17,250,0.25,81.8804,1,YERLİ,28.5667,Kısmi teslim,H,Kalite onaylı,716.5721,45,2023,11,46
H00014,320.01.0028,IRS23701124,2023-11-17,5000,5,78.5931,1,YERLİ,28.5667,Sevk irsaliyesi,H,Şartlı kabul,13756.0691,90,2023,11,46
H00009,320.01.0028,IRS24701125,2024-01-02,1000,1,16.8799,1,YERLİ,29.8,Kısmi teslim,E,Şartlı kabul,566.4396,60,2024,1,1
D00003,320.01.0028,IRS23701126,2023-11-16,120,120,254.058,1,YERLİ,28.5667,İthalat dosyası,H,Kalite onaylı,1067.2202,60,2023,11,46
H00002,320.01.0025,IRS24701127,2024-02-03,1000,1,75.0983,1,YERLİ,30.3167,Mal kabul,H,Şartlı kabul,2477.1265,45,2024,2,5
H00011,320.01.0032,IRS23701128,2023-11-05,10000,10,45.5758,1,YERLİ,28.5667,Mal kabul,H,Kalite onaylı,15954.1704,90,2023,11,44
H00001,320.01.0032,IRS23701129,2023-11-10,5000,5,44.7892,1,YERLİ,28.5667,Mal kabul,E,Şartlı kabul,7839.4074,45,2023,11,45
D00010,320.01.0025,IRS23701130,2023-11-09,2000,2000,279.8843,1,YERLİ,28.5667,Sevk irsaliyesi,H,Şartlı kabul,19595.144,30,2023,11,45
H00007,320.01.0025,IRS23701131,2023-11-27,500,0.5,87.9429,1,YERLİ,28.5667,Sevk irsaliyesi,H,Kalite onaylı,1539.2555,0,2023,11,48
H00009,320.01.0014,IRS24701132,2024-02-01,250,0.25,17.4445,1,YERLİ,30.3167,Kısmi teslim,H,,143.8522,90,2024,2,5
H00009,320.01.0014,IRS23701133,2023-11-03,10000,10,20.7228,1,YERLİ,28.5667,Sevk irsaliyesi,H,,7254.1806,0,2023,11,44
H00005,320.01.0002,IRS23701134,2023-12-12,2000,2,38.6269,1,YERLİ,29.1833,Sevk irsaliyesi,E,Şartlı kabul,2647.1921,30,2023,12,50
D00002,320.01.0006,IRS24701136,2024-01-03,1000,1000,118.8851,1,YERLİ,29.8,İthalat dosyası,H,Kalite onaylı,3989.4329,60,2024,1,1
H00015,320.01.0006,IRS23701137,2023-11-25,250,0.25,21.3068,1,YERLİ,28.5667,Mal kabul,E,,186.4654,0,2023,11,47
H00015,320.01.0001,IRS24701138,2024-02-05,120,0.12,21.99,1,YERLİ,30.3167,Sevk irsaliyesi,H,,87.0411,60,2024,2,6
H00012,320.01.0016,IRS23701139,2023-12-17,500,500,80.4894,1,İTHAL,29.1833,İthalat dosyası,E,Kalite onaylı,1379.0318,60,2023,12,50
D00007,320.01.0003,IRS23701140,2023-11-05,10000,10000,121.3698,1,YERLİ,28.5667,Numune kabul,E,Kalite onaylı,42486.4615,45,2023,11,44
D00009,320.01.0020,IRS23701141,2023-11-08,1000,1000,58.6246,1,YERLİ,28.5667,Mal kabul,H,Kalite onaylı,2052.2006,90,2023,11,45
H00007,320.01.0020,IRS24701142,2024-01-29,1000,1,92.7439,1,YERLİ,29.8,Sevk irsaliyesi,E,Kalite onaylı,3112.2114,90,2024,1,5
D00001,320.01.0032,IRS23701144,2023-11-21,5000,5000,238.5773,1,YERLİ,28.5667,Sevk irsaliyesi,H,Kalite onaylı,41757.9384,60,2023,11,47
D00005,320.01.0003,IRS23701145,2023-11-12,500,500,217.0984,1,YERLİ,28.5667,Kısmi teslim,E,,3799.8509,90,2023,11,45
D00008,320.01.0003,IRS24701146,2024-01-25,120,120,307.9849,1,YERLİ,29.8,Kısmi teslim,H,,1240.2077,60,2024,1,4
D00007,320.01.0001,IRS23701147,2023-12-26,1000,1000,117.9987,1,YERLİ,29.1833,Numune kabul,E,Şartlı kabul,4043.3638,60,2023,12,52
H00013,320.01.0001,IRS23701148,2023-11-21,10000,10000,53.0093,1,YERLİ,28.5667,Sevk irsaliyesi,E,,18556.3261,45,2023,11,47
D00004,320.01.0001,IRS23701149,2023-11-26,10000,10000,20.2835,1,YERLİ,28.5667,Kısmi teslim,E,,7100.4001,30,2023,11,47
D00010,320.01.0007,IRS23701150,2023-11-17,120,120,279.3359,1,İTHAL,28.5667,İthalat dosyası,H,,1173.405,30,2023,11,46
D00001,320.01.0007,IRS23701151,2023-11-21,10000,10000,237.0173,1,İTHAL,28.5667,Numune kabul,H,Şartlı kabul,82969.7865,30,2023,11,47
D00006,320.01.0007,IRS23701152,2023-12-11,10000,10000,153.1649,1,İTHAL,29.1833,Numune kabul,H,Kalite onaylı,52483.7493,45,2023,12,50
H00006,320.01.0009,IRS23701153,2023-11-19,500,0.5,92.4515,1,İTHAL,28.5667,Numune kabul,H,Kalite onaylı,1618.1691,45,2023,11,46
H00016,320.01.0009,IRS23701154,2023-11-21,250,250,37.3092,1,İTHAL,28.5667,Kısmi teslim,E,Kalite onaylı,326.5095,0,2023,11,47
D00003,320.01.0009,IRS23701155,2023-11-20,10000,10000,249.7712,1,İTHAL,28.5667,Kısmi teslim,H,Kalite onaylı,87434.3904,60,2023,11,47
H00006,320.01.0005,IRS23701156,2023-12-12,500,0.5,88.9818,1,İTHAL,29.1833,Kısmi teslim,E,Kalite onaylı,1524.5329,60,2023,12,50
D00006,320.01.0007,IRS24701157,2024-01-11,120,120,150.1926,1,İTHAL,29.8,Kısmi teslim,E,Şartlı kabul,604.8024,45,2024,1,2
H00001,320.01.0011,IRS23701158,2023-11-22,10000,10,44.5688,1,YERLİ,28.5667,Sevk irsaliyesi,H,Şartlı kabul,15601.6621,60,2023,11,47
H00004,320.01.0011,IRS23701159,2023-11-11,10000,10,19.3669,1,YERLİ,28.5667,Mal kabul,E,Şartlı kabul,6779.537,30,2023,11,45
D00002,320.01.0001,IRS23701160,2023-12-14,500,500,143.0118,1,YERLİ,29.1833,Numune kabul,E,,2450.2335,45,2023,12,50
D00006,320.01.0001,IRS23701161,2023-11-11,10000,10000,170.9962,1,YERLİ,28.5667,Numune kabul,H,Kalite onaylı,59858.5766,60,2023,11,45
D00010,320.01.0008,IRS24701162,2024-02-09,2000,2000,287.3509,1,YERLİ,30.3167,İthalat dosyası,H,,18956.6081,90,2024,2,6
D00003,320.01.0051,IRS23701163,2023-11-26,5000,5000,229.074,1,YERLİ,28.5667,İthalat dosyası,E,Kalite onaylı,40094.5857,60,2023,11,47
H00013,320.01.0002,IRS23701164,2023-11-20,120,120,48.7123,1,YERLİ,28.5667,İthalat dosyası,E,,204.6255,90,2023,11,47
D00004,320.01.0033,IRS23701165,2023-11-30,250,250,18.7951,1,YERLİ,28.5667,Sevk irsaliyesi,E,Kalite onaylı,164.4843,0,2023,11,48
H00007,320.01.0033,IRS23701166,2023-11-22,250,0.25,79.1593,1,YERLİ,28.5667,Kısmi teslim,H,Şartlı kabul,692.7585,30,2023,11,47
D00010,320.01.0033,IRS23701167,2023-11-29,1000,1000,274.0473,1,YERLİ,28.5667,İthalat dosyası,H,Kalite onaylı,9593.2432,0,2023,11,48
D00011,320.01.0012,IRS23701168,2023-12-15,10000,10000,62.3471,1,YERLİ,29.1833,Mal kabul,H,Şartlı kabul,21363.965,90,2023,12,50
D00001,320.01.0012,IRS23701169,2023-12-09,1000,1000,235.581,1,YERLİ,29.1833,Numune kabul,E,Kalite onaylı,8072.4592,60,2023,12,49
H00012,320.01.0009,IRS23701170,2023-11-29,1000,1000,96.5245,1,İTHAL,28.5667,Mal kabul,E,,3378.9167,30,2023,11,48
D00010,320.01.0009,IRS23701171,2023-11-12,10000,10000,287.1581,1,İTHAL,28.5667,Kısmi teslim,E,Şartlı kabul,100521.9714,0,2023,11,45
H00001,320.01.0009,IRS23701172,2023-12-23,1000,1,49.4194,1,İTHAL,29.1833,Mal kabul,E,Kalite onaylı,1693.4137,0,2023,12,51
D00012,320.01.0011,IRS23701173,2023-12-19,5000,5000,150.571,1,YERLİ,29.1833,Kısmi teslim,E,Şartlı kabul,25797.4595,45,2023,12,51
H00004,320.01.0011,IRS23701174,2023-11-29,2000,2,17.7915,1,YERLİ,28.5667,Sevk irsaliyesi,E,Şartlı kabul,1245.6111,60,2023,11,48
H00016,320.01.0011,IRS24701175,2024-02-04,2000,2000,43.2649,1,YERLİ,30.3167,İthalat dosyası,E,Kalite onaylı,2854.1959,0,2024,2,5
H00008,320.01.0003,IRS23701176,2023-12-25,250,0.25,18.0612,1,YERLİ,29.1833,Kısmi teslim,E,Şartlı kabul,154.722,0,2023,12,52
D00004,320.01.0030,IRS23701177,2023-12-22,1000,1000,20.563,1,YERLİ,29.1833,Sevk irsaliyesi,E,Kalite onaylı,704.6153,90,2023,12,51
H00005,320.01.0027,IRS23701178,2023-12-24,120,0.12,39.8884,1,YERLİ,29.1833,Sevk irsaliyesi,H,Kalite onaylı,164.0187,90,2023,12,51
H00005,320.01.0027,IRS23701179,2023-12-11,500,0.5,49.3577,1,YERLİ,29.1833,Kısmi teslim,H,Şartlı kabul,845.6497,30,2023,12,50
H00006,320.01.0010,IRS23701181,2023-11-27,500,0.5,95.2879,1,YERLİ,28.5667,Sevk irsaliyesi,H,,1667.8143,30,2023,11,48
H00004,320.01.0010,IRS24701182,2024-01-05,250,0.25,20.8355,1,YERLİ,29.8,Sevk irsaliyesi,E,Kalite onaylı,174.7945,30,2024,1,1
H00014,320.01.0013,IRS23701183,2023-12-20,10000,10,80.9055,1,YERLİ,29.1833,Mal kabul,E,Şartlı kabul,27723.2184,45,2023,12,51
D00006,320.01.0030,IRS23701184,2023-11-26,60,60,159.311,1,YERLİ,28.5667,Numune kabul,H,Şartlı kabul,334.6085,60,2023,11,47
H00002,320.01.0030,IRS24701185,2024-01-12,10000,10,85.3543,1,YERLİ,29.8,İthalat dosyası,H,Şartlı kabul,28642.3826,45,2024,1,2
D00012,320.01.0017,IRS23701186,2023-12-19,500,500,148.6843,1,YERLİ,29.1833,İthalat dosyası,E,Şartlı kabul,2547.421,45,2023,12,51
H00006,320.01.0017,IRS24701187,2024-02-14,10000,10,86.9501,1,YERLİ,30.3167,Mal kabul,H,Şartlı kabul,28680.5952,90,2024,2,7
H00010,320.01.0017,IRS23701188,2023-12-20,5000,5,24.2437,1,YERLİ,29.1833,Sevk irsaliyesi,E,,4153.6941,0,2023,12,51
D00001,320.01.0009,IRS24701190,2024-02-14,120,120,226.6442,1,İTHAL,30.3167,Mal kabul,H,Kalite onaylı,897.1063,45,2024,2,7
D00007,320.01.0003,IRS23701191,2023-11-30,5000,5000,111.7724,1,YERLİ,28.5667,Kısmi teslim,H,Kalite onaylı,19563.4077,90,2023,11,48
H00002,320.01.0003,IRS23701192,2023-11-20,250,0.25,81.7745,1,YERLİ,28.5667,Sevk irsaliyesi,H,Kalite onaylı,715.6453,60,2023,11,47
H00008,320.01.0037,IRS24701193,2024-02-12,250,0.25,16.4358,1,YERLİ,30.3167,Kısmi teslim,E,Şartlı kabul,135.5342,90,2024,2,7
H00004,320.01.0037,IRS23701194,2023-12-21,5000,5,18.1837,1,YERLİ,29.1833,Mal kabul,E,Şartlı kabul,3115.429,45,2023,12,51
H00015,320.01.0005,IRS24701195,2024-01-09,250,0.25,20.3513,1,İTHAL,29.8,Kısmi teslim,H,Şartlı kabul,170.7324,60,2024,1,2
D00007,320.01.0005,IRS24701196,2024-01-16,5000,5000,125.6935,1,İTHAL,29.8,İthalat dosyası,H,,21089.5134,30,2024,1,3
D00011,320.01.0005,IRS24701197,2024-01-20,5000,5000,70.3323,1,İTHAL,29.8,Sevk irsaliyesi,E,Şartlı kabul,11800.7215,60,2024,1,3
D00011,320.01.0019,IRS23701198,2023-12-02,5000,5000,72.146,1,YERLİ,29.1833,Sevk irsaliyesi,E,Şartlı kabul,12360.8365,45,2023,12,48
D00006,320.01.0019,IRS23701199,2023-12-07,2000,2000,160.5655,1,YERLİ,29.1833,İthalat dosyası,E,Kalite onaylı,11003.9303,90,2023,12,49
D00001,320.01.0012,IRS23701200,2023-11-20,250,250,232.2898,1,YERLİ,28.5667,İthalat dosyası,E,Kalite onaylı,2032.8722,30,2023,11,47
D00010,320.01.0042,IRS23701201,2023-11-26,500,500,289.8533,1,YERLİ,28.5667,Kısmi teslim,E,,5073.2724,60,2023,11,47
H00015,320.01.0042,IRS23701202,2023-11-28,5000,5,24.2787,1,YERLİ,28.5667,Mal kabul,H,Şartlı kabul,4249.4758,60,2023,11,48
H00008,320.01.0005,IRS23701203,2023-12-23,2000,2,20.569,1,İTHAL,29.1833,İthalat dosyası,H,,1409.6418,90,2023,12,51
H00012,320.01.0005,IRS23701204,2023-12-22,1000,1000,90.4743,1,İTHAL,29.1833,İthalat dosyası,E,Kalite onaylı,3100.208,90,2023,12,51
D00002,320.01.0018,IRS23701205,2023-12-22,500,500,144.1416,1,İTHAL,29.1833,Mal kabul,E,Şartlı kabul,2469.5905,90,2023,12,51
D00008,320.01.0018,IRS24701206,2024-01-04,2500,2500,280.2634,1,İTHAL,29.8,Numune kabul,E,Şartlı kabul,23512.0302,90,2024,1,1
H00008,320.01.0009,IRS23701207,2023-12-26,500,0.5,20.4479,1,İTHAL,29.1833,Numune kabul,E,Kalite onaylı,350.3356,90,2023,12,52
H00010,320.01.0042,IRS23701209,2023-12-02,250,0.25,20.8686,1,YERLİ,29.1833,Mal kabul,E,Kalite onaylı,178.7718,90,2023,12,48
H00001,320.01.0001,IRS23701210,2023-12-27,1000,1,48.2776,1,YERLİ,29.1833,Numune kabul,H,Kalite onaylı,1654.2886,90,2023,12,52
D00009,320.01.0028,IRS24701211,2024-02-26,10000,10000,66.5071,1,YERLİ,30.3167,Sevk irsaliyesi,E,,21937.447,0,2024,2,9
H00005,320.01.0001,IRS24701212,2024-01-26,10000,10,49.261,1,YERLİ,29.8,Sevk irsaliyesi,E,Kalite onaylı,16530.5369,60,2024,1,4
H00004,320.01.0003,IRS24701213,2024-02-12,2500,2.5,17.8528,1,YERLİ,30.3167,İthalat dosyası,H,,1472.1919,30,2024,2,7
H00016,320.01.0003,IRS23701214,2023-12-29,1000,1000,36.7099,1,YERLİ,29.1833,İthalat dosyası,E,Kalite onaylı,1257.9078,45,2023,12,52
H00014,320.01.0004,IRS23701216,2023-12-16,120,0.12,82.6089,1,YERLİ,29.1833,İthalat dosyası,H,,339.6829,45,2023,12,50
H00014,320.01.0004,IRS24701217,2024-01-03,5000,5,80.4763,1,YERLİ,29.8,Sevk irsaliyesi,E,,13502.7349,45,2024,1,1
D00009,320.01.0015,IRS23701218,2023-12-06,10000,10000,57.57,1,İTHAL,29.1833,Sevk irsaliyesi,E,,19727.0357,30,2023,12,49
H00001,320.01.0015,IRS24701219,2024-02-18,10000,10,49.2979,1,İTHAL,30.3167,Kısmi teslim,E,,16260.9717,45,2024,2,7
H00002,320.01.0015,IRS24701220,2024-01-27,5000,5,90.1651,1,İTHAL,29.8,Mal kabul,H,Kalite onaylı,15128.3725,90,2024,1,4
D00008,320.01.0002,IRS23701221,2023-12-12,250,250,303.5869,1,YERLİ,29.1833,Mal kabul,E,,2600.6903,90,2023,12,50
H00002,320.01.0002,IRS23701222,2023-12-29,120,0.12,84.6323,1,YERLİ,29.1833,Mal kabul,E,,348.003,0,2023,12,52
H00007,320.01.0027,IRS23701223,2023-11-29,250,0.25,89.1661,1,YERLİ,28.5667,Kısmi teslim,E,,780.3325,30,2023,11,48
D00008,320.01.0027,IRS23701224,2023-12-09,1000,1000,280.4468,1,YERLİ,29.1833,Kısmi teslim,H,Kalite onaylı,9609.8385,45,2023,12,49
D00012,320.01.0004,IRS24701225,2024-01-26,2000,2000,120.6164,1,YERLİ,29.8,Numune kabul,E,Kalite onaylı,8095.0604,90,2024,1,4
D00012,320.01.0005,IRS24701226,2024-01-19,120,120,139.6834,1,İTHAL,29.8,Numune kabul,E,,562.4835,0,2024,1,3
D00005,320.01.0005,IRS24701227,2024-01-17,10000,10000,231.9612,1,İTHAL,29.8,İthalat dosyası,H,Kalite onaylı,77839.3289,90,2024,1,3
D00011,320.01.0054,IRS23701228,2023-12-23,2000,2000,68.6687,1,YERLİ,29.1833,İthalat dosyası,E,Şartlı kabul,4706.0271,0,2023,12,51
H00003,320.01.0054,IRS24701229,2024-01-01,500,0.5,29.2282,1,YERLİ,29.8,Mal kabul,H,,490.406,30,2024,1,1
H00007,320.01.0019,IRS23701230,2023-12-07,2000,2,96.178,1,YERLİ,29.1833,Mal kabul,E,,6591.3039,90,2023,12,49
D00012,320.01.0004,IRS23701231,2023-12-03,10000,10000,139.8306,1,YERLİ,29.1833,Numune kabul,H,,47914.595,45,2023,12,48
H00010,320.01.0004,IRS24701232,2024-01-12,5000,5,23.0161,1,YERLİ,29.8,Mal kabul,H,Şartlı kabul,3861.7617,0,2024,1,2
D00012,320.01.0008,IRS24701233,2024-01-03,10000,10000,134.3173,1,YERLİ,29.8,Kısmi teslim,E,,45072.9195,90,2024,1,1
H00003,320.01.0030,IRS24701234,2024-01-19,10000,10,30.4235,1,YERLİ,29.8,Kısmi teslim,H,Kalite onaylı,10209.2282,60,2024,1,3
H00013,320.01.0030,IRS23701235,2023-12-14,1000,1000,42.754,1,YERLİ,29.1833,Mal kabul,E,Şartlı kabul,1465.016,45,2023,12,50
D00012,320.01.0020,IRS24701236,2024-02-27,120,120,131.4474,1,YERLİ,30.3167,Numune kabul,E,Şartlı kabul,520.297,45,2024,2,9
D00012,320.01.0036,IRS24701237,2024-02-22,500,500,131.9034,1,İTHAL,30.3167,Sevk irsaliyesi,H,,2175.4248,45,2024,2,8
H00005,320.01.0036,IRS24701238,2024-02-02,1000,1,45.4198,1,İTHAL,30.3167,Kısmi teslim,E,,1498.1776,90,2024,2,5
D00005,320.01.0036,IRS24701239,2024-01-26,5000,5000,220.9662,1,İTHAL,29.8,Sevk irsaliyesi,E,,37074.8658,0,2024,1,4
H00014,320.01.0007,IRS23701240,2023-12-18,1000,1,69.8082,1,İTHAL,29.1833,Numune kabul,E,,2392.0598,90,2023,12,51
D00012,320.01.0010,IRS23701241,2023-12-28,250,250,129.9006,1,YERLİ,29.1833,Kısmi teslim,H,,1112.7991,45,2023,12,52
H00007,320.01.0010,IRS23701242,2023-12-27,10000,10,86.0185,1,YERLİ,29.1833,Kısmi teslim,E,Şartlı kabul,29475.2478,30,2023,12,52
D00008,320.01.0005,IRS23701243,2023-12-25,5000,5000,316.4779,1,İTHAL,29.1833,Numune kabul,E,,54222.432,30,2023,12,52
H00007,320.01.0005,IRS23701244,2023-12-12,1000,1,87.5286,1,İTHAL,29.1833,Sevk irsaliyesi,E,Şartlı kabul,2999.2701,30,2023,12,50
D00003,320.01.0005,IRS23701245,2023-12-20,10000,10000,254.191,1,İTHAL,29.1833,Sevk irsaliyesi,H,,87101.5272,30,2023,12,51
H00005,320.01.0002,IRS24701246,2024-01-01,2000,2,49.2779,1,YERLİ,29.8,Numune kabul,H,Şartlı kabul,3307.2416,0,2024,1,1
H00012,320.01.0002,IRS24701247,2024-02-22,5000,5000,89.7335,1,YERLİ,30.3167,İthalat dosyası,E,Kalite onaylı,14799.3515,30,2024,2,8
H00014,320.01.0047,IRS24701248,2024-02-02,10000,10,81.804,1,YERLİ,30.3167,İthalat dosyası,H,Kalite onaylı,26983.1479,0,2024,2,5
H00016,320.01.0047,IRS23701249,2023-12-20,500,500,41.1418,1,YERLİ,29.1833,Sevk irsaliyesi,E,Şartlı kabul,704.886,90,2023,12,51
H00013,320.01.0029,IRS23701250,2023-12-14,500,500,49.204,1,İTHAL,29.1833,Sevk irsaliyesi,E,,843.0164,45,2023,12,50
D00008,320.01.0029,IRS24701251,2024-01-29,5000,5000,252.8524,1,İTHAL,29.8,İthalat dosyası,E,Kalite onaylı,42424.8993,90,2024,1,5
H00014,320.01.0029,IRS24701252,2024-01-21,250,0.25,79.3772,1,İTHAL,29.8,Numune kabul,E,Şartlı kabul,665.9161,45,2024,1,3
H00006,320.01.0026,IRS24701253,2024-01-29,5000,5,79.1663,1,YERLİ,29.8,İthalat dosyası,H,,13282.9362,90,2024,1,5
D00003,320.01.0002,IRS23701254,2023-12-01,10000,10000,224.6338,1,YERLİ,29.1833,Sevk irsaliyesi,H,,76973.406,90,2023,12,48
D00003,320.01.0040,IRS24701255,2024-01-16,250,250,263.986,1,YERLİ,29.8,Numune kabul,H,Kalite onaylı,2214.6477,45,2024,1,3
D00008,320.01.0040,IRS24701256,2024-01-09,2000,2000,318.8935,1,YERLİ,29.8,Numune kabul,H,Şartlı kabul,21402.2483,45,2024,1,2
H00010,320.01.0040,IRS24701257,2024-01-30,5000,5,23.872,1,YERLİ,29.8,Sevk irsaliyesi,E,Şartlı kabul,4005.3691,90,2024,1,5
D00011,320.01.0005,IRS24701258,2024-01-20,1000,1000,69.6511,1,İTHAL,29.8,Sevk irsaliyesi,E,Şartlı kabul,2337.2852,30,2024,1,3
D00002,320.01.0005,IRS23701260,2023-12-22,250,250,133.6496,1,İTHAL,29.1833,Numune kabul,E,,1144.9151,30,2023,12,51
H00003,320.01.0005,IRS24701261,2024-02-05,60,0.06,30.3406,1,İTHAL,30.3167,Mal kabul,E,Kalite onaylı,60.0473,60,2024,2,6
H00001,320.01.0005,IRS24701262,2024-01-02,1000,1,40.631,1,İTHAL,29.8,Kısmi teslim,E,,1363.4564,0,2024,1,1
H00015,320.01.0037,IRS23701263,2023-12-27,2000,2,24.1023,1,YERLİ,29.1833,Numune kabul,H,,1651.7872,90,2023,12,52
H00014,320.01.0037,IRS23701264,2023-12-19,5000,5,74.9441,1,YERLİ,29.1833,Kısmi teslim,H,Kalite onaylı,12840.2374,30,2023,12,51
D00007,320.01.0037,IRS23701265,2023-12-23,10000,10000,110.8476,1,YERLİ,29.1833,İthalat dosyası,E,Şartlı kabul,37983.2301,30,2023,12,51
H00013,320.01.0001,IRS23701266,2023-12-29,10000,10000,54.4442,1,YERLİ,29.1833,Sevk irsaliyesi,E,,18655.9436,0,2023,12,52
H00011,320.01.0001,IRS23701267,2023-12-22,500,0.5,50.09,1,YERLİ,29.1833,Mal kabul,H,Şartlı kabul,858.1963,90,2023,12,51
H00008,320.01.0007,IRS24701268,2024-03-03,10000,10,19.8415,1,İTHAL,30.8333,İthalat dosyası,H,Şartlı kabul,6435.088,45,2024,3,9
D00010,320.01.0004,IRS23701269,2023-12-23,1000,1000,263.4983,1,YERLİ,29.1833,Kısmi teslim,H,Kalite onaylı,9029.0783,45,2023,12,51
H00005,320.01.0005,IRS24701270,2024-01-10,500,0.5,41.294,1,İTHAL,29.8,Mal kabul,H,Kalite onaylı,692.8523,60,2024,1,2
H00015,320.01.0005,IRS24701271,2024-01-27,5000,5,21.9659,1,İTHAL,29.8,İthalat dosyası,H,Kalite onaylı,3685.5537,60,2024,1,4
H00015,320.01.0022,IRS24701272,2024-01-15,1000,1,24.517,1,İTHAL,29.8,Kısmi teslim,H,,822.7181,0,2024,1,3
D00001,320.01.0022,IRS24701273,2024-02-28,500,500,249.4695,1,İTHAL,30.3167,İthalat dosyası,H,,4114.3907,30,2024,2,9
H00002,320.01.0013,IRS24701274,2024-01-01,120,0.12,81.3054,1,YERLİ,29.8,Numune kabul,E,Şartlı kabul,327.4043,30,2024,1,1
D00001,320.01.0013,IRS23701275,2023-12-14,120,120,247.4825,1,YERLİ,29.1833,İthalat dosyası,E,,1017.6334,60,2023,12,50
D00005,320.01.0013,IRS23701276,2023-12-22,1000,1000,249.3151,1,YERLİ,29.1833,Kısmi teslim,E,Şartlı kabul,8543.0743,90,2023,12,51
H00009,320.01.0034,IRS24701277,2024-03-09,120,0.12,21.1316,1,İTHAL,30.8333,Sevk irsaliyesi,E,Kalite onaylı,82.242,0,2024,3,10
H00007,320.01.0034,IRS23701278,2023-12-19,1000,1,96.7979,1,İTHAL,29.1833,Kısmi teslim,H,Şartlı kabul,3316.8936,60,2023,12,51
D00004,320.01.0001,IRS24701279,2024-01-28,250,250,20.7964,1,YERLİ,29.8,Mal kabul,H,,174.4664,0,2024,1,4
H00015,320.01.0031,IRS24701280,2024-02-05,120,0.12,21.3502,1,YERLİ,30.3167,Numune kabul,H,Şartlı kabul,84.5087,0,2024,2,6
H00003,320.01.0007,IRS23701281,2023-12-25,1000,1,27.4097,1,İTHAL,29.1833,Kısmi teslim,H,Şartlı kabul,939.2255,0,2023,12,52
H00009,320.01.0007,IRS24701282,2024-03-12,500,0.5,18.3868,1,İTHAL,30.8333,Numune kabul,E,Kalite onaylı,298.1646,90,2024,3,11
D00001,320.01.0007,IRS24701283,2024-02-03,2000,2000,255.318,1,İTHAL,30.3167,Sevk irsaliyesi,H,Kalite onaylı,16843.3899,90,2024,2,5
H00011,320.01.0024,IRS24701284,2024-01-05,2000,2,52.5989,1,YERLİ,29.8,İthalat dosyası,E,Şartlı kabul,3530.1275,60,2024,1,1
H00006,320.01.0024,IRS23701285,2023-12-17,120,0.12,94.1065,1,YERLİ,29.1833,Sevk irsaliyesi,H,Şartlı kabul,386.9604,60,2023,12,50
H00010,320.01.0050,IRS24701286,2024-01-22,250,0.25,25.2411,1,YERLİ,29.8,İthalat dosyası,H,,211.7542,0,2024,1,4
H00015,320.01.0009,IRS24701287,2024-01-01,250,0.25,25.6429,1,İTHAL,29.8,İthalat dosyası,H,Şartlı kabul,215.125,30,2024,1,1
D00002,320.01.0009,IRS23701288,2023-12-24,250,250,121.2444,1,İTHAL,29.1833,Numune kabul,E,Şartlı kabul,1038.6454,30,2023,12,51
H00013,320.01.0009,IRS23701289,2023-12-23,500,500,49.5497,1,İTHAL,29.1833,Kısmi teslim,E,Kalite onaylı,848.9393,90,2023,12,51
D00003,320.01.0026,IRS23701290,2023-12-31,10000,10000,237.8133,1,YERLİ,29.1833,Kısmi teslim,E,Şartlı kabul,81489.5163,0,2023,12,52
D00009,320.01.0009,IRS24701291,2024-01-02,120,120,60.4759,1,İTHAL,29.8,Mal kabul,H,Şartlı kabul,243.5271,90,2024,1,1
D00004,320.01.0009,IRS24701292,2024-03-05,250,250,23.1474,1,İTHAL,30.8333,Kısmi teslim,E,Şartlı kabul,187.6818,90,2024,3,10
H00001,320.01.0002,IRS23701293,2023-12-18,500,0.5,42.4609,1,YERLİ,29.1833,Mal kabul,H,,727.4863,45,2023,12,51
H00006,320.01.0028,IRS23701295,2023-12-27,120,0.12,91.9174,1,YERLİ,29.1833,Numune kabul,E,,377.9589,60,2023,12,52
H00001,320.01.0031,IRS23701296,2023-12-27,250,0.25,46.5381,1,YERLİ,29.1833,Sevk irsaliyesi,E,Kalite onaylı,398.6706,45,2023,12,52
H00005,320.01.0008,IRS24701297,2024-01-25,120,0.12,41.9081,1,YERLİ,29.8,Mal kabul,H,Şartlı kabul,168.7574,30,2024,1,4
H00010,320.01.0050,IRS23701298,2023-12-25,1000,1,24.9703,1,YERLİ,29.1833,Mal kabul,H,Şartlı kabul,855.6366,45,2023,12,52
D00003,320.01.0002,IRS24701300,2024-01-18,5000,5000,238.8735,1,YERLİ,29.8,Sevk irsaliyesi,H,,40079.4463,60,2024,1,3
D00011,320.01.0048,IRS24701301,2024-02-06,120,120,65.7093,1,YERLİ,30.3167,Sevk irsaliyesi,H,,260.0915,30,2024,2,6
H00009,320.01.0048,IRS23701302,2023-12-22,250,0.25,17.5484,1,YERLİ,29.1833,Numune kabul,H,Kalite onaylı,150.3291,45,2023,12,51
D00010,320.01.0040,IRS24701303,2024-03-11,10000,10000,264.308,1,YERLİ,30.8333,Kısmi teslim,H,Şartlı kabul,85721.6062,30,2024,3,11
H00003,320.01.0040,IRS24701304,2024-02-05,5000,5,31.3685,1,YERLİ,30.3167,Mal kabul,E,,5173.4687,60,2024,2,6
H00011,320.01.0018,IRS24701305,2024-01-02,10000,10,50.1327,1,İTHAL,29.8,Kısmi teslim,H,,16823.0537,90,2024,1,1
H00008,320.01.0018,IRS24701306,2024-01-08,5000,5,21.1346,1,İTHAL,29.8,İthalat dosyası,H,Şartlı kabul,3546.0738,30,2024,1,2
D00007,320.01.0018,IRS23701307,2023-12-25,10000,10000,118.8183,1,İTHAL,29.1833,İthalat dosyası,H,Kalite onaylı,40714.484,45,2023,12,52
D00006,320.01.0007,IRS23701308,2023-12-31,2000,2000,156.7625,1,İTHAL,29.1833,Numune kabul,H,,10743.3018,90,2023,12,52
D00001,320.01.0007,IRS24701309,2024-01-12,250,250,258.0561,1,İTHAL,29.8,Kısmi teslim,H,Kalite onaylı,2164.9002,60,2024,1,2
D00010,320.01.0001,IRS24701310,2024-03-21,10000,10000,313.5269,1,YERLİ,30.8333,Numune kabul,H,,101684.5099,0,2024,3,12
H00016,320.01.0001,IRS24701311,2024-02-09,5000,5000,38.1815,1,YERLİ,30.3167,Mal kabul,E,Kalite onaylı,6297.1069,60,2024,2,6
D00009,320.01.0001,IRS24701312,2024-01-11,2000,2000,59.4379,1,YERLİ,29.8,İthalat dosyası,H,Şartlı kabul,3989.1208,60,2024,1,2
H00014,320.01.0002,IRS24701313,2024-01-28,250,0.25,78.529,1,YERLİ,29.8,Mal kabul,E,Şartlı kabul,658.8003,0,2024,1,4
H00016,320.01.0002,IRS23701314,2023-12-26,500,500,36.0331,1,YERLİ,29.1833,Numune kabul,H,,617.3582,60,2023,12,52
H00003,320.01.0005,IRS24701315,2024-02-06,250,0.25,30.5661,1,İTHAL,30.3167,Kısmi teslim,E,,252.0566,90,2024,2,6
H00004,320.01.0003,IRS24701316,2024-01-05,5000,5,22.5222,1,YERLİ,29.8,İthalat dosyası,E,Şartlı kabul,3778.8926,30,2024,1,1
D00010,320.01.0021,IRS23701317,2023-12-31,10000,10000,290.6775,1,İTHAL,29.1833,İthalat dosyası,H,Şartlı kabul,99604.0544,45,2023,12,52
H00010,320.01.0019,IRS24701318,2024-01-26,250,0.25,22.8216,1,YERLİ,29.8,Kısmi teslim,E,,191.4564,90,2024,1,4
D00010,320.01.0019,IRS24701319,2024-01-12,10000,10000,287.3207,1,YERLİ,29.8,Mal kabul,E,Şartlı kabul,96416.3423,30,2024,1,2
D00009,320.01.0019,IRS23701320,2023-12-29,5000,5000,68.7013,1,YERLİ,29.1833,Sevk irsaliyesi,H,Şartlı kabul,11770.6531,0,2023,12,52
D00008,320.01.0023,IRS24701321,2024-01-29,2000,2000,266.8542,1,YERLİ,29.8,Kısmi teslim,H,,17909.6779,90,2024,1,5
H00004,320.01.0001,IRS24701322,2024-02-15,250,0.25,22.3905,1,YERLİ,30.3167,Numune kabul,E,Şartlı kabul,184.6383,60,2024,2,7
D00011,320.01.0001,IRS24701323,2024-02-21,5000,5000,63.5521,1,YERLİ,30.3167,Sevk irsaliyesi,E,,10481.3684,45,2024,2,8
H00007,320.01.0003,IRS24701324,2024-03-11,10000,10,86.8119,1,YERLİ,30.8333,Sevk irsaliyesi,E,Kalite onaylı,28155.2412,60,2024,3,11
H00014,320.01.0017,IRS24701325,2024-02-01,120,0.12,83.3312,1,YERLİ,30.3167,Sevk irsaliyesi,E,,329.8428,90,2024,2,5
H00008,320.01.0017,IRS24701326,2024-01-30,5000,5,17.0598,1,YERLİ,29.8,Mal kabul,H,Şartlı kabul,2862.3826,0,2024,1,5
H00012,320.01.0017,IRS24701327,2024-02-04,250,250,87.3419,1,YERLİ,30.3167,İthalat dosyası,H,Şartlı kabul,720.2458,60,2024,2,5
H00016,320.01.0040,IRS24701328,2024-01-15,5000,5000,44.7093,1,YERLİ,29.8,Kısmi teslim,E,,7501.5604,30,2024,1,3
H00006,320.01.0040,IRS24701329,2024-02-02,2000,2,90.986,1,YERLİ,30.3167,Mal kabul,H,Şartlı kabul,6002.3683,30,2024,2,5
H00006,320.01.0040,IRS24701330,2024-01-13,5000,5,94.9156,1,YERLİ,29.8,Numune kabul,H,,15925.4362,90,2024,1,2
H00011,320.01.0014,IRS23701331,2023-12-31,120,0.12,52.8431,1,YERLİ,29.1833,Numune kabul,E,Şartlı kabul,217.2877,90,2023,12,52
D00009,320.01.0014,IRS24701332,2024-03-17,5000,5000,54.8601,1,YERLİ,30.8333,Kısmi teslim,H,,8896.242,60,2024,3,11
H00001,320.01.0012,IRS24701333,2024-01-04,120,0.12,47.9854,1,YERLİ,29.8,Sevk irsaliyesi,H,Kalite onaylı,193.2298,45,2024,1,1
D00011,320.01.0012,IRS24701334,2024-01-14,500,500,65.2051,1,YERLİ,29.8,Kısmi teslim,E,,1094.0453,30,2024,1,2
D00009,320.01.0033,IRS24701335,2024-02-17,250,250,66.5373,1,YERLİ,30.3167,Sevk irsaliyesi,E,Kalite onaylı,548.6852,60,2024,2,7
H00016,320.01.0033,IRS24701336,2024-01-07,120,120,40.7995,1,YERLİ,29.8,Mal kabul,E,,164.2933,0,2024,1,1
D00009,320.01.0001,IRS24701337,2024-01-31,2000,2000,57.0696,1,YERLİ,29.8,Numune kabul,H,Kalite onaylı,3830.1745,90,2024,1,5
D00003,320.01.0039,IRS24701338,2024-02-23,500,500,258.9228,1,YERLİ,30.3167,İthalat dosyası,H,,4270.2999,30,2024,2,8
H00012,320.01.0041,IRS23701339,2023-12-29,250,250,94.8043,1,YERLİ,29.1833,Mal kabul,E,,812.1451,0,2023,12,52
H00011,320.01.0007,IRS24701340,2024-01-23,250,0.25,43.6795,1,İTHAL,29.8,İthalat dosyası,H,Kalite onaylı,366.4388,60,2024,1,4
D00008,320.01.0004,IRS24701341,2024-03-19,500,500,259.1835,1,YERLİ,30.8333,Numune kabul,H,Kalite onaylı,4202.9802,0,2024,3,12
D00009,320.01.0004,IRS24701342,2024-01-05,10000,10000,67.0775,1,YERLİ,29.8,Kısmi teslim,E,Şartlı kabul,22509.2282,90,2024,1,1
H00003,320.01.0049,IRS24701343,2024-03-21,120,0.12,28.9107,1,YERLİ,30.8333,Sevk irsaliyesi,H,Şartlı kabul,112.5174,0,2024,3,12
H00015,320.01.0049,IRS24701344,2024-02-16,120,0.12,25.7506,1,YERLİ,30.3167,İthalat dosyası,H,,101.9264,45,2024,2,7
H00006,320.01.0049,IRS24701345,2024-01-16,5000,5,97.8716,1,YERLİ,29.8,Kısmi teslim,E,Kalite onaylı,16421.4094,60,2024,1,3
H00010,320.01.0010,IRS24701346,2024-02-21,1000,1,20.481,1,YERLİ,30.3167,İthalat dosyası,H,,675.5683,60,2024,2,8
H00008,320.01.0010,IRS24701347,2024-01-05,2000,2,18.93,1,YERLİ,29.8,Kısmi teslim,E,Kalite onaylı,1270.4698,30,2024,1,1
H00011,320.01.0010,IRS24701348,2024-01-13,1000,1,44.4285,1,YERLİ,29.8,Kısmi teslim,E,Şartlı kabul,1490.8893,60,2024,1,2
H00002,320.01.0046,IRS24701349,2024-01-09,1000,1,77.7542,1,YERLİ,29.8,İthalat dosyası,H,Kalite onaylı,2609.2013,90,2024,1,2
H00007,320.01.0046,IRS24701350,2024-02-02,10000,10,95.6069,1,YERLİ,30.3167,İthalat dosyası,E,,31536.0511,30,2024,2,5
D00006,320.01.0046,IRS24701351,2024-02-25,5000,5000,148.3829,1,YERLİ,30.3167,Mal kabul,E,,24472.1391,45,2024,2,8
D00002,320.01.0013,IRS24701353,2024-01-04,120,120,127.4376,1,YERLİ,29.8,Mal kabul,H,Kalite onaylı,513.1715,45,2024,1,1
D00004,320.01.0013,IRS24701354,2024-01-17,2000,2000,19.1938,1,YERLİ,29.8,İthalat dosyası,H,,1288.1745,60,2024,1,3
D00009,320.01.0005,IRS24701355,2024-02-19,500,500,60.3205,1,İTHAL,30.3167,Kısmi teslim,E,,994.8395,90,2024,2,8
D00009,320.01.0005,IRS24701356,2024-02-27,120,120,62.5546,1,İTHAL,30.3167,İthalat dosyası,E,Şartlı kabul,247.6045,90,2024,2,9
D00003,320.01.0010,IRS24701357,2024-01-02,250,250,278.3535,1,YERLİ,29.8,Kısmi teslim,E,Kalite onaylı,2335.1804,60,2024,1,1
H00010,320.01.0010,IRS24701358,2024-01-06,5000,5,23.1706,1,YERLİ,29.8,İthalat dosyası,H,Şartlı kabul,3887.6846,0,2024,1,1
D00005,320.01.0010,IRS24701359,2024-01-20,2000,2000,221.6314,1,YERLİ,29.8,Mal kabul,H,Kalite onaylı,14874.5906,0,2024,1,3
D00012,320.01.0003,IRS24701360,2024-01-12,250,250,136.2915,1,YERLİ,29.8,İthalat dosyası,E,Kalite onaylı,1143.3851,45,2024,1,2
D00005,320.01.0003,IRS24701361,2024-02-05,500,500,247.1147,1,YERLİ,30.3167,Kısmi teslim,E,Şartlı kabul,4075.5541,45,2024,2,6
H00001,320.01.0001,IRS24701362,2024-01-09,1000,1,42.7242,1,YERLİ,29.8,Numune kabul,E,Kalite onaylı,1433.698,0,2024,1,2
D00006,320.01.0001,IRS24701363,2024-01-10,250,250,175.5281,1,YERLİ,29.8,Numune kabul,E,,1472.5512,90,2024,1,2
H00005,320.01.0010,IRS24701364,2024-03-26,120,0.12,45.9073,1,YERLİ,30.8333,Numune kabul,H,Şartlı kabul,178.6664,0,2024,3,13
H00009,320.01.0002,IRS24701366,2024-02-26,120,0.12,19.5538,1,YERLİ,30.3167,Kısmi teslim,E,Kalite onaylı,77.3981,45,2024,2,9
H00015,320.01.0036,IRS24701367,2024-02-22,250,0.25,21.7564,1,İTHAL,30.3167,Sevk irsaliyesi,E,,179.4094,60,2024,2,8
D00012,320.01.0036,IRS24701368,2024-01-14,5000,5000,153.8993,1,İTHAL,29.8,Numune kabul,E,Kalite onaylı,25822.0302,90,2024,1,2
D00004,320.01.0005,IRS24701369,2024-01-05,500,500,21.3645,1,İTHAL,29.8,Mal kabul,E,Şartlı kabul,358.4648,0,2024,1,1
D00010,320.01.0004,IRS24701371,2024-02-03,120,120,323.5174,1,YERLİ,30.3167,Sevk irsaliyesi,H,Kalite onaylı,1280.5512,45,2024,2,5
H00011,320.01.0007,IRS24701372,2024-01-10,120,0.12,51.075,1,İTHAL,29.8,Numune kabul,E,Kalite onaylı,205.6711,45,2024,1,2
H00008,320.01.0037,IRS24701373,2024-03-07,1000,1,17.8049,1,YERLİ,30.8333,İthalat dosyası,H,,577.4568,60,2024,3,10
H00006,320.01.0037,IRS24701374,2024-01-22,5000,5,90.4245,1,YERLİ,29.8,Sevk irsaliyesi,E,Kalite onaylı,15171.896,60,2024,1,4
H00006,320.01.0003,IRS24701375,2024-03-04,2000,2,80.4149,1,YERLİ,30.8333,Numune kabul,H,Kalite onaylı,5216.1073,30,2024,3,10
D00010,320.01.0003,IRS24701376,2024-01-15,5000,5000,278.4093,1,YERLİ,29.8,Kısmi teslim,E,,46712.9698,30,2024,1,3
D00012,320.01.0021,IRS24701377,2024-01-27,2000,2000,134.6863,1,İTHAL,29.8,Mal kabul,H,Şartlı kabul,9039.349,90,2024,1,4
H00012,320.01.0021,IRS24701378,2024-02-18,120,120,89.1239,1,İTHAL,30.3167,İthalat dosyası,H,Kalite onaylı,352.7715,90,2024,2,7
H00008,320.01.0021,IRS24701379,2024-01-04,10000,10,20.6467,1,İTHAL,29.8,Numune kabul,H,,6928.4228,0,2024,1,1
H00010,320.01.0017,IRS24701380,2024-02-28,5000,5,23.5711,1,YERLİ,30.3167,Kısmi teslim,H,Kalite onaylı,3887.4779,30,2024,2,9
H00003,320.01.0005,IRS24701382,2024-01-15,5000,5,31.6009,1,İTHAL,29.8,İthalat dosyası,E,,5302.1644,60,2024,1,3
H00012,320.01.0002,IRS24701383,2024-01-28,120,120,86.5097,1,YERLİ,29.8,Kısmi teslim,E,,348.3612,0,2024,1,4
D00006,320.01.0002,IRS24701384,2024-02-14,10000,10000,176.9242,1,YERLİ,30.3167,Mal kabul,E,,58358.6604,90,2024,2,7
H00008,320.01.0002,IRS24701385,2024-01-14,250,0.25,18.2439,1,YERLİ,29.8,İthalat dosyası,E,,153.0529,45,2024,1,2
H00010,320.01.0017,IRS24701386,2024-02-27,10000,10,25.4834,1,YERLİ,30.3167,İthalat dosyası,E,Kalite onaylı,8405.7302,30,2024,2,9
H00015,320.01.0017,IRS24701387,2024-01-27,5000,5,26.3098,1,YERLİ,29.8,Mal kabul,H,Kalite onaylı,4414.396,90,2024,1,4
H00007,320.01.0017,IRS24701388,2024-01-14,60,0.06,85.6291,1,YERLİ,29.8,Kısmi teslim,E,,172.4076,90,2024,1,2
H00006,320.01.0008,IRS24701389,2024-03-10,500,0.5,91.6658,1,YERLİ,30.8333,Numune kabul,E,Şartlı kabul,1486.474,60,2024,3,10
D00009,320.01.0008,IRS24701390,2024-01-24,5000,5000,63.8509,1,YERLİ,29.8,Numune kabul,E,,10713.2383,90,2024,1,4
D00008,320.01.0013,IRS24701392,2024-01-21,1000,1000,302.4174,1,YERLİ,29.8,Kısmi teslim,H,,10148.2349,0,2024,1,3
H00005,320.01.0013,IRS24701393,2024-02-02,250,0.25,44.7736,1,YERLİ,30.3167,Numune kabul,E,,369.2156,0,2024,2,5
H00008,320.01.0013,IRS24701394,2024-03-14,10000,10,17.2156,1,YERLİ,30.8333,Mal kabul,H,,5583.4439,90,2024,3,11
H00003,320.01.0006,IRS24701395,2024-02-25,120,0.12,30.2909,1,YERLİ,30.3167,Sevk irsaliyesi,H,Şartlı kabul,119.8979,0,2024,2,8
H00011,320.01.0006,IRS24701396,2024-02-14,10000,10,49.0785,1,YERLİ,30.3167,Numune kabul,H,Şartlı kabul,16188.6023,30,2024,2,7
D00004,320.01.0014,IRS24701397,2024-04-08,2000,2000,22.417,1,YERLİ,31.35,Numune kabul,E,Kalite onaylı,1430.1116,60,2024,4,15
D00004,320.01.0023,IRS24701398,2024-02-02,120,120,21.1056,1,YERLİ,30.3167,Kısmi teslim,E,,83.5405,45,2024,2,5
H00012,320.01.0023,IRS24701399,2024-02-16,2000,2000,85.4132,1,YERLİ,30.3167,Kısmi teslim,H,Şartlı kabul,5634.7294,90,2024,2,7
H00012,320.01.0008,IRS24701400,2024-03-31,120,120,95.4092,1,YERLİ,30.8333,İthalat dosyası,H,Şartlı kabul,371.3227,0,2024,3,13
H00009,320.01.0008,IRS24701401,2024-02-01,500,0.5,18.8018,1,YERLİ,30.3167,Sevk irsaliyesi,E,Kalite onaylı,310.0898,0,2024,2,5
H00006,320.01.0006,IRS24701402,2024-02-04,10000,10,92.5365,1,YERLİ,30.3167,Numune kabul,E,Şartlı kabul,30523.276,0,2024,2,5
D00008,320.01.0004,IRS24701403,2024-03-06,2000,2000,320.1536,1,YERLİ,30.8333,İthalat dosyası,H,Şartlı kabul,20766.7425,0,2024,3,10
D00008,320.01.0010,IRS24701404,2024-02-20,2000,2000,290.6885,1,YERLİ,30.3167,Numune kabul,H,Şartlı kabul,19176.7903,45,2024,2,8
H00014,320.01.0003,IRS24701405,2024-04-10,5000,5,81.9409,1,YERLİ,31.35,Sevk irsaliyesi,H,,13068.7241,60,2024,4,15
H00010,320.01.0003,IRS24701406,2024-01-27,5000,5,23.068,1,YERLİ,29.8,Sevk irsaliyesi,H,Şartlı kabul,3870.4698,45,2024,1,4
H00010,320.01.0003,IRS24701407,2024-03-11,250,0.25,20.7115,1,YERLİ,30.8333,Mal kabul,H,,167.9313,60,2024,3,11
H00006,320.01.0001,IRS24701408,2024-01-19,120,0.12,94.0665,1,YERLİ,29.8,Kısmi teslim,E,,378.7913,0,2024,1,3
H00006,320.01.0034,IRS24701409,2024-02-23,5000,5,99.8693,1,İTHAL,30.3167,İthalat dosyası,H,Kalite onaylı,16471.0044,90,2024,2,8
D00001,320.01.0034,IRS24701410,2024-03-04,10000,10000,260.2091,1,İTHAL,30.8333,Sevk irsaliyesi,H,,84392.2318,45,2024,3,10
D00001,320.01.0015,IRS24701411,2024-01-30,10000,10000,230.1979,1,İTHAL,29.8,İthalat dosyası,E,Kalite onaylı,77247.6174,30,2024,1,5
H00008,320.01.0002,IRS24701412,2024-03-17,120,0.12,21.3208,1,YERLİ,30.8333,Numune kabul,E,Şartlı kabul,82.9783,60,2024,3,11
H00014,320.01.0002,IRS24701413,2024-04-15,500,0.5,79.4231,1,YERLİ,31.35,Sevk irsaliyesi,E,,1266.7161,30,2024,4,16
D00006,320.01.0017,IRS24701414,2024-01-24,250,250,177.3548,1,YERLİ,29.8,Sevk irsaliyesi,H,Şartlı kabul,1487.8758,90,2024,1,4
H00016,320.01.0017,IRS24701415,2024-01-20,250,250,37.4681,1,YERLİ,29.8,Sevk irsaliyesi,H,,314.3297,60,2024,1,3
D00010,320.01.0017,IRS24701416,2024-04-16,120,120,326.4967,1,YERLİ,31.35,Kısmi teslim,H,Kalite onaylı,1249.7481,90,2024,4,16
D00012,320.01.0020,IRS24701417,2024-03-07,500,500,152.1307,1,YERLİ,30.8333,Kısmi teslim,E,Şartlı kabul,2466.987,90,2024,3,10
H00011,320.01.0020,IRS24701418,2024-04-09,500,0.5,54.8417,1,YERLİ,31.35,Kısmi teslim,H,Şartlı kabul,874.6683,0,2024,4,15
H00009,320.01.0022,IRS24701420,2024-01-19,120,0.12,19.6917,1,İTHAL,29.8,İthalat dosyası,E,Şartlı kabul,79.2954,60,2024,1,3
D00010,320.01.0022,IRS24701421,2024-02-04,120,120,322.109,1,İTHAL,30.3167,İthalat dosyası,H,,1274.9765,0,2024,2,5
H00013,320.01.0043,IRS24701422,2024-04-05,120,120,47.0661,1,YERLİ,31.35,Sevk irsaliyesi,H,Şartlı kabul,180.1573,30,2024,4,14
H00006,320.01.0043,IRS24701423,2024-03-05,5000,5,97.7674,1,YERLİ,30.8333,Numune kabul,E,Şartlı kabul,15854.1901,0,2024,3,10
D00005,320.01.0043,IRS24701424,2024-01-28,2000,2000,280.0635,1,YERLİ,29.8,İthalat dosyası,H,,18796.2081,30,2024,1,4
H00001,320.01.0020,IRS24701425,2024-01-25,10000,10,42.5396,1,YERLİ,29.8,İthalat dosyası,H,Kalite onaylı,14275.0336,45,2024,1,4
H00006,320.01.0004,IRS24701426,2024-01-26,5000,5,94.2987,1,YERLİ,29.8,İthalat dosyası,E,Kalite onaylı,15821.9295,45,2024,1,4
D00008,320.01.0032,IRS24701427,2024-02-07,1000,1000,264.3938,1,YERLİ,30.3167,İthalat dosyası,E,,8721.0613,0,2024,2,6
D00006,320.01.0051,IRS24701428,2024-03-22,500,500,166.4672,1,YERLİ,30.8333,Numune kabul,E,Kalite onaylı,2699.471,0,2024,3,12
D00011,320.01.0051,IRS24701429,2024-02-17,10000,10000,65.731,1,YERLİ,30.3167,İthalat dosyası,H,,21681.4495,90,2024,2,7
H00014,320.01.0045,IRS24701430,2024-04-20,5000,5,76.6939,1,YERLİ,31.35,Kısmi teslim,H,,12231.882,30,2024,4,16
D00012,320.01.0008,IRS24701431,2024-02-01,2000,2000,147.3368,1,YERLİ,30.3167,Kısmi teslim,H,,9719.8442,90,2024,2,5
H00016,320.01.0010,IRS24701432,2024-02-15,250,250,40.6512,1,YERLİ,30.3167,İthalat dosyası,H,Şartlı kabul,335.2212,0,2024,2,7
H00001,320.01.0010,IRS24701433,2024-01-20,250,0.25,43.5071,1,YERLİ,29.8,Mal kabul,H,Kalite onaylı,364.9924,30,2024,1,3
H00004,320.01.0003,IRS24701434,2024-02-19,500,0.5,22.0547,1,YERLİ,30.3167,Mal kabul,E,,363.7385,60,2024,2,8
H00012,320.01.0003,IRS24701435,2024-02-15,250,250,83.1684,1,YERLİ,30.3167,Kısmi teslim,H,Kalite onaylı,685.8299,0,2024,2,7
H00013,320.01.0019,IRS24701436,2024-01-23,1000,1000,50.9157,1,YERLİ,29.8,Numune kabul,H,Şartlı kabul,1708.5805,30,2024,1,4
H00012,320.01.0022,IRS24701437,2024-02-26,500,500,97.5046,1,İTHAL,30.3167,Mal kabul,H,Şartlı kabul,1608.1005,45,2024,2,9
H00001,320.01.0035,IRS24701438,2024-02-18,5000,5,45.227,1,YERLİ,30.3167,Sevk irsaliyesi,E,Kalite onaylı,7459.0902,90,2024,2,7
D00004,320.01.0001,IRS24701439,2024-02-26,5000,5000,19.4292,1,YERLİ,30.3167,İthalat dosyası,E,,3204.3725,45,2024,2,9
D00011,320.01.0001,IRS24701440,2024-03-17,250,250,60.3833,1,YERLİ,30.8333,Sevk irsaliyesi,E,Şartlı kabul,489.5949,0,2024,3,11
D00006,320.01.0001,IRS24701441,2024-02-07,2000,2000,177.3027,1,YERLİ,30.3167,Mal kabul,H,Kalite onaylı,11696.7018,30,2024,2,6
D00010,320.01.0006,IRS24701442,2024-02-12,5000,5000,265.1861,1,YERLİ,30.3167,İthalat dosyası,E,Şartlı kabul,43735.9772,45,2024,2,7
H00013,320.01.0006,IRS24701443,2024-04-20,500,500,53.1794,1,YERLİ,31.35,Numune kabul,H,Kalite onaylı,848.1563,30,2024,4,16
D00009,320.01.0006,IRS24701444,2024-04-24,5000,5000,58.7242,1,YERLİ,31.35,Mal kabul,E,Kalite onaylı,9365.9011,45,2024,4,17
H00004,320.01.0027,IRS24701445,2024-03-18,500,0.5,20.8584,1,YERLİ,30.8333,Kısmi teslim,H,,338.2447,45,2024,3,12
D00005,320.01.0002,IRS24701446,2024-02-01,1000,1000,282.3102,1,YERLİ,30.3167,Kısmi teslim,H,Şartlı kabul,9312.0359,45,2024,2,5
D00010,320.01.0002,IRS24701447,2024-03-04,10000,10000,330.0688,1,YERLİ,30.8333,Sevk irsaliyesi,H,Kalite onaylı,107049.4563,90,2024,3,10
H00006,320.01.0002,IRS24701448,2024-02-05,1000,1,97.2962,1,YERLİ,30.3167,Numune kabul,E,Şartlı kabul,3209.3269,90,2024,2,6
D00010,320.01.0011,IRS24701449,2024-04-20,10000,10000,295.1368,1,YERLİ,31.35,Numune kabul,H,Kalite onaylı,94142.5199,0,2024,4,16
D00010,320.01.0011,IRS24701450,2024-02-10,250,250,309.5326,1,YERLİ,30.3167,Numune kabul,E,Şartlı kabul,2552.4925,60,2024,2,6
H00012,320.01.0055,IRS24701451,2024-03-18,500,500,97.6851,1,YERLİ,30.8333,Sevk irsaliyesi,H,,1584.0844,30,2024,3,12
H00005,320.01.0055,IRS24701452,2024-03-28,2000,2,46.6764,1,YERLİ,30.8333,Mal kabul,E,Kalite onaylı,3027.6617,45,2024,3,13
D00007,320.01.0055,IRS24701453,2024-02-08,500,500,130.535,1,YERLİ,30.3167,İthalat dosyası,H,Kalite onaylı,2152.8563,45,2024,2,6
H00005,320.01.0015,IRS24701454,2024-03-11,250,0.25,48.1782,1,İTHAL,30.8333,Kısmi teslim,E,Şartlı kabul,390.6345,45,2024,3,11
H00010,320.01.0015,IRS24701455,2024-02-04,5000,5,21.8598,1,İTHAL,30.3167,Mal kabul,E,Kalite onaylı,3605.2407,30,2024,2,5
H00011,320.01.0016,IRS24701456,2024-02-08,500,0.5,43.7148,1,İTHAL,30.3167,İthalat dosyası,H,Kalite onaylı,720.969,90,2024,2,6
D00005,320.01.0016,IRS24701457,2024-03-20,500,500,255.3643,1,İTHAL,30.8333,İthalat dosyası,H,,4141.0472,0,2024,3,12
D00012,320.01.0003,IRS24701458,2024-02-24,120,120,148.271,1,YERLİ,30.3167,Sevk irsaliyesi,H,Kalite onaylı,586.8884,0,2024,2,8
H00010,320.01.0003,IRS24701459,2024-03-20,1000,1,25.8535,1,YERLİ,30.8333,İthalat dosyası,H,,838.4928,45,2024,3,12
H00013,320.01.0021,IRS24701460,2024-04-29,250,250,49.8869,1,İTHAL,31.35,İthalat dosyası,E,,397.8222,30,2024,4,18
H00004,320.01.0002,IRS24701461,2024-02-11,250,0.25,18.9448,1,YERLİ,30.3167,Kısmi teslim,H,Şartlı kabul,156.2241,0,2024,2,6
H00002,320.01.0002,IRS24701462,2024-03-04,120,0.12,88.2721,1,YERLİ,30.8333,Numune kabul,E,,343.5458,60,2024,3,10
H00007,320.01.0010,IRS24701463,2024-02-18,10000,10,101.1949,1,YERLİ,30.3167,Mal kabul,E,,33379.2596,0,2024,2,7
D00012,320.01.0010,IRS24701464,2024-02-29,1000,1000,148.6117,1,YERLİ,30.3167,Mal kabul,H,Şartlı kabul,4901.9748,45,2024,2,9
D00002,320.01.0013,IRS24701465,2024-02-20,250,250,150.798,1,YERLİ,30.3167,Kısmi teslim,H,Kalite onaylı,1243.5225,30,2024,2,8
H00012,320.01.0028,IRS24701467,2024-04-24,250,250,85.2422,1,YERLİ,31.35,İthalat dosyası,H,Kalite onaylı,679.7624,45,2024,4,17
H00006,320.01.0028,IRS24701468,2024-02-03,1000,1,87.1018,1,YERLİ,30.3167,Kısmi teslim,E,Kalite onaylı,2873.0634,90,2024,2,5
H00011,320.01.0003,IRS24701469,2024-02-04,2000,2,55.0515,1,YERLİ,30.3167,İthalat dosyası,H,,3631.7607,45,2024,2,5
H00006,320.01.0003,IRS24701470,2024-02-15,120,0.12,100.6057,1,YERLİ,30.3167,Kısmi teslim,E,,398.2189,60,2024,2,7
H00012,320.01.0032,IRS24701471,2024-02-25,1000,1000,93.9755,1,YERLİ,30.3167,Kısmi teslim,E,Kalite onaylı,3099.7932,60,2024,2,8
D00010,320.01.0032,IRS24701472,2024-02-11,2000,2000,267.2143,1,YERLİ,30.3167,Sevk irsaliyesi,H,Şartlı kabul,17628.1917,60,2024,2,6
H00014,320.01.0002,IRS24701473,2024-03-28,120,0.12,87.3041,1,YERLİ,30.8333,Sevk irsaliyesi,H,Kalite onaylı,339.7785,0,2024,3,13
D00005,320.01.0002,IRS24701474,2024-04-28,5000,5000,273.519,1,YERLİ,31.35,Mal kabul,E,Kalite onaylı,43623.445,30,2024,4,17
D00005,320.01.0002,IRS24701475,2024-02-15,2000,2000,257.3015,1,YERLİ,30.3167,İthalat dosyası,E,Kalite onaylı,16974.2419,45,2024,2,7
H00003,320.01.0004,IRS24701476,2024-02-28,1000,1,28.42,1,YERLİ,30.3167,Numune kabul,H,Kalite onaylı,937.4371,90,2024,2,9
D00004,320.01.0004,IRS24701477,2024-05-05,120,120,21.1346,1,YERLİ,31.8667,Sevk irsaliyesi,H,Kalite onaylı,79.5863,30,2024,5,18
D00010,320.01.0007,IRS24701479,2024-02-22,2000,2000,297.6498,1,İTHAL,30.3167,Sevk irsaliyesi,H,Şartlı kabul,19636.029,90,2024,2,8
D00009,320.01.0002,IRS24701480,2024-02-23,500,500,70.094,1,YERLİ,30.3167,Kısmi teslim,E,,1156.0295,0,2024,2,8
H00002,320.01.0002,IRS24701481,2024-03-07,500,0.5,94.5136,1,YERLİ,30.8333,Kısmi teslim,E,Şartlı kabul,1532.6546,60,2024,3,10
H00012,320.01.0007,IRS24701483,2024-02-12,10000,10000,91.9932,1,İTHAL,30.3167,İthalat dosyası,H,,30344.0678,45,2024,2,7
H00012,320.01.0007,IRS24701484,2024-02-15,250,250,86.2416,1,İTHAL,30.3167,Numune kabul,E,,711.1724,90,2024,2,7
D00006,320.01.0017,IRS24701485,2024-02-12,2000,2000,162.7522,1,YERLİ,30.3167,Sevk irsaliyesi,E,,10736.8018,60,2024,2,7
D00003,320.01.0034,IRS24701486,2024-02-21,2000,2000,228.4625,1,İTHAL,30.3167,Mal kabul,E,Kalite onaylı,15071.7261,45,2024,2,8
D00008,320.01.0007,IRS24701487,2024-02-18,10000,10000,299.3037,1,İTHAL,30.3167,Numune kabul,E,Şartlı kabul,98725.6858,90,2024,2,7
D00001,320.01.0007,IRS24701488,2024-05-07,5000,5000,269.9763,1,İTHAL,31.8667,İthalat dosyası,E,Şartlı kabul,42360.2538,30,2024,5,19
H00008,320.01.0003,IRS24701489,2024-02-17,500,0.5,20.9,1,YERLİ,30.3167,Numune kabul,H,Kalite onaylı,344.6945,60,2024,2,7
H00005,320.01.0003,IRS24701490,2024-04-25,120,0.12,48.1023,1,YERLİ,31.35,Kısmi teslim,H,Kalite onaylı,184.1236,0,2024,4,17
H00016,320.01.0003,IRS24701491,2024-04-30,500,500,37.5845,1,YERLİ,31.35,Kısmi teslim,H,Şartlı kabul,599.4338,30,2024,4,18
D00003,320.01.0001,IRS24701492,2024-02-20,1000,1000,248.2952,1,YERLİ,30.3167,Numune kabul,E,,8190.0471,90,2024,2,8
H00004,320.01.0001,IRS24701493,2024-03-06,250,0.25,20.1316,1,YERLİ,30.8333,Sevk irsaliyesi,E,Şartlı kabul,163.2294,90,2024,3,10
D00003,320.01.0003,IRS24701494,2024-05-07,120,120,237.041,1,YERLİ,31.8667,Numune kabul,H,,892.6221,60,2024,5,19
D00005,320.01.0001,IRS24701495,2024-02-25,2000,2000,240.4836,1,YERLİ,30.3167,İthalat dosyası,E,Kalite onaylı,15864.761,0,2024,2,8
D00009,320.01.0001,IRS24701496,2024-03-25,2000,2000,58.705,1,YERLİ,30.8333,Kısmi teslim,H,Kalite onaylı,3807.896,90,2024,3,13
D00009,320.01.0001,IRS24701497,2024-02-23,120,120,57.253,1,YERLİ,30.3167,Mal kabul,H,Şartlı kabul,226.6197,0,2024,2,8
D00008,320.01.0022,IRS24701498,2024-03-01,2000,2000,291.1957,1,İTHAL,30.8333,Numune kabul,E,Kalite onaylı,18888.3901,60,2024,3,9
H00014,320.01.0022,IRS24701499,2024-05-01,500,0.5,88.8103,1,İTHAL,31.8667,Numune kabul,E,Şartlı kabul,1393.4656,90,2024,5,18
H00005,320.01.0022,IRS24701500,2024-03-27,500,0.5,42.8199,1,İTHAL,30.8333,Kısmi teslim,H,Şartlı kabul,694.3775,30,2024,3,13
H00010,320.01.0002,IRS24701501,2024-02-29,120,0.12,23.804,1,YERLİ,30.3167,Sevk irsaliyesi,E,Kalite onaylı,94.2213,30,2024,2,9
D00004,320.01.0002,IRS24701502,2024-02-23,10000,10000,23.2624,1,YERLİ,30.3167,Sevk irsaliyesi,H,Kalite onaylı,7673.1307,45,2024,2,8
H00013,320.01.0024,IRS24701503,2024-02-15,500,500,57.7377,1,YERLİ,30.3167,Mal kabul,H,Şartlı kabul,952.2425,90,2024,2,7
H00011,320.01.0002,IRS24701504,2024-05-12,120,0.12,44.6692,1,YERLİ,31.8667,Sevk irsaliyesi,E,Kalite onaylı,168.2102,45,2024,5,19
D00001,320.01.0002,IRS24701505,2024-03-01,500,500,279.4464,1,YERLİ,30.8333,Mal kabul,E,Kalite onaylı,4531.5681,60,2024,3,9
D00012,320.01.0037,IRS24701506,2024-02-14,500,500,136.0067,1,YERLİ,30.3167,Numune kabul,E,Kalite onaylı,2243.0987,60,2024,2,7
H00012,320.01.0006,IRS24701507,2024-03-30,2000,2000,101.3811,1,YERLİ,30.8333,Kısmi teslim,E,Şartlı kabul,6576.0785,45,2024,3,13
H00012,320.01.0006,IRS24701508,2024-03-31,250,250,84.7043,1,YERLİ,30.8333,Kısmi teslim,E,,686.7924,60,2024,3,13
D00012,320.01.0050,IRS24701509,2024-03-12,500,500,157.1188,1,YERLİ,30.8333,Kısmi teslim,H,,2547.8752,60,2024,3,11
H00005,320.01.0028,IRS24701510,2024-05-17,10000,10,51.1992,1,YERLİ,31.8667,İthalat dosyası,E,Kalite onaylı,16066.6778,0,2024,5,20
D00005,320.01.0028,IRS24701511,2024-02-26,500,500,280.1065,1,YERLİ,30.3167,Mal kabul,E,Şartlı kabul,4619.6733,45,2024,2,9
D00003,320.01.0027,IRS24701512,2024-05-11,250,250,250.2647,1,YERLİ,31.8667,Mal kabul,H,Kalite onaylı,1963.3716,90,2024,5,19
H00015,320.01.0027,IRS24701513,2024-03-03,250,0.25,22.9219,1,YERLİ,30.8333,Sevk irsaliyesi,E,Kalite onaylı,185.8534,0,2024,3,9
H00004,320.01.0005,IRS24701514,2024-04-13,500,0.5,19.6514,1,İTHAL,31.35,Mal kabul,E,Kalite onaylı,313.4195,45,2024,4,15
H00002,320.01.0005,IRS24701515,2024-04-01,2000,2,96.1009,1,İTHAL,31.35,Sevk irsaliyesi,H,Şartlı kabul,6130.8389,0,2024,4,14
D00004,320.01.0019,IRS24701516,2024-02-27,500,500,21.7502,1,YERLİ,30.3167,Sevk irsaliyesi,E,,358.7165,30,2024,2,9
D00002,320.01.0019,IRS24701517,2024-04-17,1000,1000,139.33,1,YERLİ,31.35,İthalat dosyası,H,Şartlı kabul,4444.3381,30,2024,4,16
H00007,320.01.0029,IRS24701518,2024-03-05,2000,2,90.3195,1,İTHAL,30.8333,Kısmi teslim,H,Şartlı kabul,5858.5685,30,2024,3,10
H00016,320.01.0029,IRS24701519,2024-03-14,2000,2000,41.6611,1,İTHAL,30.8333,Mal kabul,H,Şartlı kabul,2702.3445,90,2024,3,11
D00010,320.01.0002,IRS24701520,2024-04-03,2000,2000,308.2768,1,YERLİ,31.35,İthalat dosyası,E,Kalite onaylı,19666.7815,90,2024,4,14
H00007,320.01.0002,IRS24701521,2024-02-14,10000,10,100.8846,1,YERLİ,30.3167,Sevk irsaliyesi,E,,33276.9068,45,2024,2,7
D00006,320.01.0002,IRS24701522,2024-03-10,10000,10000,149.8892,1,YERLİ,30.8333,Kısmi teslim,E,Kalite onaylı,48612.7661,0,2024,3,10
D00010,320.01.0005,IRS24701523,2024-03-10,1000,1000,309.0877,1,İTHAL,30.8333,İthalat dosyası,H,,10024.4768,90,2024,3,10
H00009,320.01.0001,IRS24701524,2024-04-08,1000,1,20.1793,1,YERLİ,31.35,Mal kabul,E,Kalite onaylı,643.6778,60,2024,4,15
H00007,320.01.0001,IRS24701525,2024-03-03,500,0.5,89.9542,1,YERLİ,30.8333,Sevk irsaliyesi,H,,1458.7183,30,2024,3,9
H00008,320.01.0019,IRS24701526,2024-05-16,1000,1,21.1427,1,YERLİ,31.8667,İthalat dosyası,E,Kalite onaylı,663.4732,90,2024,5,20
H00013,320.01.0049,IRS24701527,2024-04-12,2000,2000,47.4446,1,YERLİ,31.35,Kısmi teslim,H,Kalite onaylı,3026.7687,60,2024,4,15
D00005,320.01.0049,IRS24701528,2024-04-01,10000,10000,259.7641,1,YERLİ,31.35,Mal kabul,E,Kalite onaylı,82859.362,90,2024,4,14
D00012,320.01.0026,IRS24701529,2024-03-27,120,120,128.279,1,YERLİ,30.8333,Kısmi teslim,E,Şartlı kabul,499.2485,60,2024,3,13
H00005,320.01.0050,IRS24701530,2024-03-19,120,0.12,48.815,1,YERLİ,30.8333,Sevk irsaliyesi,E,Kalite onaylı,189.9829,45,2024,3,12
H00012,320.01.0001,IRS24701532,2024-03-02,1000,1000,95.1184,1,YERLİ,30.8333,Kısmi teslim,H,Kalite onaylı,3084.9244,90,2024,3,9
D00010,320.01.0031,IRS24701533,2024-03-01,500,500,337.8426,1,YERLİ,30.8333,İthalat dosyası,H,Şartlı kabul,5478.5346,45,2024,3,9
D00003,320.01.0002,IRS24701534,2024-05-10,5000,5000,290.9319,1,YERLİ,31.8667,İthalat dosyası,E,Şartlı kabul,45648.2629,60,2024,5,19
H00003,320.01.0002,IRS24701536,2024-04-01,120,0.12,27.303,1,YERLİ,31.35,Kısmi teslim,E,Şartlı kabul,104.5091,30,2024,4,14
H00010,320.01.0008,IRS24701537,2024-05-17,250,0.25,25.6491,1,YERLİ,31.8667,Kısmi teslim,E,Şartlı kabul,201.2218,0,2024,5,20
D00011,320.01.0008,IRS24701538,2024-03-23,120,120,67.3104,1,YERLİ,30.8333,Kısmi teslim,E,,261.9651,45,2024,3,12
H00011,320.01.0008,IRS24701539,2024-04-06,2000,2,52.7975,1,YERLİ,31.35,Sevk irsaliyesi,E,,3368.2616,90,2024,4,14
H00016,320.01.0004,IRS24701540,2024-02-25,1000,1000,39.9566,1,YERLİ,30.3167,Mal kabul,H,Şartlı kabul,1317.9733,0,2024,2,8
H00013,320.01.0007,IRS24701542,2024-03-27,10000,10000,54.1047,1,İTHAL,30.8333,Sevk irsaliyesi,H,Şartlı kabul,17547.4892,30,2024,3,13
D00010,320.01.0007,IRS24701543,2024-04-22,120,120,276.1594,1,İTHAL,31.35,Numune kabul,E,Kalite onaylı,1057.0695,0,2024,4,17
H00014,320.01.0040,IRS24701544,2024-03-24,500,0.5,79.24,1,YERLİ,30.8333,Kısmi teslim,H,Şartlı kabul,1284.9744,60,2024,3,12
H00012,320.01.0040,IRS24701545,2024-04-01,1000,1000,97.1683,1,YERLİ,31.35,İthalat dosyası,H,Şartlı kabul,3099.4673,0,2024,4,14
H00012,320.01.0011,IRS24701546,2024-03-09,5000,5000,99.9951,1,YERLİ,30.8333,Sevk irsaliyesi,H,,16215.4392,90,2024,3,10
D00010,320.01.0054,IRS24701547,2024-04-22,10000,10000,325.6606,1,YERLİ,31.35,Mal kabul,E,Şartlı kabul,103878.9793,90,2024,4,17
D00003,320.01.0054,IRS24701548,2024-03-12,1000,1000,239.1009,1,YERLİ,30.8333,Sevk irsaliyesi,E,Şartlı kabul,7754.6322,30,2024,3,11
D00012,320.01.0001,IRS24701549,2024-03-24,120,120,146.2828,1,YERLİ,30.8333,Kısmi teslim,H,,569.3175,90,2024,3,12
D00004,320.01.0001,IRS24701550,2024-05-16,1000,1000,21.7341,1,YERLİ,31.8667,Numune kabul,E,Şartlı kabul,682.0317,90,2024,5,20
D00010,320.01.0001,IRS24701551,2024-03-06,10000,10000,303.5132,1,YERLİ,30.8333,Kısmi teslim,H,Şartlı kabul,98436.8199,0,2024,3,10
H00016,320.01.0001,IRS24701552,2024-03-07,5000,5000,37.4959,1,YERLİ,30.8333,Mal kabul,H,Kalite onaylı,6080.4228,30,2024,3,10
D00001,320.01.0001,IRS24701553,2024-03-23,2000,2000,282.0067,1,YERLİ,30.8333,Sevk irsaliyesi,E,Kalite onaylı,18292.3463,60,2024,3,12
H00010,320.01.0007,IRS24701555,2024-03-13,5000,5,21.0841,1,İTHAL,30.8333,Kısmi teslim,E,Şartlı kabul,3419.0469,30,2024,3,11
D00004,320.01.0007,IRS24701556,2024-03-22,5000,5000,23.4216,1,İTHAL,30.8333,Numune kabul,E,,3798.1014,60,2024,3,12
D00002,320.01.0004,IRS24701557,2024-02-28,500,500,136.2981,1,YERLİ,30.3167,Mal kabul,E,Şartlı kabul,2247.9046,0,2024,2,9
D00002,320.01.0009,IRS24701558,2024-03-28,5000,5000,155.1394,1,İTHAL,30.8333,Numune kabul,H,Şartlı kabul,25157.7677,0,2024,3,13
D00011,320.01.0009,IRS24701559,2024-03-23,2000,2000,73.5624,1,İTHAL,30.8333,Numune kabul,H,,4771.6203,0,2024,3,12
D00001,320.01.0023,IRS24701560,2024-03-25,10000,10000,243.9367,1,YERLİ,30.8333,Kısmi teslim,H,Şartlı kabul,79114.6909,30,2024,3,13
H00005,320.01.0012,IRS24701561,2024-03-15,5000,5,42.8317,1,YERLİ,30.8333,Mal kabul,E,Şartlı kabul,6945.6886,90,2024,3,11
D00010,320.01.0047,IRS24701562,2024-04-17,5000,5000,316.7084,1,YERLİ,31.35,Numune kabul,H,Şartlı kabul,50511.7065,60,2024,4,16
D00007,320.01.0047,IRS24701563,2024-03-07,1000,1000,113.1747,1,YERLİ,30.8333,Mal kabul,H,Şartlı kabul,3670.5348,90,2024,3,10
D00002,320.01.0047,IRS24701564,2024-04-08,1000,1000,134.3971,1,YERLİ,31.35,Mal kabul,H,,4286.9888,90,2024,4,15
D00009,320.01.0002,IRS24701565,2024-02-23,5000,5000,67.6242,1,YERLİ,30.3167,Kısmi teslim,H,Kalite onaylı,11152.9619,45,2024,2,8
H00008,320.01.0002,IRS24701566,2024-03-11,2000,2,19.9364,1,YERLİ,30.8333,Numune kabul,H,,1293.1733,45,2024,3,11
D00002,320.01.0004,IRS24701567,2024-03-18,250,250,143.6728,1,YERLİ,30.8333,Kısmi teslim,H,Şartlı kabul,1164.9159,60,2024,3,12
H00001,320.01.0004,IRS24701568,2024-05-27,5000,5,52.4961,1,YERLİ,31.8667,Sevk irsaliyesi,H,,8236.8272,60,2024,5,22
D00006,320.01.0011,IRS24701570,2024-03-15,120,120,153.072,1,YERLİ,30.8333,Sevk irsaliyesi,E,Şartlı kabul,595.7403,60,2024,3,11
H00004,320.01.0005,IRS24701571,2024-02-27,2500,2.5,22.4319,1,İTHAL,30.3167,Numune kabul,E,,1849.7973,0,2024,2,9
H00016,320.01.0024,IRS24701572,2024-03-23,2000,2000,43.232,1,YERLİ,30.8333,Mal kabul,E,Kalite onaylı,2804.2409,60,2024,3,12
H00012,320.01.0002,IRS24701573,2024-02-27,5000,5000,85.5668,1,YERLİ,30.3167,Kısmi teslim,H,Şartlı kabul,14112.156,30,2024,2,9
H00014,320.01.0002,IRS24701574,2024-04-21,250,0.25,73.5187,1,YERLİ,31.35,Mal kabul,E,Kalite onaylı,586.2735,45,2024,4,16
H00015,320.01.0007,IRS24701575,2024-03-03,10000,10,26.7705,1,İTHAL,30.8333,Mal kabul,E,Kalite onaylı,8682.3337,0,2024,3,9
D00008,320.01.0007,IRS24701576,2024-03-22,120,120,337.4708,1,İTHAL,30.8333,Mal kabul,H,Kalite onaylı,1313.4013,0,2024,3,12
H00015,320.01.0008,IRS24701577,2024-04-20,5000,5,24.5297,1,YERLİ,31.35,İthalat dosyası,E,Kalite onaylı,3912.2329,90,2024,4,16
D00008,320.01.0004,IRS24701578,2024-03-02,5000,5000,284.805,1,YERLİ,30.8333,Kısmi teslim,H,Kalite onaylı,46184.6445,90,2024,3,9
H00002,320.01.0004,IRS24701579,2024-03-21,5000,5,87.4593,1,YERLİ,30.8333,Sevk irsaliyesi,E,,14182.6045,30,2024,3,12
H00010,320.01.0006,IRS24701580,2024-03-03,5000,5,22.9329,1,YERLİ,30.8333,Numune kabul,H,Kalite onaylı,3718.8527,90,2024,3,9
D00009,320.01.0005,IRS24701581,2024-03-24,1000,1000,65.821,1,İTHAL,30.8333,İthalat dosyası,H,Kalite onaylı,2134.7374,0,2024,3,12
H00015,320.01.0005,IRS24701582,2024-03-24,2000,2,22.9427,1,İTHAL,30.8333,İthalat dosyası,E,Kalite onaylı,1488.1767,0,2024,3,12
H00005,320.01.0005,IRS24701583,2024-03-06,120,0.12,47.7867,1,İTHAL,30.8333,İthalat dosyası,E,,185.9809,90,2024,3,10
H00015,320.01.0005,IRS24701584,2024-03-20,5000,5,27.1273,1,İTHAL,30.8333,İthalat dosyası,E,,4399.0264,30,2024,3,12
H00012,320.01.0015,IRS24701585,2024-03-06,5000,5000,95.6224,1,İTHAL,30.8333,Mal kabul,E,Şartlı kabul,15506.3519,30,2024,3,10
D00008,320.01.0001,IRS24701586,2024-04-11,2000,2000,331.0907,1,YERLİ,31.35,Numune kabul,H,Kalite onaylı,21122.2137,30,2024,4,15
D00006,320.01.0001,IRS24701587,2024-03-08,2000,2000,182.6477,1,YERLİ,30.8333,Sevk irsaliyesi,E,,11847.4312,90,2024,3,10
H00006,320.01.0001,IRS24701588,2024-03-18,250,0.25,90.62,1,YERLİ,30.8333,İthalat dosyası,E,Şartlı kabul,734.7576,45,2024,3,12
D00009,320.01.0016,IRS24701589,2024-04-15,120,120,61.0785,1,İTHAL,31.35,Numune kabul,H,Kalite onaylı,233.7933,0,2024,4,16
D00002,320.01.0016,IRS24701590,2024-03-12,5000,5000,139.9608,1,İTHAL,30.8333,Mal kabul,H,Şartlı kabul,22696.3705,30,2024,3,11
H00004,320.01.0016,IRS24701591,2024-03-20,10000,10,23.2869,1,İTHAL,30.8333,Numune kabul,H,,7552.5163,0,2024,3,12
H00005,320.01.0001,IRS24701592,2024-03-22,2000,2,45.6959,1,YERLİ,30.8333,İthalat dosyası,E,,2964.0616,30,2024,3,12
D00004,320.01.0002,IRS24701593,2024-05-24,500,500,24.1887,1,YERLİ,31.8667,Mal kabul,E,Şartlı kabul,379.5294,0,2024,5,21
D00012,320.01.0002,IRS24701594,2024-03-25,1000,1000,155.147,1,YERLİ,30.8333,İthalat dosyası,H,,5031.8,0,2024,3,13
H00002,320.01.0012,IRS24701595,2024-04-05,1000,1,91.0495,1,YERLİ,31.35,Kısmi teslim,H,,2904.2903,30,2024,4,14
D00003,320.01.0012,IRS24701596,2024-04-17,250,250,236.9395,1,YERLİ,31.35,Numune kabul,H,Şartlı kabul,1889.4697,30,2024,4,16
D00005,320.01.0010,IRS24701597,2024-03-25,120,120,276.1222,1,YERLİ,30.8333,Kısmi teslim,H,Şartlı kabul,1074.6389,45,2024,3,13
H00004,320.01.0045,IRS24701598,2024-03-14,250,0.25,18.5511,1,YERLİ,30.8333,İthalat dosyası,E,,150.4145,0,2024,3,11
H00014,320.01.0045,IRS24701599,2024-03-26,120,0.12,90.6901,1,YERLİ,30.8333,Mal kabul,E,Şartlı kabul,352.9564,90,2024,3,13
H00005,320.01.0003,IRS24701600,2024-04-11,2000,2,44.2978,1,YERLİ,31.35,Numune kabul,H,,2826.0159,90,2024,4,15
D00002,320.01.0012,IRS24701601,2024-05-01,250,250,125.5061,1,YERLİ,31.8667,Numune kabul,H,Kalite onaylı,984.618,60,2024,5,18
D00010,320.01.0019,IRS24701602,2024-03-12,1000,1000,334.3176,1,YERLİ,30.8333,Numune kabul,E,Şartlı kabul,10842.7447,45,2024,3,11
H00006,320.01.0019,IRS24701604,2024-03-13,2000,2,101.9901,1,YERLİ,30.8333,Mal kabul,H,Şartlı kabul,6615.5812,0,2024,3,11
D00011,320.01.0051,IRS24701605,2024-05-28,1000,1000,69.8163,1,YERLİ,31.8667,Numune kabul,H,Şartlı kabul,2190.8858,90,2024,5,22
D00008,320.01.0051,IRS24701606,2024-05-05,2000,2000,269.454,1,YERLİ,31.8667,Numune kabul,E,Şartlı kabul,16911.3212,90,2024,5,18
D00011,320.01.0005,IRS24701608,2024-03-09,60,60,75.221,1,İTHAL,30.8333,Mal kabul,H,Kalite onaylı,146.3762,30,2024,3,10
D00008,320.01.0055,IRS24701609,2024-04-15,10000,10000,306.8602,1,YERLİ,31.35,Sevk irsaliyesi,E,,97882.0415,45,2024,4,16
D00010,320.01.0055,IRS24701610,2024-06-03,10000,10000,314.2257,1,YERLİ,32.3833,Numune kabul,E,Kalite onaylı,97033.2548,45,2024,6,23
D00002,320.01.0055,IRS24701611,2024-04-12,1000,1000,145.0998,1,YERLİ,31.35,Sevk irsaliyesi,H,Kalite onaylı,4628.3828,90,2024,4,15
H00015,320.01.0003,IRS24701612,2024-04-09,5000,5,24.9695,1,YERLİ,31.35,Numune kabul,H,Kalite onaylı,3982.3764,45,2024,4,15
H00016,320.01.0028,IRS24701613,2024-05-05,250,250,46.4042,1,YERLİ,31.8667,Mal kabul,H,,364.0493,90,2024,5,18
H00015,320.01.0037,IRS24701614,2024-05-31,1000,1,22.1216,1,YERLİ,31.8667,Mal kabul,H,Şartlı kabul,694.1917,90,2024,5,22
D00002,320.01.0001,IRS24701615,2024-04-01,500,500,142.3277,1,YERLİ,31.35,Kısmi teslim,H,Şartlı kabul,2269.9793,30,2024,4,14
H00015,320.01.0001,IRS24701616,2024-04-20,2000,2,26.1149,1,YERLİ,31.35,Mal kabul,H,Şartlı kabul,1666.0223,90,2024,4,16
H00013,320.01.0036,IRS24701617,2024-04-10,2000,2000,47.6788,1,İTHAL,31.35,Sevk irsaliyesi,H,Kalite onaylı,3041.7097,0,2024,4,15
H00011,320.01.0036,IRS24701618,2024-04-05,120,0.12,53.1032,1,İTHAL,31.35,Mal kabul,E,Şartlı kabul,203.2658,0,2024,4,14
H00014,320.01.0017,IRS24701619,2024-04-01,120,0.12,79.9226,1,YERLİ,31.35,İthalat dosyası,H,,305.9238,60,2024,4,14
H00010,320.01.0017,IRS24701620,2024-03-11,2000,2,21.94,1,YERLİ,30.8333,İthalat dosyası,H,Şartlı kabul,1423.1367,45,2024,3,11
H00003,320.01.0005,IRS24701621,2024-04-03,120,0.12,34.7425,1,İTHAL,31.35,Numune kabul,H,,132.9856,60,2024,4,14
H00006,320.01.0018,IRS24701622,2024-05-05,10000,10,98.3672,1,İTHAL,31.8667,Numune kabul,H,,30868.3359,45,2024,5,18
H00016,320.01.0012,IRS24701623,2024-06-15,2000,2000,47.6728,1,YERLİ,32.3833,Mal kabul,H,,2944.283,0,2024,6,24
D00004,320.01.0012,IRS24701624,2024-06-01,2000,2000,22.6785,1,YERLİ,32.3833,Numune kabul,E,,1400.6293,60,2024,6,22
H00014,320.01.0001,IRS24701625,2024-05-04,120,0.12,82.4272,1,YERLİ,31.8667,İthalat dosyası,E,Kalite onaylı,310.395,60,2024,5,18
D00009,320.01.0001,IRS24701626,2024-04-22,1000,1000,71.4747,1,YERLİ,31.35,İthalat dosyası,E,Kalite onaylı,2279.8947,45,2024,4,17
H00014,320.01.0001,IRS24701627,2024-05-17,500,0.5,89.1703,1,YERLİ,31.8667,Sevk irsaliyesi,E,Kalite onaylı,1399.1141,60,2024,5,20
H00009,320.01.0009,IRS24701628,2024-05-05,500,0.5,21.7645,1,İTHAL,31.8667,İthalat dosyası,H,Kalite onaylı,341.4928,90,2024,5,18
D00007,320.01.0009,IRS24701629,2024-05-08,250,250,111.0765,1,İTHAL,31.8667,İthalat dosyası,H,Şartlı kabul,871.4151,45,2024,5,19
D00001,320.01.0014,IRS24701630,2024-05-10,500,500,236.4757,1,YERLİ,31.8667,Sevk irsaliyesi,E,,3710.3889,90,2024,5,19
H00009,320.01.0014,IRS24701631,2024-05-02,2000,2,19.6445,1,YERLİ,31.8667,Mal kabul,E,,1232.9171,0,2024,5,18
D00008,320.01.0019,IRS24701632,2024-04-04,500,500,297.6129,1,YERLİ,31.35,İthalat dosyası,E,Şartlı kabul,4746.6172,30,2024,4,14
D00011,320.01.0004,IRS24701633,2024-06-08,2000,2000,68.8547,1,YERLİ,32.3833,Kısmi teslim,H,Şartlı kabul,4252.482,45,2024,6,23
H00001,320.01.0021,IRS24701634,2024-03-30,250,0.25,54.2933,1,İTHAL,30.8333,Kısmi teslim,E,Şartlı kabul,440.2164,90,2024,3,13
D00006,320.01.0030,IRS24701635,2024-04-19,1000,1000,155.5,1,YERLİ,31.35,Kısmi teslim,E,,4960.1276,45,2024,4,16
H00009,320.01.0030,IRS24701636,2024-04-08,5000,5,20.0949,1,YERLİ,31.35,Numune kabul,E,Şartlı kabul,3204.9282,30,2024,4,15
H00004,320.01.0049,IRS24701637,2024-05-12,120,0.12,20.2485,1,YERLİ,31.8667,Numune kabul,E,Şartlı kabul,76.2495,60,2024,5,19
D00011,320.01.0001,IRS24701638,2024-06-17,10000,10000,66.283,1,YERLİ,32.3833,Mal kabul,E,,20468.2661,0,2024,6,25
H00009,320.01.0022,IRS24701639,2024-05-10,500,0.5,19.7659,1,İTHAL,31.8667,İthalat dosyası,E,,310.1341,0,2024,5,19
H00013,320.01.0022,IRS24701640,2024-03-21,120,120,58.1749,1,İTHAL,30.8333,Mal kabul,E,Şartlı kabul,226.4107,30,2024,3,12
H00016,320.01.0022,IRS24701641,2024-05-19,500,500,42.3171,1,İTHAL,31.8667,Numune kabul,H,,663.9705,30,2024,5,20
H00014,320.01.0003,IRS24701642,2024-04-02,10000,10,89.4691,1,YERLİ,31.35,Mal kabul,E,,28538.7879,90,2024,4,14
H00007,320.01.0003,IRS24701644,2024-03-31,120,0.12,92.4173,1,YERLİ,30.8333,Mal kabul,E,,359.6785,90,2024,3,13
D00007,320.01.0003,IRS24701645,2024-05-11,500,500,126.5047,1,YERLİ,31.8667,Mal kabul,E,Şartlı kabul,1984.9043,30,2024,5,19
H00005,320.01.0003,IRS24701646,2024-04-03,10000,10,47.9934,1,YERLİ,31.35,İthalat dosyası,E,,15308.8995,60,2024,4,14
D00011,320.01.0002,IRS24701647,2024-05-14,5000,5000,72.8754,1,YERLİ,31.8667,Numune kabul,H,Şartlı kabul,11434.4127,60,2024,5,20
D00009,320.01.0002,IRS24701648,2024-04-11,10000,10000,64.0984,1,YERLİ,31.35,İthalat dosyası,H,Kalite onaylı,20446.0606,30,2024,4,15
H00008,320.01.0018,IRS24701649,2024-03-27,1000,1,21.5101,1,İTHAL,30.8333,Kısmi teslim,H,,697.6256,90,2024,3,13
H00013,320.01.0018,IRS24701650,2024-04-25,120,120,46.2665,1,İTHAL,31.35,Sevk irsaliyesi,H,Şartlı kabul,177.0967,45,2024,4,17
H00005,320.01.0023,IRS24701651,2024-04-13,250,0.25,44.437,1,YERLİ,31.35,Mal kabul,E,Şartlı kabul,354.362,60,2024,4,15
H00014,320.01.0023,IRS24701652,2024-03-29,5000,5,73.6238,1,YERLİ,30.8333,Mal kabul,E,,11939.0075,0,2024,3,13
D00011,320.01.0001,IRS24701653,2024-04-11,500,500,76.7273,1,YERLİ,31.35,İthalat dosyası,H,Şartlı kabul,1223.7209,90,2024,4,15
H00012,320.01.0001,IRS24701654,2024-04-10,250,250,102.8073,1,YERLİ,31.35,Kısmi teslim,H,Kalite onaylı,819.8349,0,2024,4,15
H00015,320.01.0009,IRS24701655,2024-04-01,5000,5,22.8205,1,İTHAL,31.35,Sevk irsaliyesi,H,,3639.6332,45,2024,4,14
H00001,320.01.0005,IRS24701656,2024-04-30,500,0.5,53.3194,1,İTHAL,31.35,Mal kabul,H,Kalite onaylı,850.3892,30,2024,4,18
D00011,320.01.0021,IRS24701657,2024-03-22,2000,2000,73.5611,1,İTHAL,30.8333,Kısmi teslim,E,Kalite onaylı,4771.536,0,2024,3,12
D00007,320.01.0010,IRS24701658,2024-04-04,500,500,112.9179,1,YERLİ,31.35,Mal kabul,E,,1800.9234,60,2024,4,14
H00003,320.01.0010,IRS24701659,2024-05-08,10000,10,30.113,1,YERLİ,31.8667,İthalat dosyası,H,Kalite onaylı,9449.6763,90,2024,5,19
H00012,320.01.0001,IRS24701660,2024-04-10,10000,10000,94.2514,1,YERLİ,31.35,Mal kabul,E,Kalite onaylı,30064.2424,45,2024,4,15
H00015,320.01.0004,IRS24701662,2024-05-17,5000,5,24.4811,1,YERLİ,31.8667,Sevk irsaliyesi,E,Kalite onaylı,3841.1728,45,2024,5,20
H00005,320.01.0001,IRS24701663,2024-06-16,2000,2,48.3508,1,YERLİ,32.3833,Kısmi teslim,E,Şartlı kabul,2986.1564,60,2024,6,24
H00012,320.01.0001,IRS24701664,2024-06-22,120,120,98.3125,1,YERLİ,32.3833,Mal kabul,E,Şartlı kabul,364.3081,0,2024,6,25
D00010,320.01.0008,IRS24701665,2024-06-25,10000,10000,323.6143,1,YERLİ,32.3833,Numune kabul,E,Şartlı kabul,99932.4652,30,2024,6,26
H00014,320.01.0008,IRS24701666,2024-04-07,1000,1,76.9798,1,YERLİ,31.35,Kısmi teslim,H,,2455.496,45,2024,4,14
H00008,320.01.0002,IRS24701667,2024-04-15,250,0.25,22.0289,1,YERLİ,31.35,Mal kabul,E,,175.6691,45,2024,4,16
H00008,320.01.0018,IRS24701668,2024-04-03,5000,5,20.8131,1,İTHAL,31.35,Kısmi teslim,E,Şartlı kabul,3319.4737,45,2024,4,14
H00009,320.01.0002,IRS24701669,2024-04-13,120,0.12,19.1962,1,YERLİ,31.35,İthalat dosyası,H,,73.4783,60,2024,4,15
H00013,320.01.0002,IRS24701670,2024-05-13,5000,5000,53.3056,1,YERLİ,31.8667,Kısmi teslim,E,,8363.8406,0,2024,5,20
H00015,320.01.0011,IRS24701671,2024-03-30,5000,5,27.0349,1,YERLİ,30.8333,Mal kabul,E,Kalite onaylı,4384.0426,30,2024,3,13
H00014,320.01.0006,IRS24701672,2024-04-03,5000,5,83.3024,1,YERLİ,31.35,Sevk irsaliyesi,E,Kalite onaylı,13285.8692,60,2024,4,14
H00005,320.01.0006,IRS24701673,2024-04-11,1000,1,51.0287,1,YERLİ,31.35,Sevk irsaliyesi,H,,1627.7097,30,2024,4,15
H00011,320.01.0001,IRS24701674,2024-04-06,500,0.5,45.9219,1,YERLİ,31.35,Numune kabul,H,Şartlı kabul,732.4067,60,2024,4,14
H00014,320.01.0024,IRS24701675,2024-05-24,1000,1,77.6914,1,YERLİ,31.8667,Kısmi teslim,H,Şartlı kabul,2438.0121,45,2024,5,21
H00013,320.01.0024,IRS24701676,2024-04-22,10000,10000,58.3849,1,YERLİ,31.35,Numune kabul,H,Şartlı kabul,18623.5726,60,2024,4,17
D00012,320.01.0004,IRS24701677,2024-05-05,500,500,141.1326,1,YERLİ,31.8667,Mal kabul,E,Kalite onaylı,2214.4213,30,2024,5,18
D00003,320.01.0016,IRS24701679,2024-04-13,250,250,264.4851,1,İTHAL,31.35,Numune kabul,H,Kalite onaylı,2109.1316,45,2024,4,15
H00006,320.01.0016,IRS24701680,2024-06-27,500,0.5,106.1284,1,İTHAL,32.3833,İthalat dosyası,E,Şartlı kabul,1638.6286,45,2024,6,26
H00015,320.01.0009,IRS24701681,2024-04-16,2000,2,26.6267,1,İTHAL,31.35,İthalat dosyası,E,,1698.673,60,2024,4,16
D00003,320.01.0009,IRS24701682,2024-04-20,250,250,284.8411,1,İTHAL,31.35,Numune kabul,H,Kalite onaylı,2271.4601,45,2024,4,16
H00006,320.01.0002,IRS24701683,2024-05-16,2000,2,88.6986,1,YERLİ,31.8667,Numune kabul,H,Şartlı kabul,5566.8519,30,2024,5,20
H00013,320.01.0002,IRS24701684,2024-04-08,250,250,47.8246,1,YERLİ,31.35,Numune kabul,E,Kalite onaylı,381.3764,30,2024,4,15
D00012,320.01.0048,IRS24701685,2024-04-16,250,250,144.3992,1,YERLİ,31.35,Kısmi teslim,H,,1151.5088,0,2024,4,16
D00009,320.01.0048,IRS24701686,2024-04-27,500,500,73.0329,1,YERLİ,31.35,İthalat dosyası,H,Kalite onaylı,1164.799,0,2024,4,17
H00008,320.01.0046,IRS24701687,2024-05-04,2500,2.5,19.8084,1,YERLİ,31.8667,Sevk irsaliyesi,E,Şartlı kabul,1554.0047,30,2024,5,18
H00009,320.01.0007,IRS24701689,2024-06-26,500,0.5,21.8346,1,İTHAL,32.3833,Numune kabul,H,Şartlı kabul,337.1275,30,2024,6,26
D00007,320.01.0007,IRS24701690,2024-05-10,120,120,112.4107,1,İTHAL,31.8667,Numune kabul,H,,423.3034,45,2024,5,19
H00006,320.01.0019,IRS24701691,2024-04-17,250,0.25,101.4879,1,YERLİ,31.35,Mal kabul,E,,809.3134,0,2024,4,16
H00015,320.01.0034,IRS24701692,2024-06-24,10000,10,22.5278,1,İTHAL,32.3833,İthalat dosyası,H,,6956.6104,0,2024,6,26
H00007,320.01.0034,IRS24701693,2024-04-15,500,0.5,89.7335,1,İTHAL,31.35,Numune kabul,H,,1431.1563,45,2024,4,16
D00001,320.01.0004,IRS24701694,2024-04-09,1000,1000,251.146,1,YERLİ,31.35,Sevk irsaliyesi,H,Şartlı kabul,8011.0367,60,2024,4,15
D00004,320.01.0004,IRS24701695,2024-04-11,5000,5000,22.1693,1,YERLİ,31.35,İthalat dosyası,E,Şartlı kabul,3535.7735,60,2024,4,15
H00001,320.01.0009,IRS24701696,2024-05-30,120,0.12,46.0426,1,İTHAL,31.8667,Kısmi teslim,H,Şartlı kabul,173.382,30,2024,5,22
H00005,320.01.0009,IRS24701697,2024-04-17,5000,5,46.0683,1,İTHAL,31.35,Kısmi teslim,H,Kalite onaylı,7347.4163,0,2024,4,16
H00016,320.01.0002,IRS24701698,2024-04-11,250,250,40.7555,1,YERLİ,31.35,Sevk irsaliyesi,E,,325.004,90,2024,4,15
H00006,320.01.0002,IRS24701699,2024-04-20,120,0.12,106.4329,1,YERLİ,31.35,Sevk irsaliyesi,E,Kalite onaylı,407.3987,90,2024,4,16
H00013,320.01.0007,IRS24701700,2024-06-02,500,500,49.1645,1,İTHAL,32.3833,Numune kabul,H,,759.1027,45,2024,6,22
H00015,320.01.0007,IRS24701701,2024-04-06,2000,2,22.7932,1,İTHAL,31.35,Kısmi teslim,H,Kalite onaylı,1454.1116,90,2024,4,14
D00009,320.01.0016,IRS24701702,2024-05-05,5000,5000,63.7899,1,İTHAL,31.8667,Sevk irsaliyesi,E,,10008.8651,90,2024,5,18
H00011,320.01.0016,IRS24701703,2024-04-29,120,0.12,47.1693,1,İTHAL,31.35,İthalat dosyası,E,,180.5523,30,2024,4,18
D00001,320.01.0017,IRS24701704,2024-04-21,5000,5000,257.9699,1,YERLİ,31.35,Sevk irsaliyesi,E,,41143.5247,60,2024,4,16
D00001,320.01.0017,IRS24701705,2024-04-17,1000,1000,269.7291,1,YERLİ,31.35,Numune kabul,E,Şartlı kabul,8603.799,0,2024,4,16
H00005,320.01.0017,IRS24701706,2024-05-07,250,0.25,53.1451,1,YERLİ,31.8667,Numune kabul,H,Şartlı kabul,416.9329,45,2024,5,19
H00008,320.01.0023,IRS24701707,2024-04-05,2000,2,20.919,1,YERLİ,31.35,Numune kabul,H,,1334.5455,60,2024,4,14
H00011,320.01.0023,IRS24701708,2024-04-19,120,0.12,45.2392,1,YERLİ,31.35,Sevk irsaliyesi,E,Kalite onaylı,173.1644,60,2024,4,16
H00001,320.01.0023,IRS24701709,2024-06-28,500,0.5,47.4952,1,YERLİ,32.3833,Numune kabul,E,,733.3286,60,2024,6,26
H00004,320.01.0022,IRS24701710,2024-04-16,10000,10,21.732,1,İTHAL,31.35,Numune kabul,E,Kalite onaylı,6932.0574,60,2024,4,16
H00003,320.01.0022,IRS24701711,2024-04-20,5000,5,33.2952,1,İTHAL,31.35,İthalat dosyası,E,Şartlı kabul,5310.2392,30,2024,4,16
H00014,320.01.0025,IRS24701712,2024-04-16,5000,5,89.0459,1,YERLİ,31.35,Sevk irsaliyesi,H,Kalite onaylı,14201.8979,30,2024,4,16
D00005,320.01.0025,IRS24701713,2024-05-24,1000,1000,239.1179,1,YERLİ,31.8667,İthalat dosyası,H,Şartlı kabul,7503.6919,90,2024,5,21
D00002,320.01.0003,IRS24701714,2024-07-10,5000,5000,148.6229,1,YERLİ,32.9,Kısmi teslim,E,Kalite onaylı,22587.0669,45,2024,7,28
D00007,320.01.0003,IRS24701715,2024-07-05,250,250,114.5079,1,YERLİ,32.9,Kısmi teslim,H,,870.1208,60,2024,7,27
H00011,320.01.0009,IRS24701716,2024-05-20,250,0.25,53.3761,1,İTHAL,31.8667,Mal kabul,E,Kalite onaylı,418.7451,90,2024,5,21
H00013,320.01.0009,IRS24701717,2024-07-13,5000,5000,50.6046,1,İTHAL,32.9,Sevk irsaliyesi,E,,7690.6687,60,2024,7,28
H00010,320.01.0032,IRS24701718,2024-04-27,10000,10,21.9992,1,YERLİ,31.35,Kısmi teslim,E,,7017.2887,0,2024,4,17
H00003,320.01.0032,IRS24701719,2024-06-06,500,0.5,32.0154,1,YERLİ,32.3833,Kısmi teslim,E,,494.3196,30,2024,6,23
H00002,320.01.0002,IRS24701720,2024-04-18,250,0.25,94.0664,1,YERLİ,31.35,Sevk irsaliyesi,H,,750.1308,90,2024,4,16
H00002,320.01.0002,IRS24701721,2024-05-07,500,0.5,81.843,1,YERLİ,31.8667,Numune kabul,H,Kalite onaylı,1284.1461,45,2024,5,19
D00003,320.01.0008,IRS24701722,2024-04-26,500,500,296.0785,1,YERLİ,31.35,Numune kabul,E,Şartlı kabul,4722.1451,45,2024,4,17
D00005,320.01.0003,IRS24701723,2024-05-04,2000,2000,239.3279,1,YERLİ,31.8667,Numune kabul,H,,15020.5638,90,2024,5,18
D00003,320.01.0003,IRS24701724,2024-04-21,2000,2000,277.9023,1,YERLİ,31.35,İthalat dosyası,E,,17729.0144,45,2024,4,16
D00002,320.01.0048,IRS24701725,2024-04-18,500,500,139.6517,1,YERLİ,31.35,Kısmi teslim,H,Kalite onaylı,2227.2998,30,2024,4,16
H00008,320.01.0004,IRS24701726,2024-05-28,2000,2,20.8461,1,YERLİ,31.8667,Numune kabul,H,Kalite onaylı,1308.3313,90,2024,5,22
H00008,320.01.0025,IRS24701727,2024-05-11,250,0.25,19.08,1,YERLİ,31.8667,Numune kabul,E,,149.686,60,2024,5,19
H00014,320.01.0025,IRS24701728,2024-04-26,250,0.25,88.5944,1,YERLİ,31.35,Numune kabul,H,,706.4944,0,2024,4,17
D00012,320.01.0016,IRS24701730,2024-05-02,5000,5000,155.4699,1,İTHAL,31.8667,Numune kabul,E,Kalite onaylı,24393.7872,45,2024,5,18
H00006,320.01.0001,IRS24701731,2024-07-16,120,0.12,104.6825,1,YERLİ,32.9,İthalat dosyası,H,Şartlı kabul,381.8207,0,2024,7,29
H00012,320.01.0001,IRS24701732,2024-05-05,1000,1000,93.9391,1,YERLİ,31.8667,Sevk irsaliyesi,E,Kalite onaylı,2947.8766,0,2024,5,18
D00011,320.01.0037,IRS24701733,2024-04-29,10000,10000,78.5927,1,YERLİ,31.35,Sevk irsaliyesi,H,,25069.4418,60,2024,4,18
D00008,320.01.0005,IRS24701734,2024-05-30,250,250,323.8333,1,İTHAL,31.8667,Sevk irsaliyesi,H,Şartlı kabul,2540.5306,30,2024,5,22
D00008,320.01.0005,IRS24701735,2024-05-23,120,120,329.2091,1,İTHAL,31.8667,Sevk irsaliyesi,E,Şartlı kabul,1239.6982,60,2024,5,21
H00002,320.01.0016,IRS24701736,2024-07-05,10000,10,90.6977,1,İTHAL,32.9,Mal kabul,E,Şartlı kabul,27567.69,0,2024,7,27
D00004,320.01.0016,IRS24701737,2024-04-15,120,120,24.2849,1,İTHAL,31.35,Numune kabul,H,Kalite onaylı,92.9566,30,2024,4,16
D00010,320.01.0001,IRS24701738,2024-05-02,250,250,325.4223,1,YERLİ,31.8667,İthalat dosyası,E,Kalite onaylı,2552.9965,45,2024,5,18
D00009,320.01.0008,IRS24701739,2024-04-30,500,500,67.6496,1,YERLİ,31.35,Kısmi teslim,E,,1078.941,60,2024,4,18
D00003,320.01.0045,IRS24701740,2024-05-01,250,250,246.94,1,YERLİ,31.8667,Kısmi teslim,H,Kalite onaylı,1937.2888,30,2024,5,18
H00010,320.01.0045,IRS24701741,2024-05-16,500,0.5,26.3779,1,YERLİ,31.8667,İthalat dosyası,H,Kalite onaylı,413.8788,0,2024,5,20
H00005,320.01.0023,IRS24701742,2024-05-07,250,0.25,52.2041,1,YERLİ,31.8667,Numune kabul,H,Kalite onaylı,409.5506,90,2024,5,19
D00003,320.01.0023,IRS24701743,2024-06-18,1000,1000,271.871,1,YERLİ,32.3833,İthalat dosyası,H,Kalite onaylı,8395.4075,90,2024,6,25
H00005,320.01.0023,IRS24701744,2024-05-06,10000,10,50.7898,1,YERLİ,31.8667,İthalat dosyası,H,Kalite onaylı,15938.2051,45,2024,5,19
D00007,320.01.0049,IRS24701745,2024-05-30,5000,5000,116.1868,1,YERLİ,31.8667,Mal kabul,H,,18230.1274,0,2024,5,22
H00013,320.01.0049,IRS24701746,2024-05-18,250,250,55.3375,1,YERLİ,31.8667,Kısmi teslim,E,,434.1327,45,2024,5,20
H00006,320.01.0011,IRS24701747,2024-07-15,1000,1,97.497,1,YERLİ,32.9,Numune kabul,H,Kalite onaylı,2963.4347,30,2024,7,29
H00016,320.01.0011,IRS24701748,2024-07-07,250,250,48.4774,1,YERLİ,32.9,İthalat dosyası,E,,368.3693,60,2024,7,27
D00002,320.01.0011,IRS24701749,2024-05-28,5000,5000,158.2231,1,YERLİ,31.8667,Numune kabul,H,,24825.7742,30,2024,5,22
D00009,320.01.0001,IRS24701750,2024-04-29,5000,5000,70.9225,1,YERLİ,31.35,Sevk irsaliyesi,E,,11311.4035,90,2024,4,18
D00010,320.01.0018,IRS24701751,2024-04-28,2000,2000,334.0839,1,İTHAL,31.35,Numune kabul,H,Kalite onaylı,21313.1675,90,2024,4,17
H00006,320.01.0018,IRS24701752,2024-05-23,2000,2,104.6443,1,İTHAL,31.8667,Mal kabul,H,Kalite onaylı,6567.627,0,2024,5,21
D00010,320.01.0018,IRS24701753,2024-04-24,5000,5000,277.0981,1,İTHAL,31.35,Sevk irsaliyesi,E,Şartlı kabul,44194.2743,90,2024,4,17
H00008,320.01.0008,IRS24701754,2024-04-29,10000,10,19.5664,1,YERLİ,31.35,Numune kabul,E,Kalite onaylı,6241.2759,30,2024,4,18
D00002,320.01.0008,IRS24701755,2024-05-28,250,250,149.5866,1,YERLİ,31.8667,Numune kabul,E,Şartlı kabul,1173.5338,30,2024,5,22
H00014,320.01.0008,IRS24701756,2024-05-19,120,0.12,78.0468,1,YERLİ,31.8667,Mal kabul,E,Kalite onaylı,293.8998,60,2024,5,20
D00012,320.01.0005,IRS24701757,2024-05-04,5000,5000,166.438,1,İTHAL,31.8667,İthalat dosyası,H,,26114.7216,30,2024,5,18
H00004,320.01.0001,IRS24701758,2024-04-30,5000,5,22.6274,1,YERLİ,31.35,İthalat dosyası,E,Kalite onaylı,3608.8357,90,2024,4,18
H00011,320.01.0001,IRS24701759,2024-07-15,120,0.12,57.709,1,YERLİ,32.9,Mal kabul,H,Kalite onaylı,210.4888,45,2024,7,29
H00007,320.01.0041,IRS24701760,2024-04-27,1000,1,106.3704,1,YERLİ,31.35,Numune kabul,H,Kalite onaylı,3392.9952,0,2024,4,17
D00003,320.01.0006,IRS24701761,2024-05-29,500,500,256.9581,1,YERLİ,31.8667,Numune kabul,E,Şartlı kabul,4031.7651,30,2024,5,22
H00008,320.01.0001,IRS24701762,2024-07-16,5000,5,18.9082,1,YERLİ,32.9,Mal kabul,H,Şartlı kabul,2873.5866,45,2024,7,29
D00001,320.01.0002,IRS24701763,2024-06-09,250,250,243.2945,1,YERLİ,32.3833,Mal kabul,H,Kalite onaylı,1878.2405,45,2024,6,23
D00005,320.01.0002,IRS24701764,2024-07-13,10000,10000,289.1928,1,YERLİ,32.9,Kısmi teslim,E,Şartlı kabul,87900.5471,60,2024,7,28
H00016,320.01.0004,IRS24701765,2024-05-17,120,120,40.373,1,YERLİ,31.8667,İthalat dosyası,H,,152.0321,45,2024,5,20
H00005,320.01.0004,IRS24701766,2024-06-21,1000,1,48.3655,1,YERLİ,32.3833,Kısmi teslim,E,Kalite onaylı,1493.5322,60,2024,6,25
H00009,320.01.0004,IRS24701767,2024-05-15,1000,1,18.3725,1,YERLİ,31.8667,Kısmi teslim,E,,576.5423,60,2024,5,20
D00008,320.01.0019,IRS24701768,2024-07-19,120,120,296.4506,1,YERLİ,32.9,Numune kabul,H,Kalite onaylı,1081.2788,0,2024,7,29
D00002,320.01.0048,IRS24701769,2024-05-22,1000,1000,155.8588,1,YERLİ,31.8667,Numune kabul,H,Kalite onaylı,4890.9614,45,2024,5,21
H00010,320.01.0001,IRS24701770,2024-06-06,5000,5,26.6418,1,YERLİ,32.3833,Sevk irsaliyesi,E,Kalite onaylı,4113.5091,45,2024,6,23
H00007,320.01.0001,IRS24701771,2024-05-12,5000,5,88.8546,1,YERLİ,31.8667,Numune kabul,H,,13941.6068,60,2024,5,19
D00011,320.01.0001,IRS24701772,2024-06-05,5000,5000,67.8514,1,YERLİ,32.3833,Sevk irsaliyesi,E,Kalite onaylı,10476.2949,60,2024,6,23
D00011,320.01.0009,IRS24701773,2024-05-11,1000,1000,67.0655,1,İTHAL,31.8667,Numune kabul,H,Şartlı kabul,2104.5637,90,2024,5,19
H00004,320.01.0009,IRS24701774,2024-04-29,120,0.12,22.9476,1,İTHAL,31.35,Numune kabul,H,,87.8377,90,2024,4,18
D00007,320.01.0009,IRS24701775,2024-04-29,250,250,128.261,1,İTHAL,31.35,Numune kabul,H,,1022.815,0,2024,4,18
D00004,320.01.0037,IRS24701776,2024-07-23,1000,1000,23.7665,1,YERLİ,32.9,Kısmi teslim,H,,722.386,30,2024,7,30
H00003,320.01.0037,IRS24701777,2024-07-28,5000,5,35.5773,1,YERLİ,32.9,Numune kabul,E,Kalite onaylı,5406.8845,60,2024,7,30
H00013,320.01.0015,IRS24701778,2024-05-01,500,500,49.2174,1,İTHAL,31.8667,Numune kabul,H,Şartlı kabul,772.2387,0,2024,5,18
H00001,320.01.0015,IRS24701779,2024-05-09,250,0.25,45.3643,1,İTHAL,31.8667,Sevk irsaliyesi,H,,355.8911,60,2024,5,19
H00014,320.01.0008,IRS24701780,2024-07-26,120,0.12,87.7956,1,YERLİ,32.9,Mal kabul,H,Kalite onaylı,320.2271,45,2024,7,30
D00002,320.01.0008,IRS24701781,2024-07-20,250,250,160.0548,1,YERLİ,32.9,Sevk irsaliyesi,H,Kalite onaylı,1216.2219,60,2024,7,29
H00011,320.01.0003,IRS24701782,2024-07-29,120,0.12,54.8413,1,YERLİ,32.9,Sevk irsaliyesi,H,,200.0291,60,2024,7,31
H00011,320.01.0003,IRS24701783,2024-07-27,120,0.12,51.9985,1,YERLİ,32.9,Numune kabul,E,Şartlı kabul,189.6602,45,2024,7,30
H00005,320.01.0009,IRS24701784,2024-05-10,10000,10,54.6816,1,İTHAL,31.8667,İthalat dosyası,E,Kalite onaylı,17159.48,30,2024,5,19
H00012,320.01.0021,IRS24701785,2024-06-04,250,250,102.0544,1,İTHAL,32.3833,Kısmi teslim,E,Şartlı kabul,787.8629,45,2024,6,23
H00010,320.01.0021,IRS24701786,2024-05-20,5000,5,25.8637,1,İTHAL,31.8667,Sevk irsaliyesi,E,Kalite onaylı,4058.1077,30,2024,5,21
D00003,320.01.0021,IRS24701787,2024-07-25,1000,1000,255.9957,1,İTHAL,32.9,İthalat dosyası,E,,7781.0243,30,2024,7,30
D00010,320.01.0007,IRS24701788,2024-05-04,120,120,342.3484,1,İTHAL,31.8667,Kısmi teslim,E,Kalite onaylı,1289.1767,60,2024,5,18
D00008,320.01.0007,IRS24701789,2024-07-28,5000,5000,306.256,1,İTHAL,32.9,Numune kabul,H,,46543.465,30,2024,7,30
H00016,320.01.0007,IRS24701790,2024-06-01,500,500,44.8457,1,İTHAL,32.3833,İthalat dosyası,E,Şartlı kabul,692.4202,60,2024,6,22
H00011,320.01.0019,IRS24701791,2024-05-03,500,0.5,51.3671,1,YERLİ,31.8667,Mal kabul,H,,805.9683,30,2024,5,18
H00014,320.01.0001,IRS24701792,2024-06-30,2000,2,90.9052,1,YERLİ,32.3833,Sevk irsaliyesi,H,Şartlı kabul,5614.3259,45,2024,6,26
H00013,320.01.0001,IRS24701793,2024-05-21,500,500,58.1335,1,YERLİ,31.8667,Kısmi teslim,H,,912.1356,0,2024,5,21
H00013,320.01.0004,IRS24701794,2024-05-26,1000,1000,51.0255,1,YERLİ,31.8667,Sevk irsaliyesi,H,Kalite onaylı,1601.2169,30,2024,5,21
H00012,320.01.0008,IRS24701795,2024-06-09,120,120,87.6882,1,YERLİ,32.3833,İthalat dosyası,H,Şartlı kabul,324.9386,60,2024,6,23
H00016,320.01.0008,IRS24701796,2024-05-20,5000,5000,42.284,1,YERLİ,31.8667,İthalat dosyası,H,Şartlı kabul,6634.5119,90,2024,5,21
H00004,320.01.0025,IRS24701797,2024-05-14,250,0.25,21.4245,1,YERLİ,31.8667,Kısmi teslim,E,Kalite onaylı,168.0791,0,2024,5,20
H00015,320.01.0025,IRS24701798,2024-05-24,250,0.25,25.548,1,YERLİ,31.8667,Kısmi teslim,H,Şartlı kabul,200.4287,0,2024,5,21
D00010,320.01.0012,IRS24701799,2024-05-11,2000,2000,282.9905,1,YERLİ,31.8667,Sevk irsaliyesi,E,,17760.8915,0,2024,5,19
D00005,320.01.0001,IRS24701800,2024-06-11,5000,5000,279.7121,1,YERLİ,32.3833,İthalat dosyası,E,Kalite onaylı,43187.7079,90,2024,6,24
D00003,320.01.0028,IRS24701801,2024-08-01,1000,1000,265.1342,1,YERLİ,33.35,Numune kabul,E,,7950.051,0,2024,8,31
D00008,320.01.0028,IRS24701802,2024-07-28,10000,10000,325.0778,1,YERLİ,32.9,Kısmi teslim,H,,98807.8419,45,2024,7,30
H00007,320.01.0028,IRS24701803,2024-05-19,500,0.5,102.0342,1,YERLİ,31.8667,Mal kabul,E,Kalite onaylı,1600.9533,45,2024,5,20
D00005,320.01.0046,IRS24701804,2024-07-30,60,60,268.8585,1,YERLİ,32.9,İthalat dosyası,H,Şartlı kabul,490.3195,0,2024,7,31
H00011,320.01.0046,IRS24701805,2024-06-10,250,0.25,49.8006,1,YERLİ,32.3833,Kısmi teslim,E,Kalite onaylı,384.4621,90,2024,6,24
H00001,320.01.0051,IRS24701806,2024-05-29,5000,5,53.391,1,YERLİ,31.8667,Kısmi teslim,E,Şartlı kabul,8377.2402,60,2024,5,22
H00006,320.01.0051,IRS24701807,2024-06-28,5000,5,104.5079,1,YERLİ,32.3833,Kısmi teslim,H,Kalite onaylı,16136.0794,60,2024,6,26
H00003,320.01.0005,IRS24701808,2024-07-07,5000,5,28.5248,1,İTHAL,32.9,Numune kabul,H,,4335.076,30,2024,7,27
D00010,320.01.0045,IRS24701809,2024-05-08,250,250,347.7982,1,YERLİ,31.8667,İthalat dosyası,E,,2728.5395,60,2024,5,19
D00001,320.01.0019,IRS24701810,2024-05-14,10000,10000,263.3839,1,YERLİ,31.8667,Sevk irsaliyesi,H,Kalite onaylı,82651.765,0,2024,5,20
H00008,320.01.0048,IRS24701811,2024-05-21,2000,2,21.1886,1,YERLİ,31.8667,Kısmi teslim,H,Kalite onaylı,1329.8271,90,2024,5,21
H00010,320.01.0048,IRS24701812,2024-05-23,250,0.25,26.4191,1,YERLİ,31.8667,Numune kabul,E,Şartlı kabul,207.2626,60,2024,5,21
H00005,320.01.0001,IRS24701813,2024-06-02,1000,1,49.0239,1,YERLİ,32.3833,Sevk irsaliyesi,E,,1513.8636,45,2024,6,22
D00004,320.01.0007,IRS24701815,2024-06-25,120,120,24.7932,1,İTHAL,32.3833,İthalat dosyası,E,,91.874,60,2024,6,26
H00010,320.01.0008,IRS24701816,2024-05-27,125,0.125,24.7441,1,YERLİ,31.8667,Sevk irsaliyesi,H,,97.061,30,2024,5,22
H00013,320.01.0001,IRS24701817,2024-08-02,250,250,54.0872,1,YERLİ,33.35,Kısmi teslim,H,Kalite onaylı,405.4513,30,2024,8,31
H00007,320.01.0001,IRS24701818,2024-06-04,120,0.12,103.4963,1,YERLİ,32.3833,Kısmi teslim,H,,383.5173,30,2024,6,23
H00010,320.01.0001,IRS24701819,2024-06-30,250,0.25,25.4087,1,YERLİ,32.3833,Sevk irsaliyesi,H,Şartlı kabul,196.1559,45,2024,6,26
H00010,320.01.0003,IRS24701820,2024-06-06,2000,2,21.627,1,YERLİ,32.3833,İthalat dosyası,H,Kalite onaylı,1335.6885,60,2024,6,23
H00012,320.01.0006,IRS24701821,2024-06-18,120,120,102.6467,1,YERLİ,32.3833,Mal kabul,H,,380.369,30,2024,6,25
H00012,320.01.0006,IRS24701822,2024-05-09,500,500,86.0029,1,YERLİ,31.8667,Mal kabul,E,Kalite onaylı,1349.4165,60,2024,5,19
H00011,320.01.0052,IRS24701823,2024-05-21,500,0.5,55.1133,1,YERLİ,31.8667,Sevk irsaliyesi,E,Kalite onaylı,864.7475,90,2024,5,21
H00015,320.01.0004,IRS24701824,2024-08-09,5000,5,27.9324,1,YERLİ,33.35,Sevk irsaliyesi,H,,4187.7661,60,2024,8,32
D00010,320.01.0004,IRS24701825,2024-07-03,250,250,282.1182,1,YERLİ,32.9,Kısmi teslim,E,Şartlı kabul,2143.7553,0,2024,7,27
D00002,320.01.0019,IRS24701826,2024-08-06,1000,1000,161.4783,1,YERLİ,33.35,Numune kabul,E,Kalite onaylı,4841.928,90,2024,8,32
H00011,320.01.0001,IRS24701827,2024-07-05,250,0.25,48.2159,1,YERLİ,32.9,Numune kabul,H,,366.3822,30,2024,7,27
D00002,320.01.0024,IRS24701828,2024-07-02,500,500,162.2501,1,YERLİ,32.9,İthalat dosyası,H,,2465.807,30,2024,7,27
H00004,320.01.0001,IRS24701829,2024-06-08,120,0.12,20.6868,1,YERLİ,32.3833,Sevk irsaliyesi,H,,76.6573,60,2024,6,23
H00001,320.01.0001,IRS24701830,2024-06-02,5000,5,50.5853,1,YERLİ,32.3833,Numune kabul,H,,7810.3992,30,2024,6,22
H00014,320.01.0001,IRS24701831,2024-05-24,2000,2,96.4215,1,YERLİ,31.8667,İthalat dosyası,E,Şartlı kabul,6051.5522,45,2024,5,21
D00001,320.01.0001,IRS24701832,2024-06-29,2000,2000,290.6833,1,YERLİ,32.3833,Numune kabul,E,Kalite onaylı,17952.667,30,2024,6,26
H00010,320.01.0004,IRS24701834,2024-06-18,500,0.5,26.6675,1,YERLİ,32.3833,İthalat dosyası,E,Kalite onaylı,411.7477,45,2024,6,25
D00009,320.01.0004,IRS24701835,2024-05-24,10000,10000,65.7169,1,YERLİ,31.8667,İthalat dosyası,H,,20622.4366,90,2024,5,21
H00004,320.01.0003,IRS24701836,2024-06-27,1000,1,21.7246,1,YERLİ,32.3833,Mal kabul,H,,670.8581,30,2024,6,26
D00006,320.01.0003,IRS24701837,2024-06-27,5000,5000,164.7762,1,YERLİ,32.3833,Numune kabul,H,,25441.5393,30,2024,6,26
D00012,320.01.0010,IRS24701838,2024-08-18,5000,5000,143.1769,1,YERLİ,33.35,Numune kabul,H,Şartlı kabul,21465.8021,30,2024,8,33
H00004,320.01.0010,IRS24701839,2024-05-21,2000,2,22.2689,1,YERLİ,31.8667,Kısmi teslim,H,Şartlı kabul,1397.6282,60,2024,5,21
H00002,320.01.0002,IRS24701840,2024-05-20,10000,10,98.49,1,YERLİ,31.8667,Mal kabul,H,Kalite onaylı,30906.8714,30,2024,5,21
H00013,320.01.0007,IRS24701842,2024-08-13,10000,10000,50.5548,1,İTHAL,33.35,Sevk irsaliyesi,E,Şartlı kabul,15158.8606,30,2024,8,33
D00010,320.01.0005,IRS24701843,2024-05-24,500,500,287.1732,1,İTHAL,31.8667,İthalat dosyası,E,Kalite onaylı,4505.8509,60,2024,5,21
H00016,320.01.0005,IRS24701844,2024-05-30,500,500,42.0909,1,İTHAL,31.8667,Mal kabul,E,,660.4214,60,2024,5,22
H00003,320.01.0018,IRS24701845,2024-08-16,5000,5,32.2672,1,İTHAL,33.35,Kısmi teslim,H,,4837.6612,30,2024,8,33
D00003,320.01.0018,IRS24701846,2024-06-25,500,500,267.775,1,İTHAL,32.3833,İthalat dosyası,H,,4134.4613,0,2024,6,26
H00011,320.01.0003,IRS24701847,2024-06-10,10000,10,54.6959,1,YERLİ,32.3833,Mal kabul,E,Kalite onaylı,16890.1563,30,2024,6,24
H00004,320.01.0007,IRS24701848,2024-06-29,2000,2,21.5067,1,İTHAL,32.3833,Numune kabul,E,,1328.2587,90,2024,6,26
H00009,320.01.0037,IRS24701849,2024-06-11,1000,1,22.3862,1,YERLİ,32.3833,Mal kabul,E,,691.2884,0,2024,6,24
D00008,320.01.0037,IRS24701850,2024-05-31,500,500,333.1052,1,YERLİ,31.8667,İthalat dosyası,H,Şartlı kabul,5226.5406,45,2024,5,22
D00003,320.01.0001,IRS24701851,2024-06-25,120,120,289.1441,1,YERLİ,32.3833,Sevk irsaliyesi,H,Kalite onaylı,1071.4563,0,2024,6,26
H00016,320.01.0024,IRS24701852,2024-08-12,10000,10000,49.2514,1,YERLİ,33.35,Sevk irsaliyesi,H,Şartlı kabul,14768.036,45,2024,8,33
H00010,320.01.0024,IRS24701853,2024-06-13,10000,10,22.7309,1,YERLİ,32.3833,İthalat dosyası,E,Kalite onaylı,7019.3279,90,2024,6,24
D00009,320.01.0024,IRS24701854,2024-06-12,120,120,61.7744,1,YERLİ,32.3833,Numune kabul,E,Kalite onaylı,228.9121,0,2024,6,24
H00007,320.01.0017,IRS24701855,2024-06-01,2000,2,105.0092,1,YERLİ,32.3833,Mal kabul,E,Kalite onaylı,6485.3922,60,2024,6,22
H00015,320.01.0031,IRS24701856,2024-07-10,120,0.12,26.1318,1,YERLİ,32.9,Mal kabul,H,,95.3136,0,2024,7,28
D00005,320.01.0031,IRS24701857,2024-05-21,250,250,244.0923,1,YERLİ,31.8667,İthalat dosyası,E,Kalite onaylı,1914.948,0,2024,5,21
H00013,320.01.0003,IRS24701858,2024-08-11,1000,1000,58.94,1,YERLİ,33.35,İthalat dosyası,H,,1767.3163,30,2024,8,32
D00009,320.01.0003,IRS24701859,2024-06-05,5000,5000,59.1852,1,YERLİ,32.3833,Kısmi teslim,E,Şartlı kabul,9138.2287,30,2024,6,23
H00015,320.01.0001,IRS24701860,2024-06-06,2000,2,26.3986,1,YERLİ,32.3833,Kısmi teslim,H,Şartlı kabul,1630.3836,60,2024,6,23
H00015,320.01.0009,IRS24701861,2024-08-16,1000,1,25.5381,1,İTHAL,33.35,Kısmi teslim,H,Kalite onaylı,765.7601,60,2024,8,33
H00002,320.01.0009,IRS24701862,2024-06-14,1000,1,101.2431,1,İTHAL,32.3833,Sevk irsaliyesi,H,,3126.3985,30,2024,6,24
D00005,320.01.0017,IRS24701864,2024-07-04,120,120,246.7047,1,YERLİ,32.9,Mal kabul,E,Kalite onaylı,899.8348,60,2024,7,27
H00004,320.01.0001,IRS24701865,2024-08-10,10000,10,23.8021,1,YERLİ,33.35,Kısmi teslim,E,,7137.0615,0,2024,8,32
H00014,320.01.0001,IRS24701866,2024-07-18,1000,1,91.0574,1,YERLİ,32.9,İthalat dosyası,E,Şartlı kabul,2767.7021,45,2024,7,29
D00004,320.01.0001,IRS24701867,2024-07-23,5000,5000,22.7425,1,YERLİ,32.9,İthalat dosyası,H,,3456.307,0,2024,7,30
D00007,320.01.0001,IRS24701868,2024-05-31,120,120,120.1671,1,YERLİ,31.8667,İthalat dosyası,H,Kalite onaylı,452.5116,30,2024,5,22
D00001,320.01.0001,IRS24701869,2024-08-23,10000,10000,288.2376,1,YERLİ,33.35,Numune kabul,E,,86428.066,0,2024,8,34
H00011,320.01.0001,IRS24701870,2024-06-12,250,0.25,53.1836,1,YERLİ,32.3833,İthalat dosyası,H,Kalite onaylı,410.5789,90,2024,6,24
H00006,320.01.0001,IRS24701871,2024-08-19,10000,10,107.1528,1,YERLİ,33.35,Sevk irsaliyesi,E,Şartlı kabul,32129.7751,90,2024,8,34
H00004,320.01.0001,IRS24701872,2024-08-24,250,0.25,21.4202,1,YERLİ,33.35,Mal kabul,E,Şartlı kabul,160.5712,60,2024,8,34
D00002,320.01.0001,IRS24701873,2024-07-03,250,250,141.58,1,YERLİ,32.9,Sevk irsaliyesi,E,Kalite onaylı,1075.8359,45,2024,7,27
D00002,320.01.0050,IRS24701874,2024-06-14,120,120,143.7465,1,YERLİ,32.3833,Sevk irsaliyesi,H,Şartlı kabul,532.669,90,2024,6,24
H00015,320.01.0050,IRS24701875,2024-06-20,1000,1,28.4911,1,YERLİ,32.3833,Numune kabul,E,,879.8084,45,2024,6,25
D00012,320.01.0001,IRS24701876,2024-06-04,5000,5000,169.4718,1,YERLİ,32.3833,Sevk irsaliyesi,E,Şartlı kabul,26166.5426,90,2024,6,23
D00009,320.01.0001,IRS24701877,2024-08-25,250,250,64.2634,1,YERLİ,33.35,Sevk irsaliyesi,E,Kalite onaylı,481.7346,30,2024,8,34
H00002,320.01.0015,IRS24701878,2024-06-08,5000,5,92.4928,1,İTHAL,32.3833,Mal kabul,H,Şartlı kabul,14280.9411,0,2024,6,23
D00007,320.01.0015,IRS24701879,2024-06-26,1000,1000,117.9833,1,İTHAL,32.3833,Kısmi teslim,H,Kalite onaylı,3643.3378,45,2024,6,26
H00009,320.01.0008,IRS24701880,2024-05-31,1000,1,18.8942,1,YERLİ,31.8667,Numune kabul,H,Şartlı kabul,592.9136,0,2024,5,22
D00012,320.01.0003,IRS24701881,2024-06-09,500,500,154.1159,1,YERLİ,32.3833,İthalat dosyası,H,Şartlı kabul,2379.5583,60,2024,6,23
H00016,320.01.0001,IRS24701882,2024-08-16,2000,2000,42.1085,1,YERLİ,33.35,Mal kabul,H,Şartlı kabul,2525.2474,45,2024,8,33
D00005,320.01.0001,IRS24701883,2024-08-29,2000,2000,253.3173,1,YERLİ,33.35,Numune kabul,H,Şartlı kabul,15191.4423,45,2024,8,35
H00010,320.01.0024,IRS24701884,2024-06-10,10000,10,25.1833,1,YERLİ,32.3833,Mal kabul,H,Şartlı kabul,7776.6318,0,2024,6,24
H00006,320.01.0002,IRS24701885,2024-07-28,2000,2,103.5205,1,YERLİ,32.9,Kısmi teslim,E,Kalite onaylı,6293.0395,60,2024,7,30
H00016,320.01.0030,IRS24701886,2024-08-30,5000,5000,47.3876,1,YERLİ,33.35,Sevk irsaliyesi,H,Kalite onaylı,7104.5877,90,2024,8,35
H00013,320.01.0030,IRS24701887,2024-06-22,500,500,50.6779,1,YERLİ,32.3833,İthalat dosyası,H,Şartlı kabul,782.4697,0,2024,6,25
D00008,320.01.0045,IRS24701888,2024-06-13,120,120,316.9571,1,YERLİ,32.3833,Numune kabul,H,Kalite onaylı,1174.5206,45,2024,6,24
D00012,320.01.0045,IRS24701889,2024-07-13,2000,2000,154.3711,1,YERLİ,32.9,Numune kabul,H,,9384.2614,45,2024,7,28
H00010,320.01.0045,IRS24701890,2024-08-26,120,0.12,22.9086,1,YERLİ,33.35,Kısmi teslim,H,Kalite onaylı,82.4297,30,2024,8,35
D00002,320.01.0050,IRS24701891,2024-07-17,10000,10000,135.4612,1,YERLİ,32.9,Numune kabul,E,Şartlı kabul,41173.617,60,2024,7,29
H00013,320.01.0003,IRS24701892,2024-07-13,5000,5000,56.43,1,YERLİ,32.9,İthalat dosyası,E,Şartlı kabul,8575.9878,0,2024,7,28
D00006,320.01.0003,IRS24701893,2024-07-25,500,500,193.9321,1,YERLİ,32.9,Numune kabul,H,Şartlı kabul,2947.2964,30,2024,7,30
H00006,320.01.0003,IRS24701894,2024-07-26,1000,1,92.4044,1,YERLİ,32.9,Mal kabul,H,Kalite onaylı,2808.6444,60,2024,7,30
H00006,320.01.0003,IRS24701896,2024-07-22,5000,5,96.0075,1,YERLİ,32.9,Kısmi teslim,H,,14590.8055,0,2024,7,30
H00016,320.01.0003,IRS24701897,2024-06-07,1000,1000,42.4643,1,YERLİ,32.3833,Numune kabul,E,Kalite onaylı,1311.3024,45,2024,6,23
D00006,320.01.0032,IRS24701898,2024-06-26,1000,1000,157.0557,1,YERLİ,32.3833,Numune kabul,E,Şartlı kabul,4849.8979,30,2024,6,26
H00012,320.01.0001,IRS24701899,2024-07-17,250,250,87.0298,1,YERLİ,32.9,İthalat dosyası,E,Şartlı kabul,661.3207,90,2024,7,29
D00008,320.01.0001,IRS24701900,2024-06-06,10000,10000,346.0736,1,YERLİ,32.3833,Sevk irsaliyesi,E,,106867.9227,60,2024,6,23
H00001,320.01.0006,IRS24701901,2024-08-07,120,0.12,53.9462,1,YERLİ,33.35,Numune kabul,E,Kalite onaylı,194.1093,60,2024,8,32
H00015,320.01.0006,IRS24701902,2024-08-04,120,0.12,24.9095,1,YERLİ,33.35,İthalat dosyası,E,Kalite onaylı,89.6294,0,2024,8,31
H00015,320.01.0001,IRS24701903,2024-08-25,5000,5,27.6157,1,YERLİ,33.35,Sevk irsaliyesi,H,Şartlı kabul,4140.2849,90,2024,8,34
H00012,320.01.0001,IRS24701904,2024-06-14,500,500,86.2634,1,YERLİ,32.3833,Kısmi teslim,H,Şartlı kabul,1331.9118,45,2024,6,24
H00009,320.01.0019,IRS24701905,2024-06-04,5000,5,20.9461,1,YERLİ,32.3833,Numune kabul,E,Şartlı kabul,3234.0898,0,2024,6,23
D00001,320.01.0010,IRS24701906,2024-06-29,2000,2000,262.2522,1,YERLİ,32.3833,Kısmi teslim,E,,16196.7557,45,2024,6,26
H00013,320.01.0012,IRS24701907,2024-07-08,2000,2000,58.4087,1,YERLİ,32.9,İthalat dosyası,E,,3550.6809,45,2024,7,28
H00009,320.01.0021,IRS24701908,2024-06-30,120,0.12,20.3146,1,İTHAL,32.3833,Kısmi teslim,E,Kalite onaylı,75.2781,90,2024,6,26
H00012,320.01.0044,IRS24701909,2024-07-25,1000,1000,88.0385,1,YERLİ,32.9,Numune kabul,H,Kalite onaylı,2675.9422,0,2024,7,30
D00011,320.01.0006,IRS24701910,2024-06-20,500,500,69.0756,1,YERLİ,32.3833,Mal kabul,H,Şartlı kabul,1066.5312,0,2024,6,25
H00011,320.01.0003,IRS24701911,2024-07-25,2500,2.5,52.8939,1,YERLİ,32.9,Mal kabul,H,Şartlı kabul,4019.2933,0,2024,7,30
D00002,320.01.0003,IRS24701912,2024-06-11,120,120,142.7977,1,YERLİ,32.3833,Numune kabul,E,Şartlı kabul,529.1531,60,2024,6,24
D00009,320.01.0028,IRS24701914,2024-06-16,5000,5000,61.5479,1,YERLİ,32.3833,Sevk irsaliyesi,E,Şartlı kabul,9503.0309,30,2024,6,24
D00003,320.01.0028,IRS24701915,2024-06-23,120,120,270.3216,1,YERLİ,32.3833,İthalat dosyası,E,Şartlı kabul,1001.7074,0,2024,6,25
D00005,320.01.0028,IRS24701916,2024-07-27,10000,10000,286.7147,1,YERLİ,32.9,Numune kabul,H,Kalite onaylı,87147.3252,90,2024,7,30
H00012,320.01.0003,IRS24701917,2024-09-08,2000,2000,107.3163,1,YERLİ,33.8,Numune kabul,H,Kalite onaylı,6350.0769,30,2024,9,36
H00009,320.01.0002,IRS24701918,2024-06-17,120,0.12,21.3122,1,YERLİ,32.3833,Numune kabul,E,,78.9748,0,2024,6,25
H00001,320.01.0029,IRS24701919,2024-06-21,500,0.5,45.0209,1,İTHAL,32.3833,Sevk irsaliyesi,E,Şartlı kabul,695.1253,45,2024,6,25
H00014,320.01.0029,IRS24701920,2024-07-09,10000,10,77.1841,1,İTHAL,32.9,Mal kabul,H,Şartlı kabul,23460.2128,60,2024,7,28
H00011,320.01.0049,IRS24701921,2024-07-06,500,0.5,59.0646,1,YERLİ,32.9,İthalat dosyası,H,,897.6383,90,2024,7,27
D00011,320.01.0003,IRS24701922,2024-07-13,2000,2000,68.4725,1,YERLİ,32.9,Kısmi teslim,H,,4162.462,45,2024,7,28
D00008,320.01.0003,IRS24701923,2024-08-01,500,500,309.7124,1,YERLİ,33.35,Numune kabul,H,Kalite onaylı,4643.3643,60,2024,8,31
D00006,320.01.0003,IRS24701926,2024-06-25,10000,10000,164.6442,1,YERLİ,32.3833,Mal kabul,H,Şartlı kabul,50842.3169,30,2024,6,26
H00010,320.01.0003,IRS24701927,2024-07-25,120,0.12,25.4208,1,YERLİ,32.9,İthalat dosyası,E,Şartlı kabul,92.7202,45,2024,7,30
H00009,320.01.0032,IRS24701928,2024-08-14,2000,2,20.2696,1,YERLİ,33.35,Mal kabul,E,Kalite onaylı,1215.5682,30,2024,8,33
H00003,320.01.0003,IRS24701929,2024-07-04,2000,2,33.3281,1,YERLİ,32.9,Numune kabul,H,,2026.0243,45,2024,7,27
D00008,320.01.0034,IRS24701930,2024-07-12,5000,5000,362.6442,1,İTHAL,32.9,Kısmi teslim,E,,55113.1003,30,2024,7,28
H00009,320.01.0034,IRS24701931,2024-08-17,1000,1,19.2461,1,İTHAL,33.35,İthalat dosyası,H,Kalite onaylı,577.0945,0,2024,8,33
H00002,320.01.0034,IRS24701932,2024-06-22,5000,5,95.0157,1,İTHAL,32.3833,Kısmi teslim,E,Kalite onaylı,14670.4783,60,2024,6,25
H00006,320.01.0003,IRS24701933,2024-08-02,1000,1,106.5654,1,YERLİ,33.35,İthalat dosyası,H,,3195.3643,90,2024,8,31
H00005,320.01.0016,IRS24701934,2024-08-13,500,0.5,54.6621,1,İTHAL,33.35,Numune kabul,E,Kalite onaylı,819.5217,60,2024,8,33
H00015,320.01.0016,IRS24701935,2024-06-29,250,0.25,23.9909,1,İTHAL,32.3833,Kısmi teslim,E,,185.2104,90,2024,6,26
H00003,320.01.0016,IRS24701936,2024-08-17,120,0.12,34.3996,1,İTHAL,33.35,Kısmi teslim,H,Kalite onaylı,123.7767,30,2024,8,33
D00006,320.01.0035,IRS24701937,2024-06-13,2000,2000,167.7618,1,YERLİ,32.3833,Sevk irsaliyesi,E,Kalite onaylı,10361.0071,30,2024,6,24
H00005,320.01.0035,IRS24701938,2024-06-24,500,0.5,44.4729,1,YERLİ,32.3833,Numune kabul,E,Kalite onaylı,686.6641,90,2024,6,26
H00002,320.01.0001,IRS24701939,2024-06-22,1000,1,90.8834,1,YERLİ,32.3833,Mal kabul,E,Kalite onaylı,2806.4898,60,2024,6,25
H00007,320.01.0001,IRS24701940,2024-07-08,5000,5,110.1903,1,YERLİ,32.9,İthalat dosyası,E,Kalite onaylı,16746.2462,45,2024,7,28
D00004,320.01.0023,IRS24701941,2024-07-16,1000,1000,20.4711,1,YERLİ,32.9,Sevk irsaliyesi,E,Şartlı kabul,622.2219,0,2024,7,29
H00002,320.01.0023,IRS24701942,2024-07-08,120,0.12,94.8945,1,YERLİ,32.9,Mal kabul,E,Kalite onaylı,346.1198,0,2024,7,28
H00011,320.01.0045,IRS24701943,2024-08-19,120,0.12,57.8252,1,YERLİ,33.35,İthalat dosyası,E,,208.0667,45,2024,8,34
D00011,320.01.0045,IRS24701944,2024-07-07,1000,1000,75.299,1,YERLİ,32.9,Numune kabul,H,Şartlı kabul,2288.7234,45,2024,7,27
D00007,320.01.0002,IRS24701945,2024-08-13,10000,10000,132.6062,1,YERLİ,33.35,Numune kabul,H,Kalite onaylı,39761.979,45,2024,8,33
H00013,320.01.0001,IRS24701946,2024-07-20,10000,10000,52.4322,1,YERLİ,32.9,Kısmi teslim,H,Kalite onaylı,15936.8389,90,2024,7,29
H00014,320.01.0001,IRS24701947,2024-07-13,1000,1,98.216,1,YERLİ,32.9,Mal kabul,H,Kalite onaylı,2985.2888,90,2024,7,28
H00014,320.01.0001,IRS24701948,2024-06-24,120,0.12,77.0028,1,YERLİ,32.3833,Mal kabul,H,,285.3426,90,2024,6,26
H00016,320.01.0026,IRS24701949,2024-08-16,250,250,44.4336,1,YERLİ,33.35,Numune kabul,H,,333.0855,45,2024,8,33
D00001,320.01.0026,IRS24701950,2024-07-09,2000,2000,285.6864,1,YERLİ,32.9,Sevk irsaliyesi,H,Şartlı kabul,17366.9544,45,2024,7,28
D00009,320.01.0024,IRS24701951,2024-07-31,5000,5000,69.438,1,YERLİ,32.9,Numune kabul,H,Şartlı kabul,10552.8875,45,2024,7,31
D00006,320.01.0024,IRS24701952,2024-07-04,1000,1000,195.5179,1,YERLİ,32.9,Sevk irsaliyesi,H,Şartlı kabul,5942.7933,30,2024,7,27
H00013,320.01.0015,IRS24701953,2024-07-04,500,500,58.6041,1,İTHAL,32.9,İthalat dosyası,E,,890.6398,45,2024,7,27
H00003,320.01.0015,IRS24701954,2024-06-20,250,0.25,34.1002,1,İTHAL,32.3833,Mal kabul,E,Kalite onaylı,263.2545,30,2024,6,25
H00016,320.01.0004,IRS24701955,2024-08-02,250,250,44.3406,1,YERLİ,33.35,Kısmi teslim,H,,332.3883,90,2024,8,31
D00009,320.01.0004,IRS24701956,2024-06-28,1000,1000,60.2749,1,YERLİ,32.3833,Numune kabul,E,Kalite onaylı,1861.2958,60,2024,6,26
D00001,320.01.0003,IRS24701957,2024-07-13,250,250,279.3657,1,YERLİ,32.9,İthalat dosyası,E,,2122.8397,45,2024,7,28
H00015,320.01.0007,IRS24701959,2024-06-25,2000,2,28.3412,1,İTHAL,32.3833,Sevk irsaliyesi,E,Şartlı kabul,1750.359,30,2024,6,26
H00012,320.01.0007,IRS24701960,2024-06-25,10000,10000,99.5545,1,İTHAL,32.3833,İthalat dosyası,H,,30742.5432,30,2024,6,26
H00010,320.01.0051,IRS24701961,2024-07-28,120,0.12,22.3074,1,YERLİ,32.9,Numune kabul,E,Kalite onaylı,81.3644,45,2024,7,30
H00005,320.01.0003,IRS24701962,2024-07-08,120,0.12,56.0092,1,YERLİ,32.9,Mal kabul,E,Şartlı kabul,204.2889,30,2024,7,28
H00010,320.01.0015,IRS24701963,2024-07-31,1000,1,24.6135,1,İTHAL,32.9,Sevk irsaliyesi,H,Kalite onaylı,748.1307,60,2024,7,31
H00011,320.01.0001,IRS24701964,2024-07-26,500,0.5,59.9645,1,YERLİ,32.9,Numune kabul,E,,911.3146,30,2024,7,30
H00009,320.01.0001,IRS24701965,2024-08-24,10000,10,20.3576,1,YERLİ,33.35,Numune kabul,E,,6104.2279,45,2024,8,34
D00011,320.01.0001,IRS24701966,2024-07-10,250,250,69.1887,1,YERLİ,32.9,Mal kabul,E,,525.75,30,2024,7,28
H00016,320.01.0001,IRS24701968,2024-06-30,500,500,42.0899,1,YERLİ,32.3833,İthalat dosyası,H,,649.8705,0,2024,6,26
H00003,320.01.0030,IRS24701969,2024-06-25,5000,5,34.7541,1,YERLİ,32.3833,Numune kabul,H,Şartlı kabul,5366.0529,45,2024,6,26
D00004,320.01.0030,IRS24701970,2024-09-18,5000,5000,23.4286,1,YERLİ,33.8,Sevk irsaliyesi,E,,3465.7692,30,2024,9,38
H00008,320.01.0030,IRS24701971,2024-08-14,120,0.12,20.5398,1,YERLİ,33.35,Mal kabul,H,Şartlı kabul,73.9063,60,2024,8,33
H00013,320.01.0003,IRS24701972,2024-07-24,2000,2000,53.7148,1,YERLİ,32.9,Mal kabul,H,,3265.3374,90,2024,7,30
H00013,320.01.0047,IRS24701973,2024-07-19,2000,2000,58.4339,1,YERLİ,32.9,Numune kabul,E,Kalite onaylı,3552.2128,60,2024,7,29
H00010,320.01.0047,IRS24701974,2024-07-05,2000,2,28.4359,1,YERLİ,32.9,Sevk irsaliyesi,E,Şartlı kabul,1728.6261,90,2024,7,27
H00014,320.01.0047,IRS24701975,2024-07-19,500,0.5,80.1636,1,YERLİ,32.9,Mal kabul,E,Şartlı kabul,1218.2918,45,2024,7,29
D00006,320.01.0002,IRS24701976,2024-09-14,1000,1000,183.4268,1,YERLİ,33.8,Numune kabul,H,Kalite onaylı,5426.8284,60,2024,9,37
H00005,320.01.0002,IRS24701977,2024-07-17,5000,5,50.2826,1,YERLİ,32.9,Sevk irsaliyesi,E,Şartlı kabul,7641.7325,45,2024,7,29
H00016,320.01.0002,IRS24701978,2024-06-30,2000,2000,44.7837,1,YERLİ,32.3833,Numune kabul,H,Şartlı kabul,2765.8515,0,2024,6,26
H00001,320.01.0017,IRS24701979,2024-08-14,250,0.25,51.1568,1,YERLİ,33.35,Sevk irsaliyesi,E,Şartlı kabul,383.4843,0,2024,8,33
D00003,320.01.0017,IRS24701980,2024-07-05,5000,5000,298.5532,1,YERLİ,32.9,Numune kabul,E,Kalite onaylı,45372.8267,90,2024,7,27
H00006,320.01.0011,IRS24701981,2024-06-30,10000,10,111.4744,1,YERLİ,32.3833,Sevk irsaliyesi,E,Kalite onaylı,34423.4219,30,2024,6,26
H00008,320.01.0011,IRS24701982,2024-07-15,250,0.25,20.2064,1,YERLİ,32.9,Kısmi teslim,H,Şartlı kabul,153.5441,45,2024,7,29
H00004,320.01.0008,IRS24701983,2024-07-08,1000,1,23.6222,1,YERLİ,32.9,İthalat dosyası,E,Şartlı kabul,718,60,2024,7,28
H00001,320.01.0008,IRS24701984,2024-09-15,5000,5,49.7037,1,YERLİ,33.8,İthalat dosyası,E,Şartlı kabul,7352.6183,90,2024,9,37
H00010,320.01.0008,IRS24701985,2024-07-18,500,0.5,25.0134,1,YERLİ,32.9,Sevk irsaliyesi,H,Kalite onaylı,380.1429,30,2024,7,29
H00004,320.01.0014,IRS24701986,2024-07-10,2000,2,21.7598,1,YERLİ,32.9,Sevk irsaliyesi,H,Şartlı kabul,1322.7842,0,2024,7,28
D00002,320.01.0002,IRS24701987,2024-07-09,500,500,166.4461,1,YERLİ,32.9,Kısmi teslim,H,Kalite onaylı,2529.576,0,2024,7,28
H00004,320.01.0002,IRS24701988,2024-07-04,5000,5,20.8238,1,YERLİ,32.9,Sevk irsaliyesi,H,,3164.7112,45,2024,7,27
H00004,320.01.0017,IRS24701989,2024-07-31,2000,2,21.4741,1,YERLİ,32.9,Sevk irsaliyesi,E,Kalite onaylı,1305.4164,60,2024,7,31
D00007,320.01.0002,IRS24701990,2024-07-18,120,120,117.659,1,YERLİ,32.9,Numune kabul,H,,429.1514,90,2024,7,29
H00009,320.01.0003,IRS24701991,2024-09-15,500,0.5,23.1099,1,YERLİ,33.8,Mal kabul,H,Kalite onaylı,341.8624,90,2024,9,37
D00007,320.01.0020,IRS24701992,2024-07-17,120,120,117.3313,1,YERLİ,32.9,Kısmi teslim,H,Kalite onaylı,427.9561,90,2024,7,29
H00006,320.01.0020,IRS24701993,2024-06-28,250,0.25,106.7936,1,YERLİ,32.3833,İthalat dosyası,H,Kalite onaylı,824.4496,60,2024,6,26
D00006,320.01.0020,IRS24701994,2024-07-17,5000,5000,169.4037,1,YERLİ,32.9,Sevk irsaliyesi,H,Şartlı kabul,25745.2432,30,2024,7,29
H00005,320.01.0004,IRS24701995,2024-07-23,250,0.25,55.8993,1,YERLİ,32.9,Kısmi teslim,H,Şartlı kabul,424.7667,0,2024,7,30
H00003,320.01.0004,IRS24701996,2024-07-25,500,0.5,32.3086,1,YERLİ,32.9,Sevk irsaliyesi,H,Şartlı kabul,491.0122,0,2024,7,30
D00012,320.01.0018,IRS24701997,2024-06-28,250,250,164.5666,1,İTHAL,32.3833,Mal kabul,E,Kalite onaylı,1270.4588,45,2024,6,26
H00007,320.01.0020,IRS24701998,2024-08-31,1000,1,96.7806,1,YERLİ,33.35,Mal kabul,E,Şartlı kabul,2901.967,45,2024,8,35
H00015,320.01.0028,IRS24701999,2024-09-20,5000,5,26.3409,1,YERLİ,33.8,Mal kabul,H,,3896.5828,45,2024,9,38
D00011,320.01.0028,IRS24702000,2024-07-23,500,500,73.9455,1,YERLİ,32.9,Kısmi teslim,H,,1123.7918,0,2024,7,30
H00015,320.01.0028,IRS24702001,2024-08-29,2000,2,23.7874,1,YERLİ,33.35,İthalat dosyası,H,Kalite onaylı,1426.5307,0,2024,8,35
D00005,320.01.0012,IRS24702002,2024-08-06,1000,1000,296.4504,1,YERLİ,33.35,İthalat dosyası,E,Kalite onaylı,8889.0675,60,2024,8,32
H00009,320.01.0012,IRS24702003,2024-09-19,120,0.12,19.5483,1,YERLİ,33.8,İthalat dosyası,H,,69.4022,0,2024,9,38
H00010,320.01.0012,IRS24702004,2024-07-13,10000,10,23.1174,1,YERLİ,32.9,Kısmi teslim,E,Kalite onaylı,7026.5653,0,2024,7,28
D00005,320.01.0031,IRS24702005,2024-07-27,2000,2000,276.6573,1,YERLİ,32.9,Numune kabul,H,,16818.0729,90,2024,7,30
D00010,320.01.0009,IRS24702007,2024-09-29,1000,1000,332.2675,1,İTHAL,33.8,İthalat dosyası,E,,9830.3994,0,2024,9,39
D00010,320.01.0004,IRS24702008,2024-07-06,500,500,342.9317,1,YERLİ,32.9,Numune kabul,E,Şartlı kabul,5211.728,0,2024,7,27
D00002,320.01.0022,IRS24702009,2024-07-11,10000,10000,138.6555,1,İTHAL,32.9,Kısmi teslim,E,Kalite onaylı,42144.5289,60,2024,7,28
H00005,320.01.0022,IRS24702010,2024-07-07,120,0.12,55.9316,1,İTHAL,32.9,Mal kabul,E,Kalite onaylı,204.0058,30,2024,7,27
H00008,320.01.0002,IRS24702011,2024-07-22,10000,10,19.3872,1,YERLİ,32.9,Numune kabul,E,Kalite onaylı,5892.766,30,2024,7,30
D00012,320.01.0002,IRS24702012,2024-07-11,1000,1000,157.1747,1,YERLİ,32.9,Mal kabul,E,,4777.3465,60,2024,7,28
H00010,320.01.0002,IRS24702013,2024-09-27,10000,10,25.0818,1,YERLİ,33.8,İthalat dosyası,E,Şartlı kabul,7420.6509,90,2024,9,39
H00004,320.01.0003,IRS24702014,2024-08-14,500,0.5,24.1485,1,YERLİ,33.35,Numune kabul,H,,362.0465,60,2024,8,33
D00005,320.01.0003,IRS24702015,2024-07-22,5000,5000,263.7703,1,YERLİ,32.9,Numune kabul,E,,40086.6717,60,2024,7,30
H00010,320.01.0004,IRS24702016,2024-08-10,120,0.12,23.6791,1,YERLİ,33.35,Mal kabul,H,Kalite onaylı,85.2022,90,2024,8,32
H00003,320.01.0020,IRS24702017,2024-07-23,250,0.25,36.2703,1,YERLİ,32.9,İthalat dosyası,H,Kalite onaylı,275.6102,90,2024,7,30
D00012,320.01.0020,IRS24702018,2024-07-15,10000,10000,143.5985,1,YERLİ,32.9,Mal kabul,H,Şartlı kabul,43646.9605,45,2024,7,29
H00008,320.01.0002,IRS24702019,2024-08-01,5000,5,19.9968,1,YERLİ,33.35,Numune kabul,E,,2998.021,30,2024,8,31
H00015,320.01.0002,IRS24702020,2024-07-16,10000,10,26.2617,1,YERLİ,32.9,Mal kabul,E,Kalite onaylı,7982.2796,30,2024,7,29
H00002,320.01.0002,IRS24702021,2024-07-24,120,0.12,104.656,1,YERLİ,32.9,Kısmi teslim,E,Şartlı kabul,381.724,30,2024,7,30
H00014,320.01.0033,IRS24702022,2024-09-02,2000,2,96.4669,1,YERLİ,33.8,Sevk irsaliyesi,H,,5708.1006,30,2024,9,36
D00007,320.01.0033,IRS24702023,2024-10-05,120,120,115.3432,1,YERLİ,34.25,Numune kabul,H,Kalite onaylı,404.1222,90,2024,10,40
H00004,320.01.0048,IRS24702025,2024-07-30,5000,5,20.8409,1,YERLİ,32.9,İthalat dosyası,H,Şartlı kabul,3167.31,0,2024,7,31
H00011,320.01.0048,IRS24702026,2024-07-30,2000,2,53.0726,1,YERLİ,32.9,Sevk irsaliyesi,E,Şartlı kabul,3226.2979,30,2024,7,31
H00015,320.01.0048,IRS24702027,2024-09-03,2000,2,23.9838,1,YERLİ,33.8,Kısmi teslim,E,Şartlı kabul,1419.1598,45,2024,9,36
H00015,320.01.0016,IRS24702028,2024-07-13,1000,1,25.8261,1,İTHAL,32.9,Numune kabul,E,Şartlı kabul,784.9878,0,2024,7,28
H00011,320.01.0016,IRS24702029,2024-07-25,500,0.5,54.3928,1,İTHAL,32.9,Numune kabul,H,Şartlı kabul,826.6383,90,2024,7,30
D00005,320.01.0008,IRS24702030,2024-07-13,1000,1000,295.6652,1,YERLİ,32.9,Sevk irsaliyesi,E,Kalite onaylı,8986.7842,60,2024,7,28
H00001,320.01.0008,IRS24702031,2024-07-12,10000,10,51.4253,1,YERLİ,32.9,Mal kabul,H,,15630.7903,90,2024,7,28
D00005,320.01.0001,IRS24702032,2024-08-01,2000,2000,305.2539,1,YERLİ,33.35,Mal kabul,E,Kalite onaylı,18306.081,45,2024,8,31
D00006,320.01.0008,IRS24702033,2024-07-09,120,120,156.1397,1,YERLİ,32.9,Kısmi teslim,H,Şartlı kabul,569.5065,30,2024,7,28
H00003,320.01.0021,IRS24702034,2024-07-28,2000,2,32.1265,1,İTHAL,32.9,Mal kabul,H,Kalite onaylı,1952.9787,45,2024,7,30
D00010,320.01.0021,IRS24702035,2024-07-17,2000,2000,336.4947,1,İTHAL,32.9,Numune kabul,H,Şartlı kabul,20455.6049,60,2024,7,29
H00007,320.01.0006,IRS24702036,2024-08-06,250,0.25,103.742,1,YERLİ,33.35,Sevk irsaliyesi,H,Şartlı kabul,777.6762,60,2024,8,32
D00001,320.01.0006,IRS24702037,2024-07-28,500,500,291.6738,1,YERLİ,32.9,Kısmi teslim,H,,4432.7325,30,2024,7,30
H00010,320.01.0006,IRS24702038,2024-07-26,1000,1,26.4219,1,YERLİ,32.9,İthalat dosyası,H,Kalite onaylı,803.0973,60,2024,7,30
H00010,320.01.0033,IRS24702039,2024-08-24,2000,2,24.6913,1,YERLİ,33.35,İthalat dosyası,E,,1480.7376,30,2024,8,34
D00005,320.01.0033,IRS24702040,2024-07-15,250,250,312.612,1,YERLİ,32.9,Numune kabul,H,,2375.4711,90,2024,7,29
D00002,320.01.0033,IRS24702041,2024-07-23,120,120,151.3569,1,YERLİ,32.9,Numune kabul,H,,552.0616,60,2024,7,30
H00004,320.01.0010,IRS24702042,2024-09-10,2000,2,24.6013,1,YERLİ,33.8,İthalat dosyası,E,Şartlı kabul,1455.6982,90,2024,9,37
D00011,320.01.0006,IRS24702043,2024-10-01,10000,10000,72.1345,1,YERLİ,34.25,Numune kabul,H,Şartlı kabul,21061.1679,90,2024,10,40
D00004,320.01.0006,IRS24702044,2024-08-15,10000,10000,22.5653,1,YERLİ,33.35,Numune kabul,E,Şartlı kabul,6766.2069,30,2024,8,33
H00004,320.01.0006,IRS24702045,2024-07-29,250,0.25,23.617,1,YERLİ,32.9,Sevk irsaliyesi,E,Kalite onaylı,179.4605,60,2024,7,31
D00005,320.01.0001,IRS24702046,2024-09-28,250,250,278.5646,1,YERLİ,33.8,Mal kabul,E,Şartlı kabul,2060.3891,45,2024,9,39
H00010,320.01.0001,IRS24702047,2024-07-31,120,0.12,28.7864,1,YERLİ,32.9,Sevk irsaliyesi,E,,104.996,90,2024,7,31
H00008,320.01.0001,IRS24702048,2024-08-30,5000,5,20.7461,1,YERLİ,33.35,Numune kabul,E,,3110.3598,60,2024,8,35
H00012,320.01.0010,IRS24702049,2024-07-16,500,500,88.5415,1,YERLİ,32.9,Numune kabul,H,Şartlı kabul,1345.6155,45,2024,7,29
H00014,320.01.0010,IRS24702050,2024-08-03,5000,5,92.0363,1,YERLİ,33.35,Kısmi teslim,H,Şartlı kabul,13798.5457,60,2024,8,31
D00004,320.01.0003,IRS24702051,2024-08-30,5000,5000,25.0225,1,YERLİ,33.35,Sevk irsaliyesi,H,,3751.4993,0,2024,8,35
H00016,320.01.0002,IRS24702052,2024-08-02,250,250,43.2547,1,YERLİ,33.35,İthalat dosyası,E,,324.2481,30,2024,8,31
H00015,320.01.0002,IRS24702053,2024-08-05,5000,5,27.7066,1,YERLİ,33.35,Sevk irsaliyesi,H,Kalite onaylı,4153.913,60,2024,8,32
D00002,320.01.0003,IRS24702054,2024-08-28,250,250,169.3365,1,YERLİ,33.35,İthalat dosyası,H,,1269.3891,0,2024,8,35
D00008,320.01.0003,IRS24702055,2024-07-21,1000,1000,312.8102,1,YERLİ,32.9,Kısmi teslim,H,Şartlı kabul,9507.9088,45,2024,7,29
D00009,320.01.0003,IRS24702056,2024-07-11,5000,5000,75.8237,1,YERLİ,32.9,İthalat dosyası,H,,11523.3587,45,2024,7,28
H00004,320.01.0003,IRS24702057,2024-07-31,1000,1,24.3905,1,YERLİ,32.9,Kısmi teslim,E,Kalite onaylı,741.3526,0,2024,7,31
H00006,320.01.0049,IRS24702059,2024-08-19,5000,5,103.2151,1,YERLİ,33.35,Sevk irsaliyesi,H,Kalite onaylı,15474.5277,0,2024,8,34
D00001,320.01.0049,IRS24702060,2024-08-05,250,250,267.3226,1,YERLİ,33.35,Kısmi teslim,E,Şartlı kabul,2003.9175,45,2024,8,32
D00008,320.01.0002,IRS24702061,2024-09-13,10000,10000,296.4193,1,YERLİ,33.8,Sevk irsaliyesi,H,Kalite onaylı,87698.0178,90,2024,9,37
H00012,320.01.0001,IRS24702062,2024-07-28,1000,1000,98.3501,1,YERLİ,32.9,İthalat dosyası,H,Şartlı kabul,2989.3647,45,2024,7,30
H00013,320.01.0001,IRS24702063,2024-08-25,1000,1000,51.1754,1,YERLİ,33.35,Kısmi teslim,E,,1534.4948,90,2024,8,34
H00003,320.01.0035,IRS24702064,2024-08-06,250,0.25,33.4822,1,YERLİ,33.35,Mal kabul,E,Kalite onaylı,250.991,0,2024,8,32
D00008,320.01.0035,IRS24702065,2024-08-31,10000,10000,307.1972,1,YERLİ,33.35,Kısmi teslim,E,,92113.1034,90,2024,8,35
H00009,320.01.0035,IRS24702066,2024-07-17,10000,10,21.5996,1,YERLİ,32.9,Sevk irsaliyesi,H,Şartlı kabul,6565.228,0,2024,7,29
H00009,320.01.0007,IRS24702067,2024-07-25,2000,2,23.8016,1,İTHAL,32.9,Kısmi teslim,E,Şartlı kabul,1446.9058,45,2024,7,30
D00005,320.01.0014,IRS24702068,2024-10-12,2000,2000,293.93,1,YERLİ,34.25,Kısmi teslim,H,Şartlı kabul,17163.7956,90,2024,10,41
H00010,320.01.0014,IRS24702069,2024-08-28,250,0.25,23.4068,1,YERLİ,33.35,Sevk irsaliyesi,H,Kalite onaylı,175.4633,45,2024,8,35
H00003,320.01.0014,IRS24702070,2024-07-30,10000,10,31.096,1,YERLİ,32.9,Numune kabul,H,Şartlı kabul,9451.6717,60,2024,7,31
H00003,320.01.0002,IRS24702071,2024-08-11,2000,2,35.4654,1,YERLİ,33.35,Numune kabul,H,,2126.8606,90,2024,8,32
H00012,320.01.0002,IRS24702072,2024-07-29,500,500,97.739,1,YERLİ,32.9,Mal kabul,H,Şartlı kabul,1485.3951,60,2024,7,31
H00002,320.01.0002,IRS24702073,2024-08-13,1000,1,106.9336,1,YERLİ,33.35,Numune kabul,H,Kalite onaylı,3206.4048,60,2024,8,33
H00008,320.01.0028,IRS24702074,2024-07-30,120,0.12,23.3712,1,YERLİ,32.9,İthalat dosyası,H,Kalite onaylı,85.2445,0,2024,7,31
H00008,320.01.0028,IRS24702075,2024-09-07,1000,1,20.5659,1,YERLİ,33.8,Kısmi teslim,E,Şartlı kabul,608.4586,45,2024,9,36
H00005,320.01.0025,IRS24702076,2024-10-10,2000,2,48.9837,1,YERLİ,34.25,Numune kabul,E,,2860.362,30,2024,10,41
H00016,320.01.0025,IRS24702077,2024-07-24,120,120,49.8224,1,YERLİ,32.9,Sevk irsaliyesi,E,Şartlı kabul,181.723,0,2024,7,30
H00013,320.01.0025,IRS24702078,2024-07-20,5000,5000,53.9536,1,YERLİ,32.9,İthalat dosyası,H,,8199.6353,0,2024,7,29
D00003,320.01.0014,IRS24702079,2024-10-09,1000,1000,285.0029,1,YERLİ,34.25,Mal kabul,E,Kalite onaylı,8321.2526,30,2024,10,41
D00004,320.01.0001,IRS24702080,2024-08-08,5000,5000,22.4701,1,YERLİ,33.35,İthalat dosyası,E,Şartlı kabul,3368.8306,90,2024,8,32
H00015,320.01.0001,IRS24702081,2024-08-07,1000,1,24.0051,1,YERLİ,33.35,İthalat dosyası,E,Şartlı kabul,719.7931,90,2024,8,32
D00001,320.01.0001,IRS24702082,2024-10-12,500,500,322.0464,1,YERLİ,34.25,Kısmi teslim,H,Kalite onaylı,4701.4073,60,2024,10,41
H00015,320.01.0005,IRS24702083,2024-08-25,1000,1,25.7013,1,İTHAL,33.35,Sevk irsaliyesi,E,Şartlı kabul,770.6537,60,2024,8,34
H00016,320.01.0006,IRS24702084,2024-09-04,120,120,48.778,1,YERLİ,33.8,Mal kabul,H,Şartlı kabul,173.1763,90,2024,9,36
H00007,320.01.0021,IRS24702085,2024-09-19,250,0.25,104.3148,1,İTHAL,33.8,Mal kabul,H,,771.5592,60,2024,9,38
D00004,320.01.0001,IRS24702087,2024-10-20,500,500,22.9513,1,YERLİ,34.25,İthalat dosyası,E,Kalite onaylı,335.0555,90,2024,10,42
D00011,320.01.0048,IRS24702088,2024-08-05,500,500,74.2976,1,YERLİ,33.35,Sevk irsaliyesi,E,Şartlı kabul,1113.907,30,2024,8,32
D00001,320.01.0048,IRS24702089,2024-08-13,500,500,257.0997,1,YERLİ,33.35,Sevk irsaliyesi,H,Kalite onaylı,3854.5682,30,2024,8,33
D00007,320.01.0005,IRS24702090,2024-09-13,500,500,145.8084,1,İTHAL,33.8,Kısmi teslim,E,Şartlı kabul,2156.929,0,2024,9,37
D00012,320.01.0008,IRS24702091,2024-09-19,1000,1000,145.7513,1,YERLİ,33.8,Kısmi teslim,H,Kalite onaylı,4312.1686,45,2024,9,38
D00004,320.01.0008,IRS24702092,2024-08-08,120,120,25.1454,1,YERLİ,33.35,Kısmi teslim,H,Şartlı kabul,90.4782,90,2024,8,32
H00013,320.01.0004,IRS24702093,2024-08-08,500,500,61.3252,1,YERLİ,33.35,Sevk irsaliyesi,H,Şartlı kabul,919.4183,90,2024,8,32
H00008,320.01.0004,IRS24702094,2024-09-01,5000,5,22.3847,1,YERLİ,33.8,Numune kabul,H,Şartlı kabul,3311.3462,60,2024,9,35
H00003,320.01.0042,IRS24702095,2024-09-27,1000,1,36.0247,1,YERLİ,33.8,Mal kabul,H,,1065.8195,0,2024,9,39
H00014,320.01.0042,IRS24702096,2024-08-21,2000,2,86.5243,1,YERLİ,33.35,Sevk irsaliyesi,E,,5188.8636,45,2024,8,34
D00003,320.01.0042,IRS24702097,2024-09-22,500,500,281.7133,1,YERLİ,33.8,Numune kabul,E,Şartlı kabul,4167.3565,90,2024,9,38
H00013,320.01.0045,IRS24702098,2024-08-08,120,120,50.2973,1,YERLİ,33.35,Kısmi teslim,E,Şartlı kabul,180.9798,30,2024,8,32
H00006,320.01.0045,IRS24702099,2024-08-08,250,0.25,110.1401,1,YERLİ,33.35,Numune kabul,E,Kalite onaylı,825.6379,45,2024,8,32
D00012,320.01.0045,IRS24702100,2024-07-31,2000,2000,168.6529,1,YERLİ,32.9,Mal kabul,H,,10252.4559,90,2024,7,31
D00007,320.01.0009,IRS24702101,2024-08-03,120,120,133.4518,1,İTHAL,33.35,Mal kabul,H,Şartlı kabul,480.1864,45,2024,8,31
H00001,320.01.0009,IRS24702102,2024-08-02,5000,5,57.1212,1,İTHAL,33.35,Sevk irsaliyesi,E,Kalite onaylı,8563.8981,45,2024,8,31
D00002,320.01.0001,IRS24702103,2024-08-07,10000,10000,149.3855,1,YERLİ,33.35,İthalat dosyası,E,Şartlı kabul,44793.2534,45,2024,8,32
H00008,320.01.0001,IRS24702104,2024-08-02,250,0.25,18.9375,1,YERLİ,33.35,Sevk irsaliyesi,E,Şartlı kabul,141.9603,0,2024,8,31
H00005,320.01.0001,IRS24702105,2024-09-21,120,0.12,51.1497,1,YERLİ,33.8,Mal kabul,E,,181.5966,30,2024,9,38
H00001,320.01.0033,IRS24702106,2024-07-29,2000,2,53.3921,1,YERLİ,32.9,Sevk irsaliyesi,H,Kalite onaylı,3245.7204,30,2024,7,31
H00002,320.01.0004,IRS24702107,2024-10-15,2000,2,86.3494,1,YERLİ,34.25,Numune kabul,E,Kalite onaylı,5042.3007,0,2024,10,42
H00014,320.01.0004,IRS24702108,2024-08-25,1000,1,97.1093,1,YERLİ,33.35,İthalat dosyası,H,Şartlı kabul,2911.8231,45,2024,8,34
H00004,320.01.0004,IRS24702109,2024-09-15,5000,5,24.8119,1,YERLİ,33.8,Kısmi teslim,E,Kalite onaylı,3670.3994,30,2024,9,37
H00003,320.01.0001,IRS24702110,2024-08-03,10000,10,34.2708,1,YERLİ,33.35,Sevk irsaliyesi,H,Kalite onaylı,10276.1019,45,2024,8,31
D00010,320.01.0001,IRS24702111,2024-10-19,120,120,331.5075,1,YERLİ,34.25,Sevk irsaliyesi,E,Şartlı kabul,1161.4861,60,2024,10,42
D00004,320.01.0046,IRS24702112,2024-10-28,250,250,20.7058,1,YERLİ,34.25,Sevk irsaliyesi,E,Kalite onaylı,151.1372,30,2024,10,44
H00013,320.01.0038,IRS24702113,2024-10-28,250,250,49.5504,1,YERLİ,34.25,Sevk irsaliyesi,H,Şartlı kabul,361.6818,60,2024,10,44
H00003,320.01.0038,IRS24702114,2024-08-13,120,0.12,30.2258,1,YERLİ,33.35,Numune kabul,E,,108.7585,90,2024,8,33
H00012,320.01.0019,IRS24702115,2024-09-25,10000,10000,90.5476,1,YERLİ,33.8,İthalat dosyası,E,Kalite onaylı,26789.2308,45,2024,9,39
H00005,320.01.0038,IRS24702116,2024-08-23,1000,1,56.6875,1,YERLİ,33.35,İthalat dosyası,H,Kalite onaylı,1699.7751,30,2024,8,34
H00015,320.01.0038,IRS24702117,2024-09-01,250,0.25,27.1727,1,YERLİ,33.8,Sevk irsaliyesi,H,Şartlı kabul,200.9815,0,2024,9,35
H00005,320.01.0003,IRS24702118,2024-07-30,2000,2,47.7661,1,YERLİ,32.9,İthalat dosyası,E,Şartlı kabul,2903.7143,60,2024,7,31
D00003,320.01.0003,IRS24702119,2024-08-18,2000,2000,280.312,1,YERLİ,33.35,Kısmi teslim,H,Kalite onaylı,16810.3148,90,2024,8,33
H00012,320.01.0012,IRS24702120,2024-08-15,120,120,102.7568,1,YERLİ,33.35,İthalat dosyası,H,,369.7396,90,2024,8,33
H00008,320.01.0012,IRS24702121,2024-08-17,5000,5,20.7401,1,YERLİ,33.35,Numune kabul,E,Kalite onaylı,3109.4603,30,2024,8,33
D00010,320.01.0003,IRS24702122,2024-08-10,1000,1000,329.4128,1,YERLİ,33.35,İthalat dosyası,H,Kalite onaylı,9877.4453,0,2024,8,32
H00009,320.01.0003,IRS24702123,2024-08-14,120,0.12,21.9695,1,YERLİ,33.35,Mal kabul,H,Kalite onaylı,79.0507,45,2024,8,33
D00011,320.01.0004,IRS24702124,2024-09-12,250,250,81.9208,1,YERLİ,33.8,İthalat dosyası,H,Kalite onaylı,605.9231,0,2024,9,37
H00001,320.01.0004,IRS24702125,2024-09-20,500,0.5,49.837,1,YERLİ,33.8,Kısmi teslim,H,,737.2337,90,2024,9,38
D00008,320.01.0041,IRS24702126,2024-08-02,5000,5000,321.1309,1,YERLİ,33.35,Mal kabul,H,Kalite onaylı,48145.5622,45,2024,8,31
D00009,320.01.0001,IRS24702127,2024-08-01,250,250,65.5275,1,YERLİ,33.35,Sevk irsaliyesi,E,Şartlı kabul,491.2106,0,2024,8,31
H00005,320.01.0001,IRS24702128,2024-08-13,120,0.12,49.4521,1,YERLİ,33.35,Mal kabul,H,Kalite onaylı,177.9386,60,2024,8,33
H00011,320.01.0001,IRS24702129,2024-08-21,1000,1,58.8027,1,YERLİ,33.35,İthalat dosyası,H,,1763.1994,30,2024,8,34
D00010,320.01.0006,IRS24702130,2024-08-14,2000,2000,332.009,1,YERLİ,33.35,Numune kabul,E,Kalite onaylı,19910.5847,45,2024,8,33
H00015,320.01.0006,IRS24702131,2024-10-24,500,0.5,27.4191,1,YERLİ,34.25,Kısmi teslim,E,Kalite onaylı,400.2788,30,2024,10,43
H00015,320.01.0005,IRS24702132,2024-08-11,500,0.5,27.2535,1,İTHAL,33.35,Sevk irsaliyesi,E,Şartlı kabul,408.5982,90,2024,8,32
D00011,320.01.0002,IRS24702133,2024-10-27,500,500,71.3047,1,YERLİ,34.25,Kısmi teslim,H,,1040.9445,45,2024,10,43
H00015,320.01.0003,IRS24702134,2024-09-21,1000,1,29.2817,1,YERLİ,33.8,Mal kabul,E,Şartlı kabul,866.3225,90,2024,9,38
D00005,320.01.0003,IRS24702135,2024-09-10,1000,1000,252.2311,1,YERLİ,33.8,İthalat dosyası,H,,7462.4586,45,2024,9,37
D00010,320.01.0004,IRS24702136,2024-09-20,1000,1000,324.5988,1,YERLİ,33.8,İthalat dosyası,H,Kalite onaylı,9603.5148,45,2024,9,38
H00013,320.01.0004,IRS24702137,2024-08-25,5000,5000,60.0894,1,YERLİ,33.35,Kısmi teslim,E,Şartlı kabul,9008.9055,45,2024,8,34
D00009,320.01.0033,IRS24702138,2024-08-16,500,500,67.2435,1,YERLİ,33.35,İthalat dosyası,E,Kalite onaylı,1008.1484,90,2024,8,33
H00015,320.01.0033,IRS24702139,2024-08-22,250,0.25,25.6417,1,YERLİ,33.35,Kısmi teslim,E,Kalite onaylı,192.2166,60,2024,8,34
D00012,320.01.0007,IRS24702140,2024-08-16,10000,10000,140.4347,1,İTHAL,33.35,İthalat dosyası,E,,42109.3553,60,2024,8,33
H00015,320.01.0004,IRS24702141,2024-09-03,10000,10,27.2631,1,YERLİ,33.8,İthalat dosyası,E,Şartlı kabul,8066.0059,45,2024,9,36
D00003,320.01.0004,IRS24702142,2024-09-16,120,120,277.6654,1,YERLİ,33.8,Mal kabul,E,,985.7943,30,2024,9,38
D00009,320.01.0004,IRS24702143,2024-09-25,120,120,77.0391,1,YERLİ,33.8,Sevk irsaliyesi,H,Kalite onaylı,273.5116,90,2024,9,39
D00009,320.01.0003,IRS24702144,2024-11-08,120,120,67.4657,1,YERLİ,34.7,Mal kabul,H,Kalite onaylı,233.3108,0,2024,11,45
D00002,320.01.0003,IRS24702145,2024-10-06,120,120,144.4049,1,YERLİ,34.25,Numune kabul,E,,505.9442,30,2024,10,40
D00009,320.01.0001,IRS24702146,2024-09-14,500,500,77.8532,1,YERLİ,33.8,İthalat dosyası,H,Kalite onaylı,1151.6746,0,2024,9,37
D00012,320.01.0024,IRS24702147,2024-08-13,120,120,158.1784,1,YERLİ,33.35,Mal kabul,E,Şartlı kabul,569.1577,30,2024,8,33
D00003,320.01.0024,IRS24702148,2024-10-07,10000,10000,260.5305,1,YERLİ,34.25,İthalat dosyası,H,Şartlı kabul,76067.2993,45,2024,10,41
H00005,320.01.0016,IRS24702149,2024-10-31,500,0.5,46.1976,1,İTHAL,34.25,Mal kabul,E,Kalite onaylı,674.4175,30,2024,10,44
H00016,320.01.0016,IRS24702150,2024-09-11,5000,5000,46.3053,1,İTHAL,33.8,İthalat dosyası,H,Kalite onaylı,6849.8964,0,2024,9,37
D00004,320.01.0009,IRS24702151,2024-09-01,250,250,26.1302,1,İTHAL,33.8,Mal kabul,E,Şartlı kabul,193.2707,30,2024,9,35
H00009,320.01.0009,IRS24702152,2024-09-02,2000,2,21.732,1,İTHAL,33.8,İthalat dosyası,H,Şartlı kabul,1285.9172,30,2024,9,36
H00001,320.01.0016,IRS24702153,2024-09-11,120,0.12,54.1293,1,İTHAL,33.8,Sevk irsaliyesi,H,Şartlı kabul,192.175,30,2024,9,37
D00007,320.01.0016,IRS24702154,2024-09-12,500,500,140.313,1,İTHAL,33.8,İthalat dosyası,H,Kalite onaylı,2075.6361,30,2024,9,37
D00010,320.01.0020,IRS24702155,2024-08-27,5000,5000,330.224,1,YERLİ,33.35,İthalat dosyası,E,,49508.8456,60,2024,8,35
D00001,320.01.0044,IRS24702156,2024-11-08,250,250,289.712,1,YERLİ,34.7,Kısmi teslim,H,Kalite onaylı,2087.2622,60,2024,11,45
D00009,320.01.0001,IRS24702157,2024-10-09,2000,2000,68.8364,1,YERLİ,34.25,Sevk irsaliyesi,E,Şartlı kabul,4019.6438,90,2024,10,41
H00002,320.01.0001,IRS24702158,2024-08-23,500,0.5,91.9809,1,YERLİ,33.35,Numune kabul,E,Kalite onaylı,1379.024,60,2024,8,34
H00007,320.01.0005,IRS24702160,2024-09-01,2000,2,114.8446,1,İTHAL,33.8,İthalat dosyası,H,,6795.5385,90,2024,9,35
H00005,320.01.0005,IRS24702161,2024-09-03,1000,1,52.6847,1,İTHAL,33.8,Sevk irsaliyesi,E,,1558.7189,90,2024,9,36
D00004,320.01.0005,IRS24702162,2024-09-27,10000,10000,25.1866,1,İTHAL,33.8,Mal kabul,H,Şartlı kabul,7451.6568,90,2024,9,39
D00009,320.01.0019,IRS24702163,2024-09-16,10000,10000,63.4042,1,YERLİ,33.8,Sevk irsaliyesi,E,Şartlı kabul,18758.6391,90,2024,9,38
H00012,320.01.0019,IRS24702164,2024-10-16,500,500,108.6088,1,YERLİ,34.25,Numune kabul,H,Kalite onaylı,1585.5299,90,2024,10,42
H00009,320.01.0019,IRS24702165,2024-09-05,2000,2,23.1995,1,YERLİ,33.8,Sevk irsaliyesi,H,,1372.7515,0,2024,9,36
H00009,320.01.0001,IRS24702166,2024-11-02,250,0.25,24.6757,1,YERLİ,34.7,Sevk irsaliyesi,H,,177.7788,45,2024,11,44
H00013,320.01.0001,IRS24702167,2024-10-14,5000,5000,63.4316,1,YERLİ,34.25,İthalat dosyası,H,,9260.0876,45,2024,10,42
D00001,320.01.0025,IRS24702168,2024-11-11,250,250,305.2823,1,YERLİ,34.7,Kısmi teslim,H,Kalite onaylı,2199.4402,45,2024,11,46
D00003,320.01.0025,IRS24702169,2024-09-18,2000,2000,295.3088,1,YERLİ,33.8,Kısmi teslim,E,,17473.8935,0,2024,9,38
H00016,320.01.0002,IRS24702170,2024-09-08,10000,10000,51.3122,1,YERLİ,33.8,Sevk irsaliyesi,H,,15181.1243,60,2024,9,36
D00002,320.01.0002,IRS24702171,2024-09-19,120,120,163.5338,1,YERLİ,33.8,Mal kabul,H,,580.5934,60,2024,9,38
D00005,320.01.0043,IRS24702172,2024-09-25,5000,5000,283.951,1,YERLİ,33.8,Mal kabul,H,Kalite onaylı,42004.5858,90,2024,9,39
D00010,320.01.0043,IRS24702173,2024-09-16,2000,2000,330.8531,1,YERLİ,33.8,Sevk irsaliyesi,H,Kalite onaylı,19577.1065,90,2024,9,38
H00001,320.01.0005,IRS24702174,2024-09-12,5000,5,56.8633,1,İTHAL,33.8,Numune kabul,H,Şartlı kabul,8411.7308,30,2024,9,37
H00015,320.01.0005,IRS24702175,2024-09-22,2000,2,29.2299,1,İTHAL,33.8,İthalat dosyası,E,,1729.5799,90,2024,9,38
H00012,320.01.0005,IRS24702176,2024-08-25,500,500,105.8549,1,İTHAL,33.35,İthalat dosyası,E,,1587.03,60,2024,8,34
H00013,320.01.0005,IRS24702177,2024-08-26,5000,5000,49.823,1,İTHAL,33.35,İthalat dosyası,H,Kalite onaylı,7469.7151,0,2024,8,35
H00002,320.01.0005,IRS24702178,2024-11-15,500,0.5,97.7501,1,İTHAL,34.7,Sevk irsaliyesi,H,Şartlı kabul,1408.5029,60,2024,11,46
H00016,320.01.0001,IRS24702179,2024-08-23,5000,5000,47.2682,1,YERLİ,33.35,Mal kabul,E,Kalite onaylı,7086.6867,0,2024,8,34
H00004,320.01.0001,IRS24702180,2024-09-11,500,0.5,20.9698,1,YERLİ,33.8,İthalat dosyası,H,,310.2041,30,2024,9,37
H00005,320.01.0001,IRS24702181,2024-09-19,500,0.5,58.2675,1,YERLİ,33.8,Mal kabul,E,Şartlı kabul,861.9453,90,2024,9,38
D00004,320.01.0002,IRS24702182,2024-08-21,2000,2000,23.8771,1,YERLİ,33.35,Kısmi teslim,H,Şartlı kabul,1431.91,0,2024,8,34
D00011,320.01.0020,IRS24702183,2024-09-01,1000,1000,79.4641,1,YERLİ,33.8,Kısmi teslim,E,Şartlı kabul,2351.0089,30,2024,9,35
H00001,320.01.0029,IRS24702184,2024-08-27,1000,1,50.1882,1,İTHAL,33.35,Sevk irsaliyesi,E,Şartlı kabul,1504.8936,30,2024,8,35
D00006,320.01.0029,IRS24702185,2024-11-13,1000,1000,185.9731,1,İTHAL,34.7,Numune kabul,E,,5359.4553,0,2024,11,46
H00005,320.01.0002,IRS24702186,2024-11-17,250,0.25,50.587,1,YERLİ,34.7,İthalat dosyası,E,,364.4597,45,2024,11,46
H00002,320.01.0002,IRS24702187,2024-08-30,120,0.12,90.9525,1,YERLİ,33.35,Mal kabul,H,,327.2654,30,2024,8,35
D00005,320.01.0049,IRS24702188,2024-09-06,250,250,249.9425,1,YERLİ,33.8,Kısmi teslim,E,,1848.6871,60,2024,9,36
H00011,320.01.0049,IRS24702189,2024-08-31,500,0.5,60.4807,1,YERLİ,33.35,Numune kabul,H,,906.7571,0,2024,8,35
H00005,320.01.0008,IRS24702190,2024-09-20,250,0.25,46.0237,1,YERLİ,33.8,Sevk irsaliyesi,H,Kalite onaylı,340.412,60,2024,9,38
D00011,320.01.0020,IRS24702192,2024-08-25,500,500,81.3544,1,YERLİ,33.35,Kısmi teslim,H,Şartlı kabul,1219.7061,60,2024,8,34
D00003,320.01.0020,IRS24702193,2024-11-05,250,250,295.4316,1,YERLİ,34.7,Numune kabul,E,Kalite onaylı,2128.4697,60,2024,11,45
D00002,320.01.0009,IRS24702194,2024-11-20,1000,1000,148.9508,1,İTHAL,34.7,Sevk irsaliyesi,E,Şartlı kabul,4292.5303,0,2024,11,47
H00015,320.01.0010,IRS24702195,2024-10-04,5000,5,25.151,1,YERLİ,34.25,İthalat dosyası,H,Şartlı kabul,3671.6788,90,2024,10,40
H00006,320.01.0010,IRS24702196,2024-09-11,500,0.5,111.3371,1,YERLİ,33.8,Kısmi teslim,H,Şartlı kabul,1646.9985,45,2024,9,37
H00011,320.01.0010,IRS24702197,2024-08-25,120,0.12,49.2425,1,YERLİ,33.35,Sevk irsaliyesi,E,Kalite onaylı,177.1844,30,2024,8,34
H00005,320.01.0002,IRS24702198,2024-10-15,250,0.25,56.5257,1,YERLİ,34.25,Mal kabul,E,Şartlı kabul,412.5964,45,2024,10,42
H00001,320.01.0005,IRS24702199,2024-09-08,250,0.25,48.4193,1,İTHAL,33.8,Mal kabul,H,,358.1309,60,2024,9,36
H00006,320.01.0005,IRS24702200,2024-09-16,2000,2,91.5388,1,İTHAL,33.8,Mal kabul,E,,5416.497,45,2024,9,38
H00001,320.01.0009,IRS24702202,2024-11-24,2000,2,53.773,1,İTHAL,34.7,Kısmi teslim,H,Kalite onaylı,3099.3084,90,2024,11,47
D00001,320.01.0009,IRS24702203,2024-08-27,1000,1000,265.2464,1,İTHAL,33.35,Numune kabul,H,Kalite onaylı,7953.4153,60,2024,8,35
H00012,320.01.0005,IRS24702204,2024-10-08,120,120,105.6877,1,İTHAL,34.25,Numune kabul,H,Kalite onaylı,370.2927,45,2024,10,41
H00001,320.01.0004,IRS24702205,2024-10-22,250,0.25,54.9994,1,YERLİ,34.25,Kısmi teslim,H,Kalite onaylı,401.4555,90,2024,10,43
H00006,320.01.0003,IRS24702207,2024-09-26,500,0.5,96.8753,1,YERLİ,33.8,İthalat dosyası,E,Şartlı kabul,1433.0666,30,2024,9,39
H00008,320.01.0002,IRS24702208,2024-09-15,250,0.25,19.8616,1,YERLİ,33.8,Kısmi teslim,H,Kalite onaylı,146.9053,45,2024,9,37
D00002,320.01.0021,IRS24702209,2024-10-17,5000,5000,138.3954,1,İTHAL,34.25,Numune kabul,E,Şartlı kabul,20203.708,0,2024,10,42
H00003,320.01.0021,IRS24702210,2024-10-23,500,0.5,35.8031,1,İTHAL,34.25,İthalat dosyası,H,Kalite onaylı,522.673,30,2024,10,43
H00012,320.01.0001,IRS24702211,2024-08-27,10000,10000,114.0759,1,YERLİ,33.35,Mal kabul,E,,34205.6672,45,2024,8,35
H00016,320.01.0001,IRS24702212,2024-11-17,10000,10000,51.3096,1,YERLİ,34.7,Kısmi teslim,H,,14786.6282,60,2024,11,46
H00016,320.01.0001,IRS24702213,2024-10-05,250,250,43.6294,1,YERLİ,34.25,Mal kabul,H,,318.4628,90,2024,10,40
H00010,320.01.0004,IRS24702214,2024-09-03,120,0.12,27.3231,1,YERLİ,33.8,Kısmi teslim,H,Kalite onaylı,97.0051,0,2024,9,36
D00011,320.01.0004,IRS24702215,2024-09-17,10000,10000,68.2596,1,YERLİ,33.8,Mal kabul,E,Kalite onaylı,20195.1479,45,2024,9,38
H00002,320.01.0004,IRS24702216,2024-09-04,5000,5,102.8617,1,YERLİ,33.8,Mal kabul,E,Şartlı kabul,15216.2278,30,2024,9,36
D00011,320.01.0010,IRS24702217,2024-09-12,120,120,69.1772,1,YERLİ,33.8,Sevk irsaliyesi,E,Şartlı kabul,245.5995,30,2024,9,37
D00009,320.01.0032,IRS24702218,2024-09-18,2000,2000,78.0436,1,YERLİ,33.8,Kısmi teslim,H,,4617.9645,60,2024,9,38
D00009,320.01.0032,IRS24702219,2024-10-24,500,500,74.8067,1,YERLİ,34.25,Numune kabul,E,Kalite onaylı,1092.0686,0,2024,10,43
H00009,320.01.0042,IRS24702220,2024-09-30,120,0.12,20.19,1,YERLİ,33.8,Sevk irsaliyesi,H,Şartlı kabul,71.6805,30,2024,9,40
D00005,320.01.0042,IRS24702221,2024-11-20,500,500,305.0668,1,YERLİ,34.7,Numune kabul,E,,4395.7752,90,2024,11,47
H00010,320.01.0002,IRS24702222,2024-11-28,1000,1,24.1244,1,YERLİ,34.7,Mal kabul,E,Şartlı kabul,695.2277,0,2024,11,48
H00011,320.01.0002,IRS24702223,2024-10-19,1000,1,51.0357,1,YERLİ,34.25,Mal kabul,E,,1490.0934,60,2024,10,42
H00012,320.01.0024,IRS24702224,2024-10-10,10000,10000,99.1262,1,YERLİ,34.25,Mal kabul,H,Kalite onaylı,28941.9562,45,2024,10,41
D00012,320.01.0002,IRS24702225,2024-09-25,5000,5000,174.6858,1,YERLİ,33.8,İthalat dosyası,H,,25841.0947,45,2024,9,39
D00012,320.01.0016,IRS24702226,2024-09-03,120,120,143.192,1,İTHAL,33.8,Numune kabul,E,,508.374,60,2024,9,36
D00010,320.01.0002,IRS24702227,2024-11-18,120,120,323.9636,1,YERLİ,34.7,Kısmi teslim,E,,1120.3352,45,2024,11,47
D00007,320.01.0013,IRS24702228,2024-11-01,1000,1000,136.4671,1,YERLİ,34.7,Kısmi teslim,H,Şartlı kabul,3932.7695,0,2024,11,44
H00001,320.01.0013,IRS24702229,2024-09-10,10000,10,49.2511,1,YERLİ,33.8,Mal kabul,H,,14571.3314,90,2024,9,37
H00007,320.01.0002,IRS24702230,2024-09-07,5000,5,97.461,1,YERLİ,33.8,İthalat dosyası,E,Şartlı kabul,14417.3077,0,2024,9,36
H00009,320.01.0002,IRS24702231,2024-10-12,500,0.5,24.3268,1,YERLİ,34.25,Numune kabul,E,Şartlı kabul,355.1358,0,2024,10,41
D00012,320.01.0002,IRS24702232,2024-09-13,5000,5000,145.3393,1,YERLİ,33.8,Sevk irsaliyesi,H,,21499.8964,30,2024,9,37
D00009,320.01.0005,IRS24702233,2024-09-02,5000,5000,67.7934,1,İTHAL,33.8,Kısmi teslim,H,,10028.6095,60,2024,9,36
H00004,320.01.0005,IRS24702234,2024-10-21,5000,5,20.6673,1,İTHAL,34.25,Mal kabul,H,Kalite onaylı,3017.1241,30,2024,10,43
D00004,320.01.0014,IRS24702235,2024-10-26,5000,5000,22.8246,1,YERLİ,34.25,İthalat dosyası,H,Şartlı kabul,3332.0584,30,2024,10,43
H00002,320.01.0014,IRS24702236,2024-11-04,10000,10,106.4564,1,YERLİ,34.7,Mal kabul,E,Şartlı kabul,30679.0778,30,2024,11,45
D00011,320.01.0004,IRS24702237,2024-09-23,1000,1000,84.6318,1,YERLİ,33.8,Numune kabul,E,,2503.8994,45,2024,9,39
D00004,320.01.0004,IRS24702238,2024-09-14,5000,5000,23.5616,1,YERLİ,33.8,İthalat dosyası,E,Kalite onaylı,3485.4438,45,2024,9,37
D00009,320.01.0007,IRS24702239,2024-09-28,10000,10000,76.3154,1,İTHAL,33.8,Sevk irsaliyesi,E,Kalite onaylı,22578.5207,30,2024,9,39
H00013,320.01.0007,IRS24702240,2024-09-15,120,120,62.7622,1,İTHAL,33.8,Numune kabul,H,Şartlı kabul,222.8244,0,2024,9,37
H00003,320.01.0007,IRS24702241,2024-11-02,120,0.12,34.0082,1,İTHAL,34.7,İthalat dosyası,E,Kalite onaylı,117.6076,45,2024,11,44
H00012,320.01.0001,IRS24702242,2024-09-28,120,120,106.3169,1,YERLİ,33.8,Kısmi teslim,E,,377.4564,90,2024,9,39
H00016,320.01.0001,IRS24702243,2024-09-05,500,500,48.3113,1,YERLİ,33.8,Numune kabul,E,,714.6642,0,2024,9,36
H00009,320.01.0014,IRS24702244,2024-09-23,120,0.12,20.2707,1,YERLİ,33.8,Kısmi teslim,H,Şartlı kabul,71.967,90,2024,9,39
D00002,320.01.0027,IRS24702245,2024-12-08,250,250,149.4275,1,YERLİ,35.15,Mal kabul,H,,1062.7845,30,2024,12,49
H00001,320.01.0018,IRS24702246,2024-10-13,250,0.25,50.9786,1,İTHAL,34.25,Sevk irsaliyesi,E,Şartlı kabul,372.1066,0,2024,10,41
D00007,320.01.0008,IRS24702247,2024-10-01,1000,1000,140.3074,1,YERLİ,34.25,Sevk irsaliyesi,E,Şartlı kabul,4096.5664,45,2024,10,40
D00001,320.01.0023,IRS24702248,2024-09-26,250,250,315.0833,1,YERLİ,33.8,Mal kabul,H,Kalite onaylı,2330.4978,60,2024,9,39
D00007,320.01.0023,IRS24702249,2024-09-12,2000,2000,129.5439,1,YERLİ,33.8,İthalat dosyası,E,Şartlı kabul,7665.3195,45,2024,9,37
H00005,320.01.0004,IRS24702250,2024-12-12,10000,10,58.2469,1,YERLİ,35.15,Numune kabul,E,Şartlı kabul,16570.9531,0,2024,12,50
H00011,320.01.0001,IRS24702251,2024-09-30,250,0.25,62.1282,1,YERLİ,33.8,Sevk irsaliyesi,E,Kalite onaylı,459.5281,60,2024,9,40
H00016,320.01.0050,IRS24702252,2024-10-07,250,250,41.4426,1,YERLİ,34.25,Numune kabul,E,Kalite onaylı,302.5007,30,2024,10,41
H00012,320.01.0024,IRS24702253,2024-12-04,5000,5000,103.1623,1,YERLİ,35.15,İthalat dosyası,H,,14674.5804,0,2024,12,49
H00005,320.01.0024,IRS24702254,2024-11-30,10000,10,57.9836,1,YERLİ,34.7,Kısmi teslim,E,Kalite onaylı,16709.9712,45,2024,11,48
H00013,320.01.0024,IRS24702255,2024-11-03,250,250,61.0182,1,YERLİ,34.7,Sevk irsaliyesi,E,Kalite onaylı,439.6124,45,2024,11,44
H00004,320.01.0004,IRS24702256,2024-09-20,120,0.12,22.6591,1,YERLİ,33.8,Numune kabul,H,,80.4465,0,2024,9,38
D00011,320.01.0004,IRS24702257,2024-11-09,2000,2000,72.9234,1,YERLİ,34.7,Sevk irsaliyesi,H,,4203.0778,45,2024,11,45
H00009,320.01.0004,IRS24702258,2024-09-23,250,0.25,21.0897,1,YERLİ,33.8,Sevk irsaliyesi,H,Şartlı kabul,155.9889,0,2024,9,39
D00006,320.01.0001,IRS24702259,2024-11-05,250,250,181.158,1,YERLİ,34.7,Kısmi teslim,E,Şartlı kabul,1305.1729,30,2024,11,45
H00007,320.01.0001,IRS24702260,2024-12-08,500,0.5,106.0311,1,YERLİ,35.15,İthalat dosyası,E,Şartlı kabul,1508.266,60,2024,12,49
H00008,320.01.0004,IRS24702261,2024-12-08,10000,10,21.7058,1,YERLİ,35.15,Mal kabul,E,Kalite onaylı,6175.192,45,2024,12,49
H00003,320.01.0004,IRS24702262,2024-10-04,2500,2.5,35.7349,1,YERLİ,34.25,İthalat dosyası,H,Şartlı kabul,2608.3869,30,2024,10,40
D00009,320.01.0004,IRS24702263,2024-11-08,2000,2000,66.4176,1,YERLİ,34.7,Kısmi teslim,E,Kalite onaylı,3828.1037,0,2024,11,45
D00004,320.01.0003,IRS24702264,2024-10-02,500,500,26.6153,1,YERLİ,34.25,Sevk irsaliyesi,H,Kalite onaylı,388.5445,90,2024,10,40
D00011,320.01.0003,IRS24702265,2024-09-18,500,500,74.0677,1,YERLİ,33.8,Kısmi teslim,H,Şartlı kabul,1095.676,0,2024,9,38
H00010,320.01.0003,IRS24702266,2024-12-01,250,0.25,27.119,1,YERLİ,35.15,Sevk irsaliyesi,E,,192.8805,60,2024,12,48
H00011,320.01.0001,IRS24702267,2024-09-29,250,0.25,51.9564,1,YERLİ,33.8,Sevk irsaliyesi,H,,384.2929,0,2024,9,39
H00010,320.01.0023,IRS24702268,2024-09-25,1000,1,26.1938,1,YERLİ,33.8,Numune kabul,H,,774.9645,30,2024,9,39
D00009,320.01.0002,IRS24702269,2024-10-02,5000,5000,67.6258,1,YERLİ,34.25,Numune kabul,H,Şartlı kabul,9872.3796,45,2024,10,40
H00005,320.01.0005,IRS24702270,2024-09-30,2000,2,47.5829,1,İTHAL,33.8,Mal kabul,E,,2815.5562,0,2024,9,40
D00003,320.01.0005,IRS24702271,2024-10-18,500,500,270.4844,1,İTHAL,34.25,Kısmi teslim,H,Şartlı kabul,3948.6774,90,2024,10,42
D00011,320.01.0003,IRS24702272,2024-10-09,10000,10000,86.4353,1,YERLİ,34.25,İthalat dosyası,H,Kalite onaylı,25236.5839,30,2024,10,41
H00012,320.01.0003,IRS24702273,2024-09-27,250,250,107.522,1,YERLİ,33.8,Mal kabul,H,Şartlı kabul,795.2811,90,2024,9,39
H00013,320.01.0003,IRS24702274,2024-10-29,500,500,54.3713,1,YERLİ,34.25,Mal kabul,E,,793.7416,90,2024,10,44
H00009,320.01.0004,IRS24702276,2024-11-11,500,0.5,20.4452,1,YERLİ,34.7,İthalat dosyası,H,,294.5994,90,2024,11,46
D00006,320.01.0002,IRS24702277,2024-10-07,500,500,174.2497,1,YERLİ,34.25,Mal kabul,H,Şartlı kabul,2543.7912,45,2024,10,41
D00003,320.01.0002,IRS24702278,2024-12-13,1000,1000,255.5048,1,YERLİ,35.15,Kısmi teslim,H,Şartlı kabul,7268.9844,90,2024,12,50
H00016,320.01.0002,IRS24702279,2024-12-04,10000,10000,42.8948,1,YERLİ,35.15,Kısmi teslim,E,Kalite onaylı,12203.357,60,2024,12,49
D00003,320.01.0002,IRS24702280,2024-10-13,5000,5000,261.5599,1,YERLİ,34.25,İthalat dosyası,E,Şartlı kabul,38183.927,30,2024,10,41
H00016,320.01.0030,IRS24702281,2024-10-03,1000,1000,52.3998,1,YERLİ,34.25,İthalat dosyası,E,Kalite onaylı,1529.9212,60,2024,10,40
D00009,320.01.0031,IRS24702282,2024-12-06,250,250,69.5595,1,YERLİ,35.15,Kısmi teslim,H,Kalite onaylı,494.7333,0,2024,12,49
D00012,320.01.0031,IRS24702283,2024-12-07,120,120,175.8807,1,YERLİ,35.15,Sevk irsaliyesi,H,Şartlı kabul,600.4462,60,2024,12,49
D00009,320.01.0015,IRS24702284,2024-10-08,120,120,79.2237,1,İTHAL,34.25,Kısmi teslim,E,Şartlı kabul,277.5721,90,2024,10,41
H00015,320.01.0003,IRS24702285,2024-10-12,10000,10,27.3042,1,YERLİ,34.25,Mal kabul,H,Şartlı kabul,7972.0292,0,2024,10,41
D00011,320.01.0027,IRS24702287,2024-10-07,1000,1000,86.5032,1,YERLİ,34.25,Kısmi teslim,H,,2525.6409,0,2024,10,41
D00004,320.01.0024,IRS24702288,2024-10-01,500,500,25.8477,1,YERLİ,34.25,Numune kabul,E,,377.3387,90,2024,10,40
H00008,320.01.0030,IRS24702289,2024-09-20,250,0.25,22.1808,1,YERLİ,33.8,Sevk irsaliyesi,E,,164.0592,60,2024,9,38
H00003,320.01.0030,IRS24702290,2024-10-12,5000,5,32.3487,1,YERLİ,34.25,Mal kabul,H,Kalite onaylı,4722.438,45,2024,10,41
D00002,320.01.0001,IRS24702291,2024-10-07,10000,10000,154.9582,1,YERLİ,34.25,Mal kabul,H,Kalite onaylı,45243.2701,90,2024,10,41
D00003,320.01.0001,IRS24702292,2024-10-07,5000,5000,287.7983,1,YERLİ,34.25,Numune kabul,E,Şartlı kabul,42014.3504,45,2024,10,41
H00010,320.01.0048,IRS24702293,2024-11-08,1000,1,25.4585,1,YERLİ,34.7,Sevk irsaliyesi,H,Şartlı kabul,733.6744,60,2024,11,45
H00007,320.01.0048,IRS24702294,2024-10-04,500,0.5,102.0392,1,YERLİ,34.25,Kısmi teslim,E,Şartlı kabul,1489.6234,0,2024,10,40
D00001,320.01.0048,IRS24702295,2024-12-11,500,500,313.9941,1,YERLİ,35.15,İthalat dosyası,H,Şartlı kabul,4466.4879,60,2024,12,50
D00005,320.01.0030,IRS24702296,2024-09-19,1000,1000,309.6553,1,YERLİ,33.8,Mal kabul,E,Kalite onaylı,9161.3994,30,2024,9,38
D00006,320.01.0009,IRS24702297,2024-11-08,120,120,171.2852,1,İTHAL,34.7,Mal kabul,E,Kalite onaylı,592.3407,0,2024,11,45
D00012,320.01.0006,IRS24702298,2024-12-22,500,500,147.0496,1,YERLİ,35.15,Sevk irsaliyesi,E,,2091.744,0,2024,12,51
H00013,320.01.0006,IRS24702299,2024-09-29,10000,10000,54.1758,1,YERLİ,33.8,İthalat dosyası,E,Şartlı kabul,16028.3432,45,2024,9,39
H00012,320.01.0037,IRS24702300,2024-09-30,10000,10000,111.9208,1,YERLİ,33.8,Mal kabul,H,Şartlı kabul,33112.6627,90,2024,9,40
H00011,320.01.0021,IRS24702301,2024-09-27,250,0.25,62.5364,1,İTHAL,33.8,İthalat dosyası,E,,462.5473,45,2024,9,39
H00003,320.01.0021,IRS24702302,2024-10-10,1000,1,33.664,1,İTHAL,34.25,Mal kabul,E,Kalite onaylı,982.8905,90,2024,10,41
H00009,320.01.0048,IRS24702303,2024-11-03,10000,10,23.5092,1,YERLİ,34.7,İthalat dosyası,H,Şartlı kabul,6774.9856,90,2024,11,44
D00008,320.01.0048,IRS24702304,2024-09-26,2000,2000,367.2608,1,YERLİ,33.8,Sevk irsaliyesi,H,Şartlı kabul,21731.4083,45,2024,9,39
H00015,320.01.0048,IRS24702305,2024-11-10,5000,5,24.8655,1,YERLİ,34.7,Sevk irsaliyesi,H,Şartlı kabul,3582.9251,90,2024,11,45
D00004,320.01.0002,IRS24702306,2024-10-03,500,500,21.9904,1,YERLİ,34.25,Mal kabul,H,Kalite onaylı,321.0277,90,2024,10,40
H00010,320.01.0002,IRS24702307,2024-10-13,2000,2,28.3866,1,YERLİ,34.25,Mal kabul,E,,1657.6117,90,2024,10,41
H00010,320.01.0005,IRS24702308,2024-10-03,1000,1,23.6927,1,İTHAL,34.25,Sevk irsaliyesi,H,Şartlı kabul,691.7577,30,2024,10,40
D00010,320.01.0006,IRS24702309,2024-11-03,250,250,368.7093,1,YERLİ,34.7,Kısmi teslim,H,,2656.4071,45,2024,11,44
H00011,320.01.0006,IRS24702310,2024-11-17,2000,2,52.3586,1,YERLİ,34.7,Sevk irsaliyesi,H,,3017.7867,0,2024,11,46
H00009,320.01.0006,IRS24702311,2024-11-27,250,0.25,22.1444,1,YERLİ,34.7,Numune kabul,H,,159.5418,30,2024,11,48
D00010,320.01.0033,IRS24702312,2024-10-03,250,250,335.9585,1,YERLİ,34.25,Mal kabul,H,Şartlı kabul,2452.2518,90,2024,10,40
H00015,320.01.0033,IRS24702313,2024-11-20,5000,5,28.2845,1,YERLİ,34.7,İthalat dosyası,H,Şartlı kabul,4075.5764,0,2024,11,47
H00011,320.01.0006,IRS24702314,2024-11-13,2000,2,53.544,1,YERLİ,34.7,Mal kabul,E,Şartlı kabul,3086.1095,60,2024,11,46
D00004,320.01.0006,IRS24702315,2024-10-31,500,500,22.6843,1,YERLİ,34.25,İthalat dosyası,H,Şartlı kabul,331.1577,0,2024,10,44
H00006,320.01.0010,IRS24702316,2024-10-03,2000,2,111.3145,1,YERLİ,34.25,Sevk irsaliyesi,E,Kalite onaylı,6500.1168,90,2024,10,40
D00009,320.01.0021,IRS24702317,2024-10-19,10000,10000,74.2131,1,İTHAL,34.25,Mal kabul,E,Şartlı kabul,21668.0584,45,2024,10,42
D00007,320.01.0021,IRS24702318,2024-10-23,250,250,129.0115,1,İTHAL,34.25,İthalat dosyası,H,Şartlı kabul,941.6898,0,2024,10,43
D00010,320.01.0034,IRS24702319,2024-10-03,250,250,320.5661,1,İTHAL,34.25,Mal kabul,E,Şartlı kabul,2339.8985,60,2024,10,40
H00016,320.01.0034,IRS24702320,2024-11-05,120,120,42.9893,1,İTHAL,34.7,Kısmi teslim,E,Kalite onaylı,148.6662,45,2024,11,45
H00004,320.01.0034,IRS24702321,2024-12-22,1000,1,21.9884,1,İTHAL,35.15,Mal kabul,H,,625.559,0,2024,12,51
H00002,320.01.0031,IRS24702322,2024-11-17,2000,2,95.0871,1,YERLİ,34.7,Kısmi teslim,E,Şartlı kabul,5480.5245,0,2024,11,46
D00009,320.01.0031,IRS24702323,2024-10-04,10000,10000,75.0486,1,YERLİ,34.25,İthalat dosyası,E,,21912,90,2024,10,40
H00006,320.01.0031,IRS24702324,2024-10-25,250,0.25,115.8294,1,YERLİ,34.25,İthalat dosyası,E,,845.4701,45,2024,10,43
H00012,320.01.0032,IRS24702325,2024-12-28,1000,1000,94.8951,1,YERLİ,35.15,Mal kabul,H,,2699.7183,30,2024,12,52
H00014,320.01.0022,IRS24702326,2024-10-11,120,0.12,83.5442,1,İTHAL,34.25,Sevk irsaliyesi,E,Şartlı kabul,292.7096,60,2024,10,41
D00009,320.01.0022,IRS24702327,2024-10-20,120,120,76.2171,1,İTHAL,34.25,İthalat dosyası,H,,267.038,60,2024,10,42
H00010,320.01.0022,IRS24702328,2024-12-29,10000,10,23.6405,1,İTHAL,35.15,Kısmi teslim,H,Kalite onaylı,6725.6046,60,2024,12,52
D00012,320.01.0015,IRS24702329,2024-10-01,1000,1000,157.4809,1,İTHAL,34.25,Numune kabul,E,Şartlı kabul,4597.9825,0,2024,10,40
H00012,320.01.0007,IRS24702330,2024-11-08,250,250,91.5699,1,İTHAL,34.7,Numune kabul,H,Şartlı kabul,659.7255,90,2024,11,45
D00009,320.01.0007,IRS24702331,2024-10-12,120,120,71.7546,1,İTHAL,34.25,İthalat dosyası,H,Kalite onaylı,251.403,60,2024,10,41
H00006,320.01.0010,IRS24702332,2024-11-24,10000,10,106.4302,1,YERLİ,34.7,Kısmi teslim,H,Kalite onaylı,30671.5274,90,2024,11,47
D00005,320.01.0010,IRS24702333,2024-11-24,500,500,284.9375,1,YERLİ,34.7,Numune kabul,E,,4105.7277,30,2024,11,47
H00004,320.01.0010,IRS24702334,2024-11-30,250,0.25,22.6359,1,YERLİ,34.7,Numune kabul,E,,163.0829,45,2024,11,48
H00016,320.01.0001,IRS24702335,2024-10-14,500,500,48.7373,1,YERLİ,34.25,Mal kabul,H,Kalite onaylı,711.4934,30,2024,10,42
H00006,320.01.0001,IRS24702336,2024-11-26,1000,1,104.0907,1,YERLİ,34.7,Kısmi teslim,H,Şartlı kabul,2999.732,60,2024,11,48
H00008,320.01.0001,IRS24702337,2024-10-02,2000,2,22.2355,1,YERLİ,34.25,Mal kabul,E,Şartlı kabul,1298.4234,0,2024,10,40
H00002,320.01.0012,IRS24702338,2024-11-10,500,0.5,105.7169,1,YERLİ,34.7,Numune kabul,E,Kalite onaylı,1523.2983,0,2024,11,45
D00011,320.01.0012,IRS24702339,2024-10-25,5000,5000,83.8315,1,YERLİ,34.25,Mal kabul,E,Şartlı kabul,12238.1752,0,2024,10,43
D00005,320.01.0012,IRS24702340,2024-10-17,500,500,271.736,1,YERLİ,34.25,Sevk irsaliyesi,E,,3966.9489,45,2024,10,42
D00010,320.01.0001,IRS24702342,2024-11-22,250,250,318.3312,1,YERLİ,34.7,Mal kabul,E,,2293.4524,90,2024,11,47
D00002,320.01.0046,IRS24702343,2024-10-30,2000,2000,152.7298,1,YERLİ,34.25,Kısmi teslim,E,Kalite onaylı,8918.5285,45,2024,10,44
H00009,320.01.0023,IRS24702344,2024-10-12,10000,10,24.4987,1,YERLİ,34.25,Mal kabul,H,Şartlı kabul,7152.9051,30,2024,10,41
D00004,320.01.0023,IRS24702345,2024-10-08,2000,2000,23.2134,1,YERLİ,34.25,İthalat dosyası,E,,1355.527,0,2024,10,41
H00004,320.01.0021,IRS24702346,2024-12-06,120,0.12,25.9972,1,İTHAL,35.15,Kısmi teslim,E,Şartlı kabul,88.7529,60,2024,12,49
H00006,320.01.0014,IRS24702347,2024-11-28,1000,1,100.916,1,YERLİ,34.7,Mal kabul,H,Şartlı kabul,2908.2421,60,2024,11,48
H00010,320.01.0025,IRS24702348,2024-11-23,500,0.5,27.9798,1,YERLİ,34.7,Sevk irsaliyesi,H,Şartlı kabul,403.1671,90,2024,11,47
H00006,320.01.0025,IRS24702349,2024-11-03,250,0.25,116.653,1,YERLİ,34.7,Kısmi teslim,E,Kalite onaylı,840.4395,60,2024,11,44
H00001,320.01.0010,IRS24702350,2024-10-30,1000,1,54.3583,1,YERLİ,34.25,Kısmi teslim,H,Şartlı kabul,1587.1036,60,2024,10,44
D00003,320.01.0010,IRS24702351,2024-10-29,5000,5000,265.3152,1,YERLİ,34.25,Kısmi teslim,H,Şartlı kabul,38732.146,0,2024,10,44
D00003,320.01.0012,IRS24702352,2024-10-22,120,120,307.4587,1,YERLİ,34.25,Sevk irsaliyesi,E,Kalite onaylı,1077.2276,45,2024,10,43
D00009,320.01.0012,IRS24702354,2024-12-30,10000,10000,68.9248,1,YERLİ,35.15,İthalat dosyası,H,,19608.7624,30,2024,12,1
D00012,320.01.0001,IRS24702355,2024-10-28,500,500,155.8275,1,YERLİ,34.25,İthalat dosyası,E,Kalite onaylı,2274.854,90,2024,10,44
D00008,320.01.0001,IRS24702356,2024-10-17,120,120,312.0745,1,YERLİ,34.25,Numune kabul,H,Şartlı kabul,1093.3997,60,2024,10,42
D00010,320.01.0013,IRS24702357,2024-12-03,1000,1000,324.4436,1,YERLİ,35.15,Sevk irsaliyesi,H,,9230.2589,0,2024,12,49
H00014,320.01.0013,IRS24702358,2024-11-28,500,0.5,92.8895,1,YERLİ,34.7,Numune kabul,H,,1338.4654,0,2024,11,48
D00002,320.01.0002,IRS24702359,2024-11-03,10000,10000,149.0093,1,YERLİ,34.7,Kısmi teslim,E,Kalite onaylı,42942.1614,60,2024,11,44
D00011,320.01.0002,IRS24702360,2024-12-12,2000,2000,73.1738,1,YERLİ,35.15,Numune kabul,H,,4163.5164,45,2024,12,50
D00009,320.01.0015,IRS24702361,2024-11-20,10000,10000,79.5496,1,İTHAL,34.7,Numune kabul,E,Şartlı kabul,22924.9568,45,2024,11,47
H00006,320.01.0015,IRS24702362,2024-11-09,5000,5,94.0826,1,İTHAL,34.7,Sevk irsaliyesi,H,,13556.5706,45,2024,11,45
D00010,320.01.0004,IRS24702363,2024-10-31,1000,1000,342.9247,1,YERLİ,34.25,Sevk irsaliyesi,H,Şartlı kabul,10012.4,45,2024,10,44
H00002,320.01.0004,IRS24702364,2024-10-31,5000,5,93.9758,1,YERLİ,34.25,İthalat dosyası,E,,13719.0949,60,2024,10,44
D00010,320.01.0004,IRS24702365,2024-10-17,250,250,369.3491,1,YERLİ,34.25,Mal kabul,E,Şartlı kabul,2695.9788,45,2024,10,42
H00008,320.01.0011,IRS24702366,2024-10-24,250,0.25,23.4748,1,YERLİ,34.25,Numune kabul,H,,171.3489,0,2024,10,43
D00005,320.01.0016,IRS24702367,2024-11-19,1000,1000,305.1075,1,İTHAL,34.7,Kısmi teslim,E,Şartlı kabul,8792.7233,90,2024,11,47
H00004,320.01.0016,IRS24702368,2024-11-14,5000,5,25.8653,1,İTHAL,34.7,Numune kabul,E,Şartlı kabul,3726.9885,0,2024,11,46
D00009,320.01.0032,IRS24702369,2024-12-14,1000,1000,68.3304,1,YERLİ,35.15,Mal kabul,E,,1943.9659,30,2024,12,50
H00012,320.01.0022,IRS24702370,2024-11-04,120,120,108.4585,1,İTHAL,34.7,İthalat dosyası,H,Kalite onaylı,375.0726,60,2024,11,45
D00005,320.01.0008,IRS24702372,2024-11-12,120,120,273.4435,1,YERLİ,34.7,Mal kabul,E,Kalite onaylı,945.6259,30,2024,11,46
H00005,320.01.0008,IRS24702373,2024-11-04,120,0.12,51.2296,1,YERLİ,34.7,Kısmi teslim,H,Şartlı kabul,177.1629,60,2024,11,45
H00012,320.01.0008,IRS24702374,2024-10-28,1000,1000,106.7827,1,YERLİ,34.25,Kısmi teslim,H,Kalite onaylı,3117.7431,45,2024,10,44
H00005,320.01.0002,IRS24702375,2024-10-29,500,0.5,58.4546,1,YERLİ,34.25,Kısmi teslim,E,,853.3518,30,2024,10,44
D00004,320.01.0004,IRS25702376,2025-01-14,250,250,22.2003,1,YERLİ,35.6,Numune kabul,E,Şartlı kabul,155.901,60,2025,1,3
H00009,320.01.0001,IRS24702377,2024-11-11,5000,5,20.7559,1,YERLİ,34.7,Kısmi teslim,H,,2990.7637,0,2024,11,46
H00002,320.01.0006,IRS25702378,2025-01-08,2000,2,90.4879,1,YERLİ,35.6,İthalat dosyası,H,Kalite onaylı,5083.5899,45,2025,1,2
D00007,320.01.0006,IRS24702379,2024-10-22,10000,10000,124.5917,1,YERLİ,34.25,Kısmi teslim,H,,36377.1387,0,2024,10,43
H00013,320.01.0021,IRS24702380,2024-10-31,2000,2000,59.1767,1,İTHAL,34.25,Sevk irsaliyesi,E,,3455.5737,30,2024,10,44
D00012,320.01.0009,IRS25702381,2025-01-08,500,500,154.9298,1,İTHAL,35.6,İthalat dosyası,E,Kalite onaylı,2175.9803,45,2025,1,2
D00011,320.01.0013,IRS24702382,2024-11-09,1000,1000,83.8448,1,YERLİ,34.7,Numune kabul,H,,2416.2767,30,2024,11,45
H00011,320.01.0002,IRS24702384,2024-11-22,500,0.5,63.5948,1,YERLİ,34.7,Sevk irsaliyesi,E,,916.3516,60,2024,11,47
H00006,320.01.0002,IRS24702385,2024-11-09,120,0.12,109.6732,1,YERLİ,34.7,Sevk irsaliyesi,E,,379.2733,45,2024,11,45
H00005,320.01.0051,IRS25702388,2025-01-18,120,0.12,47.2301,1,YERLİ,35.6,Mal kabul,E,Şartlı kabul,159.2026,90,2025,1,3
H00006,320.01.0002,IRS24702389,2024-11-06,120,0.12,117.2442,1,YERLİ,34.7,Numune kabul,H,Şartlı kabul,405.4554,45,2024,11,45
H00004,320.01.0002,IRS24702390,2024-10-28,5000,5,20.9365,1,YERLİ,34.25,Sevk irsaliyesi,E,Kalite onaylı,3056.4234,30,2024,10,44
D00003,320.01.0002,IRS25702391,2025-01-13,5000,5000,267.3495,1,YERLİ,35.6,Mal kabul,E,Kalite onaylı,37549.0871,0,2025,1,3
D00006,320.01.0011,IRS24702392,2024-11-03,2000,2000,204.8276,1,YERLİ,34.7,Mal kabul,H,Kalite onaylı,11805.6254,60,2024,11,44
H00013,320.01.0048,IRS24702393,2024-11-26,5000,5000,57.112,1,YERLİ,34.7,Mal kabul,E,,8229.3948,30,2024,11,48
D00002,320.01.0001,IRS24702394,2024-11-14,1000,1000,153.4224,1,YERLİ,34.7,Kısmi teslim,H,,4421.3948,0,2024,11,46
D00006,320.01.0010,IRS24702395,2024-11-21,120,120,169.2394,1,YERLİ,34.7,İthalat dosyası,H,,585.2659,90,2024,11,47
H00010,320.01.0010,IRS24702396,2024-11-09,120,0.12,26.5005,1,YERLİ,34.7,Kısmi teslim,E,,91.6444,60,2024,11,45
D00012,320.01.0003,IRS24702397,2024-11-19,500,500,152.8526,1,YERLİ,34.7,Kısmi teslim,H,,2202.487,30,2024,11,47
H00016,320.01.0003,IRS25702398,2025-01-21,120,120,53.1824,1,YERLİ,35.6,Mal kabul,H,Şartlı kabul,179.2665,90,2025,1,4
D00010,320.01.0031,IRS24702399,2024-11-14,1000,1000,361.7747,1,YERLİ,34.7,Mal kabul,E,,10425.7839,45,2024,11,46
H00012,320.01.0031,IRS25702400,2025-01-15,5000,5000,98.9091,1,YERLİ,35.6,İthalat dosyası,E,Şartlı kabul,13891.7275,30,2025,1,3
H00012,320.01.0031,IRS24702401,2024-11-15,5000,5000,115.3602,1,YERLİ,34.7,Mal kabul,H,,16622.5072,30,2024,11,46
H00003,320.01.0025,IRS24702402,2024-11-25,10000,10,34.6084,1,YERLİ,34.7,Mal kabul,H,Şartlı kabul,9973.6023,45,2024,11,48
H00010,320.01.0001,IRS24702403,2024-11-15,60,0.06,26.1021,1,YERLİ,34.7,İthalat dosyası,H,Kalite onaylı,45.1333,60,2024,11,46
H00008,320.01.0001,IRS24702404,2024-11-27,5000,5,20.8794,1,YERLİ,34.7,Kısmi teslim,E,Şartlı kabul,3008.5591,45,2024,11,48
D00002,320.01.0001,IRS24702405,2024-12-10,1000,1000,156.1376,1,YERLİ,35.15,Kısmi teslim,E,Kalite onaylı,4442.037,0,2024,12,50
H00014,320.01.0001,IRS25702406,2025-01-19,250,0.25,100.1804,1,YERLİ,35.6,Sevk irsaliyesi,E,,703.514,45,2025,1,3
D00011,320.01.0011,IRS24702407,2024-11-12,5000,5000,72.3879,1,YERLİ,34.7,Numune kabul,E,Şartlı kabul,10430.5331,0,2024,11,46
D00005,320.01.0011,IRS24702408,2024-11-12,120,120,324.8323,1,YERLİ,34.7,Sevk irsaliyesi,H,Şartlı kabul,1123.3394,0,2024,11,46
D00002,320.01.0014,IRS24702409,2024-11-08,250,250,163.0788,1,YERLİ,34.7,Mal kabul,H,Kalite onaylı,1174.9193,60,2024,11,45
D00002,320.01.0033,IRS24702410,2024-11-26,120,120,153.2345,1,YERLİ,34.7,Sevk irsaliyesi,E,Şartlı kabul,529.9176,30,2024,11,48
D00001,320.01.0033,IRS24702411,2024-11-10,5000,5000,284.7376,1,YERLİ,34.7,Sevk irsaliyesi,E,,41028.4726,90,2024,11,45
H00008,320.01.0004,IRS24702412,2024-11-06,120,0.12,22.1474,1,YERLİ,34.7,Kısmi teslim,E,Kalite onaylı,76.5904,0,2024,11,45
D00002,320.01.0005,IRS24702413,2024-12-19,500,500,148.4245,1,İTHAL,35.15,Kısmi teslim,E,Kalite onaylı,2111.3016,45,2024,12,51
H00014,320.01.0005,IRS24702414,2024-11-06,1000,1,84.3688,1,İTHAL,34.7,Kısmi teslim,H,Kalite onaylı,2431.3775,0,2024,11,45
D00008,320.01.0005,IRS24702415,2024-12-24,500,500,344.8804,1,İTHAL,35.15,Kısmi teslim,H,Şartlı kabul,4905.8378,90,2024,12,52
D00009,320.01.0003,IRS24702416,2024-12-09,2000,2000,65.6393,1,YERLİ,35.15,Numune kabul,E,,3734.8108,30,2024,12,50
D00001,320.01.0003,IRS24702417,2024-11-12,10000,10000,301.3616,1,YERLİ,34.7,Kısmi teslim,H,Kalite onaylı,86847.7233,30,2024,11,46
H00010,320.01.0003,IRS24702418,2024-11-12,1000,1,29.0493,1,YERLİ,34.7,Numune kabul,H,Şartlı kabul,837.1556,45,2024,11,46
H00016,320.01.0002,IRS24702419,2024-11-07,120,120,51.1329,1,YERLİ,34.7,Mal kabul,E,Kalite onaylı,176.8285,60,2024,11,45
D00003,320.01.0002,IRS24702420,2024-11-19,120,120,291.8502,1,YERLİ,34.7,Numune kabul,H,Kalite onaylı,1009.2802,30,2024,11,47
D00009,320.01.0002,IRS24702421,2024-11-15,250,250,74.2822,1,YERLİ,34.7,Numune kabul,E,Şartlı kabul,535.1744,0,2024,11,46
H00011,320.01.0008,IRS24702422,2024-11-14,500,0.5,50.1078,1,YERLİ,34.7,Kısmi teslim,H,Kalite onaylı,722.0144,60,2024,11,46
D00001,320.01.0008,IRS24702423,2024-11-06,120,120,310.1387,1,YERLİ,34.7,Mal kabul,E,,1072.5258,0,2024,11,45
H00008,320.01.0022,IRS24702424,2024-12-08,2000,2,20.022,1,İTHAL,35.15,Numune kabul,H,Şartlı kabul,1139.2319,0,2024,12,49
D00004,320.01.0022,IRS24702425,2024-11-22,500,500,26.7293,1,İTHAL,34.7,Numune kabul,H,Şartlı kabul,385.1484,60,2024,11,47
H00011,320.01.0022,IRS24702426,2024-11-26,250,0.25,60.9946,1,İTHAL,34.7,İthalat dosyası,E,,439.4424,90,2024,11,48
D00010,320.01.0006,IRS24702427,2024-11-30,250,250,355.774,1,YERLİ,34.7,Numune kabul,E,,2563.2133,60,2024,11,48
H00006,320.01.0020,IRS24702428,2024-11-20,5000,5,108.6189,1,YERLİ,34.7,İthalat dosyası,E,,15651.1383,45,2024,11,47
D00007,320.01.0020,IRS24702429,2024-12-24,1000,1000,147.02,1,YERLİ,35.15,Kısmi teslim,H,Şartlı kabul,4182.6458,45,2024,12,52
H00011,320.01.0001,IRS24702430,2024-11-24,500,0.5,59.1409,1,YERLİ,34.7,Numune kabul,E,,852.1744,45,2024,11,47
H00010,320.01.0006,IRS24702431,2024-12-07,2000,2,24.0112,1,YERLİ,35.15,Sevk irsaliyesi,H,Şartlı kabul,1366.2134,0,2024,12,49
D00001,320.01.0006,IRS24702432,2024-11-24,500,500,304.7915,1,YERLİ,34.7,Mal kabul,E,,4391.8084,30,2024,11,47
H00015,320.01.0006,IRS24702433,2024-11-25,250,0.25,30.5439,1,YERLİ,34.7,İthalat dosyası,H,,220.0569,0,2024,11,48
D00005,320.01.0014,IRS24702434,2024-12-22,10000,10000,280.0014,1,YERLİ,35.15,Sevk irsaliyesi,E,Kalite onaylı,79659.0043,90,2024,12,51
H00006,320.01.0014,IRS24702435,2024-11-08,250,0.25,109.4017,1,YERLİ,34.7,Numune kabul,H,Şartlı kabul,788.1967,90,2024,11,45
H00007,320.01.0014,IRS24702436,2024-11-04,5000,5,99.7427,1,YERLİ,34.7,İthalat dosyası,H,Şartlı kabul,14372.147,90,2024,11,45
D00002,320.01.0001,IRS25702438,2025-01-23,5000,5000,154.5039,1,YERLİ,35.6,Numune kabul,H,Kalite onaylı,21699.986,0,2025,1,4
H00002,320.01.0001,IRS24702439,2024-12-12,5000,5,106.955,1,YERLİ,35.15,İthalat dosyası,E,Şartlı kabul,15214.0825,90,2024,12,50
D00005,320.01.0028,IRS24702440,2024-11-08,120,120,302.3538,1,YERLİ,34.7,Kısmi teslim,H,,1045.6039,90,2024,11,45
H00007,320.01.0028,IRS24702441,2024-11-03,120,0.12,108.4491,1,YERLİ,34.7,Kısmi teslim,H,Kalite onaylı,375.0401,60,2024,11,44
H00004,320.01.0006,IRS24702442,2024-12-26,2000,2,22.2675,1,YERLİ,35.15,Numune kabul,E,,1266.9986,90,2024,12,52
D00004,320.01.0007,IRS25702443,2025-01-24,1000,1000,21.6664,1,İTHAL,35.6,Mal kabul,E,,608.6067,60,2025,1,4
D00011,320.01.0043,IRS24702444,2024-11-16,500,500,72.3349,1,YERLİ,34.7,Mal kabul,E,Kalite onaylı,1042.2896,30,2024,11,46
H00013,320.01.0043,IRS24702445,2024-12-14,250,250,51.6893,1,YERLİ,35.15,Sevk irsaliyesi,H,Kalite onaylı,367.6337,90,2024,12,50
D00011,320.01.0043,IRS24702446,2024-11-11,120,120,72.2904,1,YERLİ,34.7,Mal kabul,H,,249.9956,60,2024,11,46
D00002,320.01.0034,IRS24702447,2024-11-15,10000,10000,151.7436,1,İTHAL,34.7,Sevk irsaliyesi,E,Şartlı kabul,43730.1441,60,2024,11,46
H00004,320.01.0004,IRS24702448,2024-11-11,10000,10,21.6025,1,YERLİ,34.7,Kısmi teslim,E,Şartlı kabul,6225.5043,60,2024,11,46
H00016,320.01.0004,IRS24702449,2024-12-10,120,120,43.1641,1,YERLİ,35.15,Mal kabul,H,,147.3597,30,2024,12,50
H00003,320.01.0004,IRS24702450,2024-11-05,120,0.12,31.7211,1,YERLİ,34.7,Sevk irsaliyesi,E,,109.6983,45,2024,11,45
H00001,320.01.0029,IRS24702451,2024-11-29,5000,5,57.4799,1,İTHAL,34.7,Sevk irsaliyesi,E,Şartlı kabul,8282.4063,45,2024,11,48
H00006,320.01.0029,IRS25702452,2025-02-01,1000,1,118.2616,1,İTHAL,36.3667,Kısmi teslim,H,Kalite onaylı,3251.92,60,2025,2,5
H00002,320.01.0029,IRS25702453,2025-02-02,500,0.5,107.2096,1,İTHAL,36.3667,Kısmi teslim,H,Kalite onaylı,1474.0078,0,2025,2,5
D00007,320.01.0005,IRS24702454,2024-11-14,5000,5000,124.8618,1,İTHAL,34.7,İthalat dosyası,E,Kalite onaylı,17991.6138,90,2024,11,46
D00012,320.01.0033,IRS24702455,2024-11-30,500,500,164.2632,1,YERLİ,34.7,İthalat dosyası,H,Kalite onaylı,2366.9049,90,2024,11,48
D00010,320.01.0033,IRS24702456,2024-11-13,2000,2000,372.4761,1,YERLİ,34.7,İthalat dosyası,E,Kalite onaylı,21468.3631,60,2024,11,46
H00015,320.01.0002,IRS24702457,2024-11-26,5000,5,30.6572,1,YERLİ,34.7,Kısmi teslim,H,Kalite onaylı,4417.464,0,2024,11,48
H00006,320.01.0002,IRS24702458,2024-12-05,250,0.25,107.0733,1,YERLİ,35.15,İthalat dosyası,H,Şartlı kabul,761.5455,45,2024,12,49
H00006,320.01.0028,IRS24702459,2024-11-19,250,0.25,109.2909,1,YERLİ,34.7,İthalat dosyası,H,Şartlı kabul,787.3984,90,2024,11,47
D00012,320.01.0008,IRS24702460,2024-11-28,10000,10000,157.9949,1,YERLİ,34.7,Sevk irsaliyesi,E,,45531.6715,60,2024,11,48
D00008,320.01.0008,IRS24702461,2024-12-10,10000,10000,333.2644,1,YERLİ,35.15,İthalat dosyası,E,,94812.0626,60,2024,12,50
H00016,320.01.0007,IRS25702462,2025-01-10,500,500,51.6051,1,İTHAL,35.6,Numune kabul,H,,724.7907,0,2025,1,2
H00002,320.01.0025,IRS24702463,2024-11-30,5000,5,106.4879,1,YERLİ,34.7,Numune kabul,H,Şartlı kabul,15344.0778,60,2024,11,48
H00013,320.01.0050,IRS24702464,2024-11-28,120,120,62.9145,1,YERLİ,34.7,Kısmi teslim,E,Kalite onaylı,217.5718,45,2024,11,48
H00003,320.01.0050,IRS24702465,2024-12-14,1000,1,33.3506,1,YERLİ,35.15,Numune kabul,E,,948.808,30,2024,12,50
H00013,320.01.0050,IRS24702466,2024-11-25,120,120,59.7704,1,YERLİ,34.7,Kısmi teslim,H,Kalite onaylı,206.6988,60,2024,11,48
D00004,320.01.0010,IRS24702467,2024-11-23,250,250,25.5211,1,YERLİ,34.7,Sevk irsaliyesi,H,Kalite onaylı,183.8696,90,2024,11,47
D00005,320.01.0053,IRS24702468,2024-12-27,1000,1000,295.8572,1,YERLİ,35.15,Mal kabul,H,,8416.99,60,2024,12,52
H00002,320.01.0044,IRS25702469,2025-02-10,250,0.25,107.915,1,YERLİ,36.3667,Kısmi teslim,H,Kalite onaylı,741.8531,60,2025,2,7
D00010,320.01.0044,IRS24702470,2024-11-22,2000,2000,322.4912,1,YERLİ,34.7,Kısmi teslim,H,Şartlı kabul,18587.389,30,2024,11,47
H00016,320.01.0018,IRS24702471,2024-12-10,10000,10000,48.6462,1,İTHAL,35.15,Mal kabul,H,Şartlı kabul,13839.6017,60,2024,12,50
H00012,320.01.0018,IRS24702472,2024-11-30,120,120,115.4259,1,İTHAL,34.7,Numune kabul,E,Kalite onaylı,399.1674,45,2024,11,48
D00012,320.01.0007,IRS24702473,2024-11-22,10000,10000,176.0148,1,İTHAL,34.7,Mal kabul,E,Kalite onaylı,50724.7262,45,2024,11,47
H00015,320.01.0007,IRS24702474,2024-12-15,2000,2,28.5717,1,İTHAL,35.15,Numune kabul,E,Kalite onaylı,1625.7013,0,2024,12,50
D00009,320.01.0012,IRS24702475,2024-12-27,10000,10000,77.9239,1,YERLİ,35.15,Numune kabul,H,Kalite onaylı,22168.9616,30,2024,12,52
D00005,320.01.0012,IRS25702476,2025-01-10,1000,1000,261.8409,1,YERLİ,35.6,Numune kabul,E,Şartlı kabul,7355.0815,30,2025,1,2
H00007,320.01.0012,IRS24702477,2024-11-28,1000,1,96.1147,1,YERLİ,34.7,Numune kabul,E,,2769.8761,30,2024,11,48
D00003,320.01.0005,IRS24702478,2024-11-13,125,125,299.4756,1,İTHAL,34.7,İthalat dosyası,H,Kalite onaylı,1078.8026,60,2024,11,46
H00016,320.01.0007,IRS24702479,2024-11-20,2000,2000,49.0264,1,İTHAL,34.7,Sevk irsaliyesi,H,,2825.7291,45,2024,11,47
D00011,320.01.0009,IRS24702480,2024-11-23,2000,2000,70.1415,1,İTHAL,34.7,Kısmi teslim,E,Şartlı kabul,4042.7378,90,2024,11,47
H00005,320.01.0001,IRS24702481,2024-12-18,250,0.25,53.0772,1,YERLİ,35.15,Numune kabul,H,Şartlı kabul,377.505,45,2024,12,51
H00002,320.01.0002,IRS24702482,2024-11-17,1000,1,99.507,1,YERLİ,34.7,Kısmi teslim,E,Kalite onaylı,2867.6369,90,2024,11,46
D00008,320.01.0004,IRS24702483,2024-12-30,2000,2000,322.5759,1,YERLİ,35.15,Mal kabul,E,,18354.2475,0,2024,12,1
D00012,320.01.0003,IRS25702484,2025-02-01,125,125,179.6085,1,YERLİ,36.3667,Numune kabul,H,Kalite onaylı,617.3522,0,2025,2,5
D00007,320.01.0004,IRS24702486,2024-11-17,500,500,149.1018,1,YERLİ,34.7,Kısmi teslim,H,,2148.4409,60,2024,11,46
H00011,320.01.0004,IRS24702487,2024-12-11,1000,1,58.3611,1,YERLİ,35.15,İthalat dosyası,E,Kalite onaylı,1660.3442,90,2024,12,50
H00002,320.01.0002,IRS25702488,2025-01-16,120,0.12,106.1853,1,YERLİ,35.6,Mal kabul,E,,357.928,0,2025,1,3
D00008,320.01.0002,IRS24702489,2024-12-04,5000,5000,352.9766,1,YERLİ,35.15,Kısmi teslim,E,,50210.0427,45,2024,12,49
H00002,320.01.0003,IRS24702490,2024-12-01,1000,1,99.9143,1,YERLİ,35.15,Sevk irsaliyesi,H,,2842.5121,90,2024,12,48
H00007,320.01.0003,IRS25702491,2025-02-16,5000,5,97.2541,1,YERLİ,36.3667,Kısmi teslim,E,Kalite onaylı,13371.3122,90,2025,2,7
H00010,320.01.0003,IRS24702492,2024-11-29,10000,10,26.9445,1,YERLİ,34.7,Numune kabul,E,Kalite onaylı,7764.9856,0,2024,11,48
D00002,320.01.0002,IRS25702493,2025-01-02,120,120,166.284,1,YERLİ,35.6,Mal kabul,H,,560.5079,30,2025,1,1
D00005,320.01.0046,IRS24702494,2024-11-21,250,250,323.0787,1,YERLİ,34.7,Kısmi teslim,H,,2327.6563,45,2024,11,47
H00016,320.01.0046,IRS24702495,2024-11-16,5000,5000,46.6925,1,YERLİ,34.7,Numune kabul,E,Kalite onaylı,6728.0259,0,2024,11,46
H00005,320.01.0046,IRS25702496,2025-01-08,2000,2,56.465,1,YERLİ,35.6,İthalat dosyası,E,,3172.191,90,2025,1,2
H00015,320.01.0011,IRS25702497,2025-02-06,1000,1,24.6696,1,YERLİ,36.3667,İthalat dosyası,H,,678.3568,45,2025,2,6
D00002,320.01.0011,IRS24702498,2024-12-09,120,120,158.2416,1,YERLİ,35.15,Mal kabul,H,,540.2274,45,2024,12,50
H00014,320.01.0023,IRS24702499,2024-11-26,500,0.5,95.0597,1,YERLİ,34.7,İthalat dosyası,E,,1369.7363,0,2024,11,48
D00004,320.01.0033,IRS24702500,2024-12-11,10000,10000,26.991,1,YERLİ,35.15,Numune kabul,H,Şartlı kabul,7678.8051,45,2024,12,50
D00008,320.01.0033,IRS24702501,2024-12-22,500,500,386.3627,1,YERLİ,35.15,Mal kabul,E,,5495.9132,30,2024,12,51
D00004,320.01.0033,IRS24702502,2024-11-23,120,120,27.4653,1,YERLİ,34.7,Numune kabul,H,Kalite onaylı,94.9809,90,2024,11,47
D00007,320.01.0002,IRS24702503,2024-12-01,2000,2000,152.828,1,YERLİ,35.15,İthalat dosyası,H,Şartlı kabul,8695.761,60,2024,12,48
H00007,320.01.0002,IRS24702504,2024-12-17,250,0.25,102.8696,1,YERLİ,35.15,İthalat dosyası,H,Şartlı kabul,731.6472,45,2024,12,51
H00014,320.01.0002,IRS25702505,2025-01-06,10000,10,92.7194,1,YERLİ,35.6,Numune kabul,H,Kalite onaylı,26044.7753,0,2025,1,2
D00008,320.01.0013,IRS24702506,2024-12-21,250,250,357.7879,1,YERLİ,35.15,Numune kabul,H,Kalite onaylı,2544.7219,45,2024,12,51
H00011,320.01.0055,IRS25702507,2025-01-13,120,0.12,51.781,1,YERLİ,35.6,Kısmi teslim,E,,174.5427,30,2025,1,3
H00007,320.01.0055,IRS25702508,2025-01-23,1000,1,114.4947,1,YERLİ,35.6,Numune kabul,E,,3216.1433,30,2025,1,4
H00002,320.01.0008,IRS24702509,2024-11-23,500,0.5,103.4529,1,YERLİ,34.7,Sevk irsaliyesi,H,Kalite onaylı,1490.6758,60,2024,11,47
H00003,320.01.0008,IRS25702510,2025-01-19,5000,5,31.2842,1,YERLİ,35.6,İthalat dosyası,H,,4393.8483,90,2025,1,3
H00004,320.01.0017,IRS24702511,2024-12-07,2000,2,24.0595,1,YERLİ,35.15,Numune kabul,E,,1368.9616,90,2024,12,49
H00011,320.01.0004,IRS24702512,2024-12-01,250,0.25,58.9072,1,YERLİ,35.15,İthalat dosyası,H,Kalite onaylı,418.9701,45,2024,12,48
H00001,320.01.0050,IRS25702513,2025-01-12,5000,5,55.992,1,YERLİ,35.6,Kısmi teslim,H,,7864.0449,45,2025,1,2
D00002,320.01.0003,IRS24702514,2024-12-24,5000,5000,148.8953,1,YERLİ,35.15,İthalat dosyası,H,,21179.9858,90,2024,12,52
H00010,320.01.0002,IRS24702515,2024-12-05,500,0.5,27.1578,1,YERLİ,35.15,Mal kabul,H,,386.3129,90,2024,12,49
D00003,320.01.0002,IRS24702516,2024-11-30,2000,2000,291.2085,1,YERLİ,34.7,Sevk irsaliyesi,H,,16784.3516,30,2024,11,48
H00001,320.01.0024,IRS24702517,2024-12-30,1000,1,51.2231,1,YERLİ,35.15,Mal kabul,H,Şartlı kabul,1457.2717,30,2024,12,1
H00002,320.01.0001,IRS25702518,2025-01-16,2000,2,93.6231,1,YERLİ,35.6,Mal kabul,H,Şartlı kabul,5259.7247,90,2025,1,3
D00011,320.01.0013,IRS25702519,2025-02-22,500,500,78.0542,1,YERLİ,36.3667,Mal kabul,E,Şartlı kabul,1073.1548,45,2025,2,8
H00005,320.01.0013,IRS24702520,2024-11-26,500,0.5,60.1917,1,YERLİ,34.7,Mal kabul,H,Şartlı kabul,867.3156,90,2024,11,48
D00011,320.01.0013,IRS24702521,2024-12-05,5000,5000,82.0646,1,YERLİ,35.15,Numune kabul,E,Şartlı kabul,11673.4851,0,2024,12,49
D00011,320.01.0004,IRS24702522,2024-12-28,120,120,80.2251,1,YERLİ,35.15,Mal kabul,H,,273.8837,60,2024,12,52
D00001,320.01.0004,IRS24702523,2024-12-09,10000,10000,287.727,1,YERLİ,35.15,Kısmi teslim,E,Şartlı kabul,81856.899,90,2024,12,50
H00008,320.01.0013,IRS24702524,2024-12-10,1000,1,24.24,1,YERLİ,35.15,Sevk irsaliyesi,H,Kalite onaylı,689.6159,90,2024,12,50
H00008,320.01.0013,IRS24702525,2024-12-18,10000,10,25.0965,1,YERLİ,35.15,Numune kabul,H,,7139.8293,30,2024,12,51
H00007,320.01.0013,IRS24702526,2024-12-16,500,0.5,104.069,1,YERLİ,35.15,İthalat dosyası,E,Şartlı kabul,1480.3556,45,2024,12,51
H00002,320.01.0040,IRS24702527,2024-12-12,120,0.12,112.0407,1,YERLİ,35.15,Numune kabul,E,,382.5003,30,2024,12,50
H00004,320.01.0050,IRS24702528,2024-12-13,1000,1,23.7887,1,YERLİ,35.15,Numune kabul,H,,676.7767,45,2024,12,50
H00013,320.01.0050,IRS24702529,2024-12-23,10000,10000,59.6002,1,YERLİ,35.15,Sevk irsaliyesi,E,,16955.9602,45,2024,12,52
D00008,320.01.0015,IRS25702530,2025-02-21,5000,5000,350.3285,1,İTHAL,36.3667,Kısmi teslim,E,Kalite onaylı,48166.1108,45,2025,2,8
H00008,320.01.0015,IRS25702531,2025-01-25,250,0.25,20.1092,1,İTHAL,35.6,Sevk irsaliyesi,H,Kalite onaylı,141.2163,90,2025,1,4
D00009,320.01.0005,IRS24702532,2024-12-15,2000,2000,79.0864,1,İTHAL,35.15,Sevk irsaliyesi,H,Şartlı kabul,4499.9374,90,2024,12,50
D00011,320.01.0012,IRS24702533,2024-12-13,5000,5000,81.4522,1,YERLİ,35.15,Kısmi teslim,H,Kalite onaylı,11586.3727,45,2024,12,50
D00002,320.01.0030,IRS25702534,2025-02-19,1000,1000,166.4111,1,YERLİ,36.3667,Mal kabul,E,,4575.9197,30,2025,2,8
H00012,320.01.0003,IRS25702535,2025-02-14,500,500,98.0788,1,YERLİ,36.3667,Sevk irsaliyesi,E,Kalite onaylı,1348.4699,0,2025,2,7
H00013,320.01.0012,IRS25702536,2025-01-04,500,500,57.8726,1,YERLİ,35.6,Numune kabul,E,Şartlı kabul,812.8174,60,2025,1,1
H00003,320.01.0030,IRS24702537,2024-12-24,250,0.25,36.8565,1,YERLİ,35.15,İthalat dosyası,H,Kalite onaylı,262.1373,0,2024,12,52
D00004,320.01.0030,IRS24702538,2024-12-10,10000,10000,27.5497,1,YERLİ,35.15,Sevk irsaliyesi,H,Şartlı kabul,7837.7525,0,2024,12,50
D00011,320.01.0030,IRS24702539,2024-12-21,1000,1000,72.374,1,YERLİ,35.15,Kısmi teslim,E,Şartlı kabul,2059.0043,30,2024,12,51
H00016,320.01.0019,IRS24702540,2024-12-28,5000,5000,47.0023,1,YERLİ,35.15,Sevk irsaliyesi,E,Şartlı kabul,6685.9602,60,2024,12,52
D00008,320.01.0019,IRS24702541,2024-12-17,1000,1000,361.3084,1,YERLİ,35.15,Sevk irsaliyesi,E,,10279.0441,45,2024,12,51
D00006,320.01.0002,IRS24702543,2024-12-29,500,500,192.8593,1,YERLİ,35.15,Kısmi teslim,E,Şartlı kabul,2743.3755,90,2024,12,52
H00012,320.01.0002,IRS24702544,2024-12-02,250,250,111.5544,1,YERLİ,35.15,Kısmi teslim,H,Kalite onaylı,793.4168,90,2024,12,49
H00004,320.01.0001,IRS25702546,2025-02-16,250,0.25,22.6858,1,YERLİ,36.3667,İthalat dosyası,E,Şartlı kabul,155.9517,45,2025,2,7
H00003,320.01.0001,IRS24702547,2024-12-01,500,0.5,35.9132,1,YERLİ,35.15,Numune kabul,E,,510.8563,90,2024,12,48
H00001,320.01.0001,IRS25702548,2025-01-23,250,0.25,60.6741,1,YERLİ,35.6,İthalat dosyası,E,Şartlı kabul,426.0822,30,2025,1,4
D00010,320.01.0019,IRS24702549,2024-12-29,1000,1000,321.1369,1,YERLİ,35.15,Kısmi teslim,H,Şartlı kabul,9136.1849,90,2024,12,52
D00009,320.01.0008,IRS24702550,2024-12-10,5000,5000,80.7023,1,YERLİ,35.15,İthalat dosyası,E,,11479.7013,30,2024,12,50
H00016,320.01.0010,IRS24702551,2024-12-23,250,250,48.7962,1,YERLİ,35.15,Kısmi teslim,H,Şartlı kabul,347.0569,0,2024,12,52
H00004,320.01.0010,IRS24702552,2024-12-08,1000,1,25.3953,1,YERLİ,35.15,Sevk irsaliyesi,H,,722.4836,90,2024,12,49
H00006,320.01.0010,IRS25702553,2025-01-07,120,0.12,119.874,1,YERLİ,35.6,Mal kabul,E,Kalite onaylı,404.0697,60,2025,1,2
H00014,320.01.0010,IRS25702554,2025-01-15,5000,5,101.7466,1,YERLİ,35.6,Numune kabul,E,Kalite onaylı,14290.2528,90,2025,1,3
D00003,320.01.0010,IRS25702555,2025-03-07,1000,1000,320.9816,1,YERLİ,37.1333,Sevk irsaliyesi,E,Şartlı kabul,8644.0365,0,2025,3,10
H00005,320.01.0010,IRS25702556,2025-02-05,1000,1,53.6198,1,YERLİ,36.3667,Numune kabul,E,,1474.4203,0,2025,2,6
D00011,320.01.0002,IRS25702558,2025-01-28,2000,2000,80.8586,1,YERLİ,35.6,Mal kabul,E,Kalite onaylı,4542.618,90,2025,1,5
D00001,320.01.0030,IRS25702559,2025-01-10,250,250,287.7652,1,YERLİ,35.6,Mal kabul,H,Şartlı kabul,2020.823,60,2025,1,2
H00003,320.01.0030,IRS25702560,2025-01-22,10000,10,35.0803,1,YERLİ,35.6,Numune kabul,H,,9854.0169,30,2025,1,4
H00015,320.01.0002,IRS24702561,2024-12-19,5000,5,26.8953,1,YERLİ,35.15,İthalat dosyası,H,,3825.7895,45,2024,12,51
H00007,320.01.0006,IRS25702562,2025-01-05,1000,1,115.1837,1,YERLİ,35.6,Sevk irsaliyesi,H,,3235.4972,90,2025,1,1
H00014,320.01.0006,IRS24702563,2024-12-24,250,0.25,99.56,1,YERLİ,35.15,İthalat dosyası,E,Şartlı kabul,708.1081,90,2024,12,52
D00011,320.01.0006,IRS25702564,2025-01-13,500,500,74.8154,1,YERLİ,35.6,Numune kabul,E,,1050.7781,90,2025,1,3
H00001,320.01.0008,IRS25702565,2025-01-08,500,0.5,51.7368,1,YERLİ,35.6,İthalat dosyası,E,Şartlı kabul,726.6404,0,2025,1,2
H00006,320.01.0016,IRS24702566,2024-12-28,10000,10,111.5091,1,İTHAL,35.15,Numune kabul,E,Şartlı kabul,31723.7838,0,2024,12,52
H00004,320.01.0016,IRS25702567,2025-01-11,1000,1,21.4048,1,İTHAL,35.6,Numune kabul,E,,601.2584,90,2025,1,2
H00011,320.01.0005,IRS25702568,2025-01-19,120,0.12,53.779,1,İTHAL,35.6,İthalat dosyası,E,Kalite onaylı,181.2775,45,2025,1,3
H00014,320.01.0038,IRS24702570,2024-12-14,1000,1,99.902,1,YERLİ,35.15,Sevk irsaliyesi,H,,2842.1622,45,2024,12,50
D00008,320.01.0038,IRS25702571,2025-01-25,5000,5000,378.2021,1,YERLİ,35.6,Mal kabul,H,Kalite onaylı,53118.2725,60,2025,1,4
H00006,320.01.0001,IRS25702572,2025-02-03,1000,1,105.5768,1,YERLİ,36.3667,Numune kabul,H,Kalite onaylı,2903.1174,45,2025,2,6
H00003,320.01.0001,IRS25702573,2025-01-02,500,0.5,36.5269,1,YERLİ,35.6,İthalat dosyası,H,Şartlı kabul,513.0183,0,2025,1,1
H00013,320.01.0001,IRS24702574,2024-12-23,10000,10000,61.6846,1,YERLİ,35.15,Sevk irsaliyesi,H,Kalite onaylı,17548.9616,90,2024,12,52
H00004,320.01.0016,IRS25702575,2025-01-12,500,0.5,22.3606,1,İTHAL,35.6,Sevk irsaliyesi,E,,314.0534,45,2025,1,2
H00010,320.01.0016,IRS25702576,2025-01-10,1000,1,27.5308,1,İTHAL,35.6,Kısmi teslim,H,Kalite onaylı,773.3371,0,2025,1,2
H00012,320.01.0029,IRS25702577,2025-01-05,1000,1000,103.3122,1,İTHAL,35.6,Numune kabul,H,Kalite onaylı,2902.0281,60,2025,1,1
D00010,320.01.0042,IRS24702578,2024-12-18,1000,1000,365.2345,1,YERLİ,35.15,Mal kabul,H,,10390.7397,0,2024,12,51
D00008,320.01.0001,IRS25702579,2025-02-06,500,500,383.392,1,YERLİ,36.3667,Numune kabul,E,Kalite onaylı,5271.1959,90,2025,2,6
H00011,320.01.0011,IRS25702580,2025-01-28,500,0.5,51.3712,1,YERLİ,35.6,Numune kabul,E,,721.5056,90,2025,1,5
H00015,320.01.0011,IRS24702581,2024-12-26,5000,5,25.8257,1,YERLİ,35.15,Numune kabul,E,,3673.6415,30,2024,12,52
H00003,320.01.0011,IRS24702582,2024-12-16,10000,10,38.9832,1,YERLİ,35.15,Numune kabul,H,,11090.5263,45,2024,12,51
H00011,320.01.0026,IRS25702583,2025-01-07,250,0.25,52.8534,1,YERLİ,35.6,Sevk irsaliyesi,H,Şartlı kabul,371.1615,60,2025,1,2
H00016,320.01.0036,IRS25702584,2025-01-25,500,500,52.6282,1,İTHAL,35.6,Mal kabul,H,Kalite onaylı,739.1601,45,2025,1,4
H00012,320.01.0036,IRS25702585,2025-01-05,2000,2000,94.856,1,İTHAL,35.6,İthalat dosyası,H,Kalite onaylı,5328.9888,60,2025,1,1
D00004,320.01.0001,IRS24702586,2024-12-24,1000,1000,25.7165,1,YERLİ,35.15,İthalat dosyası,E,Şartlı kabul,731.6216,45,2024,12,52
D00007,320.01.0039,IRS25702587,2025-02-08,10000,10000,156.8443,1,YERLİ,36.3667,Mal kabul,H,,43128.5489,45,2025,2,6
H00016,320.01.0004,IRS25702588,2025-01-02,2000,2000,44.7192,1,YERLİ,35.6,İthalat dosyası,E,Kalite onaylı,2512.3146,30,2025,1,1
H00014,320.01.0011,IRS25702589,2025-01-21,5000,5,86.6154,1,YERLİ,35.6,İthalat dosyası,E,Şartlı kabul,12165.0843,90,2025,1,4
D00002,320.01.0018,IRS24702590,2024-12-28,5000,5000,152.853,1,İTHAL,35.15,Numune kabul,E,Kalite onaylı,21742.9587,30,2024,12,52
H00005,320.01.0018,IRS24702591,2024-12-27,10000,10,50.8478,1,İTHAL,35.15,Mal kabul,H,Şartlı kabul,14465.9459,60,2024,12,52
H00010,320.01.0026,IRS25702592,2025-03-08,2000,2,24.9197,1,YERLİ,37.1333,Mal kabul,H,Şartlı kabul,1342.1754,30,2025,3,10
H00013,320.01.0026,IRS24702593,2024-12-23,250,250,63.3861,1,YERLİ,35.15,Sevk irsaliyesi,E,Şartlı kabul,450.8257,90,2024,12,52
H00013,320.01.0026,IRS25702594,2025-03-08,5000,5000,54.7273,1,YERLİ,37.1333,Kısmi teslim,E,Şartlı kabul,7369.0326,30,2025,3,10
H00007,320.01.0003,IRS25702595,2025-01-02,120,0.12,109.0266,1,YERLİ,35.6,İthalat dosyası,H,Şartlı kabul,367.5054,45,2025,1,1
D00011,320.01.0003,IRS24702596,2024-12-28,500,500,72.072,1,YERLİ,35.15,Kısmi teslim,H,Kalite onaylı,1025.2063,90,2024,12,52
D00001,320.01.0033,IRS25702597,2025-01-01,1000,1000,332.6094,1,YERLİ,35.6,Sevk irsaliyesi,H,Kalite onaylı,9342.9607,0,2025,1,1
H00010,320.01.0008,IRS24702598,2024-12-18,250,0.25,27.6893,1,YERLİ,35.15,Numune kabul,E,Kalite onaylı,196.9367,30,2024,12,51
H00011,320.01.0041,IRS25702599,2025-01-26,250,0.25,61.6011,1,YERLİ,35.6,Numune kabul,H,,432.592,90,2025,1,4
H00013,320.01.0041,IRS24702600,2024-12-20,120,120,52.8318,1,YERLİ,35.15,Mal kabul,H,Şartlı kabul,180.3646,60,2024,12,51
H00005,320.01.0001,IRS25702601,2025-02-12,120,0.12,56.7841,1,YERLİ,36.3667,Numune kabul,E,Kalite onaylı,187.3717,90,2025,2,7
H00001,320.01.0001,IRS25702602,2025-01-03,250,0.25,57.3819,1,YERLİ,35.6,İthalat dosyası,H,Şartlı kabul,402.9628,45,2025,1,1
D00011,320.01.0002,IRS25702604,2025-01-14,250,250,79.1582,1,YERLİ,35.6,İthalat dosyası,H,Kalite onaylı,555.8862,60,2025,1,3
H00008,320.01.0002,IRS25702605,2025-02-01,2000,2,25.0578,1,YERLİ,36.3667,İthalat dosyası,H,,1378.0629,45,2025,2,5
D00003,320.01.0027,IRS25702606,2025-01-07,2000,2000,337.1991,1,YERLİ,35.6,Kısmi teslim,H,Kalite onaylı,18943.7697,30,2025,1,2
D00009,320.01.0027,IRS25702607,2025-03-19,10000,10000,79.0446,1,YERLİ,37.1333,İthalat dosyası,H,,21286.7157,45,2025,3,12
H00006,320.01.0048,IRS24702608,2024-12-30,500,0.5,122.3142,1,YERLİ,35.15,İthalat dosyası,E,Şartlı kabul,1739.889,0,2024,12,1
H00015,320.01.0048,IRS24702609,2024-12-20,2000,2,25.8447,1,YERLİ,35.15,Kısmi teslim,E,,1470.5377,30,2024,12,51
D00012,320.01.0048,IRS25702610,2025-03-08,120,120,181.409,1,YERLİ,37.1333,Kısmi teslim,H,,586.2415,0,2025,3,10
H00005,320.01.0001,IRS25702611,2025-01-10,125,0.125,48.5369,1,YERLİ,35.6,Sevk irsaliyesi,E,Kalite onaylı,170.4245,45,2025,1,2
H00010,320.01.0004,IRS24702612,2024-12-20,1000,1,29.5271,1,YERLİ,35.15,İthalat dosyası,E,Şartlı kabul,840.0313,60,2024,12,51
H00003,320.01.0004,IRS25702613,2025-01-07,5000,5,37.1715,1,YERLİ,35.6,İthalat dosyası,H,Şartlı kabul,5220.7163,60,2025,1,2
H00002,320.01.0012,IRS25702614,2025-03-13,250,0.25,112.4312,1,YERLİ,37.1333,İthalat dosyası,H,Kalite onaylı,756.9432,0,2025,3,11
H00002,320.01.0012,IRS25702615,2025-01-07,120,0.12,106.3489,1,YERLİ,35.6,İthalat dosyası,H,Kalite onaylı,358.4794,30,2025,1,2
D00004,320.01.0012,IRS25702616,2025-03-23,500,500,26.5094,1,YERLİ,37.1333,Numune kabul,E,Şartlı kabul,356.9492,30,2025,3,12
D00012,320.01.0012,IRS25702617,2025-02-25,500,500,174.6454,1,YERLİ,36.3667,Numune kabul,H,Kalite onaylı,2401.172,60,2025,2,9
D00009,320.01.0013,IRS25702618,2025-01-08,5000,5000,79.469,1,YERLİ,35.6,Kısmi teslim,E,Kalite onaylı,11161.3764,30,2025,1,2
D00009,320.01.0013,IRS25702619,2025-01-13,120,120,69.2916,1,YERLİ,35.6,Numune kabul,E,Şartlı kabul,233.5672,0,2025,1,3
H00016,320.01.0020,IRS25702620,2025-01-26,10000,10000,54.0288,1,YERLİ,35.6,Kısmi teslim,E,Kalite onaylı,15176.6292,90,2025,1,4
D00002,320.01.0026,IRS25702621,2025-01-09,2000,2000,178.4019,1,YERLİ,35.6,Mal kabul,E,Şartlı kabul,10022.5787,45,2025,1,2
D00010,320.01.0026,IRS25702622,2025-02-20,250,250,383.4894,1,YERLİ,36.3667,İthalat dosyası,H,Şartlı kabul,2636.2675,90,2025,2,8
D00010,320.01.0026,IRS25702623,2025-01-09,1000,1000,391.979,1,YERLİ,35.6,Sevk irsaliyesi,E,Kalite onaylı,11010.6461,90,2025,1,2
H00005,320.01.0007,IRS25702624,2025-01-20,250,0.25,57.2419,1,İTHAL,35.6,İthalat dosyası,H,Şartlı kabul,401.9796,90,2025,1,4
H00011,320.01.0007,IRS25702625,2025-01-07,10000,10,58.7724,1,İTHAL,35.6,İthalat dosyası,E,,16509.1011,0,2025,1,2
D00001,320.01.0007,IRS25702626,2025-03-16,250,250,309.0851,1,İTHAL,37.1333,Kısmi teslim,E,Şartlı kabul,2080.9159,30,2025,3,11
H00009,320.01.0001,IRS25702627,2025-01-02,10000,10,25.5202,1,YERLİ,35.6,İthalat dosyası,E,Şartlı kabul,7168.5955,30,2025,1,1
D00001,320.01.0001,IRS25702628,2025-02-18,250,250,291.3788,1,YERLİ,36.3667,Numune kabul,E,Kalite onaylı,2003.0605,30,2025,2,8
H00006,320.01.0001,IRS25702629,2025-02-13,500,0.5,111.794,1,YERLİ,36.3667,Mal kabul,E,Kalite onaylı,1537.038,90,2025,2,7
H00010,320.01.0044,IRS25702630,2025-03-20,5000,5,25.0389,1,YERLİ,37.1333,Mal kabul,H,,3371.4887,90,2025,3,12
D00001,320.01.0044,IRS25702631,2025-01-31,2000,2000,288.8355,1,YERLİ,35.6,Kısmi teslim,E,Kalite onaylı,16226.7135,45,2025,1,5
H00002,320.01.0032,IRS25702632,2025-01-09,250,0.25,101.05,1,YERLİ,35.6,Mal kabul,H,Şartlı kabul,709.6208,90,2025,1,2
H00003,320.01.0032,IRS25702633,2025-02-14,2000,2,36.6968,1,YERLİ,36.3667,İthalat dosyası,E,Şartlı kabul,2018.154,30,2025,2,7
H00005,320.01.0032,IRS25702634,2025-02-07,500,0.5,52.098,1,YERLİ,36.3667,Numune kabul,E,,716.2872,30,2025,2,6
H00014,320.01.0048,IRS25702635,2025-02-07,5000,5,88.4623,1,YERLİ,36.3667,İthalat dosyası,H,,12162.5416,90,2025,2,6
H00004,320.01.0048,IRS25702636,2025-02-14,5000,5,24.5571,1,YERLİ,36.3667,İthalat dosyası,H,Kalite onaylı,3376.3168,60,2025,2,7
D00010,320.01.0048,IRS25702637,2025-02-15,1000,1000,348.2008,1,YERLİ,36.3667,Mal kabul,E,Şartlı kabul,9574.7153,45,2025,2,7
H00015,320.01.0002,IRS25702638,2025-02-15,1000,1,30.0215,1,YERLİ,36.3667,Mal kabul,E,Kalite onaylı,825.5217,60,2025,2,7
D00010,320.01.0002,IRS25702639,2025-01-01,250,250,307.1227,1,YERLİ,35.6,Mal kabul,E,Kalite onaylı,2156.7605,45,2025,1,1
H00004,320.01.0002,IRS25702640,2025-01-29,5000,5,22.5047,1,YERLİ,35.6,Mal kabul,H,Şartlı kabul,3160.7725,60,2025,1,5
D00010,320.01.0031,IRS25702641,2025-03-20,1000,1000,369.6864,1,YERLİ,37.1333,Sevk irsaliyesi,H,Kalite onaylı,9955.6571,60,2025,3,12
H00009,320.01.0040,IRS25702642,2025-01-10,120,0.12,23.5797,1,YERLİ,35.6,Numune kabul,E,Kalite onaylı,79.4821,60,2025,1,2
D00004,320.01.0040,IRS25702643,2025-01-16,2000,2000,24.5776,1,YERLİ,35.6,İthalat dosyası,E,Şartlı kabul,1380.764,90,2025,1,3
H00008,320.01.0001,IRS25702644,2025-02-09,10000,10,23.2069,1,YERLİ,36.3667,Kısmi teslim,E,Şartlı kabul,6381.3599,45,2025,2,6
H00015,320.01.0001,IRS25702645,2025-02-20,120,0.12,30.7982,1,YERLİ,36.3667,Sevk irsaliyesi,H,Şartlı kabul,101.6255,30,2025,2,8
D00004,320.01.0004,IRS25702646,2025-02-24,1000,1000,23.0412,1,YERLİ,36.3667,İthalat dosyası,E,Kalite onaylı,633.5796,30,2025,2,9
H00013,320.01.0007,IRS25702647,2025-01-22,120,120,65.5613,1,İTHAL,35.6,Kısmi teslim,H,Kalite onaylı,220.9931,45,2025,1,4
D00009,320.01.0001,IRS25702648,2025-01-10,250,250,81.8052,1,YERLİ,35.6,Mal kabul,H,,574.4747,0,2025,1,2
D00001,320.01.0001,IRS25702649,2025-01-12,2000,2000,279.5503,1,YERLİ,35.6,İthalat dosyası,H,Şartlı kabul,15705.073,30,2025,1,2
H00015,320.01.0001,IRS25702651,2025-01-20,5000,5,29.3689,1,YERLİ,35.6,Kısmi teslim,H,,4124.8455,45,2025,1,4
H00015,320.01.0001,IRS25702652,2025-01-09,60,0.06,26.2465,1,YERLİ,35.6,Numune kabul,H,Kalite onaylı,44.2357,45,2025,1,2
H00014,320.01.0021,IRS25702653,2025-02-20,500,0.5,92.9924,1,İTHAL,36.3667,Numune kabul,H,Şartlı kabul,1278.5378,60,2025,2,8
D00006,320.01.0021,IRS25702654,2025-02-24,10000,10000,172.1221,1,İTHAL,36.3667,Sevk irsaliyesi,H,Kalite onaylı,47329.59,45,2025,2,9
H00015,320.01.0007,IRS25702655,2025-01-24,1000,1,25.3429,1,İTHAL,35.6,Kısmi teslim,E,Kalite onaylı,711.8792,90,2025,1,4
H00003,320.01.0004,IRS25702656,2025-01-27,10000,10,39.8457,1,YERLİ,35.6,İthalat dosyası,H,Kalite onaylı,11192.6124,45,2025,1,5
H00005,320.01.0004,IRS25702657,2025-01-24,2000,2,49.3735,1,YERLİ,35.6,Kısmi teslim,H,Kalite onaylı,2773.7921,0,2025,1,4
D00003,320.01.0003,IRS25702658,2025-01-28,10000,10000,285.2301,1,YERLİ,35.6,İthalat dosyası,H,Şartlı kabul,80120.8146,30,2025,1,5
H00016,320.01.0040,IRS25702659,2025-02-11,500,500,47.604,1,YERLİ,36.3667,Kısmi teslim,H,,654.4999,30,2025,2,7
H00013,320.01.0040,IRS25702660,2025-02-05,250,250,60.5667,1,YERLİ,36.3667,Mal kabul,E,Kalite onaylı,416.361,60,2025,2,6
D00011,320.01.0040,IRS25702661,2025-03-31,5000,5000,74.1913,1,YERLİ,37.1333,Kısmi teslim,H,,9989.8609,60,2025,3,14
H00007,320.01.0013,IRS25702662,2025-01-08,250,0.25,96.9844,1,YERLİ,35.6,Kısmi teslim,H,Kalite onaylı,681.0702,90,2025,1,2
D00008,320.01.0001,IRS25702663,2025-01-24,1000,1000,355.7615,1,YERLİ,35.6,Mal kabul,H,Kalite onaylı,9993.3006,90,2025,1,4
D00001,320.01.0001,IRS25702664,2025-03-27,5000,5000,341.2985,1,YERLİ,37.1333,Numune kabul,E,Şartlı kabul,45955.8536,45,2025,3,13
H00005,320.01.0001,IRS25702665,2025-01-23,10000,10,54.5832,1,YERLİ,35.6,Kısmi teslim,H,,15332.3596,30,2025,1,4
D00005,320.01.0002,IRS25702666,2025-02-10,10000,10000,264.4432,1,YERLİ,36.3667,İthalat dosyası,H,,72715.7537,45,2025,2,7
D00002,320.01.0002,IRS25702667,2025-01-12,5000,5000,148.2002,1,YERLİ,35.6,Sevk irsaliyesi,H,Şartlı kabul,20814.6348,0,2025,1,2
D00006,320.01.0001,IRS25702668,2025-04-04,5000,5000,172.7451,1,YERLİ,37.9,Mal kabul,E,Kalite onaylı,22789.591,45,2025,4,14
H00007,320.01.0001,IRS25702669,2025-02-14,500,0.5,105.7506,1,YERLİ,36.3667,İthalat dosyası,H,,1453.9483,30,2025,2,7
H00003,320.01.0001,IRS25702670,2025-01-24,5000,5,32.5771,1,YERLİ,35.6,Mal kabul,E,Şartlı kabul,4575.4354,0,2025,1,4
H00011,320.01.0001,IRS25702671,2025-03-02,10000,10,62.4201,1,YERLİ,37.1333,İthalat dosyası,E,Şartlı kabul,16809.7368,30,2025,3,9
H00007,320.01.0008,IRS25702672,2025-03-08,250,0.25,111.0912,1,YERLİ,37.1333,Kısmi teslim,H,,747.9217,45,2025,3,10
D00005,320.01.0001,IRS25702673,2025-02-18,2000,2000,314.8784,1,YERLİ,36.3667,Numune kabul,E,Kalite onaylı,17316.8531,30,2025,2,8
D00010,320.01.0020,IRS25702674,2025-01-23,5000,5000,361.2216,1,YERLİ,35.6,Kısmi teslim,H,Kalite onaylı,50733.3708,90,2025,1,4
H00002,320.01.0020,IRS25702675,2025-01-22,1000,1,116.7577,1,YERLİ,35.6,Numune kabul,E,Şartlı kabul,3279.7107,90,2025,1,4
D00002,320.01.0014,IRS25702676,2025-03-13,2000,2000,177.5815,1,YERLİ,37.1333,Mal kabul,H,Şartlı kabul,9564.5418,0,2025,3,11
H00009,320.01.0014,IRS25702677,2025-01-24,5000,5,24.3133,1,YERLİ,35.6,İthalat dosyası,H,Şartlı kabul,3414.7893,60,2025,1,4
D00011,320.01.0004,IRS25702678,2025-03-04,500,500,74.4961,1,YERLİ,37.1333,Mal kabul,E,Şartlı kabul,1003.0902,0,2025,3,10
D00005,320.01.0005,IRS25702679,2025-04-10,1000,1000,283.633,1,İTHAL,37.9,Kısmi teslim,E,,7483.7203,60,2025,4,15
D00005,320.01.0005,IRS25702680,2025-01-28,5000,5000,271.4775,1,İTHAL,35.6,Kısmi teslim,H,Kalite onaylı,38128.8624,45,2025,1,5
D00007,320.01.0005,IRS25702681,2025-01-30,500,500,149.136,1,İTHAL,35.6,Sevk irsaliyesi,H,Şartlı kabul,2094.6067,45,2025,1,5
H00005,320.01.0015,IRS25702682,2025-02-18,250,0.25,58.4945,1,İTHAL,36.3667,Mal kabul,E,,402.1158,30,2025,2,8
D00010,320.01.0015,IRS25702683,2025-03-08,2000,2000,354.1681,1,İTHAL,37.1333,İthalat dosyası,H,Kalite onaylı,19075.4983,60,2025,3,10
D00004,320.01.0021,IRS25702685,2025-01-15,2000,2000,25.6352,1,İTHAL,35.6,Kısmi teslim,H,Kalite onaylı,1440.1798,90,2025,1,3
H00014,320.01.0007,IRS25702686,2025-04-07,500,0.5,93.9795,1,İTHAL,37.9,Mal kabul,H,Kalite onaylı,1239.8351,90,2025,4,15
H00013,320.01.0007,IRS25702687,2025-01-15,120,120,61.2305,1,İTHAL,35.6,Kısmi teslim,E,Kalite onaylı,206.3949,30,2025,1,3
H00003,320.01.0023,IRS25702688,2025-02-24,5000,5,33.7375,1,YERLİ,36.3667,Kısmi teslim,H,,4638.5155,45,2025,2,9
D00010,320.01.0023,IRS25702689,2025-04-12,1000,1000,345.1715,1,YERLİ,37.9,Mal kabul,E,Kalite onaylı,9107.4274,0,2025,4,15
H00007,320.01.0003,IRS25702690,2025-01-23,250,0.25,119.3338,1,YERLİ,35.6,Kısmi teslim,E,Şartlı kabul,838.0183,90,2025,1,4
H00015,320.01.0003,IRS25702691,2025-02-04,5000,5,30.172,1,YERLİ,36.3667,Sevk irsaliyesi,H,,4148.3005,90,2025,2,6
D00006,320.01.0042,IRS25702692,2025-02-21,250,250,212.5118,1,YERLİ,36.3667,Mal kabul,E,Şartlı kabul,1460.8955,90,2025,2,8
H00009,320.01.0042,IRS25702693,2025-02-02,250,0.25,24.6943,1,YERLİ,36.3667,Sevk irsaliyesi,H,Kalite onaylı,169.759,90,2025,2,5
D00006,320.01.0054,IRS25702694,2025-01-28,10000,10000,214.17,1,YERLİ,35.6,Kısmi teslim,H,Kalite onaylı,60160.1124,0,2025,1,5
H00009,320.01.0054,IRS25702695,2025-02-21,5000,5,22.7741,1,YERLİ,36.3667,Kısmi teslim,E,Kalite onaylı,3131.1749,30,2025,2,8
H00012,320.01.0012,IRS25702696,2025-01-25,2000,2000,107.4563,1,YERLİ,35.6,Sevk irsaliyesi,H,Kalite onaylı,6036.8708,0,2025,1,4
D00008,320.01.0012,IRS25702697,2025-01-27,500,500,349.1848,1,YERLİ,35.6,Mal kabul,E,Kalite onaylı,4904.2809,60,2025,1,5
D00004,320.01.0012,IRS25702698,2025-03-08,250,250,25.0762,1,YERLİ,37.1333,Sevk irsaliyesi,E,Kalite onaylı,168.8256,30,2025,3,10
H00002,320.01.0044,IRS25702699,2025-02-09,2000,2,110.2246,1,YERLİ,36.3667,Numune kabul,E,Şartlı kabul,6061.8423,45,2025,2,6
H00015,320.01.0044,IRS25702700,2025-03-13,120,0.12,29.9719,1,YERLİ,37.1333,Numune kabul,E,Şartlı kabul,96.8572,45,2025,3,11
H00010,320.01.0016,IRS25702701,2025-02-08,10000,10,25.3407,1,İTHAL,36.3667,Sevk irsaliyesi,E,,6968.1054,30,2025,2,6
D00004,320.01.0016,IRS25702702,2025-01-25,5000,5000,24.9191,1,İTHAL,35.6,Numune kabul,H,,3499.8736,0,2025,1,4
D00007,320.01.0001,IRS25702703,2025-01-25,120,120,152.6556,1,YERLİ,35.6,Kısmi teslim,E,Şartlı kabul,514.5694,45,2025,1,4
H00008,320.01.0001,IRS25702704,2025-01-30,1000,1,23.5171,1,YERLİ,35.6,Mal kabul,H,,660.5927,30,2025,1,5
H00001,320.01.0006,IRS25702705,2025-02-01,2000,2,51.696,1,YERLİ,36.3667,Numune kabul,H,Kalite onaylı,2843.0405,90,2025,2,5
D00012,320.01.0006,IRS25702706,2025-03-10,2000,2000,187.917,1,YERLİ,37.1333,İthalat dosyası,E,Kalite onaylı,10121.212,45,2025,3,11
H00003,320.01.0003,IRS25702707,2025-03-16,2000,2,38.6115,1,YERLİ,37.1333,İthalat dosyası,H,Şartlı kabul,2079.6159,0,2025,3,11
D00007,320.01.0002,IRS25702708,2025-01-23,2000,2000,152.0176,1,YERLİ,35.6,Kısmi teslim,H,,8540.3146,30,2025,1,4
H00005,320.01.0002,IRS25702709,2025-04-19,10000,10,51.54,1,YERLİ,37.9,Mal kabul,H,,13598.9446,90,2025,4,16
D00009,320.01.0012,IRS25702710,2025-04-17,120,120,81.1614,1,YERLİ,37.9,İthalat dosyası,E,Şartlı kabul,256.9754,30,2025,4,16
H00012,320.01.0012,IRS25702711,2025-04-15,5000,5000,103.1351,1,YERLİ,37.9,Mal kabul,E,,13606.2137,60,2025,4,16
H00015,320.01.0012,IRS25702712,2025-04-19,120,0.12,28.2259,1,YERLİ,37.9,Sevk irsaliyesi,E,Şartlı kabul,89.3696,45,2025,4,16
H00003,320.01.0007,IRS25702713,2025-01-23,10000,10,32.172,1,İTHAL,35.6,İthalat dosyası,H,Kalite onaylı,9037.0787,90,2025,1,4
D00005,320.01.0007,IRS25702714,2025-02-02,10000,10000,316.7896,1,İTHAL,36.3667,Mal kabul,E,Şartlı kabul,87109.801,90,2025,2,5
H00007,320.01.0004,IRS25702715,2025-04-07,500,0.5,116.2423,1,YERLİ,37.9,Sevk irsaliyesi,E,Şartlı kabul,1533.5396,60,2025,4,15
H00007,320.01.0004,IRS25702716,2025-03-16,2000,2,111.2596,1,YERLİ,37.1333,Sevk irsaliyesi,H,Şartlı kabul,5992.4434,90,2025,3,11
D00002,320.01.0004,IRS25702717,2025-02-16,10000,10000,149.0159,1,YERLİ,36.3667,Mal kabul,H,Şartlı kabul,40975.9203,0,2025,2,7
H00012,320.01.0003,IRS25702719,2025-01-20,5000,5000,114.1223,1,YERLİ,35.6,İthalat dosyası,H,Şartlı kabul,16028.4129,0,2025,1,4
D00012,320.01.0001,IRS25702720,2025-01-23,10000,10000,172.0815,1,YERLİ,35.6,Mal kabul,E,Şartlı kabul,48337.5,0,2025,1,4
H00012,320.01.0001,IRS25702721,2025-03-08,250,250,119.5266,1,YERLİ,37.1333,Numune kabul,H,Şartlı kabul,804.713,30,2025,3,10
H00016,320.01.0001,IRS25702722,2025-01-27,5000,5000,44.5003,1,YERLİ,35.6,Numune kabul,E,Şartlı kabul,6250.0421,60,2025,1,5
H00013,320.01.0001,IRS25702723,2025-03-08,10000,10000,54.5989,1,YERLİ,37.1333,Mal kabul,H,Kalite onaylı,14703.4872,30,2025,3,10
D00006,320.01.0005,IRS25702724,2025-01-18,120,120,181.0398,1,İTHAL,35.6,Sevk irsaliyesi,H,,610.2465,30,2025,1,3
H00003,320.01.0005,IRS25702725,2025-02-19,250,0.25,35.9561,1,İTHAL,36.3667,Kısmi teslim,H,Şartlı kabul,247.1774,90,2025,2,8
D00006,320.01.0001,IRS25702726,2025-01-28,1000,1000,204.7971,1,YERLİ,35.6,Sevk irsaliyesi,H,Şartlı kabul,5752.7275,60,2025,1,5
H00010,320.01.0001,IRS25702727,2025-02-01,1000,1,24.8108,1,YERLİ,36.3667,İthalat dosyası,E,Şartlı kabul,682.2395,60,2025,2,5
D00002,320.01.0006,IRS25702728,2025-02-08,5000,5000,156.8558,1,YERLİ,36.3667,Numune kabul,E,Kalite onaylı,21565.8556,45,2025,2,6
H00007,320.01.0003,IRS25702729,2025-03-24,500,0.5,106.1329,1,YERLİ,37.1333,Numune kabul,H,Şartlı kabul,1429.0798,60,2025,3,13
D00002,320.01.0003,IRS25702730,2025-02-28,250,250,178.8693,1,YERLİ,36.3667,Numune kabul,E,Kalite onaylı,1229.6228,60,2025,2,9
D00001,320.01.0003,IRS25702731,2025-02-14,120,120,276.6805,1,YERLİ,36.3667,Mal kabul,H,Şartlı kabul,912.9687,45,2025,2,7
H00010,320.01.0002,IRS25702732,2025-02-03,500,0.5,30.8369,1,YERLİ,36.3667,Sevk irsaliyesi,E,Kalite onaylı,423.9717,60,2025,2,6
D00009,320.01.0011,IRS25702733,2025-02-23,1000,1000,84.0502,1,YERLİ,36.3667,Numune kabul,H,,2311.1858,30,2025,2,8
D00004,320.01.0007,IRS25702734,2025-01-25,5000,5000,23.5179,1,İTHAL,35.6,Kısmi teslim,H,,3303.0758,30,2025,1,4
D00006,320.01.0007,IRS25702735,2025-02-08,10000,10000,171.8281,1,İTHAL,36.3667,Mal kabul,E,,47248.7468,30,2025,2,6
D00010,320.01.0007,IRS25702736,2025-03-15,500,500,322.5341,1,İTHAL,37.1333,İthalat dosyası,E,Şartlı kabul,4342.9227,0,2025,3,11
D00007,320.01.0005,IRS25702737,2025-03-10,10000,10000,132.6304,1,İTHAL,37.1333,İthalat dosyası,E,,35717.375,90,2025,3,11
D00004,320.01.0005,IRS25702738,2025-01-24,125,125,25.8651,1,İTHAL,35.6,Kısmi teslim,H,Kalite onaylı,90.8185,0,2025,1,4
D00012,320.01.0001,IRS25702739,2025-01-30,5000,5000,155.2389,1,YERLİ,35.6,Mal kabul,H,Şartlı kabul,21803.2163,45,2025,1,5
D00001,320.01.0015,IRS25702741,2025-02-15,250,250,343.4258,1,İTHAL,36.3667,İthalat dosyası,H,Şartlı kabul,2360.8535,45,2025,2,7
H00010,320.01.0002,IRS25702744,2025-02-17,250,0.25,26.6388,1,YERLİ,36.3667,Mal kabul,E,Kalite onaylı,183.1263,60,2025,2,8
D00009,320.01.0006,IRS25702745,2025-02-07,2000,2000,76.0071,1,YERLİ,36.3667,Sevk irsaliyesi,H,,4180.0383,60,2025,2,6
D00007,320.01.0045,IRS25702746,2025-02-13,5000,5000,127.8667,1,YERLİ,36.3667,Sevk irsaliyesi,H,,17580.1901,60,2025,2,7
D00002,320.01.0002,IRS25702747,2025-01-29,250,250,151.1406,1,YERLİ,35.6,İthalat dosyası,H,Kalite onaylı,1061.3806,60,2025,1,5
D00009,320.01.0006,IRS25702748,2025-03-11,500,500,83.2676,1,YERLİ,37.1333,Numune kabul,E,Kalite onaylı,1121.1985,90,2025,3,11
H00001,320.01.0006,IRS25702749,2025-04-23,1000,1,53.693,1,YERLİ,37.9,İthalat dosyası,H,,1416.7018,0,2025,4,17
H00014,320.01.0002,IRS25702750,2025-02-05,500,0.5,88.46,1,YERLİ,36.3667,İthalat dosyası,H,Kalite onaylı,1216.2225,90,2025,2,6
D00011,320.01.0002,IRS25702751,2025-02-25,2000,2000,73.1025,1,YERLİ,36.3667,Kısmi teslim,E,Kalite onaylı,4020.2988,0,2025,2,9
H00005,320.01.0006,IRS25702752,2025-02-25,500,0.5,58.6352,1,YERLİ,36.3667,Kısmi teslim,E,Şartlı kabul,806.1661,30,2025,2,9
D00005,320.01.0012,IRS25702753,2025-02-05,5000,5000,268.3161,1,YERLİ,36.3667,Sevk irsaliyesi,E,Şartlı kabul,36890.3557,60,2025,2,6
D00002,320.01.0001,IRS25702754,2025-03-24,10000,10000,159.5325,1,YERLİ,37.1333,Sevk irsaliyesi,H,,42962.1122,45,2025,3,13
H00009,320.01.0001,IRS25702755,2025-03-18,1000,1,21.2447,1,YERLİ,37.1333,Mal kabul,H,Şartlı kabul,572.1199,60,2025,3,12
D00001,320.01.0019,IRS25702756,2025-02-25,2000,2000,287.181,1,YERLİ,36.3667,Numune kabul,E,Şartlı kabul,15793.6244,45,2025,2,9
H00013,320.01.0016,IRS25702757,2025-02-02,120,120,58.0253,1,İTHAL,36.3667,Numune kabul,H,Kalite onaylı,191.4674,30,2025,2,5
H00002,320.01.0016,IRS25702758,2025-02-07,1000,1,113.0641,1,İTHAL,36.3667,Sevk irsaliyesi,E,,3109.0008,90,2025,2,6
H00006,320.01.0001,IRS25702759,2025-02-07,1000,1,104.7184,1,YERLİ,36.3667,Mal kabul,E,Şartlı kabul,2879.5134,45,2025,2,6
H00016,320.01.0001,IRS25702760,2025-02-13,250,250,44.6453,1,YERLİ,36.3667,Mal kabul,H,,306.9106,60,2025,2,7
H00014,320.01.0052,IRS25702761,2025-04-28,500,0.5,85.6262,1,YERLİ,37.9,İthalat dosyası,H,Kalite onaylı,1129.6332,60,2025,4,18
H00001,320.01.0052,IRS25702762,2025-02-02,5000,5,59.4475,1,YERLİ,36.3667,Mal kabul,H,Kalite onaylı,8173.3426,90,2025,2,5
D00004,320.01.0031,IRS25702763,2025-02-05,120,120,26.3939,1,YERLİ,36.3667,Sevk irsaliyesi,E,Şartlı kabul,87.0925,0,2025,2,6
H00001,320.01.0005,IRS25702764,2025-02-04,250,0.25,51.0813,1,İTHAL,36.3667,Mal kabul,H,,351.1544,0,2025,2,6
D00008,320.01.0005,IRS25702765,2025-02-15,250,250,325.2902,1,İTHAL,36.3667,İthalat dosyası,H,Şartlı kabul,2236.1817,90,2025,2,7
D00010,320.01.0043,IRS25702766,2025-03-20,10000,10000,381.4458,1,YERLİ,37.1333,Sevk irsaliyesi,H,Şartlı kabul,102723.3777,90,2025,3,12
H00014,320.01.0043,IRS25702767,2025-02-09,500,0.5,91.3213,1,YERLİ,36.3667,Sevk irsaliyesi,E,Şartlı kabul,1255.5621,45,2025,2,6
D00011,320.01.0043,IRS25702768,2025-03-11,500,500,75.1545,1,YERLİ,37.1333,Numune kabul,E,Şartlı kabul,1011.9556,45,2025,3,11
H00005,320.01.0003,IRS25702769,2025-02-04,500,0.5,51.5691,1,YERLİ,36.3667,Mal kabul,H,Şartlı kabul,709.0154,90,2025,2,6
H00008,320.01.0003,IRS25702770,2025-05-05,2000,2,23.8839,1,YERLİ,38.6667,Mal kabul,H,Kalite onaylı,1235.3731,90,2025,5,19
H00009,320.01.0003,IRS25702771,2025-02-08,1000,1,25.1068,1,YERLİ,36.3667,Numune kabul,H,,690.3788,90,2025,2,6
H00003,320.01.0025,IRS25702772,2025-02-16,120,0.12,35.2368,1,YERLİ,36.3667,Kısmi teslim,H,,116.2716,60,2025,2,7
D00012,320.01.0025,IRS25702773,2025-02-21,1000,1000,183.0931,1,YERLİ,36.3667,Mal kabul,E,Şartlı kabul,5034.6361,45,2025,2,8
H00015,320.01.0005,IRS25702774,2025-03-29,250,0.25,30.7666,1,İTHAL,37.1333,Sevk irsaliyesi,E,,207.1362,45,2025,3,13
D00008,320.01.0005,IRS25702775,2025-05-06,5000,5000,325.7691,1,İTHAL,38.6667,İthalat dosyası,H,,42125.2783,30,2025,5,19
H00008,320.01.0005,IRS25702776,2025-04-03,250,0.25,22.1679,1,İTHAL,37.9,İthalat dosyası,H,Şartlı kabul,146.2263,60,2025,4,14
H00014,320.01.0015,IRS25702777,2025-02-22,5000,5,105.0551,1,İTHAL,36.3667,İthalat dosyası,E,,14443.8594,90,2025,2,8
D00008,320.01.0015,IRS25702778,2025-02-26,5000,5000,337.4561,1,İTHAL,36.3667,Numune kabul,E,Şartlı kabul,46396.3049,0,2025,2,9
H00007,320.01.0031,IRS25702779,2025-02-04,120,0.12,114.4285,1,YERLİ,36.3667,Mal kabul,H,Kalite onaylı,377.5822,45,2025,2,6
H00016,320.01.0025,IRS25702780,2025-03-09,250,250,48.878,1,YERLİ,37.1333,Sevk irsaliyesi,H,Şartlı kabul,329.0712,90,2025,3,10
D00008,320.01.0025,IRS25702781,2025-03-09,2000,2000,337.5357,1,YERLİ,37.1333,Kısmi teslim,H,Kalite onaylı,18179.677,0,2025,3,10
D00006,320.01.0017,IRS25702782,2025-02-11,250,250,179.3333,1,YERLİ,36.3667,Kısmi teslim,H,,1232.8126,0,2025,2,7
D00007,320.01.0017,IRS25702783,2025-02-24,120,120,129.998,1,YERLİ,36.3667,Kısmi teslim,E,,428.9573,60,2025,2,9
H00014,320.01.0011,IRS25702784,2025-04-03,250,0.25,94.378,1,YERLİ,37.9,Kısmi teslim,H,Kalite onaylı,622.5462,0,2025,4,14
H00004,320.01.0011,IRS25702785,2025-02-20,5000,5,24.2565,1,YERLİ,36.3667,İthalat dosyası,H,Kalite onaylı,3334.9878,90,2025,2,8
D00008,320.01.0004,IRS25702786,2025-02-23,10000,10000,336.7372,1,YERLİ,36.3667,İthalat dosyası,H,,92594.9289,45,2025,2,8
D00008,320.01.0001,IRS25702787,2025-02-11,2000,2000,393.9317,1,YERLİ,36.3667,Numune kabul,E,Şartlı kabul,21664.4183,0,2025,2,7
D00004,320.01.0001,IRS25702788,2025-04-30,2000,2000,23.7828,1,YERLİ,37.9,Numune kabul,H,Kalite onaylı,1255.029,60,2025,4,18
D00002,320.01.0010,IRS25702789,2025-02-15,5000,5000,178.348,1,YERLİ,36.3667,İthalat dosyası,H,Kalite onaylı,24520.7841,90,2025,2,7
D00004,320.01.0010,IRS25702791,2025-03-06,120,120,27.6381,1,YERLİ,37.1333,Kısmi teslim,H,Kalite onaylı,89.3153,60,2025,3,10
H00016,320.01.0019,IRS25702792,2025-04-04,500,500,43.6925,1,YERLİ,37.9,Sevk irsaliyesi,E,Şartlı kabul,576.4182,45,2025,4,14
H00003,320.01.0019,IRS25702794,2025-02-26,5000,5,36.4645,1,YERLİ,36.3667,Sevk irsaliyesi,H,Kalite onaylı,5013.4464,60,2025,2,9
H00004,320.01.0004,IRS25702795,2025-04-04,120,0.12,23.2301,1,YERLİ,37.9,Sevk irsaliyesi,H,,73.5518,45,2025,4,14
D00003,320.01.0020,IRS25702796,2025-03-27,250,250,285.375,1,YERLİ,37.1333,Kısmi teslim,H,Kalite onaylı,1921.2876,60,2025,3,13
D00001,320.01.0025,IRS25702797,2025-03-09,5000,5000,339.007,1,YERLİ,37.1333,Mal kabul,E,Kalite onaylı,45647.3031,60,2025,3,10
H00011,320.01.0052,IRS25702798,2025-02-20,500,0.5,56.8589,1,YERLİ,36.3667,Numune kabul,E,Şartlı kabul,781.744,30,2025,2,8
D00007,320.01.0052,IRS25702799,2025-02-18,10000,10000,155.1987,1,YERLİ,36.3667,Sevk irsaliyesi,E,Kalite onaylı,42676.047,90,2025,2,8
D00004,320.01.0052,IRS25702800,2025-04-08,500,500,26.2371,1,YERLİ,37.9,Sevk irsaliyesi,E,Şartlı kabul,346.1359,45,2025,4,15
D00004,320.01.0005,IRS25702801,2025-03-18,5000,5000,26.8561,1,İTHAL,37.1333,İthalat dosyası,E,,3616.1747,0,2025,3,12
D00010,320.01.0004,IRS25702802,2025-05-04,2000,2000,368.2619,1,YERLİ,38.6667,İthalat dosyası,H,Şartlı kabul,19048.0129,0,2025,5,18
H00008,320.01.0004,IRS25702803,2025-03-05,10000,10,20.6212,1,YERLİ,37.1333,Numune kabul,E,Şartlı kabul,5553.2904,30,2025,3,10
H00001,320.01.0004,IRS25702804,2025-05-12,2000,2,62.6288,1,YERLİ,38.6667,Sevk irsaliyesi,H,Kalite onaylı,3239.4179,45,2025,5,20
H00005,320.01.0031,IRS25702805,2025-02-20,500,0.5,57.6929,1,YERLİ,36.3667,İthalat dosyası,H,,793.2105,90,2025,2,8
H00012,320.01.0020,IRS25702806,2025-04-05,500,500,115.5289,1,YERLİ,37.9,Mal kabul,E,Kalite onaylı,1524.128,30,2025,4,14
D00005,320.01.0020,IRS25702807,2025-05-05,2000,2000,296.2183,1,YERLİ,38.6667,İthalat dosyası,E,Şartlı kabul,15321.623,45,2025,5,19
D00001,320.01.0005,IRS25702808,2025-03-22,1000,1000,329.8685,1,İTHAL,37.1333,Kısmi teslim,H,Kalite onaylı,8883.3608,0,2025,3,12
D00006,320.01.0005,IRS25702809,2025-02-23,250,250,200.7276,1,İTHAL,36.3667,İthalat dosyası,H,,1379.886,60,2025,2,8
H00016,320.01.0005,IRS25702810,2025-05-03,1000,1000,51.6958,1,İTHAL,38.6667,Mal kabul,H,Şartlı kabul,1336.9592,0,2025,5,18
H00007,320.01.0004,IRS25702811,2025-02-18,5000,5,126.6889,1,YERLİ,36.3667,Sevk irsaliyesi,E,Şartlı kabul,17418.2563,0,2025,2,8
D00006,320.01.0040,IRS25702812,2025-03-19,500,500,211.202,1,YERLİ,37.1333,Numune kabul,E,,2843.8356,0,2025,3,12
D00008,320.01.0040,IRS25702813,2025-02-28,5000,5000,329.296,1,YERLİ,36.3667,Kısmi teslim,H,Kalite onaylı,45274.3856,90,2025,2,9
D00006,320.01.0040,IRS25702814,2025-05-02,1000,1000,181.9097,1,YERLİ,38.6667,Sevk irsaliyesi,E,Kalite onaylı,4704.5572,60,2025,5,18
H00006,320.01.0002,IRS25702815,2025-02-13,1000,1,122.8569,1,YERLİ,36.3667,Kısmi teslim,H,Kalite onaylı,3378.2801,90,2025,2,7
D00004,320.01.0002,IRS25702816,2025-02-25,250,250,28.1342,1,YERLİ,36.3667,İthalat dosyası,E,Kalite onaylı,193.4063,30,2025,2,9
H00006,320.01.0002,IRS25702817,2025-02-28,120,0.12,110.9623,1,YERLİ,36.3667,Sevk irsaliyesi,H,,366.1447,90,2025,2,9
H00013,320.01.0030,IRS25702818,2025-05-15,1000,1000,58.1616,1,YERLİ,38.6667,Kısmi teslim,H,Şartlı kabul,1504.178,45,2025,5,20
D00007,320.01.0019,IRS25702819,2025-04-15,500,500,146.0246,1,YERLİ,37.9,İthalat dosyası,E,,1926.4459,0,2025,4,16
H00010,320.01.0030,IRS25702820,2025-05-17,10000,10,26.8707,1,YERLİ,38.6667,Mal kabul,H,Şartlı kabul,6949.313,0,2025,5,20
H00004,320.01.0001,IRS25702821,2025-02-13,2000,2,24.0255,1,YERLİ,36.3667,Mal kabul,E,Şartlı kabul,1321.2912,60,2025,2,7
H00003,320.01.0001,IRS25702822,2025-03-29,10000,10,32.5521,1,YERLİ,37.1333,Numune kabul,H,,8766.2826,45,2025,3,13
H00009,320.01.0001,IRS25702823,2025-04-04,120,0.12,21.746,1,YERLİ,37.9,Mal kabul,H,Şartlı kabul,68.8528,0,2025,4,14
H00010,320.01.0001,IRS25702824,2025-04-19,10000,10,28.7666,1,YERLİ,37.9,Numune kabul,H,Şartlı kabul,7590.1319,90,2025,4,16
D00007,320.01.0001,IRS25702825,2025-03-04,500,500,129.6429,1,YERLİ,37.1333,İthalat dosyası,E,Şartlı kabul,1745.6421,0,2025,3,10
D00003,320.01.0011,IRS25702826,2025-03-30,500,500,290.9433,1,YERLİ,37.1333,İthalat dosyası,E,,3917.5524,90,2025,3,13
H00003,320.01.0026,IRS25702827,2025-04-18,2000,2,40.0864,1,YERLİ,37.9,İthalat dosyası,E,Şartlı kabul,2115.3773,0,2025,4,16
H00014,320.01.0032,IRS25702828,2025-05-16,5000,5,101.0202,1,YERLİ,38.6667,Sevk irsaliyesi,E,Kalite onaylı,13062.9456,0,2025,5,20
H00004,320.01.0032,IRS25702829,2025-04-05,5000,5,25.0239,1,YERLİ,37.9,Mal kabul,H,Kalite onaylı,3301.3061,90,2025,4,14
D00006,320.01.0015,IRS25702830,2025-04-12,1000,1000,191.0597,1,İTHAL,37.9,Sevk irsaliyesi,E,Şartlı kabul,5041.153,30,2025,4,15
H00011,320.01.0009,IRS25702831,2025-03-12,500,0.5,55.667,1,İTHAL,37.1333,Numune kabul,H,Şartlı kabul,749.5563,60,2025,3,11
D00011,320.01.0009,IRS25702832,2025-05-07,1000,1000,79.2912,1,İTHAL,38.6667,Numune kabul,E,Şartlı kabul,2050.6327,60,2025,5,19
H00011,320.01.0009,IRS25702833,2025-03-09,1000,1,59.2507,1,İTHAL,37.1333,Kısmi teslim,H,,1595.6217,30,2025,3,10
H00001,320.01.0021,IRS25702834,2025-04-08,1000,1,61.3309,1,İTHAL,37.9,İthalat dosyası,H,Şartlı kabul,1618.2296,0,2025,4,15
H00005,320.01.0001,IRS25702835,2025-04-23,2000,2,51.077,1,YERLİ,37.9,Sevk irsaliyesi,H,Kalite onaylı,2695.3562,45,2025,4,17
D00004,320.01.0021,IRS25702836,2025-03-18,120,120,28.0577,1,İTHAL,37.1333,İthalat dosyası,E,,90.6713,30,2025,3,12
D00002,320.01.0021,IRS25702837,2025-04-11,1000,1000,157.6437,1,İTHAL,37.9,İthalat dosyası,H,Şartlı kabul,4159.4644,30,2025,4,15
H00011,320.01.0003,IRS25702838,2025-04-17,250,0.25,57.8493,1,YERLİ,37.9,İthalat dosyası,E,,381.5917,90,2025,4,16
H00012,320.01.0009,IRS25702839,2025-02-26,10000,10000,120.919,1,İTHAL,36.3667,İthalat dosyası,E,Kalite onaylı,33249.9237,45,2025,2,9
H00007,320.01.0042,IRS25702841,2025-03-05,10000,10,101.6272,1,YERLİ,37.1333,Numune kabul,E,Kalite onaylı,27368.2113,45,2025,3,10
H00005,320.01.0042,IRS25702842,2025-03-13,10000,10,55.3343,1,YERLİ,37.1333,İthalat dosyası,E,Kalite onaylı,14901.5304,90,2025,3,11
H00015,320.01.0031,IRS25702843,2025-03-17,10000,10,27.1433,1,YERLİ,37.1333,Sevk irsaliyesi,E,Şartlı kabul,7309.6924,30,2025,3,12
D00007,320.01.0031,IRS25702844,2025-03-17,120,120,158.3481,1,YERLİ,37.1333,Mal kabul,E,Şartlı kabul,511.7178,60,2025,3,12
H00010,320.01.0020,IRS25702845,2025-03-16,2000,2,25.6755,1,YERLİ,37.1333,Sevk irsaliyesi,H,Şartlı kabul,1382.8827,45,2025,3,11
H00010,320.01.0020,IRS25702846,2025-02-20,2000,2,31.781,1,YERLİ,36.3667,Sevk irsaliyesi,E,Kalite onaylı,1747.8077,45,2025,2,8
H00010,320.01.0005,IRS25702847,2025-03-26,5000,5,25.6788,1,İTHAL,37.1333,Mal kabul,E,,3457.6512,30,2025,3,13
D00008,320.01.0005,IRS25702848,2025-03-04,1000,1000,359.4332,1,İTHAL,37.1333,Sevk irsaliyesi,H,Kalite onaylı,9679.5383,30,2025,3,10
H00010,320.01.0007,IRS25702849,2025-04-07,10000,10,29.531,1,İTHAL,37.9,İthalat dosyası,E,Şartlı kabul,7791.8206,90,2025,4,15
H00004,320.01.0009,IRS25702850,2025-03-03,500,0.5,23.9113,1,İTHAL,37.1333,İthalat dosyası,E,Kalite onaylı,321.9657,90,2025,3,10
D00009,320.01.0009,IRS25702851,2025-04-04,5000,5000,67.4973,1,İTHAL,37.9,Mal kabul,H,Kalite onaylı,8904.657,45,2025,4,14
H00003,320.01.0002,IRS25702852,2025-05-24,1000,1,40.8864,1,YERLİ,38.6667,İthalat dosyası,H,Kalite onaylı,1057.406,0,2025,5,21
H00003,320.01.0002,IRS25702853,2025-04-11,10000,10,35.4929,1,YERLİ,37.9,Sevk irsaliyesi,E,Şartlı kabul,9364.8813,30,2025,4,15
D00007,320.01.0034,IRS25702854,2025-05-27,250,250,142.5362,1,İTHAL,38.6667,Mal kabul,E,Kalite onaylı,921.5695,30,2025,5,22
H00003,320.01.0034,IRS25702855,2025-04-08,120,0.12,37.4223,1,İTHAL,37.9,Numune kabul,E,,118.4875,60,2025,4,15
D00002,320.01.0030,IRS25702856,2025-03-05,500,500,175.5822,1,YERLİ,37.1333,Kısmi teslim,H,Kalite onaylı,2364.2149,90,2025,3,10
H00014,320.01.0030,IRS25702857,2025-04-24,5000,5,95.2397,1,YERLİ,37.9,Sevk irsaliyesi,H,Şartlı kabul,12564.6042,45,2025,4,17
D00001,320.01.0002,IRS25702858,2025-03-31,1000,1000,291.9463,1,YERLİ,37.1333,İthalat dosyası,H,,7862.1157,30,2025,3,14
D00004,320.01.0001,IRS25702859,2025-03-02,5000,5000,25.8495,1,YERLİ,37.1333,Sevk irsaliyesi,H,Şartlı kabul,3480.636,30,2025,3,9
H00012,320.01.0024,IRS25702861,2025-02-25,2000,2000,102.7323,1,YERLİ,36.3667,Sevk irsaliyesi,H,,5649.8005,90,2025,2,9
H00003,320.01.0024,IRS25702862,2025-02-28,120,0.12,37.4033,1,YERLİ,36.3667,İthalat dosyası,E,Kalite onaylı,123.4205,0,2025,2,9
H00016,320.01.0054,IRS25702863,2025-03-03,120,120,50.7984,1,YERLİ,37.1333,Numune kabul,E,Kalite onaylı,164.1601,60,2025,3,10
D00011,320.01.0049,IRS25702864,2025-03-16,2000,2000,77.1814,1,YERLİ,37.1333,Numune kabul,E,,4156.9912,45,2025,3,11
D00011,320.01.0013,IRS25702865,2025-04-11,120,120,90.9454,1,YERLİ,37.9,Sevk irsaliyesi,H,,287.9538,0,2025,4,15
H00002,320.01.0013,IRS25702866,2025-03-15,10000,10,112.86,1,YERLİ,37.1333,Numune kabul,H,Şartlı kabul,30393.205,45,2025,3,11
D00011,320.01.0013,IRS25702867,2025-03-14,1000,1000,79.2365,1,YERLİ,37.1333,Kısmi teslim,H,Şartlı kabul,2133.8394,45,2025,3,11
H00007,320.01.0024,IRS25702868,2025-04-10,250,0.25,113.5818,1,YERLİ,37.9,Sevk irsaliyesi,E,Kalite onaylı,749.2203,90,2025,4,15
H00001,320.01.0024,IRS25702869,2025-03-02,500,0.5,63.3433,1,YERLİ,37.1333,İthalat dosyası,E,,852.9177,90,2025,3,9
H00011,320.01.0006,IRS25702870,2025-03-10,5000,5,61.3551,1,YERLİ,37.1333,Kısmi teslim,H,Kalite onaylı,8261.4661,30,2025,3,11
D00008,320.01.0006,IRS25702871,2025-04-21,120,120,357.2028,1,YERLİ,37.9,Kısmi teslim,E,Kalite onaylı,1130.9851,45,2025,4,17
H00009,320.01.0006,IRS25702872,2025-05-21,120,0.12,22.1356,1,YERLİ,38.6667,İthalat dosyası,H,Kalite onaylı,68.6966,30,2025,5,21
D00002,320.01.0005,IRS25702873,2025-03-03,120,120,171.6301,1,İTHAL,37.1333,İthalat dosyası,E,Kalite onaylı,554.64,90,2025,3,10
H00012,320.01.0018,IRS25702874,2025-03-15,250,250,102.2737,1,İTHAL,37.1333,Numune kabul,E,,688.5578,45,2025,3,11
H00003,320.01.0018,IRS25702875,2025-03-20,120,0.12,39.9415,1,İTHAL,37.1333,Kısmi teslim,E,,129.075,0,2025,3,12
H00013,320.01.0013,IRS25702876,2025-03-23,500,500,68.9539,1,YERLİ,37.1333,İthalat dosyası,E,Kalite onaylı,928.4645,0,2025,3,12
D00003,320.01.0013,IRS25702877,2025-04-19,500,500,327.701,1,YERLİ,37.9,Mal kabul,E,,4323.2322,60,2025,4,16
H00012,320.01.0013,IRS25702878,2025-03-17,5000,5000,120.9081,1,YERLİ,37.1333,Mal kabul,E,,16280.2794,60,2025,3,12
H00003,320.01.0040,IRS25702879,2025-04-12,2000,2,33.296,1,YERLİ,37.9,Mal kabul,E,,1757.0449,30,2025,4,15
H00006,320.01.0028,IRS25702881,2025-06-04,250,0.25,126.3973,1,YERLİ,39.4333,Numune kabul,H,,801.3361,60,2025,6,23
D00008,320.01.0006,IRS25702882,2025-03-09,2000,2000,356.1091,1,YERLİ,37.1333,İthalat dosyası,E,Şartlı kabul,19180.0406,30,2025,3,10
D00012,320.01.0006,IRS25702883,2025-03-19,250,250,169.8589,1,YERLİ,37.1333,İthalat dosyası,E,Şartlı kabul,1143.5753,45,2025,3,12
H00002,320.01.0006,IRS25702884,2025-03-31,500,0.5,98.9478,1,YERLİ,37.1333,Numune kabul,E,Şartlı kabul,1332.3324,90,2025,3,14
D00005,320.01.0015,IRS25702885,2025-06-04,10000,10000,289.4865,1,İTHAL,39.4333,Numune kabul,E,Şartlı kabul,73411.685,60,2025,6,23
D00011,320.01.0013,IRS25702886,2025-05-24,1000,1000,83.2526,1,YERLİ,38.6667,Kısmi teslim,H,Şartlı kabul,2153.0826,60,2025,5,21
D00011,320.01.0027,IRS25702887,2025-06-04,2000,2000,80.3035,1,YERLİ,39.4333,Sevk irsaliyesi,E,,4072.8775,0,2025,6,23
H00002,320.01.0027,IRS25702888,2025-03-15,5000,5,105.7846,1,YERLİ,37.1333,Kısmi teslim,E,Kalite onaylı,14243.8997,60,2025,3,11
D00001,320.01.0019,IRS25702889,2025-05-03,10000,10000,299.1182,1,YERLİ,38.6667,Sevk irsaliyesi,H,Şartlı kabul,77358.0885,60,2025,5,18
H00013,320.01.0019,IRS25702890,2025-04-24,10000,10000,68.3711,1,YERLİ,37.9,Mal kabul,E,,18039.8681,30,2025,4,17
H00010,320.01.0005,IRS25702891,2025-03-11,60,0.06,30.989,1,İTHAL,37.1333,Sevk irsaliyesi,H,Kalite onaylı,50.072,45,2025,3,11
H00007,320.01.0017,IRS25702892,2025-03-20,250,0.25,117.9543,1,YERLİ,37.1333,İthalat dosyası,H,Şartlı kabul,794.1275,30,2025,3,12
D00009,320.01.0017,IRS25702893,2025-03-18,5000,5000,84.1132,1,YERLİ,37.1333,Mal kabul,H,Şartlı kabul,11325.845,45,2025,3,12
D00001,320.01.0014,IRS25702894,2025-03-13,1000,1000,286.9808,1,YERLİ,37.1333,Mal kabul,E,Şartlı kabul,7728.3947,0,2025,3,11
D00006,320.01.0014,IRS25702895,2025-03-10,2000,2000,212.9505,1,YERLİ,37.1333,Kısmi teslim,E,Kalite onaylı,11469.5166,45,2025,3,11
H00008,320.01.0002,IRS25702896,2025-03-22,250,0.25,21.1965,1,YERLİ,37.1333,Numune kabul,E,,142.7055,45,2025,3,12
H00001,320.01.0002,IRS25702897,2025-03-31,1000,1,61.242,1,YERLİ,37.1333,Sevk irsaliyesi,H,Şartlı kabul,1649.2474,30,2025,3,14
H00005,320.01.0030,IRS25702898,2025-04-24,1000,1,54.2839,1,YERLİ,37.9,Numune kabul,E,Şartlı kabul,1432.2929,45,2025,4,17
H00014,320.01.0004,IRS25702900,2025-03-26,500,0.5,98.6889,1,YERLİ,37.1333,Numune kabul,E,Şartlı kabul,1328.8463,60,2025,3,13
H00014,320.01.0011,IRS25702901,2025-06-10,250,0.25,100.3248,1,YERLİ,39.4333,Mal kabul,H,Şartlı kabul,636.0411,45,2025,6,24
D00012,320.01.0026,IRS25702902,2025-05-06,5000,5000,192.8455,1,YERLİ,38.6667,Numune kabul,H,Şartlı kabul,24936.8966,30,2025,5,19
D00010,320.01.0026,IRS25702903,2025-05-10,2000,2000,400.127,1,YERLİ,38.6667,İthalat dosyası,E,Kalite onaylı,20696.2063,30,2025,5,19
D00003,320.01.0026,IRS25702904,2025-03-16,10000,10000,283.3033,1,YERLİ,37.1333,Kısmi teslim,H,Şartlı kabul,76293.5963,30,2025,3,11
D00003,320.01.0034,IRS25702905,2025-06-05,250,250,294.2568,1,İTHAL,39.4333,Numune kabul,E,Kalite onaylı,1865.535,45,2025,6,23
H00016,320.01.0034,IRS25702906,2025-06-03,5000,5000,57.5126,1,İTHAL,39.4333,Sevk irsaliyesi,H,Kalite onaylı,7292.3899,90,2025,6,23
H00009,320.01.0001,IRS25702907,2025-05-31,500,0.5,22.0856,1,YERLİ,38.6667,Sevk irsaliyesi,H,Kalite onaylı,285.5894,45,2025,5,22
H00003,320.01.0015,IRS25702908,2025-03-12,120,0.12,41.1017,1,İTHAL,37.1333,Mal kabul,E,,132.8243,60,2025,3,11
D00007,320.01.0012,IRS25702909,2025-04-24,5000,5000,158.8617,1,YERLİ,37.9,Sevk irsaliyesi,H,,20958.0079,30,2025,4,17
H00005,320.01.0012,IRS25702910,2025-04-06,2000,2,64.421,1,YERLİ,37.9,Mal kabul,E,Şartlı kabul,3399.5251,60,2025,4,14
H00012,320.01.0002,IRS25702911,2025-04-06,1000,1000,105.3644,1,YERLİ,37.9,Numune kabul,E,,2780.0633,30,2025,4,14
H00014,320.01.0002,IRS25702912,2025-06-11,10000,10,102.6214,1,YERLİ,39.4333,Mal kabul,H,,26024.0457,90,2025,6,24
D00007,320.01.0055,IRS25702913,2025-05-11,1000,1000,144.4553,1,YERLİ,38.6667,Mal kabul,H,Şartlı kabul,3735.9097,90,2025,5,19
H00014,320.01.0055,IRS25702914,2025-03-13,500,0.5,89.0723,1,YERLİ,37.1333,İthalat dosyası,H,Şartlı kabul,1199.3588,45,2025,3,11
D00007,320.01.0044,IRS25702915,2025-04-02,5000,5000,158.7759,1,YERLİ,37.9,İthalat dosyası,H,Şartlı kabul,20946.6887,0,2025,4,14
H00014,320.01.0044,IRS25702916,2025-03-24,250,0.25,95.4775,1,YERLİ,37.1333,Kısmi teslim,E,Şartlı kabul,642.8024,60,2025,3,13
H00011,320.01.0004,IRS25702917,2025-03-23,500,0.5,57.408,1,YERLİ,37.1333,Sevk irsaliyesi,E,Şartlı kabul,772.9989,30,2025,3,12
H00013,320.01.0006,IRS25702918,2025-05-13,2000,2000,68.3311,1,YERLİ,38.6667,Kısmi teslim,E,,3534.3642,60,2025,5,20
D00009,320.01.0006,IRS25702919,2025-04-06,500,500,75.6088,1,YERLİ,37.9,Numune kabul,H,,997.4776,45,2025,4,14
H00001,320.01.0001,IRS25702920,2025-06-06,2000,2,54.8364,1,YERLİ,39.4333,İthalat dosyası,H,,2781.223,90,2025,6,23
H00006,320.01.0020,IRS25702921,2025-05-20,120,0.12,106.8955,1,YERLİ,38.6667,Sevk irsaliyesi,E,Şartlı kabul,331.7444,45,2025,5,21
D00001,320.01.0020,IRS25702922,2025-04-05,1000,1000,324.8734,1,YERLİ,37.9,Kısmi teslim,H,Şartlı kabul,8571.8575,0,2025,4,14
D00008,320.01.0020,IRS25702923,2025-05-06,500,500,344.2441,1,YERLİ,38.6667,Sevk irsaliyesi,H,Kalite onaylı,4451.4285,30,2025,5,19
H00016,320.01.0003,IRS25702924,2025-04-13,250,250,54.9877,1,YERLİ,37.9,Mal kabul,E,,362.7157,45,2025,4,15
D00003,320.01.0003,IRS25702925,2025-04-01,120,120,352.3811,1,YERLİ,37.9,Kısmi teslim,E,,1115.7185,45,2025,4,14
H00001,320.01.0003,IRS25702926,2025-03-22,10000,10,55.5682,1,YERLİ,37.1333,İthalat dosyası,E,,14964.5197,0,2025,3,12
D00010,320.01.0008,IRS25702927,2025-04-07,500,500,336.5694,1,YERLİ,37.9,Kısmi teslim,E,Kalite onaylı,4440.2296,30,2025,4,15
H00008,320.01.0008,IRS25702928,2025-05-03,5000,5,24.0897,1,YERLİ,38.6667,Sevk irsaliyesi,H,,3115.0447,90,2025,5,18
D00007,320.01.0008,IRS25702929,2025-05-07,10000,10000,132.1978,1,YERLİ,38.6667,Sevk irsaliyesi,H,Kalite onaylı,34189.0567,30,2025,5,19
H00013,320.01.0002,IRS25702930,2025-04-30,1000,1000,66.0823,1,YERLİ,37.9,Sevk irsaliyesi,E,,1743.5963,30,2025,4,18
D00010,320.01.0002,IRS25702931,2025-04-04,120,120,403.7554,1,YERLİ,37.9,Mal kabul,E,Şartlı kabul,1278.3812,0,2025,4,14
D00009,320.01.0002,IRS25702932,2025-04-14,2000,2000,87.9587,1,YERLİ,37.9,Numune kabul,E,,4641.6201,60,2025,4,16
H00014,320.01.0022,IRS25702933,2025-03-31,10000,10,88.9334,1,İTHAL,37.1333,Mal kabul,H,Şartlı kabul,23949.7702,60,2025,3,14
H00016,320.01.0022,IRS25702934,2025-05-04,2000,2000,52.0782,1,İTHAL,38.6667,Kısmi teslim,E,Kalite onaylı,2693.6977,0,2025,5,18
H00013,320.01.0020,IRS25702935,2025-03-25,250,250,58.0499,1,YERLİ,37.1333,Numune kabul,E,,390.821,60,2025,3,13
D00007,320.01.0026,IRS25702936,2025-06-10,10000,10000,156.2836,1,YERLİ,39.4333,Numune kabul,E,Kalite onaylı,39632.3919,60,2025,6,24
H00016,320.01.0004,IRS25702937,2025-05-10,120,120,45.3979,1,YERLİ,38.6667,Numune kabul,H,Kalite onaylı,140.8899,90,2025,5,19
H00004,320.01.0004,IRS25702938,2025-04-01,500,0.5,25.686,1,YERLİ,37.9,İthalat dosyası,H,Kalite onaylı,338.8654,60,2025,4,14
H00014,320.01.0002,IRS25702939,2025-05-08,2000,2,108.2294,1,YERLİ,38.6667,Sevk irsaliyesi,E,Şartlı kabul,5598.0676,45,2025,5,19
H00002,320.01.0002,IRS25702940,2025-04-06,120,0.12,96.4926,1,YERLİ,37.9,Kısmi teslim,H,Şartlı kabul,305.5175,90,2025,4,14
D00011,320.01.0002,IRS25702941,2025-06-14,10000,10000,80.9059,1,YERLİ,39.4333,Sevk irsaliyesi,E,Şartlı kabul,20517.1517,90,2025,6,24
H00014,320.01.0001,IRS25702942,2025-05-12,10000,10,111.6619,1,YERLİ,38.6667,İthalat dosyası,H,Şartlı kabul,28878.0527,90,2025,5,20
D00005,320.01.0001,IRS25702943,2025-05-09,1000,1000,322.2489,1,YERLİ,38.6667,İthalat dosyası,E,,8334.0161,90,2025,5,19
D00001,320.01.0001,IRS25702944,2025-04-07,120,120,323.1062,1,YERLİ,37.9,Mal kabul,E,Şartlı kabul,1023.0275,90,2025,4,15
H00015,320.01.0001,IRS25702945,2025-04-03,60,0.06,26.723,1,YERLİ,37.9,İthalat dosyası,H,Kalite onaylı,42.3055,0,2025,4,14
H00009,320.01.0005,IRS25702946,2025-04-13,120,0.12,24.6385,1,İTHAL,37.9,Numune kabul,H,Kalite onaylı,78.0111,90,2025,4,15
D00010,320.01.0018,IRS25702947,2025-04-08,120,120,325.5819,1,İTHAL,37.9,Mal kabul,E,Kalite onaylı,1030.8662,60,2025,4,15
H00011,320.01.0018,IRS25702948,2025-03-30,120,0.12,62.9328,1,İTHAL,37.1333,Numune kabul,H,,203.3737,30,2025,3,13
D00005,320.01.0018,IRS25702949,2025-04-27,1000,1000,351.6443,1,İTHAL,37.9,Kısmi teslim,E,Şartlı kabul,9278.2137,0,2025,4,17
H00009,320.01.0018,IRS25702950,2025-05-18,2000,2,27.4192,1,İTHAL,38.6667,Numune kabul,H,Şartlı kabul,1418.2333,90,2025,5,20
H00011,320.01.0004,IRS25702951,2025-03-26,2000,2,67.8347,1,YERLİ,37.1333,Kısmi teslim,H,Şartlı kabul,3653.5778,30,2025,3,13
D00009,320.01.0001,IRS25702952,2025-06-17,10000,10000,78.0424,1,YERLİ,39.4333,Sevk irsaliyesi,H,,19790.9888,0,2025,6,25
H00010,320.01.0001,IRS25702953,2025-04-06,1000,1,28.5948,1,YERLİ,37.9,Mal kabul,E,Şartlı kabul,754.4802,0,2025,4,14
H00013,320.01.0001,IRS25702954,2025-04-16,10000,10000,61.8493,1,YERLİ,37.9,Kısmi teslim,E,,16319.0765,30,2025,4,16
H00011,320.01.0012,IRS25702955,2025-04-01,120,0.12,57.4752,1,YERLİ,37.9,İthalat dosyası,H,,181.9795,45,2025,4,14
H00006,320.01.0012,IRS25702956,2025-04-13,500,0.5,116.7547,1,YERLİ,37.9,Kısmi teslim,H,Şartlı kabul,1540.2995,60,2025,4,15
H00014,320.01.0012,IRS25702957,2025-04-16,120,0.12,100.086,1,YERLİ,37.9,Mal kabul,H,Kalite onaylı,316.895,30,2025,4,16
H00012,320.01.0015,IRS25702958,2025-05-05,120,120,110.4399,1,İTHAL,38.6667,Kısmi teslim,H,Şartlı kabul,342.7442,0,2025,5,19
D00010,320.01.0003,IRS25702959,2025-04-26,250,250,375.0521,1,YERLİ,37.9,Mal kabul,E,,2473.9584,45,2025,4,17
H00016,320.01.0003,IRS25702960,2025-05-05,10000,10000,46.2391,1,YERLİ,38.6667,Kısmi teslim,E,Kalite onaylı,11958.3776,90,2025,5,19
D00012,320.01.0003,IRS25702961,2025-06-16,500,500,192.2302,1,YERLİ,39.4333,Mal kabul,H,,2437.4095,90,2025,6,25
D00001,320.01.0004,IRS25702962,2025-04-17,5000,5000,360.4496,1,YERLİ,37.9,Sevk irsaliyesi,H,,47552.7177,45,2025,4,16
H00013,320.01.0004,IRS25702963,2025-06-25,10000,10000,62.7118,1,YERLİ,39.4333,Kısmi teslim,E,,15903.2594,90,2025,6,26
H00004,320.01.0007,IRS25702964,2025-04-11,1000,1,26.4482,1,İTHAL,37.9,İthalat dosyası,H,Kalite onaylı,697.8417,90,2025,4,15
H00005,320.01.0024,IRS25702965,2025-04-05,10000,10,59.8105,1,YERLİ,37.9,Numune kabul,H,Şartlı kabul,15781.1346,45,2025,4,14
H00004,320.01.0024,IRS25702966,2025-05-17,5000,5,22.6678,1,YERLİ,38.6667,Numune kabul,E,,2931.1785,30,2025,5,20
H00015,320.01.0007,IRS25702967,2025-04-04,5000,5,27.1293,1,İTHAL,37.9,Numune kabul,H,,3579.0633,90,2025,4,14
D00002,320.01.0005,IRS25702968,2025-05-28,10000,10000,162.8187,1,İTHAL,38.6667,Sevk irsaliyesi,E,Kalite onaylı,42108.2482,60,2025,5,22
H00002,320.01.0005,IRS25702969,2025-04-13,250,0.25,111.5533,1,İTHAL,37.9,Numune kabul,H,,735.8397,90,2025,4,15
H00013,320.01.0023,IRS25702970,2025-04-18,120,120,57.7541,1,YERLİ,37.9,Sevk irsaliyesi,H,Kalite onaylı,182.8626,30,2025,4,16
D00002,320.01.0003,IRS25702971,2025-06-28,1000,1000,189.3917,1,YERLİ,39.4333,Kısmi teslim,E,,4802.8367,45,2025,6,26
D00002,320.01.0025,IRS25702972,2025-04-26,500,500,167.7619,1,YERLİ,37.9,Numune kabul,H,Şartlı kabul,2213.2177,30,2025,4,17
H00007,320.01.0025,IRS25702973,2025-04-06,10000,10,109.8679,1,YERLİ,37.9,Sevk irsaliyesi,H,Kalite onaylı,28988.8918,0,2025,4,14
D00005,320.01.0001,IRS25702974,2025-06-28,1000,1000,350.7111,1,YERLİ,39.4333,İthalat dosyası,E,Şartlı kabul,8893.7801,90,2025,6,26
D00010,320.01.0001,IRS25702975,2025-04-05,1000,1000,393.4678,1,YERLİ,37.9,Numune kabul,E,Kalite onaylı,10381.7361,0,2025,4,14
H00006,320.01.0001,IRS25702976,2025-04-17,250,0.25,104.0596,1,YERLİ,37.9,İthalat dosyası,H,Kalite onaylı,686.409,30,2025,4,16
H00005,320.01.0001,IRS25702977,2025-04-13,1000,1,55.942,1,YERLİ,37.9,İthalat dosyası,H,Kalite onaylı,1476.0422,30,2025,4,15
D00003,320.01.0001,IRS25702978,2025-05-07,5000,5000,298.8443,1,YERLİ,38.6667,Sevk irsaliyesi,E,Şartlı kabul,38643.6262,90,2025,5,19
H00010,320.01.0003,IRS25702979,2025-05-12,250,0.25,27.658,1,YERLİ,38.6667,Numune kabul,E,Şartlı kabul,178.8231,90,2025,5,20
D00011,320.01.0003,IRS25702980,2025-04-13,500,500,88.0216,1,YERLİ,37.9,Kısmi teslim,E,,1161.2348,30,2025,4,15
D00012,320.01.0045,IRS25702981,2025-04-28,500,500,189.7199,1,YERLİ,37.9,Sevk irsaliyesi,H,,2502.9011,60,2025,4,18
H00007,320.01.0045,IRS25702982,2025-04-15,1000,1,124.2744,1,YERLİ,37.9,Mal kabul,E,,3279.0079,60,2025,4,16
D00008,320.01.0007,IRS25702983,2025-05-24,500,500,408.6667,1,İTHAL,38.6667,Numune kabul,E,Kalite onaylı,5284.4786,30,2025,5,21
H00005,320.01.0007,IRS25702984,2025-04-11,250,0.25,61.3761,1,İTHAL,37.9,Numune kabul,E,,404.8555,30,2025,4,15
D00002,320.01.0019,IRS25702985,2025-04-04,250,250,168.8037,1,YERLİ,37.9,Numune kabul,H,,1113.4809,60,2025,4,14
H00006,320.01.0019,IRS25702986,2025-04-08,10000,10,114.1063,1,YERLİ,37.9,İthalat dosyası,H,Kalite onaylı,30107.2032,60,2025,4,15
H00011,320.01.0019,IRS25702987,2025-05-02,120,0.12,66.8611,1,YERLİ,38.6667,İthalat dosyası,E,,207.4998,0,2025,5,18
D00005,320.01.0011,IRS25702988,2025-05-22,500,500,320.7878,1,YERLİ,38.6667,Mal kabul,E,Şartlı kabul,4148.1145,90,2025,5,21
D00003,320.01.0006,IRS25702989,2025-04-09,5000,5000,300.2534,1,YERLİ,37.9,Numune kabul,E,Kalite onaylı,39611.2665,45,2025,4,15
H00013,320.01.0009,IRS25702991,2025-05-28,250,250,68.7283,1,İTHAL,38.6667,İthalat dosyası,E,Kalite onaylı,444.3636,0,2025,5,22
H00012,320.01.0009,IRS25702992,2025-05-04,2000,2000,102.0727,1,İTHAL,38.6667,Numune kabul,H,Kalite onaylı,5279.6179,90,2025,5,18
D00010,320.01.0009,IRS25702993,2025-06-29,500,500,374.546,1,İTHAL,39.4333,Kısmi teslim,E,Kalite onaylı,4749.108,90,2025,6,26
D00006,320.01.0011,IRS25702994,2025-05-31,5000,5000,208.6606,1,YERLİ,38.6667,Mal kabul,H,,26981.9509,90,2025,5,22
H00004,320.01.0011,IRS25702995,2025-07-03,500,0.5,28.4867,1,YERLİ,40.2,Numune kabul,E,Şartlı kabul,354.3122,90,2025,7,27
D00004,320.01.0011,IRS25702996,2025-05-24,10000,10000,23.8831,1,YERLİ,38.6667,Sevk irsaliyesi,E,Kalite onaylı,6176.6585,45,2025,5,21
H00006,320.01.0018,IRS25702997,2025-04-13,10000,10,116.7036,1,İTHAL,37.9,Mal kabul,H,Kalite onaylı,30792.5066,90,2025,4,15
D00003,320.01.0002,IRS25702998,2025-05-07,5000,5000,335.9903,1,YERLİ,38.6667,Sevk irsaliyesi,H,Kalite onaylı,43446.9841,0,2025,5,19
H00004,320.01.0002,IRS25702999,2025-04-17,5000,5,25.5396,1,YERLİ,37.9,Kısmi teslim,H,Şartlı kabul,3369.3404,90,2025,4,16
D00007,320.01.0048,IRS25703000,2025-05-17,5000,5000,158.2696,1,YERLİ,38.6667,Kısmi teslim,E,Kalite onaylı,20465.8789,0,2025,5,20
H00001,320.01.0048,IRS25703001,2025-04-14,1000,1,58.7319,1,YERLİ,37.9,Mal kabul,E,Kalite onaylı,1549.6544,45,2025,4,16
H00012,320.01.0011,IRS25703002,2025-06-02,1000,1000,115.4488,1,YERLİ,39.4333,Mal kabul,E,Şartlı kabul,2927.6982,45,2025,6,23
H00003,320.01.0030,IRS25703003,2025-04-27,500,0.5,39.6008,1,YERLİ,37.9,Kısmi teslim,E,,522.438,60,2025,4,17
D00011,320.01.0001,IRS25703004,2025-04-27,5000,5000,81.7412,1,YERLİ,37.9,Kısmi teslim,H,,10783.7995,45,2025,4,17
D00001,320.01.0001,IRS25703005,2025-07-06,2000,2000,291.7813,1,YERLİ,40.2,Sevk irsaliyesi,E,Kalite onaylı,14516.4826,45,2025,7,27
H00001,320.01.0055,IRS25703006,2025-06-27,250,0.25,63.806,1,YERLİ,39.4333,Kısmi teslim,E,,404.5185,90,2025,6,26
D00008,320.01.0012,IRS25703007,2025-04-24,1000,1000,350.9364,1,YERLİ,37.9,Kısmi teslim,E,Kalite onaylı,9259.5356,45,2025,4,17
H00002,320.01.0012,IRS25703008,2025-05-17,10000,10,107.5977,1,YERLİ,38.6667,Kısmi teslim,E,Kalite onaylı,27826.9674,30,2025,5,20
H00009,320.01.0009,IRS25703009,2025-06-26,2000,2,24.6316,1,İTHAL,39.4333,Mal kabul,H,Kalite onaylı,1249.2792,45,2025,6,26
H00003,320.01.0003,IRS25703010,2025-06-07,2000,2,42.0527,1,YERLİ,39.4333,Numune kabul,H,Kalite onaylı,2132.8522,90,2025,6,23
D00007,320.01.0004,IRS25703011,2025-05-18,1000,1000,161.6445,1,YERLİ,38.6667,Sevk irsaliyesi,H,Kalite onaylı,4180.4576,45,2025,5,20
D00002,320.01.0004,IRS25703012,2025-06-27,500,500,168.9894,1,YERLİ,39.4333,İthalat dosyası,E,Şartlı kabul,2142.7246,45,2025,6,26
H00010,320.01.0001,IRS25703013,2025-06-28,10000,10,30.9302,1,YERLİ,39.4333,İthalat dosyası,E,Kalite onaylı,7843.6753,30,2025,6,26
D00006,320.01.0001,IRS25703014,2025-05-18,5000,5000,224.1939,1,YERLİ,38.6667,İthalat dosyası,H,,28990.5655,90,2025,5,20
H00005,320.01.0007,IRS25703015,2025-04-09,1000,1,65.2136,1,İTHAL,37.9,İthalat dosyası,H,Kalite onaylı,1720.6755,90,2025,4,15
H00002,320.01.0007,IRS25703016,2025-05-25,1000,1,102.2425,1,İTHAL,38.6667,Sevk irsaliyesi,H,Şartlı kabul,2644.2003,60,2025,5,21
D00002,320.01.0021,IRS25703017,2025-05-19,10000,10000,180.6367,1,İTHAL,38.6667,Kısmi teslim,H,,46716.3477,60,2025,5,21
H00004,320.01.0007,IRS25703018,2025-06-04,250,0.25,27.3922,1,İTHAL,39.4333,Sevk irsaliyesi,H,Şartlı kabul,173.6616,45,2025,6,23
D00009,320.01.0007,IRS25703019,2025-05-28,10000,10000,88.0159,1,İTHAL,38.6667,Kısmi teslim,E,Kalite onaylı,22762.7131,90,2025,5,22
H00004,320.01.0013,IRS25703020,2025-04-26,120,0.12,26.0631,1,YERLİ,37.9,Mal kabul,H,Kalite onaylı,82.5217,45,2025,4,17
H00004,320.01.0005,IRS25703021,2025-05-20,500,0.5,23.8605,1,İTHAL,38.6667,Kısmi teslim,E,Şartlı kabul,308.5407,45,2025,5,21
H00013,320.01.0055,IRS25703022,2025-04-22,10000,10000,66.4009,1,YERLİ,37.9,Numune kabul,H,Kalite onaylı,17520.0264,60,2025,4,17
D00001,320.01.0006,IRS25703023,2025-05-13,500,500,342.3718,1,YERLİ,38.6667,İthalat dosyası,H,Şartlı kabul,4427.2177,45,2025,5,20
H00001,320.01.0022,IRS25703024,2025-05-15,2000,2,54.7636,1,İTHAL,38.6667,İthalat dosyası,H,,2832.5976,0,2025,5,20
H00012,320.01.0002,IRS25703025,2025-05-24,500,500,104.0024,1,YERLİ,38.6667,Mal kabul,H,,1344.8575,60,2025,5,21
H00003,320.01.0020,IRS25703026,2025-04-23,2000,2,35.9669,1,YERLİ,37.9,Kısmi teslim,H,Kalite onaylı,1897.9894,30,2025,4,17
D00001,320.01.0020,IRS25703027,2025-04-25,2500,2500,354.5285,1,YERLİ,37.9,Kısmi teslim,H,Kalite onaylı,23385.785,60,2025,4,17
H00006,320.01.0003,IRS25703028,2025-05-09,120,0.12,121.5579,1,YERLİ,38.6667,Kısmi teslim,E,Kalite onaylı,377.2483,30,2025,5,19
H00008,320.01.0003,IRS25703029,2025-05-20,120,0.12,24.3065,1,YERLİ,38.6667,Sevk irsaliyesi,H,,75.4339,30,2025,5,21
H00003,320.01.0003,IRS25703030,2025-05-02,1000,1,42.048,1,YERLİ,38.6667,Mal kabul,H,Şartlı kabul,1087.4473,30,2025,5,18
D00008,320.01.0008,IRS25703031,2025-05-16,500,500,364.4874,1,YERLİ,38.6667,Numune kabul,H,Kalite onaylı,4713.1951,45,2025,5,20
H00006,320.01.0008,IRS25703032,2025-05-05,250,0.25,112.5482,1,YERLİ,38.6667,Mal kabul,H,Kalite onaylı,727.6817,90,2025,5,19
H00006,320.01.0051,IRS25703033,2025-05-27,500,0.5,111.7166,1,YERLİ,38.6667,Numune kabul,E,,1444.61,60,2025,5,22
H00005,320.01.0051,IRS25703034,2025-06-11,5000,5,57.7772,1,YERLİ,39.4333,İthalat dosyası,H,Şartlı kabul,7325.9403,90,2025,6,24
D00010,320.01.0026,IRS25703035,2025-07-04,2000,2000,403.0814,1,YERLİ,40.2,İthalat dosyası,H,,20053.801,90,2025,7,27
H00003,320.01.0026,IRS25703037,2025-05-12,10000,10,39.3108,1,YERLİ,38.6667,İthalat dosyası,E,Şartlı kabul,10166.5774,0,2025,5,20
H00005,320.01.0001,IRS25703038,2025-06-05,500,0.5,59.8007,1,YERLİ,39.4333,İthalat dosyası,E,Şartlı kabul,758.2513,30,2025,6,23
D00002,320.01.0001,IRS25703039,2025-05-18,120,120,167.4872,1,YERLİ,38.6667,Kısmi teslim,H,Kalite onaylı,519.7874,90,2025,5,20
H00002,320.01.0041,IRS25703040,2025-05-10,5000,5,109.9355,1,YERLİ,38.6667,Numune kabul,E,Şartlı kabul,14215.7852,45,2025,5,19
D00007,320.01.0003,IRS25703041,2025-05-07,250,250,134.4682,1,YERLİ,38.6667,Mal kabul,H,,869.4057,45,2025,5,19
H00010,320.01.0003,IRS25703042,2025-04-22,10000,10,28.1856,1,YERLİ,37.9,Kısmi teslim,H,Kalite onaylı,7436.8338,0,2025,4,17
D00009,320.01.0019,IRS25703043,2025-05-21,500,500,70.9362,1,YERLİ,38.6667,İthalat dosyası,E,Kalite onaylı,917.2777,90,2025,5,21
D00002,320.01.0019,IRS25703044,2025-06-09,120,120,198.7157,1,YERLİ,39.4333,Sevk irsaliyesi,H,Şartlı kabul,604.7144,0,2025,6,24
H00014,320.01.0001,IRS25703045,2025-05-31,1000,1,108.1503,1,YERLİ,38.6667,Kısmi teslim,E,Şartlı kabul,2796.9881,30,2025,5,22
H00007,320.01.0043,IRS25703047,2025-06-14,5000,5,121.1048,1,YERLİ,39.4333,Numune kabul,H,,15355.6512,45,2025,6,24
D00004,320.01.0043,IRS25703048,2025-07-07,10000,10000,24.692,1,YERLİ,40.2,Numune kabul,H,Şartlı kabul,6142.2886,30,2025,7,28
D00006,320.01.0005,IRS25703049,2025-04-20,5000,5000,221.7616,1,İTHAL,37.9,Sevk irsaliyesi,H,Kalite onaylı,29256.1478,60,2025,4,16
H00010,320.01.0002,IRS25703050,2025-05-15,2000,2,31.0608,1,YERLİ,38.6667,Numune kabul,H,,1606.5917,0,2025,5,20
H00015,320.01.0002,IRS25703051,2025-04-23,500,0.5,27.1811,1,YERLİ,37.9,Sevk irsaliyesi,E,,358.5897,90,2025,4,17
H00013,320.01.0013,IRS25703053,2025-06-05,500,500,70.5329,1,YERLİ,39.4333,Sevk irsaliyesi,E,,894.3317,45,2025,6,23
H00010,320.01.0008,IRS25703055,2025-06-04,1000,1,26.1191,1,YERLİ,39.4333,Sevk irsaliyesi,H,Şartlı kabul,662.3615,45,2025,6,23
H00012,320.01.0013,IRS25703056,2025-05-27,125,125,106.7796,1,YERLİ,38.6667,Mal kabul,E,,345.1924,30,2025,5,22
H00008,320.01.0005,IRS25703057,2025-05-16,10000,10,23.5249,1,İTHAL,38.6667,Numune kabul,H,Kalite onaylı,6084.0206,0,2025,5,20
H00007,320.01.0005,IRS25703058,2025-05-26,250,0.25,126.7142,1,İTHAL,38.6667,Numune kabul,H,Kalite onaylı,819.2721,60,2025,5,22
D00011,320.01.0002,IRS25703059,2025-07-08,120,120,84.1052,1,YERLİ,40.2,Mal kabul,H,,251.0603,30,2025,7,28
H00009,320.01.0002,IRS25703060,2025-06-06,120,0.12,25.4626,1,YERLİ,39.4333,Numune kabul,E,Şartlı kabul,77.4856,60,2025,6,23
H00014,320.01.0024,IRS25703061,2025-05-03,2000,2,105.8442,1,YERLİ,38.6667,Sevk irsaliyesi,E,,5474.6953,45,2025,5,18
H00010,320.01.0024,IRS25703062,2025-05-08,500,0.5,27.8587,1,YERLİ,38.6667,Kısmi teslim,H,Şartlı kabul,360.2415,90,2025,5,19
D00011,320.01.0024,IRS25703063,2025-06-17,120,120,81.3731,1,YERLİ,39.4333,Kısmi teslim,E,,247.6276,60,2025,6,25
D00011,320.01.0036,IRS25703064,2025-06-10,2000,2000,83.1534,1,İTHAL,39.4333,İthalat dosyası,E,Şartlı kabul,4217.4203,60,2025,6,24
H00006,320.01.0049,IRS25703065,2025-07-24,2000,2,127.1944,1,YERLİ,40.2,Sevk irsaliyesi,H,,6328.0796,45,2025,7,30
H00010,320.01.0042,IRS25703066,2025-05-04,10000,10,31.9089,1,YERLİ,38.6667,Sevk irsaliyesi,E,Şartlı kabul,8252.2946,30,2025,5,18
D00010,320.01.0026,IRS25703067,2025-05-11,1000,1000,339.1286,1,YERLİ,38.6667,Sevk irsaliyesi,H,,8770.5597,45,2025,5,19
H00012,320.01.0026,IRS25703068,2025-05-13,5000,5000,108.2252,1,YERLİ,38.6667,Kısmi teslim,E,Şartlı kabul,13994.6259,90,2025,5,20
D00010,320.01.0014,IRS25703069,2025-04-30,2500,2500,345.4056,1,YERLİ,37.9,İthalat dosyası,H,,22784.0106,90,2025,4,18
H00006,320.01.0005,IRS25703070,2025-06-22,2000,2,119.4656,1,İTHAL,39.4333,Sevk irsaliyesi,H,Şartlı kabul,6059.1226,45,2025,6,25
D00002,320.01.0005,IRS25703071,2025-05-03,250,250,194.7406,1,İTHAL,38.6667,Numune kabul,E,Kalite onaylı,1259.0976,30,2025,5,18
H00004,320.01.0002,IRS25703072,2025-05-14,1000,1,25.6943,1,YERLİ,38.6667,Mal kabul,E,Şartlı kabul,664.5072,45,2025,5,20
H00001,320.01.0002,IRS25703073,2025-05-20,500,0.5,61.0361,1,YERLİ,38.6667,Kısmi teslim,H,,789.2592,90,2025,5,21
H00008,320.01.0002,IRS25703074,2025-05-03,1000,1,27.6258,1,YERLİ,38.6667,Numune kabul,E,Şartlı kabul,714.4597,60,2025,5,18
D00009,320.01.0007,IRS25703075,2025-05-06,500,500,85.3021,1,İTHAL,38.6667,Numune kabul,E,Şartlı kabul,1103.0434,30,2025,5,19
H00011,320.01.0007,IRS25703076,2025-05-13,500,0.5,58.9106,1,İTHAL,38.6667,Mal kabul,E,Kalite onaylı,761.7743,45,2025,5,20
H00014,320.01.0021,IRS25703077,2025-04-29,120,0.12,107.9611,1,İTHAL,37.9,Kısmi teslim,E,Şartlı kabul,341.8293,0,2025,4,18
D00005,320.01.0021,IRS25703078,2025-04-30,1000,1000,292.5283,1,İTHAL,37.9,İthalat dosyası,E,Şartlı kabul,7718.4248,0,2025,4,18
D00012,320.01.0021,IRS25703079,2025-05-05,250,250,192.8213,1,İTHAL,38.6667,İthalat dosyası,H,Kalite onaylı,1246.6884,45,2025,5,19
H00011,320.01.0036,IRS25703080,2025-06-26,250,0.25,69.4212,1,İTHAL,39.4333,İthalat dosyası,E,,440.1179,90,2025,6,26
D00003,320.01.0001,IRS25703081,2025-05-15,5000,5000,286.6249,1,YERLİ,38.6667,Sevk irsaliyesi,H,Kalite onaylı,37063.5327,0,2025,5,20
H00002,320.01.0007,IRS25703082,2025-07-21,1000,1,106.0747,1,İTHAL,40.2,İthalat dosyası,E,Şartlı kabul,2638.6741,90,2025,7,30
D00003,320.01.0025,IRS25703083,2025-06-28,120,120,324.8324,1,YERLİ,39.4333,Mal kabul,H,Kalite onaylı,988.5018,90,2025,6,26
H00005,320.01.0025,IRS25703084,2025-06-02,500,0.5,57.0366,1,YERLİ,39.4333,Sevk irsaliyesi,E,,723.2035,45,2025,6,23
D00011,320.01.0010,IRS25703085,2025-05-04,5000,5000,92.4178,1,YERLİ,38.6667,Kısmi teslim,E,Kalite onaylı,11950.5673,30,2025,5,18
H00004,320.01.0010,IRS25703086,2025-05-01,5000,5,25.9522,1,YERLİ,38.6667,Kısmi teslim,H,Şartlı kabul,3355.885,45,2025,5,18
H00012,320.01.0010,IRS25703087,2025-05-25,1000,1000,118.4329,1,YERLİ,38.6667,Sevk irsaliyesi,H,,3062.9172,60,2025,5,21
D00006,320.01.0033,IRS25703088,2025-06-02,1000,1000,216.1178,1,YERLİ,39.4333,Mal kabul,E,Şartlı kabul,5480.5913,0,2025,6,23
H00003,320.01.0033,IRS25703089,2025-06-16,250,0.25,42.0045,1,YERLİ,39.4333,Kısmi teslim,E,,266.3009,90,2025,6,25
D00007,320.01.0018,IRS25703090,2025-06-02,1000,1000,149.5777,1,İTHAL,39.4333,İthalat dosyası,E,,3793.1824,90,2025,6,23
H00013,320.01.0018,IRS25703091,2025-05-13,5000,5000,66.7569,1,İTHAL,38.6667,Mal kabul,H,Kalite onaylı,8632.3503,90,2025,5,20
D00009,320.01.0018,IRS25703092,2025-05-18,250,250,75.4713,1,İTHAL,38.6667,Mal kabul,H,Şartlı kabul,487.9606,90,2025,5,20
D00011,320.01.0011,IRS25703093,2025-07-21,2000,2000,91.329,1,YERLİ,40.2,Numune kabul,H,,4543.7313,90,2025,7,30
D00009,320.01.0001,IRS25703094,2025-05-05,250,250,76.2547,1,YERLİ,38.6667,Mal kabul,H,,493.0257,90,2025,5,19
H00004,320.01.0001,IRS25703095,2025-05-16,1000,1,29.3658,1,YERLİ,38.6667,Kısmi teslim,E,Kalite onaylı,759.4597,0,2025,5,20
H00011,320.01.0018,IRS25703096,2025-06-09,500,0.5,60.0821,1,İTHAL,39.4333,İthalat dosyası,H,Şartlı kabul,761.8193,0,2025,6,24
D00004,320.01.0047,IRS25703097,2025-06-07,500,500,26.0377,1,YERLİ,39.4333,Sevk irsaliyesi,H,,330.1486,0,2025,6,23
D00008,320.01.0047,IRS25703098,2025-07-26,120,120,359.3532,1,YERLİ,40.2,Numune kabul,E,Kalite onaylı,1072.6961,30,2025,7,30
H00010,320.01.0047,IRS25703099,2025-07-03,5000,5,28.1411,1,YERLİ,40.2,Kısmi teslim,E,Kalite onaylı,3500.1368,45,2025,7,27
H00011,320.01.0005,IRS25703101,2025-05-22,10000,10,58.9596,1,İTHAL,38.6667,Sevk irsaliyesi,H,Şartlı kabul,15248.1593,30,2025,5,21
D00005,320.01.0043,IRS25703102,2025-06-23,10000,10000,332.8308,1,YERLİ,39.4333,Kısmi teslim,E,Şartlı kabul,84403.4864,60,2025,6,26
D00001,320.01.0010,IRS25703103,2025-06-22,5000,5000,334.7019,1,YERLİ,39.4333,Numune kabul,H,Kalite onaylı,42438.9919,45,2025,6,25
H00005,320.01.0005,IRS25703104,2025-07-28,2000,2,58.2463,1,İTHAL,40.2,Mal kabul,H,Kalite onaylı,2897.8259,45,2025,7,31
D00006,320.01.0009,IRS25703105,2025-05-07,1000,1000,207.2975,1,İTHAL,38.6667,Mal kabul,H,Kalite onaylı,5361.1376,0,2025,5,19
D00005,320.01.0009,IRS25703106,2025-07-04,250,250,340.2439,1,İTHAL,40.2,Numune kabul,H,Şartlı kabul,2115.9447,0,2025,7,27
D00006,320.01.0009,IRS25703107,2025-05-12,1000,1000,217.8531,1,İTHAL,38.6667,Kısmi teslim,H,Kalite onaylı,5634.127,30,2025,5,20
H00016,320.01.0002,IRS25703108,2025-07-02,2000,2000,50.0569,1,YERLİ,40.2,İthalat dosyası,H,Kalite onaylı,2490.393,90,2025,7,27
H00015,320.01.0002,IRS25703109,2025-06-11,10000,10,31.866,1,YERLİ,39.4333,Kısmi teslim,E,Kalite onaylı,8080.9874,0,2025,6,24
H00012,320.01.0044,IRS25703110,2025-06-03,1000,1000,105.6245,1,YERLİ,39.4333,Mal kabul,E,Kalite onaylı,2678.561,0,2025,6,23
H00009,320.01.0012,IRS25703112,2025-06-11,10000,10,26.5463,1,YERLİ,39.4333,Sevk irsaliyesi,E,Kalite onaylı,6731.9499,45,2025,6,24
H00003,320.01.0012,IRS25703113,2025-07-31,120,0.12,33.8245,1,YERLİ,40.2,Sevk irsaliyesi,H,Şartlı kabul,100.9687,45,2025,7,31
H00011,320.01.0054,IRS25703114,2025-06-20,10000,10,63.9533,1,YERLİ,39.4333,Mal kabul,E,Kalite onaylı,16218.0949,45,2025,6,25
H00006,320.01.0054,IRS25703115,2025-06-24,1000,1,125.0807,1,YERLİ,39.4333,Kısmi teslim,E,Kalite onaylı,3171.9562,90,2025,6,26
D00004,320.01.0054,IRS25703116,2025-06-01,120,120,30.2788,1,YERLİ,39.4333,Numune kabul,E,Kalite onaylı,92.1418,30,2025,6,22
H00007,320.01.0001,IRS25703117,2025-05-16,5000,5,104.4023,1,YERLİ,38.6667,Kısmi teslim,E,,13500.2858,0,2025,5,20
H00009,320.01.0024,IRS25703118,2025-05-13,1000,1,24.3118,1,YERLİ,38.6667,Numune kabul,E,,628.7529,90,2025,5,20
D00002,320.01.0006,IRS25703119,2025-07-26,250,250,164.6159,1,YERLİ,40.2,Numune kabul,E,Şartlı kabul,1023.7307,90,2025,7,30
D00008,320.01.0042,IRS25703120,2025-08-02,1000,1000,413.6379,1,YERLİ,40.85,İthalat dosyası,E,Şartlı kabul,10125.7748,45,2025,8,31
D00001,320.01.0042,IRS25703121,2025-07-29,1000,1000,344.1427,1,YERLİ,40.2,Mal kabul,H,Kalite onaylı,8560.7637,30,2025,7,31
H00006,320.01.0007,IRS25703122,2025-05-17,1000,1,119.333,1,İTHAL,38.6667,Kısmi teslim,H,Şartlı kabul,3086.1956,60,2025,5,20
H00009,320.01.0007,IRS25703123,2025-06-17,120,0.12,27.4143,1,İTHAL,39.4333,Mal kabul,H,Şartlı kabul,83.4248,0,2025,6,25
H00002,320.01.0053,IRS25703124,2025-08-10,5000,5,127.1137,1,YERLİ,40.85,Numune kabul,H,,15558.5924,45,2025,8,32
D00005,320.01.0026,IRS25703125,2025-05-19,500,500,338.7512,1,YERLİ,38.6667,İthalat dosyası,E,Şartlı kabul,4380.3997,90,2025,5,21
D00005,320.01.0004,IRS25703126,2025-06-13,120,120,331.8122,1,YERLİ,39.4333,Numune kabul,H,,1009.7421,60,2025,6,24
D00012,320.01.0004,IRS25703127,2025-06-07,5000,5000,172.8156,1,YERLİ,39.4333,İthalat dosyası,H,Kalite onaylı,21912.3938,45,2025,6,23
D00005,320.01.0001,IRS25703128,2025-05-15,2000,2000,328.7483,1,YERLİ,38.6667,İthalat dosyası,H,Şartlı kabul,17004.2078,60,2025,5,20
D00006,320.01.0001,IRS25703129,2025-05-26,5000,5000,203.5205,1,YERLİ,38.6667,Kısmi teslim,E,Şartlı kabul,26317.2833,90,2025,5,22
D00007,320.01.0011,IRS25703130,2025-08-07,1000,1000,168.227,1,YERLİ,40.85,Kısmi teslim,H,Kalite onaylı,4118.164,45,2025,8,32
H00013,320.01.0014,IRS25703132,2025-07-06,120,120,70.0615,1,YERLİ,40.2,Kısmi teslim,E,,209.1388,30,2025,7,27
H00004,320.01.0014,IRS25703133,2025-07-07,120,0.12,30.0285,1,YERLİ,40.2,İthalat dosyası,H,,89.6373,90,2025,7,28
H00007,320.01.0014,IRS25703134,2025-06-04,500,0.5,109.8514,1,YERLİ,39.4333,Mal kabul,E,Kalite onaylı,1392.8761,60,2025,6,23
H00016,320.01.0011,IRS25703135,2025-05-17,120,120,55.2861,1,YERLİ,38.6667,Mal kabul,H,Şartlı kabul,171.5774,30,2025,5,20
H00007,320.01.0011,IRS25703136,2025-06-06,120,0.12,130.99,1,YERLİ,39.4333,İthalat dosyası,H,Şartlı kabul,398.6174,45,2025,6,23
D00003,320.01.0011,IRS25703137,2025-06-19,250,250,319.7197,1,YERLİ,39.4333,Mal kabul,H,,2026.9652,45,2025,6,25
H00008,320.01.0039,IRS25703138,2025-07-02,1000,1,23.8404,1,YERLİ,40.2,İthalat dosyası,H,Şartlı kabul,593.0448,0,2025,7,27
D00011,320.01.0008,IRS25703139,2025-05-31,120,120,92.5948,1,YERLİ,38.6667,Mal kabul,H,Kalite onaylı,287.3629,0,2025,5,22
H00004,320.01.0003,IRS25703140,2025-06-07,250,0.25,26.4417,1,YERLİ,39.4333,Sevk irsaliyesi,H,Kalite onaylı,167.6356,45,2025,6,23
D00005,320.01.0003,IRS25703141,2025-06-10,250,250,353.5921,1,YERLİ,39.4333,Kısmi teslim,H,,2241.7101,30,2025,6,24
D00004,320.01.0018,IRS25703142,2025-05-26,250,250,30.3601,1,İTHAL,38.6667,Mal kabul,H,,196.2936,60,2025,5,22
H00016,320.01.0009,IRS25703143,2025-08-03,500,500,51.9691,1,İTHAL,40.85,Sevk irsaliyesi,H,,636.0967,90,2025,8,31
D00002,320.01.0009,IRS25703144,2025-05-20,1000,1000,173.2333,1,İTHAL,38.6667,Kısmi teslim,E,Şartlı kabul,4480.1677,0,2025,5,21
D00001,320.01.0006,IRS25703145,2025-07-03,120,120,364.9747,1,YERLİ,40.2,İthalat dosyası,E,,1089.4767,90,2025,7,27
H00010,320.01.0006,IRS25703146,2025-06-03,5000,5,30.1262,1,YERLİ,39.4333,İthalat dosyası,H,Kalite onaylı,3819.8933,0,2025,6,23
H00003,320.01.0047,IRS25703147,2025-06-23,250,0.25,37.2781,1,YERLİ,39.4333,Numune kabul,E,Şartlı kabul,236.3364,0,2025,6,26
H00004,320.01.0047,IRS25703148,2025-06-07,2000,2,23.7578,1,YERLİ,39.4333,İthalat dosyası,H,Kalite onaylı,1204.9613,30,2025,6,23
D00007,320.01.0001,IRS25703150,2025-05-22,10000,10000,143.8023,1,YERLİ,38.6667,Numune kabul,E,Kalite onaylı,37190.2179,30,2025,5,21
D00009,320.01.0001,IRS25703151,2025-06-19,1000,1000,73.0406,1,YERLİ,39.4333,İthalat dosyası,H,Şartlı kabul,1852.2568,30,2025,6,25
H00011,320.01.0001,IRS25703152,2025-06-17,1000,1,68.2896,1,YERLİ,39.4333,Numune kabul,E,Kalite onaylı,1731.7749,0,2025,6,25
H00016,320.01.0037,IRS25703153,2025-06-16,500,500,54.6639,1,YERLİ,39.4333,Kısmi teslim,E,Kalite onaylı,693.1185,90,2025,6,25
D00008,320.01.0037,IRS25703154,2025-06-03,5000,5000,417.2728,1,YERLİ,39.4333,Mal kabul,E,Kalite onaylı,52908.6838,90,2025,6,23
D00006,320.01.0019,IRS25703155,2025-07-18,500,500,225.945,1,YERLİ,40.2,Kısmi teslim,E,Kalite onaylı,2810.2612,90,2025,7,29
H00009,320.01.0019,IRS25703156,2025-05-30,2000,2,23.5295,1,YERLİ,38.6667,Sevk irsaliyesi,E,Kalite onaylı,1217.0421,90,2025,5,22
H00006,320.01.0001,IRS25703157,2025-06-10,1000,1,106.4847,1,YERLİ,39.4333,Mal kabul,H,Kalite onaylı,2700.3751,0,2025,6,24
H00002,320.01.0010,IRS25703158,2025-05-22,120,0.12,105.0136,1,YERLİ,38.6667,Mal kabul,E,Şartlı kabul,325.904,60,2025,5,21
H00007,320.01.0010,IRS25703159,2025-08-14,5000,5,122.3522,1,YERLİ,40.85,Numune kabul,E,Şartlı kabul,14975.7895,60,2025,8,33
H00012,320.01.0022,IRS25703160,2025-08-11,5000,5000,113.3706,1,İTHAL,40.85,Numune kabul,H,Kalite onaylı,13876.4504,30,2025,8,33
H00016,320.01.0022,IRS25703161,2025-06-13,5000,5000,51.5948,1,İTHAL,39.4333,Sevk irsaliyesi,E,Kalite onaylı,6542.0343,0,2025,6,24
H00011,320.01.0024,IRS25703162,2025-07-09,10000,10,65.0009,1,YERLİ,40.2,Mal kabul,E,Kalite onaylı,16169.3781,30,2025,7,28
H00008,320.01.0024,IRS25703163,2025-07-12,120,0.12,25.1445,1,YERLİ,40.2,Sevk irsaliyesi,H,Şartlı kabul,75.0582,90,2025,7,28
D00006,320.01.0048,IRS25703164,2025-06-01,5000,5000,233.9777,1,YERLİ,39.4333,İthalat dosyası,E,Şartlı kabul,29667.5272,45,2025,6,22
H00001,320.01.0048,IRS25703165,2025-06-09,120,0.12,62.02,1,YERLİ,39.4333,Kısmi teslim,E,Şartlı kabul,188.7339,90,2025,6,24
H00014,320.01.0006,IRS25703166,2025-05-21,2000,2,98.495,1,YERLİ,38.6667,Mal kabul,H,Kalite onaylı,5094.5646,90,2025,5,21
H00007,320.01.0006,IRS25703167,2025-07-20,500,0.5,113.6453,1,YERLİ,40.2,İthalat dosyası,E,Kalite onaylı,1413.4988,60,2025,7,29
D00005,320.01.0028,IRS25703168,2025-07-15,10000,10000,353.0779,1,YERLİ,40.2,Kısmi teslim,E,,87830.3234,45,2025,7,29
H00014,320.01.0028,IRS25703169,2025-08-11,5000,5,110.9099,1,YERLİ,40.85,Kısmi teslim,H,,13575.2632,0,2025,8,33
H00014,320.01.0054,IRS25703170,2025-05-26,5000,5,108.8588,1,YERLİ,38.6667,İthalat dosyası,H,,14076.5568,30,2025,5,22
H00013,320.01.0001,IRS25703171,2025-05-30,120,120,62.0114,1,YERLİ,38.6667,Kısmi teslim,H,Kalite onaylı,192.449,60,2025,5,22
H00010,320.01.0001,IRS25703172,2025-07-12,250,0.25,29.4038,1,YERLİ,40.2,Sevk irsaliyesi,E,Şartlı kabul,182.8595,60,2025,7,28
H00015,320.01.0001,IRS25703173,2025-07-08,5000,5,27.4499,1,YERLİ,40.2,Numune kabul,E,Şartlı kabul,3414.1667,90,2025,7,28
H00001,320.01.0054,IRS25703174,2025-07-15,1000,1,62.4662,1,YERLİ,40.2,Sevk irsaliyesi,H,Şartlı kabul,1553.8856,0,2025,7,29
D00009,320.01.0026,IRS25703175,2025-07-05,10000,10000,82.026,1,YERLİ,40.2,Mal kabul,H,Şartlı kabul,20404.4776,0,2025,7,27
H00003,320.01.0026,IRS25703176,2025-05-30,250,0.25,40.3748,1,YERLİ,38.6667,Mal kabul,E,Kalite onaylı,261.0437,90,2025,5,22
H00004,320.01.0001,IRS25703177,2025-08-24,5000,5,26.3374,1,YERLİ,40.85,Kısmi teslim,H,,3223.672,90,2025,8,34
D00001,320.01.0001,IRS25703178,2025-07-12,1000,1000,324.4561,1,YERLİ,40.2,İthalat dosyası,E,,8071.0473,30,2025,7,28
H00005,320.01.0004,IRS25703179,2025-07-21,250,0.25,58.9126,1,YERLİ,40.2,Mal kabul,E,Kalite onaylı,366.3719,30,2025,7,30
H00007,320.01.0003,IRS25703180,2025-08-12,5000,5,129.1176,1,YERLİ,40.85,Kısmi teslim,E,Kalite onaylı,15803.8678,45,2025,8,33
D00003,320.01.0003,IRS25703181,2025-05-26,250,250,305.4286,1,YERLİ,38.6667,Sevk irsaliyesi,E,Şartlı kabul,1974.7522,30,2025,5,22
D00004,320.01.0003,IRS25703182,2025-06-02,2000,2000,25.6429,1,YERLİ,39.4333,Numune kabul,H,Şartlı kabul,1300.5708,0,2025,6,23
H00002,320.01.0010,IRS25703183,2025-06-13,2000,2,121.1588,1,YERLİ,39.4333,Sevk irsaliyesi,E,,6144.9993,45,2025,6,24
H00001,320.01.0034,IRS25703184,2025-06-28,10000,10,57.3627,1,İTHAL,39.4333,Kısmi teslim,H,,14546.7663,60,2025,6,26
H00010,320.01.0034,IRS25703185,2025-06-07,1000,1,31.7051,1,İTHAL,39.4333,Numune kabul,H,Şartlı kabul,804.0184,45,2025,6,23
H00010,320.01.0002,IRS25703186,2025-08-17,10000,10,33.7705,1,YERLİ,40.85,Sevk irsaliyesi,E,,8266.9523,0,2025,8,33
H00011,320.01.0002,IRS25703187,2025-06-15,2000,2,69.2644,1,YERLİ,39.4333,Mal kabul,E,,3512.9903,45,2025,6,24
H00015,320.01.0002,IRS25703188,2025-07-15,1000,1,30.9902,1,YERLİ,40.2,Mal kabul,H,,770.9005,0,2025,7,29
H00012,320.01.0008,IRS25703189,2025-06-05,250,250,117.5393,1,YERLİ,39.4333,Numune kabul,H,Şartlı kabul,745.1779,60,2025,6,23
D00007,320.01.0002,IRS25703190,2025-05-30,1000,1000,158.6611,1,YERLİ,38.6667,İthalat dosyası,E,Kalite onaylı,4103.3008,60,2025,5,22
H00008,320.01.0002,IRS25703191,2025-07-06,120,0.12,27.3949,1,YERLİ,40.2,İthalat dosyası,E,Şartlı kabul,81.7758,90,2025,7,27
D00003,320.01.0002,IRS25703192,2025-06-18,2000,2000,364.2986,1,YERLİ,39.4333,İthalat dosyası,H,,18476.6986,45,2025,6,25
D00005,320.01.0009,IRS25703193,2025-06-10,500,500,289.5199,1,İTHAL,39.4333,İthalat dosyası,H,,3671.0078,45,2025,6,24
D00007,320.01.0013,IRS25703194,2025-06-21,250,250,158.8187,1,YERLİ,39.4333,Kısmi teslim,H,Şartlı kabul,1006.8819,90,2025,6,25
D00001,320.01.0013,IRS25703195,2025-06-04,250,250,369.1142,1,YERLİ,39.4333,İthalat dosyası,H,Kalite onaylı,2340.1174,60,2025,6,23
D00003,320.01.0005,IRS25703196,2025-06-21,250,250,299.459,1,İTHAL,39.4333,Kısmi teslim,E,Kalite onaylı,1898.516,30,2025,6,25
D00001,320.01.0005,IRS25703197,2025-06-09,120,120,318.792,1,İTHAL,39.4333,Mal kabul,E,Kalite onaylı,970.1202,90,2025,6,24
H00008,320.01.0010,IRS25703198,2025-06-03,5000,5,25.8628,1,YERLİ,39.4333,Numune kabul,H,Kalite onaylı,3279.3096,0,2025,6,23
D00008,320.01.0016,IRS25703199,2025-08-17,1000,1000,421.4466,1,İTHAL,40.85,İthalat dosyası,H,Kalite onaylı,10316.9302,0,2025,8,33
H00012,320.01.0012,IRS25703200,2025-06-01,10000,10000,117.2493,1,YERLİ,39.4333,İthalat dosyası,H,Şartlı kabul,29733.5754,30,2025,6,22
D00008,320.01.0012,IRS25703201,2025-06-03,250,250,412.7137,1,YERLİ,39.4333,İthalat dosyası,E,Şartlı kabul,2616.5303,90,2025,6,23
H00010,320.01.0003,IRS25703202,2025-05-30,250,0.25,26.8246,1,YERLİ,38.6667,Sevk irsaliyesi,H,Kalite onaylı,173.4348,45,2025,5,22
H00012,320.01.0003,IRS25703203,2025-07-31,5000,5000,113.5032,1,YERLİ,40.2,Sevk irsaliyesi,H,Kalite onaylı,14117.3134,0,2025,7,31
D00002,320.01.0003,IRS25703204,2025-09-01,5000,5000,186.577,1,YERLİ,41.5,Kısmi teslim,H,Kalite onaylı,22479.1566,90,2025,9,36
H00001,320.01.0034,IRS25703205,2025-06-03,1000,1,66.01,1,İTHAL,39.4333,İthalat dosyası,E,,1673.9659,30,2025,6,23
H00006,320.01.0034,IRS25703206,2025-08-28,5000,5,124.6985,1,İTHAL,40.85,Numune kabul,H,Şartlı kabul,15262.9743,60,2025,8,35
D00006,320.01.0034,IRS25703207,2025-07-13,2000,2000,202.6,1,İTHAL,40.2,Sevk irsaliyesi,E,,10079.602,30,2025,7,28
H00010,320.01.0013,IRS25703209,2025-08-29,10000,10,27.6115,1,YERLİ,40.85,Sevk irsaliyesi,H,Kalite onaylı,6759.2411,0,2025,8,35
H00006,320.01.0002,IRS25703210,2025-06-24,1000,1,134.3912,1,YERLİ,39.4333,Sevk irsaliyesi,E,,3408.0637,90,2025,6,26
D00011,320.01.0002,IRS25703211,2025-06-25,2000,2000,85.807,1,YERLİ,39.4333,Sevk irsaliyesi,H,Kalite onaylı,4352.0071,60,2025,6,26
D00011,320.01.0004,IRS25703212,2025-06-11,10000,10000,77.6599,1,YERLİ,39.4333,İthalat dosyası,H,,19693.9896,0,2025,6,24
H00012,320.01.0004,IRS25703213,2025-06-20,500,500,109.6372,1,YERLİ,39.4333,Sevk irsaliyesi,E,Şartlı kabul,1390.1601,30,2025,6,25
H00003,320.01.0002,IRS25703214,2025-06-16,2000,2,35.4336,1,YERLİ,39.4333,Numune kabul,H,Kalite onaylı,1797.141,30,2025,6,25
D00001,320.01.0001,IRS25703215,2025-07-17,2000,2000,378.0675,1,YERLİ,40.2,İthalat dosyası,H,Şartlı kabul,18809.3284,0,2025,7,29
H00004,320.01.0001,IRS25703216,2025-06-10,1000,1,28.3648,1,YERLİ,39.4333,İthalat dosyası,E,Kalite onaylı,719.3108,60,2025,6,24
D00011,320.01.0001,IRS25703217,2025-06-14,250,250,98.3473,1,YERLİ,39.4333,Kısmi teslim,H,Kalite onaylı,623.5041,30,2025,6,24
D00007,320.01.0001,IRS25703218,2025-06-01,500,500,143.8378,1,YERLİ,39.4333,Mal kabul,H,Şartlı kabul,1823.8113,60,2025,6,22
H00005,320.01.0001,IRS25703219,2025-06-05,120,0.12,53.1929,1,YERLİ,39.4333,Numune kabul,E,Kalite onaylı,161.872,60,2025,6,23
D00005,320.01.0010,IRS25703220,2025-06-25,500,500,365.9016,1,YERLİ,39.4333,İthalat dosyası,H,Kalite onaylı,4639.5001,45,2025,6,26
D00007,320.01.0003,IRS25703221,2025-08-01,120,120,172.8981,1,YERLİ,40.85,Kısmi teslim,E,,507.9014,45,2025,8,31
D00007,320.01.0002,IRS25703222,2025-08-21,250,250,153.7569,1,YERLİ,40.85,Sevk irsaliyesi,H,Kalite onaylı,940.9847,90,2025,8,34
D00009,320.01.0027,IRS25703223,2025-09-05,120,120,74.7763,1,YERLİ,41.5,Sevk irsaliyesi,H,,216.2206,60,2025,9,36
D00001,320.01.0027,IRS25703224,2025-07-19,2000,2000,375.4897,1,YERLİ,40.2,Mal kabul,E,Şartlı kabul,18681.0796,90,2025,7,29
H00003,320.01.0027,IRS25703225,2025-07-22,2000,2,43.5815,1,YERLİ,40.2,Mal kabul,E,,2168.2338,0,2025,7,30
D00002,320.01.0002,IRS25703226,2025-06-13,2000,2000,166.2257,1,YERLİ,39.4333,Sevk irsaliyesi,E,Şartlı kabul,8430.7273,45,2025,6,24
H00008,320.01.0002,IRS25703227,2025-06-17,120,0.12,28.2469,1,YERLİ,39.4333,Numune kabul,E,,85.9585,60,2025,6,25
D00003,320.01.0002,IRS25703228,2025-07-09,120,120,296.9685,1,YERLİ,40.2,İthalat dosyası,E,Şartlı kabul,886.4731,30,2025,7,28
H00013,320.01.0001,IRS25703229,2025-08-08,10000,10000,60.7112,1,YERLİ,40.85,Kısmi teslim,H,Şartlı kabul,14861.9829,60,2025,8,32
D00011,320.01.0005,IRS25703230,2025-08-24,5000,5000,98.6307,1,İTHAL,40.85,Mal kabul,E,,12072.3011,60,2025,8,34
H00005,320.01.0005,IRS25703231,2025-06-20,250,0.25,54.8054,1,İTHAL,39.4333,Mal kabul,H,Kalite onaylı,347.4563,30,2025,6,25
D00012,320.01.0027,IRS25703232,2025-08-29,250,250,194.772,1,YERLİ,40.85,Numune kabul,H,Şartlı kabul,1191.9951,0,2025,8,35
D00005,320.01.0027,IRS25703233,2025-07-15,1000,1000,314.847,1,YERLİ,40.2,İthalat dosyası,H,Şartlı kabul,7832.0149,0,2025,7,29
D00012,320.01.0019,IRS25703234,2025-06-06,5000,5000,175.4498,1,YERLİ,39.4333,Mal kabul,E,Şartlı kabul,22246.4009,45,2025,6,23
D00008,320.01.0019,IRS25703235,2025-06-24,120,120,392.2317,1,YERLİ,39.4333,Sevk irsaliyesi,H,Kalite onaylı,1193.6055,60,2025,6,26
H00015,320.01.0019,IRS25703236,2025-06-28,10000,10,31.9469,1,YERLİ,39.4333,Sevk irsaliyesi,H,,8101.503,60,2025,6,26
D00001,320.01.0001,IRS25703237,2025-06-17,500,500,338.8368,1,YERLİ,39.4333,İthalat dosyası,E,Kalite onaylı,4296.3282,30,2025,6,25
H00012,320.01.0001,IRS25703238,2025-09-05,250,250,125.0692,1,YERLİ,41.5,Numune kabul,H,Şartlı kabul,753.4289,60,2025,9,36
H00015,320.01.0001,IRS25703239,2025-06-16,2000,2,28.6837,1,YERLİ,39.4333,Kısmi teslim,H,Şartlı kabul,1454.7958,45,2025,6,25
D00002,320.01.0002,IRS25703240,2025-06-09,1000,1000,196.4546,1,YERLİ,39.4333,Numune kabul,H,,4981.9467,0,2025,6,24
D00001,320.01.0002,IRS25703241,2025-08-10,2000,2000,345.0102,1,YERLİ,40.85,Mal kabul,E,Kalite onaylı,16891.5643,90,2025,8,32
H00014,320.01.0029,IRS25703242,2025-06-13,10000,10,94.7057,1,İTHAL,39.4333,Sevk irsaliyesi,E,,24016.6813,45,2025,6,24
H00015,320.01.0029,IRS25703243,2025-08-12,500,0.5,31.6183,1,İTHAL,40.85,İthalat dosyası,H,Şartlı kabul,387.0049,0,2025,8,33
D00003,320.01.0008,IRS25703244,2025-08-08,1000,1000,305.8449,1,YERLİ,40.85,Mal kabul,E,Kalite onaylı,7487.0233,30,2025,8,32
H00015,320.01.0008,IRS25703245,2025-07-17,120,0.12,30.1403,1,YERLİ,40.2,Kısmi teslim,H,,89.971,30,2025,7,29
H00010,320.01.0002,IRS25703246,2025-06-14,2000,2,28.7212,1,YERLİ,39.4333,Kısmi teslim,E,,1456.6978,0,2025,6,24
H00003,320.01.0010,IRS25703247,2025-09-01,120,0.12,44.6575,1,YERLİ,41.5,Sevk irsaliyesi,E,Şartlı kabul,129.1301,0,2025,9,36
D00007,320.01.0010,IRS25703248,2025-09-09,250,250,164.481,1,YERLİ,41.5,İthalat dosyası,H,,990.8494,90,2025,9,37
H00009,320.01.0010,IRS25703249,2025-09-03,10000,10,23.9685,1,YERLİ,41.5,Kısmi teslim,H,Kalite onaylı,5775.5422,90,2025,9,36
H00015,320.01.0010,IRS25703250,2025-08-01,250,0.25,34.4868,1,YERLİ,40.85,Kısmi teslim,E,,211.0575,30,2025,8,31
D00005,320.01.0010,IRS25703251,2025-06-28,1000,1000,360.7697,1,YERLİ,39.4333,Numune kabul,H,,9148.859,45,2025,6,26
H00014,320.01.0048,IRS25703252,2025-06-22,250,0.25,101.2434,1,YERLİ,39.4333,Mal kabul,E,Kalite onaylı,641.8649,30,2025,6,25
H00005,320.01.0003,IRS25703253,2025-07-06,5000,5,68.9776,1,YERLİ,40.2,Sevk irsaliyesi,E,,8579.3035,0,2025,7,27
H00016,320.01.0003,IRS25703254,2025-06-26,120,120,60.9617,1,YERLİ,39.4333,Kısmi teslim,H,Kalite onaylı,185.5134,30,2025,6,26
H00008,320.01.0025,IRS25703255,2025-09-03,2000,2,22.5672,1,YERLİ,41.5,Numune kabul,H,Kalite onaylı,1087.5759,60,2025,9,36
H00004,320.01.0025,IRS25703256,2025-06-24,10000,10,27.8681,1,YERLİ,39.4333,Numune kabul,E,,7067.1488,60,2025,6,26
H00002,320.01.0025,IRS25703257,2025-08-06,5000,5,102.6321,1,YERLİ,40.85,Numune kabul,E,Şartlı kabul,12562.0685,90,2025,8,32
H00003,320.01.0055,IRS25703258,2025-07-06,1000,1,44.7668,1,YERLİ,40.2,İthalat dosyası,E,Kalite onaylı,1113.602,60,2025,7,27
H00014,320.01.0008,IRS25703259,2025-07-05,5000,5,98.736,1,YERLİ,40.2,Mal kabul,E,,12280.597,60,2025,7,27
D00005,320.01.0007,IRS25703260,2025-09-05,120,120,364.177,1,İTHAL,41.5,Kısmi teslim,H,,1053.0419,90,2025,9,36
D00010,320.01.0003,IRS25703261,2025-06-28,1000,1000,423.461,1,YERLİ,39.4333,Kısmi teslim,H,Kalite onaylı,10738.665,30,2025,6,26
D00011,320.01.0003,IRS25703262,2025-09-07,125,125,82.1819,1,YERLİ,41.5,Sevk irsaliyesi,E,Kalite onaylı,247.5358,30,2025,9,36
H00006,320.01.0006,IRS25703263,2025-07-07,5000,5,136.9941,1,YERLİ,40.2,İthalat dosyası,E,,17039.0672,0,2025,7,28
D00009,320.01.0001,IRS25703264,2025-06-23,2000,2000,91.5048,1,YERLİ,39.4333,Kısmi teslim,H,Kalite onaylı,4640.9912,45,2025,6,26
H00008,320.01.0001,IRS25703265,2025-08-03,10000,10,28.2406,1,YERLİ,40.85,Sevk irsaliyesi,H,Kalite onaylı,6913.2436,60,2025,8,31
D00002,320.01.0021,IRS25703266,2025-06-25,500,500,200.9947,1,İTHAL,39.4333,Kısmi teslim,H,Şartlı kabul,2548.5402,45,2025,6,26
D00004,320.01.0021,IRS25703267,2025-07-24,5000,5000,26.2898,1,İTHAL,40.2,Kısmi teslim,E,Kalite onaylı,3269.8756,45,2025,7,30
H00007,320.01.0021,IRS25703268,2025-06-29,5000,5,126.9116,1,İTHAL,39.4333,Sevk irsaliyesi,E,,16091.9325,0,2025,6,26
D00009,320.01.0011,IRS25703269,2025-09-15,2000,2000,87.0627,1,YERLİ,41.5,Numune kabul,H,Şartlı kabul,4195.7928,60,2025,9,38
D00006,320.01.0012,IRS25703270,2025-07-14,120,120,190.4682,1,YERLİ,40.2,Mal kabul,E,Şartlı kabul,568.5618,60,2025,7,29
H00012,320.01.0012,IRS25703271,2025-08-13,10000,10000,133.3205,1,YERLİ,40.85,Numune kabul,H,Şartlı kabul,32636.5973,45,2025,8,33
H00002,320.01.0012,IRS25703272,2025-07-08,120,0.12,113.4326,1,YERLİ,40.2,Mal kabul,E,Kalite onaylı,338.6048,30,2025,7,28
D00005,320.01.0013,IRS25703273,2025-07-07,10000,10000,332.8062,1,YERLİ,40.2,Sevk irsaliyesi,H,Kalite onaylı,82787.6119,0,2025,7,28
H00014,320.01.0013,IRS25703274,2025-07-03,1000,1,96.3132,1,YERLİ,40.2,Mal kabul,E,Kalite onaylı,2395.8507,45,2025,7,27
H00011,320.01.0002,IRS25703275,2025-07-11,500,0.5,69.4163,1,YERLİ,40.2,Numune kabul,H,Kalite onaylı,863.3868,0,2025,7,28
H00006,320.01.0021,IRS25703276,2025-06-29,500,0.5,133.3485,1,İTHAL,39.4333,Kısmi teslim,E,Şartlı kabul,1690.8108,30,2025,6,26
H00015,320.01.0021,IRS25703277,2025-07-26,10000,10,31.6123,1,İTHAL,40.2,Numune kabul,H,Kalite onaylı,7863.7562,0,2025,7,30
H00011,320.01.0040,IRS25703278,2025-07-30,10000,10,64.9346,1,YERLİ,40.2,Sevk irsaliyesi,E,Kalite onaylı,16152.8856,45,2025,7,31
D00002,320.01.0040,IRS25703279,2025-08-03,500,500,201.5279,1,YERLİ,40.85,Numune kabul,E,Şartlı kabul,2466.6818,30,2025,8,31
H00014,320.01.0040,IRS25703280,2025-07-31,5000,5,118.3118,1,YERLİ,40.2,Numune kabul,E,Şartlı kabul,14715.398,60,2025,7,31
D00003,320.01.0003,IRS25703281,2025-08-16,2000,2000,344.2613,1,YERLİ,40.85,Numune kabul,E,Şartlı kabul,16854.8984,30,2025,8,33
H00006,320.01.0003,IRS25703282,2025-07-31,500,0.5,135.7307,1,YERLİ,40.2,Mal kabul,E,,1688.1928,0,2025,7,31
H00005,320.01.0012,IRS25703283,2025-07-28,250,0.25,54.1307,1,YERLİ,40.2,Numune kabul,E,Şartlı kabul,336.6337,60,2025,7,31
D00007,320.01.0007,IRS25703284,2025-07-02,5000,5000,147.5402,1,İTHAL,40.2,Numune kabul,H,Kalite onaylı,18350.7711,30,2025,7,27
H00016,320.01.0007,IRS25703285,2025-07-04,10000,10000,50.3563,1,İTHAL,40.2,Mal kabul,H,,12526.4428,0,2025,7,27
H00005,320.01.0007,IRS25703286,2025-07-10,10000,10,58.7087,1,İTHAL,40.2,Mal kabul,H,Kalite onaylı,14604.1542,0,2025,7,28
D00004,320.01.0008,IRS25703287,2025-06-26,10000,10000,25.2098,1,YERLİ,39.4333,Sevk irsaliyesi,E,Kalite onaylı,6393.0232,60,2025,6,26
H00001,320.01.0002,IRS25703288,2025-08-24,10000,10,63.6682,1,YERLİ,40.85,İthalat dosyası,E,Kalite onaylı,15585.8507,30,2025,8,34
D00011,320.01.0002,IRS25703289,2025-07-23,5000,5000,90.4003,1,YERLİ,40.2,Kısmi teslim,H,Şartlı kabul,11243.8184,0,2025,7,30
H00004,320.01.0021,IRS25703290,2025-09-23,1000,1,29.2026,1,İTHAL,41.5,Sevk irsaliyesi,H,Kalite onaylı,703.6771,0,2025,9,39
H00011,320.01.0007,IRS25703291,2025-07-13,2000,2,66.0209,1,İTHAL,40.2,İthalat dosyası,H,Şartlı kabul,3284.6219,60,2025,7,28
H00008,320.01.0043,IRS25703292,2025-07-16,500,0.5,22.7476,1,YERLİ,40.2,İthalat dosyası,H,,282.9303,45,2025,7,29
H00001,320.01.0043,IRS25703293,2025-07-02,500,0.5,56.4356,1,YERLİ,40.2,İthalat dosyası,E,Şartlı kabul,701.9353,45,2025,7,27
H00006,320.01.0017,IRS25703294,2025-07-03,500,0.5,136.3218,1,YERLİ,40.2,Sevk irsaliyesi,H,,1695.5448,45,2025,7,27
H00014,320.01.0017,IRS25703295,2025-07-19,500,0.5,103.4004,1,YERLİ,40.2,Sevk irsaliyesi,E,Şartlı kabul,1286.0746,45,2025,7,29
D00007,320.01.0003,IRS25703296,2025-07-11,2000,2000,172.1937,1,YERLİ,40.2,Kısmi teslim,E,,8566.8507,60,2025,7,28
H00012,320.01.0003,IRS25703297,2025-06-24,5000,5000,127.8789,1,YERLİ,39.4333,Kısmi teslim,E,Şartlı kabul,16214.5826,0,2025,6,26
H00016,320.01.0003,IRS25703298,2025-07-06,500,500,52.8311,1,YERLİ,40.2,Kısmi teslim,H,,657.1032,30,2025,7,27
D00002,320.01.0003,IRS25703299,2025-08-20,1000,1000,196.6391,1,YERLİ,40.85,Numune kabul,H,,4813.6867,90,2025,8,34
H00005,320.01.0007,IRS25703300,2025-08-24,10000,10,56.0142,1,İTHAL,40.85,Mal kabul,H,Şartlı kabul,13712.1665,45,2025,8,34
D00003,320.01.0007,IRS25703301,2025-07-20,2000,2000,364.8712,1,İTHAL,40.2,Numune kabul,H,Kalite onaylı,18152.796,60,2025,7,29
D00002,320.01.0002,IRS25703302,2025-07-30,2000,2000,166.7621,1,YERLİ,40.2,Sevk irsaliyesi,E,,8296.6219,90,2025,7,31
D00012,320.01.0013,IRS25703303,2025-07-08,1000,1000,204.7444,1,YERLİ,40.2,Kısmi teslim,H,Kalite onaylı,5093.1443,45,2025,7,28
D00003,320.01.0003,IRS25703304,2025-08-31,10000,10000,305.5925,1,YERLİ,40.85,Numune kabul,E,,74808.4455,60,2025,8,35
H00009,320.01.0006,IRS25703305,2025-09-21,120,0.12,27.9583,1,YERLİ,41.5,Sevk irsaliyesi,H,Kalite onaylı,80.8433,60,2025,9,38
D00007,320.01.0002,IRS25703306,2025-08-22,250,250,149.6074,1,YERLİ,40.85,Kısmi teslim,H,,915.59,30,2025,8,34
D00011,320.01.0014,IRS25703307,2025-07-20,2000,2000,89.9734,1,YERLİ,40.2,İthalat dosyası,H,Şartlı kabul,4476.2886,60,2025,7,29
D00009,320.01.0014,IRS25703308,2025-07-28,120,120,77.8942,1,YERLİ,40.2,Numune kabul,E,Kalite onaylı,232.52,90,2025,7,31
H00014,320.01.0006,IRS25703309,2025-08-02,1000,1,109.0626,1,YERLİ,40.85,Numune kabul,E,Şartlı kabul,2669.8311,0,2025,8,31
D00012,320.01.0006,IRS25703310,2025-09-24,5000,5000,200.4769,1,YERLİ,41.5,Kısmi teslim,H,Şartlı kabul,24153.8434,90,2025,9,39
H00011,320.01.0006,IRS25703311,2025-07-14,250,0.25,61.4403,1,YERLİ,40.2,Kısmi teslim,H,Şartlı kabul,382.0914,60,2025,7,29
H00005,320.01.0005,IRS25703312,2025-07-14,500,0.5,66.1323,1,İTHAL,40.2,Kısmi teslim,H,Şartlı kabul,822.541,60,2025,7,29
H00014,320.01.0005,IRS25703313,2025-07-10,2000,2,110.5865,1,İTHAL,40.2,İthalat dosyası,H,,5501.8159,45,2025,7,28
D00003,320.01.0002,IRS25703314,2025-09-23,120,120,349.5444,1,YERLİ,41.5,Sevk irsaliyesi,E,Şartlı kabul,1010.7308,0,2025,9,39
H00014,320.01.0002,IRS25703315,2025-07-02,120,0.12,109.5277,1,YERLİ,40.2,Kısmi teslim,E,,326.9484,45,2025,7,27
H00015,320.01.0002,IRS25703316,2025-10-04,2000,2,33.1102,1,YERLİ,42.15,Numune kabul,H,Kalite onaylı,1571.0652,0,2025,10,40
H00008,320.01.0015,IRS25703317,2025-07-17,5000,5,23.7877,1,İTHAL,40.2,İthalat dosyası,H,Şartlı kabul,2958.6692,60,2025,7,29
H00008,320.01.0006,IRS25703318,2025-07-10,1000,1,23.4034,1,YERLİ,40.2,Numune kabul,H,Şartlı kabul,582.1741,60,2025,7,28
D00012,320.01.0006,IRS25703319,2025-07-27,2000,2000,198.6313,1,YERLİ,40.2,Mal kabul,H,Kalite onaylı,9882.1542,60,2025,7,30
H00013,320.01.0006,IRS25703320,2025-08-02,500,500,67.4778,1,YERLİ,40.85,İthalat dosyası,E,Kalite onaylı,825.9217,60,2025,8,31
H00001,320.01.0011,IRS25703321,2025-08-27,250,0.25,68.8413,1,YERLİ,40.85,İthalat dosyası,H,Şartlı kabul,421.3054,90,2025,8,35
H00016,320.01.0011,IRS25703322,2025-07-09,1000,1000,59.9618,1,YERLİ,40.2,Sevk irsaliyesi,E,Kalite onaylı,1491.5871,45,2025,7,28
H00006,320.01.0011,IRS25703323,2025-07-12,500,0.5,108.8811,1,YERLİ,40.2,Kısmi teslim,H,Şartlı kabul,1354.2425,90,2025,7,28
D00004,320.01.0015,IRS25703324,2025-07-18,500,500,29.9143,1,İTHAL,40.2,Numune kabul,H,,372.0684,30,2025,7,29
H00008,320.01.0022,IRS25703325,2025-10-03,500,0.5,26.9117,1,İTHAL,42.15,Kısmi teslim,E,Şartlı kabul,319.2372,90,2025,10,40
D00002,320.01.0022,IRS25703326,2025-08-02,120,120,175.6436,1,İTHAL,40.85,Sevk irsaliyesi,H,Kalite onaylı,515.9665,60,2025,8,31
D00006,320.01.0022,IRS25703327,2025-07-13,1000,1000,221.3512,1,İTHAL,40.2,İthalat dosyası,E,Kalite onaylı,5506.2488,90,2025,7,28
H00014,320.01.0043,IRS25703328,2025-08-17,250,0.25,101.4564,1,YERLİ,40.85,Sevk irsaliyesi,E,,620.9082,90,2025,8,33
H00005,320.01.0028,IRS25703329,2025-10-05,5000,5,60.1047,1,YERLİ,42.15,Mal kabul,H,,7129.8577,90,2025,10,40
D00002,320.01.0046,IRS25703330,2025-07-31,120,120,168.4785,1,YERLİ,40.2,Kısmi teslim,H,,502.9209,30,2025,7,31
H00005,320.01.0046,IRS25703331,2025-10-01,5000,5,59.9505,1,YERLİ,42.15,İthalat dosyası,H,,7111.5658,60,2025,10,40
D00004,320.01.0008,IRS25703332,2025-07-15,120,120,25.3752,1,YERLİ,40.2,Numune kabul,H,,75.7469,30,2025,7,29
D00005,320.01.0002,IRS25703333,2025-07-15,2000,2000,371.8145,1,YERLİ,40.2,Numune kabul,E,Kalite onaylı,18498.2338,30,2025,7,29
D00008,320.01.0002,IRS25703334,2025-07-17,5000,5000,423.6885,1,YERLİ,40.2,Kısmi teslim,E,Kalite onaylı,52697.5746,90,2025,7,29
H00007,320.01.0049,IRS25703335,2025-08-31,120,0.12,121.989,1,YERLİ,40.85,Mal kabul,E,,358.352,90,2025,8,35
D00008,320.01.0049,IRS25703336,2025-08-05,5000,5000,445.1547,1,YERLİ,40.85,Sevk irsaliyesi,H,,54486.4994,45,2025,8,32
D00011,320.01.0006,IRS25703337,2025-07-30,2000,2000,102.0513,1,YERLİ,40.2,Numune kabul,E,Kalite onaylı,5077.1791,30,2025,7,31
D00009,320.01.0042,IRS25703338,2025-08-04,10000,10000,94.4154,1,YERLİ,40.85,Numune kabul,H,Kalite onaylı,23112.705,45,2025,8,32
H00008,320.01.0042,IRS25703339,2025-09-04,500,0.5,27.5376,1,YERLİ,41.5,Kısmi teslim,H,Kalite onaylı,331.7783,0,2025,9,36
D00011,320.01.0006,IRS25703340,2025-10-04,1000,1000,99.2414,1,YERLİ,42.15,Sevk irsaliyesi,H,Kalite onaylı,2354.4816,45,2025,10,40
D00007,320.01.0006,IRS25703341,2025-08-05,500,500,167.4007,1,YERLİ,40.85,Mal kabul,H,,2048.9682,30,2025,8,32
H00007,320.01.0004,IRS25703342,2025-07-15,5000,5,132.7427,1,YERLİ,40.2,İthalat dosyası,E,Kalite onaylı,16510.2861,90,2025,7,29
D00009,320.01.0004,IRS25703343,2025-10-14,250,250,94.9712,1,YERLİ,42.15,Kısmi teslim,H,Kalite onaylı,563.293,60,2025,10,42
H00004,320.01.0033,IRS25703344,2025-08-14,250,0.25,28.4078,1,YERLİ,40.85,İthalat dosyası,H,,173.8543,30,2025,8,33
H00016,320.01.0039,IRS25703345,2025-08-07,5000,5000,62.4987,1,YERLİ,40.85,Numune kabul,H,Kalite onaylı,7649.7797,90,2025,8,32
D00003,320.01.0039,IRS25703346,2025-07-14,120,120,317.4374,1,YERLİ,40.2,Mal kabul,E,Kalite onaylı,947.5743,0,2025,7,29
H00009,320.01.0020,IRS25703347,2025-08-01,250,0.25,29.5886,1,YERLİ,40.85,Sevk irsaliyesi,H,,181.0808,0,2025,8,31
D00011,320.01.0020,IRS25703348,2025-07-22,5000,5000,96.3496,1,YERLİ,40.2,İthalat dosyası,E,Kalite onaylı,11983.7811,90,2025,7,30
H00014,320.01.0011,IRS25703349,2025-07-23,250,0.25,100.2008,1,YERLİ,40.2,Kısmi teslim,H,Şartlı kabul,623.1393,45,2025,7,30
H00007,320.01.0011,IRS25703350,2025-07-25,10000,10,117.8668,1,YERLİ,40.2,Sevk irsaliyesi,E,Şartlı kabul,29320.0995,0,2025,7,30
D00002,320.01.0011,IRS25703351,2025-08-10,2000,2000,178.7466,1,YERLİ,40.85,Sevk irsaliyesi,E,Şartlı kabul,8751.3635,30,2025,8,32
H00005,320.01.0033,IRS25703352,2025-10-11,10000,10,61.2389,1,YERLİ,42.15,Mal kabul,H,Kalite onaylı,14528.8019,0,2025,10,41
H00002,320.01.0001,IRS25703353,2025-07-26,2000,2,126.5151,1,YERLİ,40.2,Kısmi teslim,E,Şartlı kabul,6294.2836,60,2025,7,30
H00014,320.01.0003,IRS25703354,2025-09-18,10000,10,100.3126,1,YERLİ,41.5,Numune kabul,H,Kalite onaylı,24171.7108,90,2025,9,38
H00014,320.01.0003,IRS25703355,2025-08-03,500,0.5,99.8756,1,YERLİ,40.85,Numune kabul,H,Şartlı kabul,1222.4676,0,2025,8,31
D00008,320.01.0003,IRS25703356,2025-10-05,500,500,372.6985,1,YERLİ,42.15,Sevk irsaliyesi,E,,4421.0973,45,2025,10,40
H00012,320.01.0041,IRS25703357,2025-10-05,120,120,129.3615,1,YERLİ,42.15,Mal kabul,E,Şartlı kabul,368.289,30,2025,10,40
H00004,320.01.0041,IRS25703358,2025-08-01,120,0.12,27.6762,1,YERLİ,40.85,Sevk irsaliyesi,H,Kalite onaylı,81.301,90,2025,8,31
H00007,320.01.0003,IRS25703359,2025-09-04,500,0.5,139.2109,1,YERLİ,41.5,Mal kabul,E,Şartlı kabul,1677.2398,90,2025,9,36
H00010,320.01.0003,IRS25703360,2025-07-24,500,0.5,30.0115,1,YERLİ,40.2,Numune kabul,H,Şartlı kabul,373.2774,60,2025,7,30
D00001,320.01.0003,IRS25703361,2025-10-17,250,250,320.7531,1,YERLİ,42.15,Kısmi teslim,H,,1902.4502,30,2025,10,42
D00004,320.01.0035,IRS25703362,2025-10-15,1000,1000,25.5545,1,YERLİ,42.15,Sevk irsaliyesi,E,Kalite onaylı,606.2752,60,2025,10,42
D00008,320.01.0035,IRS25703363,2025-07-17,10000,10000,416.3154,1,YERLİ,40.2,İthalat dosyası,E,Kalite onaylı,103561.0448,30,2025,7,29
D00005,320.01.0011,IRS25703364,2025-08-01,2000,2000,345.4535,1,YERLİ,40.85,Sevk irsaliyesi,E,,16913.2681,45,2025,8,31
H00004,320.01.0011,IRS25703365,2025-07-31,250,0.25,29.8512,1,YERLİ,40.2,Mal kabul,E,Kalite onaylı,185.6418,45,2025,7,31
D00007,320.01.0002,IRS25703366,2025-07-25,120,120,157.557,1,YERLİ,40.2,Sevk irsaliyesi,E,,470.3194,60,2025,7,30
D00008,320.01.0002,IRS25703367,2025-08-04,250,250,407.1728,1,YERLİ,40.85,Kısmi teslim,H,,2491.8776,45,2025,8,32
D00009,320.01.0003,IRS25703368,2025-09-09,250,250,75.2301,1,YERLİ,41.5,Kısmi teslim,E,Şartlı kabul,453.1934,60,2025,9,37
D00010,320.01.0003,IRS25703369,2025-08-01,2000,2000,415.0691,1,YERLİ,40.85,Mal kabul,H,,20321.6206,60,2025,8,31
D00005,320.01.0002,IRS25703370,2025-08-15,500,500,379.0226,1,YERLİ,40.85,Kısmi teslim,H,Kalite onaylı,4639.1995,90,2025,8,33
D00008,320.01.0002,IRS25703371,2025-08-12,120,120,427.4646,1,YERLİ,40.85,Sevk irsaliyesi,H,Şartlı kabul,1255.71,0,2025,8,33
H00005,320.01.0015,IRS25703372,2025-08-14,60,0.06,65.4855,1,İTHAL,40.85,Numune kabul,H,,96.1843,45,2025,8,33
H00004,320.01.0004,IRS25703373,2025-10-23,250,0.25,28.4587,1,YERLİ,42.15,İthalat dosyası,H,,168.7942,0,2025,10,43
H00001,320.01.0004,IRS25703374,2025-07-29,10000,10,70.2265,1,YERLİ,40.2,Numune kabul,E,Şartlı kabul,17469.2786,90,2025,7,31
D00001,320.01.0002,IRS25703375,2025-09-02,10000,10000,386.0539,1,YERLİ,41.5,Numune kabul,H,Kalite onaylı,93025.0361,30,2025,9,36
H00006,320.01.0017,IRS25703376,2025-07-22,2000,2,137.5653,1,YERLİ,40.2,Numune kabul,H,,6844.0448,45,2025,7,30
D00012,320.01.0017,IRS25703377,2025-08-14,5000,5000,200.2512,1,YERLİ,40.85,İthalat dosyası,E,Şartlı kabul,24510.5508,90,2025,8,33
D00005,320.01.0017,IRS25703378,2025-09-25,120,120,319.28,1,YERLİ,41.5,Sevk irsaliyesi,E,,923.2193,60,2025,9,39
H00008,320.01.0001,IRS25703380,2025-07-28,250,0.25,27.866,1,YERLİ,40.2,İthalat dosyası,H,Şartlı kabul,173.296,0,2025,7,31
H00002,320.01.0001,IRS25703381,2025-08-12,120,0.12,104.8399,1,YERLİ,40.85,Kısmi teslim,E,,307.9752,60,2025,8,33
H00008,320.01.0001,IRS25703382,2025-08-13,120,0.12,27.9379,1,YERLİ,40.85,Mal kabul,E,Kalite onaylı,82.0697,45,2025,8,33
H00007,320.01.0006,IRS25703383,2025-09-10,1000,1,127.8981,1,YERLİ,41.5,Kısmi teslim,E,Kalite onaylı,3081.8819,30,2025,9,37
D00012,320.01.0006,IRS25703384,2025-10-14,2000,2000,167.8697,1,YERLİ,42.15,Numune kabul,E,Kalite onaylı,7965.3476,60,2025,10,42
D00004,320.01.0006,IRS25703385,2025-09-24,120,120,26.2283,1,YERLİ,41.5,İthalat dosyası,H,Şartlı kabul,75.8409,45,2025,9,39
D00006,320.01.0006,IRS25703386,2025-08-12,500,500,231.3961,1,YERLİ,40.85,Kısmi teslim,H,,2832.2656,45,2025,8,33
H00002,320.01.0017,IRS25703387,2025-08-21,5000,5,104.2209,1,YERLİ,40.85,Numune kabul,H,Kalite onaylı,12756.5361,30,2025,8,34
D00005,320.01.0017,IRS25703388,2025-07-29,120,120,327.7224,1,YERLİ,40.2,İthalat dosyası,E,Şartlı kabul,978.2758,30,2025,7,31
H00013,320.01.0013,IRS25703389,2025-08-14,250,250,65.7799,1,YERLİ,40.85,Sevk irsaliyesi,H,Şartlı kabul,402.5698,0,2025,8,33
D00002,320.01.0007,IRS25703390,2025-09-27,120,120,180.4612,1,İTHAL,41.5,Mal kabul,H,Kalite onaylı,521.8155,90,2025,9,39
D00005,320.01.0002,IRS25703391,2025-08-15,2000,2000,368.7959,1,YERLİ,40.85,Sevk irsaliyesi,H,Kalite onaylı,18056.1028,90,2025,8,33
D00008,320.01.0023,IRS25703392,2025-08-04,2000,2000,427.7691,1,YERLİ,40.85,Sevk irsaliyesi,E,Kalite onaylı,20943.4076,0,2025,8,32
H00012,320.01.0023,IRS25703393,2025-08-28,120,120,132.1806,1,YERLİ,40.85,Kısmi teslim,H,Kalite onaylı,388.2906,30,2025,8,35
H00014,320.01.0032,IRS25703394,2025-09-17,500,0.5,106.7482,1,YERLİ,41.5,Mal kabul,E,Şartlı kabul,1286.1229,30,2025,9,38
H00003,320.01.0012,IRS25703395,2025-08-18,500,0.5,40.4587,1,YERLİ,40.85,Sevk irsaliyesi,E,Şartlı kabul,495.2105,90,2025,8,34
H00009,320.01.0012,IRS25703396,2025-09-09,1000,1,26.4661,1,YERLİ,41.5,Kısmi teslim,H,Şartlı kabul,637.7373,60,2025,9,37
H00004,320.01.0005,IRS25703397,2025-09-14,120,0.12,26.2389,1,İTHAL,41.5,İthalat dosyası,E,,75.8715,0,2025,9,37
D00003,320.01.0005,IRS25703398,2025-08-19,500,500,314.3188,1,İTHAL,40.85,Numune kabul,E,Kalite onaylı,3847.2313,90,2025,8,34
H00002,320.01.0003,IRS25703399,2025-08-04,5000,5,123.3273,1,YERLİ,40.85,Numune kabul,E,Kalite onaylı,15095.1408,30,2025,8,32
D00009,320.01.0036,IRS25703400,2025-08-04,1000,1000,84.6866,1,İTHAL,40.85,Mal kabul,E,,2073.1114,90,2025,8,32
D00010,320.01.0036,IRS25703401,2025-08-16,10000,10000,391.5092,1,İTHAL,40.85,Mal kabul,H,Şartlı kabul,95840.6854,30,2025,8,33
D00011,320.01.0036,IRS25703402,2025-08-16,1000,1000,82.4664,1,İTHAL,40.85,İthalat dosyası,H,Kalite onaylı,2018.7613,60,2025,8,33
H00001,320.01.0001,IRS25703403,2025-09-02,500,0.5,57.1804,1,YERLİ,41.5,Mal kabul,E,,688.9205,30,2025,9,36
H00016,320.01.0001,IRS25703404,2025-10-24,120,120,58.5579,1,YERLİ,42.15,Numune kabul,E,,166.7129,60,2025,10,43
D00010,320.01.0007,IRS25703405,2025-09-11,10000,10000,383.7696,1,İTHAL,41.5,Kısmi teslim,H,,92474.6024,45,2025,9,37
H00015,320.01.0007,IRS25703406,2025-08-15,120,0.12,30.092,1,İTHAL,40.85,Mal kabul,E,Kalite onaylı,88.3976,90,2025,8,33
D00006,320.01.0008,IRS25703407,2025-08-25,250,250,206.7102,1,YERLİ,40.85,Numune kabul,H,,1265.0563,0,2025,8,35
D00003,320.01.0008,IRS25703408,2025-09-06,500,500,360.7306,1,YERLİ,41.5,İthalat dosyası,E,Şartlı kabul,4346.1518,60,2025,9,36
D00005,320.01.0009,IRS25703409,2025-10-30,120,120,350.3975,1,İTHAL,42.15,Numune kabul,H,Şartlı kabul,997.573,30,2025,10,44
H00005,320.01.0009,IRS25703410,2025-10-28,120,0.12,65.4214,1,İTHAL,42.15,Sevk irsaliyesi,E,,186.2531,90,2025,10,44
H00007,320.01.0009,IRS25703411,2025-09-30,1000,1,135.1566,1,İTHAL,41.5,İthalat dosyası,E,,3256.7855,45,2025,9,40
H00005,320.01.0003,IRS25703412,2025-08-06,5000,5,70.228,1,YERLİ,40.85,Sevk irsaliyesi,E,Kalite onaylı,8595.8384,0,2025,8,32
D00002,320.01.0003,IRS25703413,2025-08-11,500,500,173.9036,1,YERLİ,40.85,Kısmi teslim,E,,2128.563,0,2025,8,33
D00002,320.01.0003,IRS25703414,2025-09-26,10000,10000,198.217,1,YERLİ,41.5,Mal kabul,E,Şartlı kabul,47763.1325,30,2025,9,39
D00006,320.01.0001,IRS25703415,2025-08-13,10000,10000,212.4731,1,YERLİ,40.85,Mal kabul,E,Kalite onaylı,52012.9988,60,2025,8,33
D00006,320.01.0001,IRS25703416,2025-09-30,120,120,207.8336,1,YERLİ,41.5,İthalat dosyası,H,Şartlı kabul,600.9646,60,2025,9,40
D00008,320.01.0001,IRS25703417,2025-08-12,10000,10000,429.9133,1,YERLİ,40.85,Mal kabul,H,Kalite onaylı,105241.9339,0,2025,8,33
H00013,320.01.0010,IRS25703418,2025-08-16,5000,5000,67.8363,1,YERLİ,40.85,Sevk irsaliyesi,H,,8303.0967,45,2025,8,33
D00003,320.01.0010,IRS25703419,2025-08-30,1000,1000,376.3591,1,YERLİ,40.85,Numune kabul,E,,9213.1971,90,2025,8,35
D00012,320.01.0030,IRS25703420,2025-08-12,500,500,172.1772,1,YERLİ,40.85,Numune kabul,H,Kalite onaylı,2107.4321,30,2025,8,33
H00002,320.01.0014,IRS25703421,2025-07-31,2000,2,129.6696,1,YERLİ,40.2,Mal kabul,H,Kalite onaylı,6451.2239,45,2025,7,31
D00009,320.01.0028,IRS25703422,2025-08-06,10000,10000,92.4446,1,YERLİ,40.85,Mal kabul,H,Şartlı kabul,22630.257,60,2025,8,32
H00008,320.01.0028,IRS25703423,2025-08-23,120,0.12,23.8817,1,YERLİ,40.85,Kısmi teslim,H,,70.1543,30,2025,8,34
H00013,320.01.0028,IRS25703424,2025-08-14,10000,10000,62.3895,1,YERLİ,40.85,Kısmi teslim,H,,15272.8274,30,2025,8,33
H00003,320.01.0021,IRS25703425,2025-09-24,120,0.12,37.6178,1,İTHAL,41.5,Kısmi teslim,H,,108.7744,90,2025,9,39
D00012,320.01.0021,IRS25703426,2025-08-07,250,250,172.2663,1,İTHAL,40.85,Sevk irsaliyesi,E,Şartlı kabul,1054.2613,90,2025,8,32
H00015,320.01.0002,IRS25703427,2025-08-11,2000,2,32.1931,1,YERLİ,40.85,Numune kabul,H,,1576.1616,45,2025,8,33
H00004,320.01.0002,IRS25703428,2025-08-26,250,0.25,24.7571,1,YERLİ,40.85,Mal kabul,E,Kalite onaylı,151.5122,0,2025,8,35
D00005,320.01.0028,IRS25703429,2025-10-03,1000,1000,326.0358,1,YERLİ,42.15,İthalat dosyası,E,Kalite onaylı,7735.1317,45,2025,10,40
D00004,320.01.0028,IRS25703430,2025-10-01,10000,10000,28.4954,1,YERLİ,42.15,Kısmi teslim,E,Kalite onaylı,6760.4745,0,2025,10,40
D00002,320.01.0001,IRS25703431,2025-08-14,120,120,183.4363,1,YERLİ,40.85,Mal kabul,E,,538.8582,0,2025,8,33
D00010,320.01.0001,IRS25703432,2025-08-13,2000,2000,373.6992,1,YERLİ,40.85,Kısmi teslim,E,Kalite onaylı,18296.1665,60,2025,8,33
H00008,320.01.0004,IRS25703433,2025-09-20,2000,2,25.2499,1,YERLİ,41.5,Mal kabul,E,Kalite onaylı,1216.8627,45,2025,9,38
H00010,320.01.0006,IRS25703434,2025-09-15,5000,5,32.2005,1,YERLİ,41.5,Kısmi teslim,E,Kalite onaylı,3879.5783,60,2025,9,38
D00010,320.01.0018,IRS25703436,2025-09-06,250,250,390.8041,1,İTHAL,41.5,Mal kabul,H,,2354.2416,60,2025,9,36
D00004,320.01.0018,IRS25703437,2025-08-13,5000,5000,26.0327,1,İTHAL,40.85,Mal kabul,E,Kalite onaylı,3186.377,30,2025,8,33
D00011,320.01.0018,IRS25703438,2025-09-10,120,120,97.6181,1,İTHAL,41.5,Numune kabul,H,Kalite onaylı,282.2692,60,2025,9,37
D00011,320.01.0018,IRS25703439,2025-08-13,10000,10000,88.2359,1,İTHAL,40.85,Numune kabul,H,Kalite onaylı,21599.9755,30,2025,8,33
H00001,320.01.0018,IRS25703440,2025-08-08,10000,10,65.9876,1,İTHAL,40.85,Numune kabul,E,Kalite onaylı,16153.6353,90,2025,8,32
H00016,320.01.0004,IRS25703441,2025-08-31,2000,2000,54.7542,1,YERLİ,40.85,Numune kabul,E,Şartlı kabul,2680.7442,0,2025,8,35
D00001,320.01.0004,IRS25703442,2025-08-23,5000,5000,343.4352,1,YERLİ,40.85,Kısmi teslim,H,,42036.1322,60,2025,8,34
H00007,320.01.0014,IRS25703443,2025-10-27,1000,1,139.4478,1,YERLİ,42.15,Numune kabul,E,Kalite onaylı,3308.3701,0,2025,10,44
D00012,320.01.0003,IRS25703444,2025-09-13,500,500,184.4798,1,YERLİ,41.5,Kısmi teslim,H,Şartlı kabul,2222.6482,45,2025,9,37
D00011,320.01.0003,IRS25703445,2025-09-30,250,250,98.7258,1,YERLİ,41.5,Numune kabul,E,,594.7337,90,2025,9,40
D00005,320.01.0003,IRS25703446,2025-10-05,5000,5000,358.6076,1,YERLİ,42.15,Kısmi teslim,H,Şartlı kabul,42539.4543,30,2025,10,40
H00016,320.01.0001,IRS25703447,2025-08-09,250,250,53.2512,1,YERLİ,40.85,İthalat dosyası,H,Kalite onaylı,325.8947,30,2025,8,32
H00015,320.01.0001,IRS25703448,2025-11-01,10000,10,30.9531,1,YERLİ,42.8,Sevk irsaliyesi,E,Şartlı kabul,7232.0327,90,2025,11,44
H00008,320.01.0001,IRS25703449,2025-10-01,5000,5,27.4926,1,YERLİ,42.15,Kısmi teslim,E,Şartlı kabul,3261.2811,0,2025,10,40
H00008,320.01.0001,IRS25703450,2025-10-08,5000,5,28.4957,1,YERLİ,42.15,İthalat dosyası,H,Şartlı kabul,3380.2728,90,2025,10,41
H00010,320.01.0001,IRS25703451,2025-09-30,250,0.25,29.3497,1,YERLİ,41.5,Sevk irsaliyesi,H,Kalite onaylı,176.8054,90,2025,9,40
D00005,320.01.0001,IRS25703452,2025-09-29,10000,10000,365.2062,1,YERLİ,41.5,İthalat dosyası,H,,88001.494,30,2025,9,40
D00010,320.01.0019,IRS25703454,2025-09-10,10000,10000,368.4883,1,YERLİ,41.5,Numune kabul,E,,88792.3614,60,2025,9,37
D00001,320.01.0019,IRS25703455,2025-08-16,500,500,388.3261,1,YERLİ,40.85,Numune kabul,H,,4753.0734,90,2025,8,33
H00014,320.01.0003,IRS25703456,2025-11-08,500,0.5,98.525,1,YERLİ,42.8,İthalat dosyası,H,Şartlı kabul,1150.993,0,2025,11,45
D00012,320.01.0003,IRS25703457,2025-08-18,250,250,201.6994,1,YERLİ,40.85,Mal kabul,H,Şartlı kabul,1234.3905,30,2025,8,34
D00002,320.01.0009,IRS25703458,2025-08-13,500,500,207.4135,1,İTHAL,40.85,Kısmi teslim,H,Kalite onaylı,2538.7209,0,2025,8,33
H00004,320.01.0004,IRS25703459,2025-10-29,500,0.5,28.3302,1,YERLİ,42.15,Sevk irsaliyesi,E,Kalite onaylı,336.0641,90,2025,10,44
D00003,320.01.0004,IRS25703460,2025-09-25,2000,2000,388.8874,1,YERLİ,41.5,Mal kabul,E,,18741.5614,30,2025,9,39
H00008,320.01.0012,IRS25703461,2025-08-30,1000,1,27.1304,1,YERLİ,40.85,Sevk irsaliyesi,H,Şartlı kabul,664.1469,0,2025,8,35
H00004,320.01.0012,IRS25703462,2025-08-21,500,0.5,26.6561,1,YERLİ,40.85,İthalat dosyası,E,Kalite onaylı,326.2681,45,2025,8,34
H00010,320.01.0043,IRS25703463,2025-11-05,1000,1,30.5438,1,YERLİ,42.8,Sevk irsaliyesi,E,Şartlı kabul,713.6402,45,2025,11,45
H00014,320.01.0003,IRS25703464,2025-09-29,5000,5,103.0653,1,YERLİ,41.5,Kısmi teslim,H,Şartlı kabul,12417.506,45,2025,9,40
H00016,320.01.0003,IRS25703465,2025-08-16,1000,1000,62.3274,1,YERLİ,40.85,Kısmi teslim,H,Şartlı kabul,1525.7625,60,2025,8,33
H00013,320.01.0014,IRS25703466,2025-11-11,2000,2000,77.277,1,YERLİ,42.8,Kısmi teslim,E,Kalite onaylı,3611.0748,60,2025,11,46
H00014,320.01.0004,IRS25703467,2025-10-12,250,0.25,104.4067,1,YERLİ,42.15,Sevk irsaliyesi,E,Şartlı kabul,619.2568,90,2025,10,41
H00013,320.01.0001,IRS25703468,2025-08-28,5000,5000,67.0786,1,YERLİ,40.85,Sevk irsaliyesi,H,Kalite onaylı,8210.355,90,2025,8,35
D00006,320.01.0020,IRS25703469,2025-09-11,250,250,221.7075,1,YERLİ,41.5,Numune kabul,H,,1335.5873,90,2025,9,37
D00006,320.01.0020,IRS25703470,2025-08-16,1000,1000,204.2128,1,YERLİ,40.85,Kısmi teslim,H,Şartlı kabul,4999.0894,60,2025,8,33
H00004,320.01.0054,IRS25703471,2025-11-15,500,0.5,31.0733,1,YERLİ,42.8,Numune kabul,E,Kalite onaylı,363.0058,0,2025,11,46
H00005,320.01.0005,IRS25703472,2025-10-06,10000,10,61.5673,1,İTHAL,42.15,Kısmi teslim,H,,14606.7141,30,2025,10,41
D00004,320.01.0005,IRS25703473,2025-11-06,1000,1000,25.9108,1,İTHAL,42.8,Numune kabul,E,,605.3925,60,2025,11,45
H00004,320.01.0002,IRS25703474,2025-09-24,250,0.25,27.2473,1,YERLİ,41.5,Sevk irsaliyesi,E,Kalite onaylı,164.1404,30,2025,9,39
D00005,320.01.0002,IRS25703475,2025-08-27,2000,2000,306.618,1,YERLİ,40.85,Kısmi teslim,H,Şartlı kabul,15011.8972,90,2025,8,35
D00006,320.01.0012,IRS25703476,2025-08-29,500,500,245.914,1,YERLİ,40.85,İthalat dosyası,E,Şartlı kabul,3009.9633,90,2025,8,35
D00009,320.01.0012,IRS25703477,2025-08-21,120,120,85.6171,1,YERLİ,40.85,Sevk irsaliyesi,H,,251.5068,0,2025,8,34
D00009,320.01.0012,IRS25703478,2025-11-03,5000,5000,89.9342,1,YERLİ,42.8,Numune kabul,H,Şartlı kabul,10506.3318,45,2025,11,45
D00003,320.01.0003,IRS25703479,2025-09-30,10000,10000,337.6245,1,YERLİ,41.5,Numune kabul,E,Şartlı kabul,81355.3012,90,2025,9,40
H00013,320.01.0003,IRS25703480,2025-10-11,1000,1000,76.7561,1,YERLİ,42.15,Sevk irsaliyesi,H,Şartlı kabul,1821.0225,60,2025,10,41
D00002,320.01.0036,IRS25703481,2025-11-05,1000,1000,169.4733,1,İTHAL,42.8,Mal kabul,E,Kalite onaylı,3959.6565,45,2025,11,45
D00009,320.01.0036,IRS25703482,2025-09-16,5000,5000,90.5085,1,İTHAL,41.5,Sevk irsaliyesi,H,Şartlı kabul,10904.6386,90,2025,9,38
D00007,320.01.0022,IRS25703483,2025-09-03,5000,5000,177.7929,1,İTHAL,41.5,Numune kabul,E,Şartlı kabul,21420.8313,30,2025,9,36
D00011,320.01.0031,IRS25703484,2025-08-20,10000,10000,100.709,1,YERLİ,40.85,Sevk irsaliyesi,E,Şartlı kabul,24653.366,60,2025,8,34
H00006,320.01.0004,IRS25703485,2025-08-31,10000,10,132.1063,1,YERLİ,40.85,İthalat dosyası,E,Şartlı kabul,32339.3635,90,2025,8,35
H00008,320.01.0013,IRS25703486,2025-11-17,1000,1,23.4727,1,YERLİ,42.8,Mal kabul,E,Şartlı kabul,548.4276,30,2025,11,47
H00012,320.01.0015,IRS25703487,2025-09-04,120,120,113.4614,1,İTHAL,41.5,Numune kabul,H,Kalite onaylı,328.0812,90,2025,9,36
H00004,320.01.0030,IRS25703488,2025-11-18,250,0.25,29.0005,1,YERLİ,42.8,Numune kabul,E,Kalite onaylı,169.3954,30,2025,11,47
H00014,320.01.0030,IRS25703489,2025-09-02,500,0.5,101.134,1,YERLİ,41.5,Mal kabul,H,Kalite onaylı,1218.4819,0,2025,9,36
D00009,320.01.0030,IRS25703490,2025-08-16,1000,1000,91.6737,1,YERLİ,40.85,Sevk irsaliyesi,H,Kalite onaylı,2244.1542,90,2025,8,33
D00002,320.01.0003,IRS25703491,2025-08-28,10000,10000,208.9003,1,YERLİ,40.85,Mal kabul,H,Kalite onaylı,51138.3843,60,2025,8,35
H00006,320.01.0051,IRS25703492,2025-09-13,500,0.5,132.5698,1,YERLİ,41.5,Numune kabul,E,,1597.2265,60,2025,9,37
D00011,320.01.0001,IRS25703493,2025-09-15,500,500,102.6536,1,YERLİ,41.5,İthalat dosyası,H,Kalite onaylı,1236.7904,30,2025,9,38
D00010,320.01.0001,IRS25703494,2025-09-13,10000,10000,438.2448,1,YERLİ,41.5,Numune kabul,E,Kalite onaylı,105601.1566,90,2025,9,37
H00002,320.01.0006,IRS25703495,2025-09-09,120,0.12,123.9608,1,YERLİ,41.5,Sevk irsaliyesi,H,,358.4409,60,2025,9,37
H00014,320.01.0002,IRS25703496,2025-11-20,250,0.25,122.1307,1,YERLİ,42.8,Mal kabul,E,Kalite onaylı,713.3803,45,2025,11,47
H00001,320.01.0011,IRS25703497,2025-09-10,250,0.25,61.5633,1,YERLİ,41.5,Numune kabul,E,,370.8633,0,2025,9,37
H00007,320.01.0041,IRS25703498,2025-10-18,120,0.12,142.0976,1,YERLİ,42.15,Numune kabul,E,,404.5483,45,2025,10,42
H00014,320.01.0041,IRS25703499,2025-09-08,10000,10,108.34,1,YERLİ,41.5,Sevk irsaliyesi,E,,26106.0241,45,2025,9,37
H00006,320.01.0006,IRS25703500,2025-08-31,1000,1,132.0221,1,YERLİ,40.85,İthalat dosyası,H,Şartlı kabul,3231.8752,0,2025,8,35
D00007,320.01.0006,IRS25703501,2025-09-13,120,120,161.8885,1,YERLİ,41.5,Mal kabul,E,Şartlı kabul,468.1113,60,2025,9,37
H00001,320.01.0035,IRS25703502,2025-10-19,1000,1,65.8046,1,YERLİ,42.15,Mal kabul,E,,1561.2005,90,2025,10,42
H00003,320.01.0035,IRS25703503,2025-10-06,250,0.25,42.7996,1,YERLİ,42.15,Numune kabul,H,,253.8529,45,2025,10,41
H00007,320.01.0035,IRS25703504,2025-08-21,1000,1,115.1879,1,YERLİ,40.85,Kısmi teslim,H,Şartlı kabul,2819.7772,30,2025,8,34
H00005,320.01.0013,IRS25703505,2025-09-05,5000,5,68.9105,1,YERLİ,41.5,Sevk irsaliyesi,E,,8302.4699,45,2025,9,36
D00012,320.01.0013,IRS25703506,2025-10-14,120,120,183.6002,1,YERLİ,42.15,Mal kabul,H,Kalite onaylı,522.7052,60,2025,10,42
D00005,320.01.0013,IRS25703507,2025-09-10,120,120,388.3455,1,YERLİ,41.5,İthalat dosyası,H,,1122.9267,90,2025,9,37
D00012,320.01.0007,IRS25703508,2025-09-16,1000,1000,213.1213,1,İTHAL,41.5,Kısmi teslim,E,,5135.453,30,2025,9,38
H00013,320.01.0001,IRS25703509,2025-09-16,5000,5000,68.9201,1,YERLİ,41.5,Sevk irsaliyesi,E,Kalite onaylı,8303.6265,30,2025,9,38
D00010,320.01.0001,IRS25703510,2025-09-12,5000,5000,414.2688,1,YERLİ,41.5,Kısmi teslim,E,Şartlı kabul,49911.9036,90,2025,9,37
H00014,320.01.0005,IRS25703511,2025-11-19,500,0.5,108.8374,1,İTHAL,42.8,Kısmi teslim,E,Şartlı kabul,1271.465,30,2025,11,47
H00008,320.01.0019,IRS25703512,2025-09-07,250,0.25,27.3619,1,YERLİ,41.5,Sevk irsaliyesi,E,Şartlı kabul,164.8307,60,2025,9,36
H00003,320.01.0017,IRS25703513,2025-09-08,1000,1,46.129,1,YERLİ,41.5,Kısmi teslim,H,Şartlı kabul,1111.5422,90,2025,9,37
D00012,320.01.0051,IRS25703514,2025-09-06,1000,1000,200.6445,1,YERLİ,41.5,Mal kabul,H,,4834.8072,60,2025,9,36
H00008,320.01.0051,IRS25703515,2025-08-27,10000,10,26.3735,1,YERLİ,40.85,Numune kabul,H,Şartlı kabul,6456.1812,0,2025,8,35
H00012,320.01.0051,IRS25703516,2025-10-21,10000,10000,127.569,1,YERLİ,42.15,İthalat dosyası,H,,30265.4804,60,2025,10,43
D00001,320.01.0045,IRS25703517,2025-10-01,10000,10000,372.7624,1,YERLİ,42.15,Numune kabul,H,Şartlı kabul,88437.1056,90,2025,10,40
D00010,320.01.0045,IRS25703518,2025-10-17,10000,10000,357.3419,1,YERLİ,42.15,Numune kabul,E,Kalite onaylı,84778.624,0,2025,10,42
H00006,320.01.0015,IRS25703519,2025-09-13,5000,5,118.5341,1,İTHAL,41.5,İthalat dosyası,H,Kalite onaylı,14281.2169,30,2025,9,37
D00005,320.01.0015,IRS25703520,2025-09-07,125,125,375.2621,1,İTHAL,41.5,İthalat dosyası,H,,1130.3075,90,2025,9,36
H00015,320.01.0029,IRS25703521,2025-10-04,10000,10,32.7406,1,İTHAL,42.15,Kısmi teslim,H,,7767.6394,45,2025,10,40
H00012,320.01.0003,IRS25703522,2025-10-19,500,500,131.4633,1,YERLİ,42.15,Sevk irsaliyesi,E,Şartlı kabul,1559.4698,90,2025,10,42
D00004,320.01.0003,IRS25703523,2025-09-01,250,250,30.9049,1,YERLİ,41.5,Mal kabul,E,,186.1741,30,2025,9,36
H00002,320.01.0046,IRS25703524,2025-09-10,1000,1,123.9016,1,YERLİ,41.5,Numune kabul,E,,2985.5807,90,2025,9,37
H00006,320.01.0001,IRS25703525,2025-10-13,2000,2,140.2209,1,YERLİ,42.15,Kısmi teslim,H,Şartlı kabul,6653.4235,0,2025,10,42
H00014,320.01.0001,IRS25703526,2025-09-07,5000,5,100.3641,1,YERLİ,41.5,Mal kabul,H,,12092.0602,60,2025,9,36
D00003,320.01.0005,IRS25703527,2025-09-09,5000,5000,341.1681,1,İTHAL,41.5,İthalat dosyası,H,Şartlı kabul,41104.5904,90,2025,9,37
H00009,320.01.0005,IRS25703528,2025-10-01,5000,5,27.6112,1,İTHAL,42.15,Mal kabul,E,Kalite onaylı,3275.3499,0,2025,10,40
H00012,320.01.0018,IRS25703529,2025-11-26,500,500,113.1821,1,İTHAL,42.8,Mal kabul,H,Kalite onaylı,1322.2208,90,2025,11,48
H00012,320.01.0043,IRS25703530,2025-09-08,10000,10000,112.0087,1,YERLİ,41.5,Mal kabul,E,Şartlı kabul,26990.0482,45,2025,9,37
H00016,320.01.0043,IRS25703531,2025-09-29,2000,2000,55.1715,1,YERLİ,41.5,Sevk irsaliyesi,E,Şartlı kabul,2658.8675,30,2025,9,40
D00002,320.01.0002,IRS25703532,2025-09-17,10000,10000,210.9099,1,YERLİ,41.5,İthalat dosyası,H,Kalite onaylı,50821.6627,60,2025,9,38
H00004,320.01.0004,IRS25703533,2025-11-26,10000,10,28.7982,1,YERLİ,42.8,İthalat dosyası,E,Kalite onaylı,6728.5514,90,2025,11,48
H00008,320.01.0004,IRS25703534,2025-09-08,250,0.25,27.0759,1,YERLİ,41.5,Numune kabul,H,Şartlı kabul,163.1078,0,2025,9,37
D00006,320.01.0019,IRS25703535,2025-10-18,2000,2000,229.2924,1,YERLİ,42.15,Kısmi teslim,H,Kalite onaylı,10879.8292,45,2025,10,42
D00007,320.01.0019,IRS25703536,2025-09-19,2000,2000,151.9016,1,YERLİ,41.5,Kısmi teslim,H,,7320.559,45,2025,9,38
H00002,320.01.0009,IRS25703537,2025-09-17,2500,2.5,106.7496,1,İTHAL,41.5,Sevk irsaliyesi,H,Kalite onaylı,6430.6988,45,2025,9,38
D00005,320.01.0009,IRS25703538,2025-09-05,2000,2000,374.6851,1,İTHAL,41.5,Mal kabul,H,,18057.1133,30,2025,9,36
H00010,320.01.0005,IRS25703539,2025-10-16,10000,10,35.6311,1,İTHAL,42.15,Sevk irsaliyesi,H,Kalite onaylı,8453.4045,90,2025,10,42
D00003,320.01.0005,IRS25703540,2025-10-06,250,250,350.3052,1,İTHAL,42.15,Kısmi teslim,H,Şartlı kabul,2077.7295,30,2025,10,41
D00006,320.01.0005,IRS25703541,2025-09-17,5000,5000,222.3934,1,İTHAL,41.5,İthalat dosyası,E,Şartlı kabul,26794.3855,60,2025,9,38
H00012,320.01.0005,IRS25703542,2025-09-15,500,500,135.2391,1,İTHAL,41.5,Mal kabul,H,Şartlı kabul,1629.3867,45,2025,9,38
H00005,320.01.0002,IRS25703544,2025-10-20,1000,1,70.9423,1,YERLİ,42.15,Numune kabul,E,Şartlı kabul,1683.0913,30,2025,10,43
H00005,320.01.0023,IRS25703545,2025-09-21,1000,1,69.7334,1,YERLİ,41.5,Mal kabul,E,Şartlı kabul,1680.3229,45,2025,9,38
H00014,320.01.0020,IRS25703546,2025-10-25,10000,10,112.831,1,YERLİ,42.15,Mal kabul,E,Kalite onaylı,26768.9205,45,2025,10,43
H00004,320.01.0020,IRS25703547,2025-09-14,500,0.5,29.2747,1,YERLİ,41.5,İthalat dosyası,H,Şartlı kabul,352.7072,45,2025,9,37
H00007,320.01.0020,IRS25703548,2025-09-24,10000,10,113.778,1,YERLİ,41.5,Numune kabul,E,,27416.3855,90,2025,9,39
H00001,320.01.0002,IRS25703549,2025-09-24,500,0.5,68.8391,1,YERLİ,41.5,Sevk irsaliyesi,H,,829.3867,60,2025,9,39
H00014,320.01.0002,IRS25703550,2025-11-25,2000,2,100.2191,1,YERLİ,42.8,Mal kabul,E,Şartlı kabul,4683.1355,0,2025,11,48
D00009,320.01.0006,IRS25703551,2025-09-24,500,500,85.981,1,YERLİ,41.5,İthalat dosyası,E,Kalite onaylı,1035.9157,0,2025,9,39
H00007,320.01.0006,IRS25703552,2025-10-25,5000,5,132.6232,1,YERLİ,42.15,İthalat dosyası,H,Kalite onaylı,15732.2894,90,2025,10,43
H00002,320.01.0006,IRS25703553,2025-10-07,5000,5,108.0324,1,YERLİ,42.15,Mal kabul,E,Kalite onaylı,12815.2313,45,2025,10,41
H00016,320.01.0003,IRS25703554,2025-10-15,2000,2000,58.5131,1,YERLİ,42.15,Sevk irsaliyesi,E,,2776.4223,90,2025,10,42
D00002,320.01.0003,IRS25703555,2025-09-30,250,250,173.9972,1,YERLİ,41.5,Numune kabul,H,Kalite onaylı,1048.1759,45,2025,9,40
H00011,320.01.0003,IRS25703556,2025-12-02,500,0.5,72.7849,1,YERLİ,43.45,Mal kabul,H,Şartlı kabul,837.5708,90,2025,12,49
H00016,320.01.0014,IRS25703557,2025-11-07,250,250,49.8317,1,YERLİ,42.8,Sevk irsaliyesi,H,,291.073,30,2025,11,45
H00015,320.01.0002,IRS25703558,2025-10-23,500,0.5,32.1561,1,YERLİ,42.15,Mal kabul,E,Kalite onaylı,381.4484,90,2025,10,43
D00004,320.01.0002,IRS25703559,2025-10-28,250,250,26.5003,1,YERLİ,42.15,Numune kabul,E,,157.1785,0,2025,10,44
D00009,320.01.0002,IRS25703560,2025-11-30,250,250,82.7924,1,YERLİ,42.8,Mal kabul,E,Kalite onaylı,483.6005,30,2025,11,48
H00010,320.01.0010,IRS25703561,2025-12-07,10000,10,32.0876,1,YERLİ,43.45,Kısmi teslim,H,,7384.9482,0,2025,12,49
D00001,320.01.0010,IRS25703562,2025-12-05,2000,2000,326.8702,1,YERLİ,43.45,Numune kabul,H,Şartlı kabul,15045.809,30,2025,12,49
H00008,320.01.0010,IRS25703563,2025-10-17,1000,1,25.4473,1,YERLİ,42.15,Kısmi teslim,H,Şartlı kabul,603.7319,90,2025,10,42
H00016,320.01.0022,IRS25703564,2025-09-29,1000,1000,60.791,1,İTHAL,41.5,Kısmi teslim,E,Kalite onaylı,1464.8434,60,2025,9,40
D00002,320.01.0022,IRS25703565,2025-11-14,10000,10000,176.5349,1,İTHAL,42.8,İthalat dosyası,E,Şartlı kabul,41246.472,0,2025,11,46
H00005,320.01.0022,IRS25703566,2025-09-21,500,0.5,61.9902,1,İTHAL,41.5,Kısmi teslim,H,,746.8699,90,2025,9,38
D00012,320.01.0003,IRS25703567,2025-11-11,250,250,204.593,1,YERLİ,42.8,Mal kabul,H,Kalite onaylı,1195.0526,90,2025,11,46
H00003,320.01.0003,IRS25703568,2025-12-05,1000,1,45.9225,1,YERLİ,43.45,Sevk irsaliyesi,H,,1056.9045,30,2025,12,49
D00004,320.01.0003,IRS25703569,2025-09-24,10000,10000,31.033,1,YERLİ,41.5,Numune kabul,H,Kalite onaylı,7477.8313,30,2025,9,39
H00006,320.01.0019,IRS25703570,2025-11-08,250,0.25,124.1552,1,YERLİ,42.8,Kısmi teslim,H,Kalite onaylı,725.2056,0,2025,11,45
D00012,320.01.0004,IRS25703571,2025-10-15,2000,2000,175.051,1,YERLİ,42.15,Numune kabul,H,Kalite onaylı,8306.0973,45,2025,10,42
H00015,320.01.0041,IRS25703572,2025-11-09,5000,5,33.7183,1,YERLİ,42.8,Mal kabul,E,,3939.0537,45,2025,11,45
D00005,320.01.0041,IRS25703573,2025-09-24,250,250,311.983,1,YERLİ,41.5,İthalat dosyası,H,,1879.4157,60,2025,9,39
H00007,320.01.0015,IRS25703574,2025-10-01,5000,5,117.481,1,İTHAL,42.15,İthalat dosyası,E,Şartlı kabul,13936.0617,0,2025,10,40
H00004,320.01.0015,IRS25703575,2025-10-09,1000,1,26.6298,1,İTHAL,42.15,Mal kabul,E,Şartlı kabul,631.7865,90,2025,10,41
H00005,320.01.0023,IRS25703576,2025-09-26,10000,10,70.663,1,YERLİ,41.5,Numune kabul,E,,17027.2289,0,2025,9,39
H00015,320.01.0023,IRS25703577,2025-10-03,10000,10,35.0755,1,YERLİ,42.15,Numune kabul,H,Kalite onaylı,8321.5896,30,2025,10,40
H00008,320.01.0023,IRS25703578,2025-09-25,5000,5,29.846,1,YERLİ,41.5,Kısmi teslim,H,Kalite onaylı,3595.9036,90,2025,9,39
H00011,320.01.0034,IRS25703579,2025-09-19,120,0.12,61.6684,1,İTHAL,41.5,Numune kabul,H,,178.3183,90,2025,9,38
H00007,320.01.0034,IRS25703580,2025-10-06,2000,2,125.3278,1,İTHAL,42.15,Numune kabul,E,Şartlı kabul,5946.7521,30,2025,10,41
D00003,320.01.0005,IRS25703581,2025-09-29,500,500,368.2112,1,İTHAL,41.5,Kısmi teslim,H,,4436.2795,60,2025,9,40
D00003,320.01.0005,IRS25703582,2025-12-08,10000,10000,368.1477,1,İTHAL,43.45,Kısmi teslim,H,Şartlı kabul,84729.0449,30,2025,12,50
H00016,320.01.0052,IRS25703583,2025-12-06,2000,2000,56.5387,1,YERLİ,43.45,Kısmi teslim,H,Kalite onaylı,2602.4718,60,2025,12,49
H00010,320.01.0052,IRS25703584,2025-09-27,2000,2,31.0135,1,YERLİ,41.5,Sevk irsaliyesi,E,Şartlı kabul,1494.6265,90,2025,9,39
H00013,320.01.0003,IRS25703585,2025-10-11,120,120,73.182,1,YERLİ,42.15,İthalat dosyası,E,,208.3473,30,2025,10,41
D00005,320.01.0002,IRS25703586,2025-10-21,500,500,356.8022,1,YERLİ,42.15,Kısmi teslim,H,,4232.5291,30,2025,10,43
H00008,320.01.0002,IRS25703587,2025-09-24,1000,1,27.6968,1,YERLİ,41.5,Mal kabul,H,,667.3928,90,2025,9,39
D00010,320.01.0014,IRS25703588,2025-10-21,1000,1000,442.1234,1,YERLİ,42.15,Mal kabul,H,Kalite onaylı,10489.2859,90,2025,10,43
D00003,320.01.0014,IRS25703589,2025-12-19,250,250,343.5436,1,YERLİ,43.45,Kısmi teslim,H,Kalite onaylı,1976.6605,60,2025,12,51
D00004,320.01.0003,IRS25703590,2025-10-24,1000,1000,27.3864,1,YERLİ,42.15,Sevk irsaliyesi,H,Kalite onaylı,649.7367,60,2025,10,43
H00002,320.01.0003,IRS25703591,2025-10-06,5000,5,110.5751,1,YERLİ,42.15,Numune kabul,H,Kalite onaylı,13116.8565,90,2025,10,41
D00006,320.01.0041,IRS25703592,2025-11-19,10000,10000,250.9742,1,YERLİ,42.8,İthalat dosyası,E,Kalite onaylı,58638.8318,45,2025,11,47
H00009,320.01.0041,IRS25703593,2025-10-30,5000,5,25.8136,1,YERLİ,42.15,Mal kabul,E,Kalite onaylı,3062.1115,0,2025,10,44
D00010,320.01.0041,IRS25703594,2025-09-20,5000,5000,446.3409,1,YERLİ,41.5,İthalat dosyası,H,,53776.012,90,2025,9,38
D00001,320.01.0005,IRS25703595,2025-10-14,2000,2000,376.6429,1,İTHAL,42.15,İthalat dosyası,H,Şartlı kabul,17871.5492,30,2025,10,42
H00002,320.01.0043,IRS25703596,2025-11-11,2000,2,114.2596,1,YERLİ,42.8,Sevk irsaliyesi,E,Şartlı kabul,5339.2336,0,2025,11,46
D00009,320.01.0043,IRS25703597,2025-10-29,1000,1000,93.6195,1,YERLİ,42.15,Numune kabul,E,,2221.1032,60,2025,10,44
D00009,320.01.0014,IRS25703598,2025-11-12,120,120,95.269,1,YERLİ,42.8,Kısmi teslim,E,,267.1093,45,2025,11,46
H00007,320.01.0003,IRS25703599,2025-10-08,2000,2,129.9824,1,YERLİ,42.15,Mal kabul,E,,6167.6109,90,2025,10,41
H00007,320.01.0017,IRS25703600,2025-11-06,500,0.5,128.5158,1,YERLİ,42.8,Kısmi teslim,H,,1501.3528,0,2025,11,45
H00014,320.01.0017,IRS25703601,2025-11-08,250,0.25,121.7576,1,YERLİ,42.8,İthalat dosyası,E,Şartlı kabul,711.2009,45,2025,11,45
H00001,320.01.0045,IRS25703602,2025-11-19,120,0.12,60.5171,1,YERLİ,42.8,Mal kabul,E,Şartlı kabul,169.6741,45,2025,11,47
D00004,320.01.0045,IRS25703603,2025-10-12,2000,2000,32.9731,1,YERLİ,42.15,İthalat dosyası,E,Şartlı kabul,1564.5599,30,2025,10,41
H00006,320.01.0022,IRS25703604,2025-10-09,10000,10,115.0726,1,İTHAL,42.15,Kısmi teslim,H,Şartlı kabul,27300.7355,90,2025,10,41
H00009,320.01.0002,IRS25703605,2025-09-25,120,0.12,26.5644,1,YERLİ,41.5,Kısmi teslim,E,Kalite onaylı,76.8127,90,2025,9,39
H00006,320.01.0002,IRS25703606,2025-10-19,500,0.5,131.1605,1,YERLİ,42.15,Numune kabul,H,,1555.8778,45,2025,10,42
D00012,320.01.0001,IRS25703607,2025-11-18,250,250,181.9189,1,YERLİ,42.8,İthalat dosyası,E,,1062.6104,45,2025,11,47
H00001,320.01.0001,IRS25703608,2025-10-17,120,0.12,70.5396,1,YERLİ,42.15,Numune kabul,E,Kalite onaylı,200.8245,60,2025,10,42
D00003,320.01.0001,IRS25703609,2025-12-15,250,250,398.4554,1,YERLİ,43.45,Numune kabul,H,,2292.6087,0,2025,12,51
H00013,320.01.0012,IRS25703610,2025-11-26,250,250,71.7725,1,YERLİ,42.8,Kısmi teslim,E,,419.2319,0,2025,11,48
D00011,320.01.0009,IRS25703611,2025-11-10,1000,1000,90.5237,1,İTHAL,42.8,İthalat dosyası,H,,2115.0397,30,2025,11,46
H00016,320.01.0009,IRS25703612,2025-09-30,250,250,52.1442,1,İTHAL,41.5,Mal kabul,E,Şartlı kabul,314.1217,60,2025,9,40
H00006,320.01.0005,IRS25703613,2025-10-15,10000,10,131.4037,1,İTHAL,42.15,Numune kabul,E,Şartlı kabul,31175.255,30,2025,10,42
H00016,320.01.0005,IRS25703614,2025-12-20,2000,2000,62.7657,1,İTHAL,43.45,Mal kabul,E,Kalite onaylı,2889.1001,45,2025,12,51
H00002,320.01.0005,IRS25703615,2025-12-16,5000,5,133.205,1,İTHAL,43.45,Sevk irsaliyesi,H,,15328.5386,30,2025,12,51
H00013,320.01.0005,IRS25703616,2025-10-13,5000,5000,77.2729,1,İTHAL,42.15,İthalat dosyası,H,,9166.4176,0,2025,10,42
H00013,320.01.0004,IRS25703617,2025-11-07,1000,1000,72.0985,1,YERLİ,42.8,Kısmi teslim,E,,1684.5444,30,2025,11,45
D00012,320.01.0004,IRS25703618,2025-10-10,120,120,217.39,1,YERLİ,42.15,Kısmi teslim,H,Kalite onaylı,618.9039,0,2025,10,41
H00006,320.01.0004,IRS25703619,2025-12-22,500,0.5,128.1808,1,YERLİ,43.45,İthalat dosyası,H,Şartlı kabul,1475.038,60,2025,12,52
H00004,320.01.0010,IRS25703620,2025-10-06,10000,10,31.351,1,YERLİ,42.15,İthalat dosyası,E,Şartlı kabul,7437.9597,45,2025,10,41
H00001,320.01.0010,IRS25703621,2025-10-15,120,0.12,68.8187,1,YERLİ,42.15,Numune kabul,H,Kalite onaylı,195.9251,60,2025,10,42
H00009,320.01.0005,IRS25703622,2025-11-06,5000,5,24.232,1,İTHAL,42.8,İthalat dosyası,H,Kalite onaylı,2830.8411,30,2025,11,45
H00012,320.01.0002,IRS25703623,2025-10-22,500,500,127.9048,1,YERLİ,42.15,Numune kabul,E,Şartlı kabul,1517.2574,30,2025,10,43
H00015,320.01.0013,IRS25703624,2025-10-03,120,0.12,29.9672,1,YERLİ,42.15,Mal kabul,E,,85.3159,90,2025,10,40
D00008,320.01.0004,IRS25703625,2025-11-10,2000,2000,436.9174,1,YERLİ,42.8,Kısmi teslim,E,Kalite onaylı,20416.7009,0,2025,11,46
H00003,320.01.0020,IRS25703626,2025-10-19,5000,5,46.8024,1,YERLİ,42.15,Sevk irsaliyesi,E,,5551.8861,30,2025,10,42
H00004,320.01.0020,IRS25703627,2025-10-17,2000,2,32.107,1,YERLİ,42.15,Numune kabul,H,,1523.4638,0,2025,10,42
H00012,320.01.0008,IRS25703628,2025-11-24,5000,5000,117.6351,1,YERLİ,42.8,Numune kabul,E,Kalite onaylı,13742.4182,60,2025,11,48
D00002,320.01.0035,IRS25703629,2025-11-03,10000,10000,202.0992,1,YERLİ,42.8,Kısmi teslim,H,Kalite onaylı,47219.4393,45,2025,11,45
H00006,320.01.0035,IRS25703630,2025-11-27,500,0.5,126.3123,1,YERLİ,42.8,Kısmi teslim,H,,1475.611,30,2025,11,48
H00009,320.01.0003,IRS26703631,2026-01-01,500,0.5,25.9932,1,YERLİ,44.1,Sevk irsaliyesi,E,Şartlı kabul,294.7075,90,2026,1,1
H00006,320.01.0002,IRS25703632,2025-11-16,120,0.12,121.0313,1,YERLİ,42.8,Sevk irsaliyesi,H,Kalite onaylı,339.3401,30,2025,11,46
H00009,320.01.0051,IRS25703633,2025-10-25,120,0.12,28.0673,1,YERLİ,42.15,Numune kabul,H,Kalite onaylı,79.9069,45,2025,10,43
D00009,320.01.0051,IRS25703634,2025-10-07,2000,2000,87.1985,1,YERLİ,42.15,İthalat dosyası,H,Şartlı kabul,4137.5326,60,2025,10,41
H00002,320.01.0003,IRS26703635,2026-01-03,10000,10,118.7661,1,YERLİ,44.1,İthalat dosyası,E,Şartlı kabul,26931.0884,30,2026,1,1
D00006,320.01.0003,IRS25703636,2025-10-12,250,250,252.6265,1,YERLİ,42.15,Sevk irsaliyesi,E,,1498.3778,30,2025,10,41
H00002,320.01.0004,IRS25703637,2025-11-28,120,0.12,112.4601,1,YERLİ,42.8,İthalat dosyası,E,Kalite onaylı,315.3087,45,2025,11,48
D00009,320.01.0004,IRS25703638,2025-10-21,2000,2000,91.4512,1,YERLİ,42.15,Numune kabul,H,,4339.3215,0,2025,10,43
H00012,320.01.0028,IRS25703639,2025-11-20,500,500,113.4219,1,YERLİ,42.8,Numune kabul,H,Şartlı kabul,1325.0222,0,2025,11,47
H00007,320.01.0028,IRS25703640,2025-11-11,5000,5,119.2549,1,YERLİ,42.8,Sevk irsaliyesi,H,Kalite onaylı,13931.6472,0,2025,11,46
D00010,320.01.0021,IRS25703641,2025-10-25,500,500,426.305,1,İTHAL,42.15,İthalat dosyası,E,,5056.9988,45,2025,10,43
H00016,320.01.0021,IRS25703642,2025-10-30,5000,5000,63.8523,1,İTHAL,42.15,Numune kabul,E,,7574.4128,90,2025,10,44
H00008,320.01.0021,IRS25703643,2025-10-20,5000,5,25.4392,1,İTHAL,42.15,Mal kabul,H,Şartlı kabul,3017.6987,45,2025,10,43
D00002,320.01.0010,IRS25703644,2025-12-02,120,120,205.7594,1,YERLİ,43.45,Sevk irsaliyesi,E,Şartlı kabul,568.2653,0,2025,12,49
D00003,320.01.0010,IRS25703645,2025-10-24,10000,10000,369.9497,1,YERLİ,42.15,Kısmi teslim,E,,87769.7983,45,2025,10,43
H00003,320.01.0043,IRS25703646,2025-10-27,125,0.125,39.6775,1,YERLİ,42.15,Mal kabul,E,Kalite onaylı,117.6676,30,2025,10,44
H00007,320.01.0022,IRS25703647,2025-10-23,250,0.25,134.3848,1,İTHAL,42.15,İthalat dosyası,E,Şartlı kabul,797.0629,45,2025,10,43
D00002,320.01.0022,IRS25703648,2025-11-10,5000,5000,193.4672,1,İTHAL,42.8,Sevk irsaliyesi,E,Kalite onaylı,22601.3084,30,2025,11,46
D00005,320.01.0037,IRS25703649,2025-12-06,500,500,337.5067,1,YERLİ,43.45,Sevk irsaliyesi,H,Şartlı kabul,3883.8516,90,2025,12,49
D00005,320.01.0001,IRS25703651,2025-12-10,2000,2000,341.0092,1,YERLİ,43.45,İthalat dosyası,H,,15696.626,30,2025,12,50
H00014,320.01.0001,IRS25703652,2025-11-11,2000,2,117.9323,1,YERLİ,42.8,Numune kabul,E,Kalite onaylı,5510.8551,30,2025,11,46
H00003,320.01.0020,IRS25703653,2025-11-25,500,0.5,39.5052,1,YERLİ,42.8,Numune kabul,E,Kalite onaylı,461.5093,0,2025,11,48
D00004,320.01.0001,IRS25703654,2025-10-25,1000,1000,32.6193,1,YERLİ,42.15,Kısmi teslim,H,,773.8861,0,2025,10,43
D00005,320.01.0004,IRS25703655,2025-11-09,120,120,390.8672,1,YERLİ,42.8,Numune kabul,E,,1095.8893,0,2025,11,45
H00014,320.01.0039,IRS25703656,2025-11-29,5000,5,117.5341,1,YERLİ,42.8,İthalat dosyası,H,Kalite onaylı,13730.6192,90,2025,11,48
D00010,320.01.0017,IRS25703658,2025-11-24,60,60,446.1192,1,YERLİ,42.8,Numune kabul,H,Kalite onaylı,625.4007,90,2025,11,48
H00002,320.01.0004,IRS25703659,2025-10-15,500,0.5,111.3721,1,YERLİ,42.15,İthalat dosyası,H,,1321.14,0,2025,10,42
D00009,320.01.0001,IRS25703660,2025-11-16,120,120,82.5825,1,YERLİ,42.8,İthalat dosyası,H,Şartlı kabul,231.5397,45,2025,11,46
D00005,320.01.0006,IRS25703662,2025-12-08,250,250,330.9544,1,YERLİ,43.45,Numune kabul,H,Kalite onaylı,1904.2255,45,2025,12,50
D00012,320.01.0006,IRS25703663,2025-10-25,250,250,209.8909,1,YERLİ,42.15,İthalat dosyası,E,,1244.9045,30,2025,10,43
D00009,320.01.0025,IRS25703664,2025-11-20,5000,5000,89.9892,1,YERLİ,42.8,Sevk irsaliyesi,H,Kalite onaylı,10512.757,90,2025,11,47
H00016,320.01.0008,IRS25703665,2025-12-30,500,500,57.3022,1,YERLİ,43.45,Kısmi teslim,E,,659.4039,30,2025,12,1
D00005,320.01.0029,IRS25703666,2025-12-14,2000,2000,337.8839,1,İTHAL,43.45,Numune kabul,E,,15552.7687,0,2025,12,50
H00011,320.01.0001,IRS25703667,2025-10-22,2000,2,66.8486,1,YERLİ,42.15,Sevk irsaliyesi,E,Şartlı kabul,3171.9383,45,2025,10,43
H00009,320.01.0001,IRS26703668,2026-01-01,5000,5,30.1862,1,YERLİ,44.1,Mal kabul,H,Şartlı kabul,3422.4717,30,2026,1,1
D00012,320.01.0001,IRS25703669,2025-10-23,1000,1000,178.8553,1,YERLİ,42.15,Kısmi teslim,H,Kalite onaylı,4243.3049,30,2025,10,43
H00001,320.01.0001,IRS25703670,2025-11-01,500,0.5,65.4275,1,YERLİ,42.8,Sevk irsaliyesi,E,Kalite onaylı,764.34,0,2025,11,44
H00010,320.01.0001,IRS25703671,2025-10-28,2000,2,32.3715,1,YERLİ,42.15,Kısmi teslim,H,Kalite onaylı,1536.0142,0,2025,10,44
H00008,320.01.0001,IRS25703672,2025-11-09,500,0.5,24.3294,1,YERLİ,42.8,Kısmi teslim,E,Şartlı kabul,284.222,60,2025,11,45
H00007,320.01.0030,IRS25703673,2025-10-21,5000,5,140.2234,1,YERLİ,42.15,Kısmi teslim,E,,16633.8553,45,2025,10,43
H00012,320.01.0055,IRS25703674,2025-10-27,120,120,131.765,1,YERLİ,42.15,Mal kabul,E,Şartlı kabul,375.1317,60,2025,10,44
H00003,320.01.0055,IRS25703675,2025-10-25,120,0.12,42.4084,1,YERLİ,42.15,Kısmi teslim,H,Şartlı kabul,120.7357,45,2025,10,43
D00002,320.01.0008,IRS25703676,2025-11-25,10000,10000,216.4652,1,YERLİ,42.8,İthalat dosyası,H,Şartlı kabul,50575.9813,45,2025,11,48
D00007,320.01.0003,IRS25703677,2025-12-10,1000,1000,156.7401,1,YERLİ,43.45,Mal kabul,E,Şartlı kabul,3607.3671,60,2025,12,50
D00010,320.01.0033,IRS26703678,2026-01-05,120,120,392.0934,1,YERLİ,44.1,Numune kabul,E,,1066.9208,45,2026,1,2
D00002,320.01.0033,IRS25703679,2025-12-08,500,500,183.5664,1,YERLİ,43.45,İthalat dosyası,H,Kalite onaylı,2112.3867,60,2025,12,50
D00003,320.01.0004,IRS25703680,2025-11-13,1000,1000,386.6862,1,YERLİ,42.8,Kısmi teslim,E,,9034.7243,0,2025,11,46
H00013,320.01.0004,IRS25703681,2025-12-15,5000,5000,65.2862,1,YERLİ,43.45,İthalat dosyası,H,Kalite onaylı,7512.7963,0,2025,12,51
D00003,320.01.0004,IRS25703682,2025-10-23,10000,10000,365.1755,1,YERLİ,42.15,Sevk irsaliyesi,H,Şartlı kabul,86637.1293,45,2025,10,43
D00010,320.01.0006,IRS25703683,2025-11-06,2000,2000,411.0393,1,YERLİ,42.8,Kısmi teslim,H,Kalite onaylı,19207.4439,0,2025,11,45
H00009,320.01.0018,IRS25703684,2025-11-02,500,0.5,26.7741,1,İTHAL,42.8,Mal kabul,E,Kalite onaylı,312.7815,0,2025,11,44
D00012,320.01.0018,IRS25703685,2025-11-07,2000,2000,213.7486,1,İTHAL,42.8,Mal kabul,H,Şartlı kabul,9988.2523,30,2025,11,45
H00002,320.01.0018,IRS25703686,2025-11-12,120,0.12,112.1753,1,İTHAL,42.8,Sevk irsaliyesi,E,,314.5102,90,2025,11,46
H00007,320.01.0020,IRS25703687,2025-12-11,1000,1,124.4482,1,YERLİ,43.45,Numune kabul,E,,2864.1703,30,2025,12,50
H00005,320.01.0020,IRS25703688,2025-10-29,500,0.5,72.0195,1,YERLİ,42.15,İthalat dosyası,H,,854.3238,45,2025,10,44
D00012,320.01.0002,IRS26703689,2026-01-19,5000,5000,208.2605,1,YERLİ,44.1,Kısmi teslim,E,,23612.3016,45,2026,1,4
H00010,320.01.0002,IRS25703690,2025-10-20,120,0.12,31.9172,1,YERLİ,42.15,İthalat dosyası,H,Kalite onaylı,90.8675,45,2025,10,43
H00015,320.01.0002,IRS25703691,2025-10-26,2000,2,35.7194,1,YERLİ,42.15,Sevk irsaliyesi,E,,1694.8707,0,2025,10,43
H00010,320.01.0006,IRS25703692,2025-12-08,500,0.5,32.8333,1,YERLİ,43.45,İthalat dosyası,H,,377.8285,30,2025,12,50
D00005,320.01.0001,IRS25703693,2025-10-21,5000,5000,389.5878,1,YERLİ,42.15,Kısmi teslim,E,Şartlı kabul,46214.4484,60,2025,10,43
D00004,320.01.0006,IRS25703694,2025-11-23,500,500,33.4552,1,YERLİ,42.8,İthalat dosyası,E,Kalite onaylı,390.8318,30,2025,11,47
H00002,320.01.0006,IRS26703695,2026-01-17,2000,2,128.7211,1,YERLİ,44.1,Numune kabul,E,Kalite onaylı,5837.6916,0,2026,1,3
H00011,320.01.0005,IRS25703696,2025-11-20,120,0.12,71.5406,1,İTHAL,42.8,İthalat dosyası,H,Şartlı kabul,200.5811,30,2025,11,47
H00014,320.01.0005,IRS25703697,2025-12-01,10000,10,107.9944,1,İTHAL,43.45,Kısmi teslim,E,,24854.8677,45,2025,12,49
D00003,320.01.0026,IRS25703698,2025-12-07,120,120,405.2113,1,YERLİ,43.45,Numune kabul,E,,1119.1106,0,2025,12,49
D00006,320.01.0026,IRS25703699,2025-11-18,500,500,233.444,1,YERLİ,42.8,Numune kabul,H,Şartlı kabul,2727.1495,60,2025,11,47
H00014,320.01.0001,IRS25703700,2025-12-15,1000,1,113.3656,1,YERLİ,43.45,Numune kabul,E,Şartlı kabul,2609.1047,60,2025,12,51
H00015,320.01.0001,IRS25703701,2025-10-24,5000,5,29.9654,1,YERLİ,42.15,Mal kabul,H,Kalite onaylı,3554.6145,0,2025,10,43
H00009,320.01.0017,IRS25703702,2025-11-04,250,0.25,28.7327,1,YERLİ,42.8,Sevk irsaliyesi,E,Kalite onaylı,167.8312,0,2025,11,45
H00010,320.01.0017,IRS26703703,2026-01-14,250,0.25,29.7183,1,YERLİ,44.1,Numune kabul,H,Şartlı kabul,168.4711,45,2026,1,3
H00016,320.01.0001,IRS25703704,2025-10-30,120,120,54.4043,1,YERLİ,42.15,Numune kabul,E,Kalite onaylı,154.8877,90,2025,10,44
H00001,320.01.0008,IRS25703705,2025-11-29,2000,2,69.1828,1,YERLİ,42.8,Sevk irsaliyesi,H,,3232.8411,0,2025,11,48
D00009,320.01.0008,IRS25703706,2025-11-01,2000,2000,79.2023,1,YERLİ,42.8,Sevk irsaliyesi,E,Kalite onaylı,3701.0421,60,2025,11,44
D00006,320.01.0021,IRS25703707,2025-11-11,10000,10000,212.5085,1,İTHAL,42.8,Kısmi teslim,H,Kalite onaylı,49651.5187,45,2025,11,46
D00008,320.01.0015,IRS26703708,2026-01-12,10000,10000,427.1782,1,İTHAL,44.1,Kısmi teslim,E,,96865.805,45,2026,1,3
D00004,320.01.0001,IRS25703709,2025-12-12,5000,5000,26.6073,1,YERLİ,43.45,İthalat dosyası,H,Kalite onaylı,3061.8297,30,2025,12,50
D00003,320.01.0002,IRS25703710,2025-12-10,2000,2000,370.4723,1,YERLİ,43.45,Kısmi teslim,H,Kalite onaylı,17052.8101,45,2025,12,50
D00007,320.01.0002,IRS26703711,2026-01-19,1000,1000,173.1116,1,YERLİ,44.1,Kısmi teslim,H,Şartlı kabul,3925.4331,0,2026,1,4
H00015,320.01.0031,IRS25703712,2025-12-07,1000,1,29.9515,1,YERLİ,43.45,Mal kabul,E,,689.3326,60,2025,12,49
D00004,320.01.0031,IRS25703713,2025-11-29,10000,10000,28.3492,1,YERLİ,42.8,Sevk irsaliyesi,H,Şartlı kabul,6623.6449,45,2025,11,48
D00005,320.01.0003,IRS25703714,2025-12-27,120,120,372.7858,1,YERLİ,43.45,Numune kabul,H,Şartlı kabul,1029.558,45,2025,12,52
H00009,320.01.0002,IRS25703715,2025-10-25,500,0.5,27.5518,1,YERLİ,42.15,Kısmi teslim,H,,326.8304,90,2025,10,43
H00001,320.01.0002,IRS25703716,2025-10-28,2000,2,59.5967,1,YERLİ,42.15,Sevk irsaliyesi,E,Kalite onaylı,2827.8387,90,2025,10,44
D00009,320.01.0002,IRS25703717,2025-10-30,1000,1000,90.1384,1,YERLİ,42.15,Mal kabul,H,Kalite onaylı,2138.5148,30,2025,10,44
D00011,320.01.0008,IRS25703718,2025-12-09,250,250,101.5802,1,YERLİ,43.45,Sevk irsaliyesi,E,Şartlı kabul,584.4661,0,2025,12,50
H00009,320.01.0049,IRS25703719,2025-12-01,10000,10,25.2095,1,YERLİ,43.45,Sevk irsaliyesi,H,Kalite onaylı,5801.9563,0,2025,12,49
H00002,320.01.0049,IRS25703720,2025-11-13,120,0.12,130.3781,1,YERLİ,42.8,Kısmi teslim,E,,365.5461,90,2025,11,46
D00002,320.01.0049,IRS26703721,2026-01-27,2000,2000,209.8292,1,YERLİ,44.1,Kısmi teslim,H,,9516.0635,60,2026,1,5
H00006,320.01.0002,IRS25703722,2025-11-12,250,0.25,132.2899,1,YERLİ,42.8,Numune kabul,E,,772.7214,45,2025,11,46
D00008,320.01.0048,IRS25703723,2025-10-31,2000,2000,440.4707,1,YERLİ,42.15,Mal kabul,H,,20900.1518,60,2025,10,44
H00007,320.01.0048,IRS25703724,2025-12-31,1000,1,130.2945,1,YERLİ,43.45,Numune kabul,E,Kalite onaylı,2998.7227,45,2025,12,1
D00002,320.01.0048,IRS25703725,2025-11-14,10000,10000,218.6645,1,YERLİ,42.8,Mal kabul,E,,51089.8364,30,2025,11,46
H00007,320.01.0016,IRS26703726,2026-01-21,10000,10,142.6922,1,İTHAL,44.1,Sevk irsaliyesi,H,,32356.5079,45,2026,1,4
D00010,320.01.0002,IRS25703727,2025-10-27,120,120,379.8981,1,YERLİ,42.15,İthalat dosyası,E,Şartlı kabul,1081.5604,60,2025,10,44
D00006,320.01.0002,IRS25703728,2025-11-11,5000,5000,254.3144,1,YERLİ,42.8,Numune kabul,E,,29709.6262,30,2025,11,46
D00004,320.01.0004,IRS25703729,2025-12-31,120,120,31.652,1,YERLİ,43.45,Mal kabul,H,Kalite onaylı,87.4163,30,2025,12,1
D00011,320.01.0004,IRS25703730,2025-11-13,2000,2000,85.0276,1,YERLİ,42.8,İthalat dosyası,H,Şartlı kabul,3973.2523,90,2025,11,46
D00002,320.01.0004,IRS25703731,2025-12-05,10000,10000,200.2072,1,YERLİ,43.45,Sevk irsaliyesi,E,,46077.6064,30,2025,12,49
D00009,320.01.0010,IRS25703732,2025-12-26,5000,5000,86.1795,1,YERLİ,43.45,Kısmi teslim,E,Şartlı kabul,9917.0886,45,2025,12,52
D00004,320.01.0002,IRS25703733,2025-11-05,1000,1000,28.8036,1,YERLİ,42.8,Mal kabul,H,Şartlı kabul,672.9813,90,2025,11,45
H00016,320.01.0005,IRS25703734,2025-12-29,1000,1000,62.814,1,İTHAL,43.45,İthalat dosyası,H,Şartlı kabul,1445.6617,30,2025,12,1
H00003,320.01.0006,IRS26703735,2026-01-28,500,0.5,42.4365,1,YERLİ,44.1,Kısmi teslim,H,,481.1395,0,2026,1,5
D00012,320.01.0006,IRS25703736,2025-11-09,1000,1000,196.4333,1,YERLİ,42.8,Mal kabul,H,,4589.5631,45,2025,11,45
H00002,320.01.0006,IRS26703737,2026-01-30,10000,10,128.3922,1,YERLİ,44.1,Mal kabul,E,Şartlı kabul,29113.8776,0,2026,1,5
D00007,320.01.0004,IRS25703738,2025-11-24,250,250,164.0567,1,YERLİ,42.8,Numune kabul,E,Kalite onaylı,958.2751,30,2025,11,48
H00011,320.01.0004,IRS26703739,2026-01-27,500,0.5,75.5146,1,YERLİ,44.1,İthalat dosyası,H,Şartlı kabul,856.1746,45,2026,1,5
H00013,320.01.0020,IRS25703740,2025-12-28,2000,2000,74.8288,1,YERLİ,43.45,Mal kabul,E,,3444.3636,90,2025,12,52
H00009,320.01.0022,IRS25703741,2025-11-06,120,0.12,27.5425,1,İTHAL,42.8,Numune kabul,H,Kalite onaylı,77.222,0,2025,11,45
H00010,320.01.0022,IRS25703742,2025-12-03,1000,1,34.881,1,İTHAL,43.45,Numune kabul,E,,802.7848,0,2025,12,49
D00008,320.01.0012,IRS26703743,2026-01-24,500,500,404.7602,1,YERLİ,44.1,Mal kabul,E,Şartlı kabul,4589.1179,30,2026,1,4
D00007,320.01.0041,IRS25703744,2025-11-21,1000,1000,154.9345,1,YERLİ,42.8,Numune kabul,E,Şartlı kabul,3619.965,90,2025,11,47
D00005,320.01.0041,IRS25703745,2025-12-31,250,250,345.1701,1,YERLİ,43.45,Mal kabul,H,,1986.019,90,2025,12,1
H00005,320.01.0007,IRS26703746,2026-01-25,1000,1,69.5849,1,İTHAL,44.1,Sevk irsaliyesi,E,,1577.8889,30,2026,1,4
H00011,320.01.0024,IRS26703747,2026-01-23,120,0.12,61.9357,1,YERLİ,44.1,İthalat dosyası,E,Şartlı kabul,168.5325,60,2026,1,4
H00004,320.01.0024,IRS25703748,2025-11-14,10000,10,31.1412,1,YERLİ,42.8,Numune kabul,H,Kalite onaylı,7275.9813,45,2025,11,46
H00010,320.01.0002,IRS25703749,2025-11-20,120,0.12,35.3443,1,YERLİ,42.8,Kısmi teslim,H,Kalite onaylı,99.0962,45,2025,11,47
H00010,320.01.0002,IRS25703750,2025-11-26,5000,5,31.5185,1,YERLİ,42.8,Mal kabul,E,,3682.0678,90,2025,11,48
H00004,320.01.0041,IRS26703751,2026-01-01,2000,2,30.0807,1,YERLİ,44.1,İthalat dosyası,E,Şartlı kabul,1364.2041,45,2026,1,1
H00010,320.01.0041,IRS25703752,2025-11-19,2000,2,31.3772,1,YERLİ,42.8,İthalat dosyası,E,Şartlı kabul,1466.2243,60,2025,11,47
H00004,320.01.0041,IRS26703753,2026-01-29,120,0.12,28.0787,1,YERLİ,44.1,İthalat dosyası,H,,76.4046,0,2026,1,5
D00008,320.01.0002,IRS25703754,2025-11-14,2000,2000,372.3825,1,YERLİ,42.8,Mal kabul,H,,17401.0514,90,2025,11,46
D00002,320.01.0017,IRS25703757,2025-11-18,250,250,218.2277,1,YERLİ,42.8,Kısmi teslim,E,,1274.6945,90,2025,11,47
D00011,320.01.0001,IRS25703758,2025-11-10,1000,1000,100.2759,1,YERLİ,42.8,Sevk irsaliyesi,H,,2342.8949,0,2025,11,46
D00004,320.01.0009,IRS25703760,2025-12-15,2000,2000,32.12,1,İTHAL,43.45,Sevk irsaliyesi,E,Şartlı kabul,1478.481,60,2025,12,51
H00005,320.01.0009,IRS25703761,2025-12-20,120,0.12,73.2125,1,İTHAL,43.45,Kısmi teslim,H,,202.1979,0,2025,12,51
D00002,320.01.0009,IRS25703762,2025-12-23,1000,1000,189.435,1,İTHAL,43.45,İthalat dosyası,H,Şartlı kabul,4359.8389,30,2025,12,52
D00005,320.01.0004,IRS26703763,2026-02-01,120,120,317.771,1,YERLİ,44.6833,İthalat dosyası,E,Şartlı kabul,853.3953,60,2026,2,5
D00008,320.01.0004,IRS25703764,2025-11-23,1000,1000,470.4665,1,YERLİ,42.8,Mal kabul,E,,10992.2079,60,2025,11,47
D00005,320.01.0018,IRS25703765,2025-11-18,10000,10000,344.5789,1,İTHAL,42.8,Numune kabul,E,Kalite onaylı,80509.0888,0,2025,11,47
D00002,320.01.0051,IRS25703766,2025-12-19,120,120,216.228,1,YERLİ,43.45,Kısmi teslim,H,,597.1774,45,2025,12,51
D00011,320.01.0028,IRS25703767,2025-11-06,2000,2000,107.2758,1,YERLİ,42.8,Mal kabul,H,Kalite onaylı,5012.8879,30,2025,11,45
H00003,320.01.0001,IRS25703768,2025-12-11,120,0.12,40.4005,1,YERLİ,43.45,Mal kabul,E,Şartlı kabul,111.5779,90,2025,12,50
H00001,320.01.0001,IRS25703769,2025-12-19,5000,5,70.2005,1,YERLİ,43.45,Sevk irsaliyesi,H,Kalite onaylı,8078.3084,90,2025,12,51
H00014,320.01.0001,IRS25703770,2025-11-12,500,0.5,110.5018,1,YERLİ,42.8,Mal kabul,H,Kalite onaylı,1290.9089,60,2025,11,46
D00004,320.01.0005,IRS25703771,2025-12-30,2000,2000,28.2252,1,İTHAL,43.45,İthalat dosyası,H,Şartlı kabul,1299.2037,45,2025,12,1
D00011,320.01.0003,IRS25703772,2025-12-26,250,250,99.0065,1,YERLİ,43.45,Sevk irsaliyesi,H,Şartlı kabul,569.6577,60,2025,12,52
H00009,320.01.0003,IRS25703773,2025-12-01,10000,10,25.0885,1,YERLİ,43.45,Kısmi teslim,E,Kalite onaylı,5774.1082,45,2025,12,49
D00010,320.01.0003,IRS26703774,2026-01-28,500,500,395.3599,1,YERLİ,44.1,Sevk irsaliyesi,H,Kalite onaylı,4482.5385,0,2026,1,5
H00010,320.01.0001,IRS25703775,2025-11-22,120,0.12,29.8616,1,YERLİ,42.8,Sevk irsaliyesi,E,Şartlı kabul,83.7241,30,2025,11,47
D00007,320.01.0001,IRS25703776,2025-11-21,250,250,155.3168,1,YERLİ,42.8,İthalat dosyası,H,Şartlı kabul,907.2243,0,2025,11,47
D00001,320.01.0001,IRS25703777,2025-11-22,1000,1000,376.51,1,YERLİ,42.8,Sevk irsaliyesi,E,Şartlı kabul,8796.9626,45,2025,11,47
D00003,320.01.0005,IRS26703778,2026-01-30,250,250,377.5941,1,İTHAL,44.1,Kısmi teslim,E,,2140.5561,60,2026,1,5
H00015,320.01.0002,IRS25703779,2025-11-30,10000,10,37.3704,1,YERLİ,42.8,İthalat dosyası,E,Şartlı kabul,8731.4019,60,2025,11,48
H00015,320.01.0002,IRS25703780,2025-11-20,2000,2,37.812,1,YERLİ,42.8,Mal kabul,E,Kalite onaylı,1766.9159,0,2025,11,47
D00001,320.01.0002,IRS25703781,2025-12-07,2000,2000,332.1989,1,YERLİ,43.45,Sevk irsaliyesi,H,,15291.0886,60,2025,12,49
H00011,320.01.0002,IRS26703782,2026-02-06,250,0.25,67.1516,1,YERLİ,44.6833,Kısmi teslim,E,Şartlı kabul,375.7086,30,2026,2,6
D00001,320.01.0017,IRS26703783,2026-01-03,10000,10000,365.2974,1,YERLİ,44.1,Numune kabul,E,Şartlı kabul,82833.8776,45,2026,1,1
D00011,320.01.0008,IRS25703784,2025-11-19,500,500,100.8746,1,YERLİ,42.8,Kısmi teslim,H,,1178.4416,90,2025,11,47
H00012,320.01.0008,IRS26703785,2026-02-05,120,120,124.4661,1,YERLİ,44.6833,Numune kabul,H,,334.2621,30,2026,2,6
H00012,320.01.0020,IRS26703787,2026-01-14,10000,10000,117.6956,1,YERLİ,44.1,İthalat dosyası,E,,26688.3447,60,2026,1,3
D00005,320.01.0001,IRS26703788,2026-02-11,500,500,329.6705,1,YERLİ,44.6833,İthalat dosyası,H,Kalite onaylı,3688.9677,45,2026,2,7
H00014,320.01.0001,IRS25703789,2025-12-29,500,0.5,110.9094,1,YERLİ,43.45,Kısmi teslim,H,,1276.2877,45,2025,12,1
H00008,320.01.0017,IRS25703790,2025-12-28,1000,1,26.4547,1,YERLİ,43.45,Kısmi teslim,H,Şartlı kabul,608.8539,0,2025,12,52
D00002,320.01.0017,IRS25703791,2025-12-07,120,120,195.091,1,YERLİ,43.45,İthalat dosyası,H,Kalite onaylı,538.8014,0,2025,12,49
H00006,320.01.0017,IRS25703792,2025-12-24,10000,10,134.1894,1,YERLİ,43.45,İthalat dosyası,H,Şartlı kabul,30883.6364,0,2025,12,52
H00011,320.01.0034,IRS25703793,2025-12-17,120,0.12,67.7685,1,İTHAL,43.45,Sevk irsaliyesi,H,,187.1627,45,2025,12,51
D00003,320.01.0015,IRS25703794,2025-12-29,120,120,401.1352,1,İTHAL,43.45,İthalat dosyası,E,Şartlı kabul,1107.8533,30,2025,12,1
H00011,320.01.0045,IRS26703796,2026-01-05,1000,1,71.7296,1,YERLİ,44.1,Numune kabul,E,Kalite onaylı,1626.5215,60,2026,1,2
H00013,320.01.0029,IRS25703797,2025-11-29,5000,5000,76.2116,1,İTHAL,42.8,Mal kabul,E,,8903.2243,45,2025,11,48
D00004,320.01.0029,IRS25703798,2025-12-17,250,250,30.6325,1,İTHAL,43.45,Sevk irsaliyesi,H,Şartlı kabul,176.2514,90,2025,12,51
H00004,320.01.0029,IRS25703799,2025-11-29,120,0.12,26.1883,1,İTHAL,42.8,İthalat dosyası,H,Şartlı kabul,73.4251,45,2025,11,48
H00010,320.01.0011,IRS26703800,2026-01-13,2000,2,29.5766,1,YERLİ,44.1,Sevk irsaliyesi,H,Kalite onaylı,1341.3424,30,2026,1,3
D00003,320.01.0001,IRS25703801,2025-11-19,250,250,386.915,1,YERLİ,42.8,İthalat dosyası,E,Şartlı kabul,2260.0175,30,2025,11,47
D00009,320.01.0002,IRS25703802,2025-12-07,1000,1000,99.1205,1,YERLİ,43.45,Sevk irsaliyesi,H,Şartlı kabul,2281.2543,90,2025,12,49
D00007,320.01.0019,IRS25703803,2025-12-04,250,250,189.9744,1,YERLİ,43.45,Numune kabul,H,Kalite onaylı,1093.0633,30,2025,12,49
H00010,320.01.0019,IRS25703804,2025-11-21,1000,1,33.6432,1,YERLİ,42.8,Sevk irsaliyesi,E,Kalite onaylı,786.0561,30,2025,11,47
H00002,320.01.0003,IRS25703806,2025-11-24,10000,10,125.6679,1,YERLİ,42.8,İthalat dosyası,H,Şartlı kabul,29361.6589,30,2025,11,48
H00007,320.01.0003,IRS25703807,2025-11-30,120,0.12,132.9643,1,YERLİ,42.8,Mal kabul,E,,372.7971,30,2025,11,48
H00012,320.01.0006,IRS26703808,2026-02-16,500,500,115.9979,1,YERLİ,44.6833,İthalat dosyası,H,Kalite onaylı,1298.0006,60,2026,2,8
H00010,320.01.0006,IRS26703809,2026-01-06,2000,2,33.046,1,YERLİ,44.1,Sevk irsaliyesi,E,Kalite onaylı,1498.6848,30,2026,1,2
H00004,320.01.0049,IRS25703810,2025-12-06,1000,1,26.8233,1,YERLİ,43.45,Mal kabul,H,Şartlı kabul,617.3372,30,2025,12,49
H00008,320.01.0049,IRS25703811,2025-12-28,10000,10,30.1788,1,YERLİ,43.45,Mal kabul,H,,6945.6387,45,2025,12,52
D00006,320.01.0002,IRS25703812,2025-12-25,1000,1000,242.4884,1,YERLİ,43.45,İthalat dosyası,H,Şartlı kabul,5580.8608,0,2025,12,52
D00012,320.01.0002,IRS25703813,2025-11-24,1000,1000,197.3877,1,YERLİ,42.8,Numune kabul,E,Kalite onaylı,4611.8621,0,2025,11,48
D00005,320.01.0001,IRS25703814,2025-12-11,10000,10000,356.752,1,YERLİ,43.45,Mal kabul,H,Şartlı kabul,82106.3291,0,2025,12,50
H00008,320.01.0001,IRS25703815,2025-12-08,2000,2,28.992,1,YERLİ,43.45,Sevk irsaliyesi,H,Şartlı kabul,1334.4994,30,2025,12,50
H00012,320.01.0015,IRS25703816,2025-11-24,120,120,143.137,1,İTHAL,42.8,Mal kabul,H,Şartlı kabul,401.3187,30,2025,11,48
D00001,320.01.0015,IRS26703817,2026-01-05,250,250,329.5886,1,İTHAL,44.1,Kısmi teslim,E,Şartlı kabul,1868.4161,0,2026,1,2
H00010,320.01.0055,IRS25703818,2025-11-22,5000,5,29.905,1,YERLİ,42.8,Sevk irsaliyesi,E,,3493.5748,0,2025,11,47
D00009,320.01.0055,IRS26703819,2026-01-20,2000,2000,94.9167,1,YERLİ,44.1,Mal kabul,H,Şartlı kabul,4304.6122,45,2026,1,4
D00006,320.01.0008,IRS26703820,2026-01-02,120,120,228.4065,1,YERLİ,44.1,Mal kabul,E,Kalite onaylı,621.5143,45,2026,1,1
D00012,320.01.0008,IRS25703821,2025-11-26,250,250,194.2136,1,YERLİ,42.8,Numune kabul,E,Kalite onaylı,1134.4252,90,2025,11,48
H00010,320.01.0004,IRS25703822,2025-12-02,2000,2,37.5327,1,YERLİ,43.45,Numune kabul,E,Şartlı kabul,1727.6272,30,2025,12,49
D00012,320.01.0007,IRS25703823,2025-12-28,1000,1000,191.3536,1,İTHAL,43.45,Numune kabul,E,,4403.9954,30,2025,12,52
H00004,320.01.0007,IRS26703824,2026-02-14,120,0.12,31.4875,1,İTHAL,44.6833,Sevk irsaliyesi,E,Şartlı kabul,84.5618,60,2026,2,7
D00008,320.01.0007,IRS25703825,2025-11-20,10000,10000,404.0115,1,İTHAL,42.8,İthalat dosyası,E,,94395.2103,60,2025,11,47
D00006,320.01.0007,IRS26703826,2026-02-22,500,500,245.9013,1,İTHAL,44.6833,Sevk irsaliyesi,E,Şartlı kabul,2751.6018,45,2026,2,8
D00002,320.01.0011,IRS25703827,2025-12-07,1000,1000,182.9474,1,YERLİ,43.45,İthalat dosyası,E,Kalite onaylı,4210.527,0,2025,12,49
H00012,320.01.0029,IRS26703828,2026-02-17,500,500,125.3571,1,İTHAL,44.6833,İthalat dosyası,H,Şartlı kabul,1402.7288,30,2026,2,8
D00011,320.01.0028,IRS26703829,2026-02-18,10000,10000,101.2598,1,YERLİ,44.6833,Sevk irsaliyesi,E,Kalite onaylı,22661.6655,0,2026,2,8
H00010,320.01.0052,IRS25703830,2025-12-22,5000,5,34.2314,1,YERLİ,43.45,İthalat dosyası,H,Kalite onaylı,3939.1715,0,2025,12,52
H00004,320.01.0027,IRS26703831,2026-02-21,500,0.5,29.1568,1,YERLİ,44.6833,Kısmi teslim,E,,326.2606,90,2026,2,8
H00005,320.01.0027,IRS26703832,2026-01-11,1000,1,71.3563,1,YERLİ,44.1,Numune kabul,E,Kalite onaylı,1618.0567,0,2026,1,2
D00008,320.01.0027,IRS25703833,2025-12-06,1000,1000,448.5498,1,YERLİ,43.45,Kısmi teslim,E,,10323.3556,30,2025,12,49
H00004,320.01.0002,IRS26703834,2026-02-21,5000,5,31.3636,1,YERLİ,44.6833,Sevk irsaliyesi,E,Kalite onaylı,3509.5438,60,2026,2,8
D00003,320.01.0036,IRS25703835,2025-12-08,5000,5000,359.9639,1,İTHAL,43.45,Numune kabul,E,Kalite onaylı,41422.7733,45,2025,12,50
D00010,320.01.0036,IRS25703836,2025-11-28,500,500,471.4794,1,İTHAL,42.8,İthalat dosyası,H,,5507.9369,90,2025,11,48
D00005,320.01.0036,IRS26703837,2026-02-24,1000,1000,378.9601,1,İTHAL,44.6833,İthalat dosyası,H,Şartlı kabul,8481.0231,60,2026,2,9
H00015,320.01.0001,IRS25703838,2025-12-01,1000,1,36.7993,1,YERLİ,43.45,Mal kabul,H,Kalite onaylı,846.9344,30,2025,12,49
D00007,320.01.0001,IRS25703839,2025-12-01,1000,1000,163.6832,1,YERLİ,43.45,Kısmi teslim,H,Şartlı kabul,3767.1623,30,2025,12,49
H00016,320.01.0002,IRS25703840,2025-12-05,250,250,54.4081,1,YERLİ,43.45,Kısmi teslim,H,Şartlı kabul,313.0501,60,2025,12,49
D00009,320.01.0002,IRS25703841,2025-12-08,2000,2000,81.2492,1,YERLİ,43.45,Numune kabul,H,,3739.8941,30,2025,12,50
D00005,320.01.0017,IRS25703842,2025-12-15,5000,5000,367.5949,1,YERLİ,43.45,Kısmi teslim,E,Şartlı kabul,42300.9091,45,2025,12,51
H00010,320.01.0015,IRS25703843,2025-12-25,1000,1,33.2571,1,İTHAL,43.45,Sevk irsaliyesi,H,Kalite onaylı,765.4108,60,2025,12,52
D00010,320.01.0015,IRS25703844,2025-12-22,500,500,381.2914,1,İTHAL,43.45,Mal kabul,E,,4387.7031,60,2025,12,52
D00010,320.01.0012,IRS25703845,2025-12-04,1000,1000,383.1265,1,YERLİ,43.45,İthalat dosyası,H,Kalite onaylı,8817.641,90,2025,12,49
D00008,320.01.0001,IRS25703846,2025-12-03,2000,2000,468.9861,1,YERLİ,43.45,Mal kabul,E,Kalite onaylı,21587.3924,60,2025,12,49
H00004,320.01.0049,IRS25703847,2025-12-05,120,0.12,29.3714,1,YERLİ,43.45,İthalat dosyası,H,Kalite onaylı,81.1178,90,2025,12,49
D00012,320.01.0049,IRS26703848,2026-03-01,10000,10000,181.4318,1,YERLİ,45.2667,İthalat dosyası,H,Kalite onaylı,40080.6332,60,2026,3,9
H00009,320.01.0045,IRS26703849,2026-01-10,5000,5,26.3855,1,YERLİ,44.1,Mal kabul,H,Şartlı kabul,2991.5533,0,2026,1,2
H00010,320.01.0045,IRS26703850,2026-02-22,500,0.5,33.7388,1,YERLİ,44.6833,Sevk irsaliyesi,H,Şartlı kabul,377.5325,90,2026,2,8
H00010,320.01.0001,IRS25703851,2025-12-14,1000,1,29.5201,1,YERLİ,43.45,İthalat dosyası,H,Kalite onaylı,679.4039,0,2025,12,50
H00010,320.01.0001,IRS25703852,2025-12-11,2000,2,36.6443,1,YERLİ,43.45,Mal kabul,E,Şartlı kabul,1686.7342,90,2025,12,50
H00012,320.01.0011,IRS25703853,2025-12-25,10000,10000,121.463,1,YERLİ,43.45,Numune kabul,H,,27954.6605,90,2025,12,52
H00007,320.01.0004,IRS26703854,2026-02-23,500,0.5,144.5857,1,YERLİ,44.6833,Sevk irsaliyesi,E,,1617.8942,0,2026,2,9
D00006,320.01.0004,IRS25703855,2025-12-20,250,250,219.4307,1,YERLİ,43.45,Sevk irsaliyesi,E,,1262.5472,90,2025,12,51
H00003,320.01.0004,IRS25703856,2025-12-03,1000,1,48.1626,1,YERLİ,43.45,Sevk irsaliyesi,H,,1108.4603,45,2025,12,49
D00001,320.01.0004,IRS26703857,2026-02-25,500,500,330.796,1,YERLİ,44.6833,Mal kabul,E,Şartlı kabul,3701.5619,45,2026,2,9
H00001,320.01.0004,IRS25703858,2025-12-08,1000,1,61.5329,1,YERLİ,43.45,Kısmi teslim,H,,1416.1772,0,2025,12,50
H00016,320.01.0001,IRS26703859,2026-02-27,10000,10000,57.2734,1,YERLİ,44.6833,Kısmi teslim,H,Kalite onaylı,12817.6299,0,2026,2,9
H00015,320.01.0001,IRS25703860,2025-12-18,250,0.25,38.3988,1,YERLİ,43.45,İthalat dosyası,E,Kalite onaylı,220.9367,45,2025,12,51
D00009,320.01.0001,IRS25703861,2025-12-06,250,250,83.6351,1,YERLİ,43.45,Mal kabul,H,Kalite onaylı,481.2146,60,2025,12,49
D00012,320.01.0002,IRS25703862,2025-12-13,1000,1000,193.3829,1,YERLİ,43.45,Numune kabul,H,,4450.6997,30,2025,12,50
H00013,320.01.0037,IRS26703863,2026-02-04,5000,5000,76.4365,1,YERLİ,44.6833,Sevk irsaliyesi,H,Kalite onaylı,8553.1395,90,2026,2,6
H00005,320.01.0037,IRS25703864,2025-12-18,1000,1,70.0633,1,YERLİ,43.45,Sevk irsaliyesi,E,,1612.504,0,2025,12,51
D00009,320.01.0039,IRS25703865,2025-12-28,10000,10000,95.683,1,YERLİ,43.45,İthalat dosyası,E,Kalite onaylı,22021.4039,60,2025,12,52
H00004,320.01.0039,IRS25703866,2025-12-30,1000,1,27.0171,1,YERLİ,43.45,Kısmi teslim,E,,621.7975,30,2025,12,1
D00010,320.01.0006,IRS26703867,2026-01-09,10000,10000,375.6985,1,YERLİ,44.1,İthalat dosyası,E,Şartlı kabul,85192.4036,90,2026,1,2
D00006,320.01.0006,IRS25703868,2025-12-17,2000,2000,242.198,1,YERLİ,43.45,İthalat dosyası,E,,11148.3544,0,2025,12,51
H00006,320.01.0002,IRS25703869,2025-12-12,2000,2,131.6921,1,YERLİ,43.45,Mal kabul,E,Şartlı kabul,6061.7768,90,2025,12,50
H00007,320.01.0001,IRS26703870,2026-03-06,5000,5,145.6934,1,YERLİ,45.2667,Mal kabul,H,,16092.779,60,2026,3,10
D00010,320.01.0001,IRS25703871,2025-12-10,2000,2000,393.0893,1,YERLİ,43.45,Kısmi teslim,H,Kalite onaylı,18093.8688,90,2025,12,50
D00001,320.01.0008,IRS25703872,2025-12-18,10000,10000,400.5117,1,YERLİ,43.45,Sevk irsaliyesi,E,,92177.6064,30,2025,12,51
H00015,320.01.0008,IRS25703873,2025-12-19,10000,10,36.1633,1,YERLİ,43.45,Sevk irsaliyesi,H,Şartlı kabul,8322.9689,0,2025,12,51
D00010,320.01.0008,IRS26703874,2026-02-05,120,120,385.7935,1,YERLİ,44.6833,Kısmi teslim,E,Şartlı kabul,1036.0743,0,2026,2,6
H00006,320.01.0007,IRS25703875,2025-12-29,120,0.12,130.599,1,İTHAL,43.45,Kısmi teslim,H,Kalite onaylı,360.6877,0,2025,12,1
D00001,320.01.0001,IRS26703876,2026-01-05,60,60,407.0162,1,YERLİ,44.1,Kısmi teslim,E,Kalite onaylı,553.7635,0,2026,1,2
H00008,320.01.0001,IRS26703877,2026-03-02,2000,2,24.5397,1,YERLİ,45.2667,Numune kabul,H,,1084.2275,45,2026,3,10
H00015,320.01.0015,IRS25703878,2025-12-28,2000,2,32.9189,1,İTHAL,43.45,İthalat dosyası,H,,1515.2543,30,2025,12,52
H00002,320.01.0015,IRS26703879,2026-01-23,10000,10,115.4255,1,İTHAL,44.1,Sevk irsaliyesi,E,,26173.5828,90,2026,1,4
D00002,320.01.0012,IRS25703880,2025-12-23,5000,5000,224.4619,1,YERLİ,43.45,Mal kabul,E,Şartlı kabul,25829.9079,0,2025,12,52
D00010,320.01.0012,IRS26703881,2026-02-01,10000,10000,391.9642,1,YERLİ,44.6833,Sevk irsaliyesi,H,Şartlı kabul,87720.513,90,2026,2,5
D00003,320.01.0002,IRS25703882,2025-12-10,2000,2000,411.1083,1,YERLİ,43.45,Kısmi teslim,E,,18923.2819,0,2025,12,50
H00005,320.01.0002,IRS25703883,2025-12-17,500,0.5,65.6434,1,YERLİ,43.45,İthalat dosyası,E,,755.3901,0,2025,12,51
H00015,320.01.0001,IRS25703884,2025-12-10,500,0.5,37.0102,1,YERLİ,43.45,Mal kabul,H,Şartlı kabul,425.8941,0,2025,12,50
D00006,320.01.0001,IRS26703885,2026-01-17,1000,1000,222.1059,1,YERLİ,44.1,İthalat dosyası,H,,5036.415,30,2026,1,3
D00003,320.01.0043,IRS25703886,2025-12-23,500,500,403.8609,1,YERLİ,43.45,Kısmi teslim,H,,4647.4212,90,2025,12,52
D00009,320.01.0004,IRS26703888,2026-02-27,1000,1000,94.248,1,YERLİ,44.6833,İthalat dosyası,E,Kalite onaylı,2109.2444,45,2026,2,9
H00013,320.01.0004,IRS26703889,2026-02-02,1000,1000,77.4927,1,YERLİ,44.6833,İthalat dosyası,H,Şartlı kabul,1734.2654,90,2026,2,6
D00012,320.01.0004,IRS26703890,2026-01-26,1000,1000,184.1383,1,YERLİ,44.1,Numune kabul,E,Kalite onaylı,4175.4717,30,2026,1,5
D00009,320.01.0004,IRS26703891,2026-01-29,500,500,102.8257,1,YERLİ,44.1,Kısmi teslim,H,,1165.8243,0,2026,1,5
H00005,320.01.0002,IRS26703892,2026-02-06,1000,1,59.7037,1,YERLİ,44.6833,Mal kabul,E,,1336.1524,30,2026,2,6
H00008,320.01.0002,IRS26703893,2026-03-07,500,0.5,27.4913,1,YERLİ,45.2667,İthalat dosyası,E,Kalite onaylı,303.6592,30,2026,3,10
H00008,320.01.0014,IRS26703894,2026-01-27,250,0.25,28.2517,1,YERLİ,44.1,Numune kabul,H,,160.157,30,2026,1,5
H00003,320.01.0014,IRS26703895,2026-02-28,250,0.25,39.7424,1,YERLİ,44.6833,Numune kabul,E,Kalite onaylı,222.356,45,2026,2,9
H00007,320.01.0014,IRS26703896,2026-01-01,250,0.25,146.9634,1,YERLİ,44.1,Numune kabul,E,Kalite onaylı,833.1259,0,2026,1,1
H00004,320.01.0034,IRS25703897,2025-12-18,2000,2,30.4981,1,İTHAL,43.45,Kısmi teslim,H,,1403.8251,45,2025,12,51
H00002,320.01.0007,IRS25703898,2025-12-17,250,0.25,112.745,1,İTHAL,43.45,Mal kabul,E,Şartlı kabul,648.7054,60,2025,12,51
H00003,320.01.0016,IRS26703899,2026-01-07,10000,10,45.5526,1,İTHAL,44.1,İthalat dosyası,H,,10329.3878,60,2026,1,2
D00004,320.01.0021,IRS26703900,2026-03-14,2000,2000,30.4649,1,İTHAL,45.2667,Kısmi teslim,H,Şartlı kabul,1346.0182,60,2026,3,11
H00014,320.01.0021,IRS26703901,2026-01-29,5000,5,125.8861,1,İTHAL,44.1,Numune kabul,H,Kalite onaylı,14272.8005,0,2026,1,5
D00010,320.01.0021,IRS26703902,2026-01-25,250,250,444.6471,1,İTHAL,44.1,Mal kabul,H,Şartlı kabul,2520.6752,45,2026,1,4
H00002,320.01.0001,IRS25703903,2025-12-12,10000,10,131.184,1,YERLİ,43.45,Numune kabul,H,Kalite onaylı,30191.9448,90,2025,12,50
D00011,320.01.0038,IRS26703904,2026-03-04,500,500,105.8067,1,YERLİ,45.2667,Sevk irsaliyesi,H,,1168.7035,90,2026,3,10
H00011,320.01.0001,IRS25703905,2025-12-28,5000,5,67.4487,1,YERLİ,43.45,İthalat dosyası,H,Kalite onaylı,7761.6456,60,2025,12,52
D00007,320.01.0001,IRS25703906,2025-12-12,120,120,159.404,1,YERLİ,43.45,Numune kabul,E,,440.2412,0,2025,12,50
H00015,320.01.0001,IRS26703907,2026-02-11,2000,2,33.0213,1,YERLİ,44.6833,Kısmi teslim,H,Şartlı kabul,1478.0153,45,2026,2,7
H00009,320.01.0007,IRS25703908,2025-12-24,2000,2,27.9759,1,İTHAL,43.45,Sevk irsaliyesi,E,,1287.7284,90,2025,12,52
D00008,320.01.0007,IRS26703909,2026-01-05,250,250,388.8709,1,İTHAL,44.1,Sevk irsaliyesi,H,Şartlı kabul,2204.4836,90,2026,1,2
D00011,320.01.0019,IRS26703911,2026-01-16,5000,5000,94.779,1,YERLİ,44.1,İthalat dosyası,H,,10745.9184,30,2026,1,3
H00004,320.01.0019,IRS25703912,2025-12-28,1000,1,27.4637,1,YERLİ,43.45,Kısmi teslim,H,Şartlı kabul,632.0759,45,2025,12,52
D00004,320.01.0003,IRS26703913,2026-01-15,250,250,29.445,1,YERLİ,44.1,Kısmi teslim,E,Kalite onaylı,166.9218,30,2026,1,3
H00012,320.01.0003,IRS26703914,2026-01-07,10000,10000,137.4074,1,YERLİ,44.1,İthalat dosyası,E,Şartlı kabul,31158.1406,30,2026,1,2
H00005,320.01.0010,IRS26703915,2026-02-15,2000,2,73.1075,1,YERLİ,44.6833,Kısmi teslim,E,,3272.2516,0,2026,2,7
H00016,320.01.0003,IRS25703916,2025-12-27,1000,1000,59.5927,1,YERLİ,43.45,İthalat dosyası,H,,1371.5236,30,2025,12,52
D00011,320.01.0027,IRS26703917,2026-01-16,2000,2000,89.1399,1,YERLİ,44.1,Kısmi teslim,E,,4042.6259,30,2026,1,3
H00005,320.01.0027,IRS26703918,2026-01-22,10000,10,70.6615,1,YERLİ,44.1,Sevk irsaliyesi,H,Şartlı kabul,16023.0159,30,2026,1,4
H00010,320.01.0010,IRS25703919,2025-12-17,250,0.25,31.1635,1,YERLİ,43.45,Mal kabul,H,Kalite onaylı,179.3067,90,2025,12,51
H00006,320.01.0010,IRS26703920,2026-03-11,2000,2,148.5961,1,YERLİ,45.2667,Kısmi teslim,H,Şartlı kabul,6565.3604,0,2026,3,11
H00004,320.01.0010,IRS26703921,2026-02-01,250,0.25,33.6236,1,YERLİ,44.6833,Numune kabul,H,Kalite onaylı,188.1217,60,2026,2,5
D00012,320.01.0020,IRS25703922,2025-12-25,10000,10000,196.6203,1,YERLİ,43.45,Mal kabul,H,Kalite onaylı,45252.0829,30,2025,12,52
D00010,320.01.0020,IRS26703923,2026-02-02,120,120,480.883,1,YERLİ,44.6833,Mal kabul,H,Kalite onaylı,1291.4436,60,2026,2,6
H00013,320.01.0002,IRS25703924,2025-12-28,10000,10000,75.2674,1,YERLİ,43.45,Sevk irsaliyesi,E,Şartlı kabul,17322.7618,60,2025,12,52
H00009,320.01.0002,IRS26703926,2026-02-09,1000,1,26.1645,1,YERLİ,44.6833,Numune kabul,H,Şartlı kabul,585.5543,30,2026,2,7
D00011,320.01.0001,IRS26703927,2026-02-05,10000,10000,101.3341,1,YERLİ,44.6833,Mal kabul,H,Kalite onaylı,22678.2937,30,2026,2,6
H00001,320.01.0001,IRS26703928,2026-01-02,1000,1,65.1753,1,YERLİ,44.1,İthalat dosyası,H,,1477.898,45,2026,1,1
H00006,320.01.0001,IRS26703929,2026-02-12,10000,10,142.7447,1,YERLİ,44.6833,İthalat dosyası,E,Şartlı kabul,31945.8724,90,2026,2,7
D00011,320.01.0016,IRS26703930,2026-01-11,5000,5000,98.9845,1,İTHAL,44.1,Sevk irsaliyesi,H,Şartlı kabul,11222.7324,45,2026,1,2
H00005,320.01.0016,IRS26703931,2026-01-04,500,0.5,73.2211,1,İTHAL,44.1,Mal kabul,H,Şartlı kabul,830.1712,0,2026,1,1
H00007,320.01.0028,IRS26703932,2026-02-25,500,0.5,150.9023,1,YERLİ,44.6833,Numune kabul,E,Kalite onaylı,1688.576,30,2026,2,9
H00005,320.01.0038,IRS26703933,2026-01-27,1000,1,68.1335,1,YERLİ,44.1,İthalat dosyası,H,,1544.9773,90,2026,1,5
D00010,320.01.0030,IRS26703934,2026-01-17,5000,5000,406.6916,1,YERLİ,44.1,Sevk irsaliyesi,H,Şartlı kabul,46110.1587,60,2026,1,3
H00008,320.01.0005,IRS26703935,2026-01-16,5000,5,31.1245,1,İTHAL,44.1,Kısmi teslim,H,Kalite onaylı,3528.8549,45,2026,1,3
H00010,320.01.0011,IRS26703936,2026-01-13,10000,10,37.541,1,YERLİ,44.1,Sevk irsaliyesi,H,,8512.6984,90,2026,1,3
D00008,320.01.0016,IRS26703937,2026-01-09,5000,5000,470.0724,1,İTHAL,44.1,Sevk irsaliyesi,E,Şartlı kabul,53296.1905,30,2026,1,2
H00005,320.01.0005,IRS26703938,2026-03-15,10000,10,61.6036,1,İTHAL,45.2667,Sevk irsaliyesi,E,Şartlı kabul,13609.0327,0,2026,3,11
H00010,320.01.0005,IRS26703939,2026-03-16,500,0.5,30.2484,1,İTHAL,45.2667,Sevk irsaliyesi,H,Şartlı kabul,334.1132,30,2026,3,12
H00005,320.01.0004,IRS26703940,2026-01-13,1000,1,64.2415,1,YERLİ,44.1,Sevk irsaliyesi,E,Şartlı kabul,1456.7234,60,2026,1,3
H00004,320.01.0005,IRS26703941,2026-01-29,10000,10,33.6395,1,İTHAL,44.1,Sevk irsaliyesi,E,,7628.0045,90,2026,1,5
H00007,320.01.0005,IRS26703942,2026-03-01,5000,5,129.4297,1,İTHAL,45.2667,Mal kabul,E,,14296.3481,45,2026,3,9
H00011,320.01.0001,IRS26703943,2026-02-21,120,0.12,76.1411,1,YERLİ,44.6833,Sevk irsaliyesi,H,Şartlı kabul,204.482,90,2026,2,8
H00016,320.01.0001,IRS26703944,2026-01-17,1000,1000,58.4989,1,YERLİ,44.1,Sevk irsaliyesi,E,,1326.5057,90,2026,1,3
H00004,320.01.0001,IRS26703945,2026-01-14,10000,10,26.9027,1,YERLİ,44.1,Mal kabul,E,,6100.3855,60,2026,1,3
D00012,320.01.0003,IRS26703946,2026-01-07,10000,10000,191.7774,1,YERLİ,44.1,Numune kabul,H,Kalite onaylı,43486.9388,30,2026,1,2
D00012,320.01.0003,IRS26703947,2026-02-17,1000,1000,201.5859,1,YERLİ,44.6833,Sevk irsaliyesi,E,Şartlı kabul,4511.4372,30,2026,2,8
H00012,320.01.0003,IRS26703948,2026-03-30,2000,2000,137.0651,1,YERLİ,45.2667,İthalat dosyası,H,Kalite onaylı,6055.891,90,2026,3,14
D00006,320.01.0002,IRS26703949,2026-01-21,5000,5000,250.8992,1,YERLİ,44.1,Kısmi teslim,E,Kalite onaylı,28446.6213,45,2026,1,4
H00008,320.01.0002,IRS26703950,2026-02-16,120,0.12,28.3832,1,YERLİ,44.6833,Numune kabul,E,,76.225,90,2026,2,8
H00012,320.01.0002,IRS26703951,2026-03-04,5000,5000,125.3823,1,YERLİ,45.2667,Numune kabul,E,Şartlı kabul,13849.2866,90,2026,3,10
D00007,320.01.0014,IRS26703952,2026-03-29,10000,10000,154.5676,1,YERLİ,45.2667,Sevk irsaliyesi,H,Kalite onaylı,34145.9837,60,2026,3,13
D00004,320.01.0014,IRS26703953,2026-01-20,250,250,33.2184,1,YERLİ,44.1,Kısmi teslim,H,Kalite onaylı,188.3129,45,2026,1,4
D00004,320.01.0009,IRS26703954,2026-02-15,10000,10000,32.0707,1,İTHAL,44.6833,İthalat dosyası,H,Şartlı kabul,7177.3347,45,2026,2,7
H00012,320.01.0009,IRS26703955,2026-02-16,2000,2000,132.3548,1,İTHAL,44.6833,İthalat dosyası,E,Şartlı kabul,5924.1283,45,2026,2,8
H00004,320.01.0034,IRS26703956,2026-01-20,1000,1,32.3485,1,İTHAL,44.1,Numune kabul,H,,733.5261,0,2026,1,4
H00003,320.01.0014,IRS26703957,2026-02-10,120,0.12,48.9339,1,YERLİ,44.6833,Mal kabul,E,,131.4153,90,2026,2,7
H00014,320.01.0014,IRS26703958,2026-03-07,10000,10,116.9449,1,YERLİ,45.2667,Mal kabul,E,Şartlı kabul,25834.6422,30,2026,3,10
H00008,320.01.0003,IRS26703959,2026-01-08,120,0.12,25.7958,1,YERLİ,44.1,Kısmi teslim,H,Kalite onaylı,70.1927,90,2026,1,2
D00009,320.01.0002,IRS26703960,2026-01-16,10000,10000,101.7648,1,YERLİ,44.1,Kısmi teslim,H,Şartlı kabul,23075.9184,0,2026,1,3
H00003,320.01.0001,IRS26703961,2026-02-27,10000,10,44.9802,1,YERLİ,44.6833,Numune kabul,H,Şartlı kabul,10066.4454,90,2026,2,9
D00009,320.01.0001,IRS26703962,2026-02-19,250,250,95.9989,1,YERLİ,44.6833,Numune kabul,H,Kalite onaylı,537.1073,30,2026,2,8
H00015,320.01.0011,IRS26703963,2026-02-20,5000,5,31.8524,1,YERLİ,44.6833,Sevk irsaliyesi,H,,3564.2399,90,2026,2,8
H00008,320.01.0011,IRS26703964,2026-02-04,10000,10,29.1942,1,YERLİ,44.6833,İthalat dosyası,H,Şartlı kabul,6533.5819,60,2026,2,6
D00010,320.01.0008,IRS26703965,2026-01-21,125,125,397.1986,1,YERLİ,44.1,Numune kabul,H,,1125.8464,90,2026,1,4
H00015,320.01.0008,IRS26703966,2026-01-20,250,0.25,35.1431,1,YERLİ,44.1,İthalat dosyası,E,,199.2239,90,2026,1,4
D00011,320.01.0008,IRS26703967,2026-01-07,1000,1000,104.5917,1,YERLİ,44.1,Kısmi teslim,H,Kalite onaylı,2371.6939,30,2026,1,2
H00016,320.01.0003,IRS26703968,2026-01-12,2000,2000,61.5573,1,YERLİ,44.1,Numune kabul,H,Kalite onaylı,2791.7143,90,2026,1,3
D00010,320.01.0003,IRS26703969,2026-02-08,10000,10000,467.2988,1,YERLİ,44.6833,İthalat dosyası,E,Kalite onaylı,104580.1899,30,2026,2,6
H00003,320.01.0021,IRS26703970,2026-01-25,1000,1,41.536,1,İTHAL,44.1,Mal kabul,H,Kalite onaylı,941.8594,60,2026,1,4
D00003,320.01.0021,IRS26703971,2026-01-18,1000,1000,350.0798,1,İTHAL,44.1,Numune kabul,H,,7938.3175,45,2026,1,3
H00011,320.01.0036,IRS26703972,2026-01-17,500,0.5,67.306,1,İTHAL,44.1,Numune kabul,H,,763.1066,60,2026,1,3
H00009,320.01.0036,IRS26703973,2026-02-24,60,0.06,27.1885,1,İTHAL,44.6833,İthalat dosyası,H,,36.5083,45,2026,2,9
D00003,320.01.0036,IRS26703974,2026-01-31,1000,1000,393.7065,1,İTHAL,44.1,Numune kabul,H,,8927.585,0,2026,1,5
H00007,320.01.0002,IRS26703975,2026-01-24,120,0.12,128.131,1,YERLİ,44.1,Sevk irsaliyesi,E,,348.6558,0,2026,1,4
D00008,320.01.0002,IRS26703976,2026-01-06,1000,1000,459.9343,1,YERLİ,44.1,İthalat dosyası,E,,10429.3492,60,2026,1,2
H00007,320.01.0002,IRS26703977,2026-02-07,120,0.12,126.2744,1,YERLİ,44.6833,İthalat dosyası,H,,339.1184,90,2026,2,6
H00012,320.01.0022,IRS26703978,2026-02-17,250,250,137.6628,1,İTHAL,44.6833,İthalat dosyası,H,Şartlı kabul,770.2139,45,2026,2,8
H00016,320.01.0008,IRS26703979,2026-01-23,10000,10000,61.8844,1,YERLİ,44.1,İthalat dosyası,H,Kalite onaylı,14032.7438,90,2026,1,4
D00010,320.01.0008,IRS26703980,2026-04-01,250,250,431.5576,1,YERLİ,45.85,Numune kabul,E,,2353.0949,60,2026,4,14
H00002,320.01.0008,IRS26703981,2026-01-17,2000,2,140.5634,1,YERLİ,44.1,İthalat dosyası,H,,6374.7574,45,2026,1,3
H00008,320.01.0001,IRS26703982,2026-01-19,2000,2,30.3154,1,YERLİ,44.1,Sevk irsaliyesi,H,Kalite onaylı,1374.8481,60,2026,1,4
H00012,320.01.0004,IRS26703983,2026-02-04,10000,10000,127.4724,1,YERLİ,44.6833,Kısmi teslim,H,Kalite onaylı,28527.9735,30,2026,2,6
D00002,320.01.0004,IRS26703984,2026-01-28,10000,10000,211.7422,1,YERLİ,44.1,Kısmi teslim,E,Kalite onaylı,48014.1043,45,2026,1,5
H00010,320.01.0006,IRS26703985,2026-02-12,10000,10,31.3591,1,YERLİ,44.6833,Sevk irsaliyesi,E,Kalite onaylı,7018.0806,0,2026,2,7
H00006,320.01.0017,IRS26703986,2026-03-11,5000,5,127.1544,1,YERLİ,45.2667,Sevk irsaliyesi,H,Kalite onaylı,14045.0265,60,2026,3,11
H00007,320.01.0052,IRS26703987,2026-01-28,5000,5,139.0788,1,YERLİ,44.1,Mal kabul,E,Şartlı kabul,15768.5714,60,2026,1,5
H00004,320.01.0004,IRS26703988,2026-03-11,1000,1,33.5297,1,YERLİ,45.2667,Kısmi teslim,H,Şartlı kabul,740.7145,30,2026,3,11
H00007,320.01.0004,IRS26703989,2026-01-24,120,0.12,145.9483,1,YERLİ,44.1,İthalat dosyası,E,,397.1382,0,2026,1,4
H00016,320.01.0012,IRS26703990,2026-03-14,1000,1000,55.485,1,YERLİ,45.2667,Sevk irsaliyesi,H,Şartlı kabul,1225.7355,45,2026,3,11
D00010,320.01.0012,IRS26703991,2026-01-21,120,120,394.8173,1,YERLİ,44.1,Sevk irsaliyesi,E,,1074.3328,30,2026,1,4
D00010,320.01.0012,IRS26703992,2026-03-04,2000,2000,421.8223,1,YERLİ,45.2667,Sevk irsaliyesi,E,Kalite onaylı,18637.2013,30,2026,3,10
D00007,320.01.0008,IRS26703993,2026-03-13,2000,2000,179.8962,1,YERLİ,45.2667,Mal kabul,H,Kalite onaylı,7948.2799,60,2026,3,11
H00003,320.01.0008,IRS26703994,2026-03-15,120,0.12,40.1953,1,YERLİ,45.2667,Numune kabul,H,Şartlı kabul,106.5559,45,2026,3,11
H00003,320.01.0002,IRS26703995,2026-02-15,5000,5,39.7019,1,YERLİ,44.6833,Kısmi teslim,H,,4442.5882,60,2026,2,7
H00003,320.01.0002,IRS26703996,2026-01-26,500,0.5,47.7922,1,YERLİ,44.1,İthalat dosyası,H,Şartlı kabul,541.8617,30,2026,1,5
D00012,320.01.0050,IRS26703997,2026-01-29,2000,2000,220.4165,1,YERLİ,44.1,Kısmi teslim,H,Şartlı kabul,9996.2132,90,2026,1,5
H00008,320.01.0050,IRS26703998,2026-01-31,500,0.5,31.4804,1,YERLİ,44.1,Mal kabul,E,,356.9206,60,2026,1,5
H00012,320.01.0004,IRS26703999,2026-03-02,10000,10000,145.3939,1,YERLİ,45.2667,Kısmi teslim,H,Şartlı kabul,32119.3946,0,2026,3,10
H00010,320.01.0004,IRS26704000,2026-04-13,500,0.5,37.4606,1,YERLİ,45.85,Kısmi teslim,H,,408.5125,0,2026,4,16
D00010,320.01.0004,IRS26704001,2026-01-10,500,500,405.3591,1,YERLİ,44.1,Numune kabul,E,Şartlı kabul,4595.9082,90,2026,1,2
H00008,320.01.0028,IRS26704002,2026-03-11,10000,10,30.8098,1,YERLİ,45.2667,İthalat dosyası,E,Şartlı kabul,6806.2836,90,2026,3,11
D00006,320.01.0028,IRS26704003,2026-02-01,250,250,255.4315,1,YERLİ,44.6833,Kısmi teslim,H,,1429.1217,60,2026,2,5
D00008,320.01.0009,IRS26704005,2026-01-27,2500,2500,425.9537,1,İTHAL,44.1,Mal kabul,E,Şartlı kabul,24147.0351,60,2026,1,5
D00010,320.01.0009,IRS26704006,2026-04-15,125,125,408.9293,1,İTHAL,45.85,Kısmi teslim,H,Kalite onaylı,1114.8563,90,2026,4,16
D00002,320.01.0009,IRS26704007,2026-04-07,250,250,218.6349,1,İTHAL,45.85,Kısmi teslim,E,,1192.1205,90,2026,4,15
H00012,320.01.0006,IRS26704008,2026-02-17,500,500,140.1511,1,YERLİ,44.6833,İthalat dosyası,H,Şartlı kabul,1568.2716,60,2026,2,8
H00011,320.01.0006,IRS26704009,2026-01-29,1000,1,70.1808,1,YERLİ,44.1,Mal kabul,H,,1591.4014,90,2026,1,5
H00001,320.01.0001,IRS26704010,2026-01-21,120,0.12,77.3848,1,YERLİ,44.1,Mal kabul,E,Kalite onaylı,210.5709,30,2026,1,4
H00014,320.01.0001,IRS26704011,2026-01-19,2000,2,127.2923,1,YERLİ,44.1,Kısmi teslim,E,,5772.8934,45,2026,1,4
D00001,320.01.0014,IRS26704012,2026-04-04,250,250,362.067,1,YERLİ,45.85,Numune kabul,H,,1974.193,90,2026,4,14
D00008,320.01.0014,IRS26704013,2026-02-07,120,120,450.3811,1,YERLİ,44.6833,Mal kabul,H,Şartlı kabul,1209.5287,90,2026,2,6
D00002,320.01.0025,IRS26704014,2026-03-17,500,500,215.4638,1,YERLİ,45.2667,Numune kabul,H,,2379.9371,0,2026,3,12
D00007,320.01.0025,IRS26704016,2026-02-17,10000,10000,175.5651,1,YERLİ,44.6833,Mal kabul,H,,39290.9879,0,2026,2,8
D00005,320.01.0002,IRS26704017,2026-03-05,500,500,351.264,1,YERLİ,45.2667,Kısmi teslim,E,,3879.9382,45,2026,3,10
D00011,320.01.0007,IRS26704020,2026-02-18,500,500,96.3317,1,İTHAL,44.6833,Kısmi teslim,H,Şartlı kabul,1077.9385,30,2026,2,8
H00007,320.01.0007,IRS26704021,2026-02-22,10000,10,122.6293,1,İTHAL,44.6833,Kısmi teslim,H,Şartlı kabul,27444.101,30,2026,2,8
H00011,320.01.0007,IRS26704022,2026-01-18,2000,2,72.6196,1,İTHAL,44.1,İthalat dosyası,E,,3293.4059,30,2026,1,3
D00008,320.01.0004,IRS26704023,2026-04-09,2000,2000,433.293,1,YERLİ,45.85,Kısmi teslim,E,,18900.458,0,2026,4,15
D00007,320.01.0020,IRS26704024,2026-04-08,1000,1000,182.6842,1,YERLİ,45.85,Mal kabul,E,,3984.3882,90,2026,4,15
D00002,320.01.0020,IRS26704025,2026-02-09,1000,1000,193.0882,1,YERLİ,44.6833,Numune kabul,H,,4321.261,45,2026,2,7
H00006,320.01.0003,IRS26704026,2026-02-03,120,0.12,129.3159,1,YERLİ,44.6833,Kısmi teslim,H,,347.2865,90,2026,2,6
D00011,320.01.0003,IRS26704027,2026-02-10,500,500,110.5709,1,YERLİ,44.6833,Numune kabul,H,,1237.2732,0,2026,2,7
D00005,320.01.0003,IRS26704028,2026-04-18,2000,2000,399.8612,1,YERLİ,45.85,İthalat dosyası,E,Şartlı kabul,17442.1461,90,2026,4,16
D00004,320.01.0008,IRS26704029,2026-03-07,10000,10000,29.765,1,YERLİ,45.2667,Sevk irsaliyesi,E,,6575.4738,90,2026,3,10
D00002,320.01.0008,IRS26704030,2026-03-20,500,500,199.3208,1,YERLİ,45.2667,Sevk irsaliyesi,H,Şartlı kabul,2201.6272,0,2026,3,12
H00009,320.01.0008,IRS26704031,2026-03-09,5000,5,26.4855,1,YERLİ,45.2667,İthalat dosyası,H,Şartlı kabul,2925.4949,30,2026,3,11
H00010,320.01.0002,IRS26704032,2026-02-05,1000,1,33.5121,1,YERLİ,44.6833,Numune kabul,H,,749.9916,90,2026,2,6
D00004,320.01.0002,IRS26704033,2026-04-08,10000,10000,27.8304,1,YERLİ,45.85,Sevk irsaliyesi,E,,6069.88,45,2026,4,15
H00001,320.01.0002,IRS26704034,2026-02-28,2000,2,64.046,1,YERLİ,44.6833,Sevk irsaliyesi,H,Şartlı kabul,2866.6638,30,2026,2,9
H00015,320.01.0010,IRS26704035,2026-02-11,10000,10,32.3174,1,YERLİ,44.6833,Numune kabul,H,Şartlı kabul,7232.5455,60,2026,2,7
H00010,320.01.0010,IRS26704036,2026-03-18,1000,1,35.0126,1,YERLİ,45.2667,Sevk irsaliyesi,E,Kalite onaylı,773.4737,45,2026,3,12
H00015,320.01.0006,IRS26704037,2026-02-27,120,0.12,37.4266,1,YERLİ,44.6833,Kısmi teslim,E,Kalite onaylı,100.5116,45,2026,2,9
D00011,320.01.0042,IRS26704038,2026-03-01,10000,10000,91.4295,1,YERLİ,45.2667,Numune kabul,E,Kalite onaylı,20197.9601,30,2026,3,9
H00016,320.01.0042,IRS26704039,2026-02-11,10000,10000,58.0626,1,YERLİ,44.6833,Mal kabul,H,,12994.2506,90,2026,2,7
D00004,320.01.0042,IRS26704040,2026-04-20,1000,1000,34.381,1,YERLİ,45.85,Kısmi teslim,H,Şartlı kabul,749.8582,0,2026,4,17
D00008,320.01.0035,IRS26704041,2026-02-11,120,120,475.9642,1,YERLİ,44.6833,Mal kabul,E,Kalite onaylı,1278.2338,30,2026,2,7
H00016,320.01.0035,IRS26704042,2026-03-19,1000,1000,61.0696,1,YERLİ,45.2667,İthalat dosyası,E,Kalite onaylı,1349.1065,30,2026,3,12
H00014,320.01.0018,IRS26704043,2026-03-07,250,0.25,123.1424,1,İTHAL,45.2667,Sevk irsaliyesi,H,,680.0938,0,2026,3,10
H00003,320.01.0018,IRS26704044,2026-02-07,2000,2,44.6667,1,İTHAL,44.6833,İthalat dosyası,E,,1999.257,30,2026,2,6
H00002,320.01.0002,IRS26704045,2026-01-31,1000,1,141.0172,1,YERLİ,44.1,Numune kabul,E,,3197.6689,0,2026,1,5
D00008,320.01.0002,IRS26704046,2026-02-11,10000,10000,465.3484,1,YERLİ,44.6833,Kısmi teslim,H,Şartlı kabul,104143.6957,60,2026,2,7
D00003,320.01.0026,IRS26704047,2026-02-15,5000,5000,337.8263,1,YERLİ,44.6833,Numune kabul,E,,37802.2997,90,2026,2,7
D00002,320.01.0035,IRS26704048,2026-02-10,10000,10000,189.3468,1,YERLİ,44.6833,Sevk irsaliyesi,E,,42375.2946,0,2026,2,7
H00004,320.01.0022,IRS26704049,2026-03-18,2000,2,29.826,1,İTHAL,45.2667,İthalat dosyası,E,Kalite onaylı,1317.7899,30,2026,3,12
H00015,320.01.0022,IRS26704050,2026-01-21,120,0.12,39.4481,1,İTHAL,44.1,İthalat dosyası,H,,107.3418,0,2026,1,4
D00011,320.01.0048,IRS26704051,2026-03-09,500,500,102.729,1,YERLİ,45.2667,İthalat dosyası,E,Kalite onaylı,1134.7083,60,2026,3,11
H00016,320.01.0048,IRS26704052,2026-02-28,250,250,63.9174,1,YERLİ,44.6833,Numune kabul,H,,357.6135,0,2026,2,9
H00001,320.01.0048,IRS26704053,2026-02-16,120,0.12,76.9268,1,YERLİ,44.6833,Numune kabul,H,,206.5921,0,2026,2,8
D00010,320.01.0003,IRS26704054,2026-02-05,250,250,406.5788,1,YERLİ,44.6833,Numune kabul,H,,2274.7805,90,2026,2,6
D00010,320.01.0012,IRS26704055,2026-03-26,10000,10000,392.9177,1,YERLİ,45.2667,İthalat dosyası,H,,86800.6062,0,2026,3,13
H00009,320.01.0012,IRS26704056,2026-02-03,5000,5,27.8351,1,YERLİ,44.6833,İthalat dosyası,E,Kalite onaylı,3114.7095,60,2026,2,6
H00014,320.01.0003,IRS26704057,2026-02-09,500,0.5,130.9496,1,YERLİ,44.6833,Mal kabul,E,,1465.3081,90,2026,2,7
H00011,320.01.0003,IRS26704058,2026-03-18,1000,1,82.0215,1,YERLİ,45.2667,Sevk irsaliyesi,H,Kalite onaylı,1811.9611,30,2026,3,12
H00011,320.01.0050,IRS26704059,2026-03-01,500,0.5,76.8713,1,YERLİ,45.2667,Kısmi teslim,H,Kalite onaylı,849.0933,90,2026,3,9
D00009,320.01.0018,IRS26704060,2026-03-14,2000,2000,98.1168,1,İTHAL,45.2667,Mal kabul,E,Şartlı kabul,4335.0542,0,2026,3,11
D00003,320.01.0025,IRS26704061,2026-03-23,250,250,375.1145,1,YERLİ,45.2667,Kısmi teslim,H,Şartlı kabul,2071.6912,45,2026,3,13
D00004,320.01.0025,IRS26704062,2026-01-31,120,120,32.2833,1,YERLİ,44.1,Kısmi teslim,E,,87.8457,45,2026,1,5
H00003,320.01.0002,IRS26704063,2026-02-17,500,0.5,47.4303,1,YERLİ,44.6833,Numune kabul,E,Kalite onaylı,530.7386,45,2026,2,8
D00005,320.01.0017,IRS26704064,2026-02-11,5000,5000,329.165,1,YERLİ,44.6833,İthalat dosyası,E,Kalite onaylı,36833.1121,60,2026,2,7
H00016,320.01.0017,IRS26704065,2026-01-27,2000,2000,55.261,1,YERLİ,44.1,Kısmi teslim,E,Şartlı kabul,2506.1678,45,2026,1,5
H00014,320.01.0017,IRS26704066,2026-02-22,250,0.25,116.3175,1,YERLİ,44.6833,Mal kabul,H,Şartlı kabul,650.7884,30,2026,2,8
H00007,320.01.0010,IRS26704067,2026-02-04,10000,10,150.1755,1,YERLİ,44.6833,Sevk irsaliyesi,E,Şartlı kabul,33608.8651,45,2026,2,6
D00010,320.01.0010,IRS26704068,2026-02-17,2000,2000,460.8738,1,YERLİ,44.6833,Sevk irsaliyesi,H,,20628.4585,45,2026,2,8
H00009,320.01.0010,IRS26704069,2026-04-22,250,0.25,32.6714,1,YERLİ,45.85,Kısmi teslim,E,,178.1429,60,2026,4,17
D00005,320.01.0012,IRS26704070,2026-03-02,10000,10000,329.5223,1,YERLİ,45.2667,Kısmi teslim,E,,72795.7417,45,2026,3,10
H00008,320.01.0003,IRS26704071,2026-02-06,5000,5,28.542,1,YERLİ,44.6833,Mal kabul,E,,3193.8107,45,2026,2,6
H00016,320.01.0003,IRS26704072,2026-02-07,10000,10000,58.2937,1,YERLİ,44.6833,Mal kabul,E,Kalite onaylı,13045.9702,30,2026,2,6
D00012,320.01.0014,IRS26704073,2026-02-07,10000,10000,191.4954,1,YERLİ,44.6833,İthalat dosyası,H,,42856.1454,0,2026,2,6
D00008,320.01.0003,IRS26704074,2026-03-17,10000,10000,395.102,1,YERLİ,45.2667,İthalat dosyası,H,Şartlı kabul,87283.1463,60,2026,3,12
H00011,320.01.0003,IRS26704075,2026-03-01,1000,1,78.9349,1,YERLİ,45.2667,Numune kabul,E,,1743.7741,0,2026,3,9
H00008,320.01.0005,IRS26704076,2026-04-01,1000,1,25.5635,1,İTHAL,45.85,Kısmi teslim,H,Şartlı kabul,557.5463,90,2026,4,14
D00005,320.01.0009,IRS26704077,2026-03-31,500,500,332.787,1,İTHAL,45.2667,Mal kabul,E,,3675.8478,90,2026,3,14
H00013,320.01.0018,IRS26704078,2026-03-18,250,250,70.4804,1,İTHAL,45.2667,Sevk irsaliyesi,H,Şartlı kabul,389.2508,90,2026,3,12
H00007,320.01.0004,IRS26704079,2026-01-30,2000,2,150.3413,1,YERLİ,44.1,İthalat dosyası,E,Şartlı kabul,6818.1995,0,2026,1,5
D00002,320.01.0004,IRS26704080,2026-05-02,500,500,202.6666,1,YERLİ,46.4333,Sevk irsaliyesi,E,Kalite onaylı,2182.3411,45,2026,5,18
D00011,320.01.0009,IRS26704081,2026-02-14,2000,2000,91.4521,1,İTHAL,44.6833,Sevk irsaliyesi,H,Kalite onaylı,4093.3458,60,2026,2,7
H00016,320.01.0001,IRS26704082,2026-03-31,500,500,66.6896,1,YERLİ,45.2667,Kısmi teslim,H,Kalite onaylı,736.6298,60,2026,3,14
H00003,320.01.0002,IRS26704083,2026-05-07,250,0.25,45.8262,1,YERLİ,46.4333,Kısmi teslim,H,,246.7313,90,2026,5,19
H00016,320.01.0002,IRS26704084,2026-02-27,5000,5000,64.4703,1,YERLİ,44.6833,Mal kabul,H,Şartlı kabul,7214.1382,45,2026,2,9
D00003,320.01.0003,IRS26704085,2026-04-03,1000,1000,415.6391,1,YERLİ,45.85,Mal kabul,H,,9065.193,45,2026,4,14
H00001,320.01.0003,IRS26704086,2026-02-17,5000,5,72.0117,1,YERLİ,44.6833,Sevk irsaliyesi,E,Kalite onaylı,8058.0105,0,2026,2,8
D00004,320.01.0003,IRS26704087,2026-02-26,1000,1000,28.087,1,YERLİ,44.6833,İthalat dosyası,H,,628.5794,0,2026,2,9
D00007,320.01.0003,IRS26704088,2026-03-29,500,500,160.5371,1,YERLİ,45.2667,Numune kabul,E,Şartlı kabul,1773.2362,0,2026,3,13
H00002,320.01.0003,IRS26704089,2026-02-28,500,0.5,116.1534,1,YERLİ,44.6833,Numune kabul,H,,1299.7406,60,2026,2,9
H00016,320.01.0005,IRS26704090,2026-03-25,250,250,56.0676,1,İTHAL,45.2667,Sevk irsaliyesi,E,Kalite onaylı,309.6515,45,2026,3,13
H00008,320.01.0005,IRS26704091,2026-03-01,250,0.25,30.2283,1,İTHAL,45.2667,İthalat dosyası,H,,166.9456,60,2026,3,9
H00001,320.01.0005,IRS26704092,2026-03-07,250,0.25,68.9073,1,İTHAL,45.2667,Sevk irsaliyesi,E,Kalite onaylı,380.5629,60,2026,3,10
H00004,320.01.0012,IRS26704093,2026-05-10,500,0.5,32.7199,1,YERLİ,46.4333,Kısmi teslim,H,Şartlı kabul,352.3323,90,2026,5,19
D00009,320.01.0007,IRS26704094,2026-03-01,1000,1000,88.5619,1,İTHAL,45.2667,Mal kabul,E,Şartlı kabul,1956.447,30,2026,3,9
D00006,320.01.0007,IRS26704095,2026-02-27,120,120,226.2732,1,İTHAL,44.6833,Sevk irsaliyesi,H,,607.6719,60,2026,2,9
D00004,320.01.0004,IRS26704096,2026-04-07,250,250,28.0039,1,YERLİ,45.85,Numune kabul,H,Şartlı kabul,152.693,30,2026,4,15
H00010,320.01.0004,IRS26704097,2026-05-01,1000,1,38.6578,1,YERLİ,46.4333,Kısmi teslim,E,Şartlı kabul,832.5447,90,2026,5,18
D00012,320.01.0011,IRS26704098,2026-05-08,10000,10000,221.5321,1,YERLİ,46.4333,İthalat dosyası,E,Kalite onaylı,47709.7471,30,2026,5,19
H00008,320.01.0011,IRS26704099,2026-04-06,500,0.5,32.1441,1,YERLİ,45.85,Mal kabul,H,Kalite onaylı,350.5354,30,2026,4,15
D00007,320.01.0011,IRS26704100,2026-03-27,500,500,166.5112,1,YERLİ,45.2667,Mal kabul,E,Kalite onaylı,1839.224,30,2026,3,13
D00005,320.01.0030,IRS26704101,2026-02-17,10000,10000,412.262,1,YERLİ,44.6833,Numune kabul,H,Şartlı kabul,92263.105,30,2026,2,8
D00007,320.01.0030,IRS26704102,2026-04-26,5000,5000,190.2169,1,YERLİ,45.85,İthalat dosyası,E,,20743.3915,0,2026,4,17
D00003,320.01.0002,IRS26704103,2026-05-05,1000,1000,403.5606,1,YERLİ,46.4333,Numune kabul,E,Şartlı kabul,8691.1893,90,2026,5,19
H00007,320.01.0020,IRS26704104,2026-03-17,10000,10,133.9724,1,YERLİ,45.2667,Kısmi teslim,E,,29596.2374,90,2026,3,12
H00011,320.01.0001,IRS26704105,2026-03-14,10000,10,71.5688,1,YERLİ,45.2667,Numune kabul,H,Şartlı kabul,15810.4744,45,2026,3,11
H00003,320.01.0001,IRS26704106,2026-05-05,250,0.25,44.6714,1,YERLİ,46.4333,İthalat dosyası,H,Kalite onaylı,240.5138,30,2026,5,19
H00001,320.01.0001,IRS26704107,2026-05-01,120,0.12,69.7683,1,YERLİ,46.4333,Mal kabul,H,Şartlı kabul,180.3059,60,2026,5,18
D00008,320.01.0040,IRS26704108,2026-05-01,10000,10000,469.5305,1,YERLİ,46.4333,Mal kabul,H,Kalite onaylı,101119.3475,0,2026,5,18
H00012,320.01.0040,IRS26704109,2026-03-19,1000,1000,140.8982,1,YERLİ,45.2667,Kısmi teslim,E,Şartlı kabul,3112.6236,60,2026,3,12
D00008,320.01.0020,IRS26704110,2026-03-30,10000,10000,492.2618,1,YERLİ,45.2667,Kısmi teslim,E,Şartlı kabul,108747.0039,30,2026,3,14
D00010,320.01.0001,IRS26704111,2026-02-18,250,250,401.6224,1,YERLİ,44.6833,Kısmi teslim,H,Şartlı kabul,2247.0498,30,2026,2,8
H00014,320.01.0001,IRS26704112,2026-05-06,10000,10,110.8338,1,YERLİ,46.4333,Kısmi teslim,H,,23869.4644,45,2026,5,19
H00012,320.01.0001,IRS26704113,2026-02-24,250,250,138.406,1,YERLİ,44.6833,Sevk irsaliyesi,E,Kalite onaylı,774.3721,30,2026,2,9
D00011,320.01.0014,IRS26704115,2026-03-21,2000,2000,111.1992,1,YERLİ,45.2667,Numune kabul,H,Kalite onaylı,4913.0685,60,2026,3,12
D00007,320.01.0034,IRS26704116,2026-02-23,1000,1000,179.0191,1,İTHAL,44.6833,İthalat dosyası,H,Kalite onaylı,4006.3984,90,2026,2,9
D00003,320.01.0009,IRS26704117,2026-03-07,120,120,383.6239,1,İTHAL,45.2667,Kısmi teslim,H,Şartlı kabul,1016.9698,30,2026,3,10
H00003,320.01.0009,IRS26704118,2026-02-25,500,0.5,40.5781,1,İTHAL,44.6833,Kısmi teslim,H,Kalite onaylı,454.0634,45,2026,2,9
H00001,320.01.0050,IRS26704119,2026-02-15,2500,2.5,62.6972,1,YERLİ,44.6833,Numune kabul,H,,3507.8654,60,2026,2,7
D00007,320.01.0050,IRS26704120,2026-05-09,10000,10000,196.4355,1,YERLİ,46.4333,Numune kabul,E,,42304.876,60,2026,5,19
D00010,320.01.0050,IRS26704121,2026-05-13,120,120,443.2056,1,YERLİ,46.4333,İthalat dosyası,E,,1145.3994,45,2026,5,20
D00002,320.01.0003,IRS26704123,2026-03-11,250,250,186.0643,1,YERLİ,45.2667,İthalat dosyası,E,Kalite onaylı,1027.6003,90,2026,3,11
D00007,320.01.0016,IRS26704124,2026-03-04,500,500,171.8018,1,İTHAL,45.2667,İthalat dosyası,E,Şartlı kabul,1897.6621,30,2026,3,10
H00015,320.01.0016,IRS26704125,2026-03-06,120,0.12,37.2278,1,İTHAL,45.2667,Sevk irsaliyesi,E,Şartlı kabul,98.6892,60,2026,3,10
H00014,320.01.0023,IRS26704126,2026-04-04,5000,5,123.1908,1,YERLİ,45.85,Sevk irsaliyesi,E,Şartlı kabul,13434.1112,45,2026,4,14
H00009,320.01.0014,IRS26704127,2026-03-05,2000,2,30.0987,1,YERLİ,45.2667,Sevk irsaliyesi,H,,1329.8385,0,2026,3,10
H00002,320.01.0014,IRS26704128,2026-03-30,1000,1,139.095,1,YERLİ,45.2667,İthalat dosyası,E,,3072.7886,30,2026,3,14
H00014,320.01.0002,IRS26704129,2026-02-24,5000,5,119.6767,1,YERLİ,44.6833,Kısmi teslim,H,Şartlı kabul,13391.6586,45,2026,2,9
D00003,320.01.0002,IRS26704130,2026-05-19,10000,10000,380.2243,1,YERLİ,46.4333,Numune kabul,E,Kalite onaylı,81886.1248,90,2026,5,21
D00006,320.01.0013,IRS26704131,2026-05-07,250,250,271.8609,1,YERLİ,46.4333,Numune kabul,H,Şartlı kabul,1463.7173,45,2026,5,19
D00012,320.01.0013,IRS26704132,2026-03-11,500,500,201.6162,1,YERLİ,45.2667,Sevk irsaliyesi,H,Şartlı kabul,2226.9814,90,2026,3,11
D00008,320.01.0039,IRS26704133,2026-04-01,10000,10000,434.8675,1,YERLİ,45.85,Numune kabul,H,Şartlı kabul,94845.6925,60,2026,4,14
D00011,320.01.0039,IRS26704134,2026-03-20,1000,1000,100.878,1,YERLİ,45.2667,Sevk irsaliyesi,E,,2228.5256,60,2026,3,12
D00011,320.01.0030,IRS26704135,2026-02-23,2000,2000,98.2208,1,YERLİ,44.6833,İthalat dosyası,E,Şartlı kabul,4396.3091,90,2026,2,9
H00011,320.01.0030,IRS26704136,2026-03-10,500,0.5,66.2962,1,YERLİ,45.2667,Mal kabul,E,,732.2844,60,2026,3,11
H00003,320.01.0030,IRS26704137,2026-02-28,120,0.12,47.2344,1,YERLİ,44.6833,Numune kabul,E,Şartlı kabul,126.8512,90,2026,2,9
H00001,320.01.0013,IRS26704138,2026-02-27,250,0.25,71.0618,1,YERLİ,44.6833,Numune kabul,H,Kalite onaylı,397.5859,0,2026,2,9
H00014,320.01.0029,IRS26704139,2026-02-16,250,0.25,130.8411,1,İTHAL,44.6833,Numune kabul,E,,732.047,45,2026,2,8
H00001,320.01.0004,IRS26704140,2026-03-21,500,0.5,70.3199,1,YERLİ,45.2667,Sevk irsaliyesi,H,,776.7288,45,2026,3,12
D00007,320.01.0004,IRS26704141,2026-03-12,120,120,189.0162,1,YERLİ,45.2667,İthalat dosyası,H,Kalite onaylı,501.0735,90,2026,3,11
D00010,320.01.0004,IRS26704142,2026-02-25,120,120,448.0158,1,YERLİ,44.6833,Kısmi teslim,E,Kalite onaylı,1203.1765,60,2026,2,9
D00009,320.01.0033,IRS26704143,2026-03-20,2000,2000,88.8122,1,YERLİ,45.2667,Mal kabul,H,Şartlı kabul,3923.9529,45,2026,3,12
H00001,320.01.0003,IRS26704144,2026-03-10,120,0.12,76.0955,1,YERLİ,45.2667,İthalat dosyası,E,Şartlı kabul,201.7258,45,2026,3,11
D00012,320.01.0019,IRS26704145,2026-05-16,250,250,202.3588,1,YERLİ,46.4333,Numune kabul,H,,1089.5133,90,2026,5,20
H00004,320.01.0019,IRS26704146,2026-05-20,10000,10,33.3805,1,YERLİ,46.4333,Sevk irsaliyesi,E,Şartlı kabul,7188.914,45,2026,5,21
H00005,320.01.0026,IRS26704147,2026-03-08,5000,5,64.2404,1,YERLİ,45.2667,Kısmi teslim,H,Şartlı kabul,7095.768,30,2026,3,10
D00009,320.01.0026,IRS26704148,2026-05-23,250,250,94.5584,1,YERLİ,46.4333,İthalat dosyası,H,Kalite onaylı,509.1088,45,2026,5,21
H00010,320.01.0005,IRS26704149,2026-03-28,1000,1,37.2567,1,İTHAL,45.2667,İthalat dosyası,E,Şartlı kabul,823.0487,30,2026,3,13
D00010,320.01.0019,IRS26704150,2026-03-14,2000,2000,494.3698,1,YERLİ,45.2667,Numune kabul,H,,21842.5377,45,2026,3,11
D00004,320.01.0019,IRS26704151,2026-03-05,2000,2000,29.4778,1,YERLİ,45.2667,Mal kabul,H,Kalite onaylı,1302.4055,45,2026,3,10
D00003,320.01.0001,IRS26704152,2026-04-14,250,250,386.897,1,YERLİ,45.85,Mal kabul,E,Kalite onaylı,2109.5802,45,2026,4,16
D00006,320.01.0010,IRS26704154,2026-02-26,500,500,217.7947,1,YERLİ,44.6833,İthalat dosyası,E,Şartlı kabul,2437.0928,45,2026,2,9
D00005,320.01.0010,IRS26704155,2026-03-04,1000,1000,366.6402,1,YERLİ,45.2667,Kısmi teslim,H,,8099.5566,60,2026,3,10
D00010,320.01.0001,IRS26704156,2026-04-10,10000,10000,497.7173,1,YERLİ,45.85,Mal kabul,E,Kalite onaylı,108553.3915,90,2026,4,15
D00010,320.01.0028,IRS26704157,2026-04-17,250,250,473.012,1,YERLİ,45.85,Numune kabul,H,Kalite onaylı,2579.1276,60,2026,4,16
D00009,320.01.0028,IRS26704158,2026-03-11,2000,2000,98.8476,1,YERLİ,45.2667,İthalat dosyası,E,Şartlı kabul,4367.3429,60,2026,3,11
D00006,320.01.0001,IRS26704159,2026-03-08,250,250,262.2312,1,YERLİ,45.2667,Kısmi teslim,H,Şartlı kabul,1448.2567,0,2026,3,10
H00014,320.01.0005,IRS26704160,2026-05-19,500,0.5,124.9779,1,İTHAL,46.4333,Numune kabul,H,Şartlı kabul,1345.7788,90,2026,5,21
H00006,320.01.0005,IRS26704161,2026-03-21,1000,1,126.3904,1,İTHAL,45.2667,Sevk irsaliyesi,E,,2792.1275,0,2026,3,12
D00001,320.01.0005,IRS26704162,2026-03-07,500,500,391.9049,1,İTHAL,45.2667,Kısmi teslim,H,Kalite onaylı,4328.8433,0,2026,3,10
D00012,320.01.0017,IRS26704163,2026-05-28,5000,5000,202.2649,1,YERLİ,46.4333,Numune kabul,H,Kalite onaylı,21780.1556,90,2026,5,22
H00012,320.01.0017,IRS26704164,2026-03-22,2000,2000,121.1468,1,YERLİ,45.2667,Sevk irsaliyesi,H,,5352.5793,0,2026,3,12
D00003,320.01.0017,IRS26704165,2026-03-16,500,500,426.9788,1,YERLİ,45.2667,Mal kabul,H,,4716.2572,90,2026,3,12
D00009,320.01.0010,IRS26704166,2026-03-02,250,250,89.4661,1,YERLİ,45.2667,Kısmi teslim,H,,494.1055,60,2026,3,10
H00003,320.01.0010,IRS26704167,2026-03-24,500,0.5,40.8371,1,YERLİ,45.2667,Sevk irsaliyesi,H,Kalite onaylı,451.0722,0,2026,3,13
D00005,320.01.0042,IRS26704168,2026-03-03,2000,2000,374.7108,1,YERLİ,45.2667,İthalat dosyası,H,Şartlı kabul,16555.6933,90,2026,3,10
H00003,320.01.0002,IRS26704169,2026-03-12,2000,2,50.0496,1,YERLİ,45.2667,İthalat dosyası,E,Şartlı kabul,2211.3209,0,2026,3,11
H00004,320.01.0040,IRS26704170,2026-03-16,2000,2,28.2813,1,YERLİ,45.2667,Sevk irsaliyesi,E,,1249.5411,0,2026,3,12
D00012,320.01.0005,IRS26704173,2026-04-25,120,120,212.133,1,İTHAL,45.85,İthalat dosyası,E,Şartlı kabul,555.2009,90,2026,4,17
H00001,320.01.0012,IRS26704174,2026-04-27,1000,1,77.4342,1,YERLİ,45.85,İthalat dosyası,H,Kalite onaylı,1688.8593,60,2026,4,18
D00007,320.01.0012,IRS26704175,2026-03-03,5000,5000,183.5558,1,YERLİ,45.2667,Sevk irsaliyesi,E,Kalite onaylı,20274.9262,0,2026,3,10
D00004,320.01.0017,IRS26704176,2026-03-05,120,120,30.5561,1,YERLİ,45.2667,Numune kabul,H,,81.0029,45,2026,3,10
D00010,320.01.0017,IRS26704177,2026-03-21,120,120,402.1312,1,YERLİ,45.2667,Sevk irsaliyesi,E,Kalite onaylı,1066.0319,30,2026,3,12
D00001,320.01.0011,IRS26704178,2026-06-02,1000,1000,344.0726,1,YERLİ,47.0167,İthalat dosyası,E,Kalite onaylı,7318.0934,45,2026,6,23
D00002,320.01.0011,IRS26704179,2026-03-14,2000,2000,205.582,1,YERLİ,45.2667,Kısmi teslim,E,Kalite onaylı,9083.145,90,2026,3,11
H00007,320.01.0011,IRS26704180,2026-03-16,1000,1,150.6648,1,YERLİ,45.2667,Numune kabul,E,Şartlı kabul,3328.3805,45,2026,3,12
H00006,320.01.0028,IRS26704181,2026-03-10,1000,1,147.0464,1,YERLİ,45.2667,Kısmi teslim,H,,3248.4453,60,2026,3,11
D00011,320.01.0028,IRS26704182,2026-03-02,2000,2000,90.908,1,YERLİ,45.2667,Numune kabul,H,Şartlı kabul,4016.5508,90,2026,3,10
D00005,320.01.0002,IRS26704183,2026-05-24,1000,1000,351.0897,1,YERLİ,46.4333,İthalat dosyası,E,,7561.1619,90,2026,5,21
H00010,320.01.0009,IRS26704184,2026-03-28,120,0.12,37.6334,1,İTHAL,45.2667,Numune kabul,H,Kalite onaylı,99.7645,0,2026,3,13
D00009,320.01.0049,IRS26704185,2026-03-09,2000,2000,97.5212,1,YERLİ,45.2667,Mal kabul,H,Kalite onaylı,4308.7391,45,2026,3,11
D00003,320.01.0049,IRS26704186,2026-03-14,10000,10000,412.6334,1,YERLİ,45.2667,Mal kabul,E,,91156.0595,60,2026,3,11
D00006,320.01.0017,IRS26704187,2026-03-18,5000,5000,224.1686,1,YERLİ,45.2667,İthalat dosyası,H,Kalite onaylı,24760.8728,90,2026,3,12
H00005,320.01.0017,IRS26704188,2026-04-26,500,0.5,64.6157,1,YERLİ,45.85,Kısmi teslim,E,Şartlı kabul,704.6423,0,2026,4,17
H00005,320.01.0022,IRS26704190,2026-05-28,10000,10,62.4696,1,İTHAL,46.4333,İthalat dosyası,E,,13453.6206,0,2026,5,22
H00015,320.01.0022,IRS26704191,2026-04-04,250,0.25,31.594,1,İTHAL,45.85,Kısmi teslim,H,Şartlı kabul,172.2683,45,2026,4,14
D00007,320.01.0022,IRS26704192,2026-04-04,120,120,187.4916,1,İTHAL,45.85,İthalat dosyası,H,Şartlı kabul,490.7087,45,2026,4,14
D00005,320.01.0002,IRS26704193,2026-03-25,1000,1000,377.0562,1,YERLİ,45.2667,İthalat dosyası,E,,8329.6596,60,2026,3,13
H00009,320.01.0002,IRS26704195,2026-03-27,120,0.12,32.0967,1,YERLİ,45.2667,Mal kabul,H,Kalite onaylı,85.0869,60,2026,3,13
D00005,320.01.0002,IRS26704196,2026-03-17,2000,2000,365.9573,1,YERLİ,45.2667,İthalat dosyası,H,,16168.941,90,2026,3,12
D00011,320.01.0001,IRS26704197,2026-03-21,10000,10000,104.3626,1,YERLİ,45.2667,Mal kabul,H,,23055.0493,90,2026,3,12
H00005,320.01.0001,IRS26704198,2026-04-13,120,0.12,72.2479,1,YERLİ,45.85,İthalat dosyası,E,,189.0894,60,2026,4,16
D00012,320.01.0001,IRS26704199,2026-06-05,120,120,190.5555,1,YERLİ,47.0167,Mal kabul,H,Kalite onaylı,486.3519,90,2026,6,23
H00015,320.01.0046,IRS26704200,2026-03-24,120,0.12,31.626,1,YERLİ,45.2667,Kısmi teslim,E,Şartlı kabul,83.8391,60,2026,3,13
H00013,320.01.0013,IRS26704201,2026-06-05,10000,10000,69.2628,1,YERLİ,47.0167,Kısmi teslim,H,Kalite onaylı,14731.5316,0,2026,6,23
D00004,320.01.0013,IRS26704202,2026-04-22,10000,10000,32.876,1,YERLİ,45.85,Numune kabul,E,,7170.3381,60,2026,4,17
D00009,320.01.0010,IRS26704203,2026-03-30,5000,5000,98.6148,1,YERLİ,45.2667,Mal kabul,H,Kalite onaylı,10892.6429,45,2026,3,14
H00014,320.01.0010,IRS26704204,2026-06-03,1000,1,127.5886,1,YERLİ,47.0167,İthalat dosyası,E,Şartlı kabul,2713.6868,90,2026,6,23
H00011,320.01.0010,IRS26704205,2026-06-02,1000,1,81.133,1,YERLİ,47.0167,Mal kabul,E,,1725.6209,60,2026,6,23
H00015,320.01.0002,IRS26704206,2026-03-16,500,0.5,35.2829,1,YERLİ,45.2667,İthalat dosyası,E,,389.7225,45,2026,3,12
D00004,320.01.0002,IRS26704207,2026-04-21,250,250,31.9895,1,YERLİ,45.85,Sevk irsaliyesi,E,,174.4248,45,2026,4,17
D00009,320.01.0004,IRS26704209,2026-04-01,2000,2000,103.5052,1,YERLİ,45.85,Kısmi teslim,H,Şartlı kabul,4514.9487,90,2026,4,14
D00009,320.01.0004,IRS26704210,2026-03-22,5000,5000,101.8015,1,YERLİ,45.2667,Mal kabul,E,Kalite onaylı,11244.6346,0,2026,3,12
H00016,320.01.0041,IRS26704211,2026-03-14,500,500,67.6022,1,YERLİ,45.2667,İthalat dosyası,E,Şartlı kabul,746.7101,30,2026,3,11
H00013,320.01.0041,IRS26704212,2026-03-28,2000,2000,75.9226,1,YERLİ,45.2667,Kısmi teslim,E,Kalite onaylı,3354.457,30,2026,3,13
H00005,320.01.0008,IRS26704213,2026-04-29,120,0.12,64.9165,1,YERLİ,45.85,İthalat dosyası,H,,169.9014,60,2026,4,18
H00009,320.01.0008,IRS26704214,2026-04-11,2000,2,31.735,1,YERLİ,45.85,Mal kabul,E,,1384.2966,60,2026,4,15
D00002,320.01.0008,IRS26704215,2026-03-23,10000,10000,189.2083,1,YERLİ,45.2667,Mal kabul,E,Şartlı kabul,41798.5627,0,2026,3,13
D00004,320.01.0006,IRS26704216,2026-03-22,10000,10000,34.5138,1,YERLİ,45.2667,Kısmi teslim,E,Şartlı kabul,7624.5452,30,2026,3,12
H00002,320.01.0006,IRS26704217,2026-03-18,5000,5,128.6088,1,YERLİ,45.2667,Kısmi teslim,H,Kalite onaylı,14205.6744,60,2026,3,12
D00003,320.01.0001,IRS26704218,2026-04-02,10000,10000,424.2417,1,YERLİ,45.85,Numune kabul,E,,92528.1788,30,2026,4,14
H00011,320.01.0002,IRS26704219,2026-04-09,2000,2,76.0438,1,YERLİ,45.85,Sevk irsaliyesi,H,,3317.0687,60,2026,4,15
H00005,320.01.0002,IRS26704220,2026-03-27,120,0.12,73.9762,1,YERLİ,45.2667,İthalat dosyası,E,Kalite onaylı,196.1076,45,2026,3,13
D00009,320.01.0019,IRS26704221,2026-06-06,5000,5000,105.909,1,YERLİ,47.0167,Mal kabul,H,Şartlı kabul,11262.913,45,2026,6,23
D00005,320.01.0045,IRS26704222,2026-04-26,5000,5000,342.6375,1,YERLİ,45.85,İthalat dosyası,H,,37365.0491,30,2026,4,17
D00012,320.01.0045,IRS26704223,2026-03-20,2000,2000,209.3687,1,YERLİ,45.2667,Numune kabul,H,Kalite onaylı,9250.4512,45,2026,3,12
D00003,320.01.0004,IRS26704224,2026-04-19,120,120,357.6481,1,YERLİ,45.85,Mal kabul,H,,936.0474,60,2026,4,16
D00010,320.01.0004,IRS26704225,2026-04-02,500,500,444.5274,1,YERLİ,45.85,Kısmi teslim,H,Şartlı kabul,4847.627,90,2026,4,14
D00012,320.01.0004,IRS26704226,2026-05-03,250,250,222.6722,1,YERLİ,46.4333,Numune kabul,E,Kalite onaylı,1198.8821,0,2026,5,18
D00001,320.01.0014,IRS26704227,2026-04-30,120,120,419.5281,1,YERLİ,45.85,Sevk irsaliyesi,E,Kalite onaylı,1098.0016,90,2026,4,18
D00007,320.01.0023,IRS26704228,2026-04-07,5000,5000,163.1346,1,YERLİ,45.85,Sevk irsaliyesi,H,Şartlı kabul,17790.0327,90,2026,4,15
D00007,320.01.0023,IRS26704229,2026-06-04,10000,10000,187.3339,1,YERLİ,47.0167,Sevk irsaliyesi,E,Kalite onaylı,39844.1192,0,2026,6,23
H00001,320.01.0023,IRS26704230,2026-03-25,2000,2,64.4238,1,YERLİ,45.2667,Numune kabul,H,,2846.4103,90,2026,3,13
D00008,320.01.0001,IRS26704231,2026-05-18,60,60,500.3054,1,YERLİ,46.4333,Mal kabul,H,Kalite onaylı,646.4827,90,2026,5,21
H00002,320.01.0001,IRS26704232,2026-03-24,2000,2,138.5361,1,YERLİ,45.2667,Kısmi teslim,E,,6120.8836,0,2026,3,13
H00008,320.01.0001,IRS26704233,2026-03-31,250,0.25,29.5925,1,YERLİ,45.2667,Sevk irsaliyesi,H,,163.4342,60,2026,3,14
D00009,320.01.0001,IRS26704235,2026-03-25,10000,10000,93.5079,1,YERLİ,45.2667,Kısmi teslim,E,Şartlı kabul,20657.1056,0,2026,3,13
H00009,320.01.0022,IRS26704236,2026-04-05,10000,10,27.9983,1,İTHAL,45.85,İthalat dosyası,E,Kalite onaylı,6106.4995,90,2026,4,14
D00012,320.01.0002,IRS26704237,2026-03-23,250,250,227.7711,1,YERLİ,45.2667,Kısmi teslim,E,,1257.9396,45,2026,3,13
D00007,320.01.0002,IRS26704238,2026-05-17,500,500,163.1347,1,YERLİ,46.4333,Sevk irsaliyesi,E,,1756.6563,45,2026,5,20
H00001,320.01.0003,IRS26704239,2026-03-28,5000,5,71.2143,1,YERLİ,45.2667,Numune kabul,H,,7866.0804,45,2026,3,13
H00002,320.01.0003,IRS26704240,2026-03-25,1000,1,140.3768,1,YERLİ,45.2667,İthalat dosyası,E,Şartlı kabul,3101.1052,60,2026,3,13
H00006,320.01.0003,IRS26704241,2026-03-22,120,0.12,142.1905,1,YERLİ,45.2667,Mal kabul,E,,376.9407,30,2026,3,12
D00005,320.01.0002,IRS26704242,2026-03-22,5000,5000,426.5756,1,YERLİ,45.2667,Numune kabul,H,,47118.036,0,2026,3,12
H00016,320.01.0038,IRS26704243,2026-05-15,10000,10000,64.3725,1,YERLİ,46.4333,İthalat dosyası,E,Kalite onaylı,13863.4342,90,2026,5,20
H00006,320.01.0055,IRS26704244,2026-04-03,5000,5,131.9077,1,YERLİ,45.85,Sevk irsaliyesi,E,,14384.7001,0,2026,4,14
H00013,320.01.0055,IRS26704245,2026-05-03,120,120,70.0858,1,YERLİ,46.4333,Kısmi teslim,E,Şartlı kabul,181.1264,45,2026,5,18
D00010,320.01.0022,IRS26704246,2026-03-30,5000,5000,472.7904,1,İTHAL,45.2667,Sevk irsaliyesi,H,Şartlı kabul,52222.7598,30,2026,3,14
D00006,320.01.0022,IRS26704247,2026-04-10,120,120,224.0829,1,İTHAL,45.85,Mal kabul,H,Kalite onaylı,586.4765,90,2026,4,15
H00001,320.01.0046,IRS26704248,2026-05-14,250,0.25,79.0236,1,YERLİ,46.4333,Numune kabul,H,Şartlı kabul,425.4684,45,2026,5,20
D00006,320.01.0046,IRS26704249,2026-05-13,10000,10000,258.8955,1,YERLİ,46.4333,Numune kabul,H,Şartlı kabul,55756.4291,30,2026,5,20
D00005,320.01.0026,IRS26704252,2026-03-22,500,500,393.5809,1,YERLİ,45.2667,İthalat dosyası,E,Şartlı kabul,4347.3558,60,2026,3,12
H00010,320.01.0026,IRS26704253,2026-05-07,2500,2.5,31.6173,1,YERLİ,46.4333,Numune kabul,H,Şartlı kabul,1702.2966,90,2026,5,19
H00014,320.01.0026,IRS26704254,2026-05-10,120,0.12,132.6315,1,YERLİ,46.4333,Mal kabul,E,Kalite onaylı,342.7665,30,2026,5,19
H00005,320.01.0005,IRS26704255,2026-04-11,500,0.5,74.5162,1,İTHAL,45.85,İthalat dosyası,H,,812.6085,60,2026,4,15
D00005,320.01.0005,IRS26704256,2026-04-28,120,120,363.8309,1,İTHAL,45.85,İthalat dosyası,H,Kalite onaylı,952.2292,90,2026,4,18
H00015,320.01.0033,IRS26704257,2026-04-07,10000,10,39.818,1,YERLİ,45.85,Mal kabul,E,Şartlı kabul,8684.4057,0,2026,4,15
D00009,320.01.0033,IRS26704258,2026-04-06,250,250,89.4063,1,YERLİ,45.85,Kısmi teslim,E,Şartlı kabul,487.4935,90,2026,4,15
H00005,320.01.0040,IRS26704259,2026-06-20,10000,10,63.7408,1,YERLİ,47.0167,Mal kabul,H,,13557.0553,90,2026,6,25
H00005,320.01.0040,IRS26704260,2026-04-19,2000,2,64.783,1,YERLİ,45.85,Numune kabul,H,,2825.867,45,2026,4,16
D00006,320.01.0012,IRS26704261,2026-04-07,10000,10000,258.6614,1,YERLİ,45.85,İthalat dosyası,E,Şartlı kabul,56414.7001,0,2026,4,15
H00012,320.01.0007,IRS26704262,2026-04-18,2000,2000,153.3804,1,İTHAL,45.85,Numune kabul,E,,6690.53,30,2026,4,16
H00010,320.01.0009,IRS26704263,2026-05-28,120,0.12,32.0558,1,İTHAL,46.4333,Kısmi teslim,E,,82.8435,90,2026,5,22
D00008,320.01.0008,IRS26704264,2026-04-07,10000,10000,401.9517,1,YERLİ,45.85,Sevk irsaliyesi,E,,87666.6739,0,2026,4,15
H00002,320.01.0008,IRS26704265,2026-04-20,120,0.12,138.8543,1,YERLİ,45.85,Mal kabul,H,,363.4137,0,2026,4,17
H00008,320.01.0008,IRS26704266,2026-04-03,120,0.12,28.1423,1,YERLİ,45.85,Numune kabul,E,,73.6549,60,2026,4,14
H00007,320.01.0008,IRS26704267,2026-05-18,1000,1,135.6153,1,YERLİ,46.4333,İthalat dosyası,H,Kalite onaylı,2920.6475,45,2026,5,21
D00004,320.01.0019,IRS26704268,2026-04-27,500,500,34.2686,1,YERLİ,45.85,Mal kabul,E,Şartlı kabul,373.7034,30,2026,4,18
H00011,320.01.0019,IRS26704269,2026-06-23,120,0.12,72.2802,1,YERLİ,47.0167,Sevk irsaliyesi,E,,184.4796,45,2026,6,26
H00009,320.01.0014,IRS26704270,2026-06-26,500,0.5,28.1394,1,YERLİ,47.0167,Mal kabul,H,Kalite onaylı,299.249,90,2026,6,26
D00003,320.01.0014,IRS26704271,2026-06-16,60,60,376.1413,1,YERLİ,47.0167,Sevk irsaliyesi,H,,480.0098,30,2026,6,25
D00008,320.01.0045,IRS26704272,2026-06-27,10000,10000,472.3094,1,YERLİ,47.0167,Mal kabul,E,Şartlı kabul,100455.6679,90,2026,6,26
D00002,320.01.0025,IRS26704273,2026-04-13,250,250,207.7174,1,YERLİ,45.85,Mal kabul,H,Şartlı kabul,1132.5921,60,2026,4,16
H00004,320.01.0001,IRS26704274,2026-04-15,1000,1,32.3552,1,YERLİ,45.85,Kısmi teslim,H,Şartlı kabul,705.675,0,2026,4,16
H00006,320.01.0001,IRS26704275,2026-04-02,1000,1,140.4131,1,YERLİ,45.85,Numune kabul,H,,3062.4449,45,2026,4,14
H00011,320.01.0003,IRS26704276,2026-05-31,120,0.12,75.4138,1,YERLİ,46.4333,Kısmi teslim,H,Kalite onaylı,194.8958,45,2026,5,22
H00007,320.01.0003,IRS26704277,2026-05-05,120,0.12,151.1835,1,YERLİ,46.4333,Mal kabul,H,Kalite onaylı,390.7114,0,2026,5,19
H00012,320.01.0004,IRS26704278,2026-04-22,500,500,136.2175,1,YERLİ,45.85,Sevk irsaliyesi,E,Şartlı kabul,1485.4689,90,2026,4,17
D00003,320.01.0004,IRS26704279,2026-05-14,250,250,426.9249,1,YERLİ,46.4333,Sevk irsaliyesi,E,,2298.5923,45,2026,5,20
D00010,320.01.0004,IRS26704280,2026-05-08,2000,2000,501.9826,1,YERLİ,46.4333,Numune kabul,E,Şartlı kabul,21621.6638,60,2026,5,19
H00014,320.01.0003,IRS26704281,2026-06-21,250,0.25,107.5786,1,YERLİ,47.0167,Numune kabul,E,Kalite onaylı,572.0233,30,2026,6,25
H00012,320.01.0003,IRS26704282,2026-03-31,10000,10000,148.9266,1,YERLİ,45.2667,İthalat dosyası,H,,32899.8138,45,2026,3,14
H00004,320.01.0026,IRS26704283,2026-05-01,500,0.5,33.5612,1,YERLİ,46.4333,İthalat dosyası,H,,361.3915,0,2026,5,18
H00001,320.01.0026,IRS26704284,2026-04-26,2000,2,72.3724,1,YERLİ,45.85,Kısmi teslim,H,Kalite onaylı,3156.9204,45,2026,4,17
H00016,320.01.0007,IRS26704285,2026-05-13,5000,5000,63.9677,1,İTHAL,46.4333,Mal kabul,H,,6888.1277,30,2026,5,20
H00005,320.01.0007,IRS26704286,2026-04-18,250,0.25,62.8847,1,İTHAL,45.85,Mal kabul,H,Kalite onaylı,342.8828,45,2026,4,16
D00011,320.01.0007,IRS26704287,2026-06-27,120,120,109.7995,1,İTHAL,47.0167,Mal kabul,H,Şartlı kabul,280.2396,60,2026,6,26
D00012,320.01.0009,IRS26704288,2026-04-29,250,250,227.7762,1,İTHAL,45.85,Numune kabul,E,,1241.964,60,2026,4,18
D00006,320.01.0009,IRS26704289,2026-05-10,500,500,244.7015,1,İTHAL,46.4333,Numune kabul,E,Şartlı kabul,2634.9786,90,2026,5,19
H00012,320.01.0010,IRS26704291,2026-04-13,1000,1000,141.112,1,YERLİ,45.85,Kısmi teslim,E,Şartlı kabul,3077.6881,60,2026,4,16
D00009,320.01.0015,IRS26704292,2026-04-26,5000,5000,98.229,1,İTHAL,45.85,Numune kabul,E,Kalite onaylı,10711.9956,30,2026,4,17
D00012,320.01.0015,IRS26704293,2026-05-28,2000,2000,240.1476,1,İTHAL,46.4333,Numune kabul,E,Kalite onaylı,10343.7662,90,2026,5,22
D00008,320.01.0013,IRS26704294,2026-05-16,2000,2000,423.901,1,YERLİ,46.4333,İthalat dosyası,E,Şartlı kabul,18258.4912,0,2026,5,20
D00006,320.01.0004,IRS26704295,2026-04-08,250,250,274.5889,1,YERLİ,45.85,Mal kabul,H,,1497.2132,90,2026,4,15
H00011,320.01.0004,IRS26704296,2026-04-11,500,0.5,74.2574,1,YERLİ,45.85,Mal kabul,E,Kalite onaylı,809.7863,45,2026,4,15
H00007,320.01.0004,IRS26704297,2026-07-03,10000,10,145.321,1,YERLİ,47.6,Kısmi teslim,E,Şartlı kabul,30529.6218,90,2026,7,27
H00007,320.01.0007,IRS26704298,2026-04-08,10000,10,131.2874,1,İTHAL,45.85,Kısmi teslim,E,,28634.1112,30,2026,4,15
H00003,320.01.0007,IRS26704299,2026-07-05,2000,2,46.9783,1,İTHAL,47.6,Mal kabul,E,,1973.8782,45,2026,7,27
D00010,320.01.0007,IRS26704300,2026-04-12,500,500,456.0746,1,İTHAL,45.85,Mal kabul,H,Şartlı kabul,4973.5507,30,2026,4,15
H00007,320.01.0002,IRS26704301,2026-05-18,120,0.12,147.2841,1,YERLİ,46.4333,İthalat dosyası,E,Kalite onaylı,380.634,60,2026,5,21
H00006,320.01.0002,IRS26704302,2026-05-17,5000,5,145.2392,1,YERLİ,46.4333,İthalat dosyası,E,,15639.5518,90,2026,5,20
H00004,320.01.0028,IRS26704303,2026-05-31,5000,5,33.8669,1,YERLİ,46.4333,Numune kabul,E,,3646.8332,45,2026,5,22
D00004,320.01.0003,IRS26704304,2026-05-21,500,500,34.0944,1,YERLİ,46.4333,Sevk irsaliyesi,E,Kalite onaylı,367.1331,90,2026,5,21
D00009,320.01.0003,IRS26704305,2026-06-03,1000,1000,98.1643,1,YERLİ,47.0167,Sevk irsaliyesi,E,Kalite onaylı,2087.8603,0,2026,6,23
H00009,320.01.0005,IRS26704306,2026-07-02,500,0.5,30.9239,1,İTHAL,47.6,İthalat dosyası,H,,324.8309,30,2026,7,27
H00008,320.01.0005,IRS26704307,2026-04-16,10000,10,32.3029,1,İTHAL,45.85,Mal kabul,H,,7045.3435,0,2026,4,16
H00008,320.01.0003,IRS26704308,2026-04-17,10000,10,30.8301,1,YERLİ,45.85,İthalat dosyası,H,Kalite onaylı,6724.1221,45,2026,4,16
D00012,320.01.0003,IRS26704309,2026-04-24,10000,10000,229.3971,1,YERLİ,45.85,Kısmi teslim,H,,50032.0829,60,2026,4,17
D00001,320.01.0005,IRS26704310,2026-04-29,5000,5000,371.161,1,İTHAL,45.85,Kısmi teslim,E,Kalite onaylı,40475.5725,45,2026,4,18
D00012,320.01.0049,IRS26704311,2026-04-18,5000,5000,237.8431,1,YERLİ,45.85,Mal kabul,H,,25937.0883,90,2026,4,16
D00008,320.01.0049,IRS26704312,2026-05-08,5000,5000,405.8665,1,YERLİ,46.4333,İthalat dosyası,E,,43704.2489,90,2026,5,19
H00002,320.01.0036,IRS26704313,2026-06-05,1000,1,139.1006,1,İTHAL,47.0167,Sevk irsaliyesi,H,Kalite onaylı,2958.536,0,2026,6,23
D00009,320.01.0007,IRS26704314,2026-04-30,2000,2000,87.6504,1,İTHAL,45.85,Numune kabul,H,,3823.3544,90,2026,4,18
H00010,320.01.0003,IRS26704315,2026-05-14,500,0.5,38.6592,1,YERLİ,46.4333,Mal kabul,H,,416.2874,0,2026,5,20
D00007,320.01.0011,IRS26704316,2026-04-27,500,500,179.8508,1,YERLİ,45.85,Sevk irsaliyesi,H,,1961.2955,30,2026,4,18
D00011,320.01.0001,IRS26704317,2026-05-26,5000,5000,110.2389,1,YERLİ,46.4333,Mal kabul,E,Şartlı kabul,11870.6726,90,2026,5,22
H00004,320.01.0001,IRS26704318,2026-05-30,5000,5,30.0055,1,YERLİ,46.4333,Sevk irsaliyesi,E,Şartlı kabul,3231.0325,45,2026,5,22
D00011,320.01.0023,IRS26704319,2026-05-21,5000,5000,96.4496,1,YERLİ,46.4333,Kısmi teslim,E,,10385.8222,60,2026,5,21
D00001,320.01.0023,IRS26704320,2026-04-29,250,250,404.5867,1,YERLİ,45.85,Sevk irsaliyesi,H,Şartlı kabul,2206.0344,45,2026,4,18
H00011,320.01.0017,IRS26704321,2026-04-16,1000,1,66.3304,1,YERLİ,45.85,Sevk irsaliyesi,H,Kalite onaylı,1446.6827,0,2026,4,16
D00003,320.01.0017,IRS26704322,2026-05-13,5000,5000,422.8303,1,YERLİ,46.4333,İthalat dosyası,E,Şartlı kabul,45530.9336,45,2026,5,20
H00009,320.01.0017,IRS26704323,2026-04-29,500,0.5,33.4649,1,YERLİ,45.85,Sevk irsaliyesi,H,Kalite onaylı,364.9389,45,2026,4,18
D00003,320.01.0003,IRS26704325,2026-07-07,500,500,393.9524,1,YERLİ,47.6,İthalat dosyası,H,Şartlı kabul,4138.1555,90,2026,7,28
H00001,320.01.0025,IRS26704326,2026-04-20,120,0.12,76.93,1,YERLİ,45.85,Numune kabul,H,,201.3435,90,2026,4,17
H00006,320.01.0025,IRS26704327,2026-04-25,120,0.12,137.3471,1,YERLİ,45.85,İthalat dosyası,E,Şartlı kabul,359.469,90,2026,4,17
D00005,320.01.0034,IRS26704328,2026-05-06,250,250,420.6686,1,İTHAL,46.4333,Mal kabul,E,Kalite onaylı,2264.9079,45,2026,5,19
D00003,320.01.0034,IRS26704329,2026-05-09,250,250,354.3185,1,İTHAL,46.4333,İthalat dosyası,E,Şartlı kabul,1907.6746,0,2026,5,19
H00008,320.01.0034,IRS26704330,2026-04-23,5000,5,29.9436,1,İTHAL,45.85,Numune kabul,E,Şartlı kabul,3265.3871,30,2026,4,17
H00001,320.01.0025,IRS26704331,2026-06-29,500,0.5,63.3597,1,YERLİ,47.0167,Sevk irsaliyesi,H,Şartlı kabul,673.7999,30,2026,6,27
H00011,320.01.0009,IRS26704332,2026-06-08,120,0.12,67.0751,1,İTHAL,47.0167,İthalat dosyası,H,Kalite onaylı,171.1947,60,2026,6,24
D00010,320.01.0016,IRS26704334,2026-05-04,2000,2000,459.3859,1,İTHAL,46.4333,Mal kabul,E,,19786.9159,0,2026,5,19
H00012,320.01.0002,IRS26704335,2026-06-11,120,120,152.6677,1,YERLİ,47.0167,Mal kabul,H,Şartlı kabul,389.6514,60,2026,6,24
D00004,320.01.0002,IRS26704336,2026-05-15,2000,2000,33.9103,1,YERLİ,46.4333,Kısmi teslim,E,Şartlı kabul,1460.6026,45,2026,5,20
H00004,320.01.0004,IRS26704337,2026-05-25,250,0.25,28.9018,1,YERLİ,46.4333,Kısmi teslim,H,Şartlı kabul,155.6092,45,2026,5,22
H00002,320.01.0054,IRS26704338,2026-07-11,2000,2,123.0283,1,YERLİ,47.6,Numune kabul,H,Kalite onaylı,5169.2563,45,2026,7,28
D00003,320.01.0054,IRS26704339,2026-05-23,1000,1000,405.1263,1,YERLİ,46.4333,Kısmi teslim,H,Şartlı kabul,8724.9086,0,2026,5,21
H00003,320.01.0029,IRS26704340,2026-05-26,10000,10,45.3999,1,İTHAL,46.4333,Kısmi teslim,E,Kalite onaylı,9777.4442,0,2026,5,22
D00003,320.01.0029,IRS26704341,2026-04-12,2000,2000,400.4939,1,İTHAL,45.85,İthalat dosyası,E,,17469.7448,0,2026,4,15
H00008,320.01.0029,IRS26704342,2026-04-27,250,0.25,29.554,1,İTHAL,45.85,Sevk irsaliyesi,E,Şartlı kabul,161.145,60,2026,4,18
D00006,320.01.0045,IRS26704343,2026-05-19,500,500,248.7278,1,YERLİ,46.4333,Sevk irsaliyesi,H,,2678.3343,0,2026,5,21
H00006,320.01.0003,IRS26704344,2026-05-03,250,0.25,139.1149,1,YERLİ,46.4333,Mal kabul,E,,749.0039,45,2026,5,18
D00008,320.01.0003,IRS26704345,2026-04-22,250,250,445.4553,1,YERLİ,45.85,Numune kabul,E,Kalite onaylı,2428.873,0,2026,4,17
H00014,320.01.0017,IRS26704346,2026-06-09,5000,5,136.9063,1,YERLİ,47.0167,Numune kabul,E,Şartlı kabul,14559.3268,0,2026,6,24
H00010,320.01.0017,IRS26704347,2026-05-24,120,0.12,35.996,1,YERLİ,46.4333,Mal kabul,E,,93.0263,45,2026,5,21
H00006,320.01.0009,IRS26704348,2026-04-19,1000,1,155.1822,1,İTHAL,45.85,Sevk irsaliyesi,E,,3384.5627,30,2026,4,16
D00003,320.01.0009,IRS26704349,2026-07-05,250,250,348.8752,1,İTHAL,47.6,Kısmi teslim,H,Kalite onaylı,1832.3277,30,2026,7,27
H00007,320.01.0009,IRS26704350,2026-04-22,120,0.12,146.2903,1,İTHAL,45.85,Sevk irsaliyesi,H,,382.8754,45,2026,4,17
H00007,320.01.0024,IRS26704351,2026-05-08,120,0.12,136.1693,1,YERLİ,46.4333,Kısmi teslim,E,,351.9094,60,2026,5,19
H00004,320.01.0024,IRS26704352,2026-05-05,2000,2,29.7879,1,YERLİ,46.4333,Mal kabul,E,,1283.0404,60,2026,5,19
H00003,320.01.0004,IRS26704353,2026-04-15,250,0.25,50.3891,1,YERLİ,45.85,İthalat dosyası,E,,274.7497,30,2026,4,16
H00013,320.01.0053,IRS26704354,2026-04-16,2000,2000,77.6129,1,YERLİ,45.85,İthalat dosyası,E,,3385.5136,45,2026,4,16
H00005,320.01.0014,IRS26704355,2026-04-21,250,0.25,65.6889,1,YERLİ,45.85,İthalat dosyası,H,Şartlı kabul,358.1728,60,2026,4,17
D00004,320.01.0001,IRS26704356,2026-07-12,5000,5000,36.3627,1,YERLİ,47.6,Kısmi teslim,E,Şartlı kabul,3819.6113,90,2026,7,28
D00006,320.01.0001,IRS26704357,2026-06-13,250,250,228.8135,1,YERLİ,47.0167,İthalat dosyası,H,Kalite onaylı,1216.6608,60,2026,6,24
D00010,320.01.0034,IRS26704358,2026-04-19,2000,2000,431.2401,1,İTHAL,45.85,Numune kabul,E,Şartlı kabul,18810.9095,60,2026,4,16
H00011,320.01.0034,IRS26704359,2026-06-14,500,0.5,75.8394,1,İTHAL,47.0167,Sevk irsaliyesi,E,,806.5156,60,2026,6,24
D00008,320.01.0010,IRS26704360,2026-04-24,10000,10000,457.309,1,YERLİ,45.85,Mal kabul,H,Şartlı kabul,99740.2399,45,2026,4,17
H00015,320.01.0004,IRS26704361,2026-04-23,1000,1,37.1597,1,YERLİ,45.85,Sevk irsaliyesi,H,,810.4624,60,2026,4,17
H00016,320.01.0008,IRS26704362,2026-05-22,1000,1000,62.3422,1,YERLİ,46.4333,Sevk irsaliyesi,H,Kalite onaylı,1342.6183,30,2026,5,21
D00004,320.01.0002,IRS26704363,2026-04-28,1000,1000,35.1814,1,YERLİ,45.85,Kısmi teslim,H,Kalite onaylı,767.3152,0,2026,4,18
H00003,320.01.0018,IRS26704364,2026-05-08,500,0.5,47.3542,1,İTHAL,46.4333,Mal kabul,H,,509.9164,45,2026,5,19
H00004,320.01.0005,IRS26704365,2026-06-16,2000,2,32.4942,1,İTHAL,47.0167,Kısmi teslim,E,Kalite onaylı,1382.2408,0,2026,6,25
H00004,320.01.0013,IRS26704366,2026-05-30,5000,5,30.5991,1,YERLİ,46.4333,Mal kabul,E,Şartlı kabul,3294.9521,45,2026,5,22
D00009,320.01.0053,IRS26704367,2026-04-29,120,120,103.958,1,YERLİ,45.85,Kısmi teslim,H,Şartlı kabul,272.082,90,2026,4,18
H00015,320.01.0053,IRS26704368,2026-06-07,120,0.12,37.0503,1,YERLİ,47.0167,İthalat dosyası,H,Şartlı kabul,94.5629,30,2026,6,23
H00015,320.01.0007,IRS26704369,2026-05-31,1000,1,32.7984,1,İTHAL,46.4333,Numune kabul,E,Şartlı kabul,706.3551,0,2026,5,22
D00001,320.01.0003,IRS26704370,2026-05-08,1000,1000,408.6407,1,YERLİ,46.4333,Kısmi teslim,H,Şartlı kabul,8800.5957,90,2026,5,19
H00006,320.01.0003,IRS26704371,2026-07-13,1000,1,142.5441,1,YERLİ,47.6,Kısmi teslim,E,Şartlı kabul,2994.6239,60,2026,7,29
H00009,320.01.0003,IRS26704372,2026-04-28,1000,1,27.9383,1,YERLİ,45.85,Mal kabul,E,Kalite onaylı,609.3413,45,2026,4,18
H00010,320.01.0028,IRS26704373,2026-06-17,1000,1,34.8731,1,YERLİ,47.0167,Kısmi teslim,H,Şartlı kabul,741.7173,0,2026,6,25
D00004,320.01.0028,IRS26704374,2026-07-16,250,250,29.233,1,YERLİ,47.6,Sevk irsaliyesi,E,,153.5347,90,2026,7,29
H00003,320.01.0003,IRS26704375,2026-05-14,120,0.12,51.3267,1,YERLİ,46.4333,Sevk irsaliyesi,H,,132.6463,30,2026,5,20
H00011,320.01.0002,IRS26704377,2026-05-27,1000,1,84.7847,1,YERLİ,46.4333,Kısmi teslim,E,,1825.946,0,2026,5,22
H00012,320.01.0002,IRS26704378,2026-06-08,250,250,135.6601,1,YERLİ,47.0167,Kısmi teslim,H,Şartlı kabul,721.34,30,2026,6,24
D00006,320.01.0025,IRS26704379,2026-05-13,1000,1000,253.4052,1,YERLİ,46.4333,Kısmi teslim,E,Şartlı kabul,5457.4023,30,2026,5,20
H00012,320.01.0013,IRS26704380,2026-06-13,5000,5000,155.5097,1,YERLİ,47.0167,Sevk irsaliyesi,H,,16537.7089,45,2026,6,24
D00010,320.01.0013,IRS26704381,2026-07-25,5000,5000,423.926,1,YERLİ,47.6,Kısmi teslim,E,,44530.042,90,2026,7,30
H00005,320.01.0013,IRS26704382,2026-05-24,250,0.25,69.2834,1,YERLİ,46.4333,Kısmi teslim,E,,373.0265,45,2026,5,21
H00013,320.01.0014,IRS26704383,2026-05-08,500,500,80.2313,1,YERLİ,46.4333,Kısmi teslim,E,Kalite onaylı,863.9414,0,2026,5,19
D00001,320.01.0014,IRS26704384,2026-06-11,10000,10000,434.1914,1,YERLİ,47.0167,Sevk irsaliyesi,E,Şartlı kabul,92348.3358,90,2026,6,24
D00002,320.01.0014,IRS26704385,2026-06-19,60,60,199.4785,1,YERLİ,47.0167,Kısmi teslim,H,,254.563,30,2026,6,25
H00006,320.01.0007,IRS26704386,2026-05-28,1000,1,147.4298,1,İTHAL,46.4333,Kısmi teslim,H,Şartlı kabul,3175.0877,0,2026,5,22
D00008,320.01.0003,IRS26704387,2026-05-25,10000,10000,467.2196,1,YERLİ,46.4333,Sevk irsaliyesi,E,Kalite onaylı,100621.6659,60,2026,5,22
H00002,320.01.0003,IRS26704388,2026-05-12,120,0.12,126.4989,1,YERLİ,46.4333,Kısmi teslim,E,Kalite onaylı,326.9177,45,2026,5,20
H00002,320.01.0051,IRS26704389,2026-06-11,500,0.5,131.7543,1,YERLİ,47.0167,Kısmi teslim,H,,1401.1436,0,2026,6,24
D00002,320.01.0051,IRS26704390,2026-06-05,2000,2000,219.8605,1,YERLİ,47.0167,Kısmi teslim,H,,9352.4429,0,2026,6,23
H00011,320.01.0021,IRS26704391,2026-06-27,250,0.25,71.2109,1,İTHAL,47.0167,Kısmi teslim,E,Kalite onaylı,378.6468,60,2026,6,26
D00004,320.01.0021,IRS26704392,2026-06-22,1000,1000,29.3165,1,İTHAL,47.0167,Numune kabul,E,Şartlı kabul,623.5338,0,2026,6,26
H00010,320.01.0006,IRS26704393,2026-06-11,120,0.12,32.8778,1,YERLİ,47.0167,Kısmi teslim,H,Kalite onaylı,83.9135,60,2026,6,24
D00011,320.01.0013,IRS26704394,2026-06-13,10000,10000,95.1613,1,YERLİ,47.0167,İthalat dosyası,H,Kalite onaylı,20239.8935,45,2026,6,24
H00008,320.01.0013,IRS26704395,2026-06-22,120,0.12,28.905,1,YERLİ,47.0167,Mal kabul,E,,73.7738,30,2026,6,26
H00010,320.01.0025,IRS26704396,2026-06-02,2000,2,31.6691,1,YERLİ,47.0167,İthalat dosyası,E,Şartlı kabul,1347.1426,60,2026,6,23
D00011,320.01.0003,IRS26704397,2026-05-28,2000,2000,101.5312,1,YERLİ,46.4333,Numune kabul,E,Şartlı kabul,4373.2063,0,2026,5,22
H00002,320.01.0022,IRS26704398,2026-07-30,125,0.125,149.1437,1,İTHAL,47.6,Numune kabul,E,Kalite onaylı,391.6589,90,2026,7,31
H00008,320.01.0022,IRS26704399,2026-05-18,500,0.5,30.1425,1,İTHAL,46.4333,Kısmi teslim,E,,324.5785,30,2026,5,21
D00007,320.01.0022,IRS26704400,2026-05-13,500,500,188.9027,1,İTHAL,46.4333,Numune kabul,H,Şartlı kabul,2034.1296,60,2026,5,20
H00001,320.01.0034,IRS26704402,2026-05-21,5000,5,72.8163,1,İTHAL,46.4333,Numune kabul,E,Şartlı kabul,7840.9568,0,2026,5,21
D00007,320.01.0014,IRS26704404,2026-05-11,500,500,185.7161,1,YERLİ,46.4333,Kısmi teslim,E,Şartlı kabul,1999.8159,30,2026,5,20
H00016,320.01.0034,IRS26704405,2026-05-03,5000,5000,65.7998,1,İTHAL,46.4333,İthalat dosyası,E,Şartlı kabul,7085.4107,45,2026,5,18
D00012,320.01.0002,IRS26704406,2026-05-04,120,120,197.4878,1,YERLİ,46.4333,İthalat dosyası,H,Şartlı kabul,510.378,60,2026,5,19
H00014,320.01.0002,IRS26704407,2026-07-26,500,0.5,121.8623,1,YERLİ,47.6,Mal kabul,E,Kalite onaylı,1280.0662,0,2026,7,30
D00012,320.01.0009,IRS26704408,2026-06-05,5000,5000,202.4665,1,İTHAL,47.0167,Mal kabul,E,Şartlı kabul,21531.3389,90,2026,6,23
D00004,320.01.0004,IRS26704409,2026-06-29,1000,1000,35.8629,1,YERLİ,47.0167,İthalat dosyası,E,Şartlı kabul,762.7694,60,2026,6,27
D00010,320.01.0004,IRS26704410,2026-06-29,10000,10000,441.0246,1,YERLİ,47.0167,Kısmi teslim,E,Şartlı kabul,93801.6917,0,2026,6,27
D00001,320.01.0004,IRS26704411,2026-06-29,250,250,424.1848,1,YERLİ,47.0167,Numune kabul,E,,2255.5007,90,2026,6,27
D00002,320.01.0012,IRS26704412,2026-07-30,250,250,204.6264,1,YERLİ,47.6,İthalat dosyası,E,Şartlı kabul,1074.7185,45,2026,7,31
D00008,320.01.0011,IRS26704413,2026-06-05,5000,5000,422.7345,1,YERLİ,47.0167,Kısmi teslim,H,Şartlı kabul,44955.7817,0,2026,6,23
H00011,320.01.0011,IRS26704414,2026-05-16,250,0.25,75.7152,1,YERLİ,46.4333,Kısmi teslim,H,,407.6557,90,2026,5,20
H00016,320.01.0053,IRS26704415,2026-05-12,2000,2000,65.1741,1,YERLİ,46.4333,Numune kabul,E,Kalite onaylı,2807.2138,0,2026,5,20
H00012,320.01.0053,IRS26704416,2026-05-28,250,250,134.7096,1,YERLİ,46.4333,Kısmi teslim,E,Kalite onaylı,725.2855,0,2026,5,22
H00004,320.01.0053,IRS26704417,2026-05-22,10000,10,33.3426,1,YERLİ,46.4333,Mal kabul,H,Şartlı kabul,7180.7517,0,2026,5,21
D00010,320.01.0033,IRS26704418,2026-06-23,2000,2000,469.5191,1,YERLİ,47.0167,Kısmi teslim,H,Şartlı kabul,19972.4396,0,2026,6,26
H00012,320.01.0033,IRS26704419,2026-05-27,500,500,152.4136,1,YERLİ,46.4333,İthalat dosyası,E,Kalite onaylı,1641.2101,45,2026,5,22
D00006,320.01.0002,IRS26704420,2026-05-14,500,500,279.9511,1,YERLİ,46.4333,Sevk irsaliyesi,H,Kalite onaylı,3014.551,45,2026,5,20
H00007,320.01.0002,IRS26704421,2026-07-03,1000,1,144.5129,1,YERLİ,47.6,Sevk irsaliyesi,E,Şartlı kabul,3035.9853,0,2026,7,27
H00009,320.01.0002,IRS26704422,2026-05-19,1000,1,30.8031,1,YERLİ,46.4333,Sevk irsaliyesi,E,Şartlı kabul,663.3838,90,2026,5,21
H00001,320.01.0007,IRS26704423,2026-07-30,250,0.25,66.6714,1,İTHAL,47.6,Kısmi teslim,E,Şartlı kabul,350.1649,90,2026,7,31
H00003,320.01.0007,IRS26704424,2026-06-09,500,0.5,46.6686,1,İTHAL,47.0167,Sevk irsaliyesi,H,Kalite onaylı,496.2981,45,2026,6,24
H00010,320.01.0007,IRS26704425,2026-07-30,120,0.12,36.0505,1,İTHAL,47.6,İthalat dosyası,E,,90.8836,45,2026,7,31
D00005,320.01.0010,IRS26704426,2026-07-23,120,120,381.2628,1,YERLİ,47.6,Kısmi teslim,E,Kalite onaylı,961.1667,60,2026,7,30
D00001,320.01.0006,IRS26704427,2026-05-16,120,120,376.6006,1,YERLİ,46.4333,Mal kabul,E,Şartlı kabul,973.2686,90,2026,5,20
H00015,320.01.0036,IRS26704428,2026-05-12,1000,1,36.3901,1,İTHAL,46.4333,İthalat dosyası,E,Kalite onaylı,783.707,45,2026,5,20
D00008,320.01.0034,IRS26704429,2026-06-04,120,120,468.9452,1,İTHAL,47.0167,İthalat dosyası,H,Kalite onaylı,1196.8816,90,2026,6,23
H00012,320.01.0034,IRS26704430,2026-05-11,500,500,126.9456,1,İTHAL,46.4333,Mal kabul,E,Şartlı kabul,1366.9672,60,2026,5,20
D00012,320.01.0034,IRS26704431,2026-05-24,120,120,202.9226,1,İTHAL,46.4333,Numune kabul,H,,524.4235,60,2026,5,21
H00009,320.01.0015,IRS26704432,2026-05-12,1000,1,30.8728,1,İTHAL,46.4333,Numune kabul,H,Şartlı kabul,664.8849,45,2026,5,20
H00009,320.01.0033,IRS26704433,2026-07-08,1000,1,28.0699,1,YERLİ,47.6,İthalat dosyası,E,,589.7038,45,2026,7,28
H00009,320.01.0012,IRS26704434,2026-06-03,500,0.5,34.0442,1,YERLİ,47.0167,Sevk irsaliyesi,H,Kalite onaylı,362.0437,60,2026,6,23
H00014,320.01.0010,IRS26704435,2026-06-21,1000,1,122.5402,1,YERLİ,47.0167,Mal kabul,E,,2606.3122,0,2026,6,25
D00011,320.01.0013,IRS26704436,2026-07-30,10000,10000,111.0356,1,YERLİ,47.6,Kısmi teslim,E,Şartlı kabul,23326.8067,45,2026,7,31
H00016,320.01.0013,IRS26704437,2026-05-26,10000,10000,68.33,1,YERLİ,46.4333,Sevk irsaliyesi,E,Kalite onaylı,14715.732,45,2026,5,22
D00001,320.01.0002,IRS26704438,2026-05-18,5000,5000,442.3861,1,YERLİ,46.4333,Sevk irsaliyesi,E,Kalite onaylı,47636.7284,0,2026,5,21
H00005,320.01.0002,IRS26704439,2026-06-11,1000,1,69.1935,1,YERLİ,47.0167,Kısmi teslim,H,Kalite onaylı,1471.6792,0,2026,6,24
D00012,320.01.0002,IRS26704440,2026-05-22,5000,5000,198.746,1,YERLİ,46.4333,Sevk irsaliyesi,E,,21401.2358,45,2026,5,21
D00003,320.01.0039,IRS26704441,2026-06-16,250,250,438.3542,1,YERLİ,47.0167,Sevk irsaliyesi,H,Şartlı kabul,2330.8431,0,2026,6,25
D00006,320.01.0014,IRS26704442,2026-05-19,120,120,257.4269,1,YERLİ,46.4333,Kısmi teslim,E,Şartlı kabul,665.2818,30,2026,5,21
H00005,320.01.0014,IRS26704443,2026-05-11,5000,5,78.6203,1,YERLİ,46.4333,Mal kabul,E,Şartlı kabul,8465.9393,45,2026,5,20
H00013,320.01.0014,IRS26704444,2026-05-23,120,120,87.2035,1,YERLİ,46.4333,Mal kabul,E,Kalite onaylı,225.3646,45,2026,5,21
H00013,320.01.0001,IRS26704445,2026-06-09,5000,5000,71.8765,1,YERLİ,47.0167,Numune kabul,E,Şartlı kabul,7643.7202,45,2026,6,24
H00011,320.01.0001,IRS26704446,2026-07-01,500,0.5,75.8422,1,YERLİ,47.6,Kısmi teslim,H,Kalite onaylı,796.6618,45,2026,7,27
D00003,320.01.0043,IRS26704447,2026-07-30,5000,5000,355.9432,1,YERLİ,47.6,Mal kabul,E,,37388.9916,0,2026,7,31
D00003,320.01.0043,IRS26704448,2026-07-14,1000,1000,415.812,1,YERLİ,47.6,Kısmi teslim,H,Şartlı kabul,8735.5462,45,2026,7,29
D00001,320.01.0006,IRS26704449,2026-07-30,125,125,418.1852,1,YERLİ,47.6,İthalat dosyası,H,Kalite onaylı,1098.1754,60,2026,7,31
H00005,320.01.0025,IRS26704450,2026-05-20,500,0.5,77.8505,1,YERLİ,46.4333,İthalat dosyası,E,Şartlı kabul,838.3046,45,2026,5,21
D00005,320.01.0053,IRS26704451,2026-06-07,120,120,396.4593,1,YERLİ,47.0167,Sevk irsaliyesi,H,Kalite onaylı,1011.877,60,2026,6,23
D00012,320.01.0053,IRS26704452,2026-06-18,1000,1000,205.8184,1,YERLİ,47.0167,Sevk irsaliyesi,H,Kalite onaylı,4377.5595,0,2026,6,25
D00008,320.01.0015,IRS26704453,2026-06-16,1000,1000,442.4739,1,İTHAL,47.0167,Kısmi teslim,E,Kalite onaylı,9410.9944,45,2026,6,25
H00005,320.01.0015,IRS26704454,2026-07-30,120,0.12,75.7507,1,İTHAL,47.6,Kısmi teslim,E,Kalite onaylı,190.9682,30,2026,7,31
H00002,320.01.0015,IRS26704455,2026-07-30,5000,5,130.205,1,İTHAL,47.6,Sevk irsaliyesi,E,Kalite onaylı,13676.9958,30,2026,7,31
H00015,320.01.0041,IRS26704456,2026-06-12,5000,5,35.9288,1,YERLİ,47.0167,İthalat dosyası,H,,3820.8551,30,2026,6,24
H00001,320.01.0041,IRS26704457,2026-05-23,250,0.25,77.7636,1,YERLİ,46.4333,Numune kabul,E,Kalite onaylı,418.6844,45,2026,5,21
H00010,320.01.0041,IRS26704458,2026-05-26,120,0.12,35.5331,1,YERLİ,46.4333,İthalat dosyası,E,Kalite onaylı,91.83,60,2026,5,22
H00014,320.01.0013,IRS26704459,2026-06-29,2000,2,126.712,1,YERLİ,47.0167,Mal kabul,H,Kalite onaylı,5390.0848,90,2026,6,27
D00012,320.01.0013,IRS26704460,2026-07-10,500,500,230.7911,1,YERLİ,47.6,Numune kabul,E,,2424.2763,90,2026,7,28
H00008,320.01.0009,IRS26704461,2026-07-30,5000,5,27.9788,1,İTHAL,47.6,Kısmi teslim,H,Şartlı kabul,2938.9496,45,2026,7,31
D00008,320.01.0006,IRS26704462,2026-07-30,125,125,426.0304,1,YERLİ,47.6,İthalat dosyası,H,Şartlı kabul,1118.7773,60,2026,7,31
D00002,320.01.0006,IRS26704463,2026-05-19,250,250,225.8061,1,YERLİ,46.4333,İthalat dosyası,H,,1215.7552,0,2026,5,21
D00011,320.01.0006,IRS26704465,2026-06-21,250,250,113.3687,1,YERLİ,47.0167,Sevk irsaliyesi,E,,602.8108,0,2026,6,25
D00010,320.01.0018,IRS26704466,2026-05-28,250,250,479.7667,1,İTHAL,46.4333,Numune kabul,H,Kalite onaylı,2583.0961,60,2026,5,22
D00012,320.01.0001,IRS26704467,2026-06-20,2000,2000,215.382,1,YERLİ,47.0167,Sevk irsaliyesi,H,Kalite onaylı,9161.9361,90,2026,6,25
D00004,320.01.0001,IRS26704468,2026-07-03,2000,2000,31.9435,1,YERLİ,47.6,Sevk irsaliyesi,E,Kalite onaylı,1342.1639,0,2026,7,27
D00010,320.01.0011,IRS26704469,2026-07-01,5000,5000,459.8639,1,YERLİ,47.6,Sevk irsaliyesi,E,Kalite onaylı,48305.0315,45,2026,7,27
D00005,320.01.0011,IRS26704470,2026-06-09,1000,1000,428.5257,1,YERLİ,47.0167,Numune kabul,H,Kalite onaylı,9114.3296,90,2026,6,24
H00009,320.01.0015,IRS26704471,2026-06-04,1000,1,30.0339,1,İTHAL,47.0167,Kısmi teslim,H,Şartlı kabul,638.7922,0,2026,6,23
D00006,320.01.0026,IRS26704473,2026-06-01,2000,2000,240.043,1,YERLİ,47.0167,Kısmi teslim,H,,10210.9676,60,2026,6,23
H00002,320.01.0008,IRS26704474,2026-06-06,1000,1,150.1147,1,YERLİ,47.0167,Sevk irsaliyesi,E,Kalite onaylı,3192.7953,60,2026,6,23
D00008,320.01.0008,IRS26704475,2026-06-27,2000,2000,424.5089,1,YERLİ,47.0167,Mal kabul,H,Kalite onaylı,18057.7922,30,2026,6,26
H00002,320.01.0055,IRS26704476,2026-05-28,5000,5,136.6822,1,YERLİ,46.4333,İthalat dosyası,E,Şartlı kabul,14718.1226,60,2026,5,22
D00010,320.01.0055,IRS26704477,2026-07-15,5000,5000,515.8832,1,YERLİ,47.6,Sevk irsaliyesi,E,Kalite onaylı,54189.4118,30,2026,7,29
H00015,320.01.0042,IRS26704478,2026-05-31,120,0.12,35.4257,1,YERLİ,46.4333,Kısmi teslim,E,Kalite onaylı,91.5525,45,2026,5,22
D00006,320.01.0042,IRS26704479,2026-06-01,5000,5000,228.2081,1,YERLİ,47.0167,Kısmi teslim,E,,24268.8343,0,2026,6,23
H00016,320.01.0028,IRS26704480,2026-05-20,5000,5000,66.7356,1,YERLİ,46.4333,Mal kabul,E,,7186.1789,0,2026,5,21
H00012,320.01.0002,IRS26704482,2026-07-30,2000,2000,124.5822,1,YERLİ,47.6,Kısmi teslim,E,,5234.5462,0,2026,7,31
H00002,320.01.0005,IRS26704483,2026-05-25,5000,5,123.0758,1,İTHAL,46.4333,Sevk irsaliyesi,H,,13252.9672,90,2026,5,22
D00003,320.01.0005,IRS26704484,2026-05-27,1000,1000,378.0657,1,İTHAL,46.4333,Sevk irsaliyesi,H,Şartlı kabul,8142.1243,0,2026,5,22
H00008,320.01.0005,IRS26704485,2026-07-30,500,0.5,26.6893,1,İTHAL,47.6,İthalat dosyası,E,Kalite onaylı,280.3498,90,2026,7,31
D00007,320.01.0040,IRS26704486,2026-07-30,5000,5000,190.146,1,YERLİ,47.6,İthalat dosyası,E,Kalite onaylı,19973.3193,60,2026,7,31
H00015,320.01.0004,IRS26704487,2026-07-02,1000,1,33.7127,1,YERLİ,47.6,Numune kabul,E,Kalite onaylı,708.25,60,2026,7,27
H00011,320.01.0001,IRS26704488,2026-05-24,2000,2,74.6341,1,YERLİ,46.4333,Mal kabul,E,Şartlı kabul,3214.68,45,2026,5,21
D00002,320.01.0002,IRS26704489,2026-06-24,500,500,210.2107,1,YERLİ,47.0167,Mal kabul,E,Şartlı kabul,2235.4897,0,2026,6,26
H00001,320.01.0002,IRS26704490,2026-05-26,500,0.5,75.3826,1,YERLİ,46.4333,Mal kabul,H,,811.7299,0,2026,5,22
D00007,320.01.0047,IRS26704491,2026-05-22,250,250,169.7479,1,YERLİ,46.4333,Kısmi teslim,H,,913.9341,60,2026,5,21
D00004,320.01.0002,IRS26704492,2026-05-27,1000,1000,36.6425,1,YERLİ,46.4333,Sevk irsaliyesi,E,,789.1427,90,2026,5,22
D00005,320.01.0004,IRS26704493,2026-06-24,5000,5000,436.1634,1,YERLİ,47.0167,Sevk irsaliyesi,H,Kalite onaylı,46383.8806,45,2026,6,26
H00001,320.01.0003,IRS26704494,2026-06-16,250,0.25,70.8075,1,YERLİ,47.0167,Mal kabul,E,,376.5019,45,2026,6,25
D00012,320.01.0003,IRS26704495,2026-06-02,500,500,206.3411,1,YERLİ,47.0167,Kısmi teslim,E,Şartlı kabul,2194.3384,0,2026,6,23
H00013,320.01.0003,IRS26704496,2026-07-08,500,500,74.9765,1,YERLİ,47.6,Mal kabul,H,Şartlı kabul,787.5683,0,2026,7,28
H00008,320.01.0010,IRS26704498,2026-06-30,1000,1,28.9644,1,YERLİ,47.0167,Numune kabul,E,Şartlı kabul,616.0449,45,2026,6,27
H00001,320.01.0010,IRS26704499,2026-06-03,250,0.25,67.3495,1,YERLİ,47.0167,Mal kabul,H,Şartlı kabul,358.1148,45,2026,6,23
H00007,320.01.0001,IRS26704500,2026-07-20,5000,5,133.6512,1,YERLİ,47.6,Mal kabul,E,,14038.9916,60,2026,7,30
D00009,320.01.0005,IRS26704501,2026-06-13,1000,1000,107.0385,1,İTHAL,47.0167,İthalat dosyası,E,Kalite onaylı,2276.606,60,2026,6,24
H00002,320.01.0007,IRS26704502,2026-06-14,5000,5,121.5525,1,İTHAL,47.0167,İthalat dosyası,E,Şartlı kabul,12926.524,0,2026,6,24
H00006,320.01.0007,IRS26704503,2026-06-17,2000,2,133.3904,1,İTHAL,47.0167,Mal kabul,E,Şartlı kabul,5674.1711,60,2026,6,25
D00005,320.01.0010,IRS26704505,2026-06-10,250,250,442.121,1,YERLİ,47.0167,Kısmi teslim,H,Şartlı kabul,2350.8721,30,2026,6,24
H00001,320.01.0010,IRS26704506,2026-06-19,1000,1,79.0545,1,YERLİ,47.0167,Sevk irsaliyesi,E,Kalite onaylı,1681.4132,0,2026,6,25
D00009,320.01.0001,IRS26704507,2026-07-24,1000,1000,100.7678,1,YERLİ,47.6,Sevk irsaliyesi,E,,2116.9706,60,2026,7,30
H00014,320.01.0001,IRS26704508,2026-06-18,250,0.25,111.8266,1,YERLİ,47.0167,Sevk irsaliyesi,H,Şartlı kabul,594.6111,90,2026,6,25
D00001,320.01.0001,IRS26704509,2026-07-14,120,120,368.7881,1,YERLİ,47.6,Numune kabul,E,Kalite onaylı,929.7179,30,2026,7,29
H00014,320.01.0002,IRS26704510,2026-07-16,250,0.25,116.9828,1,YERLİ,47.6,İthalat dosyası,H,,614.4055,60,2026,7,29
H00005,320.01.0002,IRS26704511,2026-06-22,250,0.25,67.4984,1,YERLİ,47.0167,Kısmi teslim,H,,358.9065,60,2026,6,26
H00011,320.01.0002,IRS26704512,2026-07-09,10000,10,70.1762,1,YERLİ,47.6,İthalat dosyası,H,Şartlı kabul,14742.8992,60,2026,7,28
H00003,320.01.0018,IRS26704513,2026-07-30,1000,1,51.549,1,İTHAL,47.6,Kısmi teslim,E,Kalite onaylı,1082.9622,60,2026,7,31
D00011,320.01.0013,IRS26704515,2026-05-29,500,500,118.1002,1,YERLİ,46.4333,Mal kabul,H,,1271.7188,90,2026,5,22
D00011,320.01.0013,IRS26704516,2026-06-09,1000,1000,102.5267,1,YERLİ,47.0167,Numune kabul,E,Şartlı kabul,2180.6443,90,2026,6,24
D00010,320.01.0029,IRS26704518,2026-07-30,500,500,454.675,1,İTHAL,47.6,İthalat dosyası,E,,4775.9979,60,2026,7,31
D00009,320.01.0002,IRS26704519,2026-07-30,500,500,107.8318,1,YERLİ,47.6,Sevk irsaliyesi,H,Kalite onaylı,1132.687,0,2026,7,31
D00007,320.01.0006,IRS26704520,2026-07-07,10000,10000,166.864,1,YERLİ,47.6,Kısmi teslim,E,,35055.4622,90,2026,7,28
H00003,320.01.0003,IRS26704522,2026-06-17,250,0.25,49.6734,1,YERLİ,47.0167,Numune kabul,H,,264.1264,90,2026,6,25
H00004,320.01.0003,IRS26704523,2026-06-22,120,0.12,28.9544,1,YERLİ,47.0167,Kısmi teslim,E,,73.8999,30,2026,6,26
D00006,320.01.0003,IRS26704524,2026-06-15,120,120,233.1354,1,YERLİ,47.0167,Sevk irsaliyesi,H,Şartlı kabul,595.0279,30,2026,6,25
H00002,320.01.0029,IRS26704525,2026-07-30,1000,1,123.6078,1,İTHAL,47.6,Mal kabul,E,Kalite onaylı,2596.8025,30,2026,7,31
H00013,320.01.0002,IRS26704526,2026-07-30,5000,5000,75.4441,1,YERLİ,47.6,Kısmi teslim,E,Kalite onaylı,7924.8004,90,2026,7,31
D00007,320.01.0002,IRS26704527,2026-06-14,1000,1000,189.3207,1,YERLİ,47.0167,Mal kabul,H,,4026.6692,0,2026,6,24
H00013,320.01.0004,IRS26704528,2026-07-29,2000,2000,78.8793,1,YERLİ,47.6,İthalat dosyası,E,Kalite onaylı,3314.2563,0,2026,7,31
H00012,320.01.0004,IRS26704529,2026-07-21,1000,1000,139.3723,1,YERLİ,47.6,İthalat dosyası,E,,2927.9895,0,2026,7,30
H00012,320.01.0002,IRS26704530,2026-06-09,500,500,126.4783,1,YERLİ,47.0167,Sevk irsaliyesi,E,Kalite onaylı,1345.0359,0,2026,6,24
H00008,320.01.0008,IRS26704532,2026-06-02,1000,1,32.0984,1,YERLİ,47.0167,Sevk irsaliyesi,H,Şartlı kabul,682.7021,60,2026,6,23
D00007,320.01.0020,IRS26704533,2026-06-30,120,120,171.3592,1,YERLİ,47.0167,Mal kabul,H,Kalite onaylı,437.3574,0,2026,6,27
D00007,320.01.0020,IRS26704534,2026-06-14,5000,5000,164.391,1,YERLİ,47.0167,Kısmi teslim,H,Kalite onaylı,17482.1925,45,2026,6,24
H00001,320.01.0006,IRS26704535,2026-06-14,1000,1,68.6135,1,YERLİ,47.0167,Sevk irsaliyesi,E,Kalite onaylı,1459.3432,45,2026,6,24
H00013,320.01.0002,IRS26704536,2026-06-03,120,120,81.1275,1,YERLİ,47.0167,Mal kabul,H,Şartlı kabul,207.0605,60,2026,6,23
H00011,320.01.0009,IRS26704537,2026-07-11,250,0.25,77.2932,1,İTHAL,47.6,Sevk irsaliyesi,H,Kalite onaylı,405.9517,30,2026,7,28
H00003,320.01.0009,IRS26704538,2026-06-23,1000,1,48.6113,1,İTHAL,47.0167,Mal kabul,E,Şartlı kabul,1033.9156,0,2026,6,26
D00003,320.01.0009,IRS26704539,2026-07-21,2000,2000,400.2583,1,İTHAL,47.6,İthalat dosyası,H,Şartlı kabul,16817.5756,60,2026,7,30
H00014,320.01.0002,IRS26704540,2026-07-30,1000,1,117.1566,1,YERLİ,47.6,Sevk irsaliyesi,H,Şartlı kabul,2461.2731,30,2026,7,31
H00015,320.01.0002,IRS26704541,2026-07-30,500,0.5,41.3637,1,YERLİ,47.6,Kısmi teslim,H,Şartlı kabul,434.4926,45,2026,7,31
H00010,320.01.0001,IRS26704542,2026-06-05,1000,1,40.4403,1,YERLİ,47.0167,Numune kabul,E,Kalite onaylı,860.1263,60,2026,6,23
H00016,320.01.0001,IRS26704543,2026-07-22,250,250,67.0438,1,YERLİ,47.6,Mal kabul,E,Şartlı kabul,352.1208,30,2026,7,30
D00001,320.01.0001,IRS26704544,2026-07-22,500,500,365.7086,1,YERLİ,47.6,Numune kabul,H,Şartlı kabul,3841.4769,45,2026,7,30
H00001,320.01.0005,IRS26704546,2026-06-23,2000,2,80.1358,1,İTHAL,47.0167,Mal kabul,E,,3408.8228,90,2026,6,26
H00008,320.01.0005,IRS26704547,2026-06-25,500,0.5,29.649,1,İTHAL,47.0167,Numune kabul,H,Kalite onaylı,315.3029,60,2026,6,26
D00006,320.01.0005,IRS26704548,2026-07-30,5000,5000,261.7555,1,İTHAL,47.6,Mal kabul,H,,27495.3256,0,2026,7,31
D00009,320.01.0006,IRS26704549,2026-07-30,250,250,109.0424,1,YERLİ,47.6,Sevk irsaliyesi,E,Şartlı kabul,572.7017,0,2026,7,31
D00007,320.01.0016,IRS26704551,2026-07-30,120,120,172.1696,1,İTHAL,47.6,Sevk irsaliyesi,E,,434.041,60,2026,7,31
H00003,320.01.0029,IRS26704552,2026-06-27,10000,10,41.9163,1,İTHAL,47.0167,Mal kabul,E,,8915.194,60,2026,6,26
D00009,320.01.0029,IRS26704553,2026-06-30,500,500,101.2252,1,İTHAL,47.0167,Kısmi teslim,E,,1076.4813,45,2026,6,27
H00010,320.01.0003,IRS26704554,2026-07-30,120,0.12,40.407,1,YERLİ,47.6,Mal kabul,H,,101.8664,45,2026,7,31
D00003,320.01.0034,IRS26704556,2026-07-08,5000,5000,420.0171,1,İTHAL,47.6,Numune kabul,E,,44119.4433,60,2026,7,28
H00013,320.01.0024,IRS26704557,2026-07-30,1000,1000,71.7256,1,YERLİ,47.6,İthalat dosyası,E,Şartlı kabul,1506.8403,90,2026,7,31
H00008,320.01.0052,IRS26704558,2026-07-26,2000,2,32.0278,1,YERLİ,47.6,Sevk irsaliyesi,H,Kalite onaylı,1345.7059,90,2026,7,30
H00009,320.01.0027,IRS26704559,2026-07-17,500,0.5,28.8078,1,YERLİ,47.6,İthalat dosyası,E,Şartlı kabul,302.6029,0,2026,7,29
D00011,320.01.0007,IRS26704560,2026-06-30,500,500,107.7532,1,İTHAL,47.0167,Sevk irsaliyesi,H,Kalite onaylı,1145.9035,60,2026,6,27
H00015,320.01.0004,IRS26704561,2026-07-30,500,0.5,37.0398,1,YERLİ,47.6,Kısmi teslim,E,Kalite onaylı,389.0735,30,2026,7,31
D00003,320.01.0008,IRS26704562,2026-07-30,250,250,432.5121,1,YERLİ,47.6,Numune kabul,H,Kalite onaylı,2271.5972,30,2026,7,31
D00012,320.01.0008,IRS26704563,2026-06-22,1000,1000,237.2711,1,YERLİ,47.0167,Kısmi teslim,E,Kalite onaylı,5046.5281,0,2026,6,26
D00008,320.01.0019,IRS26704564,2026-07-30,1000,1000,484.4758,1,YERLİ,47.6,İthalat dosyası,H,,10178.063,60,2026,7,31
H00008,320.01.0005,IRS26704566,2026-06-29,10000,10,28.2777,1,İTHAL,47.0167,Sevk irsaliyesi,H,,6014.3949,0,2026,6,27
H00015,320.01.0001,IRS26704567,2026-06-15,500,0.5,42.2122,1,YERLİ,47.0167,Numune kabul,H,Kalite onaylı,448.9065,0,2026,6,25
D00005,320.01.0010,IRS26704568,2026-06-23,10000,10000,368.1437,1,YERLİ,47.0167,İthalat dosyası,H,Şartlı kabul,78300.6251,90,2026,6,26
D00003,320.01.0010,IRS26704569,2026-07-07,250,250,408.5206,1,YERLİ,47.6,Sevk irsaliyesi,E,Şartlı kabul,2145.5914,0,2026,7,28
H00016,320.01.0001,IRS26704570,2026-06-23,250,250,68.9687,1,YERLİ,47.0167,İthalat dosyası,H,,366.7245,60,2026,6,26
H00014,320.01.0001,IRS26704571,2026-07-02,120,0.12,120.6781,1,YERLİ,47.6,Numune kabul,E,,304.2305,60,2026,7,27
H00014,320.01.0024,IRS26704573,2026-07-04,2000,2,120.6555,1,YERLİ,47.6,Kısmi teslim,H,Kalite onaylı,5069.5588,30,2026,7,27
D00002,320.01.0006,IRS26704574,2026-07-07,500,500,219.2711,1,YERLİ,47.6,Sevk irsaliyesi,H,Kalite onaylı,2303.2679,90,2026,7,28
D00005,320.01.0006,IRS26704575,2026-07-30,10000,10000,430.234,1,YERLİ,47.6,Numune kabul,H,Şartlı kabul,90385.2941,60,2026,7,31
D00011,320.01.0043,IRS26704576,2026-06-26,250,250,98.3432,1,YERLİ,47.0167,Mal kabul,E,,522.9163,45,2026,6,26
H00003,320.01.0001,IRS26704577,2026-07-30,5000,5,47.067,1,YERLİ,47.6,Sevk irsaliyesi,E,,4944.0126,90,2026,7,31
H00001,320.01.0034,IRS26704578,2026-07-05,120,0.12,67.2007,1,İTHAL,47.6,Numune kabul,E,Şartlı kabul,169.4135,60,2026,7,27
H00011,320.01.0034,IRS26704579,2026-07-30,2000,2,81.7019,1,İTHAL,47.6,Numune kabul,H,Kalite onaylı,3432.8529,60,2026,7,31
D00006,320.01.0001,IRS26704580,2026-06-19,5000,5000,246.3215,1,YERLİ,47.0167,Kısmi teslim,E,Şartlı kabul,26195.1073,0,2026,6,25
D00001,320.01.0001,IRS26704582,2026-07-02,1000,1000,442.2118,1,YERLİ,47.6,Kısmi teslim,H,Şartlı kabul,9290.1639,90,2026,7,27
H00002,320.01.0003,IRS26704583,2026-07-30,500,0.5,143.2521,1,YERLİ,47.6,Sevk irsaliyesi,E,Şartlı kabul,1504.7489,90,2026,7,31
H00007,320.01.0003,IRS26704584,2026-07-08,1000,1,139.5652,1,YERLİ,47.6,Kısmi teslim,E,Şartlı kabul,2932.042,30,2026,7,28
H00012,320.01.0017,IRS26704586,2026-07-12,10000,10000,141.2337,1,YERLİ,47.6,Mal kabul,H,,29670.9454,45,2026,7,28
H00012,320.01.0004,IRS26704587,2026-06-24,120,120,144.2755,1,YERLİ,47.0167,İthalat dosyası,H,Şartlı kabul,368.2321,45,2026,6,26
D00012,320.01.0019,IRS26704588,2026-07-30,125,125,219.6535,1,YERLİ,47.6,Sevk irsaliyesi,H,Şartlı kabul,576.8212,0,2026,7,31
H00011,320.01.0004,IRS26704590,2026-07-15,10000,10,70.7683,1,YERLİ,47.6,Numune kabul,H,Kalite onaylı,14867.2899,30,2026,7,29
H00003,320.01.0004,IRS26704591,2026-07-30,2000,2,43.138,1,YERLİ,47.6,Numune kabul,E,Şartlı kabul,1812.521,90,2026,7,31
D00010,320.01.0003,IRS26704592,2026-07-21,10000,10000,474.7667,1,YERLİ,47.6,İthalat dosyası,H,Şartlı kabul,99740.9034,0,2026,7,30
D00010,320.01.0007,IRS26704593,2026-07-30,250,250,496.5437,1,İTHAL,47.6,Numune kabul,E,Şartlı kabul,2607.8976,45,2026,7,31
H00012,320.01.0002,IRS26704594,2026-07-30,10000,10000,145.8348,1,YERLİ,47.6,Numune kabul,H,Şartlı kabul,30637.563,60,2026,7,31
D00002,320.01.0002,IRS26704595,2026-07-30,120,120,236.9883,1,YERLİ,47.6,Mal kabul,E,Şartlı kabul,597.4495,90,2026,7,31
D00004,320.01.0005,IRS26704596,2026-07-18,5000,5000,31.0203,1,İTHAL,47.6,Kısmi teslim,E,Şartlı kabul,3258.4349,60,2026,7,29
D00004,320.01.0008,IRS26704597,2026-07-03,250,250,33.4375,1,YERLİ,47.6,Numune kabul,H,,175.6171,60,2026,7,27
H00007,320.01.0008,IRS26704598,2026-07-20,1000,1,144.7263,1,YERLİ,47.6,Kısmi teslim,E,Kalite onaylı,3040.4685,45,2026,7,30
D00006,320.01.0025,IRS26704599,2026-07-19,1000,1000,237.4094,1,YERLİ,47.6,Numune kabul,E,,4987.5924,30,2026,7,29
D00011,320.01.0005,IRS26704601,2026-07-30,500,500,113.1254,1,İTHAL,47.6,İthalat dosyası,H,Şartlı kabul,1188.292,30,2026,7,31
H00009,320.01.0005,IRS26704602,2026-06-27,1000,1,30.2155,1,İTHAL,47.0167,Sevk irsaliyesi,E,Şartlı kabul,642.6546,60,2026,6,26
D00003,320.01.0028,IRS26704603,2026-07-17,10000,10000,423.9072,1,YERLİ,47.6,Sevk irsaliyesi,E,Şartlı kabul,89056.1345,45,2026,7,29
H00011,320.01.0028,IRS26704604,2026-07-20,250,0.25,74.6736,1,YERLİ,47.6,Mal kabul,H,Şartlı kabul,392.1933,0,2026,7,30
D00009,320.01.0029,IRS26704606,2026-07-13,250,250,96.2246,1,İTHAL,47.6,Mal kabul,E,Şartlı kabul,505.3813,60,2026,7,29
H00013,320.01.0005,IRS26704607,2026-07-30,60,60,83.3887,1,İTHAL,47.6,Numune kabul,E,,105.1118,0,2026,7,31
H00015,320.01.0005,IRS26704608,2026-07-30,1000,1,35.0616,1,İTHAL,47.6,Mal kabul,H,Şartlı kabul,736.5882,45,2026,7,31
H00005,320.01.0005,IRS26704609,2026-07-30,500,0.5,72.121,1,İTHAL,47.6,Kısmi teslim,E,Kalite onaylı,757.5735,0,2026,7,31
D00012,320.01.0001,IRS26704610,2026-07-24,120,120,241.509,1,YERLİ,47.6,Kısmi teslim,E,Kalite onaylı,608.8462,45,2026,7,30
H00006,320.01.0007,IRS26704612,2026-07-30,120,0.12,156.8329,1,İTHAL,47.6,Sevk irsaliyesi,H,Şartlı kabul,395.3771,90,2026,7,31
H00010,320.01.0007,IRS26704613,2026-07-17,2000,2,33.1268,1,İTHAL,47.6,Mal kabul,H,,1391.8824,60,2026,7,29
H00010,320.01.0020,IRS26704614,2026-07-30,5000,5,36.6103,1,YERLİ,47.6,İthalat dosyası,E,Şartlı kabul,3845.6197,45,2026,7,31
H00013,320.01.0011,IRS26704615,2026-07-30,5000,5000,81.6462,1,YERLİ,47.6,Numune kabul,H,,8576.2815,90,2026,7,31
H00005,320.01.0005,IRS26704616,2026-07-30,1000,1,81.2507,1,İTHAL,47.6,Sevk irsaliyesi,H,,1706.9475,30,2026,7,31
H00006,320.01.0003,IRS26704619,2026-07-02,5000,5,161.7377,1,YERLİ,47.6,İthalat dosyası,H,Kalite onaylı,16989.2542,60,2026,7,27
H00001,320.01.0003,IRS26704620,2026-07-19,10000,10,72.7062,1,YERLİ,47.6,Mal kabul,H,Şartlı kabul,15274.4118,0,2026,7,29
H00011,320.01.0003,IRS26704621,2026-07-19,1000,1,69.5267,1,YERLİ,47.6,Mal kabul,E,Kalite onaylı,1460.645,60,2026,7,29
H00014,320.01.0035,IRS26704622,2026-07-09,250,0.25,128.6771,1,YERLİ,47.6,Mal kabul,H,,675.8251,0,2026,7,28
H00004,320.01.0018,IRS26704623,2026-07-30,2000,2,32.6616,1,İTHAL,47.6,Numune kabul,H,,1372.3361,30,2026,7,31
H00005,320.01.0018,IRS26704624,2026-07-15,250,0.25,79.2206,1,İTHAL,47.6,Kısmi teslim,E,,416.0746,45,2026,7,29
H00012,320.01.0032,IRS26704625,2026-07-30,120,120,152.7693,1,YERLİ,47.6,Sevk irsaliyesi,H,,385.1327,0,2026,7,31
H00006,320.01.0032,IRS26704626,2026-07-20,2000,2,132.6895,1,YERLİ,47.6,İthalat dosyası,E,,5575.1891,0,2026,7,30
H00009,320.01.0011,IRS26704627,2026-07-30,1000,1,28.5622,1,YERLİ,47.6,Mal kabul,E,Kalite onaylı,600.0462,90,2026,7,31
H00003,320.01.0047,IRS26704628,2026-07-30,1000,1,47.2708,1,YERLİ,47.6,Mal kabul,E,Şartlı kabul,993.084,60,2026,7,31
H00009,320.01.0002,IRS26704630,2026-07-30,5000,5,29.1456,1,YERLİ,47.6,Numune kabul,H,Kalite onaylı,3061.5126,90,2026,7,31
H00013,320.01.0002,IRS26704631,2026-07-30,2500,2500,85.0543,1,YERLİ,47.6,Numune kabul,E,Şartlı kabul,4467.1376,0,2026,7,31
D00006,320.01.0012,IRS26704632,2026-07-10,10000,10000,258.2459,1,YERLİ,47.6,Mal kabul,E,,54253.3403,60,2026,7,28
H00012,320.01.0012,IRS26704633,2026-07-14,2000,2000,144.7521,1,YERLİ,47.6,Numune kabul,H,Şartlı kabul,6082.021,90,2026,7,29
D00010,320.01.0002,IRS26704634,2026-07-12,5000,5000,475.1984,1,YERLİ,47.6,İthalat dosyası,E,Şartlı kabul,49915.7983,90,2026,7,28
D00002,320.01.0001,IRS26704635,2026-07-23,500,500,213.5071,1,YERLİ,47.6,Sevk irsaliyesi,E,Şartlı kabul,2242.7216,60,2026,7,30
H00003,320.01.0006,IRS26704637,2026-07-30,1000,1,53.104,1,YERLİ,47.6,Mal kabul,H,Kalite onaylı,1115.6303,30,2026,7,31
H00016,320.01.0037,IRS26704638,2026-07-17,2000,2000,60.0355,1,YERLİ,47.6,Kısmi teslim,E,Kalite onaylı,2522.5,45,2026,7,29
H00005,320.01.0042,IRS26704639,2026-07-30,250,0.25,68.5785,1,YERLİ,47.6,Numune kabul,H,Şartlı kabul,360.1812,60,2026,7,31
D00005,320.01.0042,IRS26704640,2026-07-19,1000,1000,365.168,1,YERLİ,47.6,Kısmi teslim,E,Şartlı kabul,7671.5966,0,2026,7,29
D00011,320.01.0024,IRS26704641,2026-07-30,500,500,115.4529,1,YERLİ,47.6,İthalat dosyası,H,,1212.7405,0,2026,7,31
D00001,320.01.0002,IRS26704643,2026-07-30,125,125,379.1345,1,YERLİ,47.6,İthalat dosyası,E,Şartlı kabul,995.6263,60,2026,7,31
H00003,320.01.0004,IRS26704645,2026-07-30,500,0.5,44.2452,1,YERLİ,47.6,Numune kabul,H,,464.7605,60,2026,7,31
D00001,320.01.0004,IRS26704646,2026-07-27,1000,1000,391.588,1,YERLİ,47.6,Mal kabul,H,Kalite onaylı,8226.6387,90,2026,7,31
H00006,320.01.0001,IRS26704649,2026-07-17,10000,10,132.928,1,YERLİ,47.6,Mal kabul,H,,27926.0504,30,2026,7,29
H00013,320.01.0005,IRS26704650,2026-07-21,10000,10000,80.4641,1,İTHAL,47.6,Sevk irsaliyesi,H,Kalite onaylı,16904.2227,45,2026,7,30
H00016,320.01.0012,IRS26704651,2026-07-27,250,250,66.8225,1,YERLİ,47.6,Mal kabul,H,Şartlı kabul,350.9585,30,2026,7,31
H00015,320.01.0017,IRS26704652,2026-07-30,500,0.5,34.5875,1,YERLİ,47.6,Mal kabul,E,Kalite onaylı,363.3141,60,2026,7,31
H00002,320.01.0017,IRS26704653,2026-07-10,2000,2,145.4811,1,YERLİ,47.6,Numune kabul,E,,6112.6513,45,2026,7,28
H00012,320.01.0026,IRS26704655,2026-07-30,5000,5000,161.6033,1,YERLİ,47.6,Mal kabul,H,Şartlı kabul,16975.1366,30,2026,7,31
H00007,320.01.0010,IRS26704657,2026-07-24,5000,5,150.4105,1,YERLİ,47.6,Kısmi teslim,E,,15799.4223,60,2026,7,30
H00010,320.01.0001,IRS26704658,2026-07-30,1000,1,40.7875,1,YERLİ,47.6,Sevk irsaliyesi,E,,856.8803,60,2026,7,31
H00007,320.01.0025,IRS26704660,2026-07-19,5000,5,148.6662,1,YERLİ,47.6,Numune kabul,E,Şartlı kabul,15616.1975,0,2026,7,29
D00009,320.01.0019,IRS26704661,2026-07-30,5000,5000,91.96,1,YERLİ,47.6,Kısmi teslim,E,Kalite onaylı,9659.6639,45,2026,7,31
D00010,320.01.0019,IRS26704662,2026-07-25,500,500,518.0251,1,YERLİ,47.6,İthalat dosyası,H,Kalite onaylı,5441.4401,45,2026,7,30
H00010,320.01.0034,IRS26704663,2026-07-30,60,0.06,37.3152,1,İTHAL,47.6,Sevk irsaliyesi,E,Şartlı kabul,47.036,90,2026,7,31
H00014,320.01.0034,IRS26704664,2026-07-30,2500,2.5,141.5367,1,İTHAL,47.6,Numune kabul,E,,7433.6502,45,2026,7,31
H00008,320.01.0003,IRS26704665,2026-07-30,10000,10,29.7525,1,YERLİ,47.6,Mal kabul,E,Şartlı kabul,6250.5252,60,2026,7,31
H00016,320.01.0005,IRS26704667,2026-07-30,5000,5000,69.0443,1,İTHAL,47.6,Kısmi teslim,H,,7252.5525,0,2026,7,31
H00012,320.01.0008,IRS26704668,2026-07-30,1000,1000,147.2258,1,YERLİ,47.6,Numune kabul,E,Şartlı kabul,3092.979,0,2026,7,31
D00009,320.01.0008,IRS26704669,2026-07-30,60,60,101.0487,1,YERLİ,47.6,Numune kabul,E,,127.3723,60,2026,7,31
D00012,320.01.0052,IRS26704670,2026-07-30,250,250,211.6274,1,YERLİ,47.6,Kısmi teslim,E,Kalite onaylı,1111.4884,45,2026,7,31
H00016,320.01.0001,IRS26704671,2026-07-30,120,120,69.3342,1,YERLİ,47.6,Mal kabul,H,Şartlı kabul,174.7921,90,2026,7,31
H00011,320.01.0012,IRS26704681,2026-07-29,120,0.12,73.6454,1,YERLİ,47.6,Numune kabul,H,Şartlı kabul,185.6607,90,2026,7,31
H00008,320.01.0046,IRS26704683,2026-07-30,2000,2,30.1926,1,YERLİ,47.6,Numune kabul,H,Şartlı kabul,1268.5966,30,2026,7,31
H00004,320.01.0042,IRS26704688,2026-07-25,500,0.5,31.1349,1,YERLİ,47.6,Mal kabul,H,Şartlı kabul,327.0473,60,2026,7,30
