INCKEYNO,STHAR_TARIH,FISNO,SIRA,STOK_KODU,STHAR_CARIKOD,STHAR_GCMIK,STHAR_NF,ALINAN,STHAR_HTUR,TERMIN,SIPARIS_TARIHINDEN_GECEN_GUN,TERMINE_KALAN_GUN,KALAN,STHAR_GCKOD,DOLAR_KURU,STHAR_KOD1,STHAR_KOD2,TUTAR_USD,DURUM,YIL,AY,HAFTA
700001,2023-01-02,SAS23000001,1,H00008,320.01.0002,10000,37.2068,10000,YERLİ,2023-02-16,1305,,0,2,18.8,02,HM1,19790.8511,KAPALI,2023,1,1
700002,2023-01-02,SAS23000001,2,D00008,320.01.0002,5000,180.5128,5000,YERLİ,2023-03-03,1305,,0,2,18.8,03,DG1,48008.7234,KAPALI,2023,1,1
700003,2023-01-03,SAS23000002,1,H00016,320.01.0032,250,43.4202,250,YERLİ,2023-01-18,1304,,0,2,18.8,02,HM1,577.3963,KAPALI,2023,1,1
700004,2023-01-03,SAS23000003,1,H00012,320.01.0046,1000,18.9311,1000,YERLİ,2023-04-03,1304,,0,2,18.8,02,HM1,1006.9734,KAPALI,2023,1,1
700005,2023-01-03,SAS23000003,2,H00005,320.01.0046,10000,34.1317,10000,YERLİ,2023-03-04,1304,,0,2,18.8,02,HM1,18155.1596,KAPALI,2023,1,1
700006,2023-01-04,SAS23000004,1,D00005,320.01.0002,250,179.7126,250,YERLİ,2023-01-14,1303,,0,2,18.8,03,DG1,2389.7952,KAPALI,2023,1,1
700007,2023-01-04,SAS23000005,1,H00011,320.01.0010,120,20.0064,120,YERLİ,2023-03-05,1303,,0,2,18.8,02,HM1,127.7004,KAPALI,2023,1,1
700008,2023-01-04,SAS23000006,1,D00010,320.01.0032,10000,107.931,10000,YERLİ,2023-01-14,1303,,0,2,18.8,03,DG1,57410.1064,KAPALI,2023,1,1
700009,2023-01-04,SAS23000006,2,D00008,320.01.0032,120,189.8722,120,YERLİ,2023-02-03,1303,,0,2,18.8,03,DG1,1211.9502,KAPALI,2023,1,1
700010,2023-01-05,SAS23000007,1,D00011,320.01.0001,250,5.3424,125,YERLİ,2023-04-05,1302,-1212,125,2,18.8,03,DG1,71.0426,ACIK,2023,1,1
700011,2023-01-05,SAS23000007,2,D00002,320.01.0001,1000,34.6145,500,YERLİ,2023-01-26,1302,-1281,500,2,18.8,03,DG1,1841.1968,ACIK,2023,1,1
700012,2023-01-05,SAS23000008,1,H00012,320.01.0027,1000,15.6404,1000,YERLİ,2023-01-15,1302,,0,2,18.8,02,HM1,831.9362,KAPALI,2023,1,1
700013,2023-01-05,SAS23000009,1,D00002,320.01.0027,2000,37.824,2000,YERLİ,2023-01-15,1302,,0,2,18.8,03,DG1,4023.8298,KAPALI,2023,1,1
700014,2023-01-05,SAS23000010,1,D00005,320.01.0043,250,154.1824,250,İTHAL,2023-01-15,1302,,0,2,18.8,03,DG1,2050.2979,KAPALI,2023,1,1
700015,2023-01-06,SAS23000011,1,D00009,320.01.0006,500,124.3227,500,YERLİ,2023-02-20,1301,,0,2,18.8,03,DG1,3306.4548,KAPALI,2023,1,1
700016,2023-01-06,SAS23000012,1,H00004,320.01.0002,500,38.358,500,YERLİ,2023-02-20,1301,,0,2,18.8,02,HM1,1020.1596,KAPALI,2023,1,1
700017,2023-01-06,SAS23000012,2,H00011,320.01.0002,250,22.188,250,YERLİ,2023-03-07,1301,,0,2,18.8,02,HM1,295.0532,KAPALI,2023,1,1
700018,2023-01-06,SAS23000012,3,D00007,320.01.0002,5000,44.0795,5000,YERLİ,2023-01-27,1301,,0,2,18.8,03,DG1,11723.2713,KAPALI,2023,1,1
700019,2023-01-09,SAS23000013,1,H00003,320.01.0020,10000,45.5491,10000,YERLİ,2023-02-08,1298,,0,2,18.8,02,HM1,24228.2447,KAPALI,2023,1,2
700020,2023-01-09,SAS23000013,2,H00002,320.01.0020,500,11.4093,500,YERLİ,2023-01-24,1298,,0,2,18.8,02,HM1,303.4388,KAPALI,2023,1,2
700021,2023-01-09,SAS23000014,1,H00003,320.01.0037,250,44.8003,250,İTHAL,2023-02-23,1298,,0,2,18.8,02,HM1,595.7487,KAPALI,2023,1,2
700022,2023-01-09,SAS23000014,2,H00008,320.01.0037,120,35.7008,120,İTHAL,2023-03-10,1298,,0,2,18.8,02,HM1,227.8774,KAPALI,2023,1,2
700023,2023-01-09,SAS23000015,1,H00014,320.01.0004,250,21.7061,250,YERLİ,2023-03-10,1298,,0,2,18.8,02,HM1,288.6449,KAPALI,2023,1,2
700024,2023-01-10,SAS23000016,1,D00011,320.01.0009,10000,5.0721,10000,YERLİ,2023-03-11,1297,,0,2,18.8,03,DG1,2697.9255,KAPALI,2023,1,2
700025,2023-01-10,SAS23000016,2,H00008,320.01.0009,500,37.5617,500,YERLİ,2023-01-25,1297,,0,2,18.8,02,HM1,998.9814,KAPALI,2023,1,2
700026,2023-01-10,SAS23000017,1,H00010,320.01.0012,10000,12.924,10000,YERLİ,2023-01-25,1297,,0,2,18.8,02,HM1,6874.4681,KAPALI,2023,1,2
700027,2023-01-10,SAS23000018,1,D00001,320.01.0001,5000,18.7884,5000,YERLİ,2023-03-11,1297,,0,2,18.8,03,DG1,4996.9149,KAPALI,2023,1,2
700028,2023-01-10,SAS23000018,2,D00004,320.01.0001,5000,36.5904,5000,YERLİ,2023-01-31,1297,,0,2,18.8,03,DG1,9731.4894,KAPALI,2023,1,2
700029,2023-01-10,SAS23000019,1,D00005,320.01.0023,2000,170.3123,2000,İTHAL,2023-04-10,1297,,0,2,18.8,03,DG1,18118.3298,KAPALI,2023,1,2
700030,2023-01-11,SAS23000020,1,H00013,320.01.0002,500,49.3262,500,YERLİ,2023-01-26,1296,,0,2,18.8,02,HM1,1311.867,KAPALI,2023,1,2
700031,2023-01-11,SAS23000020,2,H00002,320.01.0002,500,11.5774,500,YERLİ,2023-01-21,1296,,0,2,18.8,02,HM1,307.9096,KAPALI,2023,1,2
700032,2023-01-11,SAS23000020,3,D00003,320.01.0002,10000,182.6168,10000,YERLİ,2023-01-26,1296,,0,2,18.8,03,DG1,97136.5957,KAPALI,2023,1,2
700033,2023-01-11,SAS23000021,1,H00003,320.01.0007,5000,46.6939,5000,YERLİ,2023-01-21,1296,,0,2,18.8,02,HM1,12418.5904,KAPALI,2023,1,2
700034,2023-01-11,SAS23000021,2,H00004,320.01.0007,120,43.3643,120,YERLİ,2023-04-11,1296,,0,2,18.8,02,HM1,276.7934,KAPALI,2023,1,2
700035,2023-01-11,SAS23000022,1,H00014,320.01.0008,120,19.4864,120,YERLİ,2023-02-10,1296,,0,2,18.8,02,HM1,124.3813,KAPALI,2023,1,2
700036,2023-01-12,SAS23000023,1,D00003,320.01.0030,120,187.7887,120,YERLİ,2023-02-26,1295,,0,2,18.8,03,DG1,1198.6513,KAPALI,2023,1,2
700037,2023-01-12,SAS23000023,2,H00006,320.01.0030,500,59.6507,500,YERLİ,2023-02-11,1295,,0,2,18.8,02,HM1,1586.4548,KAPALI,2023,1,2
700038,2023-01-12,SAS23000024,1,H00008,320.01.0001,120,35.1009,120,YERLİ,2023-04-12,1295,,0,2,18.8,02,HM1,224.0483,KAPALI,2023,1,2
700039,2023-01-12,SAS23000024,2,D00004,320.01.0001,120,41.1467,120,YERLİ,2023-02-02,1295,,0,2,18.8,03,DG1,262.6385,KAPALI,2023,1,2
700040,2023-01-12,SAS23000024,3,H00015,320.01.0001,120,23.3036,120,YERLİ,2023-04-12,1295,,0,2,18.8,02,HM1,148.7464,KAPALI,2023,1,2
700041,2023-01-13,SAS23000025,1,H00010,320.01.0003,120,14.3411,120,İTHAL,2023-02-03,1294,,0,2,18.8,02,HM1,91.5389,KAPALI,2023,1,2
700042,2023-01-13,SAS23000025,2,H00016,320.01.0003,500,43.0899,500,İTHAL,2023-01-28,1294,,0,2,18.8,02,HM1,1146.008,KAPALI,2023,1,2
700043,2023-01-13,SAS23000025,3,H00015,320.01.0003,250,24.7604,250,İTHAL,2023-01-23,1294,,0,2,18.8,02,HM1,329.2606,KAPALI,2023,1,2
700044,2023-01-13,SAS23000026,1,D00009,320.01.0012,2000,138.2844,2000,YERLİ,2023-01-23,1294,,0,2,18.8,03,DG1,14711.1064,KAPALI,2023,1,2
700045,2023-01-13,SAS23000027,1,H00009,320.01.0001,500,49.5406,500,YERLİ,2023-03-14,1294,,0,2,18.8,02,HM1,1317.5691,KAPALI,2023,1,2
700046,2023-01-13,SAS23000028,1,D00004,320.01.0001,10000,36.1748,10000,YERLİ,2023-02-27,1294,,0,2,18.8,03,DG1,19241.9149,KAPALI,2023,1,2
700047,2023-01-13,SAS23000028,2,H00002,320.01.0001,1000,12.263,1000,YERLİ,2023-03-14,1294,,0,2,18.8,02,HM1,652.2872,KAPALI,2023,1,2
700048,2023-01-16,SAS23000029,1,H00010,320.01.0041,5000,11.5239,5000,İTHAL,2023-03-17,1291,,0,2,18.8,02,HM1,3064.867,KAPALI,2023,1,3
700049,2023-01-16,SAS23000030,1,D00009,320.01.0006,250,147.6345,250,YERLİ,2023-02-15,1291,,0,2,18.8,03,DG1,1963.2247,KAPALI,2023,1,3
700050,2023-01-16,SAS23000031,1,H00010,320.01.0050,1000,12.0005,1000,YERLİ,2023-01-31,1291,,0,2,18.8,02,HM1,638.3245,KAPALI,2023,1,3
700051,2023-01-16,SAS23000031,2,H00008,320.01.0050,10000,34.9763,10000,YERLİ,2023-03-02,1291,,0,2,18.8,02,HM1,18604.4149,KAPALI,2023,1,3
700052,2023-01-17,SAS23000032,1,H00011,320.01.0006,5000,20.4052,5000,YERLİ,2023-02-01,1290,,0,2,18.8,02,HM1,5426.9149,KAPALI,2023,1,3
700053,2023-01-17,SAS23000033,1,H00008,320.01.0018,1000,31.4076,1000,YERLİ,2023-02-07,1290,,0,2,18.8,02,HM1,1670.617,KAPALI,2023,1,3
700054,2023-01-17,SAS23000033,2,D00007,320.01.0018,120,42.4829,120,YERLİ,2023-03-18,1290,,0,2,18.8,03,DG1,271.1674,KAPALI,2023,1,3
700055,2023-01-17,SAS23000033,3,D00005,320.01.0018,500,146.9333,500,YERLİ,2023-04-17,1290,,0,2,18.8,03,DG1,3907.8005,KAPALI,2023,1,3
700056,2023-01-17,SAS23000034,1,H00001,320.01.0029,10000,31.5595,10000,YERLİ,2023-03-18,1290,,0,2,18.8,02,HM1,16786.9681,KAPALI,2023,1,3
700057,2023-01-17,SAS23000034,2,H00009,320.01.0029,500,39.9846,500,YERLİ,2023-01-27,1290,,0,2,18.8,02,HM1,1063.4202,KAPALI,2023,1,3
700058,2023-01-17,SAS23000035,1,H00001,320.01.0032,120,30.8601,120,YERLİ,2023-02-07,1290,,0,2,18.8,02,HM1,196.9794,KAPALI,2023,1,3
700059,2023-01-17,SAS23000035,2,D00012,320.01.0032,500,71.6122,500,YERLİ,2023-04-17,1290,,0,2,18.8,03,DG1,1904.5798,KAPALI,2023,1,3
700060,2023-01-17,SAS23000035,3,D00002,320.01.0032,10000,32.8016,10000,YERLİ,2023-04-17,1290,,0,2,18.8,03,DG1,17447.6596,KAPALI,2023,1,3
700061,2023-01-18,SAS23000036,1,H00003,320.01.0021,120,40.5635,120,YERLİ,2023-04-18,1289,,0,2,18.8,02,HM1,258.916,KAPALI,2023,1,3
700062,2023-01-18,SAS23000036,2,H00011,320.01.0021,2000,20.7775,2000,YERLİ,2023-02-17,1289,,0,2,18.8,02,HM1,2210.3723,KAPALI,2023,1,3
700063,2023-01-18,SAS23000037,1,H00009,320.01.0019,120,42.9932,120,YERLİ,2023-02-02,1289,,0,2,18.8,02,HM1,274.4247,KAPALI,2023,1,3
700064,2023-01-18,SAS23000037,2,H00012,320.01.0019,5000,18.0713,5000,YERLİ,2023-02-17,1289,,0,2,18.8,02,HM1,4806.1968,KAPALI,2023,1,3
700065,2023-01-19,SAS23000038,1,D00004,320.01.0003,2000,41.3305,2000,İTHAL,2023-03-05,1288,,0,2,18.8,03,DG1,4396.8617,KAPALI,2023,1,3
700066,2023-01-20,SAS23000039,1,D00006,320.01.0014,120,169.899,120,YERLİ,2023-02-04,1287,,0,2,18.8,03,DG1,1084.4617,KAPALI,2023,1,3
700067,2023-01-20,SAS23000040,1,H00002,320.01.0004,1000,11.6328,500,YERLİ,2023-01-30,1287,-1277,500,2,18.8,02,HM1,618.766,ACIK,2023,1,3
700068,2023-01-20,SAS23000041,1,H00008,320.01.0015,1000,34.8056,0,YERLİ,2023-02-10,1287,-1266,1000,2,18.8,02,HM1,1851.3617,ACIK,2023,1,3
700069,2023-01-20,SAS23000042,1,H00013,320.01.0008,1000,54.375,1000,YERLİ,2023-04-20,1287,,0,2,18.8,02,HM1,2892.2872,KAPALI,2023,1,3
700070,2023-01-23,SAS23000043,1,H00011,320.01.0037,500,21.1149,500,İTHAL,2023-02-02,1284,,0,2,18.8,02,HM1,561.5665,KAPALI,2023,1,4
700071,2023-01-23,SAS23000044,1,D00003,320.01.0010,250,179.3394,250,YERLİ,2023-02-22,1284,,0,2,18.8,03,DG1,2384.8324,KAPALI,2023,1,4
700072,2023-01-23,SAS23000044,2,H00016,320.01.0010,10000,50.4162,10000,YERLİ,2023-02-22,1284,,0,2,18.8,02,HM1,26817.1277,KAPALI,2023,1,4
700073,2023-01-24,SAS23000045,1,D00003,320.01.0001,500,166.3733,500,YERLİ,2023-03-10,1283,,0,2,18.8,03,DG1,4424.8218,KAPALI,2023,1,4
700074,2023-01-24,SAS23000045,2,H00008,320.01.0001,500,33.0507,500,YERLİ,2023-02-14,1283,,0,2,18.8,02,HM1,879.008,KAPALI,2023,1,4
700075,2023-01-24,SAS23000046,1,H00014,320.01.0001,10000,17.8226,10000,YERLİ,2023-03-10,1283,,0,2,18.8,02,HM1,9480.1064,KAPALI,2023,1,4
700076,2023-01-25,SAS23000047,1,D00010,320.01.0013,10000,126.0217,10000,YERLİ,2023-02-15,1282,,0,2,18.8,03,DG1,67032.8191,KAPALI,2023,1,4
700077,2023-01-25,SAS23000047,2,H00007,320.01.0013,5000,28.026,5000,YERLİ,2023-04-25,1282,,0,2,18.8,02,HM1,7453.7234,KAPALI,2023,1,4
700078,2023-01-26,SAS23000048,1,H00006,320.01.0007,500,58.5991,0,YERLİ,2023-02-05,1281,-1271,500,2,18.8,02,HM1,1558.4867,ACIK,2023,1,4
700079,2023-01-26,SAS23000048,2,D00012,320.01.0007,120,69.2337,120,YERLİ,2023-02-25,1281,,0,2,18.8,03,DG1,441.9172,KAPALI,2023,1,4
700080,2023-01-26,SAS23000049,1,H00010,320.01.0004,10000,11.8807,10000,YERLİ,2023-02-16,1281,,0,2,18.8,02,HM1,6319.5213,KAPALI,2023,1,4
700081,2023-01-26,SAS23000049,2,H00009,320.01.0004,5000,44.3418,5000,YERLİ,2023-04-26,1281,,0,2,18.8,02,HM1,11793.0319,KAPALI,2023,1,4
700082,2023-01-26,SAS23000050,1,H00003,320.01.0008,10000,43.2596,0,YERLİ,2023-04-26,1281,-1191,10000,2,18.8,02,HM1,23010.4255,ACIK,2023,1,4
700083,2023-01-26,SAS23000051,1,H00007,320.01.0009,500,27.1819,500,YERLİ,2023-03-27,1281,,0,2,18.8,02,HM1,722.9229,KAPALI,2023,1,4
700084,2023-01-26,SAS23000051,2,D00012,320.01.0009,2000,79.009,2000,YERLİ,2023-02-16,1281,,0,2,18.8,03,DG1,8405.2128,KAPALI,2023,1,4
700085,2023-01-26,SAS23000052,1,D00012,320.01.0001,10000,79.1835,10000,YERLİ,2023-03-27,1281,,0,2,18.8,03,DG1,42118.883,KAPALI,2023,1,4
700086,2023-01-26,SAS23000052,2,H00009,320.01.0001,5000,48.032,5000,YERLİ,2023-02-10,1281,,0,2,18.8,02,HM1,12774.4681,KAPALI,2023,1,4
700087,2023-01-26,SAS23000052,3,H00012,320.01.0001,2000,18.2824,2000,YERLİ,2023-02-05,1281,,0,2,18.8,02,HM1,1944.9362,KAPALI,2023,1,4
700088,2023-01-27,SAS23000053,1,D00010,320.01.0009,10000,109.278,10000,YERLİ,2023-02-11,1280,,0,2,18.8,03,DG1,58126.5957,KAPALI,2023,1,4
700089,2023-01-27,SAS23000054,1,H00003,320.01.0024,500,39.3134,500,YERLİ,2023-03-13,1280,,0,2,18.8,02,HM1,1045.5691,KAPALI,2023,1,4
700090,2023-01-27,SAS23000055,1,D00009,320.01.0002,120,134.0655,120,YERLİ,2023-02-17,1280,,0,2,18.8,03,DG1,855.7372,KAPALI,2023,1,4
700091,2023-01-27,SAS23000056,1,D00008,320.01.0017,2000,164.1464,2000,YERLİ,2023-02-06,1280,,0,2,18.8,03,DG1,17462.383,KAPALI,2023,1,4
700092,2023-01-30,SAS23000057,1,H00014,320.01.0021,120,21.0062,120,YERLİ,2023-03-16,1277,,0,2,18.8,02,HM1,134.0821,KAPALI,2023,1,5
700093,2023-01-30,SAS23000057,2,D00008,320.01.0021,5000,190.4827,5000,YERLİ,2023-02-20,1277,,0,2,18.8,03,DG1,50660.2926,KAPALI,2023,1,5
700094,2023-01-30,SAS23000057,3,H00007,320.01.0021,250,23.695,250,YERLİ,2023-02-20,1277,,0,2,18.8,02,HM1,315.0931,KAPALI,2023,1,5
700095,2023-01-31,SAS23000058,1,D00011,320.01.0055,120,5.951,120,İTHAL,2023-02-21,1276,,0,2,18.8,03,DG1,37.9851,KAPALI,2023,1,5
700096,2023-01-31,SAS23000058,2,D00009,320.01.0055,10000,138.7703,10000,İTHAL,2023-05-01,1276,,0,2,18.8,03,DG1,73813.9894,KAPALI,2023,1,5
700097,2023-01-31,SAS23000059,1,H00014,320.01.0011,10000,21.3944,10000,YERLİ,2023-02-21,1276,,0,2,18.8,02,HM1,11380,KAPALI,2023,1,5
700098,2023-01-31,SAS23000059,2,H00012,320.01.0011,2000,15.9328,2000,YERLİ,2023-02-10,1276,,0,2,18.8,02,HM1,1694.9787,KAPALI,2023,1,5
700099,2023-01-31,SAS23000059,3,D00005,320.01.0011,250,176.6162,0,YERLİ,2023-03-02,1276,-1246,250,2,18.8,03,DG1,2348.6197,ACIK,2023,1,5
700100,2023-02-01,SAS23000060,1,D00009,320.01.0033,5000,133.9217,0,YERLİ,2023-02-22,1275,-1254,5000,2,20.0167,03,DG1,33452.4922,ACIK,2023,2,5
700101,2023-02-01,SAS23000060,2,D00001,320.01.0033,10000,20.788,5000,YERLİ,2023-04-02,1275,-1215,5000,2,20.0167,03,DG1,10385.3283,ACIK,2023,2,5
700102,2023-02-01,SAS23000061,1,H00008,320.01.0001,250,41.2553,250,YERLİ,2023-03-18,1275,,0,2,20.0167,02,HM1,515.261,KAPALI,2023,2,5
700103,2023-02-01,SAS23000062,1,H00011,320.01.0006,10000,24.3027,10000,YERLİ,2023-04-02,1275,,0,2,20.0167,02,HM1,12141.2121,KAPALI,2023,2,5
700104,2023-02-01,SAS23000062,2,H00008,320.01.0006,120,37.787,120,YERLİ,2023-04-02,1275,,0,2,20.0167,02,HM1,226.5328,KAPALI,2023,2,5
700105,2023-02-01,SAS23000063,1,H00010,320.01.0001,500,13.6687,500,YERLİ,2023-03-03,1275,,0,2,20.0167,02,HM1,341.4324,KAPALI,2023,2,5
700106,2023-02-02,SAS23000064,1,H00014,320.01.0008,2000,21.8311,2000,YERLİ,2023-04-03,1274,,0,2,20.0167,02,HM1,2181.2886,KAPALI,2023,2,5
700107,2023-02-02,SAS23000065,1,H00015,320.01.0001,1000,23.4451,1000,YERLİ,2023-03-04,1274,,0,2,20.0167,02,HM1,1171.277,KAPALI,2023,2,5
700108,2023-02-02,SAS23000065,2,D00009,320.01.0001,2000,159.9594,2000,YERLİ,2023-05-03,1274,,0,2,20.0167,03,DG1,15982.5945,KAPALI,2023,2,5
700109,2023-02-02,SAS23000066,1,D00010,320.01.0023,250,118.081,250,İTHAL,2023-02-17,1274,,0,2,20.0167,03,DG1,1474.7811,KAPALI,2023,2,5
700110,2023-02-03,SAS23000067,1,H00001,320.01.0003,10000,28.3863,10000,İTHAL,2023-03-05,1273,,0,2,20.0167,02,HM1,14181.3086,KAPALI,2023,2,5
700111,2023-02-03,SAS23000067,2,D00003,320.01.0003,250,162.226,250,İTHAL,2023-02-18,1273,,0,2,20.0167,03,DG1,2026.1332,KAPALI,2023,2,5
700112,2023-02-03,SAS23000067,3,H00009,320.01.0003,250,44.5243,250,İTHAL,2023-02-18,1273,,0,2,20.0167,02,HM1,556.0894,KAPALI,2023,2,5
700113,2023-02-03,SAS23000068,1,H00001,320.01.0004,5000,34.9723,5000,YERLİ,2023-02-24,1273,,0,2,20.0167,02,HM1,8735.7806,KAPALI,2023,2,5
700114,2023-02-06,SAS23000069,1,D00004,320.01.0024,1000,39.3183,0,YERLİ,2023-03-08,1270,-1240,1000,2,20.0167,03,DG1,1964.2748,ACIK,2023,2,6
700115,2023-02-06,SAS23000069,2,H00004,320.01.0024,250,42.9575,250,YERLİ,2023-02-21,1270,,0,2,20.0167,02,HM1,536.5208,KAPALI,2023,2,6
700116,2023-02-06,SAS23000070,1,H00009,320.01.0045,120,50.2375,120,YERLİ,2023-04-07,1270,,0,2,20.0167,02,HM1,301.1735,KAPALI,2023,2,6
700117,2023-02-06,SAS23000070,2,H00015,320.01.0045,120,26.2465,120,YERLİ,2023-03-23,1270,,0,2,20.0167,02,HM1,157.3476,KAPALI,2023,2,6
700118,2023-02-06,SAS23000070,3,D00003,320.01.0045,1000,187.781,1000,YERLİ,2023-02-16,1270,,0,2,20.0167,03,DG1,9381.2167,KAPALI,2023,2,6
700119,2023-02-06,SAS23000071,1,D00011,320.01.0042,120,5.274,120,YERLİ,2023-03-08,1270,,0,2,20.0167,03,DG1,31.6176,KAPALI,2023,2,6
700120,2023-02-06,SAS23000072,1,D00007,320.01.0010,250,44.5792,250,YERLİ,2023-03-08,1270,,0,2,20.0167,03,DG1,556.7751,KAPALI,2023,2,6
700121,2023-02-07,SAS23000073,1,D00011,320.01.0003,5000,5.8271,5000,İTHAL,2023-04-08,1269,,0,2,20.0167,03,DG1,1455.5596,KAPALI,2023,2,6
700122,2023-02-07,SAS23000073,2,D00011,320.01.0003,120,5.7541,120,İTHAL,2023-02-17,1269,,0,2,20.0167,03,DG1,34.4958,KAPALI,2023,2,6
700123,2023-02-07,SAS23000074,1,D00001,320.01.0006,10000,22.5899,10000,YERLİ,2023-02-17,1269,,0,2,20.0167,03,DG1,11285.5266,KAPALI,2023,2,6
700124,2023-02-07,SAS23000074,2,D00012,320.01.0006,1000,85.1641,1000,YERLİ,2023-02-22,1269,,0,2,20.0167,03,DG1,4254.6524,KAPALI,2023,2,6
700125,2023-02-07,SAS23000075,1,H00013,320.01.0006,2000,61.4678,2000,YERLİ,2023-02-28,1269,,0,2,20.0167,02,HM1,6141.6517,KAPALI,2023,2,6
700126,2023-02-07,SAS23000075,2,D00007,320.01.0006,5000,51.3248,5000,YERLİ,2023-05-08,1269,,0,2,20.0167,03,DG1,12820.4949,KAPALI,2023,2,6
700127,2023-02-08,SAS23000076,1,D00005,320.01.0002,120,185.1603,120,YERLİ,2023-03-25,1268,,0,2,20.0167,03,DG1,1110.0349,KAPALI,2023,2,6
700128,2023-02-08,SAS23000077,1,H00005,320.01.0002,2000,32.7008,2000,YERLİ,2023-03-25,1268,,0,2,20.0167,02,HM1,3267.3518,KAPALI,2023,2,6
700129,2023-02-08,SAS23000077,2,D00012,320.01.0002,1000,83.7254,1000,YERLİ,2023-03-01,1268,,0,2,20.0167,03,DG1,4182.7774,KAPALI,2023,2,6
700130,2023-02-08,SAS23000077,3,H00006,320.01.0002,250,58.3269,250,YERLİ,2023-05-09,1268,,0,2,20.0167,02,HM1,728.478,KAPALI,2023,2,6
700131,2023-02-08,SAS23000078,1,D00011,320.01.0020,5000,5.5174,5000,YERLİ,2023-03-10,1268,,0,2,20.0167,03,DG1,1378.1992,KAPALI,2023,2,6
700132,2023-02-09,SAS23000079,1,D00010,320.01.0023,250,110.0283,250,İTHAL,2023-03-02,1267,,0,2,20.0167,03,DG1,1374.2063,KAPALI,2023,2,6
700133,2023-02-09,SAS23000080,1,H00015,320.01.0048,10000,26.4709,10000,YERLİ,2023-02-24,1267,,0,2,20.0167,02,HM1,13224.4076,KAPALI,2023,2,6
700134,2023-02-09,SAS23000081,1,H00001,320.01.0031,1000,33.6757,1000,YERLİ,2023-05-10,1267,,0,2,20.0167,02,HM1,1682.3802,KAPALI,2023,2,6
700135,2023-02-09,SAS23000081,2,H00012,320.01.0031,5000,20.9058,5000,YERLİ,2023-05-10,1267,,0,2,20.0167,02,HM1,5222.0896,KAPALI,2023,2,6
700136,2023-02-10,SAS23000082,1,H00007,320.01.0008,10000,27.4394,10000,YERLİ,2023-04-11,1266,,0,2,20.0167,02,HM1,13708.2536,KAPALI,2023,2,6
700137,2023-02-10,SAS23000082,2,H00003,320.01.0008,500,44.039,500,YERLİ,2023-02-20,1266,,0,2,20.0167,02,HM1,1100.0565,KAPALI,2023,2,6
700138,2023-02-10,SAS23000083,1,D00009,320.01.0007,500,147.5636,500,YERLİ,2023-02-20,1266,,0,2,20.0167,03,DG1,3686.0122,KAPALI,2023,2,6
700139,2023-02-10,SAS23000083,2,H00001,320.01.0007,2000,33.8408,2000,YERLİ,2023-02-20,1266,,0,2,20.0167,02,HM1,3381.2567,KAPALI,2023,2,6
700140,2023-02-13,SAS23000084,1,H00007,320.01.0002,5000,26.9834,5000,YERLİ,2023-03-30,1263,,0,2,20.0167,02,HM1,6740.2219,KAPALI,2023,2,7
700141,2023-02-13,SAS23000084,2,H00009,320.01.0002,500,48.6186,500,YERLİ,2023-02-28,1263,,0,2,20.0167,02,HM1,1214.4509,KAPALI,2023,2,7
700142,2023-02-13,SAS23000084,3,H00011,320.01.0002,1000,24.4658,1000,YERLİ,2023-03-06,1263,,0,2,20.0167,02,HM1,1222.2694,KAPALI,2023,2,7
700143,2023-02-13,SAS23000085,1,H00014,320.01.0002,1000,19.1122,1000,YERLİ,2023-03-15,1263,,0,2,20.0167,02,HM1,954.8127,KAPALI,2023,2,7
700144,2023-02-13,SAS23000085,2,D00010,320.01.0002,120,130.928,120,YERLİ,2023-03-06,1263,,0,2,20.0167,03,DG1,784.9126,KAPALI,2023,2,7
700145,2023-02-13,SAS23000086,1,H00016,320.01.0052,10000,55.9719,10000,YERLİ,2023-05-14,1263,,0,2,20.0167,02,HM1,27962.6012,KAPALI,2023,2,7
700146,2023-02-13,SAS23000087,1,D00005,320.01.0001,2000,160.1454,2000,YERLİ,2023-03-15,1263,,0,2,20.0167,03,DG1,16001.179,KAPALI,2023,2,7
700147,2023-02-13,SAS23000087,2,H00004,320.01.0001,250,46.9514,250,YERLİ,2023-04-14,1263,,0,2,20.0167,02,HM1,586.4029,KAPALI,2023,2,7
700148,2023-02-13,SAS23000087,3,D00002,320.01.0001,10000,39.8969,10000,YERLİ,2023-03-15,1263,,0,2,20.0167,03,DG1,19931.8069,KAPALI,2023,2,7
700149,2023-02-14,SAS23000088,1,D00001,320.01.0019,10000,21.157,10000,YERLİ,2023-03-16,1262,,0,2,20.0167,03,DG1,10569.6743,KAPALI,2023,2,7
700150,2023-02-14,SAS23000088,2,H00007,320.01.0019,250,29.1894,250,YERLİ,2023-03-01,1262,,0,2,20.0167,02,HM1,364.5631,KAPALI,2023,2,7
700151,2023-02-14,SAS23000089,1,D00006,320.01.0046,120,175.1947,120,YERLİ,2023-02-24,1262,,0,2,20.0167,03,DG1,1050.2912,KAPALI,2023,2,7
700152,2023-02-15,SAS23000090,1,H00009,320.01.0023,1000,51.3899,1000,İTHAL,2023-03-02,1261,,0,2,20.0167,02,HM1,2567.3513,KAPALI,2023,2,7
700153,2023-02-15,SAS23000091,1,H00016,320.01.0002,2000,48.7489,2000,YERLİ,2023-03-02,1261,,0,2,20.0167,02,HM1,4870.8229,KAPALI,2023,2,7
700154,2023-02-15,SAS23000092,1,H00010,320.01.0050,10000,13.3469,0,YERLİ,2023-02-25,1261,-1251,10000,2,20.0167,02,HM1,6667.8823,ACIK,2023,2,7
700155,2023-02-15,SAS23000093,1,D00006,320.01.0001,2000,201.6963,2000,YERLİ,2023-03-08,1261,,0,2,20.0167,03,DG1,20152.8024,KAPALI,2023,2,7
700156,2023-02-15,SAS23000093,2,D00009,320.01.0001,5000,162.0851,5000,YERLİ,2023-05-16,1261,,0,2,20.0167,03,DG1,40487.468,KAPALI,2023,2,7
700157,2023-02-16,SAS23000094,1,H00004,320.01.0006,2000,43.7163,2000,YERLİ,2023-03-03,1260,,0,2,20.0167,02,HM1,4367.9827,KAPALI,2023,2,7
700158,2023-02-16,SAS23000094,2,D00005,320.01.0006,120,183.8106,120,YERLİ,2023-03-03,1260,,0,2,20.0167,03,DG1,1101.9435,KAPALI,2023,2,7
700159,2023-02-16,SAS23000094,3,D00006,320.01.0006,1000,176.6785,1000,YERLİ,2023-04-02,1260,,0,2,20.0167,03,DG1,8826.5548,KAPALI,2023,2,7
700160,2023-02-17,SAS23000095,1,H00015,320.01.0001,5000,24.7254,5000,YERLİ,2023-03-10,1259,,0,2,20.0167,02,HM1,6176.1929,KAPALI,2023,2,7
700161,2023-02-17,SAS23000095,2,H00009,320.01.0001,2000,45.8609,2000,YERLİ,2023-03-19,1259,,0,2,20.0167,02,HM1,4582.2638,KAPALI,2023,2,7
700162,2023-02-17,SAS23000096,1,H00001,320.01.0005,5000,28.0562,0,YERLİ,2023-05-18,1259,-1169,5000,2,20.0167,02,HM1,7008.1982,ACIK,2023,2,7
700163,2023-02-17,SAS23000096,2,H00015,320.01.0005,1000,26.9807,1000,YERLİ,2023-04-18,1259,,0,2,20.0167,02,HM1,1347.9095,KAPALI,2023,2,7
700164,2023-02-17,SAS23000096,3,H00008,320.01.0005,120,40.3327,120,YERLİ,2023-03-04,1259,,0,2,20.0167,02,HM1,241.7943,KAPALI,2023,2,7
700165,2023-02-17,SAS23000097,1,H00007,320.01.0010,10000,27.1757,10000,YERLİ,2023-02-27,1259,,0,2,20.0167,02,HM1,13576.5136,KAPALI,2023,2,7
700166,2023-02-17,SAS23000097,2,H00004,320.01.0010,5000,47.5848,5000,YERLİ,2023-04-03,1259,,0,2,20.0167,02,HM1,11886.275,KAPALI,2023,2,7
700167,2023-02-20,SAS23000098,1,H00015,320.01.0020,250,27.604,250,YERLİ,2023-03-07,1256,,0,2,20.0167,02,HM1,344.7621,KAPALI,2023,2,8
700168,2023-02-20,SAS23000098,2,D00009,320.01.0020,5000,161.0509,5000,YERLİ,2023-04-21,1256,,0,2,20.0167,03,DG1,40229.1337,KAPALI,2023,2,8
700169,2023-02-20,SAS23000099,1,H00004,320.01.0011,500,38.9234,0,YERLİ,2023-04-21,1256,-1196,500,2,20.0167,02,HM1,972.2732,ACIK,2023,2,8
700170,2023-02-20,SAS23000099,2,H00011,320.01.0011,2000,22.1411,2000,YERLİ,2023-03-07,1256,,0,2,20.0167,02,HM1,2212.2628,KAPALI,2023,2,8
700171,2023-02-20,SAS23000100,1,H00014,320.01.0008,120,23.5845,120,YERLİ,2023-03-22,1256,,0,2,20.0167,02,HM1,141.3889,KAPALI,2023,2,8
700172,2023-02-20,SAS23000100,2,D00002,320.01.0008,250,38.9358,250,YERLİ,2023-03-22,1256,,0,2,20.0167,03,DG1,486.2914,KAPALI,2023,2,8
700173,2023-02-20,SAS23000101,1,H00001,320.01.0004,1000,34.7498,1000,YERLİ,2023-04-21,1256,,0,2,20.0167,02,HM1,1736.0404,KAPALI,2023,2,8
700174,2023-02-21,SAS23000102,1,D00002,320.01.0008,5000,39.8828,5000,YERLİ,2023-03-08,1255,,0,2,20.0167,03,DG1,9962.3814,KAPALI,2023,2,8
700175,2023-02-21,SAS23000102,2,H00016,320.01.0008,2000,46.4437,2000,YERLİ,2023-04-07,1255,,0,2,20.0167,02,HM1,4640.4952,KAPALI,2023,2,8
700176,2023-02-21,SAS23000102,3,D00005,320.01.0008,500,191.1857,500,YERLİ,2023-03-14,1255,,0,2,20.0167,03,DG1,4775.6548,KAPALI,2023,2,8
700177,2023-02-21,SAS23000103,1,D00004,320.01.0001,10000,41.8843,10000,YERLİ,2023-05-22,1255,,0,2,20.0167,03,DG1,20924.6779,KAPALI,2023,2,8
700178,2023-02-21,SAS23000103,2,H00004,320.01.0001,500,39.3014,500,YERLİ,2023-04-07,1255,,0,2,20.0167,02,HM1,981.7153,KAPALI,2023,2,8
700179,2023-02-21,SAS23000103,3,H00007,320.01.0001,2000,30.9827,2000,YERLİ,2023-03-23,1255,,0,2,20.0167,02,HM1,3095.6851,KAPALI,2023,2,8
700180,2023-02-21,SAS23000104,1,D00009,320.01.0003,1000,161.6453,1000,İTHAL,2023-03-23,1255,,0,2,20.0167,03,DG1,8075.5219,KAPALI,2023,2,8
700181,2023-02-21,SAS23000104,2,H00008,320.01.0003,10000,41.3917,10000,İTHAL,2023-03-03,1255,,0,2,20.0167,02,HM1,20678.5834,KAPALI,2023,2,8
700182,2023-02-22,SAS23000105,1,D00012,320.01.0044,5000,78.5019,5000,YERLİ,2023-04-23,1254,,0,2,20.0167,03,DG1,19609.1014,KAPALI,2023,2,8
700183,2023-02-22,SAS23000105,2,H00005,320.01.0044,250,32.6787,250,YERLİ,2023-04-23,1254,,0,2,20.0167,02,HM1,408.143,KAPALI,2023,2,8
700184,2023-02-22,SAS23000106,1,H00009,320.01.0009,2000,47.4027,2000,YERLİ,2023-03-15,1254,,0,2,20.0167,02,HM1,4736.3152,KAPALI,2023,2,8
700185,2023-02-22,SAS23000107,1,H00003,320.01.0006,500,49.9759,500,YERLİ,2023-04-08,1254,,0,2,20.0167,02,HM1,1248.3551,KAPALI,2023,2,8
700186,2023-02-24,SAS23000108,1,H00014,320.01.0001,10000,22.6773,5000,YERLİ,2023-05-25,1252,-1162,5000,2,20.0167,02,HM1,11329.1901,ACIK,2023,2,8
700187,2023-02-24,SAS23000108,2,H00006,320.01.0001,120,59.9129,60,YERLİ,2023-03-26,1252,-1222,60,2,20.0167,02,HM1,359.1775,ACIK,2023,2,8
700188,2023-02-24,SAS23000109,1,D00005,320.01.0011,10000,153.0722,10000,YERLİ,2023-03-26,1252,,0,2,20.0167,03,DG1,76472.2457,KAPALI,2023,2,8
700189,2023-02-24,SAS23000109,2,D00010,320.01.0011,120,129.0213,120,YERLİ,2023-03-17,1252,,0,2,20.0167,03,DG1,773.4819,KAPALI,2023,2,8
700190,2023-02-27,SAS23000110,1,H00014,320.01.0014,1000,19.5222,1000,YERLİ,2023-03-14,1249,,0,2,20.0167,02,HM1,975.2956,KAPALI,2023,2,9
700191,2023-02-27,SAS23000110,2,D00011,320.01.0014,10000,6.1796,10000,YERLİ,2023-03-14,1249,,0,2,20.0167,03,DG1,3087.2222,KAPALI,2023,2,9
700192,2023-02-27,SAS23000111,1,D00005,320.01.0023,2000,167.1867,2000,İTHAL,2023-03-20,1249,,0,2,20.0167,03,DG1,16704.7216,KAPALI,2023,2,9
700193,2023-02-27,SAS23000111,2,D00012,320.01.0023,120,73.9845,120,İTHAL,2023-03-20,1249,,0,2,20.0167,03,DG1,443.5366,KAPALI,2023,2,9
700194,2023-02-27,SAS23000112,1,D00009,320.01.0011,5000,145.0694,2500,YERLİ,2023-03-20,1249,-1228,2500,2,20.0167,03,DG1,36237.092,ACIK,2023,2,9
700195,2023-02-27,SAS23000112,2,H00016,320.01.0011,5000,46.2559,5000,YERLİ,2023-03-09,1249,,0,2,20.0167,02,HM1,11554.3271,KAPALI,2023,2,9
700196,2023-02-27,SAS23000113,1,H00008,320.01.0001,10000,34.3537,10000,YERLİ,2023-03-20,1249,,0,2,20.0167,02,HM1,17162.5193,KAPALI,2023,2,9
700197,2023-02-27,SAS23000113,2,H00003,320.01.0001,2000,46.4118,0,YERLİ,2023-04-13,1249,-1204,2000,2,20.0167,02,HM1,4637.3078,ACIK,2023,2,9
700198,2023-02-27,SAS23000113,3,D00005,320.01.0001,250,160.78,250,YERLİ,2023-04-28,1249,,0,2,20.0167,03,DG1,2008.0733,KAPALI,2023,2,9
700199,2023-02-27,SAS23000114,1,H00015,320.01.0031,10000,26.2143,10000,YERLİ,2023-05-28,1249,,0,2,20.0167,02,HM1,13096.2147,KAPALI,2023,2,9
700200,2023-02-28,SAS23000115,1,H00014,320.01.0001,10000,21.6859,10000,YERLİ,2023-04-29,1248,,0,2,20.0167,02,HM1,10833.9037,KAPALI,2023,2,9
700201,2023-02-28,SAS23000115,2,H00007,320.01.0001,120,25.8079,120,YERLİ,2023-03-10,1248,,0,2,20.0167,02,HM1,154.7182,KAPALI,2023,2,9
700202,2023-02-28,SAS23000115,3,H00011,320.01.0001,2000,24.8919,2000,YERLİ,2023-05-29,1248,,0,2,20.0167,02,HM1,2487.1133,KAPALI,2023,2,9
700203,2023-02-28,SAS23000116,1,D00002,320.01.0012,5000,37.1205,5000,YERLİ,2023-04-29,1248,,0,2,20.0167,03,DG1,9272.3826,KAPALI,2023,2,9
700204,2023-02-28,SAS23000116,2,H00008,320.01.0012,120,35.907,120,YERLİ,2023-03-15,1248,,0,2,20.0167,02,HM1,215.2623,KAPALI,2023,2,9
700205,2023-02-28,SAS23000117,1,H00006,320.01.0026,250,62.1977,250,YERLİ,2023-03-15,1248,,0,2,20.0167,02,HM1,776.8226,KAPALI,2023,2,9
700206,2023-02-28,SAS23000118,1,D00005,320.01.0031,500,172.7412,500,YERLİ,2023-03-15,1248,,0,2,20.0167,03,DG1,4314.927,KAPALI,2023,2,9
700207,2023-02-28,SAS23000118,2,D00002,320.01.0031,10000,34.3393,10000,YERLİ,2023-04-14,1248,,0,2,20.0167,03,DG1,17155.3253,KAPALI,2023,2,9
700208,2023-02-28,SAS23000119,1,H00003,320.01.0001,120,50.9092,60,YERLİ,2023-04-29,1248,-1188,60,2,20.0167,02,HM1,305.2004,ACIK,2023,2,9
700209,2023-02-28,SAS23000119,2,H00016,320.01.0001,5000,51.4609,2500,YERLİ,2023-04-14,1248,-1203,2500,2,20.0167,02,HM1,12854.4915,ACIK,2023,2,9
700210,2023-03-01,SAS23000120,1,D00001,320.01.0021,500,20.9588,500,YERLİ,2023-03-31,1247,,0,2,21.2333,03,DG1,493.5361,KAPALI,2023,3,9
700211,2023-03-01,SAS23000120,2,D00007,320.01.0021,1000,56.9516,1000,YERLİ,2023-04-15,1247,,0,2,21.2333,03,DG1,2682.1832,KAPALI,2023,3,9
700212,2023-03-01,SAS23000120,3,D00004,320.01.0021,250,50.2354,250,YERLİ,2023-04-15,1247,,0,2,21.2333,03,DG1,591.4695,KAPALI,2023,3,9
700213,2023-03-01,SAS23000121,1,H00009,320.01.0030,2000,44.6122,2000,YERLİ,2023-03-11,1247,,0,2,21.2333,02,HM1,4202.0976,KAPALI,2023,3,9
700214,2023-03-02,SAS23000122,1,H00009,320.01.0015,10000,44.8988,10000,YERLİ,2023-05-01,1246,,0,2,21.2333,02,HM1,21145.4649,KAPALI,2023,3,9
700215,2023-03-02,SAS23000122,2,D00007,320.01.0015,2000,46.7574,2000,YERLİ,2023-05-31,1246,,0,2,21.2333,03,DG1,4404.1576,KAPALI,2023,3,9
700216,2023-03-02,SAS23000123,1,D00004,320.01.0001,10000,46.9111,0,YERLİ,2023-04-16,1246,-1201,10000,2,21.2333,03,DG1,22093.1744,ACIK,2023,3,9
700217,2023-03-02,SAS23000123,2,H00005,320.01.0001,500,38.1981,500,YERLİ,2023-04-16,1246,,0,2,21.2333,02,HM1,899.4857,KAPALI,2023,3,9
700218,2023-03-02,SAS23000123,3,D00008,320.01.0001,120,196.6426,120,YERLİ,2023-03-23,1246,,0,2,21.2333,03,DG1,1111.3257,KAPALI,2023,3,9
700219,2023-03-02,SAS23000124,1,D00002,320.01.0001,5000,40.598,5000,YERLİ,2023-05-01,1246,,0,2,21.2333,03,DG1,9559.9836,KAPALI,2023,3,9
700220,2023-03-02,SAS23000124,2,H00016,320.01.0001,2000,54.9161,2000,YERLİ,2023-03-23,1246,,0,2,21.2333,02,HM1,5172.6392,KAPALI,2023,3,9
700221,2023-03-02,SAS23000125,1,D00009,320.01.0009,1000,149.5005,1000,YERLİ,2023-03-17,1246,,0,2,21.2333,03,DG1,7040.8509,KAPALI,2023,3,9
700222,2023-03-03,SAS23000126,1,H00005,320.01.0043,500,37.6121,500,İTHAL,2023-04-17,1245,,0,2,21.2333,02,HM1,885.6866,KAPALI,2023,3,9
700223,2023-03-03,SAS23000126,2,D00001,320.01.0043,1000,22.4991,1000,İTHAL,2023-03-18,1245,,0,2,21.2333,03,DG1,1059.6139,KAPALI,2023,3,9
700224,2023-03-03,SAS23000126,3,H00008,320.01.0043,1000,39.1826,1000,İTHAL,2023-06-01,1245,,0,2,21.2333,02,HM1,1845.3373,KAPALI,2023,3,9
700225,2023-03-03,SAS23000127,1,H00002,320.01.0028,2000,14.1292,2000,YERLİ,2023-04-17,1245,,0,2,21.2333,02,HM1,1330.853,KAPALI,2023,3,9
700226,2023-03-03,SAS23000128,1,H00001,320.01.0042,5000,34.3858,5000,YERLİ,2023-04-17,1245,,0,2,21.2333,02,HM1,8097.1399,KAPALI,2023,3,9
700227,2023-03-03,SAS23000128,2,H00005,320.01.0042,10000,33.2761,10000,YERLİ,2023-05-02,1245,,0,2,21.2333,02,HM1,15671.6573,KAPALI,2023,3,9
700228,2023-03-03,SAS23000129,1,D00004,320.01.0045,250,50.2592,250,YERLİ,2023-05-02,1245,,0,2,21.2333,03,DG1,591.7498,KAPALI,2023,3,9
700229,2023-03-03,SAS23000129,2,D00004,320.01.0045,120,45.7492,120,YERLİ,2023-03-13,1245,,0,2,21.2333,03,DG1,258.5516,KAPALI,2023,3,9
700230,2023-03-06,SAS23000130,1,H00010,320.01.0018,500,14.2355,500,YERLİ,2023-03-16,1242,,0,2,21.2333,02,HM1,335.2164,KAPALI,2023,3,10
700231,2023-03-06,SAS23000131,1,H00011,320.01.0004,1000,22.0189,1000,YERLİ,2023-03-16,1242,,0,2,21.2333,02,HM1,1036.9985,KAPALI,2023,3,10
700232,2023-03-06,SAS23000131,2,D00001,320.01.0004,5000,26.412,5000,YERLİ,2023-06-04,1242,,0,2,21.2333,03,DG1,6219.476,KAPALI,2023,3,10
700233,2023-03-07,SAS23000132,1,H00014,320.01.0002,250,22.1705,250,YERLİ,2023-04-06,1241,,0,2,21.2333,02,HM1,261.0346,KAPALI,2023,3,10
700234,2023-03-08,SAS23000133,1,H00008,320.01.0001,1000,39.6176,1000,YERLİ,2023-05-07,1240,,0,2,21.2333,02,HM1,1865.824,KAPALI,2023,3,10
700235,2023-03-08,SAS23000133,2,D00003,320.01.0001,120,171.016,120,YERLİ,2023-03-23,1240,,0,2,21.2333,03,DG1,966.497,KAPALI,2023,3,10
700236,2023-03-08,SAS23000133,3,D00007,320.01.0001,2000,56.0486,2000,YERLİ,2023-03-18,1240,,0,2,21.2333,03,DG1,5279.3113,KAPALI,2023,3,10
700237,2023-03-08,SAS23000134,1,D00011,320.01.0013,2000,6.5941,2000,YERLİ,2023-05-07,1240,,0,2,21.2333,03,DG1,621.1093,KAPALI,2023,3,10
700238,2023-03-08,SAS23000134,2,H00002,320.01.0013,250,13.0168,0,YERLİ,2023-03-18,1240,-1230,250,2,21.2333,02,HM1,153.2593,ACIK,2023,3,10
700239,2023-03-08,SAS23000134,3,D00005,320.01.0013,500,180.1269,0,YERLİ,2023-06-06,1240,-1150,500,2,21.2333,03,DG1,4241.6134,ACIK,2023,3,10
700240,2023-03-09,SAS23000135,1,H00006,320.01.0004,1000,65.4306,1000,YERLİ,2023-05-08,1239,,0,2,21.2333,02,HM1,3081.5088,KAPALI,2023,3,10
700241,2023-03-09,SAS23000135,2,H00012,320.01.0004,120,21.5673,120,YERLİ,2023-05-08,1239,,0,2,21.2333,02,HM1,121.8876,KAPALI,2023,3,10
700242,2023-03-09,SAS23000135,3,D00001,320.01.0004,1000,23.3649,1000,YERLİ,2023-03-30,1239,,0,2,21.2333,03,DG1,1100.3895,KAPALI,2023,3,10
700243,2023-03-10,SAS23000136,1,H00013,320.01.0005,120,54.9336,120,YERLİ,2023-03-25,1238,,0,2,21.2333,02,HM1,310.4573,KAPALI,2023,3,10
700244,2023-03-10,SAS23000136,2,D00001,320.01.0005,120,20.7766,120,YERLİ,2023-05-09,1238,,0,2,21.2333,03,DG1,117.419,KAPALI,2023,3,10
700245,2023-03-10,SAS23000137,1,D00009,320.01.0001,500,141.6885,500,YERLİ,2023-04-24,1238,,0,2,21.2333,03,DG1,3336.4691,KAPALI,2023,3,10
700246,2023-03-13,SAS23000138,1,H00007,320.01.0019,2000,26.513,2000,YERLİ,2023-05-12,1235,,0,2,21.2333,02,HM1,2497.3038,KAPALI,2023,3,11
700247,2023-03-13,SAS23000138,2,H00002,320.01.0019,120,14.0084,120,YERLİ,2023-04-03,1235,,0,2,21.2333,02,HM1,79.1685,KAPALI,2023,3,11
700248,2023-03-13,SAS23000139,1,D00012,320.01.0002,5000,83.3177,5000,YERLİ,2023-03-23,1235,,0,2,21.2333,03,DG1,19619.5834,KAPALI,2023,3,11
700249,2023-03-13,SAS23000139,2,H00002,320.01.0002,10000,14.1665,10000,YERLİ,2023-03-28,1235,,0,2,21.2333,02,HM1,6671.8315,KAPALI,2023,3,11
700250,2023-03-13,SAS23000140,1,H00016,320.01.0050,120,58.0652,120,YERLİ,2023-03-23,1235,,0,2,21.2333,02,HM1,328.1555,KAPALI,2023,3,11
700251,2023-03-14,SAS23000141,1,H00015,320.01.0012,500,26.1599,500,YERLİ,2023-04-04,1234,,0,2,21.2333,02,HM1,616.0112,KAPALI,2023,3,11
700252,2023-03-14,SAS23000141,2,H00008,320.01.0012,5000,36.0281,5000,YERLİ,2023-04-13,1234,,0,2,21.2333,02,HM1,8483.8673,KAPALI,2023,3,11
700253,2023-03-14,SAS23000141,3,H00004,320.01.0012,120,44.1043,120,YERLİ,2023-04-13,1234,,0,2,21.2333,02,HM1,249.2555,KAPALI,2023,3,11
700254,2023-03-14,SAS23000142,1,D00009,320.01.0015,120,151.7243,120,YERLİ,2023-04-28,1234,,0,2,21.2333,03,DG1,857.4699,KAPALI,2023,3,11
700255,2023-03-14,SAS23000142,2,D00005,320.01.0015,2000,194.6268,2000,YERLİ,2023-04-04,1234,,0,2,21.2333,03,DG1,18332.2234,KAPALI,2023,3,11
700256,2023-03-14,SAS23000143,1,H00001,320.01.0035,2000,33.304,2000,İTHAL,2023-04-13,1234,,0,2,21.2333,02,HM1,3136.9594,KAPALI,2023,3,11
700257,2023-03-14,SAS23000144,1,D00004,320.01.0001,500,40.4339,500,YERLİ,2023-03-29,1234,,0,2,21.2333,03,DG1,952.1341,KAPALI,2023,3,11
700258,2023-03-14,SAS23000145,1,H00010,320.01.0053,500,14.8585,500,İTHAL,2023-03-29,1234,,0,2,21.2333,02,HM1,349.8867,KAPALI,2023,3,11
700259,2023-03-14,SAS23000145,2,H00016,320.01.0053,120,55.1771,120,İTHAL,2023-05-13,1234,,0,2,21.2333,02,HM1,311.8334,KAPALI,2023,3,11
700260,2023-03-14,SAS23000146,1,H00015,320.01.0054,2000,23.2768,2000,YERLİ,2023-04-13,1234,,0,2,21.2333,02,HM1,2192.4807,KAPALI,2023,3,11
700261,2023-03-14,SAS23000146,2,D00006,320.01.0054,120,208.8059,120,YERLİ,2023-03-24,1234,,0,2,21.2333,03,DG1,1180.0666,KAPALI,2023,3,11
700262,2023-03-14,SAS23000146,3,H00006,320.01.0054,10000,61.9521,10000,YERLİ,2023-03-24,1234,,0,2,21.2333,02,HM1,29176.859,KAPALI,2023,3,11
700263,2023-03-14,SAS23000147,1,H00002,320.01.0041,10000,12.4323,10000,İTHAL,2023-04-28,1234,,0,2,21.2333,02,HM1,5855.0955,KAPALI,2023,3,11
700264,2023-03-14,SAS23000147,2,H00005,320.01.0041,1000,38.1795,1000,İTHAL,2023-03-24,1234,,0,2,21.2333,02,HM1,1798.0954,KAPALI,2023,3,11
700265,2023-03-15,SAS23000148,1,D00001,320.01.0036,500,22.1883,500,YERLİ,2023-04-05,1233,,0,2,21.2333,03,DG1,522.4883,KAPALI,2023,3,11
700266,2023-03-15,SAS23000148,2,H00003,320.01.0036,120,52.6336,120,YERLİ,2023-04-14,1233,,0,2,21.2333,02,HM1,297.4588,KAPALI,2023,3,11
700267,2023-03-15,SAS23000149,1,D00001,320.01.0042,250,24.6074,250,YERLİ,2023-04-05,1233,,0,2,21.2333,03,DG1,289.7265,KAPALI,2023,3,11
700268,2023-03-16,SAS23000150,1,D00003,320.01.0009,2000,180.6327,1000,YERLİ,2023-04-30,1232,-1187,1000,2,21.2333,03,DG1,17014.0958,ACIK,2023,3,11
700269,2023-03-16,SAS23000150,2,D00006,320.01.0009,10000,177.4395,10000,YERLİ,2023-03-31,1232,,0,2,21.2333,03,DG1,83566.6147,KAPALI,2023,3,11
700270,2023-03-16,SAS23000151,1,H00012,320.01.0001,1000,21.7627,1000,YERLİ,2023-04-06,1232,,0,2,21.2333,02,HM1,1024.9325,KAPALI,2023,3,11
700271,2023-03-16,SAS23000152,1,H00001,320.01.0005,1000,34.3026,1000,YERLİ,2023-04-15,1232,,0,2,21.2333,02,HM1,1615.5096,KAPALI,2023,3,11
700272,2023-03-16,SAS23000152,2,H00014,320.01.0005,250,20.1548,250,YERLİ,2023-04-06,1232,,0,2,21.2333,02,HM1,237.3018,KAPALI,2023,3,11
700273,2023-03-16,SAS23000153,1,H00006,320.01.0015,1000,68.7014,1000,YERLİ,2023-03-26,1232,,0,2,21.2333,02,HM1,3235.5498,KAPALI,2023,3,11
700274,2023-03-16,SAS23000153,2,H00010,320.01.0015,1000,16.2841,1000,YERLİ,2023-05-15,1232,,0,2,21.2333,02,HM1,766.9133,KAPALI,2023,3,11
700275,2023-03-16,SAS23000153,3,H00012,320.01.0015,2000,20.3646,2000,YERLİ,2023-04-30,1232,,0,2,21.2333,02,HM1,1918.1757,KAPALI,2023,3,11
700276,2023-03-17,SAS23000154,1,H00014,320.01.0001,1000,24.9142,1000,YERLİ,2023-05-16,1231,,0,2,21.2333,02,HM1,1173.3551,KAPALI,2023,3,11
700277,2023-03-17,SAS23000154,2,H00013,320.01.0001,10000,58.0277,10000,YERLİ,2023-06-15,1231,,0,2,21.2333,02,HM1,27328.63,KAPALI,2023,3,11
700278,2023-03-17,SAS23000155,1,H00006,320.01.0013,500,74.3084,500,YERLİ,2023-06-15,1231,,0,2,21.2333,02,HM1,1749.8081,KAPALI,2023,3,11
700279,2023-03-17,SAS23000155,2,H00006,320.01.0013,500,70.8899,500,YERLİ,2023-05-01,1231,,0,2,21.2333,02,HM1,1669.3095,KAPALI,2023,3,11
700280,2023-03-20,SAS23000156,1,H00003,320.01.0001,2000,48.7547,2000,YERLİ,2023-04-10,1228,,0,2,21.2333,02,HM1,4592.2866,KAPALI,2023,3,12
700281,2023-03-20,SAS23000157,1,H00006,320.01.0020,120,73.9287,120,YERLİ,2023-03-30,1228,,0,2,21.2333,02,HM1,417.8081,KAPALI,2023,3,12
700282,2023-03-20,SAS23000157,2,D00012,320.01.0020,500,93.1719,500,YERLİ,2023-05-19,1228,,0,2,21.2333,03,DG1,2194.0042,KAPALI,2023,3,12
700283,2023-03-20,SAS23000158,1,H00007,320.01.0023,10000,29.5144,10000,İTHAL,2023-05-04,1228,,0,2,21.2333,02,HM1,13900.0532,KAPALI,2023,3,12
700284,2023-03-20,SAS23000159,1,H00003,320.01.0015,10000,53.5141,10000,YERLİ,2023-06-18,1228,,0,2,21.2333,02,HM1,25202.9124,KAPALI,2023,3,12
700285,2023-03-20,SAS23000159,2,D00007,320.01.0015,10000,55.3583,10000,YERLİ,2023-04-10,1228,,0,2,21.2333,03,DG1,26071.4538,KAPALI,2023,3,12
700286,2023-03-20,SAS23000159,3,H00003,320.01.0015,500,53.8221,500,YERLİ,2023-05-04,1228,,0,2,21.2333,02,HM1,1267.3984,KAPALI,2023,3,12
700287,2023-03-21,SAS23000160,1,D00005,320.01.0014,10000,178.5102,10000,YERLİ,2023-05-05,1227,,0,2,21.2333,03,DG1,84070.8698,KAPALI,2023,3,12
700288,2023-03-21,SAS23000160,2,D00005,320.01.0014,250,195.8099,250,YERLİ,2023-04-20,1227,,0,2,21.2333,03,DG1,2305.4577,KAPALI,2023,3,12
700289,2023-03-21,SAS23000161,1,H00005,320.01.0014,250,35.7608,250,YERLİ,2023-05-20,1227,,0,2,21.2333,02,HM1,421.0462,KAPALI,2023,3,12
700290,2023-03-21,SAS23000161,2,H00013,320.01.0014,10000,55.0326,10000,YERLİ,2023-03-31,1227,,0,2,21.2333,02,HM1,25918.0627,KAPALI,2023,3,12
700291,2023-03-22,SAS23000162,1,H00001,320.01.0002,1000,37.1519,1000,YERLİ,2023-05-21,1226,,0,2,21.2333,02,HM1,1749.6998,KAPALI,2023,3,12
700292,2023-03-22,SAS23000163,1,H00009,320.01.0005,500,48.2585,500,YERLİ,2023-04-01,1226,,0,2,21.2333,02,HM1,1136.3872,KAPALI,2023,3,12
700293,2023-03-22,SAS23000163,2,H00014,320.01.0005,500,22.0469,500,YERLİ,2023-04-21,1226,,0,2,21.2333,02,HM1,519.1586,KAPALI,2023,3,12
700294,2023-03-22,SAS23000164,1,D00011,320.01.0027,500,6.6966,500,YERLİ,2023-04-06,1226,,0,2,21.2333,03,DG1,157.691,KAPALI,2023,3,12
700295,2023-03-22,SAS23000165,1,D00004,320.01.0011,120,42.4409,120,YERLİ,2023-04-01,1226,,0,2,21.2333,03,DG1,239.8548,KAPALI,2023,3,12
700296,2023-03-22,SAS23000165,2,D00011,320.01.0011,250,5.8411,250,YERLİ,2023-05-06,1226,,0,2,21.2333,03,DG1,68.7729,KAPALI,2023,3,12
700297,2023-03-22,SAS23000166,1,D00012,320.01.0007,5000,86.2076,5000,YERLİ,2023-04-21,1226,,0,2,21.2333,03,DG1,20300.0947,KAPALI,2023,3,12
700298,2023-03-22,SAS23000166,2,H00003,320.01.0007,120,43.6284,120,YERLİ,2023-05-06,1226,,0,2,21.2333,02,HM1,246.5659,KAPALI,2023,3,12
700299,2023-03-22,SAS23000166,3,H00014,320.01.0007,120,24.1684,120,YERLİ,2023-04-12,1226,,0,2,21.2333,02,HM1,136.5877,KAPALI,2023,3,12
700300,2023-03-23,SAS23000167,1,H00014,320.01.0001,500,23.5249,500,YERLİ,2023-04-07,1225,,0,2,21.2333,02,HM1,553.9624,KAPALI,2023,3,12
700301,2023-03-23,SAS23000167,2,H00009,320.01.0001,250,56.3721,0,YERLİ,2023-06-21,1225,-1135,250,2,21.2333,02,HM1,663.7228,ACIK,2023,3,12
700302,2023-03-23,SAS23000167,3,D00001,320.01.0001,2000,26.1373,2000,YERLİ,2023-04-22,1225,,0,2,21.2333,03,DG1,2461.916,KAPALI,2023,3,12
700303,2023-03-23,SAS23000168,1,H00004,320.01.0006,500,50.9287,250,YERLİ,2023-04-22,1225,-1195,250,2,21.2333,02,HM1,1199.2648,ACIK,2023,3,12
700304,2023-03-23,SAS23000168,2,H00012,320.01.0006,250,18.0369,250,YERLİ,2023-04-22,1225,,0,2,21.2333,02,HM1,212.3657,KAPALI,2023,3,12
700305,2023-03-24,SAS23000169,1,H00015,320.01.0010,500,29.2492,500,YERLİ,2023-05-23,1224,,0,2,21.2333,02,HM1,688.7578,KAPALI,2023,3,12
700306,2023-03-24,SAS23000170,1,H00002,320.01.0013,120,13.2226,60,YERLİ,2023-05-23,1224,-1164,60,2,21.2333,02,HM1,74.7275,ACIK,2023,3,12
700307,2023-03-24,SAS23000170,2,H00002,320.01.0013,250,12.2971,250,YERLİ,2023-04-03,1224,,0,2,21.2333,02,HM1,144.7855,KAPALI,2023,3,12
700308,2023-03-27,SAS23000171,1,D00002,320.01.0004,1000,41.5953,1000,YERLİ,2023-04-11,1221,,0,2,21.2333,03,DG1,1958.9654,KAPALI,2023,3,13
700309,2023-03-27,SAS23000171,2,H00014,320.01.0004,2000,24.3969,2000,YERLİ,2023-04-06,1221,,0,2,21.2333,02,HM1,2297.9848,KAPALI,2023,3,13
700310,2023-03-27,SAS23000172,1,D00006,320.01.0007,120,187.3185,120,YERLİ,2023-05-26,1221,,0,2,21.2333,03,DG1,1058.6305,KAPALI,2023,3,13
700311,2023-03-27,SAS23000172,2,D00002,320.01.0007,2000,34.6504,2000,YERLİ,2023-04-17,1221,,0,2,21.2333,03,DG1,3263.7791,KAPALI,2023,3,13
700312,2023-03-27,SAS23000172,3,H00011,320.01.0007,250,21.5967,250,YERLİ,2023-04-26,1221,,0,2,21.2333,02,HM1,254.2787,KAPALI,2023,3,13
700313,2023-03-27,SAS23000173,1,D00002,320.01.0014,5000,35.0312,5000,YERLİ,2023-04-17,1221,,0,2,21.2333,03,DG1,8249.1181,KAPALI,2023,3,13
700314,2023-03-27,SAS23000174,1,D00004,320.01.0010,2000,45.4234,2000,YERLİ,2023-04-11,1221,,0,2,21.2333,03,DG1,4278.5059,KAPALI,2023,3,13
700315,2023-03-27,SAS23000174,2,D00010,320.01.0010,1000,141.5497,1000,YERLİ,2023-04-11,1221,,0,2,21.2333,03,DG1,6666.4014,KAPALI,2023,3,13
700316,2023-03-28,SAS23000175,1,H00001,320.01.0010,5000,31.9785,5000,YERLİ,2023-04-27,1220,,0,2,21.2333,02,HM1,7530.2708,KAPALI,2023,3,13
700317,2023-03-28,SAS23000176,1,D00002,320.01.0007,250,41.1924,250,YERLİ,2023-04-27,1220,,0,2,21.2333,03,DG1,484.9976,KAPALI,2023,3,13
700318,2023-03-28,SAS23000177,1,H00012,320.01.0011,2000,17.8699,2000,YERLİ,2023-04-18,1220,,0,2,21.2333,02,HM1,1683.1957,KAPALI,2023,3,13
700319,2023-03-29,SAS23000178,1,D00007,320.01.0002,1000,55.818,1000,YERLİ,2023-04-19,1219,,0,2,21.2333,03,DG1,2628.7953,KAPALI,2023,3,13
700320,2023-03-29,SAS23000179,1,D00008,320.01.0003,2000,177.8757,2000,İTHAL,2023-04-28,1219,,0,2,21.2333,03,DG1,16754.4093,KAPALI,2023,3,13
700321,2023-03-29,SAS23000179,2,H00005,320.01.0003,10000,34.8478,10000,İTHAL,2023-04-28,1219,,0,2,21.2333,02,HM1,16411.8625,KAPALI,2023,3,13
700322,2023-03-29,SAS23000180,1,H00004,320.01.0007,250,44.0047,250,YERLİ,2023-04-08,1219,,0,2,21.2333,02,HM1,518.1095,KAPALI,2023,3,13
700323,2023-03-29,SAS23000180,2,H00002,320.01.0007,5000,12.9826,5000,YERLİ,2023-04-28,1219,,0,2,21.2333,02,HM1,3057.132,KAPALI,2023,3,13
700324,2023-03-29,SAS23000181,1,H00013,320.01.0008,2000,64.1494,2000,YERLİ,2023-04-28,1219,,0,2,21.2333,02,HM1,6042.3392,KAPALI,2023,3,13
700325,2023-03-30,SAS23000182,1,H00004,320.01.0008,5000,45.0516,5000,YERLİ,2023-04-20,1218,,0,2,21.2333,02,HM1,10608.7137,KAPALI,2023,3,13
700326,2023-03-31,SAS23000183,1,D00008,320.01.0003,2000,213.9054,2000,İTHAL,2023-04-15,1217,,0,2,21.2333,03,DG1,20148.107,KAPALI,2023,3,13
700327,2023-03-31,SAS23000183,2,D00011,320.01.0003,250,6.683,250,İTHAL,2023-05-30,1217,,0,2,21.2333,03,DG1,78.6854,KAPALI,2023,3,13
700328,2023-03-31,SAS23000184,1,D00006,320.01.0001,1000,179.5239,1000,YERLİ,2023-05-30,1217,,0,2,21.2333,03,DG1,8454.828,KAPALI,2023,3,13
700329,2023-03-31,SAS23000184,2,H00008,320.01.0001,120,40.5165,120,YERLİ,2023-04-15,1217,,0,2,21.2333,02,HM1,228.979,KAPALI,2023,3,13
700330,2023-03-31,SAS23000185,1,H00008,320.01.0007,10000,38.6582,10000,YERLİ,2023-04-15,1217,,0,2,21.2333,02,HM1,18206.4022,KAPALI,2023,3,13
700331,2023-03-31,SAS23000185,2,H00005,320.01.0007,250,38.997,250,YERLİ,2023-05-15,1217,,0,2,21.2333,02,HM1,459.1491,KAPALI,2023,3,13
700332,2023-03-31,SAS23000186,1,H00011,320.01.0009,5000,23.2137,5000,YERLİ,2023-05-15,1217,,0,2,21.2333,02,HM1,5466.343,KAPALI,2023,3,13
700333,2023-03-31,SAS23000186,2,H00009,320.01.0009,10000,50.2952,10000,YERLİ,2023-04-10,1217,,0,2,21.2333,02,HM1,23686.9446,KAPALI,2023,3,13
700334,2023-03-31,SAS23000186,3,D00001,320.01.0009,120,22.0123,120,YERLİ,2023-04-30,1217,,0,2,21.2333,03,DG1,124.4025,KAPALI,2023,3,13
700335,2023-03-31,SAS23000187,1,H00008,320.01.0002,10000,42.3708,10000,YERLİ,2023-04-30,1217,,0,2,21.2333,02,HM1,19954.8822,KAPALI,2023,3,13
700336,2023-03-31,SAS23000187,2,H00016,320.01.0002,250,51.4879,250,YERLİ,2023-04-30,1217,,0,2,21.2333,02,HM1,606.2164,KAPALI,2023,3,13
700337,2023-03-31,SAS23000187,3,H00016,320.01.0002,250,52.1974,250,YERLİ,2023-04-30,1217,,0,2,21.2333,02,HM1,614.57,KAPALI,2023,3,13
700338,2023-04-03,SAS23000188,1,D00002,320.01.0004,250,41.5324,250,YERLİ,2023-06-02,1214,,0,2,22.45,03,DG1,462.4989,KAPALI,2023,4,14
700339,2023-04-03,SAS23000188,2,D00006,320.01.0004,250,185.1152,250,YERLİ,2023-04-13,1214,,0,2,22.45,03,DG1,2061.4165,KAPALI,2023,4,14
700340,2023-04-03,SAS23000189,1,D00001,320.01.0012,5000,26.4426,5000,YERLİ,2023-05-03,1214,,0,2,22.45,03,DG1,5889.2205,KAPALI,2023,4,14
700341,2023-04-04,SAS23000190,1,H00006,320.01.0008,500,79.1065,500,YERLİ,2023-04-14,1213,,0,2,22.45,02,HM1,1761.8374,KAPALI,2023,4,14
700342,2023-04-04,SAS23000191,1,D00010,320.01.0003,2000,132.0193,2000,İTHAL,2023-04-14,1213,,0,2,22.45,03,DG1,11761.1849,KAPALI,2023,4,14
700343,2023-04-04,SAS23000191,2,H00002,320.01.0003,1000,14.3152,1000,İTHAL,2023-07-03,1213,,0,2,22.45,02,HM1,637.6481,KAPALI,2023,4,14
700344,2023-04-05,SAS23000192,1,D00005,320.01.0009,5000,194.6775,5000,YERLİ,2023-04-26,1212,,0,2,22.45,03,DG1,43358.0178,KAPALI,2023,4,14
700345,2023-04-05,SAS23000192,2,H00009,320.01.0009,5000,54.2071,5000,YERLİ,2023-05-20,1212,,0,2,22.45,02,HM1,12072.8508,KAPALI,2023,4,14
700346,2023-04-06,SAS23000193,1,H00016,320.01.0017,10000,58.5962,10000,YERLİ,2023-04-21,1211,,0,2,22.45,02,HM1,26100.7572,KAPALI,2023,4,14
700347,2023-04-06,SAS23000193,2,H00006,320.01.0017,5000,70.9187,5000,YERLİ,2023-04-16,1211,,0,2,22.45,02,HM1,15794.8107,KAPALI,2023,4,14
700348,2023-04-06,SAS23000194,1,H00002,320.01.0035,120,12.9507,120,İTHAL,2023-04-16,1211,,0,2,22.45,02,HM1,69.2242,KAPALI,2023,4,14
700349,2023-04-06,SAS23000194,2,D00010,320.01.0035,250,141.067,250,İTHAL,2023-06-05,1211,,0,2,22.45,03,DG1,1570.902,KAPALI,2023,4,14
700350,2023-04-06,SAS23000195,1,H00014,320.01.0006,250,22.7363,250,YERLİ,2023-04-16,1211,,0,2,22.45,02,HM1,253.1882,KAPALI,2023,4,14
700351,2023-04-07,SAS23000196,1,D00006,320.01.0002,10000,192.4925,10000,YERLİ,2023-06-06,1210,,0,2,22.45,03,DG1,85742.7617,KAPALI,2023,4,14
700352,2023-04-07,SAS23000197,1,H00004,320.01.0010,1000,49.6055,1000,YERLİ,2023-04-28,1210,,0,2,22.45,02,HM1,2209.5991,KAPALI,2023,4,14
700353,2023-04-07,SAS23000197,2,D00008,320.01.0010,250,231.1836,250,YERLİ,2023-05-07,1210,,0,2,22.45,03,DG1,2574.4276,KAPALI,2023,4,14
700354,2023-04-07,SAS23000198,1,H00005,320.01.0003,2000,36.7394,2000,İTHAL,2023-05-07,1210,,0,2,22.45,02,HM1,3272.9978,KAPALI,2023,4,14
700355,2023-04-07,SAS23000199,1,D00010,320.01.0005,2000,144.2233,2000,YERLİ,2023-04-28,1210,,0,2,22.45,03,DG1,12848.4009,KAPALI,2023,4,14
700356,2023-04-07,SAS23000199,2,H00003,320.01.0005,120,52.7552,120,YERLİ,2023-04-17,1210,,0,2,22.45,02,HM1,281.9877,KAPALI,2023,4,14
700357,2023-04-10,SAS23000200,1,H00008,320.01.0026,250,38.1979,250,YERLİ,2023-04-20,1207,,0,2,22.45,02,HM1,425.3664,KAPALI,2023,4,15
700358,2023-04-10,SAS23000200,2,D00001,320.01.0026,120,27.3703,120,YERLİ,2023-07-09,1207,,0,2,22.45,03,DG1,146.3,KAPALI,2023,4,15
700359,2023-04-10,SAS23000201,1,H00001,320.01.0008,120,33.421,120,YERLİ,2023-07-09,1207,,0,2,22.45,02,HM1,178.6423,KAPALI,2023,4,15
700360,2023-04-10,SAS23000201,2,H00001,320.01.0008,500,32.2633,500,YERLİ,2023-05-25,1207,,0,2,22.45,02,HM1,718.559,KAPALI,2023,4,15
700361,2023-04-10,SAS23000202,1,D00005,320.01.0015,500,212.9232,500,YERLİ,2023-04-25,1207,,0,2,22.45,03,DG1,4742.1648,KAPALI,2023,4,15
700362,2023-04-10,SAS23000203,1,D00011,320.01.0052,250,6.563,0,YERLİ,2023-04-25,1207,-1192,250,2,22.45,03,DG1,73.0846,ACIK,2023,4,15
700363,2023-04-10,SAS23000203,2,D00008,320.01.0052,500,234.6782,500,YERLİ,2023-07-09,1207,,0,2,22.45,03,DG1,5226.686,KAPALI,2023,4,15
700364,2023-04-10,SAS23000203,3,D00001,320.01.0052,1000,24.145,1000,YERLİ,2023-05-10,1207,,0,2,22.45,03,DG1,1075.5011,KAPALI,2023,4,15
700365,2023-04-12,SAS23000204,1,H00005,320.01.0044,1000,36.8937,1000,YERLİ,2023-05-27,1205,,0,2,22.45,02,HM1,1643.3719,KAPALI,2023,4,15
700366,2023-04-12,SAS23000204,2,H00001,320.01.0044,250,36.7424,250,YERLİ,2023-04-27,1205,,0,2,22.45,02,HM1,409.1581,KAPALI,2023,4,15
700367,2023-04-12,SAS23000205,1,D00003,320.01.0015,10000,185.8488,10000,YERLİ,2023-04-27,1205,,0,2,22.45,03,DG1,82783.4298,KAPALI,2023,4,15
700368,2023-04-12,SAS23000205,2,H00013,320.01.0015,5000,59.2882,5000,YERLİ,2023-05-03,1205,,0,2,22.45,02,HM1,13204.4989,KAPALI,2023,4,15
700369,2023-04-12,SAS23000205,3,D00009,320.01.0015,500,153.8174,500,YERLİ,2023-04-22,1205,,0,2,22.45,03,DG1,3425.7773,KAPALI,2023,4,15
700370,2023-04-13,SAS23000206,1,H00010,320.01.0003,2000,14.1594,2000,İTHAL,2023-07-12,1204,,0,2,22.45,02,HM1,1261.4165,KAPALI,2023,4,15
700371,2023-04-13,SAS23000207,1,H00001,320.01.0048,500,33.8962,500,YERLİ,2023-07-12,1204,,0,2,22.45,02,HM1,754.9265,KAPALI,2023,4,15
700372,2023-04-13,SAS23000208,1,H00008,320.01.0003,2000,44.1392,2000,İTHAL,2023-05-04,1204,,0,2,22.45,02,HM1,3932.2227,KAPALI,2023,4,15
700373,2023-04-13,SAS23000209,1,H00001,320.01.0015,2000,35.142,2000,YERLİ,2023-04-23,1204,,0,2,22.45,02,HM1,3130.6904,KAPALI,2023,4,15
700374,2023-04-13,SAS23000209,2,D00002,320.01.0015,120,41.6807,120,YERLİ,2023-04-23,1204,,0,2,22.45,03,DG1,222.7922,KAPALI,2023,4,15
700375,2023-04-13,SAS23000209,3,D00003,320.01.0015,120,225.9096,120,YERLİ,2023-06-12,1204,,0,2,22.45,03,DG1,1207.5346,KAPALI,2023,4,15
700376,2023-04-14,SAS23000210,1,D00001,320.01.0029,500,24.5609,500,YERLİ,2023-04-29,1203,,0,2,22.45,03,DG1,547.0134,KAPALI,2023,4,15
700377,2023-04-14,SAS23000210,2,D00004,320.01.0029,5000,51.9892,5000,YERLİ,2023-04-29,1203,,0,2,22.45,03,DG1,11578.8864,KAPALI,2023,4,15
700378,2023-04-14,SAS23000211,1,D00011,320.01.0001,250,5.7066,250,YERLİ,2023-05-05,1203,,0,2,22.45,03,DG1,63.5479,KAPALI,2023,4,15
700379,2023-04-14,SAS23000211,2,D00012,320.01.0001,10000,91.0671,10000,YERLİ,2023-07-13,1203,,0,2,22.45,03,DG1,40564.4098,KAPALI,2023,4,15
700380,2023-04-14,SAS23000211,3,D00012,320.01.0001,120,91.944,120,YERLİ,2023-06-13,1203,,0,2,22.45,03,DG1,491.4601,KAPALI,2023,4,15
700381,2023-04-14,SAS23000212,1,D00011,320.01.0006,5000,6.2431,5000,YERLİ,2023-04-24,1203,,0,2,22.45,03,DG1,1390.4454,KAPALI,2023,4,15
700382,2023-04-14,SAS23000213,1,H00002,320.01.0002,250,15.3074,250,YERLİ,2023-05-05,1203,,0,2,22.45,02,HM1,170.461,KAPALI,2023,4,15
700383,2023-04-14,SAS23000213,2,H00002,320.01.0002,10000,14.3832,10000,YERLİ,2023-05-05,1203,,0,2,22.45,02,HM1,6406.7706,KAPALI,2023,4,15
700384,2023-04-17,SAS23000214,1,D00001,320.01.0033,5000,22.7758,5000,YERLİ,2023-05-08,1200,,0,2,22.45,03,DG1,5072.5612,KAPALI,2023,4,16
700385,2023-04-17,SAS23000214,2,D00010,320.01.0033,2000,147.1716,2000,YERLİ,2023-06-16,1200,,0,2,22.45,03,DG1,13111.0557,KAPALI,2023,4,16
700386,2023-04-17,SAS23000215,1,D00005,320.01.0046,5000,177.8142,5000,YERLİ,2023-05-08,1200,,0,2,22.45,03,DG1,39602.2717,KAPALI,2023,4,16
700387,2023-04-17,SAS23000215,2,H00003,320.01.0046,120,52.277,120,YERLİ,2023-05-17,1200,,0,2,22.45,02,HM1,279.4316,KAPALI,2023,4,16
700388,2023-04-17,SAS23000215,3,D00007,320.01.0046,500,56.0189,500,YERLİ,2023-06-16,1200,,0,2,22.45,03,DG1,1247.637,KAPALI,2023,4,16
700389,2023-04-17,SAS23000216,1,H00004,320.01.0053,500,51.4045,500,İTHAL,2023-05-08,1200,,0,2,22.45,02,HM1,1144.8664,KAPALI,2023,4,16
700390,2023-04-17,SAS23000216,2,D00005,320.01.0053,250,204.6323,250,İTHAL,2023-05-02,1200,,0,2,22.45,03,DG1,2278.7561,KAPALI,2023,4,16
700391,2023-04-17,SAS23000217,1,D00004,320.01.0001,250,52.8805,250,YERLİ,2023-04-27,1200,,0,2,22.45,03,DG1,588.8697,KAPALI,2023,4,16
700392,2023-04-17,SAS23000217,2,D00004,320.01.0001,120,45.2871,120,YERLİ,2023-05-17,1200,,0,2,22.45,03,DG1,242.0691,KAPALI,2023,4,16
700393,2023-04-17,SAS23000217,3,H00016,320.01.0001,1000,59.3399,1000,YERLİ,2023-05-08,1200,,0,2,22.45,02,HM1,2643.2027,KAPALI,2023,4,16
700394,2023-04-18,SAS23000218,1,H00015,320.01.0038,5000,28.0522,5000,YERLİ,2023-07-17,1199,,0,2,22.45,02,HM1,6247.706,KAPALI,2023,4,16
700395,2023-04-18,SAS23000218,2,H00008,320.01.0038,250,47.296,250,YERLİ,2023-06-17,1199,,0,2,22.45,02,HM1,526.6815,KAPALI,2023,4,16
700396,2023-04-18,SAS23000219,1,D00003,320.01.0025,120,215.446,120,İTHAL,2023-05-03,1199,,0,2,22.45,03,DG1,1151.6045,KAPALI,2023,4,16
700397,2023-04-18,SAS23000219,2,D00008,320.01.0025,2000,215.4277,2000,İTHAL,2023-04-28,1199,,0,2,22.45,03,DG1,19191.7773,KAPALI,2023,4,16
700398,2023-04-18,SAS23000220,1,H00010,320.01.0008,1000,13.7269,1000,YERLİ,2023-04-28,1199,,0,2,22.45,02,HM1,611.4432,KAPALI,2023,4,16
700399,2023-04-18,SAS23000220,2,H00004,320.01.0008,10000,53.42,10000,YERLİ,2023-07-17,1199,,0,2,22.45,02,HM1,23795.1002,KAPALI,2023,4,16
700400,2023-04-19,SAS23000221,1,H00014,320.01.0002,2000,22.7217,1000,YERLİ,2023-05-19,1198,-1168,1000,2,22.45,02,HM1,2024.2049,ACIK,2023,4,16
700401,2023-04-19,SAS23000221,2,H00006,320.01.0002,1000,74.89,1000,YERLİ,2023-05-10,1198,,0,2,22.45,02,HM1,3335.8575,KAPALI,2023,4,16
700402,2023-04-19,SAS23000221,3,H00007,320.01.0002,250,34.1091,250,YERLİ,2023-06-18,1198,,0,2,22.45,02,HM1,379.8341,KAPALI,2023,4,16
700403,2023-04-19,SAS23000222,1,H00010,320.01.0035,1000,15.1469,1000,İTHAL,2023-05-04,1198,,0,2,22.45,02,HM1,674.6949,KAPALI,2023,4,16
700404,2023-04-19,SAS23000222,2,H00013,320.01.0035,500,67.6837,500,İTHAL,2023-07-18,1198,,0,2,22.45,02,HM1,1507.4321,KAPALI,2023,4,16
700405,2023-04-19,SAS23000222,3,H00007,320.01.0035,250,30.1371,250,İTHAL,2023-05-10,1198,,0,2,22.45,02,HM1,335.6024,KAPALI,2023,4,16
700406,2023-04-19,SAS23000223,1,H00002,320.01.0034,5000,15.4339,5000,YERLİ,2023-04-29,1198,,0,2,22.45,02,HM1,3437.3942,KAPALI,2023,4,16
700407,2023-04-19,SAS23000223,2,D00005,320.01.0034,250,186.3965,250,YERLİ,2023-05-19,1198,,0,2,22.45,03,DG1,2075.6849,KAPALI,2023,4,16
700408,2023-04-20,SAS23000224,1,D00007,320.01.0038,10000,55.814,5000,YERLİ,2023-04-30,1197,-1187,5000,2,22.45,03,DG1,24861.4699,ACIK,2023,4,16
700409,2023-04-20,SAS23000225,1,H00003,320.01.0002,2000,47.7568,2000,YERLİ,2023-05-20,1197,,0,2,22.45,02,HM1,4254.5033,KAPALI,2023,4,16
700410,2023-04-20,SAS23000225,2,H00003,320.01.0002,10000,53.1353,10000,YERLİ,2023-07-19,1197,,0,2,22.45,02,HM1,23668.2851,KAPALI,2023,4,16
700411,2023-04-20,SAS23000225,3,D00008,320.01.0002,250,233.3102,250,YERLİ,2023-04-30,1197,,0,2,22.45,03,DG1,2598.1091,KAPALI,2023,4,16
700412,2023-04-21,SAS23000226,1,D00004,320.01.0040,250,48.7656,250,YERLİ,2023-05-12,1196,,0,2,22.45,03,DG1,543.0468,KAPALI,2023,4,16
700413,2023-04-21,SAS23000226,2,D00003,320.01.0040,5000,181.7119,5000,YERLİ,2023-05-01,1196,,0,2,22.45,03,DG1,40470.3563,KAPALI,2023,4,16
700414,2023-04-21,SAS23000227,1,H00008,320.01.0017,250,39.8773,250,YERLİ,2023-07-20,1196,,0,2,22.45,02,HM1,444.0679,KAPALI,2023,4,16
700415,2023-04-21,SAS23000228,1,H00013,320.01.0014,5000,57.0149,5000,YERLİ,2023-05-06,1196,,0,2,22.45,02,HM1,12698.196,KAPALI,2023,4,16
700416,2023-04-21,SAS23000228,2,H00014,320.01.0014,120,23.3691,120,YERLİ,2023-05-21,1196,,0,2,22.45,02,HM1,124.9128,KAPALI,2023,4,16
700417,2023-04-21,SAS23000229,1,H00010,320.01.0018,2000,14.1372,2000,YERLİ,2023-05-21,1196,,0,2,22.45,02,HM1,1259.4388,KAPALI,2023,4,16
700418,2023-04-21,SAS23000229,2,H00010,320.01.0018,2000,13.7464,2000,YERLİ,2023-05-21,1196,,0,2,22.45,02,HM1,1224.6236,KAPALI,2023,4,16
700419,2023-04-21,SAS23000229,3,D00011,320.01.0018,120,6.4382,120,YERLİ,2023-05-21,1196,,0,2,22.45,03,DG1,34.4135,KAPALI,2023,4,16
700420,2023-04-21,SAS23000230,1,H00005,320.01.0005,250,35.201,250,YERLİ,2023-05-12,1196,,0,2,22.45,02,HM1,391.9933,KAPALI,2023,4,16
700421,2023-04-21,SAS23000230,2,H00006,320.01.0005,10000,70.8479,5000,YERLİ,2023-05-21,1196,-1166,5000,2,22.45,02,HM1,31558.0846,ACIK,2023,4,16
700422,2023-04-24,SAS23000231,1,D00009,320.01.0004,5000,150.6354,5000,YERLİ,2023-05-04,1193,,0,2,22.45,03,DG1,33549.0869,KAPALI,2023,4,17
700423,2023-04-24,SAS23000231,2,H00005,320.01.0004,10000,39.5354,10000,YERLİ,2023-05-09,1193,,0,2,22.45,02,HM1,17610.4232,KAPALI,2023,4,17
700424,2023-04-24,SAS23000232,1,D00007,320.01.0017,10000,49.5898,10000,YERLİ,2023-07-23,1193,,0,2,22.45,03,DG1,22088.9978,KAPALI,2023,4,17
700425,2023-04-24,SAS23000232,2,H00002,320.01.0017,10000,14.1687,10000,YERLİ,2023-05-15,1193,,0,2,22.45,02,HM1,6311.2249,KAPALI,2023,4,17
700426,2023-04-24,SAS23000232,3,D00006,320.01.0017,10000,204.6305,10000,YERLİ,2023-07-23,1193,,0,2,22.45,03,DG1,91149.4432,KAPALI,2023,4,17
700427,2023-04-24,SAS23000233,1,H00009,320.01.0013,120,56.6345,120,YERLİ,2023-05-24,1193,,0,2,22.45,02,HM1,302.7234,KAPALI,2023,4,17
700428,2023-04-24,SAS23000233,2,D00001,320.01.0013,250,23.8064,250,YERLİ,2023-06-23,1193,,0,2,22.45,03,DG1,265.1047,KAPALI,2023,4,17
700429,2023-04-24,SAS23000233,3,H00013,320.01.0013,2000,58.8702,2000,YERLİ,2023-05-15,1193,,0,2,22.45,02,HM1,5244.5612,KAPALI,2023,4,17
700430,2023-04-25,SAS23000234,1,D00008,320.01.0004,5000,208.8618,5000,YERLİ,2023-06-24,1192,,0,2,22.45,03,DG1,46517.1047,KAPALI,2023,4,17
700431,2023-04-25,SAS23000234,2,H00004,320.01.0004,500,46.1831,500,YERLİ,2023-07-24,1192,,0,2,22.45,02,HM1,1028.5768,KAPALI,2023,4,17
700432,2023-04-25,SAS23000235,1,H00016,320.01.0001,500,53.105,500,YERLİ,2023-07-24,1192,,0,2,22.45,02,HM1,1182.7394,KAPALI,2023,4,17
700433,2023-04-25,SAS23000235,2,H00003,320.01.0001,120,45.4422,120,YERLİ,2023-05-16,1192,,0,2,22.45,02,HM1,242.8982,KAPALI,2023,4,17
700434,2023-04-25,SAS23000236,1,H00009,320.01.0001,2000,52.7729,2000,YERLİ,2023-06-09,1192,,0,2,22.45,02,HM1,4701.3719,KAPALI,2023,4,17
700435,2023-04-25,SAS23000236,2,D00007,320.01.0001,1000,60.7801,1000,YERLİ,2023-05-16,1192,,0,2,22.45,03,DG1,2707.3541,KAPALI,2023,4,17
700436,2023-04-26,SAS23000237,1,H00016,320.01.0013,2000,58.2657,2000,YERLİ,2023-06-10,1191,,0,2,22.45,02,HM1,5190.7082,KAPALI,2023,4,17
700437,2023-04-26,SAS23000237,2,D00012,320.01.0013,5000,92.5686,5000,YERLİ,2023-07-25,1191,,0,2,22.45,03,DG1,20616.6147,KAPALI,2023,4,17
700438,2023-04-26,SAS23000238,1,D00004,320.01.0009,120,52.6516,120,YERLİ,2023-05-26,1191,,0,2,22.45,03,DG1,281.4339,KAPALI,2023,4,17
700439,2023-04-26,SAS23000238,2,H00010,320.01.0009,250,15.2238,250,YERLİ,2023-06-10,1191,,0,2,22.45,02,HM1,169.5301,KAPALI,2023,4,17
700440,2023-04-26,SAS23000238,3,D00001,320.01.0009,500,23.8383,500,YERLİ,2023-06-25,1191,,0,2,22.45,03,DG1,530.9198,KAPALI,2023,4,17
700441,2023-04-26,SAS23000239,1,H00007,320.01.0018,5000,34.8053,5000,YERLİ,2023-06-10,1191,,0,2,22.45,02,HM1,7751.7372,KAPALI,2023,4,17
700442,2023-04-26,SAS23000240,1,D00011,320.01.0002,5000,5.8105,5000,YERLİ,2023-05-11,1191,,0,2,22.45,03,DG1,1294.098,KAPALI,2023,4,17
700443,2023-04-27,SAS23000241,1,D00007,320.01.0002,1000,52.4779,1000,YERLİ,2023-07-26,1190,,0,2,22.45,03,DG1,2337.5457,KAPALI,2023,4,17
700444,2023-04-27,SAS23000241,2,D00011,320.01.0002,250,7.034,250,YERLİ,2023-05-07,1190,,0,2,22.45,03,DG1,78.3296,KAPALI,2023,4,17
700445,2023-04-27,SAS23000242,1,H00006,320.01.0001,500,76.9688,500,YERLİ,2023-05-07,1190,,0,2,22.45,02,HM1,1714.2272,KAPALI,2023,4,17
700446,2023-04-27,SAS23000242,2,H00010,320.01.0001,250,15.5862,125,YERLİ,2023-05-07,1190,-1180,125,2,22.45,02,HM1,173.5657,ACIK,2023,4,17
700447,2023-04-27,SAS23000242,3,D00006,320.01.0001,120,216.1001,120,YERLİ,2023-05-12,1190,,0,2,22.45,03,DG1,1155.1008,KAPALI,2023,4,17
700448,2023-04-27,SAS23000243,1,D00004,320.01.0022,250,45.7991,250,YERLİ,2023-05-18,1190,,0,2,22.45,03,DG1,510.0122,KAPALI,2023,4,17
700449,2023-04-27,SAS23000243,2,D00009,320.01.0022,250,147.4307,250,YERLİ,2023-05-27,1190,,0,2,22.45,03,DG1,1641.7673,KAPALI,2023,4,17
700450,2023-04-27,SAS23000243,3,D00006,320.01.0022,120,206.5375,120,YERLİ,2023-07-26,1190,,0,2,22.45,03,DG1,1103.9866,KAPALI,2023,4,17
700451,2023-04-27,SAS23000244,1,D00004,320.01.0024,1000,50.4186,1000,YERLİ,2023-06-26,1190,,0,2,22.45,03,DG1,2245.8174,KAPALI,2023,4,17
700452,2023-04-28,SAS23000245,1,H00010,320.01.0012,10000,14.7595,10000,YERLİ,2023-06-12,1189,,0,2,22.45,02,HM1,6574.3875,KAPALI,2023,4,17
700453,2023-04-28,SAS23000245,2,D00001,320.01.0012,10000,27.1003,10000,YERLİ,2023-05-19,1189,,0,2,22.45,03,DG1,12071.4031,KAPALI,2023,4,17
700454,2023-04-28,SAS23000246,1,D00006,320.01.0001,120,205.7477,120,YERLİ,2023-06-27,1189,,0,2,22.45,03,DG1,1099.765,KAPALI,2023,4,17
700455,2023-04-28,SAS23000246,2,H00009,320.01.0001,120,48.8402,120,YERLİ,2023-05-08,1189,,0,2,22.45,02,HM1,261.0612,KAPALI,2023,4,17
700456,2023-04-28,SAS23000247,1,D00011,320.01.0002,500,6.6721,500,YERLİ,2023-05-28,1189,,0,2,22.45,03,DG1,148.5991,KAPALI,2023,4,17
700457,2023-04-28,SAS23000247,2,D00012,320.01.0002,120,99.9882,120,YERLİ,2023-05-08,1189,,0,2,22.45,03,DG1,534.4581,KAPALI,2023,4,17
700458,2023-04-28,SAS23000247,3,H00012,320.01.0002,10000,20.0044,10000,YERLİ,2023-06-12,1189,,0,2,22.45,02,HM1,8910.6459,KAPALI,2023,4,17
700459,2023-05-01,SAS23000248,1,D00008,320.01.0017,1000,214.7736,1000,YERLİ,2023-05-22,1186,,0,2,23.6667,03,DG1,9074.9281,KAPALI,2023,5,18
700460,2023-05-01,SAS23000248,2,D00010,320.01.0017,1000,138.1856,1000,YERLİ,2023-05-22,1186,,0,2,23.6667,03,DG1,5838.8199,KAPALI,2023,5,18
700461,2023-05-01,SAS23000248,3,D00003,320.01.0017,250,227.4928,250,YERLİ,2023-05-31,1186,,0,2,23.6667,03,DG1,2403.0896,KAPALI,2023,5,18
700462,2023-05-01,SAS23000249,1,H00013,320.01.0010,250,67.0247,250,YERLİ,2023-05-16,1186,,0,2,23.6667,02,HM1,708.0064,KAPALI,2023,5,18
700463,2023-05-01,SAS23000250,1,D00010,320.01.0007,2000,130.1229,2000,YERLİ,2023-07-30,1186,,0,2,23.6667,03,DG1,10996.2859,KAPALI,2023,5,18
700464,2023-05-01,SAS23000250,2,H00013,320.01.0007,120,60.5073,120,YERLİ,2023-05-22,1186,,0,2,23.6667,02,HM1,306.7971,KAPALI,2023,5,18
700465,2023-05-01,SAS23000250,3,D00003,320.01.0007,2000,201.4217,2000,YERLİ,2023-05-16,1186,,0,2,23.6667,03,DG1,17021.5281,KAPALI,2023,5,18
700466,2023-05-02,SAS23000251,1,D00011,320.01.0006,10000,6.4843,0,YERLİ,2023-06-01,1185,-1155,10000,2,23.6667,03,DG1,2739.8412,ACIK,2023,5,18
700467,2023-05-02,SAS23000251,2,D00002,320.01.0006,2000,48.0847,2000,YERLİ,2023-07-01,1185,,0,2,23.6667,03,DG1,4063.4901,KAPALI,2023,5,18
700468,2023-05-02,SAS23000252,1,D00007,320.01.0013,250,59.0614,250,YERLİ,2023-05-12,1185,,0,2,23.6667,03,DG1,623.8871,KAPALI,2023,5,18
700469,2023-05-02,SAS23000252,2,H00011,320.01.0013,10000,27.6772,10000,YERLİ,2023-07-31,1185,,0,2,23.6667,02,HM1,11694.5751,KAPALI,2023,5,18
700470,2023-05-02,SAS23000252,3,H00008,320.01.0013,500,44.2292,500,YERLİ,2023-07-01,1185,,0,2,23.6667,02,HM1,934.4184,KAPALI,2023,5,18
700471,2023-05-03,SAS23000253,1,H00002,320.01.0004,10000,14.5226,10000,YERLİ,2023-07-02,1184,,0,2,23.6667,02,HM1,6136.3012,KAPALI,2023,5,18
700472,2023-05-03,SAS23000253,2,H00009,320.01.0004,5000,55.3184,5000,YERLİ,2023-06-02,1184,,0,2,23.6667,02,HM1,11686.9695,KAPALI,2023,5,18
700473,2023-05-03,SAS23000254,1,H00006,320.01.0005,2000,78.1188,2000,YERLİ,2023-05-18,1184,,0,2,23.6667,02,HM1,6601.5794,KAPALI,2023,5,18
700474,2023-05-03,SAS23000254,2,D00006,320.01.0005,1000,247.1129,500,YERLİ,2023-05-18,1184,-1169,500,2,23.6667,03,DG1,10441.3754,ACIK,2023,5,18
700475,2023-05-03,SAS23000254,3,H00014,320.01.0005,500,26.3712,500,YERLİ,2023-07-02,1184,,0,2,23.6667,02,HM1,557.1372,KAPALI,2023,5,18
700476,2023-05-04,SAS23000255,1,D00002,320.01.0004,2000,43.0181,2000,YERLİ,2023-05-14,1183,,0,2,23.6667,03,DG1,3635.3273,KAPALI,2023,5,18
700477,2023-05-04,SAS23000256,1,D00007,320.01.0010,500,61.2384,500,YERLİ,2023-05-14,1183,,0,2,23.6667,03,DG1,1293.7672,KAPALI,2023,5,18
700478,2023-05-04,SAS23000256,2,D00004,320.01.0010,5000,54.6482,5000,YERLİ,2023-05-14,1183,,0,2,23.6667,03,DG1,11545.3781,KAPALI,2023,5,18
700479,2023-05-05,SAS23000257,1,H00003,320.01.0049,120,50.4906,120,YERLİ,2023-06-04,1182,,0,2,23.6667,02,HM1,256.0083,KAPALI,2023,5,18
700480,2023-05-05,SAS23000257,2,D00011,320.01.0049,1000,6.0343,1000,YERLİ,2023-07-04,1182,,0,2,23.6667,03,DG1,254.9701,KAPALI,2023,5,18
700481,2023-05-05,SAS23000258,1,D00007,320.01.0010,120,61.9979,120,YERLİ,2023-05-15,1182,,0,2,23.6667,03,DG1,314.3551,KAPALI,2023,5,18
700482,2023-05-05,SAS23000258,2,H00004,320.01.0010,5000,54.1015,5000,YERLİ,2023-05-26,1182,,0,2,23.6667,02,HM1,11429.8783,KAPALI,2023,5,18
700483,2023-05-05,SAS23000259,1,H00005,320.01.0041,10000,42.7526,10000,İTHAL,2023-08-03,1182,,0,2,23.6667,02,HM1,18064.4534,KAPALI,2023,5,18
700484,2023-05-05,SAS23000259,2,H00016,320.01.0041,10000,58.6515,10000,İTHAL,2023-05-20,1182,,0,2,23.6667,02,HM1,24782.289,KAPALI,2023,5,18
700485,2023-05-08,SAS23000260,1,H00001,320.01.0038,5000,35.8083,5000,YERLİ,2023-07-07,1179,,0,2,23.6667,02,HM1,7565.1231,KAPALI,2023,5,19
700486,2023-05-08,SAS23000261,1,D00010,320.01.0001,2000,131.2438,2000,YERLİ,2023-05-23,1179,,0,2,23.6667,03,DG1,11091.0097,KAPALI,2023,5,19
700487,2023-05-08,SAS23000262,1,D00012,320.01.0048,5000,98.9173,5000,YERLİ,2023-07-07,1179,,0,2,23.6667,03,DG1,20897.9917,KAPALI,2023,5,19
700488,2023-05-08,SAS23000263,1,H00015,320.01.0015,10000,32.675,0,YERLİ,2023-07-07,1179,-1119,10000,2,23.6667,02,HM1,13806.3186,ACIK,2023,5,19
700489,2023-05-08,SAS23000263,2,D00007,320.01.0015,250,53.611,0,YERLİ,2023-06-07,1179,-1149,250,2,23.6667,03,DG1,566.3126,ACIK,2023,5,19
700490,2023-05-09,SAS23000264,1,H00013,320.01.0003,250,62.6506,250,İTHAL,2023-05-24,1178,,0,2,23.6667,02,HM1,661.8012,KAPALI,2023,5,19
700491,2023-05-09,SAS23000265,1,H00008,320.01.0050,10000,42.3993,10000,YERLİ,2023-08-07,1178,,0,2,23.6667,02,HM1,17915.172,KAPALI,2023,5,19
700492,2023-05-09,SAS23000265,2,H00008,320.01.0050,2000,42.0475,2000,YERLİ,2023-07-08,1178,,0,2,23.6667,02,HM1,3553.3049,KAPALI,2023,5,19
700493,2023-05-10,SAS23000266,1,H00013,320.01.0002,2000,69.1536,2000,YERLİ,2023-05-20,1177,,0,2,23.6667,02,HM1,5843.958,KAPALI,2023,5,19
700494,2023-05-10,SAS23000266,2,H00007,320.01.0002,250,34.3989,125,YERLİ,2023-06-24,1177,-1132,125,2,23.6667,02,HM1,363.3682,ACIK,2023,5,19
700495,2023-05-10,SAS23000267,1,H00002,320.01.0001,1000,13.203,1000,YERLİ,2023-05-25,1177,,0,2,23.6667,02,HM1,557.8725,KAPALI,2023,5,19
700496,2023-05-10,SAS23000268,1,D00006,320.01.0017,10000,246.545,10000,YERLİ,2023-05-25,1177,,0,2,23.6667,03,DG1,104173.7969,KAPALI,2023,5,19
700497,2023-05-10,SAS23000268,2,D00005,320.01.0017,120,189.6955,120,YERLİ,2023-05-20,1177,,0,2,23.6667,03,DG1,961.835,KAPALI,2023,5,19
700498,2023-05-10,SAS23000269,1,D00010,320.01.0002,250,129.2657,0,YERLİ,2023-05-20,1177,-1167,250,2,23.6667,03,DG1,1365.4808,ACIK,2023,5,19
700499,2023-05-10,SAS23000269,2,D00004,320.01.0002,250,51.2279,250,YERLİ,2023-07-09,1177,,0,2,23.6667,03,DG1,541.139,KAPALI,2023,5,19
700500,2023-05-10,SAS23000269,3,D00003,320.01.0002,1000,208.5329,1000,YERLİ,2023-08-08,1177,,0,2,23.6667,03,DG1,8811.2369,KAPALI,2023,5,19
700501,2023-05-11,SAS23000270,1,D00010,320.01.0006,5000,150.8889,5000,YERLİ,2023-08-09,1176,,0,2,23.6667,03,DG1,31877.8917,KAPALI,2023,5,19
700502,2023-05-11,SAS23000271,1,D00012,320.01.0003,120,95.5349,120,İTHAL,2023-05-26,1176,,0,2,23.6667,03,DG1,484.4016,KAPALI,2023,5,19
700503,2023-05-11,SAS23000272,1,H00013,320.01.0004,10000,63.5644,10000,YERLİ,2023-06-10,1176,,0,2,23.6667,02,HM1,26858.1594,KAPALI,2023,5,19
700504,2023-05-12,SAS23000273,1,D00009,320.01.0050,120,192.5323,120,YERLİ,2023-06-02,1175,,0,2,23.6667,03,DG1,976.2187,KAPALI,2023,5,19
700505,2023-05-12,SAS23000274,1,D00004,320.01.0005,120,46.4287,120,YERLİ,2023-06-26,1175,,0,2,23.6667,03,DG1,235.4128,KAPALI,2023,5,19
700506,2023-05-15,SAS23000275,1,H00003,320.01.0009,2000,56.037,2000,YERLİ,2023-05-30,1172,,0,2,23.6667,02,HM1,4735.5145,KAPALI,2023,5,20
700507,2023-05-15,SAS23000275,2,H00016,320.01.0009,500,62.1903,500,YERLİ,2023-06-14,1172,,0,2,23.6667,02,HM1,1313.8777,KAPALI,2023,5,20
700508,2023-05-15,SAS23000275,3,H00008,320.01.0009,500,47.211,500,YERLİ,2023-06-14,1172,,0,2,23.6667,02,HM1,997.4141,KAPALI,2023,5,20
700509,2023-05-15,SAS23000276,1,D00006,320.01.0046,2000,223.8484,2000,YERLİ,2023-07-14,1172,,0,2,23.6667,03,DG1,18916.7396,KAPALI,2023,5,20
700510,2023-05-15,SAS23000276,2,H00009,320.01.0046,120,52.6825,60,YERLİ,2023-06-05,1172,-1151,60,2,23.6667,02,HM1,267.1222,ACIK,2023,5,20
700511,2023-05-15,SAS23000277,1,D00002,320.01.0006,500,44.6167,500,YERLİ,2023-06-14,1172,,0,2,23.6667,03,DG1,942.605,KAPALI,2023,5,20
700512,2023-05-15,SAS23000277,2,D00003,320.01.0006,5000,205.6924,5000,YERLİ,2023-05-25,1172,,0,2,23.6667,03,DG1,43456.0796,KAPALI,2023,5,20
700513,2023-05-15,SAS23000277,3,H00014,320.01.0006,250,22.5004,250,YERLİ,2023-06-05,1172,,0,2,23.6667,02,HM1,237.6799,KAPALI,2023,5,20
700514,2023-05-15,SAS23000278,1,H00008,320.01.0001,500,46.9996,500,YERLİ,2023-07-14,1172,,0,2,23.6667,02,HM1,992.9479,KAPALI,2023,5,20
700515,2023-05-15,SAS23000278,2,D00010,320.01.0001,10000,140.0851,10000,YERLİ,2023-05-25,1172,,0,2,23.6667,03,DG1,59190.804,KAPALI,2023,5,20
700516,2023-05-16,SAS23000279,1,D00010,320.01.0009,10000,135.8509,10000,YERLİ,2023-05-31,1171,,0,2,23.6667,03,DG1,57401.7079,KAPALI,2023,5,20
700517,2023-05-16,SAS23000280,1,D00003,320.01.0019,250,200.4983,250,YERLİ,2023-06-15,1171,,0,2,23.6667,03,DG1,2117.9368,KAPALI,2023,5,20
700518,2023-05-16,SAS23000280,2,H00012,320.01.0019,250,23.7737,250,YERLİ,2023-06-15,1171,,0,2,23.6667,02,HM1,251.1303,KAPALI,2023,5,20
700519,2023-05-16,SAS23000281,1,H00015,320.01.0001,5000,27.1721,5000,YERLİ,2023-06-15,1171,,0,2,23.6667,02,HM1,5740.5764,KAPALI,2023,5,20
700520,2023-05-17,SAS23000282,1,H00006,320.01.0009,10000,76.9279,10000,YERLİ,2023-05-27,1170,,0,2,23.6667,02,HM1,32504.7007,KAPALI,2023,5,20
700521,2023-05-17,SAS23000283,1,H00009,320.01.0020,120,59.6424,120,YERLİ,2023-05-27,1170,,0,2,23.6667,02,HM1,302.4117,KAPALI,2023,5,20
700522,2023-05-17,SAS23000284,1,H00006,320.01.0010,250,85.742,250,YERLİ,2023-06-07,1170,,0,2,23.6667,02,HM1,905.7241,KAPALI,2023,5,20
700523,2023-05-18,SAS23000285,1,D00011,320.01.0001,500,7.385,500,YERLİ,2023-07-17,1169,,0,2,23.6667,03,DG1,156.0209,KAPALI,2023,5,20
700524,2023-05-18,SAS23000286,1,D00005,320.01.0016,1000,208.32,1000,YERLİ,2023-06-17,1169,,0,2,23.6667,03,DG1,8802.2411,KAPALI,2023,5,20
700525,2023-05-18,SAS23000286,2,D00002,320.01.0016,5000,43.777,5000,YERLİ,2023-07-17,1169,,0,2,23.6667,03,DG1,9248.6489,KAPALI,2023,5,20
700526,2023-05-18,SAS23000286,3,D00009,320.01.0016,10000,187.3348,10000,YERLİ,2023-07-02,1169,,0,2,23.6667,03,DG1,79155.4378,KAPALI,2023,5,20
700527,2023-05-18,SAS23000287,1,D00001,320.01.0008,2000,23.7547,2000,YERLİ,2023-05-28,1169,,0,2,23.6667,03,DG1,2007.4366,KAPALI,2023,5,20
700528,2023-05-18,SAS23000287,2,D00003,320.01.0008,2000,188.1464,2000,YERLİ,2023-07-17,1169,,0,2,23.6667,03,DG1,15899.6734,KAPALI,2023,5,20
700529,2023-05-18,SAS23000287,3,H00010,320.01.0008,10000,17.3864,10000,YERLİ,2023-07-17,1169,,0,2,23.6667,02,HM1,7346.3559,KAPALI,2023,5,20
700530,2023-05-19,SAS23000288,1,D00007,320.01.0010,2000,62.8657,2000,YERLİ,2023-08-17,1168,,0,2,23.6667,03,DG1,5312.5869,KAPALI,2023,5,20
700531,2023-05-19,SAS23000288,2,H00013,320.01.0010,250,66.8269,250,YERLİ,2023-06-03,1168,,0,2,23.6667,02,HM1,705.917,KAPALI,2023,5,20
700532,2023-05-19,SAS23000288,3,H00013,320.01.0010,10000,59.1293,10000,YERLİ,2023-07-03,1168,,0,2,23.6667,02,HM1,24984.1761,KAPALI,2023,5,20
700533,2023-05-19,SAS23000289,1,H00002,320.01.0027,5000,13.9597,5000,YERLİ,2023-06-03,1168,,0,2,23.6667,02,HM1,2949.2282,KAPALI,2023,5,20
700534,2023-05-19,SAS23000289,2,H00001,320.01.0027,10000,37.823,10000,YERLİ,2023-07-03,1168,,0,2,23.6667,02,HM1,15981.5268,KAPALI,2023,5,20
700535,2023-05-19,SAS23000290,1,H00015,320.01.0001,500,28.7986,500,YERLİ,2023-05-29,1168,,0,2,23.6667,02,HM1,608.4203,KAPALI,2023,5,20
700536,2023-05-22,SAS23000291,1,H00001,320.01.0036,1000,34.6295,1000,YERLİ,2023-08-20,1165,,0,2,23.6667,02,HM1,1463.2162,KAPALI,2023,5,21
700537,2023-05-22,SAS23000291,2,D00003,320.01.0036,1000,200.8024,1000,YERLİ,2023-07-06,1165,,0,2,23.6667,03,DG1,8484.5965,KAPALI,2023,5,21
700538,2023-05-22,SAS23000292,1,D00002,320.01.0001,10000,38.9173,5000,YERLİ,2023-07-21,1165,-1105,5000,2,23.6667,03,DG1,16443.9064,ACIK,2023,5,21
700539,2023-05-22,SAS23000292,2,D00008,320.01.0001,250,241.2648,0,YERLİ,2023-06-01,1165,-1155,250,2,23.6667,03,DG1,2548.5682,ACIK,2023,5,21
700540,2023-05-23,SAS23000293,1,D00007,320.01.0002,2000,55.1276,2000,YERLİ,2023-06-02,1164,,0,2,23.6667,03,DG1,4658.6639,KAPALI,2023,5,21
700541,2023-05-23,SAS23000294,1,D00011,320.01.0027,5000,7.0497,5000,YERLİ,2023-06-13,1164,,0,2,23.6667,03,DG1,1489.3711,KAPALI,2023,5,21
700542,2023-05-23,SAS23000294,2,H00014,320.01.0027,10000,23.0379,10000,YERLİ,2023-06-02,1164,,0,2,23.6667,02,HM1,9734.3102,KAPALI,2023,5,21
700543,2023-05-23,SAS23000295,1,D00007,320.01.0001,2000,58.028,2000,YERLİ,2023-06-13,1164,,0,2,23.6667,03,DG1,4903.7677,KAPALI,2023,5,21
700544,2023-05-24,SAS23000296,1,D00009,320.01.0007,500,185.2963,500,YERLİ,2023-07-08,1163,,0,2,23.6667,03,DG1,3914.705,KAPALI,2023,5,21
700545,2023-05-24,SAS23000297,1,D00010,320.01.0041,5000,133.223,5000,İTHAL,2023-06-23,1163,,0,2,23.6667,03,DG1,28145.6646,KAPALI,2023,5,21
700546,2023-05-24,SAS23000297,2,H00015,320.01.0041,5000,26.2828,5000,İTHAL,2023-06-08,1163,,0,2,23.6667,02,HM1,5552.6964,KAPALI,2023,5,21
700547,2023-05-24,SAS23000298,1,D00009,320.01.0001,120,189.0039,120,YERLİ,2023-07-23,1163,,0,2,23.6667,03,DG1,958.3283,KAPALI,2023,5,21
700548,2023-05-24,SAS23000298,2,H00004,320.01.0001,2000,55.6463,2000,YERLİ,2023-06-23,1163,,0,2,23.6667,02,HM1,4702.4976,KAPALI,2023,5,21
700549,2023-05-26,SAS23000299,1,D00007,320.01.0014,120,54.4868,120,YERLİ,2023-06-25,1161,,0,2,23.6667,03,DG1,276.2707,KAPALI,2023,5,21
700550,2023-05-26,SAS23000300,1,H00001,320.01.0022,2000,36.2487,1000,YERLİ,2023-08-24,1161,-1071,1000,2,23.6667,02,HM1,3063.2661,ACIK,2023,5,21
700551,2023-05-26,SAS23000300,2,D00002,320.01.0022,120,43.1922,120,YERLİ,2023-06-25,1161,,0,2,23.6667,03,DG1,219.0024,KAPALI,2023,5,21
700552,2023-05-26,SAS23000300,3,H00011,320.01.0022,250,28.9438,250,YERLİ,2023-06-05,1161,,0,2,23.6667,02,HM1,305.7439,KAPALI,2023,5,21
700553,2023-05-29,SAS23000301,1,D00002,320.01.0006,10000,38.8883,10000,YERLİ,2023-06-19,1158,,0,2,23.6667,03,DG1,16431.6529,KAPALI,2023,5,22
700554,2023-05-29,SAS23000301,2,H00008,320.01.0006,5000,50.0414,5000,YERLİ,2023-06-13,1158,,0,2,23.6667,02,HM1,10572.1119,KAPALI,2023,5,22
700555,2023-05-29,SAS23000301,3,H00003,320.01.0006,120,52.4354,120,YERLİ,2023-06-08,1158,,0,2,23.6667,02,HM1,265.8693,KAPALI,2023,5,22
700556,2023-05-30,SAS23000302,1,H00014,320.01.0006,1000,26.0458,1000,YERLİ,2023-07-29,1157,,0,2,23.6667,02,HM1,1100.5252,KAPALI,2023,5,22
700557,2023-05-30,SAS23000302,2,D00003,320.01.0006,1000,209.0736,1000,YERLİ,2023-06-20,1157,,0,2,23.6667,03,DG1,8834.0833,KAPALI,2023,5,22
700558,2023-05-30,SAS23000302,3,H00006,320.01.0006,10000,78.9848,10000,YERLİ,2023-06-14,1157,,0,2,23.6667,02,HM1,33373.8121,KAPALI,2023,5,22
700559,2023-05-30,SAS23000303,1,H00001,320.01.0046,250,37.3842,250,YERLİ,2023-06-14,1157,,0,2,23.6667,02,HM1,394.903,KAPALI,2023,5,22
700560,2023-05-30,SAS23000303,2,D00006,320.01.0046,250,218.7768,250,YERLİ,2023-06-29,1157,,0,2,23.6667,03,DG1,2311.0193,KAPALI,2023,5,22
700561,2023-05-30,SAS23000303,3,D00010,320.01.0046,10000,133.0042,10000,YERLİ,2023-06-14,1157,,0,2,23.6667,03,DG1,56198.8786,KAPALI,2023,5,22
700562,2023-05-30,SAS23000304,1,H00011,320.01.0039,250,23.4428,250,YERLİ,2023-06-29,1157,,0,2,23.6667,02,HM1,247.6349,KAPALI,2023,5,22
700563,2023-05-31,SAS23000305,1,H00009,320.01.0007,500,58.8536,500,YERLİ,2023-07-30,1156,,0,2,23.6667,02,HM1,1243.3842,KAPALI,2023,5,22
700564,2023-05-31,SAS23000305,2,D00005,320.01.0007,1000,217.1045,1000,YERLİ,2023-06-21,1156,,0,2,23.6667,03,DG1,9173.4167,KAPALI,2023,5,22
700565,2023-05-31,SAS23000306,1,D00005,320.01.0005,120,217.1159,120,YERLİ,2023-06-15,1156,,0,2,23.6667,03,DG1,1100.8678,KAPALI,2023,5,22
700566,2023-05-31,SAS23000307,1,H00006,320.01.0018,2000,78.735,2000,YERLİ,2023-06-30,1156,,0,2,23.6667,02,HM1,6653.6526,KAPALI,2023,5,22
700567,2023-05-31,SAS23000307,2,H00002,320.01.0018,2000,14.4339,2000,YERLİ,2023-07-30,1156,,0,2,23.6667,02,HM1,1219.7645,KAPALI,2023,5,22
700568,2023-05-31,SAS23000308,1,H00016,320.01.0004,250,54.0259,0,YERLİ,2023-08-29,1156,-1066,250,2,23.6667,02,HM1,570.6953,ACIK,2023,5,22
700569,2023-05-31,SAS23000309,1,H00004,320.01.0002,250,47.5268,250,YERLİ,2023-06-30,1156,,0,2,23.6667,02,HM1,502.043,KAPALI,2023,5,22
700570,2023-05-31,SAS23000310,1,H00002,320.01.0001,120,13.1822,120,YERLİ,2023-06-30,1156,,0,2,23.6667,02,HM1,66.8392,KAPALI,2023,5,22
700571,2023-05-31,SAS23000311,1,H00009,320.01.0003,120,53.8576,120,İTHAL,2023-06-30,1156,,0,2,23.6667,02,HM1,273.0804,KAPALI,2023,5,22
700572,2023-05-31,SAS23000311,2,H00005,320.01.0003,1000,34.6518,500,İTHAL,2023-06-30,1156,-1126,500,2,23.6667,02,HM1,1464.1585,ACIK,2023,5,22
700573,2023-06-01,SAS23000312,1,H00003,320.01.0017,10000,57.9069,10000,YERLİ,2023-06-22,1155,,0,2,24.8833,02,HM1,23271.3909,KAPALI,2023,6,22
700574,2023-06-01,SAS23000313,1,H00012,320.01.0037,2000,21.4739,2000,İTHAL,2023-07-31,1155,,0,2,24.8833,02,HM1,1725.9688,KAPALI,2023,6,22
700575,2023-06-01,SAS23000313,2,D00011,320.01.0037,10000,7.5074,10000,İTHAL,2023-06-11,1155,,0,2,24.8833,03,DG1,3017.0436,KAPALI,2023,6,22
700576,2023-06-02,SAS23000314,1,H00010,320.01.0028,500,18.9685,500,YERLİ,2023-06-23,1154,,0,2,24.8833,02,HM1,381.1492,KAPALI,2023,6,22
700577,2023-06-02,SAS23000314,2,H00014,320.01.0028,10000,25.482,10000,YERLİ,2023-06-17,1154,,0,2,24.8833,02,HM1,10240.6031,KAPALI,2023,6,22
700578,2023-06-02,SAS23000314,3,H00010,320.01.0028,1000,16.7521,1000,YERLİ,2023-08-01,1154,,0,2,24.8833,02,HM1,673.2266,KAPALI,2023,6,22
700579,2023-06-02,SAS23000315,1,H00007,320.01.0006,120,33.3955,120,YERLİ,2023-07-02,1154,,0,2,24.8833,02,HM1,161.0502,KAPALI,2023,6,22
700580,2023-06-05,SAS23000316,1,H00013,320.01.0051,1000,64.4785,1000,YERLİ,2023-07-20,1151,,0,2,24.8833,02,HM1,2591.2359,KAPALI,2023,6,23
700581,2023-06-05,SAS23000316,2,D00010,320.01.0051,250,152.4916,250,YERLİ,2023-07-05,1151,,0,2,24.8833,03,DG1,1532.0677,KAPALI,2023,6,23
700582,2023-06-05,SAS23000316,3,D00011,320.01.0051,1000,7.4085,1000,YERLİ,2023-07-05,1151,,0,2,24.8833,03,DG1,297.7298,KAPALI,2023,6,23
700583,2023-06-06,SAS23000317,1,H00007,320.01.0026,500,30.7753,250,YERLİ,2023-09-04,1150,-1060,250,2,24.8833,02,HM1,618.3927,ACIK,2023,6,23
700584,2023-06-06,SAS23000318,1,H00001,320.01.0013,250,39.3898,250,YERLİ,2023-09-04,1150,,0,2,24.8833,02,HM1,395.7453,KAPALI,2023,6,23
700585,2023-06-06,SAS23000318,2,D00001,320.01.0013,5000,27.7025,5000,YERLİ,2023-06-21,1150,,0,2,24.8833,03,DG1,5566.4843,KAPALI,2023,6,23
700586,2023-06-06,SAS23000319,1,H00009,320.01.0043,120,66.0812,120,İTHAL,2023-06-27,1150,,0,2,24.8833,02,HM1,318.6773,KAPALI,2023,6,23
700587,2023-06-06,SAS23000320,1,H00007,320.01.0036,250,35.9902,250,YERLİ,2023-08-05,1150,,0,2,24.8833,02,HM1,361.5899,KAPALI,2023,6,23
700588,2023-06-06,SAS23000321,1,D00004,320.01.0009,250,57.7689,250,YERLİ,2023-06-16,1150,,0,2,24.8833,03,DG1,580.3983,KAPALI,2023,6,23
700589,2023-06-06,SAS23000322,1,H00015,320.01.0022,10000,27.0202,10000,YERLİ,2023-06-27,1150,,0,2,24.8833,02,HM1,10858.7687,KAPALI,2023,6,23
700590,2023-06-06,SAS23000322,2,D00011,320.01.0022,1000,7.1003,1000,YERLİ,2023-09-04,1150,,0,2,24.8833,03,DG1,285.344,KAPALI,2023,6,23
700591,2023-06-07,SAS23000323,1,H00011,320.01.0013,500,28.4099,500,YERLİ,2023-06-17,1149,,0,2,24.8833,02,HM1,570.8628,KAPALI,2023,6,23
700592,2023-06-07,SAS23000323,2,D00008,320.01.0013,1000,243.6698,1000,YERLİ,2023-07-07,1149,,0,2,24.8833,03,DG1,9792.5034,KAPALI,2023,6,23
700593,2023-06-07,SAS23000324,1,D00007,320.01.0023,120,52.9158,60,İTHAL,2023-06-17,1149,-1139,60,2,24.8833,03,DG1,255.1871,ACIK,2023,6,23
700594,2023-06-07,SAS23000324,2,D00007,320.01.0023,2000,60.6487,2000,İTHAL,2023-09-05,1149,,0,2,24.8833,03,DG1,4874.6509,KAPALI,2023,6,23
700595,2023-06-08,SAS23000325,1,D00009,320.01.0005,120,202.8093,120,YERLİ,2023-08-07,1148,,0,2,24.8833,03,DG1,978.0502,KAPALI,2023,6,23
700596,2023-06-08,SAS23000325,2,D00008,320.01.0005,500,258.9078,500,YERLİ,2023-06-18,1148,,0,2,24.8833,03,DG1,5202.441,KAPALI,2023,6,23
700597,2023-06-08,SAS23000326,1,D00012,320.01.0008,10000,101.3556,10000,YERLİ,2023-07-23,1148,,0,2,24.8833,03,DG1,40732.3787,KAPALI,2023,6,23
700598,2023-06-08,SAS23000326,2,D00008,320.01.0008,2000,226.2632,2000,YERLİ,2023-08-07,1148,,0,2,24.8833,03,DG1,18185.948,KAPALI,2023,6,23
700599,2023-06-08,SAS23000326,3,H00014,320.01.0008,500,26.8405,500,YERLİ,2023-07-23,1148,,0,2,24.8833,02,HM1,539.3276,KAPALI,2023,6,23
700600,2023-06-08,SAS23000327,1,D00012,320.01.0009,120,111.2394,120,YERLİ,2023-08-07,1148,,0,2,24.8833,03,DG1,536.4533,KAPALI,2023,6,23
700601,2023-06-08,SAS23000327,2,D00010,320.01.0009,2000,159.7215,2000,YERLİ,2023-08-07,1148,,0,2,24.8833,03,DG1,12837.6461,KAPALI,2023,6,23
700602,2023-06-09,SAS23000328,1,D00008,320.01.0005,120,245.4231,120,YERLİ,2023-06-24,1147,,0,2,24.8833,03,DG1,1183.5557,KAPALI,2023,6,23
700603,2023-06-09,SAS23000328,2,D00006,320.01.0005,10000,228.9688,10000,YERLİ,2023-09-07,1147,,0,2,24.8833,03,DG1,92017.0556,KAPALI,2023,6,23
700604,2023-06-09,SAS23000329,1,H00013,320.01.0002,120,75.9544,60,YERLİ,2023-06-19,1147,-1137,60,2,24.8833,02,HM1,366.291,ACIK,2023,6,23
700605,2023-06-09,SAS23000329,2,H00011,320.01.0002,120,27.7955,120,YERLİ,2023-06-24,1147,,0,2,24.8833,02,HM1,134.0441,KAPALI,2023,6,23
700606,2023-06-09,SAS23000329,3,D00012,320.01.0002,500,95.3702,0,YERLİ,2023-06-24,1147,-1132,500,2,24.8833,03,DG1,1916.3495,ACIK,2023,6,23
700607,2023-06-09,SAS23000330,1,D00008,320.01.0004,1000,220.4515,1000,YERLİ,2023-06-24,1147,,0,2,24.8833,03,DG1,8859.4158,KAPALI,2023,6,23
700608,2023-06-09,SAS23000330,2,H00016,320.01.0004,120,55.7,120,YERLİ,2023-07-24,1147,,0,2,24.8833,02,HM1,268.6139,KAPALI,2023,6,23
700609,2023-06-09,SAS23000330,3,H00016,320.01.0004,500,69.9389,500,YERLİ,2023-06-30,1147,,0,2,24.8833,02,HM1,1405.3381,KAPALI,2023,6,23
700610,2023-06-12,SAS23000331,1,H00003,320.01.0010,120,54.0313,120,YERLİ,2023-07-03,1144,,0,2,24.8833,02,HM1,260.5666,KAPALI,2023,6,24
700611,2023-06-12,SAS23000332,1,H00004,320.01.0032,10000,48.183,5000,YERLİ,2023-07-12,1144,-1114,5000,2,24.8833,02,HM1,19363.5892,ACIK,2023,6,24
700612,2023-06-12,SAS23000333,1,H00009,320.01.0002,500,63.826,500,YERLİ,2023-06-27,1144,,0,2,24.8833,02,HM1,1282.5067,KAPALI,2023,6,24
700613,2023-06-12,SAS23000333,2,H00008,320.01.0002,5000,49.5538,5000,YERLİ,2023-07-27,1144,,0,2,24.8833,02,HM1,9957.2404,KAPALI,2023,6,24
700614,2023-06-14,SAS23000334,1,D00012,320.01.0028,2000,91.9913,2000,YERLİ,2023-08-13,1142,,0,2,24.8833,03,DG1,7393.8183,KAPALI,2023,6,24
700615,2023-06-14,SAS23000335,1,H00013,320.01.0018,120,65.2893,0,YERLİ,2023-06-24,1142,-1132,120,2,24.8833,02,HM1,314.8584,ACIK,2023,6,24
700616,2023-06-14,SAS23000336,1,H00007,320.01.0024,120,31.6239,120,YERLİ,2023-09-12,1142,,0,2,24.8833,02,HM1,152.5066,KAPALI,2023,6,24
700617,2023-06-14,SAS23000337,1,H00001,320.01.0001,5000,43.2721,5000,YERLİ,2023-09-12,1142,,0,2,24.8833,02,HM1,8695.0083,KAPALI,2023,6,24
700618,2023-06-14,SAS23000337,2,H00013,320.01.0001,10000,77.907,5000,YERLİ,2023-07-05,1142,-1121,5000,2,24.8833,02,HM1,31308.9502,ACIK,2023,6,24
700619,2023-06-14,SAS23000337,3,H00011,320.01.0001,10000,28.7517,10000,YERLİ,2023-07-29,1142,,0,2,24.8833,02,HM1,11554.617,KAPALI,2023,6,24
700620,2023-06-15,SAS23000338,1,H00005,320.01.0041,5000,45.9663,5000,İTHAL,2023-08-14,1141,,0,2,24.8833,02,HM1,9236.3754,KAPALI,2023,6,24
700621,2023-06-16,SAS23000339,1,H00010,320.01.0027,250,16.4105,250,YERLİ,2023-09-14,1140,,0,2,24.8833,02,HM1,164.8746,KAPALI,2023,6,24
700622,2023-06-16,SAS23000339,2,D00010,320.01.0027,250,145.8049,250,YERLİ,2023-07-01,1140,,0,2,24.8833,03,DG1,1464.8871,KAPALI,2023,6,24
700623,2023-06-16,SAS23000340,1,H00013,320.01.0009,500,70.8328,500,YERLİ,2023-07-31,1140,,0,2,24.8833,02,HM1,1423.3,KAPALI,2023,6,24
700624,2023-06-16,SAS23000340,2,D00012,320.01.0009,1000,105.0356,1000,YERLİ,2023-09-14,1140,,0,2,24.8833,03,DG1,4221.1282,KAPALI,2023,6,24
700625,2023-06-16,SAS23000341,1,D00003,320.01.0001,10000,212.0689,10000,YERLİ,2023-06-26,1140,,0,2,24.8833,03,DG1,85225.3921,KAPALI,2023,6,24
700626,2023-06-16,SAS23000342,1,D00009,320.01.0004,250,161.1772,250,YERLİ,2023-07-01,1140,,0,2,24.8833,03,DG1,1619.331,KAPALI,2023,6,24
700627,2023-06-16,SAS23000342,2,H00012,320.01.0004,1000,23.7165,1000,YERLİ,2023-06-26,1140,,0,2,24.8833,02,HM1,953.1091,KAPALI,2023,6,24
700628,2023-06-16,SAS23000343,1,H00009,320.01.0025,500,53.5334,500,İTHAL,2023-07-01,1140,,0,2,24.8833,02,HM1,1075.6893,KAPALI,2023,6,24
700629,2023-06-16,SAS23000343,2,H00012,320.01.0025,10000,24.046,10000,İTHAL,2023-09-14,1140,,0,2,24.8833,02,HM1,9663.5093,KAPALI,2023,6,24
700630,2023-06-16,SAS23000344,1,D00011,320.01.0001,500,6.9883,500,YERLİ,2023-09-14,1140,,0,2,24.8833,03,DG1,140.4215,KAPALI,2023,6,24
700631,2023-06-16,SAS23000344,2,H00003,320.01.0001,1000,61.3232,1000,YERLİ,2023-07-31,1140,,0,2,24.8833,02,HM1,2464.432,KAPALI,2023,6,24
700632,2023-06-16,SAS23000344,3,D00011,320.01.0001,500,6.687,500,YERLİ,2023-07-16,1140,,0,2,24.8833,03,DG1,134.3672,KAPALI,2023,6,24
700633,2023-06-19,SAS23000345,1,H00012,320.01.0003,120,20.889,120,İTHAL,2023-06-29,1137,,0,2,24.8833,02,HM1,100.7374,KAPALI,2023,6,25
700634,2023-06-19,SAS23000346,1,D00005,320.01.0027,1000,233.3703,1000,YERLİ,2023-07-10,1137,,0,2,24.8833,03,DG1,9378.5913,KAPALI,2023,6,25
700635,2023-06-19,SAS23000346,2,H00005,320.01.0027,2000,45.9582,2000,YERLİ,2023-06-29,1137,,0,2,24.8833,02,HM1,3693.8991,KAPALI,2023,6,25
700636,2023-06-19,SAS23000347,1,D00012,320.01.0006,500,106.3944,500,YERLİ,2023-08-03,1137,,0,2,24.8833,03,DG1,2137.8676,KAPALI,2023,6,25
700637,2023-06-19,SAS23000347,2,H00003,320.01.0006,1000,54.4875,1000,YERLİ,2023-08-03,1137,,0,2,24.8833,02,HM1,2189.7216,KAPALI,2023,6,25
700638,2023-06-19,SAS23000347,3,H00015,320.01.0006,1000,28.4116,1000,YERLİ,2023-07-04,1137,,0,2,24.8833,02,HM1,1141.7939,KAPALI,2023,6,25
700639,2023-06-19,SAS23000348,1,D00001,320.01.0039,500,30.8472,500,YERLİ,2023-06-29,1137,,0,2,24.8833,03,DG1,619.8374,KAPALI,2023,6,25
700640,2023-06-19,SAS23000348,2,D00005,320.01.0039,1000,224.9017,1000,YERLİ,2023-09-17,1137,,0,2,24.8833,03,DG1,9038.2586,KAPALI,2023,6,25
700641,2023-06-19,SAS23000349,1,D00012,320.01.0014,5000,109.3886,5000,YERLİ,2023-08-03,1137,,0,2,24.8833,03,DG1,21980.3242,KAPALI,2023,6,25
700642,2023-06-20,SAS23000350,1,H00004,320.01.0009,2000,48.9008,2000,YERLİ,2023-07-11,1136,,0,2,24.8833,02,HM1,3930.4112,KAPALI,2023,6,25
700643,2023-06-20,SAS23000351,1,D00002,320.01.0014,1000,43.779,1000,YERLİ,2023-06-30,1136,,0,2,24.8833,03,DG1,1759.3728,KAPALI,2023,6,25
700644,2023-06-20,SAS23000351,2,D00008,320.01.0014,1000,224.0169,1000,YERLİ,2023-07-20,1136,,0,2,24.8833,03,DG1,9002.7006,KAPALI,2023,6,25
700645,2023-06-20,SAS23000351,3,H00016,320.01.0014,250,60.4217,250,YERLİ,2023-06-30,1136,,0,2,24.8833,02,HM1,607.0507,KAPALI,2023,6,25
700646,2023-06-20,SAS23000352,1,H00016,320.01.0005,120,64.0433,120,YERLİ,2023-07-20,1136,,0,2,24.8833,02,HM1,308.8495,KAPALI,2023,6,25
700647,2023-06-20,SAS23000352,2,D00003,320.01.0005,120,208.7258,120,YERLİ,2023-08-04,1136,,0,2,24.8833,03,DG1,1006.5826,KAPALI,2023,6,25
700648,2023-06-20,SAS23000353,1,H00006,320.01.0055,5000,82.532,5000,İTHAL,2023-08-04,1136,,0,2,24.8833,02,HM1,16583.8132,KAPALI,2023,6,25
700649,2023-06-20,SAS23000353,2,D00011,320.01.0055,5000,6.6535,5000,İTHAL,2023-07-20,1136,,0,2,24.8833,03,DG1,1336.9408,KAPALI,2023,6,25
700650,2023-06-20,SAS23000354,1,D00006,320.01.0008,500,204.8995,500,YERLİ,2023-06-30,1136,,0,2,24.8833,03,DG1,4117.2091,KAPALI,2023,6,25
700651,2023-06-21,SAS23000355,1,H00014,320.01.0005,120,24.6742,120,YERLİ,2023-07-06,1135,,0,2,24.8833,02,HM1,118.9916,KAPALI,2023,6,25
700652,2023-06-21,SAS23000356,1,D00002,320.01.0046,5000,40.6539,5000,YERLİ,2023-09-19,1135,,0,2,24.8833,03,DG1,8168.9125,KAPALI,2023,6,25
700653,2023-06-21,SAS23000356,2,D00012,320.01.0046,250,92.4018,250,YERLİ,2023-07-01,1135,,0,2,24.8833,03,DG1,928.3515,KAPALI,2023,6,25
700654,2023-06-21,SAS23000357,1,D00003,320.01.0042,5000,241.1048,5000,YERLİ,2023-07-01,1135,,0,2,24.8833,03,DG1,48447.1111,KAPALI,2023,6,25
700655,2023-06-21,SAS23000357,2,H00004,320.01.0042,10000,56.9095,10000,YERLİ,2023-08-20,1135,,0,2,24.8833,02,HM1,22870.5598,KAPALI,2023,6,25
700656,2023-06-23,SAS23000358,1,H00015,320.01.0025,2000,29.2053,2000,İTHAL,2023-07-03,1133,,0,2,24.8833,02,HM1,2347.3816,KAPALI,2023,6,25
700657,2023-06-23,SAS23000358,2,D00006,320.01.0025,2000,245.364,2000,İTHAL,2023-08-22,1133,,0,2,24.8833,03,DG1,19721.1785,KAPALI,2023,6,25
700658,2023-06-23,SAS23000359,1,D00001,320.01.0015,5000,27.42,0,YERLİ,2023-07-08,1133,-1118,5000,2,24.8833,03,DG1,5509.7194,ACIK,2023,6,25
700659,2023-06-23,SAS23000359,2,H00007,320.01.0015,500,34.2239,500,YERLİ,2023-07-14,1133,,0,2,24.8833,02,HM1,687.6881,KAPALI,2023,6,25
700660,2023-06-23,SAS23000359,3,H00008,320.01.0015,120,45.399,120,YERLİ,2023-08-07,1133,,0,2,24.8833,02,HM1,218.9372,KAPALI,2023,6,25
700661,2023-06-23,SAS23000360,1,H00004,320.01.0003,2000,60.4576,2000,İTHAL,2023-07-08,1133,,0,2,24.8833,02,HM1,4859.2912,KAPALI,2023,6,25
700662,2023-06-23,SAS23000360,2,H00008,320.01.0003,2000,46.5628,1000,İTHAL,2023-09-21,1133,-1043,1000,2,24.8833,02,HM1,3742.494,ACIK,2023,6,25
700663,2023-06-23,SAS23000361,1,D00012,320.01.0015,2000,92.3398,2000,YERLİ,2023-07-08,1133,,0,2,24.8833,03,DG1,7421.8291,KAPALI,2023,6,25
700664,2023-06-26,SAS23000362,1,H00008,320.01.0006,120,42.5312,120,YERLİ,2023-08-10,1130,,0,2,24.8833,02,HM1,205.1072,KAPALI,2023,6,26
700665,2023-06-26,SAS23000362,2,H00016,320.01.0006,1000,61.0406,1000,YERLİ,2023-08-10,1130,,0,2,24.8833,02,HM1,2453.075,KAPALI,2023,6,26
700666,2023-06-26,SAS23000363,1,D00005,320.01.0025,500,196.2837,500,İTHAL,2023-07-17,1130,,0,2,24.8833,03,DG1,3944.085,KAPALI,2023,6,26
700667,2023-06-26,SAS23000363,2,H00003,320.01.0025,120,52.9277,120,İTHAL,2023-07-11,1130,,0,2,24.8833,02,HM1,255.2444,KAPALI,2023,6,26
700668,2023-06-26,SAS23000364,1,D00010,320.01.0007,10000,169.474,10000,YERLİ,2023-08-10,1130,,0,2,24.8833,03,DG1,68107.5259,KAPALI,2023,6,26
700669,2023-06-26,SAS23000364,2,D00012,320.01.0007,5000,100.0145,5000,YERLİ,2023-08-25,1130,,0,2,24.8833,03,DG1,20096.7114,KAPALI,2023,6,26
700670,2023-06-26,SAS23000365,1,H00010,320.01.0005,5000,17.7151,5000,YERLİ,2023-08-25,1130,,0,2,24.8833,02,HM1,3559.6364,KAPALI,2023,6,26
700671,2023-06-26,SAS23000366,1,D00003,320.01.0013,5000,220.2319,2500,YERLİ,2023-08-25,1130,-1070,2500,2,24.8833,03,DG1,44252.9528,ACIK,2023,6,26
700672,2023-06-26,SAS23000366,2,D00003,320.01.0013,500,241.1843,500,YERLİ,2023-09-24,1130,,0,2,24.8833,03,DG1,4846.3086,KAPALI,2023,6,26
700673,2023-06-27,SAS23000367,1,H00007,320.01.0014,2000,32.0626,2000,YERLİ,2023-07-12,1129,,0,2,24.8833,02,HM1,2577.0376,KAPALI,2023,6,26
700674,2023-06-27,SAS23000368,1,D00006,320.01.0004,120,219.4189,120,YERLİ,2023-08-11,1129,,0,2,24.8833,03,DG1,1058.1502,KAPALI,2023,6,26
700675,2023-06-27,SAS23000368,2,H00002,320.01.0004,250,14.8818,250,YERLİ,2023-07-18,1129,,0,2,24.8833,02,HM1,149.5159,KAPALI,2023,6,26
700676,2023-06-27,SAS23000369,1,D00001,320.01.0003,250,29.6709,250,İTHAL,2023-08-11,1129,,0,2,24.8833,03,DG1,298.1005,KAPALI,2023,6,26
700677,2023-06-27,SAS23000369,2,D00008,320.01.0003,1000,206.7412,1000,İTHAL,2023-07-07,1129,,0,2,24.8833,03,DG1,8308.4318,KAPALI,2023,6,26
700678,2023-06-28,SAS23000370,1,H00002,320.01.0003,500,16.9666,500,İTHAL,2023-08-27,1128,,0,2,24.8833,02,HM1,340.9234,KAPALI,2023,6,26
700679,2023-06-28,SAS23000371,1,H00006,320.01.0031,500,89.4909,250,YERLİ,2023-08-12,1128,-1083,250,2,24.8833,02,HM1,1798.2121,ACIK,2023,6,26
700680,2023-06-28,SAS23000372,1,H00006,320.01.0034,1000,85.945,1000,YERLİ,2023-07-19,1128,,0,2,24.8833,02,HM1,3453.9229,KAPALI,2023,6,26
700681,2023-06-28,SAS23000373,1,D00010,320.01.0045,10000,169.0342,10000,YERLİ,2023-08-12,1128,,0,2,24.8833,03,DG1,67930.7809,KAPALI,2023,6,26
700682,2023-06-29,SAS23000374,1,H00012,320.01.0020,5000,23.4948,5000,YERLİ,2023-08-28,1127,,0,2,24.8833,02,HM1,4720.9976,KAPALI,2023,6,26
700683,2023-06-29,SAS23000374,2,D00012,320.01.0020,2000,108.3796,2000,YERLİ,2023-09-27,1127,,0,2,24.8833,03,DG1,8711.0311,KAPALI,2023,6,26
700684,2023-06-29,SAS23000374,3,H00014,320.01.0020,500,29.5325,500,YERLİ,2023-07-14,1127,,0,2,24.8833,02,HM1,593.4201,KAPALI,2023,6,26
700685,2023-06-29,SAS23000375,1,H00004,320.01.0009,2000,50.9393,2000,YERLİ,2023-07-29,1127,,0,2,24.8833,02,HM1,4094.256,KAPALI,2023,6,26
700686,2023-06-29,SAS23000375,2,H00005,320.01.0009,250,40.2744,250,YERLİ,2023-07-29,1127,,0,2,24.8833,02,HM1,404.6328,KAPALI,2023,6,26
700687,2023-06-29,SAS23000376,1,H00012,320.01.0012,1000,23.9413,1000,YERLİ,2023-07-29,1127,,0,2,24.8833,02,HM1,962.1433,KAPALI,2023,6,26
700688,2023-06-29,SAS23000376,2,D00009,320.01.0012,2000,187.3841,2000,YERLİ,2023-09-27,1127,,0,2,24.8833,03,DG1,15061.0329,KAPALI,2023,6,26
700689,2023-06-29,SAS23000376,3,H00007,320.01.0012,500,35.0815,500,YERLİ,2023-08-28,1127,,0,2,24.8833,02,HM1,704.9206,KAPALI,2023,6,26
700690,2023-06-29,SAS23000377,1,D00008,320.01.0001,120,234.8122,0,YERLİ,2023-07-09,1127,-1117,120,2,24.8833,03,DG1,1132.3845,ACIK,2023,6,26
700691,2023-06-30,SAS23000378,1,H00002,320.01.0017,1000,15.859,1000,YERLİ,2023-07-15,1126,,0,2,24.8833,02,HM1,637.3351,KAPALI,2023,6,26
700692,2023-06-30,SAS23000379,1,D00011,320.01.0001,120,6.4216,120,YERLİ,2023-08-29,1126,,0,2,24.8833,03,DG1,30.9682,KAPALI,2023,6,26
700693,2023-06-30,SAS23000380,1,H00014,320.01.0022,10000,27.9896,10000,YERLİ,2023-08-29,1126,,0,2,24.8833,02,HM1,11248.3473,KAPALI,2023,6,26
700694,2023-06-30,SAS23000380,2,H00012,320.01.0022,250,20.713,250,YERLİ,2023-08-29,1126,,0,2,24.8833,02,HM1,208.1014,KAPALI,2023,6,26
700695,2023-06-30,SAS23000381,1,H00005,320.01.0013,1000,37.2817,1000,YERLİ,2023-07-10,1126,,0,2,24.8833,02,HM1,1498.2619,KAPALI,2023,6,26
700696,2023-06-30,SAS23000381,2,D00012,320.01.0013,500,100.4487,250,YERLİ,2023-09-28,1126,-1036,250,2,24.8833,03,DG1,2018.3959,ACIK,2023,6,26
700697,2023-07-03,SAS23000382,1,D00009,320.01.0009,120,186.2921,120,YERLİ,2023-10-01,1123,,0,2,26.1,03,DG1,856.5154,KAPALI,2023,7,27
700698,2023-07-03,SAS23000382,2,D00009,320.01.0009,5000,182.1697,5000,YERLİ,2023-09-01,1123,,0,2,26.1,03,DG1,34898.41,KAPALI,2023,7,27
700699,2023-07-03,SAS23000382,3,H00003,320.01.0009,2000,57.984,2000,YERLİ,2023-07-13,1123,,0,2,26.1,02,HM1,4443.2184,KAPALI,2023,7,27
700700,2023-07-03,SAS23000383,1,D00009,320.01.0018,1000,172.5283,1000,YERLİ,2023-08-17,1123,,0,2,26.1,03,DG1,6610.2797,KAPALI,2023,7,27
700701,2023-07-03,SAS23000384,1,H00005,320.01.0002,1000,42.2545,1000,YERLİ,2023-10-01,1123,,0,2,26.1,02,HM1,1618.9464,KAPALI,2023,7,27
700702,2023-07-03,SAS23000384,2,D00012,320.01.0002,250,100.387,250,YERLİ,2023-07-13,1123,,0,2,26.1,03,DG1,961.5613,KAPALI,2023,7,27
700703,2023-07-03,SAS23000385,1,D00001,320.01.0002,500,26.5758,500,YERLİ,2023-08-17,1123,,0,2,26.1,03,DG1,509.1149,KAPALI,2023,7,27
700704,2023-07-03,SAS23000386,1,D00005,320.01.0004,1000,221.3752,1000,YERLİ,2023-10-01,1123,,0,2,26.1,03,DG1,8481.8084,KAPALI,2023,7,27
700705,2023-07-03,SAS23000386,2,H00001,320.01.0004,10000,40.3954,10000,YERLİ,2023-10-01,1123,,0,2,26.1,02,HM1,15477.1648,KAPALI,2023,7,27
700706,2023-07-03,SAS23000386,3,D00012,320.01.0004,10000,115.6626,10000,YERLİ,2023-09-01,1123,,0,2,26.1,03,DG1,44315.1724,KAPALI,2023,7,27
700707,2023-07-04,SAS23000387,1,H00007,320.01.0012,2000,39.492,2000,YERLİ,2023-07-25,1122,,0,2,26.1,02,HM1,3026.2069,KAPALI,2023,7,27
700708,2023-07-04,SAS23000388,1,D00009,320.01.0001,2000,201.968,2000,YERLİ,2023-07-19,1122,,0,2,26.1,03,DG1,15476.4751,KAPALI,2023,7,27
700709,2023-07-04,SAS23000388,2,H00016,320.01.0001,5000,72.7753,5000,YERLİ,2023-07-25,1122,,0,2,26.1,02,HM1,13941.6284,KAPALI,2023,7,27
700710,2023-07-04,SAS23000389,1,D00001,320.01.0004,250,30.9809,250,YERLİ,2023-08-18,1122,,0,2,26.1,03,DG1,296.7519,KAPALI,2023,7,27
700711,2023-07-04,SAS23000389,2,H00001,320.01.0004,250,40.4655,250,YERLİ,2023-07-14,1122,,0,2,26.1,02,HM1,387.6006,KAPALI,2023,7,27
700712,2023-07-04,SAS23000390,1,H00004,320.01.0015,2000,51.0168,2000,YERLİ,2023-09-02,1122,,0,2,26.1,02,HM1,3909.3333,KAPALI,2023,7,27
700713,2023-07-04,SAS23000391,1,D00007,320.01.0009,10000,61.4906,10000,YERLİ,2023-07-14,1122,,0,2,26.1,03,DG1,23559.6169,KAPALI,2023,7,27
700714,2023-07-05,SAS23000392,1,H00004,320.01.0030,250,55.9501,250,YERLİ,2023-08-19,1121,,0,2,26.1,02,HM1,535.9205,KAPALI,2023,7,27
700715,2023-07-05,SAS23000392,2,H00011,320.01.0030,5000,31.707,5000,YERLİ,2023-09-03,1121,,0,2,26.1,02,HM1,6074.1379,KAPALI,2023,7,27
700716,2023-07-06,SAS23000393,1,H00003,320.01.0008,2000,54.1674,2000,YERLİ,2023-09-04,1120,,0,2,26.1,02,HM1,4150.7586,KAPALI,2023,7,27
700717,2023-07-06,SAS23000393,2,H00003,320.01.0008,10000,58.8048,10000,YERLİ,2023-10-04,1120,,0,2,26.1,02,HM1,22530.5747,KAPALI,2023,7,27
700718,2023-07-06,SAS23000394,1,D00005,320.01.0010,500,201.3714,500,YERLİ,2023-07-27,1120,,0,2,26.1,03,DG1,3857.6897,KAPALI,2023,7,27
700719,2023-07-06,SAS23000395,1,D00009,320.01.0002,250,212.9953,0,YERLİ,2023-09-04,1120,-1060,250,2,26.1,03,DG1,2040.1849,ACIK,2023,7,27
700720,2023-07-06,SAS23000396,1,D00001,320.01.0025,1000,32.1468,1000,İTHAL,2023-08-20,1120,,0,2,26.1,03,DG1,1231.6782,KAPALI,2023,7,27
700721,2023-07-06,SAS23000396,2,D00006,320.01.0025,5000,243.0328,5000,İTHAL,2023-07-16,1120,,0,2,26.1,03,DG1,46558.0077,KAPALI,2023,7,27
700722,2023-07-06,SAS23000396,3,D00010,320.01.0025,500,158.8678,500,İTHAL,2023-08-20,1120,,0,2,26.1,03,DG1,3043.4444,KAPALI,2023,7,27
700723,2023-07-07,SAS23000397,1,H00008,320.01.0043,2000,52.7508,2000,İTHAL,2023-07-28,1119,,0,2,26.1,02,HM1,4042.2069,KAPALI,2023,7,27
700724,2023-07-07,SAS23000397,2,H00002,320.01.0043,10000,17.2268,10000,İTHAL,2023-07-22,1119,,0,2,26.1,02,HM1,6600.3065,KAPALI,2023,7,27
700725,2023-07-07,SAS23000397,3,D00003,320.01.0043,120,217.6843,120,İTHAL,2023-10-05,1119,,0,2,26.1,03,DG1,1000.8474,KAPALI,2023,7,27
700726,2023-07-07,SAS23000398,1,D00004,320.01.0011,2000,58.9476,2000,YERLİ,2023-07-28,1119,,0,2,26.1,03,DG1,4517.0575,KAPALI,2023,7,27
700727,2023-07-07,SAS23000399,1,H00012,320.01.0020,10000,26.6378,10000,YERLİ,2023-08-06,1119,,0,2,26.1,02,HM1,10206.0536,KAPALI,2023,7,27
700728,2023-07-07,SAS23000399,2,D00005,320.01.0020,120,203.2353,120,YERLİ,2023-08-06,1119,,0,2,26.1,03,DG1,934.4152,KAPALI,2023,7,27
700729,2023-07-07,SAS23000400,1,D00001,320.01.0041,5000,31.5153,5000,İTHAL,2023-07-22,1119,,0,2,26.1,03,DG1,6037.4138,KAPALI,2023,7,27
700730,2023-07-07,SAS23000400,2,D00005,320.01.0041,10000,232.5199,10000,İTHAL,2023-07-17,1119,,0,2,26.1,03,DG1,89088.0843,KAPALI,2023,7,27
700731,2023-07-10,SAS23000401,1,D00005,320.01.0027,5000,206.8735,5000,YERLİ,2023-10-08,1116,,0,2,26.1,03,DG1,39630.9387,KAPALI,2023,7,28
700732,2023-07-10,SAS23000402,1,H00009,320.01.0007,500,68.8929,0,YERLİ,2023-10-08,1116,-1026,500,2,26.1,02,HM1,1319.7874,ACIK,2023,7,28
700733,2023-07-10,SAS23000403,1,D00010,320.01.0022,120,153.9045,120,YERLİ,2023-07-25,1116,,0,2,26.1,03,DG1,707.6069,KAPALI,2023,7,28
700734,2023-07-11,SAS23000404,1,D00003,320.01.0042,2000,236.2579,2000,YERLİ,2023-09-09,1115,,0,2,26.1,03,DG1,18104.0536,KAPALI,2023,7,28
700735,2023-07-11,SAS23000404,2,H00008,320.01.0042,250,51.4991,250,YERLİ,2023-08-10,1115,,0,2,26.1,02,HM1,493.2864,KAPALI,2023,7,28
700736,2023-07-12,SAS23000405,1,D00007,320.01.0045,2000,68.5143,2000,YERLİ,2023-08-02,1114,,0,2,26.1,03,DG1,5250.1379,KAPALI,2023,7,28
700737,2023-07-12,SAS23000405,2,H00012,320.01.0045,10000,22.3529,10000,YERLİ,2023-08-11,1114,,0,2,26.1,02,HM1,8564.3295,KAPALI,2023,7,28
700738,2023-07-12,SAS23000405,3,H00008,320.01.0045,1000,50.3327,1000,YERLİ,2023-08-11,1114,,0,2,26.1,02,HM1,1928.4559,KAPALI,2023,7,28
700739,2023-07-12,SAS23000406,1,H00004,320.01.0008,2000,62.9245,2000,YERLİ,2023-09-10,1114,,0,2,26.1,02,HM1,4821.8008,KAPALI,2023,7,28
700740,2023-07-12,SAS23000406,2,H00008,320.01.0008,10000,51.1324,5000,YERLİ,2023-07-27,1114,-1099,5000,2,26.1,02,HM1,19590.9579,ACIK,2023,7,28
700741,2023-07-12,SAS23000407,1,D00007,320.01.0010,10000,57.4529,10000,YERLİ,2023-08-26,1114,,0,2,26.1,03,DG1,22012.6054,KAPALI,2023,7,28
700742,2023-07-12,SAS23000407,2,H00001,320.01.0010,10000,36.3318,10000,YERLİ,2023-07-22,1114,,0,2,26.1,02,HM1,13920.2299,KAPALI,2023,7,28
700743,2023-07-12,SAS23000408,1,H00005,320.01.0041,5000,42.3473,5000,İTHAL,2023-07-27,1114,,0,2,26.1,02,HM1,8112.5096,KAPALI,2023,7,28
700744,2023-07-12,SAS23000408,2,D00003,320.01.0041,250,233.9288,250,İTHAL,2023-07-27,1114,,0,2,26.1,03,DG1,2240.6973,KAPALI,2023,7,28
700745,2023-07-13,SAS23000409,1,D00011,320.01.0037,500,7.9738,500,İTHAL,2023-08-03,1113,,0,2,26.1,03,DG1,152.7548,KAPALI,2023,7,28
700746,2023-07-13,SAS23000410,1,D00011,320.01.0005,250,6.5201,250,YERLİ,2023-10-11,1113,,0,2,26.1,03,DG1,62.4531,KAPALI,2023,7,28
700747,2023-07-13,SAS23000410,2,D00009,320.01.0005,120,214.928,120,YERLİ,2023-07-28,1113,,0,2,26.1,03,DG1,988.1747,KAPALI,2023,7,28
700748,2023-07-13,SAS23000411,1,H00014,320.01.0024,120,29.5158,0,YERLİ,2023-10-11,1113,-1023,120,2,26.1,02,HM1,135.7048,ACIK,2023,7,28
700749,2023-07-13,SAS23000411,2,H00007,320.01.0024,120,39.3382,120,YERLİ,2023-08-03,1113,,0,2,26.1,02,HM1,180.8653,KAPALI,2023,7,28
700750,2023-07-14,SAS23000412,1,H00007,320.01.0008,250,32.4791,250,YERLİ,2023-09-12,1112,,0,2,26.1,02,HM1,311.1025,KAPALI,2023,7,28
700751,2023-07-14,SAS23000413,1,H00015,320.01.0005,1000,28.9435,1000,YERLİ,2023-10-12,1112,,0,2,26.1,02,HM1,1108.9464,KAPALI,2023,7,28
700752,2023-07-14,SAS23000413,2,H00010,320.01.0005,120,17.344,0,YERLİ,2023-07-24,1112,-1102,120,2,26.1,02,HM1,79.7425,ACIK,2023,7,28
700753,2023-07-14,SAS23000413,3,H00010,320.01.0005,10000,16.7508,10000,YERLİ,2023-07-24,1112,,0,2,26.1,02,HM1,6417.931,KAPALI,2023,7,28
700754,2023-07-14,SAS23000414,1,H00013,320.01.0004,250,72.048,250,YERLİ,2023-10-12,1112,,0,2,26.1,02,HM1,690.1149,KAPALI,2023,7,28
700755,2023-07-14,SAS23000414,2,D00001,320.01.0004,250,29.4666,250,YERLİ,2023-08-28,1112,,0,2,26.1,03,DG1,282.2471,KAPALI,2023,7,28
700756,2023-07-14,SAS23000414,3,H00010,320.01.0004,120,18.5622,120,YERLİ,2023-09-12,1112,,0,2,26.1,02,HM1,85.3434,KAPALI,2023,7,28
700757,2023-07-17,SAS23000415,1,H00008,320.01.0004,10000,52.1236,10000,YERLİ,2023-08-16,1109,,0,2,26.1,02,HM1,19970.728,KAPALI,2023,7,29
700758,2023-07-17,SAS23000415,2,D00011,320.01.0004,10000,7.8603,10000,YERLİ,2023-08-01,1109,,0,2,26.1,03,DG1,3011.6092,KAPALI,2023,7,29
700759,2023-07-17,SAS23000416,1,H00002,320.01.0047,500,14.609,500,YERLİ,2023-07-27,1109,,0,2,26.1,02,HM1,279.8659,KAPALI,2023,7,29
700760,2023-07-17,SAS23000417,1,H00008,320.01.0021,5000,52.0504,5000,YERLİ,2023-09-15,1109,,0,2,26.1,02,HM1,9971.341,KAPALI,2023,7,29
700761,2023-07-17,SAS23000417,2,D00010,320.01.0021,1000,172.3835,1000,YERLİ,2023-10-15,1109,,0,2,26.1,03,DG1,6604.7318,KAPALI,2023,7,29
700762,2023-07-17,SAS23000417,3,H00001,320.01.0021,250,42.7503,250,YERLİ,2023-09-15,1109,,0,2,26.1,02,HM1,409.4856,KAPALI,2023,7,29
700763,2023-07-19,SAS23000418,1,D00009,320.01.0001,2000,186.5273,2000,YERLİ,2023-08-18,1107,,0,2,26.1,03,DG1,14293.2797,KAPALI,2023,7,29
700764,2023-07-20,SAS23000419,1,D00002,320.01.0006,5000,43.0031,5000,YERLİ,2023-08-19,1106,,0,2,26.1,03,DG1,8238.1418,KAPALI,2023,7,29
700765,2023-07-20,SAS23000420,1,D00011,320.01.0004,10000,8.2154,10000,YERLİ,2023-09-18,1106,,0,2,26.1,03,DG1,3147.6628,KAPALI,2023,7,29
700766,2023-07-20,SAS23000420,2,H00016,320.01.0004,500,69.7801,500,YERLİ,2023-08-04,1106,,0,2,26.1,02,HM1,1336.7835,KAPALI,2023,7,29
700767,2023-07-20,SAS23000420,3,H00006,320.01.0004,250,86.0596,250,YERLİ,2023-09-18,1106,,0,2,26.1,02,HM1,824.3257,KAPALI,2023,7,29
700768,2023-07-20,SAS23000421,1,H00015,320.01.0005,2000,30.7187,2000,YERLİ,2023-09-18,1106,,0,2,26.1,02,HM1,2353.9234,KAPALI,2023,7,29
700769,2023-07-20,SAS23000421,2,D00009,320.01.0005,500,191.4829,250,YERLİ,2023-10-18,1106,-1016,250,2,26.1,03,DG1,3668.2548,ACIK,2023,7,29
700770,2023-07-20,SAS23000422,1,D00008,320.01.0001,500,240.7332,500,YERLİ,2023-08-10,1106,,0,2,26.1,03,DG1,4611.7471,KAPALI,2023,7,29
700771,2023-07-21,SAS23000423,1,H00012,320.01.0012,5000,22.5094,5000,YERLİ,2023-09-19,1105,,0,2,26.1,02,HM1,4312.1456,KAPALI,2023,7,29
700772,2023-07-21,SAS23000423,2,D00005,320.01.0012,500,214.6417,500,YERLİ,2023-08-05,1105,,0,2,26.1,03,DG1,4111.91,KAPALI,2023,7,29
700773,2023-07-21,SAS23000423,3,H00001,320.01.0012,10000,37.4707,10000,YERLİ,2023-08-05,1105,,0,2,26.1,02,HM1,14356.59,KAPALI,2023,7,29
700774,2023-07-21,SAS23000424,1,H00008,320.01.0012,10000,49.5223,10000,YERLİ,2023-10-19,1105,,0,2,26.1,02,HM1,18974.0613,KAPALI,2023,7,29
700775,2023-07-21,SAS23000424,2,D00009,320.01.0012,120,188.7993,120,YERLİ,2023-08-11,1105,,0,2,26.1,03,DG1,868.0428,KAPALI,2023,7,29
700776,2023-07-21,SAS23000424,3,H00007,320.01.0012,250,33.9081,250,YERLİ,2023-08-05,1105,,0,2,26.1,02,HM1,324.7902,KAPALI,2023,7,29
700777,2023-07-24,SAS23000425,1,H00014,320.01.0028,5000,28.7883,5000,YERLİ,2023-08-08,1102,,0,2,26.1,02,HM1,5515,KAPALI,2023,7,30
700778,2023-07-24,SAS23000425,2,H00009,320.01.0028,1000,56.8262,1000,YERLİ,2023-09-22,1102,,0,2,26.1,02,HM1,2177.249,KAPALI,2023,7,30
700779,2023-07-24,SAS23000425,3,D00003,320.01.0028,120,249.5992,120,YERLİ,2023-08-08,1102,,0,2,26.1,03,DG1,1147.5825,KAPALI,2023,7,30
700780,2023-07-25,SAS23000426,1,H00002,320.01.0025,1000,14.7743,1000,İTHAL,2023-10-23,1101,,0,2,26.1,02,HM1,566.0651,KAPALI,2023,7,30
700781,2023-07-25,SAS23000427,1,H00011,320.01.0032,10000,28.776,10000,YERLİ,2023-08-04,1101,,0,2,26.1,02,HM1,11025.2874,KAPALI,2023,7,30
700782,2023-07-25,SAS23000427,2,H00001,320.01.0032,5000,41.3391,5000,YERLİ,2023-08-09,1101,,0,2,26.1,02,HM1,7919.3678,KAPALI,2023,7,30
700783,2023-07-25,SAS23000428,1,D00010,320.01.0025,2000,162.3217,2000,İTHAL,2023-08-04,1101,,0,2,26.1,03,DG1,12438.4444,KAPALI,2023,7,30
700784,2023-07-25,SAS23000428,2,H00007,320.01.0025,500,36.4187,500,İTHAL,2023-08-24,1101,,0,2,26.1,02,HM1,697.6762,KAPALI,2023,7,30
700785,2023-07-25,SAS23000429,1,H00009,320.01.0014,250,58.727,250,YERLİ,2023-10-23,1101,,0,2,26.1,02,HM1,562.5192,KAPALI,2023,7,30
700786,2023-07-25,SAS23000429,2,H00009,320.01.0014,10000,69.7635,10000,YERLİ,2023-08-04,1101,,0,2,26.1,02,HM1,26729.3103,KAPALI,2023,7,30
700787,2023-07-26,SAS23000430,1,H00005,320.01.0002,2000,38.2112,2000,YERLİ,2023-09-09,1100,,0,2,26.1,02,HM1,2928.0613,KAPALI,2023,7,30
700788,2023-07-26,SAS23000431,1,D00004,320.01.0006,500,56.6619,0,YERLİ,2023-09-09,1100,-1055,500,2,26.1,03,DG1,1085.477,ACIK,2023,7,30
700789,2023-07-26,SAS23000431,2,D00002,320.01.0006,1000,43.9173,1000,YERLİ,2023-09-24,1100,,0,2,26.1,03,DG1,1682.6552,KAPALI,2023,7,30
700790,2023-07-26,SAS23000431,3,H00015,320.01.0006,250,30.5363,250,YERLİ,2023-08-16,1100,,0,2,26.1,02,HM1,292.4933,KAPALI,2023,7,30
700791,2023-07-26,SAS23000432,1,H00015,320.01.0001,120,31.5155,120,YERLİ,2023-10-24,1100,,0,2,26.1,02,HM1,144.8989,KAPALI,2023,7,30
700792,2023-07-27,SAS23000433,1,H00012,320.01.0016,500,23.2174,500,YERLİ,2023-09-10,1099,,0,2,26.1,02,HM1,444.7778,KAPALI,2023,7,30
700793,2023-07-27,SAS23000434,1,D00007,320.01.0003,10000,68.4169,10000,İTHAL,2023-08-06,1099,,0,2,26.1,03,DG1,26213.3716,KAPALI,2023,7,30
700794,2023-07-27,SAS23000435,1,D00009,320.01.0020,1000,190.582,1000,YERLİ,2023-08-06,1099,,0,2,26.1,03,DG1,7301.9923,KAPALI,2023,7,30
700795,2023-07-27,SAS23000435,2,H00007,320.01.0020,1000,38.4069,1000,YERLİ,2023-10-25,1099,,0,2,26.1,02,HM1,1471.5287,KAPALI,2023,7,30
700796,2023-07-27,SAS23000436,1,D00012,320.01.0032,500,107.2258,0,YERLİ,2023-08-26,1099,-1069,500,2,26.1,03,DG1,2054.1341,ACIK,2023,7,30
700797,2023-07-27,SAS23000436,2,D00001,320.01.0032,5000,28.2976,5000,YERLİ,2023-08-11,1099,,0,2,26.1,03,DG1,5420.9962,KAPALI,2023,7,30
700798,2023-07-28,SAS23000437,1,D00005,320.01.0003,500,204.4802,500,İTHAL,2023-08-12,1098,,0,2,26.1,03,DG1,3917.2452,KAPALI,2023,7,30
700799,2023-07-28,SAS23000437,2,D00008,320.01.0003,120,269.1101,120,İTHAL,2023-10-26,1098,,0,2,26.1,03,DG1,1237.2878,KAPALI,2023,7,30
700800,2023-07-28,SAS23000438,1,D00007,320.01.0001,1000,66.5166,1000,YERLİ,2023-09-26,1098,,0,2,26.1,03,DG1,2548.5287,KAPALI,2023,7,30
700801,2023-07-28,SAS23000438,2,H00013,320.01.0001,10000,82.6546,10000,YERLİ,2023-08-12,1098,,0,2,26.1,02,HM1,31668.4291,KAPALI,2023,7,30
700802,2023-07-28,SAS23000438,3,D00004,320.01.0001,10000,56.5497,10000,YERLİ,2023-08-18,1098,,0,2,26.1,03,DG1,21666.5517,KAPALI,2023,7,30
700803,2023-07-28,SAS23000439,1,D00010,320.01.0007,120,162.0036,120,YERLİ,2023-08-18,1098,,0,2,26.1,03,DG1,744.8441,KAPALI,2023,7,30
700804,2023-07-28,SAS23000439,2,D00001,320.01.0007,10000,28.1126,10000,YERLİ,2023-08-18,1098,,0,2,26.1,03,DG1,10771.1111,KAPALI,2023,7,30
700805,2023-07-28,SAS23000439,3,D00006,320.01.0007,10000,245.0346,10000,YERLİ,2023-08-27,1098,,0,2,26.1,03,DG1,93882.9885,KAPALI,2023,7,30
700806,2023-07-28,SAS23000440,1,H00006,320.01.0009,500,90.7585,500,YERLİ,2023-08-07,1098,,0,2,26.1,02,HM1,1738.6686,KAPALI,2023,7,30
700807,2023-07-28,SAS23000440,2,H00016,320.01.0009,500,63.8077,250,YERLİ,2023-08-18,1098,-1077,250,2,26.1,02,HM1,1222.3697,ACIK,2023,7,30
700808,2023-07-28,SAS23000440,3,D00003,320.01.0009,10000,245.3876,10000,YERLİ,2023-08-12,1098,,0,2,26.1,03,DG1,94018.2375,KAPALI,2023,7,30
700809,2023-07-31,SAS23000441,1,H00006,320.01.0005,500,87.3523,500,YERLİ,2023-08-30,1095,,0,2,26.1,02,HM1,1673.4157,KAPALI,2023,7,31
700810,2023-07-31,SAS23000442,1,D00006,320.01.0007,120,240.2795,120,YERLİ,2023-09-29,1095,,0,2,26.1,03,DG1,1104.7333,KAPALI,2023,7,31
700811,2023-07-31,SAS23000443,1,H00001,320.01.0011,10000,41.1357,10000,YERLİ,2023-08-21,1095,,0,2,26.1,02,HM1,15760.8046,KAPALI,2023,7,31
700812,2023-07-31,SAS23000443,2,H00004,320.01.0011,10000,56.5262,10000,YERLİ,2023-08-10,1095,,0,2,26.1,02,HM1,21657.5479,KAPALI,2023,7,31
700813,2023-08-01,SAS23000444,1,D00002,320.01.0001,500,52.9108,500,YERLİ,2023-09-15,1094,,0,2,26.7167,03,DG1,990.2196,KAPALI,2023,8,31
700814,2023-08-01,SAS23000444,2,D00006,320.01.0001,10000,273.9798,10000,YERLİ,2023-08-11,1094,,0,2,26.7167,03,DG1,102550.0155,KAPALI,2023,8,31
700815,2023-08-01,SAS23000445,1,D00010,320.01.0008,2000,166.907,2000,YERLİ,2023-10-30,1094,,0,2,26.7167,03,DG1,12494.582,KAPALI,2023,8,31
700816,2023-08-01,SAS23000446,1,D00003,320.01.0051,5000,225.398,5000,YERLİ,2023-08-16,1094,,0,2,26.7167,03,DG1,42182.9792,KAPALI,2023,8,31
700817,2023-08-01,SAS23000447,1,H00013,320.01.0002,120,76.0708,120,YERLİ,2023-08-22,1094,,0,2,26.7167,02,HM1,341.6775,KAPALI,2023,8,31
700818,2023-08-01,SAS23000448,1,D00004,320.01.0033,250,52.4802,250,YERLİ,2023-08-31,1094,,0,2,26.7167,03,DG1,491.0805,KAPALI,2023,8,31
700819,2023-08-01,SAS23000448,2,H00007,320.01.0033,250,32.8314,250,YERLİ,2023-08-11,1094,,0,2,26.7167,02,HM1,307.218,KAPALI,2023,8,31
700820,2023-08-01,SAS23000448,3,D00010,320.01.0033,1000,159.1796,1000,YERLİ,2023-08-31,1094,,0,2,26.7167,03,DG1,5958.0562,KAPALI,2023,8,31
700821,2023-08-02,SAS23000449,1,D00011,320.01.0012,10000,7.2671,10000,YERLİ,2023-09-16,1093,,0,2,26.7167,03,DG1,2720.059,KAPALI,2023,8,31
700822,2023-08-02,SAS23000449,2,D00001,320.01.0012,1000,27.985,1000,YERLİ,2023-09-01,1093,,0,2,26.7167,03,DG1,1047.4722,KAPALI,2023,8,31
700823,2023-08-02,SAS23000450,1,H00012,320.01.0009,1000,27.8854,1000,YERLİ,2023-08-23,1093,,0,2,26.7167,02,HM1,1043.7442,KAPALI,2023,8,31
700824,2023-08-02,SAS23000450,2,D00010,320.01.0009,10000,166.795,10000,YERLİ,2023-08-12,1093,,0,2,26.7167,03,DG1,62430.9889,KAPALI,2023,8,31
700825,2023-08-02,SAS23000450,3,H00001,320.01.0009,1000,45.6824,1000,YERLİ,2023-09-16,1093,,0,2,26.7167,02,HM1,1709.8818,KAPALI,2023,8,31
700826,2023-08-02,SAS23000451,1,D00012,320.01.0011,5000,118.4116,5000,YERLİ,2023-09-16,1093,,0,2,26.7167,03,DG1,22160.5962,KAPALI,2023,8,31
700827,2023-08-02,SAS23000451,2,H00004,320.01.0011,2000,52.0076,2000,YERLİ,2023-08-17,1093,,0,2,26.7167,02,HM1,3893.2653,KAPALI,2023,8,31
700828,2023-08-02,SAS23000451,3,H00016,320.01.0011,2000,74.1066,2000,YERLİ,2023-10-31,1093,,0,2,26.7167,02,HM1,5547.5863,KAPALI,2023,8,31
700829,2023-08-03,SAS23000452,1,H00008,320.01.0003,250,49.1248,250,İTHAL,2023-09-17,1092,,0,2,26.7167,02,HM1,459.6825,KAPALI,2023,8,31
700830,2023-08-03,SAS23000453,1,D00004,320.01.0030,1000,57.4167,1000,YERLİ,2023-09-17,1092,,0,2,26.7167,03,DG1,2149.094,KAPALI,2023,8,31
700831,2023-08-03,SAS23000454,1,H00005,320.01.0027,120,39.5195,120,YERLİ,2023-09-17,1092,,0,2,26.7167,02,HM1,177.5047,KAPALI,2023,8,31
700832,2023-08-03,SAS23000454,2,H00005,320.01.0027,500,48.9012,500,YERLİ,2023-09-02,1092,,0,2,26.7167,02,HM1,915.1804,KAPALI,2023,8,31
700833,2023-08-07,SAS23000455,1,H00002,320.01.0010,10000,17.4159,0,YERLİ,2023-10-06,1088,-1028,10000,2,26.7167,02,HM1,6518.7317,ACIK,2023,8,32
700834,2023-08-07,SAS23000455,2,H00006,320.01.0010,500,93.6861,500,YERLİ,2023-08-17,1088,,0,2,26.7167,02,HM1,1753.3247,KAPALI,2023,8,32
700835,2023-08-07,SAS23000455,3,H00004,320.01.0010,250,60.9059,250,YERLİ,2023-10-06,1088,,0,2,26.7167,02,HM1,569.9235,KAPALI,2023,8,32
700836,2023-08-08,SAS23000456,1,H00014,320.01.0013,10000,29.6807,10000,YERLİ,2023-09-22,1087,,0,2,26.7167,02,HM1,11109.4185,KAPALI,2023,8,32
700837,2023-08-09,SAS23000457,1,D00006,320.01.0030,120,255.2572,60,YERLİ,2023-08-24,1086,-1071,60,2,26.7167,03,DG1,1146.5063,ACIK,2023,8,32
700838,2023-08-09,SAS23000457,2,H00002,320.01.0030,10000,16.8177,10000,YERLİ,2023-10-08,1086,,0,2,26.7167,02,HM1,6294.8268,KAPALI,2023,8,32
700839,2023-08-09,SAS23000458,1,D00012,320.01.0017,500,116.9279,500,YERLİ,2023-09-08,1086,,0,2,26.7167,03,DG1,2188.2923,KAPALI,2023,8,32
700840,2023-08-09,SAS23000458,2,H00006,320.01.0017,10000,85.4884,10000,YERLİ,2023-11-07,1086,,0,2,26.7167,02,HM1,31998.1135,KAPALI,2023,8,32
700841,2023-08-09,SAS23000458,3,H00010,320.01.0017,5000,20.0528,5000,YERLİ,2023-09-08,1086,,0,2,26.7167,02,HM1,3752.8587,KAPALI,2023,8,32
700842,2023-08-09,SAS23000459,1,D00004,320.01.0009,5000,52.078,0,YERLİ,2023-08-19,1086,-1076,5000,2,26.7167,03,DG1,9746.3384,ACIK,2023,8,32
700843,2023-08-09,SAS23000459,2,D00001,320.01.0009,120,26.9233,120,YERLİ,2023-11-07,1086,,0,2,26.7167,03,DG1,120.928,KAPALI,2023,8,32
700844,2023-08-10,SAS23000460,1,D00007,320.01.0003,5000,63.1032,5000,İTHAL,2023-08-25,1085,,0,2,26.7167,03,DG1,11809.6921,KAPALI,2023,8,32
700845,2023-08-10,SAS23000460,2,H00002,320.01.0003,250,16.1123,250,İTHAL,2023-08-20,1085,,0,2,26.7167,02,HM1,150.7699,KAPALI,2023,8,32
700846,2023-08-11,SAS23000461,1,H00008,320.01.0037,250,44.7039,250,İTHAL,2023-11-09,1084,,0,2,26.7167,02,HM1,418.3142,KAPALI,2023,8,32
700847,2023-08-11,SAS23000461,2,H00004,320.01.0037,5000,53.1542,5000,İTHAL,2023-09-10,1084,,0,2,26.7167,02,HM1,9947.748,KAPALI,2023,8,32
700848,2023-08-11,SAS23000462,1,H00015,320.01.0005,250,29.2115,250,YERLİ,2023-09-25,1084,,0,2,26.7167,02,HM1,273.3449,KAPALI,2023,8,32
700849,2023-08-11,SAS23000462,2,D00007,320.01.0005,5000,70.9626,5000,YERLİ,2023-10-10,1084,,0,2,26.7167,03,DG1,13280.5698,KAPALI,2023,8,32
700850,2023-08-11,SAS23000462,3,D00011,320.01.0005,5000,8.1978,5000,YERLİ,2023-10-10,1084,,0,2,26.7167,03,DG1,1534.2089,KAPALI,2023,8,32
700851,2023-08-11,SAS23000463,1,D00011,320.01.0019,5000,8.4092,5000,YERLİ,2023-08-26,1084,,0,2,26.7167,03,DG1,1573.7722,KAPALI,2023,8,32
700852,2023-08-11,SAS23000463,2,D00006,320.01.0019,2000,257.2672,2000,YERLİ,2023-09-01,1084,,0,2,26.7167,03,DG1,19258.9055,KAPALI,2023,8,32
700853,2023-08-11,SAS23000464,1,D00001,320.01.0012,250,27.594,250,YERLİ,2023-08-21,1084,,0,2,26.7167,03,DG1,258.2093,KAPALI,2023,8,32
700854,2023-08-11,SAS23000465,1,D00010,320.01.0042,500,168.3605,500,YERLİ,2023-08-21,1084,,0,2,26.7167,03,DG1,3150.8476,KAPALI,2023,8,32
700855,2023-08-11,SAS23000465,2,H00015,320.01.0042,5000,34.8488,5000,YERLİ,2023-08-26,1084,,0,2,26.7167,02,HM1,6521.9133,KAPALI,2023,8,32
700856,2023-08-14,SAS23000466,1,H00008,320.01.0005,2000,55.9457,2000,YERLİ,2023-09-13,1081,,0,2,26.7167,02,HM1,4188.0696,KAPALI,2023,8,33
700857,2023-08-14,SAS23000466,2,H00012,320.01.0005,1000,26.1375,1000,YERLİ,2023-09-13,1081,,0,2,26.7167,02,HM1,978.3207,KAPALI,2023,8,33
700858,2023-08-14,SAS23000467,1,D00002,320.01.0018,500,53.3287,500,YERLİ,2023-09-13,1081,,0,2,26.7167,03,DG1,998.0406,KAPALI,2023,8,33
700859,2023-08-14,SAS23000467,2,D00008,320.01.0018,5000,245.2625,2500,YERLİ,2023-09-28,1081,-1036,2500,2,26.7167,03,DG1,45900.5978,ACIK,2023,8,33
700860,2023-08-14,SAS23000468,1,H00008,320.01.0009,500,55.6165,500,YERLİ,2023-09-28,1081,,0,2,26.7167,02,HM1,1040.8565,KAPALI,2023,8,33
700861,2023-08-14,SAS23000468,2,D00012,320.01.0009,1000,104.8038,0,YERLİ,2023-09-13,1081,-1051,1000,2,26.7167,03,DG1,3922.7824,ACIK,2023,8,33
700862,2023-08-15,SAS23000469,1,H00010,320.01.0042,250,17.2612,250,YERLİ,2023-08-30,1080,,0,2,26.7167,02,HM1,161.5207,KAPALI,2023,8,33
700863,2023-08-16,SAS23000470,1,H00001,320.01.0001,1000,44.627,1000,YERLİ,2023-09-15,1079,,0,2,26.7167,02,HM1,1670.3785,KAPALI,2023,8,33
700864,2023-08-16,SAS23000471,1,D00009,320.01.0028,10000,216.538,10000,YERLİ,2023-11-14,1079,,0,2,26.7167,03,DG1,81049.6805,KAPALI,2023,8,33
700865,2023-08-16,SAS23000472,1,H00005,320.01.0001,10000,48.8054,10000,YERLİ,2023-10-15,1079,,0,2,26.7167,02,HM1,18267.7501,KAPALI,2023,8,33
700866,2023-08-16,SAS23000473,1,H00004,320.01.0003,5000,52.187,2500,İTHAL,2023-11-14,1079,-989,2500,2,26.7167,02,HM1,9766.7377,ACIK,2023,8,33
700867,2023-08-16,SAS23000473,2,H00016,320.01.0003,1000,62.8788,1000,İTHAL,2023-09-30,1079,,0,2,26.7167,02,HM1,2353.5392,KAPALI,2023,8,33
700868,2023-08-16,SAS23000473,3,D00008,320.01.0003,10000,260.8339,0,İTHAL,2023-08-26,1079,-1069,10000,2,26.7167,03,DG1,97629.5351,ACIK,2023,8,33
700869,2023-08-16,SAS23000474,1,H00014,320.01.0004,120,30.3056,120,YERLİ,2023-09-06,1079,,0,2,26.7167,02,HM1,136.1198,KAPALI,2023,8,33
700870,2023-08-16,SAS23000474,2,H00014,320.01.0004,5000,29.5232,5000,YERLİ,2023-09-30,1079,,0,2,26.7167,02,HM1,5525.2333,KAPALI,2023,8,33
700871,2023-08-16,SAS23000475,1,D00009,320.01.0015,10000,187.44,10000,YERLİ,2023-08-26,1079,,0,2,26.7167,03,DG1,70158.3654,KAPALI,2023,8,33
700872,2023-08-16,SAS23000475,2,H00001,320.01.0015,10000,45.5701,10000,YERLİ,2023-11-14,1079,,0,2,26.7167,02,HM1,17056.7847,KAPALI,2023,8,33
700873,2023-08-16,SAS23000475,3,H00002,320.01.0015,5000,17.7655,5000,YERLİ,2023-10-15,1079,,0,2,26.7167,02,HM1,3324.7931,KAPALI,2023,8,33
700874,2023-08-17,SAS23000476,1,D00008,320.01.0002,250,265.6732,250,YERLİ,2023-09-01,1078,,0,2,26.7167,03,DG1,2486.0219,KAPALI,2023,8,33
700875,2023-08-17,SAS23000476,2,H00002,320.01.0002,120,16.6754,120,YERLİ,2023-09-16,1078,,0,2,26.7167,02,HM1,74.8988,KAPALI,2023,8,33
700876,2023-08-17,SAS23000477,1,H00007,320.01.0027,250,36.9817,250,YERLİ,2023-09-01,1078,,0,2,26.7167,02,HM1,346.0542,KAPALI,2023,8,33
700877,2023-08-17,SAS23000477,2,D00008,320.01.0027,1000,245.423,1000,YERLİ,2023-09-01,1078,,0,2,26.7167,03,DG1,9186.127,KAPALI,2023,8,33
700878,2023-08-17,SAS23000478,1,D00012,320.01.0004,2000,94.8548,2000,YERLİ,2023-10-16,1078,,0,2,26.7167,03,DG1,7100.7871,KAPALI,2023,8,33
700879,2023-08-17,SAS23000479,1,D00012,320.01.0005,120,109.8494,120,YERLİ,2023-10-16,1078,,0,2,26.7167,03,DG1,493.3966,KAPALI,2023,8,33
700880,2023-08-17,SAS23000479,2,D00005,320.01.0005,10000,218.8135,10000,YERLİ,2023-10-16,1078,,0,2,26.7167,03,DG1,81901.395,KAPALI,2023,8,33
700881,2023-08-18,SAS23000480,1,D00011,320.01.0054,2000,8.0039,2000,YERLİ,2023-09-08,1077,,0,2,26.7167,03,DG1,599.1683,KAPALI,2023,8,33
700882,2023-08-18,SAS23000480,2,H00003,320.01.0054,500,61.2388,500,YERLİ,2023-10-02,1077,,0,2,26.7167,02,HM1,1146.0772,KAPALI,2023,8,33
700883,2023-08-18,SAS23000481,1,H00007,320.01.0019,2000,39.8899,2000,YERLİ,2023-09-02,1077,,0,2,26.7167,02,HM1,2986.1398,KAPALI,2023,8,33
700884,2023-08-18,SAS23000482,1,D00012,320.01.0004,10000,109.9652,10000,YERLİ,2023-09-02,1077,,0,2,26.7167,03,DG1,41159.7241,KAPALI,2023,8,33
700885,2023-08-18,SAS23000482,2,H00010,320.01.0004,5000,19.0375,5000,YERLİ,2023-10-02,1077,,0,2,26.7167,02,HM1,3562.8465,KAPALI,2023,8,33
700886,2023-08-18,SAS23000483,1,D00012,320.01.0008,10000,105.6294,10000,YERLİ,2023-10-02,1077,,0,2,26.7167,03,DG1,39536.844,KAPALI,2023,8,33
700887,2023-08-21,SAS23000484,1,H00003,320.01.0030,10000,63.7429,10000,YERLİ,2023-10-20,1074,,0,2,26.7167,02,HM1,23858.8224,KAPALI,2023,8,34
700888,2023-08-21,SAS23000484,2,H00013,320.01.0030,1000,66.766,1000,YERLİ,2023-09-05,1074,,0,2,26.7167,02,HM1,2499.0362,KAPALI,2023,8,34
700889,2023-08-22,SAS23000485,1,D00012,320.01.0020,120,103.3725,120,YERLİ,2023-11-20,1073,,0,2,26.7167,03,DG1,464.3051,KAPALI,2023,8,34
700890,2023-08-22,SAS23000486,1,D00012,320.01.0036,500,103.7311,500,YERLİ,2023-11-20,1073,,0,2,26.7167,03,DG1,1941.3157,KAPALI,2023,8,34
700891,2023-08-22,SAS23000486,2,H00005,320.01.0036,1000,44.9998,1000,YERLİ,2023-10-21,1073,,0,2,26.7167,02,HM1,1684.3323,KAPALI,2023,8,34
700892,2023-08-22,SAS23000486,3,D00005,320.01.0036,5000,208.4417,5000,YERLİ,2023-10-21,1073,,0,2,26.7167,03,DG1,39009.6269,KAPALI,2023,8,34
700893,2023-08-23,SAS23000487,1,H00014,320.01.0007,1000,25.6096,1000,YERLİ,2023-09-13,1072,,0,2,26.7167,02,HM1,958.5615,KAPALI,2023,8,34
700894,2023-08-23,SAS23000488,1,D00012,320.01.0010,250,102.1561,250,YERLİ,2023-09-22,1072,,0,2,26.7167,03,DG1,955.9199,KAPALI,2023,8,34
700895,2023-08-23,SAS23000488,2,H00007,320.01.0010,10000,35.6762,10000,YERLİ,2023-09-22,1072,,0,2,26.7167,02,HM1,13353.5205,KAPALI,2023,8,34
700896,2023-08-23,SAS23000489,1,D00008,320.01.0005,5000,276.9543,5000,YERLİ,2023-09-22,1072,,0,2,26.7167,03,DG1,51831.6821,KAPALI,2023,8,34
700897,2023-08-23,SAS23000489,2,H00007,320.01.0005,1000,36.3026,1000,YERLİ,2023-09-02,1072,,0,2,26.7167,02,HM1,1358.7981,KAPALI,2023,8,34
700898,2023-08-23,SAS23000489,3,D00003,320.01.0005,10000,250.1119,10000,YERLİ,2023-09-07,1072,,0,2,26.7167,03,DG1,93616.3149,KAPALI,2023,8,34
700899,2023-08-23,SAS23000490,1,H00005,320.01.0002,2000,48.8221,2000,YERLİ,2023-09-22,1072,,0,2,26.7167,02,HM1,3654.8002,KAPALI,2023,8,34
700900,2023-08-23,SAS23000490,2,H00012,320.01.0002,5000,25.9235,5000,YERLİ,2023-11-21,1072,,0,2,26.7167,02,HM1,4851.5535,KAPALI,2023,8,34
700901,2023-08-24,SAS23000491,1,H00014,320.01.0047,10000,30.0103,10000,YERLİ,2023-10-23,1071,,0,2,26.7167,02,HM1,11232.787,KAPALI,2023,8,34
700902,2023-08-24,SAS23000491,2,H00016,320.01.0047,500,70.47,500,YERLİ,2023-09-08,1071,,0,2,26.7167,02,HM1,1318.838,KAPALI,2023,8,34
700903,2023-08-24,SAS23000492,1,H00013,320.01.0029,500,76.8385,500,YERLİ,2023-09-14,1071,,0,2,26.7167,02,HM1,1438.0238,KAPALI,2023,8,34
700904,2023-08-24,SAS23000492,2,D00008,320.01.0029,5000,221.2747,5000,YERLİ,2023-10-23,1071,,0,2,26.7167,03,DG1,41411.3083,KAPALI,2023,8,34
700905,2023-08-24,SAS23000492,3,H00014,320.01.0029,250,29.12,250,YERLİ,2023-10-23,1071,,0,2,26.7167,02,HM1,272.4887,KAPALI,2023,8,34
700906,2023-08-24,SAS23000493,1,H00006,320.01.0026,5000,77.8355,5000,YERLİ,2023-10-23,1071,,0,2,26.7167,02,HM1,14566.8252,KAPALI,2023,8,34
700907,2023-08-24,SAS23000494,1,D00003,320.01.0002,10000,221.029,10000,YERLİ,2023-09-03,1071,,0,2,26.7167,03,DG1,82730.6516,KAPALI,2023,8,34
700908,2023-08-25,SAS23000495,1,D00003,320.01.0040,250,259.7498,250,YERLİ,2023-10-09,1070,,0,2,26.7167,03,DG1,2430.594,KAPALI,2023,8,34
700909,2023-08-25,SAS23000495,2,D00008,320.01.0040,2000,279.0682,2000,YERLİ,2023-10-09,1070,,0,2,26.7167,03,DG1,20890.9184,KAPALI,2023,8,34
700910,2023-08-25,SAS23000495,3,H00010,320.01.0040,5000,19.7453,5000,YERLİ,2023-10-24,1070,,0,2,26.7167,02,HM1,3695.3104,KAPALI,2023,8,34
700911,2023-08-28,SAS23000496,1,D00011,320.01.0005,1000,8.1184,1000,YERLİ,2023-10-12,1067,,0,2,26.7167,03,DG1,303.8699,KAPALI,2023,8,35
700912,2023-08-28,SAS23000496,2,H00003,320.01.0005,1000,60.464,0,YERLİ,2023-10-27,1067,-1007,1000,2,26.7167,02,HM1,2263.1538,ACIK,2023,8,35
700913,2023-08-28,SAS23000496,3,D00002,320.01.0005,250,49.447,250,YERLİ,2023-09-12,1067,,0,2,26.7167,03,DG1,462.6975,KAPALI,2023,8,35
700914,2023-08-28,SAS23000497,1,H00003,320.01.0005,120,63.5693,60,YERLİ,2023-10-27,1067,-1007,60,2,26.7167,02,HM1,285.5261,ACIK,2023,8,35
700915,2023-08-28,SAS23000497,2,H00001,320.01.0005,1000,37.5586,1000,YERLİ,2023-09-27,1067,,0,2,26.7167,02,HM1,1405.8098,KAPALI,2023,8,35
700916,2023-08-28,SAS23000498,1,H00015,320.01.0037,2000,34.5956,2000,İTHAL,2023-09-18,1067,,0,2,26.7167,02,HM1,2589.8109,KAPALI,2023,8,35
700917,2023-08-28,SAS23000498,2,H00014,320.01.0037,5000,27.4937,5000,İTHAL,2023-09-12,1067,,0,2,26.7167,02,HM1,5145.4147,KAPALI,2023,8,35
700918,2023-08-28,SAS23000498,3,D00007,320.01.0037,10000,62.5811,10000,İTHAL,2023-09-18,1067,,0,2,26.7167,03,DG1,23423.9633,KAPALI,2023,8,35
700919,2023-08-28,SAS23000499,1,H00013,320.01.0001,10000,85.0219,10000,YERLİ,2023-09-18,1067,,0,2,26.7167,02,HM1,31823.5037,KAPALI,2023,8,35
700920,2023-08-28,SAS23000499,2,H00011,320.01.0001,500,31.6746,500,YERLİ,2023-09-18,1067,,0,2,26.7167,02,HM1,592.7865,KAPALI,2023,8,35
700921,2023-08-29,SAS23000500,1,H00008,320.01.0007,10000,53.9671,10000,YERLİ,2023-11-27,1066,,0,2,26.7167,02,HM1,20199.7627,KAPALI,2023,8,35
700922,2023-08-29,SAS23000501,1,D00010,320.01.0004,1000,153.0523,1000,YERLİ,2023-09-13,1066,,0,2,26.7167,03,DG1,5728.7128,KAPALI,2023,8,35
700923,2023-08-29,SAS23000502,1,H00005,320.01.0005,500,40.9121,500,YERLİ,2023-10-13,1066,,0,2,26.7167,02,HM1,765.6653,KAPALI,2023,8,35
700924,2023-08-29,SAS23000502,2,H00015,320.01.0005,10000,31.5291,5000,YERLİ,2023-10-28,1066,-1006,5000,2,26.7167,02,HM1,11801.2704,ACIK,2023,8,35
700925,2023-08-30,SAS23000503,1,H00015,320.01.0022,1000,35.1908,1000,YERLİ,2023-10-14,1065,,0,2,26.7167,02,HM1,1317.1836,KAPALI,2023,8,35
700926,2023-08-30,SAS23000503,2,D00001,320.01.0022,500,29.6348,500,YERLİ,2023-11-28,1065,,0,2,26.7167,03,DG1,554.6119,KAPALI,2023,8,35
700927,2023-08-30,SAS23000504,1,H00002,320.01.0013,120,16.0199,120,YERLİ,2023-09-29,1065,,0,2,26.7167,02,HM1,71.9545,KAPALI,2023,8,35
700928,2023-08-30,SAS23000504,2,D00001,320.01.0013,120,29.3987,120,YERLİ,2023-09-14,1065,,0,2,26.7167,03,DG1,132.0464,KAPALI,2023,8,35
700929,2023-08-30,SAS23000504,3,D00005,320.01.0013,1000,235.1837,1000,YERLİ,2023-09-09,1065,,0,2,26.7167,03,DG1,8802.8724,KAPALI,2023,8,35
700930,2023-08-31,SAS23000505,1,H00009,320.01.0034,120,69.7431,120,YERLİ,2023-11-29,1064,,0,2,26.7167,02,HM1,313.2562,KAPALI,2023,8,35
700931,2023-08-31,SAS23000505,2,H00007,320.01.0034,1000,39.2988,1000,YERLİ,2023-09-10,1064,,0,2,26.7167,02,HM1,1470.9451,KAPALI,2023,8,35
700932,2023-08-31,SAS23000506,1,D00004,320.01.0001,250,56.8413,250,YERLİ,2023-10-30,1064,,0,2,26.7167,03,DG1,531.8892,KAPALI,2023,8,35
700933,2023-08-31,SAS23000507,1,H00015,320.01.0031,120,29.9978,120,YERLİ,2023-10-30,1064,,0,2,26.7167,02,HM1,134.7373,KAPALI,2023,8,35
700934,2023-08-31,SAS23000508,1,H00003,320.01.0007,1000,56.2152,1000,YERLİ,2023-09-21,1064,,0,2,26.7167,02,HM1,2104.1221,KAPALI,2023,8,35
700935,2023-08-31,SAS23000508,2,H00009,320.01.0007,500,60.6841,500,YERLİ,2023-11-29,1064,,0,2,26.7167,02,HM1,1135.696,KAPALI,2023,8,35
700936,2023-08-31,SAS23000508,3,D00001,320.01.0007,2000,29.6887,2000,YERLİ,2023-10-30,1064,,0,2,26.7167,03,DG1,2222.4826,KAPALI,2023,8,35
700937,2023-09-01,SAS23000509,1,H00011,320.01.0024,2000,33.3098,2000,YERLİ,2023-10-01,1063,,0,2,27.3333,02,HM1,2437.3054,KAPALI,2023,9,35
700938,2023-09-01,SAS23000509,2,H00006,320.01.0024,120,92.66,120,YERLİ,2023-09-16,1063,,0,2,27.3333,02,HM1,406.8005,KAPALI,2023,9,35
700939,2023-09-01,SAS23000510,1,H00010,320.01.0050,250,20.9084,250,YERLİ,2023-10-16,1063,,0,2,27.3333,02,HM1,191.2356,KAPALI,2023,9,35
700940,2023-09-04,SAS23000511,1,H00015,320.01.0009,250,36.8607,250,YERLİ,2023-09-19,1060,,0,2,27.3333,02,HM1,337.141,KAPALI,2023,9,36
700941,2023-09-04,SAS23000511,2,D00002,320.01.0009,250,44.923,250,YERLİ,2023-09-25,1060,,0,2,27.3333,03,DG1,410.8816,KAPALI,2023,9,36
700942,2023-09-04,SAS23000511,3,H00013,320.01.0009,500,77.4917,500,YERLİ,2023-09-25,1060,,0,2,27.3333,02,HM1,1417.5328,KAPALI,2023,9,36
700943,2023-09-04,SAS23000512,1,D00003,320.01.0026,10000,234.3393,10000,YERLİ,2023-09-19,1060,,0,2,27.3333,03,DG1,85733.9948,KAPALI,2023,9,36
700944,2023-09-04,SAS23000513,1,D00009,320.01.0009,120,197.1894,120,YERLİ,2023-10-04,1060,,0,2,27.3333,03,DG1,865.7106,KAPALI,2023,9,36
700945,2023-09-04,SAS23000513,2,D00004,320.01.0009,250,64.7275,250,YERLİ,2023-12-03,1060,,0,2,27.3333,03,DG1,592.0205,KAPALI,2023,9,36
700946,2023-09-05,SAS23000514,1,H00001,320.01.0002,500,39.3075,500,YERLİ,2023-09-15,1059,,0,2,27.3333,02,HM1,719.0405,KAPALI,2023,9,36
700947,2023-09-05,SAS23000515,1,H00015,320.01.0022,2000,34.1066,0,YERLİ,2023-11-04,1059,-999,2000,2,27.3333,02,HM1,2495.6079,ACIK,2023,9,36
700948,2023-09-05,SAS23000516,1,H00006,320.01.0028,120,90.5045,120,YERLİ,2023-09-20,1059,,0,2,27.3333,02,HM1,397.3373,KAPALI,2023,9,36
700949,2023-09-05,SAS23000517,1,H00001,320.01.0031,250,43.0819,250,YERLİ,2023-09-26,1059,,0,2,27.3333,02,HM1,394.0422,KAPALI,2023,9,36
700950,2023-09-05,SAS23000518,1,H00005,320.01.0008,120,41.5813,120,YERLİ,2023-10-20,1059,,0,2,27.3333,02,HM1,182.5523,KAPALI,2023,9,36
700951,2023-09-06,SAS23000519,1,H00010,320.01.0050,1000,20.684,1000,YERLİ,2023-09-27,1058,,0,2,27.3333,02,HM1,756.7326,KAPALI,2023,9,36
700952,2023-09-06,SAS23000520,1,H00001,320.01.0010,2000,38.0611,0,YERLİ,2023-09-16,1058,-1048,2000,2,27.3333,02,HM1,2784.9619,ACIK,2023,9,36
700953,2023-09-07,SAS23000521,1,D00003,320.01.0002,5000,235.3841,5000,YERLİ,2023-10-07,1057,,0,2,27.3333,03,DG1,43058.1196,KAPALI,2023,9,36
700954,2023-09-07,SAS23000522,1,D00011,320.01.0048,120,7.6702,120,YERLİ,2023-11-06,1057,,0,2,27.3333,03,DG1,33.6741,KAPALI,2023,9,36
700955,2023-09-07,SAS23000522,2,H00009,320.01.0048,250,59.2537,250,YERLİ,2023-09-22,1057,,0,2,27.3333,02,HM1,541.9552,KAPALI,2023,9,36
700956,2023-09-07,SAS23000523,1,D00010,320.01.0040,10000,153.7472,10000,YERLİ,2023-12-06,1057,,0,2,27.3333,03,DG1,56249.0442,KAPALI,2023,9,36
700957,2023-09-07,SAS23000523,2,H00003,320.01.0040,5000,65.8192,5000,YERLİ,2023-11-06,1057,,0,2,27.3333,02,HM1,12040.1122,KAPALI,2023,9,36
700958,2023-09-08,SAS23000524,1,H00011,320.01.0018,10000,31.748,10000,YERLİ,2023-09-23,1056,,0,2,27.3333,02,HM1,11615.1361,KAPALI,2023,9,36
700959,2023-09-08,SAS23000524,2,H00008,320.01.0018,5000,57.5681,5000,YERLİ,2023-09-29,1056,,0,2,27.3333,02,HM1,10530.7628,KAPALI,2023,9,36
700960,2023-09-08,SAS23000524,3,D00007,320.01.0018,10000,67.1792,10000,YERLİ,2023-09-23,1056,,0,2,27.3333,03,DG1,24577.7861,KAPALI,2023,9,36
700961,2023-09-08,SAS23000525,1,D00006,320.01.0007,2000,251.5413,2000,YERLİ,2023-09-23,1056,,0,2,27.3333,03,DG1,18405.4834,KAPALI,2023,9,36
700962,2023-09-08,SAS23000525,2,D00001,320.01.0007,250,30.6997,250,YERLİ,2023-09-29,1056,,0,2,27.3333,03,DG1,280.7903,KAPALI,2023,9,36
700963,2023-09-08,SAS23000526,1,D00010,320.01.0001,10000,182.3777,10000,YERLİ,2023-12-07,1056,,0,2,27.3333,03,DG1,66723.6302,KAPALI,2023,9,36
700964,2023-09-08,SAS23000526,2,H00016,320.01.0001,5000,65.4952,5000,YERLİ,2023-11-07,1056,,0,2,27.3333,02,HM1,11980.8439,KAPALI,2023,9,36
700965,2023-09-08,SAS23000526,3,D00009,320.01.0001,2000,193.8047,2000,YERLİ,2023-09-29,1056,,0,2,27.3333,03,DG1,14180.849,KAPALI,2023,9,36
700966,2023-09-11,SAS23000527,1,H00014,320.01.0002,500,28.851,250,YERLİ,2023-10-26,1053,-1008,250,2,27.3333,02,HM1,527.7628,ACIK,2023,9,37
700967,2023-09-11,SAS23000527,2,H00016,320.01.0002,500,61.8098,500,YERLİ,2023-09-21,1053,,0,2,27.3333,02,HM1,1130.6685,KAPALI,2023,9,37
700968,2023-09-11,SAS23000528,1,H00003,320.01.0005,250,64.1354,250,YERLİ,2023-10-26,1053,,0,2,27.3333,02,HM1,586.605,KAPALI,2023,9,37
700969,2023-09-11,SAS23000529,1,H00004,320.01.0003,5000,65.9328,5000,İTHAL,2023-10-02,1053,,0,2,27.3333,02,HM1,12060.8928,KAPALI,2023,9,37
700970,2023-09-11,SAS23000530,1,D00010,320.01.0021,10000,169.0863,10000,YERLİ,2023-09-21,1053,,0,2,27.3333,03,DG1,61860.9169,KAPALI,2023,9,37
700971,2023-09-12,SAS23000531,1,H00010,320.01.0019,500,18.9042,250,YERLİ,2023-10-27,1052,-1007,250,2,27.3333,02,HM1,345.809,ACIK,2023,9,37
700972,2023-09-12,SAS23000531,2,D00010,320.01.0019,10000,167.1336,10000,YERLİ,2023-10-03,1052,,0,2,27.3333,03,DG1,61146.5136,KAPALI,2023,9,37
700973,2023-09-12,SAS23000531,3,D00009,320.01.0019,5000,224.0091,5000,YERLİ,2023-09-27,1052,,0,2,27.3333,03,DG1,40977.3244,KAPALI,2023,9,37
700974,2023-09-12,SAS23000532,1,D00008,320.01.0023,2000,233.8696,2000,İTHAL,2023-10-27,1052,,0,2,27.3333,03,DG1,17112.4306,KAPALI,2023,9,37
700975,2023-09-13,SAS23000533,1,H00004,320.01.0001,250,65.5472,250,YERLİ,2023-11-12,1051,,0,2,27.3333,02,HM1,599.5178,KAPALI,2023,9,37
700976,2023-09-13,SAS23000533,2,D00011,320.01.0001,5000,7.4184,5000,YERLİ,2023-11-12,1051,,0,2,27.3333,03,DG1,1357.026,KAPALI,2023,9,37
700977,2023-09-14,SAS23000534,1,H00007,320.01.0003,10000,36.058,10000,İTHAL,2023-12-13,1050,,0,2,27.3333,02,HM1,13191.9673,KAPALI,2023,9,37
700978,2023-09-15,SAS23000535,1,H00014,320.01.0017,120,30.6153,120,YERLİ,2023-10-30,1049,,0,2,27.3333,02,HM1,134.4088,KAPALI,2023,9,37
700979,2023-09-15,SAS23000535,2,H00008,320.01.0017,5000,46.4689,5000,YERLİ,2023-10-30,1049,,0,2,27.3333,02,HM1,8500.4189,KAPALI,2023,9,37
700980,2023-09-15,SAS23000535,3,H00012,320.01.0017,250,25.2695,250,YERLİ,2023-10-30,1049,,0,2,27.3333,02,HM1,231.1238,KAPALI,2023,9,37
700981,2023-09-15,SAS23000536,1,H00016,320.01.0040,5000,76.6927,5000,YERLİ,2023-10-15,1049,,0,2,27.3333,02,HM1,14029.1695,KAPALI,2023,9,37
700982,2023-09-15,SAS23000536,2,H00006,320.01.0040,2000,89.5873,2000,YERLİ,2023-10-30,1049,,0,2,27.3333,02,HM1,6555.1763,KAPALI,2023,9,37
700983,2023-09-15,SAS23000536,3,H00006,320.01.0040,5000,93.4566,5000,YERLİ,2023-09-30,1049,,0,2,27.3333,02,HM1,17095.7404,KAPALI,2023,9,37
700984,2023-09-18,SAS23000537,1,H00011,320.01.0014,120,33.4644,120,YERLİ,2023-10-03,1046,,0,2,27.3333,02,HM1,146.9171,KAPALI,2023,9,38
700985,2023-09-18,SAS23000537,2,D00009,320.01.0014,5000,178.8783,5000,YERLİ,2023-12-17,1046,,0,2,27.3333,03,DG1,32721.6801,KAPALI,2023,9,38
700986,2023-09-18,SAS23000538,1,H00001,320.01.0012,120,44.4217,120,YERLİ,2023-10-03,1046,,0,2,27.3333,02,HM1,195.0223,KAPALI,2023,9,38
700987,2023-09-18,SAS23000538,2,D00011,320.01.0012,500,7.6113,500,YERLİ,2023-10-03,1046,,0,2,27.3333,03,DG1,139.2313,KAPALI,2023,9,38
700988,2023-09-18,SAS23000539,1,D00009,320.01.0033,250,216.9532,250,YERLİ,2023-11-17,1046,,0,2,27.3333,03,DG1,1984.3305,KAPALI,2023,9,38
700989,2023-09-18,SAS23000539,2,H00016,320.01.0033,120,69.986,120,YERLİ,2023-09-28,1046,,0,2,27.3333,02,HM1,307.256,KAPALI,2023,9,38
700990,2023-09-18,SAS23000540,1,D00009,320.01.0001,2000,186.0825,2000,YERLİ,2023-11-02,1046,,0,2,27.3333,03,DG1,13615.8093,KAPALI,2023,9,38
700991,2023-09-20,SAS23000541,1,D00003,320.01.0039,500,255.1406,500,YERLİ,2023-11-19,1044,,0,2,27.3333,03,DG1,4667.2118,KAPALI,2023,9,38
700992,2023-09-20,SAS23000542,1,H00012,320.01.0041,250,27.4285,250,İTHAL,2023-09-30,1044,,0,2,27.3333,02,HM1,250.8707,KAPALI,2023,9,38
700993,2023-09-20,SAS23000543,1,H00011,320.01.0007,250,27.6613,250,YERLİ,2023-10-20,1044,,0,2,27.3333,02,HM1,253,KAPALI,2023,9,38
700994,2023-09-21,SAS23000544,1,D00008,320.01.0004,500,227.147,500,YERLİ,2023-12-20,1043,,0,2,27.3333,03,DG1,4155.1331,KAPALI,2023,9,38
700995,2023-09-21,SAS23000544,2,D00009,320.01.0004,10000,218.7146,10000,YERLİ,2023-10-01,1043,,0,2,27.3333,03,DG1,80017.6342,KAPALI,2023,9,38
700996,2023-09-21,SAS23000545,1,H00003,320.01.0049,120,60.6621,120,YERLİ,2023-12-20,1043,,0,2,27.3333,02,HM1,266.3217,KAPALI,2023,9,38
700997,2023-09-21,SAS23000545,2,H00015,320.01.0049,120,37.0155,120,YERLİ,2023-11-05,1043,,0,2,27.3333,02,HM1,162.5073,KAPALI,2023,9,38
700998,2023-09-21,SAS23000545,3,H00006,320.01.0049,5000,96.3672,5000,YERLİ,2023-10-06,1043,,0,2,27.3333,02,HM1,17628.1678,KAPALI,2023,9,38
700999,2023-09-21,SAS23000546,1,H00010,320.01.0010,1000,16.9653,1000,YERLİ,2023-11-20,1043,,0,2,27.3333,02,HM1,620.6825,KAPALI,2023,9,38
701000,2023-09-21,SAS23000546,2,H00008,320.01.0010,2000,51.5631,2000,YERLİ,2023-10-01,1043,,0,2,27.3333,02,HM1,3772.9144,KAPALI,2023,9,38
701001,2023-09-21,SAS23000546,3,H00011,320.01.0010,1000,28.1356,1000,YERLİ,2023-10-01,1043,,0,2,27.3333,02,HM1,1029.3525,KAPALI,2023,9,38
701002,2023-09-21,SAS23000547,1,H00002,320.01.0046,1000,15.3426,1000,YERLİ,2023-10-06,1043,,0,2,27.3333,02,HM1,561.3153,KAPALI,2023,9,38
701003,2023-09-21,SAS23000547,2,H00007,320.01.0046,10000,39.7111,10000,YERLİ,2023-11-05,1043,,0,2,27.3333,02,HM1,14528.4689,KAPALI,2023,9,38
701004,2023-09-21,SAS23000547,3,D00006,320.01.0046,5000,238.0954,5000,YERLİ,2023-11-20,1043,,0,2,27.3333,03,DG1,43554.0897,KAPALI,2023,9,38
701005,2023-09-21,SAS23000548,1,H00013,320.01.0013,2000,73.24,0,YERLİ,2023-10-21,1043,-1013,2000,2,27.3333,02,HM1,5359.0309,ACIK,2023,9,38
701006,2023-09-21,SAS23000548,2,D00002,320.01.0013,120,47.2177,120,YERLİ,2023-10-01,1043,,0,2,27.3333,03,DG1,207.2975,KAPALI,2023,9,38
701007,2023-09-21,SAS23000548,3,D00004,320.01.0013,2000,53.6718,2000,YERLİ,2023-10-06,1043,,0,2,27.3333,03,DG1,3927.2097,KAPALI,2023,9,38
701008,2023-09-22,SAS23000549,1,D00009,320.01.0005,500,196.6824,500,YERLİ,2023-11-06,1042,,0,2,27.3333,03,DG1,3597.8532,KAPALI,2023,9,38
701009,2023-09-22,SAS23000549,2,D00009,320.01.0005,120,203.9672,120,YERLİ,2023-11-21,1042,,0,2,27.3333,03,DG1,895.4668,KAPALI,2023,9,38
701010,2023-09-22,SAS23000550,1,D00003,320.01.0010,250,274.2874,250,YERLİ,2023-10-02,1042,,0,2,27.3333,03,DG1,2508.7293,KAPALI,2023,9,38
701011,2023-09-22,SAS23000550,2,H00010,320.01.0010,5000,19.1933,5000,YERLİ,2023-10-02,1042,,0,2,27.3333,02,HM1,3510.9738,KAPALI,2023,9,38
701012,2023-09-22,SAS23000550,3,D00005,320.01.0010,2000,209.3751,2000,YERLİ,2023-10-07,1042,,0,2,27.3333,03,DG1,15320.148,KAPALI,2023,9,38
701013,2023-09-22,SAS23000551,1,D00012,320.01.0003,250,107.3388,250,İTHAL,2023-10-13,1042,,0,2,27.3333,03,DG1,981.7585,KAPALI,2023,9,38
701014,2023-09-22,SAS23000551,2,D00005,320.01.0003,500,233.4492,500,İTHAL,2023-10-22,1042,,0,2,27.3333,03,DG1,4270.4174,KAPALI,2023,9,38
701015,2023-09-25,SAS23000552,1,H00001,320.01.0001,1000,39.5513,1000,YERLİ,2023-10-10,1039,,0,2,27.3333,02,HM1,1447.0005,KAPALI,2023,9,39
701016,2023-09-25,SAS23000552,2,D00006,320.01.0001,250,281.6526,250,YERLİ,2023-10-05,1039,,0,2,27.3333,03,DG1,2576.094,KAPALI,2023,9,39
701017,2023-09-25,SAS23000553,1,H00005,320.01.0010,120,45.5493,120,YERLİ,2023-12-24,1039,,0,2,27.3333,02,HM1,199.9728,KAPALI,2023,9,39
701018,2023-09-25,SAS23000554,1,H00006,320.01.0002,250,92.4548,0,YERLİ,2023-12-24,1039,-949,250,2,27.3333,02,HM1,845.6242,ACIK,2023,9,39
701019,2023-09-25,SAS23000554,2,H00009,320.01.0002,120,66.0251,120,YERLİ,2023-11-24,1039,,0,2,27.3333,02,HM1,289.8666,KAPALI,2023,9,39
701020,2023-09-26,SAS23000555,1,H00015,320.01.0036,250,31.274,250,YERLİ,2023-11-10,1038,,0,2,27.3333,02,HM1,286.043,KAPALI,2023,9,39
701021,2023-09-26,SAS23000555,2,D00012,320.01.0036,10000,121.2061,5000,YERLİ,2023-10-06,1038,-1028,5000,2,27.3333,03,DG1,44343.7492,ACIK,2023,9,39
701022,2023-09-26,SAS23000556,1,D00004,320.01.0005,500,59.7418,500,YERLİ,2023-10-06,1038,,0,2,27.3333,03,DG1,1092.8391,KAPALI,2023,9,39
701023,2023-09-26,SAS23000556,2,D00012,320.01.0005,500,108.9844,0,YERLİ,2023-10-11,1038,-1023,500,2,27.3333,03,DG1,1993.6195,ACIK,2023,9,39
701024,2023-09-26,SAS23000557,1,D00010,320.01.0004,120,188.1891,120,YERLİ,2023-10-26,1038,,0,2,27.3333,03,DG1,826.1971,KAPALI,2023,9,39
701025,2023-09-27,SAS23000558,1,H00011,320.01.0007,120,32.3447,120,YERLİ,2023-10-07,1037,,0,2,27.3333,02,HM1,142.0013,KAPALI,2023,9,39
701026,2023-09-27,SAS23000559,1,H00008,320.01.0037,1000,48.4984,1000,İTHAL,2023-11-26,1037,,0,2,27.3333,02,HM1,1774.3339,KAPALI,2023,9,39
701027,2023-09-27,SAS23000559,2,H00006,320.01.0037,5000,89.0345,5000,İTHAL,2023-10-12,1037,,0,2,27.3333,02,HM1,16286.8186,KAPALI,2023,9,39
701028,2023-09-27,SAS23000560,1,H00006,320.01.0003,2000,79.1787,2000,İTHAL,2023-11-26,1037,,0,2,27.3333,02,HM1,5793.5705,KAPALI,2023,9,39
701029,2023-09-27,SAS23000560,2,D00010,320.01.0003,5000,161.9499,5000,İTHAL,2023-10-18,1037,,0,2,27.3333,03,DG1,29625.0178,KAPALI,2023,9,39
701030,2023-09-27,SAS23000561,1,D00012,320.01.0021,2000,106.0746,2000,YERLİ,2023-10-18,1037,,0,2,27.3333,03,DG1,7761.5656,KAPALI,2023,9,39
701031,2023-09-27,SAS23000561,2,H00012,320.01.0021,120,25.7851,120,YERLİ,2023-11-11,1037,,0,2,27.3333,02,HM1,113.203,KAPALI,2023,9,39
701032,2023-09-27,SAS23000561,3,H00008,320.01.0021,10000,56.2392,10000,YERLİ,2023-10-07,1037,,0,2,27.3333,02,HM1,20575.3422,KAPALI,2023,9,39
701033,2023-09-28,SAS23000562,1,H00010,320.01.0017,5000,19.525,5000,YERLİ,2023-11-27,1036,,0,2,27.3333,02,HM1,3571.6507,KAPALI,2023,9,39
701034,2023-09-28,SAS23000563,1,H00009,320.01.0005,10000,65.3061,0,YERLİ,2023-11-12,1036,-991,10000,2,27.3333,02,HM1,23892.5047,ACIK,2023,9,39
701035,2023-09-28,SAS23000563,2,H00003,320.01.0005,5000,66.3067,5000,YERLİ,2023-10-08,1036,,0,2,27.3333,02,HM1,12129.2892,KAPALI,2023,9,39
701036,2023-09-28,SAS23000564,1,H00012,320.01.0002,120,25.0287,120,YERLİ,2023-10-28,1036,,0,2,27.3333,02,HM1,109.8822,KAPALI,2023,9,39
701037,2023-09-28,SAS23000564,2,D00006,320.01.0002,10000,283.8927,10000,YERLİ,2023-11-12,1036,,0,2,27.3333,03,DG1,103863.3096,KAPALI,2023,9,39
701038,2023-09-28,SAS23000564,3,H00008,320.01.0002,250,49.6942,250,YERLİ,2023-10-13,1036,,0,2,27.3333,02,HM1,454.5207,KAPALI,2023,9,39
701039,2023-09-29,SAS23000565,1,H00010,320.01.0017,10000,20.6722,10000,YERLİ,2023-11-28,1035,,0,2,27.3333,02,HM1,7563.0092,KAPALI,2023,9,39
701040,2023-09-29,SAS23000565,2,H00015,320.01.0017,5000,37.0367,5000,YERLİ,2023-10-14,1035,,0,2,27.3333,02,HM1,6775.0144,KAPALI,2023,9,39
701041,2023-09-29,SAS23000565,3,H00007,320.01.0017,120,34.8307,60,YERLİ,2023-10-14,1035,-1020,60,2,27.3333,02,HM1,152.9155,ACIK,2023,9,39
701042,2023-09-29,SAS23000566,1,H00006,320.01.0008,500,88.3889,500,YERLİ,2023-11-28,1035,,0,2,27.3333,02,HM1,1616.8721,KAPALI,2023,9,39
701043,2023-09-29,SAS23000566,2,D00009,320.01.0008,5000,203.8852,5000,YERLİ,2023-10-14,1035,,0,2,27.3333,03,DG1,37296.1187,KAPALI,2023,9,39
701044,2023-10-02,SAS23000567,1,D00012,320.01.0037,2000,124.7347,0,İTHAL,2023-10-23,1032,-1011,2000,2,27.95,03,DG1,8925.5599,ACIK,2023,10,40
701045,2023-10-02,SAS23000568,1,D00008,320.01.0013,1000,265.4082,1000,YERLİ,2023-10-17,1032,,0,2,27.95,03,DG1,9495.8211,KAPALI,2023,10,40
701046,2023-10-02,SAS23000568,2,H00005,320.01.0013,250,44.4867,250,YERLİ,2023-11-01,1032,,0,2,27.95,02,HM1,397.9132,KAPALI,2023,10,40
701047,2023-10-02,SAS23000568,3,H00008,320.01.0013,10000,46.9591,10000,YERLİ,2023-12-01,1032,,0,2,27.95,02,HM1,16801.1091,KAPALI,2023,10,40
701048,2023-10-03,SAS23000569,1,H00003,320.01.0006,120,63.6471,120,YERLİ,2023-11-17,1031,,0,2,27.95,02,HM1,273.2613,KAPALI,2023,10,40
701049,2023-10-03,SAS23000569,2,H00011,320.01.0006,10000,31.1239,10000,YERLİ,2023-11-02,1031,,0,2,27.95,02,HM1,11135.5635,KAPALI,2023,10,40
701050,2023-10-03,SAS23000570,1,D00004,320.01.0014,2000,62.7729,2000,YERLİ,2024-01-01,1031,,0,2,27.95,03,DG1,4491.7996,KAPALI,2023,10,40
701051,2023-10-03,SAS23000571,1,D00004,320.01.0023,120,59.1006,120,İTHAL,2023-11-02,1031,,0,2,27.95,03,DG1,253.7414,KAPALI,2023,10,40
701052,2023-10-03,SAS23000571,2,H00012,320.01.0023,2000,24.7461,2000,İTHAL,2023-11-17,1031,,0,2,27.95,02,HM1,1770.7406,KAPALI,2023,10,40
701053,2023-10-04,SAS23000572,1,H00012,320.01.0008,120,27.6422,120,YERLİ,2024-01-02,1030,,0,2,27.95,02,HM1,118.6785,KAPALI,2023,10,40
701054,2023-10-04,SAS23000572,2,H00009,320.01.0008,500,63.5746,500,YERLİ,2023-11-03,1030,,0,2,27.95,02,HM1,1137.2916,KAPALI,2023,10,40
701055,2023-10-04,SAS23000573,1,H00006,320.01.0006,10000,91.2416,10000,YERLİ,2023-11-03,1030,,0,2,27.95,02,HM1,32644.5796,KAPALI,2023,10,40
701056,2023-10-04,SAS23000574,1,D00008,320.01.0004,2000,280.9739,2000,YERLİ,2023-12-03,1030,,0,2,27.95,03,DG1,20105.4669,KAPALI,2023,10,40
701057,2023-10-04,SAS23000575,1,D00008,320.01.0010,2000,255.1147,2000,YERLİ,2023-11-18,1030,,0,2,27.95,03,DG1,18255.0769,KAPALI,2023,10,40
701058,2023-10-05,SAS23000576,1,H00014,320.01.0003,5000,30.1467,5000,İTHAL,2024-01-03,1029,,0,2,27.95,02,HM1,5392.9696,KAPALI,2023,10,40
701059,2023-10-05,SAS23000576,2,H00010,320.01.0003,5000,19.1351,5000,İTHAL,2023-10-15,1029,,0,2,27.95,02,HM1,3423.0948,KAPALI,2023,10,40
701060,2023-10-05,SAS23000576,3,H00010,320.01.0003,250,17.1803,250,İTHAL,2023-12-04,1029,,0,2,27.95,02,HM1,153.6699,KAPALI,2023,10,40
701061,2023-10-05,SAS23000577,1,H00006,320.01.0001,120,92.7503,120,YERLİ,2023-10-15,1029,,0,2,27.95,02,HM1,398.2124,KAPALI,2023,10,40
701062,2023-10-05,SAS23000578,1,H00006,320.01.0034,5000,98.4719,5000,YERLİ,2023-11-19,1029,,0,2,27.95,02,HM1,17615.7245,KAPALI,2023,10,40
701063,2023-10-05,SAS23000578,2,D00001,320.01.0034,10000,30.9991,10000,YERLİ,2023-12-04,1029,,0,2,27.95,03,DG1,11090.9123,KAPALI,2023,10,40
701064,2023-10-05,SAS23000579,1,D00001,320.01.0015,10000,27.4239,10000,YERLİ,2023-10-26,1029,,0,2,27.95,03,DG1,9811.771,KAPALI,2023,10,40
701065,2023-10-06,SAS23000580,1,H00008,320.01.0002,120,58.1568,120,YERLİ,2023-12-05,1028,,0,2,27.95,02,HM1,249.6893,KAPALI,2023,10,40
701066,2023-10-06,SAS23000580,2,H00014,320.01.0002,500,29.2204,500,YERLİ,2024-01-04,1028,,0,2,27.95,02,HM1,522.7263,KAPALI,2023,10,40
701067,2023-10-06,SAS23000581,1,D00006,320.01.0017,250,284.9823,250,YERLİ,2023-10-21,1028,,0,2,27.95,03,DG1,2549.0367,KAPALI,2023,10,40
701068,2023-10-06,SAS23000581,2,H00016,320.01.0017,250,64.3614,250,YERLİ,2023-10-21,1028,,0,2,27.95,02,HM1,575.6834,KAPALI,2023,10,40
701069,2023-10-06,SAS23000582,1,D00010,320.01.0017,120,190.1882,120,YERLİ,2024-01-04,1028,,0,2,27.95,03,DG1,816.5504,KAPALI,2023,10,40
701070,2023-10-06,SAS23000583,1,D00012,320.01.0020,500,119.9811,500,YERLİ,2023-12-05,1028,,0,2,27.95,03,DG1,2146.3524,KAPALI,2023,10,40
701071,2023-10-06,SAS23000583,2,H00011,320.01.0020,500,34.7787,500,YERLİ,2024-01-04,1028,,0,2,27.95,02,HM1,622.1592,KAPALI,2023,10,40
701072,2023-10-09,SAS23000584,1,H00007,320.01.0004,5000,39.1442,0,YERLİ,2024-01-07,1025,-935,5000,2,27.95,02,HM1,7002.5403,ACIK,2023,10,41
701073,2023-10-09,SAS23000585,1,H00009,320.01.0022,120,66.5837,120,YERLİ,2023-10-19,1025,,0,2,27.95,02,HM1,285.8692,KAPALI,2023,10,41
701074,2023-10-09,SAS23000585,2,D00010,320.01.0022,120,187.6323,120,YERLİ,2023-10-24,1025,,0,2,27.95,03,DG1,805.577,KAPALI,2023,10,41
701075,2023-10-09,SAS23000586,1,H00013,320.01.0043,120,73.7107,120,İTHAL,2024-01-07,1025,,0,2,27.95,02,HM1,316.4681,KAPALI,2023,10,41
701076,2023-10-09,SAS23000586,2,H00006,320.01.0043,5000,96.3994,5000,İTHAL,2023-11-23,1025,,0,2,27.95,02,HM1,17244.9732,KAPALI,2023,10,41
701077,2023-10-09,SAS23000586,3,D00005,320.01.0043,2000,264.9464,2000,İTHAL,2023-10-24,1025,,0,2,27.95,03,DG1,18958.5975,KAPALI,2023,10,41
701078,2023-10-10,SAS23000587,1,H00001,320.01.0020,10000,39.4355,10000,YERLİ,2023-10-25,1024,,0,2,27.95,02,HM1,14109.3023,KAPALI,2023,10,41
701079,2023-10-10,SAS23000588,1,H00006,320.01.0004,10000,92.9792,5000,YERLİ,2023-10-25,1024,-1009,5000,2,27.95,02,HM1,33266.2612,ACIK,2023,10,41
701080,2023-10-11,SAS23000589,1,D00008,320.01.0032,2000,232.0378,1000,YERLİ,2023-10-26,1023,-1008,1000,2,27.95,03,DG1,16603.7782,ACIK,2023,10,41
701081,2023-10-11,SAS23000590,1,D00006,320.01.0051,500,267.4877,500,YERLİ,2023-12-10,1023,,0,2,27.95,03,DG1,4785.1109,KAPALI,2023,10,41
701082,2023-10-11,SAS23000590,2,D00011,320.01.0051,10000,7.6834,10000,YERLİ,2023-11-10,1023,,0,2,27.95,03,DG1,2748.9803,KAPALI,2023,10,41
701083,2023-10-11,SAS23000591,1,H00014,320.01.0045,5000,28.2163,5000,YERLİ,2024-01-09,1023,,0,2,27.95,02,HM1,5047.6386,KAPALI,2023,10,41
701084,2023-10-11,SAS23000592,1,D00012,320.01.0008,2000,116.2002,2000,YERLİ,2023-10-21,1023,,0,2,27.95,03,DG1,8314.8623,KAPALI,2023,10,41
701085,2023-10-11,SAS23000593,1,H00016,320.01.0010,500,69.8292,250,YERLİ,2023-11-10,1023,-993,250,2,27.95,02,HM1,1249.1807,ACIK,2023,10,41
701086,2023-10-11,SAS23000593,2,H00001,320.01.0010,250,40.3325,250,YERLİ,2023-10-21,1023,,0,2,27.95,02,HM1,360.7558,KAPALI,2023,10,41
701087,2023-10-12,SAS23000594,1,H00004,320.01.0003,500,64.6546,500,İTHAL,2023-11-11,1022,,0,2,27.95,02,HM1,1156.6118,KAPALI,2023,10,41
701088,2023-10-13,SAS23000595,1,H00012,320.01.0003,250,24.0957,250,İTHAL,2023-11-12,1021,,0,2,27.95,02,HM1,215.525,KAPALI,2023,10,41
701089,2023-10-13,SAS23000596,1,H00013,320.01.0019,1000,79.7395,1000,YERLİ,2023-10-23,1021,,0,2,27.95,02,HM1,2852.9338,KAPALI,2023,10,41
701090,2023-10-13,SAS23000597,1,H00012,320.01.0022,500,28.2492,500,YERLİ,2023-11-27,1021,,0,2,27.95,02,HM1,505.3524,KAPALI,2023,10,41
701091,2023-10-16,SAS23000598,1,H00001,320.01.0035,5000,41.9268,5000,İTHAL,2023-11-15,1018,,0,2,27.95,02,HM1,7500.322,KAPALI,2023,10,42
701092,2023-10-16,SAS23000599,1,D00004,320.01.0001,5000,54.4063,5000,YERLİ,2023-11-15,1018,,0,2,27.95,03,DG1,9732.7907,KAPALI,2023,10,42
701093,2023-10-16,SAS23000600,1,D00011,320.01.0001,250,7.0583,250,YERLİ,2023-12-15,1018,,0,2,27.95,03,DG1,63.1333,KAPALI,2023,10,42
701094,2023-10-16,SAS23000600,2,D00006,320.01.0001,2000,284.8986,2000,YERLİ,2023-10-31,1018,,0,2,27.95,03,DG1,20386.3041,KAPALI,2023,10,42
701095,2023-10-16,SAS23000601,1,D00010,320.01.0006,5000,154.4741,5000,YERLİ,2023-10-31,1018,,0,2,27.95,03,DG1,27634.0072,KAPALI,2023,10,42
701096,2023-10-16,SAS23000601,2,H00013,320.01.0006,500,83.2848,500,YERLİ,2024-01-14,1018,,0,2,27.95,02,HM1,1489.8891,KAPALI,2023,10,42
701097,2023-10-16,SAS23000601,3,D00009,320.01.0006,5000,191.7459,5000,YERLİ,2024-01-14,1018,,0,2,27.95,03,DG1,34301.5921,KAPALI,2023,10,42
701098,2023-10-17,SAS23000602,1,H00004,320.01.0027,500,61.1474,500,YERLİ,2023-12-16,1017,,0,2,27.95,02,HM1,1093.8712,KAPALI,2023,10,42
701099,2023-10-18,SAS23000603,1,D00005,320.01.0002,1000,267.0718,1000,YERLİ,2023-11-02,1016,,0,2,27.95,03,DG1,9555.3417,KAPALI,2023,10,42
701100,2023-10-18,SAS23000603,2,D00010,320.01.0002,10000,192.269,10000,YERLİ,2023-12-02,1016,,0,2,27.95,03,DG1,68790.3399,KAPALI,2023,10,42
701101,2023-10-18,SAS23000603,3,H00006,320.01.0002,1000,95.9348,1000,YERLİ,2023-11-02,1016,,0,2,27.95,02,HM1,3432.3721,KAPALI,2023,10,42
701102,2023-10-18,SAS23000604,1,D00010,320.01.0011,10000,171.9207,10000,YERLİ,2024-01-16,1016,,0,2,27.95,03,DG1,61510.0894,KAPALI,2023,10,42
701103,2023-10-18,SAS23000604,2,D00010,320.01.0011,250,180.3064,250,YERLİ,2023-11-02,1016,,0,2,27.95,03,DG1,1612.7585,KAPALI,2023,10,42
701104,2023-10-18,SAS23000605,1,H00012,320.01.0055,500,28.3015,500,İTHAL,2023-12-17,1016,,0,2,27.95,02,HM1,506.288,KAPALI,2023,10,42
701105,2023-10-18,SAS23000605,2,H00005,320.01.0055,2000,46.3772,2000,İTHAL,2023-12-17,1016,,0,2,27.95,02,HM1,3318.5832,KAPALI,2023,10,42
701106,2023-10-18,SAS23000605,3,D00007,320.01.0055,500,73.9072,500,İTHAL,2023-11-02,1016,,0,2,27.95,03,DG1,1322.1324,KAPALI,2023,10,42
701107,2023-10-18,SAS23000606,1,H00005,320.01.0015,250,47.8694,250,YERLİ,2023-12-02,1016,,0,2,27.95,02,HM1,428.1699,KAPALI,2023,10,42
701108,2023-10-18,SAS23000606,2,H00010,320.01.0015,5000,18.1328,5000,YERLİ,2023-11-02,1016,,0,2,27.95,02,HM1,3243.7925,KAPALI,2023,10,42
701109,2023-10-19,SAS23000607,1,H00011,320.01.0016,500,27.7224,500,YERLİ,2023-11-03,1015,,0,2,27.95,02,HM1,495.9284,KAPALI,2023,10,42
701110,2023-10-19,SAS23000607,2,D00005,320.01.0016,500,241.5804,500,YERLİ,2023-12-18,1015,,0,2,27.95,03,DG1,4321.653,KAPALI,2023,10,42
701111,2023-10-19,SAS23000608,1,D00012,320.01.0003,120,116.937,120,İTHAL,2023-11-18,1015,,0,2,27.95,03,DG1,502.0551,KAPALI,2023,10,42
701112,2023-10-19,SAS23000608,2,H00010,320.01.0003,2000,21.4456,1000,İTHAL,2023-12-18,1015,-955,1000,2,27.95,02,HM1,1534.5689,ACIK,2023,10,42
701113,2023-10-19,SAS23000609,1,H00013,320.01.0021,250,78.1284,250,YERLİ,2024-01-17,1015,,0,2,27.95,02,HM1,698.8229,KAPALI,2023,10,42
701114,2023-10-20,SAS23000610,1,H00004,320.01.0002,250,55.5376,250,YERLİ,2023-10-30,1014,,0,2,27.95,02,HM1,496.7585,KAPALI,2023,10,42
701115,2023-10-20,SAS23000610,2,H00002,320.01.0002,120,17.4424,120,YERLİ,2023-11-19,1014,,0,2,27.95,02,HM1,74.8869,KAPALI,2023,10,42
701116,2023-10-20,SAS23000611,1,H00007,320.01.0010,10000,42.091,10000,YERLİ,2023-11-10,1014,,0,2,27.95,02,HM1,15059.3918,KAPALI,2023,10,42
701117,2023-10-20,SAS23000611,2,D00012,320.01.0010,1000,117.2058,1000,YERLİ,2023-11-19,1014,,0,2,27.95,03,DG1,4193.4097,KAPALI,2023,10,42
701118,2023-10-20,SAS23000612,1,D00002,320.01.0013,250,55.9513,250,YERLİ,2023-11-19,1014,,0,2,27.95,03,DG1,500.4589,KAPALI,2023,10,42
701119,2023-10-20,SAS23000612,2,D00007,320.01.0013,2000,62.7377,0,YERLİ,2023-10-30,1014,-1004,2000,2,27.95,03,DG1,4489.2809,ACIK,2023,10,42
701120,2023-10-23,SAS23000613,1,H00012,320.01.0028,250,24.6966,250,YERLİ,2024-01-21,1011,,0,2,27.95,02,HM1,220.8998,KAPALI,2023,10,43
701121,2023-10-23,SAS23000613,2,H00006,320.01.0028,1000,85.883,1000,YERLİ,2023-11-02,1011,,0,2,27.95,02,HM1,3072.737,KAPALI,2023,10,43
701122,2023-10-23,SAS23000614,1,H00011,320.01.0003,2000,34.9118,2000,İTHAL,2023-11-02,1011,,0,2,27.95,02,HM1,2498.161,KAPALI,2023,10,43
701123,2023-10-23,SAS23000614,2,H00006,320.01.0003,120,99.198,120,İTHAL,2023-11-07,1011,,0,2,27.95,02,HM1,425.8948,KAPALI,2023,10,43
701124,2023-10-23,SAS23000615,1,H00012,320.01.0032,2000,27.2268,1000,YERLİ,2023-11-22,1011,-981,1000,2,27.95,02,HM1,1948.2504,ACIK,2023,10,43
701125,2023-10-23,SAS23000615,2,D00010,320.01.0032,2000,155.6555,2000,YERLİ,2023-11-13,1011,,0,2,27.95,03,DG1,11138.1395,KAPALI,2023,10,43
701126,2023-10-24,SAS23000616,1,H00014,320.01.0002,120,32.1199,120,YERLİ,2023-12-23,1010,,0,2,27.95,02,HM1,137.903,KAPALI,2023,10,43
701127,2023-10-24,SAS23000616,2,D00005,320.01.0002,5000,258.7552,5000,YERLİ,2024-01-22,1010,,0,2,27.95,03,DG1,46288.9445,KAPALI,2023,10,43
701128,2023-10-24,SAS23000616,3,D00005,320.01.0002,2000,243.4131,2000,YERLİ,2023-11-14,1010,,0,2,27.95,03,DG1,17417.7531,KAPALI,2023,10,43
701129,2023-10-24,SAS23000617,1,H00003,320.01.0004,1000,59.7159,1000,YERLİ,2023-11-23,1010,,0,2,27.95,02,HM1,2136.5259,KAPALI,2023,10,43
701130,2023-10-24,SAS23000618,1,D00004,320.01.0004,120,59.1818,120,YERLİ,2024-01-22,1010,,0,2,27.95,03,DG1,254.09,KAPALI,2023,10,43
701131,2023-10-24,SAS23000618,2,H00001,320.01.0004,10000,48.2685,0,YERLİ,2023-11-08,1010,-995,10000,2,27.95,02,HM1,17269.5886,ACIK,2023,10,43
701132,2023-10-24,SAS23000619,1,D00010,320.01.0007,2000,173.3845,2000,YERLİ,2023-11-14,1010,,0,2,27.95,03,DG1,12406.7621,KAPALI,2023,10,43
701133,2023-10-25,SAS23000620,1,D00009,320.01.0002,500,228.8702,500,YERLİ,2023-11-15,1009,,0,2,27.95,03,DG1,4094.2791,KAPALI,2023,10,43
701134,2023-10-25,SAS23000620,2,H00002,320.01.0002,500,18.6757,500,YERLİ,2023-12-09,1009,,0,2,27.95,02,HM1,334.0912,KAPALI,2023,10,43
701135,2023-10-25,SAS23000621,1,D00010,320.01.0007,500,163.5788,0,YERLİ,2023-12-09,1009,-964,500,2,27.95,03,DG1,2926.2755,ACIK,2023,10,43
701136,2023-10-25,SAS23000621,2,H00012,320.01.0007,10000,26.6525,10000,YERLİ,2023-11-09,1009,,0,2,27.95,02,HM1,9535.7782,KAPALI,2023,10,43
701137,2023-10-25,SAS23000621,3,H00012,320.01.0007,250,24.9861,250,YERLİ,2023-11-15,1009,,0,2,27.95,02,HM1,223.4893,KAPALI,2023,10,43
701138,2023-10-25,SAS23000622,1,D00006,320.01.0017,2000,261.5181,2000,YERLİ,2023-11-09,1009,,0,2,27.95,03,DG1,18713.2809,KAPALI,2023,10,43
701139,2023-10-25,SAS23000623,1,D00003,320.01.0034,2000,225.4405,2000,YERLİ,2023-11-09,1009,,0,2,27.95,03,DG1,16131.6995,KAPALI,2023,10,43
701140,2023-10-26,SAS23000624,1,D00008,320.01.0007,10000,262.6755,10000,YERLİ,2023-11-10,1008,,0,2,27.95,03,DG1,93980.5009,KAPALI,2023,10,43
701141,2023-10-26,SAS23000624,2,D00001,320.01.0007,5000,32.1627,5000,YERLİ,2024-01-24,1008,,0,2,27.95,03,DG1,5753.6136,KAPALI,2023,10,43
701142,2023-10-26,SAS23000625,1,H00008,320.01.0003,500,57.009,500,İTHAL,2023-11-10,1008,,0,2,27.95,02,HM1,1019.839,KAPALI,2023,10,43
701143,2023-10-26,SAS23000625,2,H00005,320.01.0003,120,47.794,120,İTHAL,2024-01-24,1008,,0,2,27.95,02,HM1,205.1979,KAPALI,2023,10,43
701144,2023-10-26,SAS23000625,3,H00016,320.01.0003,500,64.5614,500,İTHAL,2024-01-24,1008,,0,2,27.95,02,HM1,1154.9445,KAPALI,2023,10,43
701145,2023-10-27,SAS23000626,1,D00003,320.01.0001,1000,245.0109,1000,YERLİ,2023-11-17,1007,,0,2,27.95,03,DG1,8766.0429,KAPALI,2023,10,43
701146,2023-10-27,SAS23000626,2,H00004,320.01.0001,250,59.0168,250,YERLİ,2023-11-26,1007,,0,2,27.95,02,HM1,527.8784,KAPALI,2023,10,43
701147,2023-10-27,SAS23000627,1,D00003,320.01.0003,120,233.9056,120,İTHAL,2024-01-25,1007,,0,2,27.95,03,DG1,1004.2459,KAPALI,2023,10,43
701148,2023-10-30,SAS23000628,1,D00005,320.01.0001,2000,227.503,2000,YERLİ,2023-11-20,1004,,0,2,27.95,03,DG1,16279.2844,KAPALI,2023,10,44
701149,2023-10-30,SAS23000628,2,D00009,320.01.0001,2000,191.6832,2000,YERLİ,2023-12-14,1004,,0,2,27.95,03,DG1,13716.1503,KAPALI,2023,10,44
701150,2023-10-30,SAS23000628,3,D00009,320.01.0001,120,186.9421,120,YERLİ,2023-11-14,1004,,0,2,27.95,03,DG1,802.6137,KAPALI,2023,10,44
701151,2023-10-30,SAS23000629,1,D00008,320.01.0022,2000,255.5598,2000,YERLİ,2023-11-29,1004,,0,2,27.95,03,DG1,18286.9267,KAPALI,2023,10,44
701152,2023-10-30,SAS23000629,2,H00014,320.01.0022,500,32.674,500,YERLİ,2024-01-28,1004,,0,2,27.95,02,HM1,584.5081,KAPALI,2023,10,44
701153,2023-10-30,SAS23000629,3,H00005,320.01.0022,500,42.5455,500,YERLİ,2023-12-29,1004,,0,2,27.95,02,HM1,761.1002,KAPALI,2023,10,44
701154,2023-11-01,SAS23000630,1,H00010,320.01.0002,120,19.8373,120,YERLİ,2023-12-01,1002,,0,2,28.5667,02,HM1,83.3305,KAPALI,2023,11,44
701155,2023-11-01,SAS23000630,2,D00004,320.01.0002,10000,65.4427,10000,YERLİ,2023-11-11,1002,,0,2,28.5667,03,DG1,22908.7364,KAPALI,2023,11,44
701156,2023-11-01,SAS23000631,1,H00013,320.01.0024,500,90.8435,500,YERLİ,2023-11-16,1002,,0,2,28.5667,02,HM1,1590.0244,KAPALI,2023,11,44
701157,2023-11-01,SAS23000632,1,H00011,320.01.0002,120,28.4593,120,YERLİ,2024-01-30,1002,,0,2,28.5667,02,HM1,119.5488,KAPALI,2023,11,44
701158,2023-11-01,SAS23000632,2,D00001,320.01.0002,500,33.4455,500,YERLİ,2023-11-22,1002,,0,2,28.5667,03,DG1,585.3931,KAPALI,2023,11,44
701159,2023-11-02,SAS23000633,1,D00012,320.01.0037,500,107.7627,500,İTHAL,2023-11-17,1001,,0,2,28.5667,03,DG1,1886.1594,KAPALI,2023,11,44
701160,2023-11-02,SAS23000634,1,H00012,320.01.0006,2000,29.5088,2000,YERLİ,2023-12-17,1001,,0,2,28.5667,02,HM1,2065.9579,KAPALI,2023,11,44
701161,2023-11-02,SAS23000634,2,H00012,320.01.0006,250,24.6547,250,YERLİ,2024-01-01,1001,,0,2,28.5667,02,HM1,215.7643,KAPALI,2023,11,44
701162,2023-11-03,SAS23000635,1,D00012,320.01.0050,500,124.4906,500,YERLİ,2023-12-03,1000,,0,2,28.5667,03,DG1,2178.9461,KAPALI,2023,11,44
701163,2023-11-03,SAS23000636,1,H00005,320.01.0028,10000,51.1074,10000,YERLİ,2024-02-01,1000,,0,2,28.5667,02,HM1,17890.5509,KAPALI,2023,11,44
701164,2023-11-03,SAS23000636,2,D00005,320.01.0028,500,266.218,500,YERLİ,2023-11-18,1000,,0,2,28.5667,03,DG1,4659.5862,KAPALI,2023,11,44
701165,2023-11-03,SAS23000637,1,D00003,320.01.0027,250,248.1014,250,YERLİ,2024-02-01,1000,,0,2,28.5667,03,DG1,2171.2466,KAPALI,2023,11,44
701166,2023-11-03,SAS23000637,2,H00015,320.01.0027,250,33.1489,250,YERLİ,2023-11-18,1000,,0,2,28.5667,02,HM1,290.1009,KAPALI,2023,11,44
701167,2023-11-06,SAS23000638,1,H00004,320.01.0005,500,57.8768,500,YERLİ,2024-01-05,997,,0,2,28.5667,02,HM1,1013.0117,KAPALI,2023,11,45
701168,2023-11-06,SAS23000638,2,H00002,320.01.0005,2000,19.0775,2000,YERLİ,2023-12-21,997,,0,2,28.5667,02,HM1,1335.646,KAPALI,2023,11,45
701169,2023-11-06,SAS23000639,1,D00004,320.01.0019,500,61.1887,500,YERLİ,2023-11-16,997,,0,2,28.5667,03,DG1,1070.9795,KAPALI,2023,11,45
701170,2023-11-06,SAS23000639,2,D00002,320.01.0019,1000,51.9364,1000,YERLİ,2024-01-05,997,,0,2,28.5667,03,DG1,1818.0749,KAPALI,2023,11,45
701171,2023-11-06,SAS23000640,1,H00007,320.01.0029,2000,37.7419,2000,YERLİ,2023-12-06,997,,0,2,28.5667,02,HM1,2642.3703,KAPALI,2023,11,45
701172,2023-11-06,SAS23000640,2,H00016,320.01.0029,2000,71.8964,2000,YERLİ,2023-12-06,997,,0,2,28.5667,02,HM1,5033.5811,KAPALI,2023,11,45
701173,2023-11-07,SAS23000641,1,D00010,320.01.0002,2000,180.409,2000,YERLİ,2023-12-22,996,,0,2,28.5667,03,DG1,12630.7204,KAPALI,2023,11,45
701174,2023-11-07,SAS23000641,2,H00007,320.01.0002,10000,42.1568,10000,YERLİ,2023-11-17,996,,0,2,28.5667,02,HM1,14757.3223,KAPALI,2023,11,45
701175,2023-11-07,SAS23000641,3,D00006,320.01.0002,10000,241.9681,10000,YERLİ,2023-11-28,996,,0,2,28.5667,03,DG1,84702.8533,KAPALI,2023,11,45
701176,2023-11-07,SAS23000642,1,D00010,320.01.0005,1000,180.8836,1000,YERLİ,2023-11-28,996,,0,2,28.5667,03,DG1,6331.9739,KAPALI,2023,11,45
701177,2023-11-07,SAS23000643,1,H00009,320.01.0001,1000,68.5494,1000,YERLİ,2024-01-06,996,,0,2,28.5667,02,HM1,2399.6261,KAPALI,2023,11,45
701178,2023-11-07,SAS23000643,2,H00007,320.01.0001,500,37.5893,500,YERLİ,2023-11-22,996,,0,2,28.5667,02,HM1,657.9216,KAPALI,2023,11,45
701179,2023-11-07,SAS23000644,1,H00008,320.01.0019,1000,57.9389,1000,YERLİ,2024-02-05,996,,0,2,28.5667,02,HM1,2028.1972,KAPALI,2023,11,45
701180,2023-11-08,SAS23000645,1,H00013,320.01.0049,2000,74.6485,2000,YERLİ,2024-01-07,995,,0,2,28.5667,02,HM1,5226.2599,KAPALI,2023,11,45
701181,2023-11-08,SAS23000645,2,D00005,320.01.0049,10000,246.8842,10000,YERLİ,2023-12-23,995,,0,2,28.5667,03,DG1,86423.7731,KAPALI,2023,11,45
701182,2023-11-08,SAS23000646,1,D00012,320.01.0026,120,101.6398,120,YERLİ,2023-12-23,995,,0,2,28.5667,03,DG1,426.9578,KAPALI,2023,11,45
701183,2023-11-08,SAS23000647,1,H00005,320.01.0050,120,48.7274,120,YERLİ,2023-12-08,995,,0,2,28.5667,02,HM1,204.689,KAPALI,2023,11,45
701184,2023-11-08,SAS23000647,2,H00007,320.01.0050,10000,37.4854,0,YERLİ,2023-12-08,995,-965,10000,2,28.5667,02,HM1,13122.0617,ACIK,2023,11,45
701185,2023-11-09,SAS23000648,1,H00012,320.01.0001,1000,27.6859,1000,YERLİ,2023-11-19,994,,0,2,28.5667,02,HM1,969.1669,KAPALI,2023,11,45
701186,2023-11-09,SAS23000649,1,D00010,320.01.0031,500,197.7115,500,YERLİ,2023-11-24,994,,0,2,28.5667,03,DG1,3460.524,KAPALI,2023,11,45
701187,2023-11-09,SAS23000650,1,D00003,320.01.0002,5000,288.4171,5000,YERLİ,2024-02-07,994,,0,2,28.5667,03,DG1,50481.3472,KAPALI,2023,11,45
701188,2023-11-09,SAS23000650,2,H00001,320.01.0002,5000,40.6934,0,YERLİ,2024-01-08,994,-934,5000,2,28.5667,02,HM1,7122.5238,ACIK,2023,11,45
701189,2023-11-09,SAS23000650,3,H00003,320.01.0002,120,57.6353,120,YERLİ,2023-12-24,994,,0,2,28.5667,02,HM1,242.1083,KAPALI,2023,11,45
701190,2023-11-10,SAS23000651,1,H00010,320.01.0008,250,21.3749,250,YERLİ,2024-02-08,993,,0,2,28.5667,02,HM1,187.0613,KAPALI,2023,11,45
701191,2023-11-10,SAS23000651,2,D00011,320.01.0008,120,7.9046,120,YERLİ,2023-12-10,993,,0,2,28.5667,03,DG1,33.2048,KAPALI,2023,11,45
701192,2023-11-10,SAS23000651,3,H00011,320.01.0008,2000,33.6379,2000,YERLİ,2023-12-25,993,,0,2,28.5667,02,HM1,2355.0428,KAPALI,2023,11,45
701193,2023-11-10,SAS23000652,1,H00016,320.01.0004,1000,68.9549,1000,YERLİ,2023-11-20,993,,0,2,28.5667,02,HM1,2413.821,KAPALI,2023,11,45
701194,2023-11-10,SAS23000652,2,D00010,320.01.0004,5000,179.7182,0,YERLİ,2024-01-09,993,-933,5000,2,28.5667,03,DG1,31455.8909,ACIK,2023,11,45
701195,2023-11-10,SAS23000653,1,H00013,320.01.0007,10000,85.1275,10000,YERLİ,2023-12-25,993,,0,2,28.5667,02,HM1,29799.5568,KAPALI,2023,11,45
701196,2023-11-10,SAS23000653,2,D00010,320.01.0007,120,161.6133,120,YERLİ,2024-01-09,993,,0,2,28.5667,03,DG1,678.8882,KAPALI,2023,11,45
701197,2023-11-10,SAS23000654,1,H00014,320.01.0040,500,29.2884,500,YERLİ,2023-12-10,993,,0,2,28.5667,02,HM1,512.6318,KAPALI,2023,11,45
701198,2023-11-10,SAS23000654,2,H00012,320.01.0040,2000,28.2826,1000,YERLİ,2023-12-25,993,-948,1000,2,28.5667,02,HM1,1980.1097,ACIK,2023,11,45
701199,2023-11-13,SAS23000655,1,H00012,320.01.0011,5000,29.1054,5000,YERLİ,2023-12-04,990,,0,2,28.5667,02,HM1,5094.2881,KAPALI,2023,11,46
701200,2023-11-13,SAS23000656,1,D00010,320.01.0054,10000,190.5823,10000,YERLİ,2024-01-12,990,,0,2,28.5667,03,DG1,66714.8463,KAPALI,2023,11,46
701201,2023-11-13,SAS23000656,2,D00003,320.01.0054,1000,237.0341,1000,YERLİ,2023-12-13,990,,0,2,28.5667,03,DG1,8297.5667,KAPALI,2023,11,46
701202,2023-11-13,SAS23000657,1,D00012,320.01.0001,120,115.9049,120,YERLİ,2023-12-13,990,,0,2,28.5667,03,DG1,486.8812,KAPALI,2023,11,46
701203,2023-11-13,SAS23000657,2,D00004,320.01.0001,1000,61.1433,1000,YERLİ,2024-02-11,990,,0,2,28.5667,03,DG1,2140.3697,KAPALI,2023,11,46
701204,2023-11-13,SAS23000657,3,D00010,320.01.0001,10000,177.6213,10000,YERLİ,2023-12-04,990,,0,2,28.5667,03,DG1,62177.7454,KAPALI,2023,11,46
701205,2023-11-13,SAS23000658,1,H00016,320.01.0001,10000,64.7084,5000,YERLİ,2023-12-04,990,-969,5000,2,28.5667,02,HM1,22651.6889,ACIK,2023,11,46
701206,2023-11-13,SAS23000658,2,D00001,320.01.0001,2000,33.752,2000,YERLİ,2023-12-13,990,,0,2,28.5667,03,DG1,2363.0311,KAPALI,2023,11,46
701207,2023-11-13,SAS23000658,3,D00004,320.01.0001,10000,62.0594,0,YERLİ,2023-12-28,990,-945,10000,2,28.5667,03,DG1,21724.3854,ACIK,2023,11,46
701208,2023-11-14,SAS23000659,1,H00010,320.01.0007,5000,17.5707,5000,YERLİ,2023-12-14,989,,0,2,28.5667,02,HM1,3075.3815,KAPALI,2023,11,46
701209,2023-11-14,SAS23000659,2,D00004,320.01.0007,5000,65.8907,5000,YERLİ,2023-12-14,989,,0,2,28.5667,03,DG1,11532.7812,KAPALI,2023,11,46
701210,2023-11-14,SAS23000660,1,D00002,320.01.0004,500,50.8063,500,YERLİ,2023-11-24,989,,0,2,28.5667,03,DG1,889.2574,KAPALI,2023,11,46
701211,2023-11-14,SAS23000661,1,D00002,320.01.0009,5000,57.8295,5000,YERLİ,2023-12-29,989,,0,2,28.5667,03,DG1,10121.8377,KAPALI,2023,11,46
701212,2023-11-14,SAS23000661,2,D00011,320.01.0009,2000,8.6388,2000,YERLİ,2023-12-14,989,,0,2,28.5667,03,DG1,604.8161,KAPALI,2023,11,46
701213,2023-11-14,SAS23000662,1,D00001,320.01.0023,10000,29.1956,10000,İTHAL,2023-12-14,989,,0,2,28.5667,03,DG1,10220.1514,KAPALI,2023,11,46
701214,2023-11-15,SAS23000663,1,H00005,320.01.0012,5000,42.7549,5000,YERLİ,2023-12-06,988,,0,2,28.5667,02,HM1,7483.346,KAPALI,2023,11,46
701215,2023-11-15,SAS23000664,1,D00010,320.01.0047,5000,185.3433,5000,YERLİ,2024-01-14,988,,0,2,28.5667,03,DG1,32440.4464,KAPALI,2023,11,46
701216,2023-11-15,SAS23000664,2,D00007,320.01.0047,1000,64.3756,1000,YERLİ,2023-12-06,988,,0,2,28.5667,03,DG1,2253.519,KAPALI,2023,11,46
701217,2023-11-15,SAS23000664,3,D00002,320.01.0047,1000,50.0976,1000,YERLİ,2023-12-30,988,,0,2,28.5667,03,DG1,1753.7062,KAPALI,2023,11,46
701218,2023-11-15,SAS23000665,1,D00009,320.01.0002,5000,221.8317,5000,YERLİ,2023-11-25,988,,0,2,28.5667,03,DG1,38826.9734,KAPALI,2023,11,46
701219,2023-11-15,SAS23000665,2,H00008,320.01.0002,2000,54.6332,2000,YERLİ,2023-12-06,988,,0,2,28.5667,02,HM1,3824.957,KAPALI,2023,11,46
701220,2023-11-16,SAS23000666,1,D00002,320.01.0004,250,53.5552,250,YERLİ,2023-12-16,987,,0,2,28.5667,03,DG1,468.6856,KAPALI,2023,11,46
701221,2023-11-16,SAS23000666,2,H00001,320.01.0004,5000,48.8916,5000,YERLİ,2024-02-14,987,,0,2,28.5667,02,HM1,8557.4463,KAPALI,2023,11,46
701222,2023-11-16,SAS23000667,1,D00008,320.01.0002,10000,250.5282,0,YERLİ,2023-12-07,987,-966,10000,2,28.5667,03,DG1,87699.3842,ACIK,2023,11,46
701223,2023-11-16,SAS23000668,1,D00006,320.01.0011,120,247.106,120,YERLİ,2023-12-07,987,,0,2,28.5667,03,DG1,1038.017,KAPALI,2023,11,46
701224,2023-11-16,SAS23000669,1,H00004,320.01.0005,5000,66.0657,2500,YERLİ,2023-11-26,987,-977,2500,2,28.5667,02,HM1,11563.4112,ACIK,2023,11,46
701225,2023-11-17,SAS23000670,1,H00016,320.01.0024,2000,74.6074,2000,YERLİ,2023-12-17,986,,0,2,28.5667,02,HM1,5223.3825,KAPALI,2023,11,46
701226,2023-11-17,SAS23000671,1,H00012,320.01.0002,5000,24.9057,5000,YERLİ,2023-11-27,986,,0,2,28.5667,02,HM1,4359.219,KAPALI,2023,11,46
701227,2023-11-17,SAS23000671,2,H00014,320.01.0002,250,27.1737,250,YERLİ,2024-01-16,986,,0,2,28.5667,02,HM1,237.8092,KAPALI,2023,11,46
701228,2023-11-17,SAS23000672,1,H00015,320.01.0007,10000,38.7146,10000,YERLİ,2023-12-02,986,,0,2,28.5667,02,HM1,13552.3529,KAPALI,2023,11,46
701229,2023-11-17,SAS23000672,2,D00008,320.01.0007,120,297.5476,120,YERLİ,2023-12-17,986,,0,2,28.5667,03,DG1,1249.9068,KAPALI,2023,11,46
701230,2023-11-17,SAS23000673,1,H00015,320.01.0008,5000,35.474,5000,YERLİ,2024-01-16,986,,0,2,28.5667,02,HM1,6208.9776,KAPALI,2023,11,46
701231,2023-11-20,SAS23000674,1,D00008,320.01.0004,5000,251.1122,5000,YERLİ,2023-11-30,983,,0,2,28.5667,03,DG1,43951.909,KAPALI,2023,11,47
701232,2023-11-20,SAS23000674,2,H00002,320.01.0004,5000,17.3621,5000,YERLİ,2023-12-11,983,,0,2,28.5667,02,HM1,3038.8704,KAPALI,2023,11,47
701233,2023-11-20,SAS23000675,1,H00010,320.01.0006,5000,19.1113,5000,YERLİ,2023-11-30,983,,0,2,28.5667,02,HM1,3345.0311,KAPALI,2023,11,47
701234,2023-11-20,SAS23000676,1,D00009,320.01.0005,1000,215.9165,1000,YERLİ,2023-12-11,983,,0,2,28.5667,03,DG1,7558.3284,KAPALI,2023,11,47
701235,2023-11-21,SAS23000677,1,H00015,320.01.0005,2000,33.1788,2000,YERLİ,2023-12-21,982,,0,2,28.5667,02,HM1,2322.9004,KAPALI,2023,11,47
701236,2023-11-21,SAS23000677,2,H00005,320.01.0005,120,47.7009,120,YERLİ,2023-12-01,982,,0,2,28.5667,02,HM1,200.3769,KAPALI,2023,11,47
701237,2023-11-21,SAS23000677,3,H00015,320.01.0005,5000,39.2305,5000,YERLİ,2023-12-12,982,,0,2,28.5667,02,HM1,6866.4739,KAPALI,2023,11,47
701238,2023-11-21,SAS23000678,1,H00012,320.01.0015,5000,27.8326,5000,YERLİ,2023-12-01,982,,0,2,28.5667,02,HM1,4871.5112,KAPALI,2023,11,47
701239,2023-11-22,SAS23000679,1,D00008,320.01.0001,2000,291.9222,2000,YERLİ,2024-01-06,981,,0,2,28.5667,03,DG1,20437.9365,KAPALI,2023,11,47
701240,2023-11-22,SAS23000679,2,D00006,320.01.0001,2000,294.8505,2000,YERLİ,2023-12-07,981,,0,2,28.5667,03,DG1,20642.9514,KAPALI,2023,11,47
701241,2023-11-22,SAS23000679,3,H00006,320.01.0001,500,89.767,250,YERLİ,2023-12-13,981,-960,250,2,28.5667,02,HM1,1571.1825,ACIK,2023,11,47
701242,2023-11-22,SAS23000680,1,D00009,320.01.0016,120,200.3594,120,YERLİ,2024-01-06,981,,0,2,28.5667,03,DG1,841.6488,KAPALI,2023,11,47
701243,2023-11-22,SAS23000680,2,D00002,320.01.0016,5000,52.1715,5000,YERLİ,2023-12-07,981,,0,2,28.5667,03,DG1,9131.5238,KAPALI,2023,11,47
701244,2023-11-22,SAS23000680,3,H00004,320.01.0016,10000,68.5839,10000,YERLİ,2023-12-07,981,,0,2,28.5667,02,HM1,24008.3384,KAPALI,2023,11,47
701245,2023-11-22,SAS23000681,1,H00005,320.01.0001,2000,45.6139,2000,YERLİ,2023-12-13,981,,0,2,28.5667,02,HM1,3193.5015,KAPALI,2023,11,47
701246,2023-11-22,SAS23000682,1,D00004,320.01.0002,500,68.0486,500,YERLİ,2024-02-20,981,,0,2,28.5667,03,DG1,1191.0476,KAPALI,2023,11,47
701247,2023-11-22,SAS23000682,2,D00012,320.01.0002,1000,122.9283,1000,YERLİ,2023-12-22,981,,0,2,28.5667,03,DG1,4303.2027,KAPALI,2023,11,47
701248,2023-11-23,SAS23000683,1,H00002,320.01.0012,1000,18.0748,1000,YERLİ,2023-12-23,980,,0,2,28.5667,02,HM1,632.7227,KAPALI,2023,11,47
701249,2023-11-23,SAS23000683,2,D00003,320.01.0012,250,234.8914,250,YERLİ,2024-01-07,980,,0,2,28.5667,03,DG1,2055.64,KAPALI,2023,11,47
701250,2023-11-23,SAS23000684,1,D00005,320.01.0010,120,262.4313,120,YERLİ,2023-12-23,980,,0,2,28.5667,03,DG1,1102.3939,KAPALI,2023,11,47
701251,2023-11-23,SAS23000685,1,H00004,320.01.0045,250,54.6362,250,YERLİ,2023-12-08,980,,0,2,28.5667,02,HM1,478.1459,KAPALI,2023,11,47
701252,2023-11-23,SAS23000685,2,H00014,320.01.0045,120,33.5206,120,YERLİ,2023-12-14,980,,0,2,28.5667,02,HM1,140.8098,KAPALI,2023,11,47
701253,2023-11-24,SAS23000686,1,H00005,320.01.0003,2000,44.2183,2000,İTHAL,2024-01-08,979,,0,2,28.5667,02,HM1,3095.7934,KAPALI,2023,11,47
701254,2023-11-24,SAS23000687,1,D00002,320.01.0012,250,46.7834,250,YERLİ,2024-01-23,979,,0,2,28.5667,03,DG1,409.4225,KAPALI,2023,11,47
701255,2023-11-27,SAS23000688,1,D00010,320.01.0019,1000,195.6485,1000,YERLİ,2023-12-12,976,,0,2,28.5667,03,DG1,6848.831,KAPALI,2023,11,48
701256,2023-11-27,SAS23000688,2,H00013,320.01.0019,500,83.9065,0,YERLİ,2023-12-12,976,-961,500,2,28.5667,02,HM1,1468.6068,ACIK,2023,11,48
701257,2023-11-27,SAS23000688,3,H00006,320.01.0019,2000,101.0301,2000,YERLİ,2023-12-07,976,,0,2,28.5667,02,HM1,7073.2776,KAPALI,2023,11,48
701258,2023-11-27,SAS23000689,1,D00011,320.01.0051,1000,8.1989,1000,YERLİ,2024-02-25,976,,0,2,28.5667,03,DG1,287.009,KAPALI,2023,11,48
701259,2023-11-27,SAS23000689,2,D00008,320.01.0051,2000,237.5772,2000,YERLİ,2024-01-26,976,,0,2,28.5667,03,DG1,16633.1568,KAPALI,2023,11,48
701260,2023-11-27,SAS23000689,3,H00014,320.01.0051,5000,29.4394,0,YERLİ,2024-02-25,976,-886,5000,2,28.5667,02,HM1,5152.7478,ACIK,2023,11,48
701261,2023-11-29,SAS23000690,1,D00011,320.01.0005,120,8.8336,60,YERLİ,2023-12-09,974,-964,60,2,28.5667,03,DG1,37.1073,ACIK,2023,11,48
701262,2023-11-29,SAS23000691,1,D00008,320.01.0055,10000,270.5582,10000,İTHAL,2024-01-13,974,,0,2,28.5667,03,DG1,94711.0447,KAPALI,2023,11,48
701263,2023-11-29,SAS23000691,2,D00010,320.01.0055,10000,183.8904,10000,İTHAL,2024-02-27,974,,0,2,28.5667,03,DG1,64372.2936,KAPALI,2023,11,48
701264,2023-11-29,SAS23000691,3,D00002,320.01.0055,1000,54.0872,1000,İTHAL,2024-01-13,974,,0,2,28.5667,03,DG1,1893.3654,KAPALI,2023,11,48
701265,2023-11-30,SAS23000692,1,H00015,320.01.0003,5000,35.505,5000,İTHAL,2023-12-30,973,,0,2,28.5667,02,HM1,6214.4035,KAPALI,2023,11,48
701266,2023-11-30,SAS23000693,1,H00016,320.01.0028,250,78.74,250,YERLİ,2024-01-29,973,,0,2,28.5667,02,HM1,689.089,KAPALI,2023,11,48
701267,2023-11-30,SAS23000694,1,H00015,320.01.0037,1000,31.4554,1000,İTHAL,2024-02-28,973,,0,2,28.5667,02,HM1,1101.1212,KAPALI,2023,11,48
701268,2023-12-01,SAS23000695,1,D00002,320.01.0001,500,53.2909,500,YERLİ,2023-12-31,972,,0,2,29.1833,03,DG1,913.0376,KAPALI,2023,12,48
701269,2023-12-01,SAS23000695,2,H00015,320.01.0001,2000,37.9351,2000,YERLİ,2024-01-15,972,,0,2,29.1833,02,HM1,2599.7814,KAPALI,2023,12,48
701270,2023-12-01,SAS23000696,1,H00013,320.01.0036,2000,75.3522,2000,YERLİ,2023-12-31,972,,0,2,29.1833,02,HM1,5164.063,KAPALI,2023,12,48
701271,2023-12-01,SAS23000696,2,H00011,320.01.0036,120,33.9839,120,YERLİ,2023-12-22,972,,0,2,29.1833,02,HM1,139.7398,KAPALI,2023,12,48
701272,2023-12-01,SAS23000697,1,H00014,320.01.0017,120,29.6727,120,YERLİ,2023-12-22,972,,0,2,29.1833,02,HM1,122.0124,KAPALI,2023,12,48
701273,2023-12-01,SAS23000697,2,H00010,320.01.0017,2000,18.3656,2000,YERLİ,2023-12-11,972,,0,2,29.1833,02,HM1,1258.6376,KAPALI,2023,12,48
701274,2023-12-04,SAS23000698,1,H00003,320.01.0005,120,73.6675,120,YERLİ,2023-12-25,969,,0,2,29.1833,02,HM1,302.9164,KAPALI,2023,12,49
701275,2023-12-04,SAS23000699,1,H00006,320.01.0018,10000,97.8767,10000,YERLİ,2024-02-02,969,,0,2,29.1833,02,HM1,33538.5991,KAPALI,2023,12,49
701276,2023-12-04,SAS23000700,1,H00016,320.01.0012,2000,82.6388,2000,YERLİ,2024-03-03,969,,0,2,29.1833,02,HM1,5663.4308,KAPALI,2023,12,49
701277,2023-12-04,SAS23000700,2,D00004,320.01.0012,2000,64.0852,2000,YERLİ,2024-03-03,969,,0,2,29.1833,03,DG1,4391.9091,KAPALI,2023,12,49
701278,2023-12-05,SAS23000701,1,H00014,320.01.0001,120,30.6026,120,YERLİ,2024-02-03,968,,0,2,29.1833,02,HM1,125.8361,KAPALI,2023,12,49
701279,2023-12-05,SAS23000701,2,D00009,320.01.0001,1000,235.5103,1000,YERLİ,2024-01-19,968,,0,2,29.1833,03,DG1,8070.0366,KAPALI,2023,12,49
701280,2023-12-05,SAS23000702,1,H00014,320.01.0001,1000,33.1061,500,YERLİ,2024-02-03,968,-908,500,2,29.1833,02,HM1,1134.4193,ACIK,2023,12,49
701281,2023-12-06,SAS23000703,1,H00009,320.01.0009,500,74.2648,500,YERLİ,2024-02-04,967,,0,2,29.1833,02,HM1,1272.3852,KAPALI,2023,12,49
701282,2023-12-06,SAS23000703,2,D00007,320.01.0009,250,63.4645,250,YERLİ,2024-02-04,967,,0,2,29.1833,03,DG1,543.6714,KAPALI,2023,12,49
701283,2023-12-06,SAS23000704,1,D00001,320.01.0014,500,28.4291,500,YERLİ,2024-02-04,967,,0,2,29.1833,03,DG1,487.0782,KAPALI,2023,12,49
701284,2023-12-06,SAS23000704,2,H00009,320.01.0014,2000,67.0308,2000,YERLİ,2024-01-20,967,,0,2,29.1833,02,HM1,4593.7779,KAPALI,2023,12,49
701285,2023-12-06,SAS23000705,1,D00008,320.01.0019,500,263.5773,500,YERLİ,2024-01-05,967,,0,2,29.1833,03,DG1,4515.8927,KAPALI,2023,12,49
701286,2023-12-07,SAS23000706,1,D00011,320.01.0004,2000,8.1221,2000,YERLİ,2024-03-06,966,,0,2,29.1833,03,DG1,556.6266,KAPALI,2023,12,49
701287,2023-12-07,SAS23000707,1,H00001,320.01.0021,250,50.7914,250,YERLİ,2023-12-22,966,,0,2,29.1833,02,HM1,435.1067,KAPALI,2023,12,49
701288,2023-12-07,SAS23000708,1,D00006,320.01.0030,1000,252.1473,1000,YERLİ,2024-01-21,966,,0,2,29.1833,03,DG1,8640.1229,KAPALI,2023,12,49
701289,2023-12-07,SAS23000708,2,H00009,320.01.0030,5000,68.5676,5000,YERLİ,2023-12-28,966,,0,2,29.1833,02,HM1,11747.7461,KAPALI,2023,12,49
701290,2023-12-07,SAS23000709,1,H00004,320.01.0049,120,59.9017,120,YERLİ,2024-02-05,966,,0,2,29.1833,02,HM1,246.3122,KAPALI,2023,12,49
701291,2023-12-07,SAS23000710,1,D00011,320.01.0001,10000,7.8187,10000,YERLİ,2024-03-06,966,,0,2,29.1833,03,DG1,2679.1693,KAPALI,2023,12,49
701292,2023-12-07,SAS23000711,1,H00009,320.01.0022,500,67.4451,500,YERLİ,2024-02-05,966,,0,2,29.1833,02,HM1,1155.5427,KAPALI,2023,12,49
701293,2023-12-07,SAS23000711,2,H00013,320.01.0022,120,91.9403,120,YERLİ,2023-12-17,966,,0,2,29.1833,02,HM1,378.0531,KAPALI,2023,12,49
701294,2023-12-07,SAS23000711,3,H00016,320.01.0022,500,73.3549,500,YERLİ,2024-02-05,966,,0,2,29.1833,02,HM1,1256.7958,KAPALI,2023,12,49
701295,2023-12-08,SAS23000712,1,H00014,320.01.0003,10000,33.217,10000,İTHAL,2023-12-29,965,,0,2,29.1833,02,HM1,11382.1946,KAPALI,2023,12,49
701296,2023-12-08,SAS23000713,1,H00010,320.01.0008,120,21.097,0,YERLİ,2024-03-07,965,-875,120,2,29.1833,02,HM1,86.7496,ACIK,2023,12,49
701297,2023-12-08,SAS23000714,1,H00007,320.01.0003,120,38.7911,120,İTHAL,2023-12-18,965,,0,2,29.1833,02,HM1,159.5067,KAPALI,2023,12,49
701298,2023-12-08,SAS23000714,2,D00007,320.01.0003,500,72.2795,500,İTHAL,2024-02-06,965,,0,2,29.1833,03,DG1,1238.3709,KAPALI,2023,12,49
701299,2023-12-08,SAS23000714,3,H00005,320.01.0003,10000,48.1213,10000,İTHAL,2023-12-23,965,,0,2,29.1833,02,HM1,16489.3278,KAPALI,2023,12,49
701300,2023-12-08,SAS23000715,1,D00011,320.01.0002,5000,8.5964,5000,YERLİ,2024-02-06,965,,0,2,29.1833,03,DG1,1472.8286,KAPALI,2023,12,49
701301,2023-12-08,SAS23000715,2,D00009,320.01.0002,10000,211.2054,10000,YERLİ,2024-01-07,965,,0,2,29.1833,03,DG1,72372.0073,KAPALI,2023,12,49
701302,2023-12-11,SAS23000716,1,H00008,320.01.0018,1000,59.2091,1000,YERLİ,2023-12-21,962,,0,2,29.1833,02,HM1,2028.8693,KAPALI,2023,12,50
701303,2023-12-11,SAS23000716,2,H00013,320.01.0018,120,73.1202,120,YERLİ,2024-01-25,962,,0,2,29.1833,02,HM1,300.6659,KAPALI,2023,12,50
701304,2023-12-12,SAS23000717,1,H00005,320.01.0023,250,44.5555,250,İTHAL,2024-01-02,961,,0,2,29.1833,02,HM1,381.6866,KAPALI,2023,12,50
701305,2023-12-12,SAS23000717,2,H00014,320.01.0023,5000,27.3342,5000,İTHAL,2023-12-27,961,,0,2,29.1833,02,HM1,4683.1921,KAPALI,2023,12,50
701306,2023-12-12,SAS23000718,1,D00011,320.01.0001,500,9.0507,500,YERLİ,2024-01-11,961,,0,2,29.1833,03,DG1,155.0664,KAPALI,2023,12,50
701307,2023-12-12,SAS23000718,2,H00012,320.01.0001,250,30.0576,250,YERLİ,2024-01-02,961,,0,2,29.1833,02,HM1,257.4897,KAPALI,2023,12,50
701308,2023-12-13,SAS23000719,1,H00015,320.01.0009,5000,33.1497,5000,YERLİ,2023-12-28,960,,0,2,29.1833,02,HM1,5679.5667,KAPALI,2023,12,50
701309,2023-12-13,SAS23000720,1,H00001,320.01.0005,500,49.8802,500,YERLİ,2024-01-27,960,,0,2,29.1833,02,HM1,854.6018,KAPALI,2023,12,50
701310,2023-12-14,SAS23000721,1,D00011,320.01.0021,2000,8.6773,2000,YERLİ,2023-12-24,959,,0,2,29.1833,03,DG1,594.6757,KAPALI,2023,12,50
701311,2023-12-15,SAS23000722,1,D00007,320.01.0010,500,64.5166,500,YERLİ,2023-12-25,958,,0,2,29.1833,03,DG1,1105.3685,KAPALI,2023,12,50
701312,2023-12-15,SAS23000722,2,H00003,320.01.0010,10000,63.8513,10000,YERLİ,2024-01-29,958,,0,2,29.1833,02,HM1,21879.3968,KAPALI,2023,12,50
701313,2023-12-15,SAS23000723,1,H00012,320.01.0001,10000,27.5561,10000,YERLİ,2023-12-30,958,,0,2,29.1833,02,HM1,9442.4208,KAPALI,2023,12,50
701314,2023-12-15,SAS23000723,2,H00015,320.01.0001,120,37.9252,0,YERLİ,2023-12-25,958,-948,120,2,29.1833,02,HM1,155.9462,ACIK,2023,12,50
701315,2023-12-18,SAS23000724,1,H00015,320.01.0004,5000,35.5619,5000,YERLİ,2024-02-16,955,,0,2,29.1833,02,HM1,6092.851,KAPALI,2023,12,51
701316,2023-12-18,SAS23000725,1,H00005,320.01.0001,2000,48.4797,2000,YERLİ,2024-03-17,955,,0,2,29.1833,02,HM1,3322.4276,KAPALI,2023,12,51
701317,2023-12-18,SAS23000725,2,H00012,320.01.0001,120,28.7435,120,YERLİ,2024-03-17,955,,0,2,29.1833,02,HM1,118.1916,KAPALI,2023,12,51
701318,2023-12-18,SAS23000726,1,D00010,320.01.0008,10000,190.231,10000,YERLİ,2024-03-17,955,,0,2,29.1833,03,DG1,65184.8831,KAPALI,2023,12,51
701319,2023-12-18,SAS23000726,2,H00014,320.01.0008,1000,28.5801,1000,YERLİ,2024-01-08,955,,0,2,29.1833,02,HM1,979.3306,KAPALI,2023,12,51
701320,2023-12-18,SAS23000727,1,H00008,320.01.0002,250,60.6371,250,YERLİ,2024-01-02,955,,0,2,29.1833,02,HM1,519.4503,KAPALI,2023,12,51
701321,2023-12-19,SAS23000728,1,H00008,320.01.0018,5000,57.2905,5000,YERLİ,2024-01-03,954,,0,2,29.1833,02,HM1,9815.6309,KAPALI,2023,12,51
701322,2023-12-19,SAS23000729,1,H00009,320.01.0002,120,65.5013,120,YERLİ,2024-01-09,954,,0,2,29.1833,02,HM1,269.3375,KAPALI,2023,12,51
701323,2023-12-19,SAS23000729,2,H00013,320.01.0002,5000,84.2449,5000,YERLİ,2024-02-02,954,,0,2,29.1833,02,HM1,14433.7515,KAPALI,2023,12,51
701324,2023-12-19,SAS23000730,1,H00015,320.01.0011,5000,39.2715,5000,YERLİ,2023-12-29,954,,0,2,29.1833,02,HM1,6728.42,KAPALI,2023,12,51
701325,2023-12-20,SAS23000731,1,H00014,320.01.0006,5000,30.9275,5000,YERLİ,2024-01-04,953,,0,2,29.1833,02,HM1,5298.8353,KAPALI,2023,12,51
701326,2023-12-20,SAS23000731,2,H00005,320.01.0006,1000,51.1647,1000,YERLİ,2023-12-30,953,,0,2,29.1833,02,HM1,1753.2185,KAPALI,2023,12,51
701327,2023-12-20,SAS23000732,1,H00011,320.01.0001,500,29.3881,500,YERLİ,2023-12-30,953,,0,2,29.1833,02,HM1,503.5089,KAPALI,2023,12,51
701328,2023-12-21,SAS23000733,1,H00014,320.01.0024,1000,28.8443,1000,YERLİ,2024-02-19,952,,0,2,29.1833,02,HM1,988.3838,KAPALI,2023,12,51
701329,2023-12-21,SAS23000733,2,H00013,320.01.0024,10000,92.2723,10000,YERLİ,2024-01-20,952,,0,2,29.1833,02,HM1,31618.1857,KAPALI,2023,12,51
701330,2023-12-21,SAS23000734,1,D00012,320.01.0004,500,112.3238,500,YERLİ,2024-02-04,952,,0,2,29.1833,03,DG1,1924.4534,KAPALI,2023,12,51
701331,2023-12-21,SAS23000734,2,D00001,320.01.0004,1000,32.4137,0,YERLİ,2024-01-11,952,-931,1000,2,29.1833,03,DG1,1110.6934,ACIK,2023,12,51
701332,2023-12-21,SAS23000735,1,D00003,320.01.0016,250,263.3705,250,YERLİ,2024-01-11,952,,0,2,29.1833,03,DG1,2256.1748,KAPALI,2023,12,51
701333,2023-12-21,SAS23000735,2,H00006,320.01.0016,500,105.5992,500,YERLİ,2024-03-20,952,,0,2,29.1833,02,HM1,1809.2402,KAPALI,2023,12,51
701334,2023-12-22,SAS23000736,1,H00015,320.01.0009,2000,38.6787,2000,YERLİ,2024-01-06,951,,0,2,29.1833,02,HM1,2650.742,KAPALI,2023,12,51
701335,2023-12-22,SAS23000736,2,D00003,320.01.0009,250,283.6407,250,YERLİ,2024-01-12,951,,0,2,29.1833,03,DG1,2429.8203,KAPALI,2023,12,51
701336,2023-12-22,SAS23000737,1,H00006,320.01.0002,2000,88.2563,2000,YERLİ,2024-02-05,951,,0,2,29.1833,02,HM1,6048.4112,KAPALI,2023,12,51
701337,2023-12-22,SAS23000737,2,H00013,320.01.0002,250,75.5826,250,YERLİ,2024-01-06,951,,0,2,29.1833,02,HM1,647.4816,KAPALI,2023,12,51
701338,2023-12-22,SAS23000738,1,D00012,320.01.0048,250,114.9237,250,YERLİ,2024-01-06,951,,0,2,29.1833,03,DG1,984.4988,KAPALI,2023,12,51
701339,2023-12-22,SAS23000738,2,D00009,320.01.0048,500,240.6446,500,YERLİ,2024-01-21,951,,0,2,29.1833,03,DG1,4122.9847,KAPALI,2023,12,51
701340,2023-12-25,SAS23000739,1,H00008,320.01.0046,5000,54.5248,2500,YERLİ,2024-01-24,948,-918,2500,2,29.1833,02,HM1,9341.7811,ACIK,2023,12,52
701341,2023-12-25,SAS23000740,1,D00003,320.01.0029,10000,289.0033,0,YERLİ,2024-01-15,948,-927,10000,2,29.1833,03,DG1,99030.3701,ACIK,2023,12,52
701342,2023-12-25,SAS23000741,1,H00009,320.01.0007,500,74.5039,500,YERLİ,2024-03-24,948,,0,2,29.1833,02,HM1,1276.4818,KAPALI,2023,12,52
701343,2023-12-25,SAS23000741,2,D00007,320.01.0007,120,64.2268,120,YERLİ,2024-02-08,948,,0,2,29.1833,03,DG1,264.0968,KAPALI,2023,12,52
701344,2023-12-26,SAS23000742,1,H00006,320.01.0019,250,100.9819,250,YERLİ,2024-01-10,947,,0,2,29.1833,02,HM1,865.0658,KAPALI,2023,12,52
701345,2023-12-26,SAS23000743,1,H00015,320.01.0034,10000,32.7245,10000,YERLİ,2024-03-25,947,,0,2,29.1833,02,HM1,11213.4337,KAPALI,2023,12,52
701346,2023-12-26,SAS23000743,2,H00007,320.01.0034,500,37.6646,500,YERLİ,2024-01-16,947,,0,2,29.1833,02,HM1,645.3108,KAPALI,2023,12,52
701347,2023-12-26,SAS23000744,1,D00001,320.01.0004,1000,30.1927,1000,YERLİ,2024-01-10,947,,0,2,29.1833,03,DG1,1034.5883,KAPALI,2023,12,52
701348,2023-12-26,SAS23000744,2,D00004,320.01.0004,10000,62.6463,5000,YERLİ,2024-01-05,947,-937,5000,2,29.1833,03,DG1,21466.4894,ACIK,2023,12,52
701349,2023-12-27,SAS23000745,1,H00001,320.01.0009,120,43.0728,120,YERLİ,2024-02-25,946,,0,2,29.1833,02,HM1,177.1128,KAPALI,2023,12,52
701350,2023-12-27,SAS23000745,2,H00005,320.01.0009,10000,46.1912,5000,YERLİ,2024-01-11,946,-931,5000,2,29.1833,02,HM1,15827.9564,ACIK,2023,12,52
701351,2023-12-28,SAS23000746,1,H00016,320.01.0002,250,70.6478,250,YERLİ,2024-01-07,945,,0,2,29.1833,02,HM1,605.2074,KAPALI,2023,12,52
701352,2023-12-28,SAS23000746,2,H00006,320.01.0002,120,105.9022,120,YERLİ,2024-01-07,945,,0,2,29.1833,02,HM1,435.4636,KAPALI,2023,12,52
701353,2023-12-28,SAS23000747,1,H00013,320.01.0007,500,77.7002,500,YERLİ,2024-02-26,945,,0,2,29.1833,02,HM1,1331.2442,KAPALI,2023,12,52
701354,2023-12-28,SAS23000747,2,H00015,320.01.0007,2000,33.11,2000,YERLİ,2024-01-07,945,,0,2,29.1833,02,HM1,2269.106,KAPALI,2023,12,52
701355,2023-12-28,SAS23000748,1,D00009,320.01.0016,5000,210.1889,5000,YERLİ,2024-01-27,945,,0,2,29.1833,03,DG1,36011.8458,KAPALI,2023,12,52
701356,2023-12-28,SAS23000748,2,H00011,320.01.0016,120,30.1864,120,YERLİ,2024-01-27,945,,0,2,29.1833,02,HM1,124.1247,KAPALI,2023,12,52
701357,2023-12-28,SAS23000749,1,D00001,320.01.0017,5000,31.0131,5000,YERLİ,2024-01-18,945,,0,2,29.1833,03,DG1,5313.5012,KAPALI,2023,12,52
701358,2023-12-28,SAS23000749,2,D00001,320.01.0017,1000,32.4268,1000,YERLİ,2024-01-07,945,,0,2,29.1833,03,DG1,1111.1423,KAPALI,2023,12,52
701359,2023-12-28,SAS23000749,3,H00005,320.01.0017,250,53.2868,250,YERLİ,2024-01-27,945,,0,2,29.1833,02,HM1,456.4837,KAPALI,2023,12,52
701360,2023-12-28,SAS23000750,1,H00008,320.01.0023,2000,57.5821,2000,İTHAL,2024-01-07,945,,0,2,29.1833,02,HM1,3946.2364,KAPALI,2023,12,52
701361,2023-12-28,SAS23000750,2,H00011,320.01.0023,120,28.9512,120,İTHAL,2024-01-12,945,,0,2,29.1833,02,HM1,119.0456,KAPALI,2023,12,52
701362,2023-12-28,SAS23000750,3,H00001,320.01.0023,500,44.4318,500,İTHAL,2024-03-27,945,,0,2,29.1833,02,HM1,761.2539,KAPALI,2023,12,52
701363,2023-12-28,SAS23000751,1,H00004,320.01.0022,10000,64.2904,10000,YERLİ,2024-01-18,945,,0,2,29.1833,02,HM1,22029.8595,KAPALI,2023,12,52
701364,2023-12-28,SAS23000751,2,H00003,320.01.0022,5000,70.5987,5000,YERLİ,2024-01-07,945,,0,2,29.1833,02,HM1,12095.7363,KAPALI,2023,12,52
701365,2024-01-01,SAS24000752,1,H00014,320.01.0025,5000,33.2021,5000,İTHAL,2024-01-11,941,,0,2,29.8,02,HM1,5570.8221,KAPALI,2024,1,1
701366,2024-01-01,SAS24000752,2,D00005,320.01.0025,1000,229.2592,1000,İTHAL,2024-02-15,941,,0,2,29.8,03,DG1,7693.2617,KAPALI,2024,1,1
701367,2024-01-01,SAS24000753,1,D00002,320.01.0003,5000,55.8874,5000,İTHAL,2024-03-31,941,,0,2,29.8,03,DG1,9377.0805,KAPALI,2024,1,1
701368,2024-01-01,SAS24000753,2,D00007,320.01.0003,250,65.7065,250,İTHAL,2024-03-31,941,,0,2,29.8,03,DG1,551.229,KAPALI,2024,1,1
701369,2024-01-01,SAS24000754,1,H00011,320.01.0009,250,34.3054,250,YERLİ,2024-02-15,941,,0,2,29.8,02,HM1,287.797,KAPALI,2024,1,1
701370,2024-01-01,SAS24000754,2,H00013,320.01.0009,5000,80.3203,5000,YERLİ,2024-03-31,941,,0,2,29.8,02,HM1,13476.5604,KAPALI,2024,1,1
701371,2024-01-02,SAS24000755,1,H00010,320.01.0032,10000,18.4944,10000,YERLİ,2024-01-23,940,,0,2,29.8,02,HM1,6206.1745,KAPALI,2024,1,1
701372,2024-01-02,SAS24000755,2,H00003,320.01.0032,500,68.177,500,YERLİ,2024-03-02,940,,0,2,29.8,02,HM1,1143.9094,KAPALI,2024,1,1
701373,2024-01-03,SAS24000756,1,H00002,320.01.0002,250,18.8378,250,YERLİ,2024-01-18,939,,0,2,29.8,02,HM1,158.0352,KAPALI,2024,1,1
701374,2024-01-03,SAS24000756,2,H00002,320.01.0002,500,16.3899,500,YERLİ,2024-02-02,939,,0,2,29.8,02,HM1,274.9983,KAPALI,2024,1,1
701375,2024-01-03,SAS24000757,1,D00003,320.01.0008,500,296.0991,500,YERLİ,2024-01-13,939,,0,2,29.8,03,DG1,4968.1057,KAPALI,2024,1,1
701376,2024-01-03,SAS24000758,1,D00005,320.01.0003,2000,229.4605,2000,İTHAL,2024-01-24,939,,0,2,29.8,03,DG1,15400.0336,KAPALI,2024,1,1
701377,2024-01-03,SAS24000758,2,D00003,320.01.0003,2000,277.9216,2000,İTHAL,2024-01-13,939,,0,2,29.8,03,DG1,18652.4564,KAPALI,2024,1,1
701378,2024-01-03,SAS24000759,1,D00002,320.01.0048,500,52.5139,500,YERLİ,2024-01-18,939,,0,2,29.8,03,DG1,881.1057,KAPALI,2024,1,1
701379,2024-01-03,SAS24000760,1,H00008,320.01.0004,2000,57.6282,2000,YERLİ,2024-02-17,939,,0,2,29.8,02,HM1,3867.6644,KAPALI,2024,1,1
701380,2024-01-04,SAS24000761,1,H00008,320.01.0025,250,52.7458,250,İTHAL,2024-02-03,938,,0,2,29.8,02,HM1,442.4983,KAPALI,2024,1,1
701381,2024-01-04,SAS24000761,2,H00014,320.01.0025,250,33.0338,250,İTHAL,2024-01-19,938,,0,2,29.8,02,HM1,277.1292,KAPALI,2024,1,1
701382,2024-01-04,SAS24000762,1,H00014,320.01.0016,120,34.121,0,YERLİ,2024-04-03,938,-848,120,2,29.8,02,HM1,137.4,ACIK,2024,1,1
701383,2024-01-04,SAS24000762,2,D00012,320.01.0016,5000,124.2668,5000,YERLİ,2024-01-25,938,,0,2,29.8,03,DG1,20850.1342,KAPALI,2024,1,1
701384,2024-01-05,SAS24000763,1,H00006,320.01.0001,120,104.6086,120,YERLİ,2024-04-04,937,,0,2,29.8,02,HM1,421.2427,KAPALI,2024,1,1
701385,2024-01-05,SAS24000763,2,H00012,320.01.0001,1000,27.583,1000,YERLİ,2024-01-26,937,,0,2,29.8,02,HM1,925.604,KAPALI,2024,1,1
701386,2024-01-05,SAS24000764,1,D00011,320.01.0037,10000,9.3107,10000,İTHAL,2024-01-15,937,,0,2,29.8,03,DG1,3124.396,KAPALI,2024,1,1
701387,2024-01-05,SAS24000765,1,D00008,320.01.0005,250,288.033,250,YERLİ,2024-02-19,937,,0,2,29.8,03,DG1,2416.3842,KAPALI,2024,1,1
701388,2024-01-05,SAS24000765,2,D00008,320.01.0005,120,292.8145,120,YERLİ,2024-02-19,937,,0,2,29.8,03,DG1,1179.1188,KAPALI,2024,1,1
701389,2024-01-05,SAS24000766,1,H00002,320.01.0016,10000,18.1632,10000,YERLİ,2024-04-04,937,,0,2,29.8,02,HM1,6095.0336,KAPALI,2024,1,1
701390,2024-01-05,SAS24000766,2,D00004,320.01.0016,120,68.9198,120,YERLİ,2024-01-15,937,,0,2,29.8,03,DG1,277.5294,KAPALI,2024,1,1
701391,2024-01-08,SAS24000767,1,D00010,320.01.0001,250,192.1168,250,YERLİ,2024-01-23,934,,0,2,29.8,03,DG1,1611.7181,KAPALI,2024,1,2
701392,2024-01-08,SAS24000768,1,D00009,320.01.0008,500,223.8656,500,YERLİ,2024-01-18,934,,0,2,29.8,03,DG1,3756.1342,KAPALI,2024,1,2
701393,2024-01-09,SAS24000769,1,D00003,320.01.0045,250,246.9572,250,YERLİ,2024-01-24,933,,0,2,29.8,03,DG1,2071.7886,KAPALI,2024,1,2
701394,2024-01-09,SAS24000769,2,H00010,320.01.0045,500,22.1755,500,YERLİ,2024-02-08,933,,0,2,29.8,02,HM1,372.0721,KAPALI,2024,1,2
701395,2024-01-09,SAS24000770,1,H00005,320.01.0023,250,52.5685,250,İTHAL,2024-01-30,933,,0,2,29.8,02,HM1,441.0109,KAPALI,2024,1,2
701396,2024-01-09,SAS24000770,2,D00003,320.01.0023,1000,271.8899,1000,İTHAL,2024-03-09,933,,0,2,29.8,03,DG1,9123.8221,KAPALI,2024,1,2
701397,2024-01-09,SAS24000770,3,H00005,320.01.0023,10000,51.1443,10000,İTHAL,2024-01-24,933,,0,2,29.8,02,HM1,17162.5168,KAPALI,2024,1,2
701398,2024-01-09,SAS24000771,1,D00007,320.01.0049,5000,66.6699,5000,YERLİ,2024-02-23,933,,0,2,29.8,03,DG1,11186.2248,KAPALI,2024,1,2
701399,2024-01-09,SAS24000771,2,H00013,320.01.0049,250,87.8324,250,YERLİ,2024-02-08,933,,0,2,29.8,02,HM1,736.849,KAPALI,2024,1,2
701400,2024-01-09,SAS24000772,1,H00006,320.01.0011,1000,97.4281,1000,YERLİ,2024-04-08,933,,0,2,29.8,02,HM1,3269.3993,KAPALI,2024,1,2
701401,2024-01-09,SAS24000772,2,H00016,320.01.0011,250,84.3949,250,YERLİ,2024-04-08,933,,0,2,29.8,02,HM1,708.0109,KAPALI,2024,1,2
701402,2024-01-09,SAS24000772,3,D00002,320.01.0011,5000,59.4974,5000,YERLİ,2024-02-23,933,,0,2,29.8,03,DG1,9982.7852,KAPALI,2024,1,2
701403,2024-01-10,SAS24000773,1,D00009,320.01.0001,5000,234.6961,5000,YERLİ,2024-01-20,932,,0,2,29.8,03,DG1,39378.5403,KAPALI,2024,1,2
701404,2024-01-10,SAS24000774,1,D00010,320.01.0018,2000,197.2302,2000,YERLİ,2024-01-20,932,,0,2,29.8,03,DG1,13236.9262,KAPALI,2024,1,2
701405,2024-01-10,SAS24000774,2,H00006,320.01.0018,2000,104.5705,2000,YERLİ,2024-02-09,932,,0,2,29.8,02,HM1,7018.1544,KAPALI,2024,1,2
701406,2024-01-10,SAS24000774,3,D00010,320.01.0018,10000,163.588,5000,YERLİ,2024-01-25,932,-917,5000,2,29.8,03,DG1,54895.302,ACIK,2024,1,2
701407,2024-01-11,SAS24000775,1,H00008,320.01.0008,10000,54.0904,10000,YERLİ,2024-01-26,931,,0,2,29.8,02,HM1,18151.1409,KAPALI,2024,1,2
701408,2024-01-11,SAS24000775,2,D00002,320.01.0008,500,56.2498,250,YERLİ,2024-02-25,931,-886,250,2,29.8,03,DG1,943.7886,ACIK,2024,1,2
701409,2024-01-11,SAS24000775,3,H00014,320.01.0008,120,29.101,120,YERLİ,2024-02-10,931,,0,2,29.8,02,HM1,117.1852,KAPALI,2024,1,2
701410,2024-01-11,SAS24000776,1,D00012,320.01.0005,5000,133.0337,5000,YERLİ,2024-02-01,931,,0,2,29.8,03,DG1,22321.0906,KAPALI,2024,1,2
701411,2024-01-11,SAS24000777,1,H00004,320.01.0001,5000,67.2273,5000,YERLİ,2024-01-26,931,,0,2,29.8,02,HM1,11279.7483,KAPALI,2024,1,2
701412,2024-01-11,SAS24000777,2,H00011,320.01.0001,120,37.0902,120,YERLİ,2024-04-10,931,,0,2,29.8,02,HM1,149.3565,KAPALI,2024,1,2
701413,2024-01-11,SAS24000778,1,H00007,320.01.0041,1000,44.8398,1000,İTHAL,2024-01-21,931,,0,2,29.8,02,HM1,1504.6913,KAPALI,2024,1,2
701414,2024-01-12,SAS24000779,1,D00003,320.01.0006,500,256.976,500,YERLİ,2024-02-26,930,,0,2,29.8,03,DG1,4311.6779,KAPALI,2024,1,2
701415,2024-01-12,SAS24000780,1,H00008,320.01.0001,5000,52.2708,5000,YERLİ,2024-04-11,930,,0,2,29.8,02,HM1,8770.2685,KAPALI,2024,1,2
701416,2024-01-15,SAS24000781,1,D00001,320.01.0002,250,29.3746,250,YERLİ,2024-02-29,927,,0,2,29.8,03,DG1,246.4312,KAPALI,2024,1,3
701417,2024-01-15,SAS24000781,2,D00005,320.01.0002,10000,277.2695,10000,YERLİ,2024-04-14,927,,0,2,29.8,03,DG1,93043.4564,KAPALI,2024,1,3
701418,2024-01-15,SAS24000782,1,H00016,320.01.0004,120,70.2858,120,YERLİ,2024-02-14,927,,0,2,29.8,02,HM1,283.0301,KAPALI,2024,1,3
701419,2024-01-15,SAS24000782,2,H00005,320.01.0004,1000,48.7031,1000,YERLİ,2024-03-15,927,,0,2,29.8,02,HM1,1634.3322,KAPALI,2024,1,3
701420,2024-01-15,SAS24000782,3,H00009,320.01.0004,1000,62.9604,1000,YERLİ,2024-02-14,927,,0,2,29.8,02,HM1,2112.7651,KAPALI,2024,1,3
701421,2024-01-17,SAS24000783,1,D00008,320.01.0019,120,263.6775,120,YERLİ,2024-04-16,925,,0,2,29.8,03,DG1,1061.7886,KAPALI,2024,1,3
701422,2024-01-17,SAS24000784,1,D00002,320.01.0048,1000,58.6083,1000,YERLİ,2024-02-16,925,,0,2,29.8,03,DG1,1966.7215,KAPALI,2024,1,3
701423,2024-01-17,SAS24000785,1,H00010,320.01.0001,5000,22.3974,5000,YERLİ,2024-03-02,925,,0,2,29.8,02,HM1,3757.953,KAPALI,2024,1,3
701424,2024-01-17,SAS24000785,2,H00007,320.01.0001,5000,37.4562,5000,YERLİ,2024-02-01,925,,0,2,29.8,02,HM1,6284.5973,KAPALI,2024,1,3
701425,2024-01-18,SAS24000786,1,D00011,320.01.0001,5000,8.0382,5000,YERLİ,2024-03-03,924,,0,2,29.8,03,DG1,1348.6913,KAPALI,2024,1,3
701426,2024-01-18,SAS24000787,1,D00011,320.01.0009,1000,7.9451,1000,YERLİ,2024-02-08,924,,0,2,29.8,03,DG1,266.6141,KAPALI,2024,1,3
701427,2024-01-18,SAS24000787,2,H00004,320.01.0009,120,68.1787,120,YERLİ,2024-01-28,924,,0,2,29.8,02,HM1,274.5451,KAPALI,2024,1,3
701428,2024-01-18,SAS24000787,3,D00007,320.01.0009,250,73.5982,250,YERLİ,2024-01-28,924,,0,2,29.8,03,DG1,617.4346,KAPALI,2024,1,3
701429,2024-01-18,SAS24000788,1,D00004,320.01.0037,1000,67.4485,1000,İTHAL,2024-04-17,924,,0,2,29.8,03,DG1,2263.3725,KAPALI,2024,1,3
701430,2024-01-18,SAS24000788,2,H00003,320.01.0037,5000,75.7623,5000,İTHAL,2024-04-17,924,,0,2,29.8,02,HM1,12711.7953,KAPALI,2024,1,3
701431,2024-01-18,SAS24000789,1,H00013,320.01.0015,500,78.1185,500,YERLİ,2024-01-28,924,,0,2,29.8,02,HM1,1310.7131,KAPALI,2024,1,3
701432,2024-01-18,SAS24000789,2,H00001,320.01.0015,250,42.6208,250,YERLİ,2024-02-02,924,,0,2,29.8,02,HM1,357.557,KAPALI,2024,1,3
701433,2024-01-19,SAS24000790,1,H00014,320.01.0008,120,32.7359,120,YERLİ,2024-04-18,923,,0,2,29.8,02,HM1,131.8224,KAPALI,2024,1,3
701434,2024-01-19,SAS24000790,2,D00002,320.01.0008,250,60.1862,250,YERLİ,2024-04-18,923,,0,2,29.8,03,DG1,504.9178,KAPALI,2024,1,3
701435,2024-01-19,SAS24000791,1,H00011,320.01.0003,120,35.2471,120,İTHAL,2024-04-18,923,,0,2,29.8,02,HM1,141.9346,KAPALI,2024,1,3
701436,2024-01-19,SAS24000791,2,H00011,320.01.0003,120,33.42,120,İTHAL,2024-04-18,923,,0,2,29.8,02,HM1,134.5772,KAPALI,2024,1,3
701437,2024-01-22,SAS24000792,1,H00005,320.01.0009,10000,55.0632,10000,YERLİ,2024-02-06,920,,0,2,29.8,02,HM1,18477.5839,KAPALI,2024,1,4
701438,2024-01-22,SAS24000793,1,H00012,320.01.0021,250,29.9658,250,YERLİ,2024-02-21,920,,0,2,29.8,02,HM1,251.3909,KAPALI,2024,1,4
701439,2024-01-22,SAS24000793,2,H00010,320.01.0021,5000,21.7432,5000,YERLİ,2024-02-06,920,,0,2,29.8,02,HM1,3648.1879,KAPALI,2024,1,4
701440,2024-01-22,SAS24000793,3,D00003,320.01.0021,1000,256.0135,1000,YERLİ,2024-04-21,920,,0,2,29.8,03,DG1,8591.057,KAPALI,2024,1,4
701441,2024-01-22,SAS24000794,1,D00010,320.01.0007,120,202.1093,120,YERLİ,2024-02-01,920,,0,2,29.8,03,DG1,813.863,KAPALI,2024,1,4
701442,2024-01-22,SAS24000794,2,D00008,320.01.0007,5000,272.3989,5000,YERLİ,2024-04-21,920,,0,2,29.8,03,DG1,45704.5134,KAPALI,2024,1,4
701443,2024-01-22,SAS24000794,3,H00016,320.01.0007,500,78.0725,500,YERLİ,2024-02-21,920,,0,2,29.8,02,HM1,1309.9413,KAPALI,2024,1,4
701444,2024-01-22,SAS24000795,1,H00011,320.01.0019,500,33.0142,500,YERLİ,2024-02-01,920,,0,2,29.8,02,HM1,553.9295,KAPALI,2024,1,4
701445,2024-01-23,SAS24000796,1,H00014,320.01.0001,2000,33.8954,2000,YERLİ,2024-03-23,919,,0,2,29.8,02,HM1,2274.8591,KAPALI,2024,1,4
701446,2024-01-23,SAS24000796,2,H00013,320.01.0001,500,92.2702,500,YERLİ,2024-02-22,919,,0,2,29.8,02,HM1,1548.1577,KAPALI,2024,1,4
701447,2024-01-23,SAS24000797,1,H00013,320.01.0004,1000,80.9884,1000,YERLİ,2024-02-22,919,,0,2,29.8,02,HM1,2717.7315,KAPALI,2024,1,4
701448,2024-01-23,SAS24000798,1,H00012,320.01.0008,120,25.7475,120,YERLİ,2024-03-08,919,,0,2,29.8,02,HM1,103.6812,KAPALI,2024,1,4
701449,2024-01-23,SAS24000798,2,H00016,320.01.0008,5000,73.6127,5000,YERLİ,2024-02-07,919,,0,2,29.8,02,HM1,12351.1242,KAPALI,2024,1,4
701450,2024-01-24,SAS24000799,1,H00004,320.01.0025,250,63.6535,250,İTHAL,2024-02-08,918,,0,2,29.8,02,HM1,534.0059,KAPALI,2024,1,4
701451,2024-01-24,SAS24000799,2,H00015,320.01.0025,250,37.2713,250,İTHAL,2024-02-14,918,,0,2,29.8,02,HM1,312.6787,KAPALI,2024,1,4
701452,2024-01-24,SAS24000800,1,D00010,320.01.0012,2000,167.0667,2000,YERLİ,2024-02-08,918,,0,2,29.8,03,DG1,11212.5302,KAPALI,2024,1,4
701453,2024-01-24,SAS24000801,1,D00005,320.01.0001,5000,268.1798,5000,YERLİ,2024-03-09,918,,0,2,29.8,03,DG1,44996.6107,KAPALI,2024,1,4
701454,2024-01-24,SAS24000802,1,D00003,320.01.0028,1000,265.1527,1000,YERLİ,2024-04-23,918,,0,2,29.8,03,DG1,8897.7416,KAPALI,2024,1,4
701455,2024-01-24,SAS24000802,2,D00008,320.01.0028,10000,289.1399,10000,YERLİ,2024-04-23,918,,0,2,29.8,03,DG1,97026.8121,KAPALI,2024,1,4
701456,2024-01-24,SAS24000802,3,H00007,320.01.0028,500,43.012,500,YERLİ,2024-02-14,918,,0,2,29.8,02,HM1,721.6779,KAPALI,2024,1,4
701457,2024-01-24,SAS24000803,1,D00005,320.01.0046,120,257.7736,60,YERLİ,2024-04-23,918,-828,60,2,29.8,03,DG1,1038.0145,ACIK,2024,1,4
701458,2024-01-24,SAS24000803,2,H00011,320.01.0046,250,32.0074,250,YERLİ,2024-03-09,918,,0,2,29.8,02,HM1,268.5185,KAPALI,2024,1,4
701459,2024-01-25,SAS24000804,1,H00001,320.01.0051,5000,50.1621,5000,YERLİ,2024-02-24,917,,0,2,29.8,02,HM1,8416.4597,KAPALI,2024,1,4
701460,2024-01-25,SAS24000804,2,H00006,320.01.0051,5000,104.4341,5000,YERLİ,2024-03-25,917,,0,2,29.8,02,HM1,17522.5,KAPALI,2024,1,4
701461,2024-01-25,SAS24000805,1,H00003,320.01.0005,5000,60.7439,5000,YERLİ,2024-03-25,917,,0,2,29.8,02,HM1,10191.9295,KAPALI,2024,1,4
701462,2024-01-25,SAS24000806,1,D00010,320.01.0045,250,205.3266,250,YERLİ,2024-02-09,917,,0,2,29.8,03,DG1,1722.5386,KAPALI,2024,1,4
701463,2024-01-25,SAS24000807,1,D00001,320.01.0019,10000,31.8002,10000,YERLİ,2024-02-15,917,,0,2,29.8,03,DG1,10671.2081,KAPALI,2024,1,4
701464,2024-01-26,SAS24000808,1,H00008,320.01.0048,2000,58.5749,2000,YERLİ,2024-02-05,916,,0,2,29.8,02,HM1,3931.2013,KAPALI,2024,1,4
701465,2024-01-26,SAS24000808,2,H00010,320.01.0048,250,22.2101,250,YERLİ,2024-02-10,916,,0,2,29.8,02,HM1,186.3263,KAPALI,2024,1,4
701466,2024-01-26,SAS24000809,1,H00005,320.01.0001,1000,49.3661,1000,YERLİ,2024-02-25,916,,0,2,29.8,02,HM1,1656.5805,KAPALI,2024,1,4
701467,2024-01-26,SAS24000809,2,H00016,320.01.0001,500,77.1597,0,YERLİ,2024-02-05,916,-906,500,2,29.8,02,HM1,1294.6258,ACIK,2024,1,4
701468,2024-01-26,SAS24000810,1,D00004,320.01.0007,120,70.3623,120,YERLİ,2024-03-26,916,,0,2,29.8,03,DG1,283.3381,KAPALI,2024,1,4
701469,2024-01-26,SAS24000811,1,H00010,320.01.0008,250,20.802,125,YERLİ,2024-02-25,916,-886,125,2,29.8,02,HM1,174.5134,ACIK,2024,1,4
701470,2024-01-26,SAS24000812,1,H00013,320.01.0001,250,85.8478,250,YERLİ,2024-04-25,916,,0,2,29.8,02,HM1,720.1997,KAPALI,2024,1,4
701471,2024-01-26,SAS24000813,1,H00007,320.01.0001,120,43.6283,120,YERLİ,2024-02-25,916,,0,2,29.8,02,HM1,175.6844,KAPALI,2024,1,4
701472,2024-01-26,SAS24000813,2,H00010,320.01.0001,250,21.3607,250,YERLİ,2024-03-26,916,,0,2,29.8,02,HM1,179.2005,KAPALI,2024,1,4
701473,2024-01-29,SAS24000814,1,H00010,320.01.0003,2000,18.1815,2000,İTHAL,2024-02-28,913,,0,2,29.8,02,HM1,1220.2349,KAPALI,2024,1,5
701474,2024-01-29,SAS24000815,1,H00012,320.01.0006,120,30.1398,120,YERLİ,2024-03-14,913,,0,2,29.8,02,HM1,121.3683,KAPALI,2024,1,5
701475,2024-01-29,SAS24000815,2,H00012,320.01.0006,500,25.2527,500,YERLİ,2024-02-08,913,,0,2,29.8,02,HM1,423.703,KAPALI,2024,1,5
701476,2024-01-30,SAS24000816,1,H00011,320.01.0052,500,34.8476,500,YERLİ,2024-02-09,912,,0,2,29.8,02,HM1,584.6913,KAPALI,2024,1,5
701477,2024-01-31,SAS24000817,1,H00015,320.01.0004,5000,40.0891,5000,YERLİ,2024-04-30,911,,0,2,29.8,02,HM1,6726.3591,KAPALI,2024,1,5
701478,2024-01-31,SAS24000817,2,D00010,320.01.0004,250,163.8511,250,YERLİ,2024-03-31,911,,0,2,29.8,03,DG1,1374.5898,KAPALI,2024,1,5
701479,2024-01-31,SAS24000818,1,D00002,320.01.0019,1000,59.7369,1000,YERLİ,2024-04-30,911,,0,2,29.8,03,DG1,2004.594,KAPALI,2024,1,5
701480,2024-01-31,SAS24000819,1,H00011,320.01.0001,250,30.4864,250,YERLİ,2024-03-31,911,,0,2,29.8,02,HM1,255.7584,KAPALI,2024,1,5
701481,2024-02-02,SAS24000820,1,D00002,320.01.0024,500,61.0631,500,YERLİ,2024-04-02,909,,0,2,30.3167,03,DG1,1007.0869,KAPALI,2024,2,5
701482,2024-02-02,SAS24000821,1,H00004,320.01.0001,120,61.5135,120,YERLİ,2024-03-03,909,,0,2,30.3167,02,HM1,243.4836,KAPALI,2024,2,5
701483,2024-02-02,SAS24000821,2,H00001,320.01.0001,5000,47.5662,5000,YERLİ,2024-02-17,909,,0,2,30.3167,02,HM1,7844.8842,KAPALI,2024,2,5
701484,2024-02-02,SAS24000821,3,H00014,320.01.0001,2000,35.9826,2000,YERLİ,2024-02-23,909,,0,2,30.3167,02,HM1,2373.7808,KAPALI,2024,2,5
701485,2024-02-05,SAS24000822,1,D00001,320.01.0001,2000,35.1258,2000,YERLİ,2024-03-21,906,,0,2,30.3167,03,DG1,2317.2575,KAPALI,2024,2,6
701486,2024-02-05,SAS24000822,2,D00002,320.01.0001,1000,61.5002,0,YERLİ,2024-03-06,906,-876,1000,2,30.3167,03,DG1,2028.5915,ACIK,2024,2,6
701487,2024-02-05,SAS24000823,1,H00010,320.01.0004,500,22.4379,500,YERLİ,2024-03-06,906,,0,2,30.3167,02,HM1,370.0584,KAPALI,2024,2,6
701488,2024-02-05,SAS24000823,2,D00009,320.01.0004,10000,217.6532,10000,YERLİ,2024-02-20,906,,0,2,30.3167,03,DG1,71793.1701,KAPALI,2024,2,6
701489,2024-02-06,SAS24000824,1,H00004,320.01.0003,1000,64.5996,1000,İTHAL,2024-03-22,905,,0,2,30.3167,02,HM1,2130.8256,KAPALI,2024,2,6
701490,2024-02-06,SAS24000824,2,D00006,320.01.0003,5000,268.5646,5000,İTHAL,2024-03-22,905,,0,2,30.3167,03,DG1,44293.1783,KAPALI,2024,2,6
701491,2024-02-06,SAS24000825,1,D00012,320.01.0010,5000,114.5376,5000,YERLİ,2024-05-06,905,,0,2,30.3167,03,DG1,18890.1826,KAPALI,2024,2,6
701492,2024-02-06,SAS24000825,2,H00004,320.01.0010,2000,66.2179,2000,YERLİ,2024-02-21,905,,0,2,30.3167,02,HM1,4368.4108,KAPALI,2024,2,6
701493,2024-02-06,SAS24000826,1,H00002,320.01.0002,10000,19.7403,10000,YERLİ,2024-02-21,905,,0,2,30.3167,02,HM1,6511.3617,KAPALI,2024,2,6
701494,2024-02-06,SAS24000826,2,D00003,320.01.0002,10000,284.9233,0,YERLİ,2024-02-27,905,-884,10000,2,30.3167,03,DG1,93982.2936,ACIK,2024,2,6
701495,2024-02-07,SAS24000827,1,H00013,320.01.0007,10000,80.3089,10000,YERLİ,2024-05-07,904,,0,2,30.3167,02,HM1,26489.9874,KAPALI,2024,2,6
701496,2024-02-07,SAS24000828,1,D00010,320.01.0005,500,169.679,500,YERLİ,2024-02-22,904,,0,2,30.3167,03,DG1,2798.4411,KAPALI,2024,2,6
701497,2024-02-07,SAS24000828,2,H00016,320.01.0005,500,73.3383,500,YERLİ,2024-02-17,904,,0,2,30.3167,02,HM1,1209.5363,KAPALI,2024,2,6
701498,2024-02-08,SAS24000829,1,H00003,320.01.0018,5000,68.7714,5000,YERLİ,2024-05-08,903,,0,2,30.3167,02,HM1,11342.1645,KAPALI,2024,2,6
701499,2024-02-08,SAS24000829,2,D00003,320.01.0018,500,268.0195,500,YERLİ,2024-03-24,903,,0,2,30.3167,03,DG1,4420.3277,KAPALI,2024,2,6
701500,2024-02-09,SAS24000830,1,H00011,320.01.0003,10000,35.1833,10000,İTHAL,2024-03-01,902,,0,2,30.3167,02,HM1,11605.2539,KAPALI,2024,2,6
701501,2024-02-09,SAS24000831,1,H00004,320.01.0007,2000,63.9516,2000,YERLİ,2024-03-25,902,,0,2,30.3167,02,HM1,4218.9025,KAPALI,2024,2,6
701502,2024-02-09,SAS24000832,1,H00009,320.01.0037,1000,76.7795,1000,İTHAL,2024-03-10,902,,0,2,30.3167,02,HM1,2532.5811,KAPALI,2024,2,6
701503,2024-02-09,SAS24000832,2,D00008,320.01.0037,500,296.5297,500,İTHAL,2024-03-01,902,,0,2,30.3167,03,DG1,4890.5339,KAPALI,2024,2,6
701504,2024-02-09,SAS24000833,1,D00003,320.01.0001,120,289.4081,120,YERLİ,2024-03-25,902,,0,2,30.3167,03,DG1,1145.5393,KAPALI,2024,2,6
701505,2024-02-12,SAS24000834,1,H00016,320.01.0024,10000,85.8146,10000,YERLİ,2024-05-12,899,,0,2,30.3167,02,HM1,28306.0491,KAPALI,2024,2,7
701506,2024-02-12,SAS24000834,2,H00010,320.01.0024,10000,19.1257,10000,YERLİ,2024-03-04,899,,0,2,30.3167,02,HM1,6308.6352,KAPALI,2024,2,7
701507,2024-02-12,SAS24000834,3,D00009,320.01.0024,120,204.5958,120,YERLİ,2024-03-04,899,,0,2,30.3167,03,DG1,809.8341,KAPALI,2024,2,7
701508,2024-02-12,SAS24000835,1,H00007,320.01.0017,2000,44.3034,2000,YERLİ,2024-02-27,899,,0,2,30.3167,02,HM1,2922.706,KAPALI,2024,2,7
701509,2024-02-12,SAS24000836,1,H00015,320.01.0031,120,38.1552,120,YERLİ,2024-03-28,899,,0,2,30.3167,02,HM1,151.0265,KAPALI,2024,2,7
701510,2024-02-12,SAS24000836,2,D00005,320.01.0031,250,234.2259,250,YERLİ,2024-02-22,899,,0,2,30.3167,03,DG1,1931.4924,KAPALI,2024,2,7
701511,2024-02-13,SAS24000837,1,H00013,320.01.0003,1000,93.6291,1000,İTHAL,2024-05-13,898,,0,2,30.3167,02,HM1,3088.3671,KAPALI,2024,2,7
701512,2024-02-13,SAS24000837,2,D00009,320.01.0003,5000,196.0202,5000,İTHAL,2024-02-28,898,,0,2,30.3167,03,DG1,32328.7495,KAPALI,2024,2,7
701513,2024-02-13,SAS24000838,1,H00015,320.01.0001,2000,38.5447,2000,YERLİ,2024-03-05,898,,0,2,30.3167,02,HM1,2542.8031,KAPALI,2024,2,7
701514,2024-02-13,SAS24000839,1,H00015,320.01.0009,2000,37.2883,1000,YERLİ,2024-05-13,898,-808,1000,2,30.3167,02,HM1,2459.9181,ACIK,2024,2,7
701515,2024-02-13,SAS24000839,2,H00002,320.01.0009,1000,20.2921,1000,YERLİ,2024-03-05,898,,0,2,30.3167,02,HM1,669.3374,KAPALI,2024,2,7
701516,2024-02-13,SAS24000840,1,D00008,320.01.0017,500,254.542,0,YERLİ,2024-03-05,898,-877,500,2,30.3167,03,DG1,4198.0493,ACIK,2024,2,7
701517,2024-02-13,SAS24000840,2,D00005,320.01.0017,120,236.7327,120,YERLİ,2024-03-29,898,,0,2,30.3167,03,DG1,937.0388,KAPALI,2024,2,7
701518,2024-02-13,SAS24000841,1,H00004,320.01.0001,10000,70.7769,10000,YERLİ,2024-05-13,898,,0,2,30.3167,02,HM1,23345.8457,KAPALI,2024,2,7
701519,2024-02-13,SAS24000841,2,H00014,320.01.0001,1000,33.9808,1000,YERLİ,2024-04-13,898,,0,2,30.3167,02,HM1,1120.8608,KAPALI,2024,2,7
701520,2024-02-13,SAS24000841,3,D00004,320.01.0001,5000,64.5968,5000,YERLİ,2024-04-13,898,,0,2,30.3167,03,DG1,10653.6661,KAPALI,2024,2,7
701521,2024-02-13,SAS24000842,1,D00007,320.01.0001,120,69.012,120,YERLİ,2024-02-23,898,,0,2,30.3167,03,DG1,273.1643,KAPALI,2024,2,7
701522,2024-02-14,SAS24000843,1,D00001,320.01.0001,10000,34.8303,10000,YERLİ,2024-05-14,897,,0,2,30.3167,03,DG1,11488.8164,KAPALI,2024,2,7
701523,2024-02-14,SAS24000843,2,H00011,320.01.0001,250,34.2105,250,YERLİ,2024-02-29,897,,0,2,30.3167,02,HM1,282.1094,KAPALI,2024,2,7
701524,2024-02-14,SAS24000843,3,H00006,320.01.0001,10000,107.1675,10000,YERLİ,2024-05-14,897,,0,2,30.3167,02,HM1,35349.3289,KAPALI,2024,2,7
701525,2024-02-14,SAS24000844,1,H00004,320.01.0001,250,63.6943,250,YERLİ,2024-05-14,897,,0,2,30.3167,02,HM1,525.241,KAPALI,2024,2,7
701526,2024-02-14,SAS24000844,2,D00002,320.01.0001,250,53.2839,250,YERLİ,2024-03-30,897,,0,2,30.3167,03,DG1,439.394,KAPALI,2024,2,7
701527,2024-02-15,SAS24000845,1,D00002,320.01.0050,120,54.0992,120,YERLİ,2024-03-07,896,,0,2,30.3167,03,DG1,214.1362,KAPALI,2024,2,7
701528,2024-02-15,SAS24000845,2,H00015,320.01.0050,1000,41.6,1000,YERLİ,2024-03-16,896,,0,2,30.3167,02,HM1,1372.181,KAPALI,2024,2,7
701529,2024-02-15,SAS24000846,1,D00012,320.01.0001,5000,135.5728,5000,YERLİ,2024-02-25,896,,0,2,30.3167,03,DG1,22359.4257,KAPALI,2024,2,7
701530,2024-02-15,SAS24000846,2,D00009,320.01.0001,250,212.8391,250,YERLİ,2024-05-15,896,,0,2,30.3167,03,DG1,1755.1308,KAPALI,2024,2,7
701531,2024-02-16,SAS24000847,1,H00002,320.01.0015,5000,18.5383,5000,YERLİ,2024-03-08,895,,0,2,30.3167,02,HM1,3057.4403,KAPALI,2024,2,7
701532,2024-02-16,SAS24000847,2,D00007,320.01.0015,1000,67.7578,1000,YERLİ,2024-03-17,895,,0,2,30.3167,03,DG1,2234.9992,KAPALI,2024,2,7
701533,2024-02-16,SAS24000848,1,H00009,320.01.0008,1000,64.8027,1000,YERLİ,2024-02-26,895,,0,2,30.3167,02,HM1,2137.5249,KAPALI,2024,2,7
701534,2024-02-16,SAS24000849,1,D00012,320.01.0003,500,123.2885,500,İTHAL,2024-03-02,895,,0,2,30.3167,03,DG1,2033.343,KAPALI,2024,2,7
701535,2024-02-19,SAS24000850,1,H00016,320.01.0001,2000,73.3691,2000,YERLİ,2024-05-19,892,,0,2,30.3167,02,HM1,4840.1772,KAPALI,2024,2,8
701536,2024-02-19,SAS24000850,2,D00005,320.01.0001,2000,243.078,2000,YERLİ,2024-05-19,892,,0,2,30.3167,03,DG1,16035.9142,KAPALI,2024,2,8
701537,2024-02-19,SAS24000851,1,H00010,320.01.0024,10000,21.189,10000,YERLİ,2024-03-11,892,,0,2,30.3167,02,HM1,6989.2172,KAPALI,2024,2,8
701538,2024-02-19,SAS24000852,1,H00006,320.01.0002,2000,103.5347,2000,YERLİ,2024-04-19,892,,0,2,30.3167,02,HM1,6830.2091,KAPALI,2024,2,8
701539,2024-02-19,SAS24000853,1,H00016,320.01.0030,5000,82.5673,5000,YERLİ,2024-05-19,892,,0,2,30.3167,02,HM1,13617.4617,KAPALI,2024,2,8
701540,2024-02-19,SAS24000853,2,H00013,320.01.0030,500,80.5045,500,YERLİ,2024-03-20,892,,0,2,30.3167,02,HM1,1327.7253,KAPALI,2024,2,8
701541,2024-02-20,SAS24000854,1,D00008,320.01.0045,120,282.1547,120,YERLİ,2024-03-06,891,,0,2,30.3167,03,DG1,1116.8288,KAPALI,2024,2,8
701542,2024-02-20,SAS24000854,2,D00012,320.01.0045,2000,123.4927,2000,YERLİ,2024-04-05,891,,0,2,30.3167,03,DG1,8146.8432,KAPALI,2024,2,8
701543,2024-02-20,SAS24000854,3,H00010,320.01.0045,120,19.2751,120,YERLİ,2024-05-20,891,,0,2,30.3167,02,HM1,76.295,KAPALI,2024,2,8
701544,2024-02-20,SAS24000855,1,D00002,320.01.0050,10000,50.981,10000,YERLİ,2024-04-05,891,,0,2,30.3167,03,DG1,16816.1442,KAPALI,2024,2,8
701545,2024-02-21,SAS24000856,1,H00013,320.01.0003,5000,89.6419,5000,İTHAL,2024-04-06,890,,0,2,30.3167,02,HM1,14784.2443,KAPALI,2024,2,8
701546,2024-02-21,SAS24000856,2,D00006,320.01.0003,500,316.085,500,İTHAL,2024-04-21,890,,0,2,30.3167,03,DG1,5213.0509,KAPALI,2024,2,8
701547,2024-02-21,SAS24000856,3,H00006,320.01.0003,1000,92.4171,1000,İTHAL,2024-04-21,890,,0,2,30.3167,02,HM1,3048.3892,KAPALI,2024,2,8
701548,2024-02-22,SAS24000857,1,H00009,320.01.0003,10000,67.0818,0,İTHAL,2024-04-07,889,-844,10000,2,30.3167,02,HM1,22127.0125,ACIK,2024,2,8
701549,2024-02-22,SAS24000857,2,H00006,320.01.0003,5000,96.0206,5000,İTHAL,2024-04-22,889,,0,2,30.3167,02,HM1,15836.2553,KAPALI,2024,2,8
701550,2024-02-22,SAS24000857,3,H00016,320.01.0003,1000,73.9889,1000,İTHAL,2024-03-08,889,,0,2,30.3167,02,HM1,2440.5328,KAPALI,2024,2,8
701551,2024-02-22,SAS24000858,1,D00006,320.01.0032,1000,255.9812,1000,YERLİ,2024-03-23,889,,0,2,30.3167,03,DG1,8443.5707,KAPALI,2024,2,8
701552,2024-02-22,SAS24000859,1,H00012,320.01.0001,250,25.5758,250,YERLİ,2024-04-07,889,,0,2,30.3167,02,HM1,210.9052,KAPALI,2024,2,8
701553,2024-02-22,SAS24000859,2,D00008,320.01.0001,10000,308.0742,10000,YERLİ,2024-03-08,889,,0,2,30.3167,03,DG1,101618.6458,KAPALI,2024,2,8
701554,2024-02-23,SAS24000860,1,H00001,320.01.0006,120,50.7265,120,YERLİ,2024-04-23,888,,0,2,30.3167,02,HM1,200.7864,KAPALI,2024,2,8
701555,2024-02-23,SAS24000860,2,H00015,320.01.0006,120,36.3704,120,YERLİ,2024-04-23,888,,0,2,30.3167,02,HM1,143.9618,KAPALI,2024,2,8
701556,2024-02-23,SAS24000861,1,H00015,320.01.0001,5000,40.3219,5000,YERLİ,2024-05-23,888,,0,2,30.3167,02,HM1,6650.1136,KAPALI,2024,2,8
701557,2024-02-23,SAS24000861,2,H00012,320.01.0001,500,25.3505,500,YERLİ,2024-03-04,888,,0,2,30.3167,02,HM1,418.0946,KAPALI,2024,2,8
701558,2024-02-23,SAS24000862,1,H00009,320.01.0019,5000,71.8401,5000,YERLİ,2024-03-04,888,,0,2,30.3167,02,HM1,11848.2717,KAPALI,2024,2,8
701559,2024-02-23,SAS24000863,1,D00001,320.01.0010,2000,31.6902,2000,YERLİ,2024-03-24,888,,0,2,30.3167,03,DG1,2090.6101,KAPALI,2024,2,8
701560,2024-02-23,SAS24000864,1,H00013,320.01.0012,2000,92.7852,2000,YERLİ,2024-04-08,888,,0,2,30.3167,02,HM1,6121.062,KAPALI,2024,2,8
701561,2024-02-26,SAS24000865,1,H00009,320.01.0021,120,69.6744,120,YERLİ,2024-03-27,885,,0,2,30.3167,02,HM1,275.7862,KAPALI,2024,2,9
701562,2024-02-26,SAS24000866,1,H00012,320.01.0044,1000,25.8722,1000,YERLİ,2024-04-26,885,,0,2,30.3167,02,HM1,853.3976,KAPALI,2024,2,9
701563,2024-02-27,SAS24000867,1,D00011,320.01.0006,500,8.1901,500,YERLİ,2024-03-08,884,,0,2,30.3167,03,DG1,135.0757,KAPALI,2024,2,9
701564,2024-02-27,SAS24000868,1,H00011,320.01.0003,5000,34.0242,2500,İTHAL,2024-04-12,884,-839,2500,2,30.3167,02,HM1,5611.4617,ACIK,2024,2,9
701565,2024-02-27,SAS24000868,2,D00002,320.01.0003,120,53.7422,120,İTHAL,2024-03-13,884,,0,2,30.3167,03,DG1,212.7232,KAPALI,2024,2,9
701566,2024-02-27,SAS24000869,1,D00002,320.01.0024,10000,60.167,0,YERLİ,2024-03-19,884,-863,10000,2,30.3167,03,DG1,19846.1574,ACIK,2024,2,9
701567,2024-02-28,SAS24000870,1,D00009,320.01.0028,5000,203.8454,5000,YERLİ,2024-03-14,883,,0,2,30.3167,03,DG1,33619.3253,KAPALI,2024,2,9
701568,2024-02-28,SAS24000870,2,D00003,320.01.0028,120,270.5684,120,YERLİ,2024-03-20,883,,0,2,30.3167,03,DG1,1070.9678,KAPALI,2024,2,9
701569,2024-02-28,SAS24000870,3,D00005,320.01.0028,10000,275.1255,10000,YERLİ,2024-04-28,883,,0,2,30.3167,03,DG1,90750.4775,KAPALI,2024,2,9
701570,2024-02-28,SAS24000871,1,H00012,320.01.0003,2000,31.5374,2000,İTHAL,2024-05-28,883,,0,2,30.3167,02,HM1,2080.5299,KAPALI,2024,2,9
701571,2024-02-28,SAS24000872,1,H00009,320.01.0002,120,73.096,120,YERLİ,2024-03-14,883,,0,2,30.3167,02,HM1,289.3296,KAPALI,2024,2,9
701572,2024-02-29,SAS24000873,1,H00001,320.01.0029,500,42.3338,500,YERLİ,2024-03-10,882,,0,2,30.3167,02,HM1,698.1927,KAPALI,2024,2,9
701573,2024-02-29,SAS24000873,2,H00014,320.01.0029,10000,28.8035,10000,YERLİ,2024-03-30,882,,0,2,30.3167,02,HM1,9500.8692,KAPALI,2024,2,9
701574,2024-03-01,SAS24000874,1,H00011,320.01.0049,500,38.0245,500,YERLİ,2024-03-22,881,,0,2,30.8333,02,HM1,616.6142,KAPALI,2024,3,9
701575,2024-03-04,SAS24000875,1,D00011,320.01.0003,2000,8.1252,2000,İTHAL,2024-04-03,878,,0,2,30.8333,03,DG1,527.0406,KAPALI,2024,3,10
701576,2024-03-04,SAS24000875,2,D00008,320.01.0003,500,275.9304,500,İTHAL,2024-05-03,878,,0,2,30.8333,03,DG1,4474.5519,KAPALI,2024,3,10
701577,2024-03-04,SAS24000875,3,H00008,320.01.0003,5000,61.55,0,İTHAL,2024-03-14,878,-868,5000,2,30.8333,02,HM1,9981.0919,ACIK,2024,3,10
701578,2024-03-04,SAS24000876,1,D00012,320.01.0002,500,127.0278,0,YERLİ,2024-04-03,878,-848,500,2,30.8333,03,DG1,2059.9125,ACIK,2024,3,10
701579,2024-03-05,SAS24000877,1,D00006,320.01.0003,10000,268.5683,10000,İTHAL,2024-03-26,877,,0,2,30.8333,03,DG1,87103.3266,KAPALI,2024,3,10
701580,2024-03-05,SAS24000877,2,H00010,320.01.0003,120,21.4064,120,İTHAL,2024-04-19,877,,0,2,30.8333,02,HM1,83.3115,KAPALI,2024,3,10
701581,2024-03-05,SAS24000878,1,H00009,320.01.0032,2000,69.5766,2000,YERLİ,2024-05-04,877,,0,2,30.8333,02,HM1,4513.0816,KAPALI,2024,3,10
701582,2024-03-05,SAS24000879,1,H00003,320.01.0003,2000,71.0902,2000,İTHAL,2024-03-26,877,,0,2,30.8333,02,HM1,4611.2612,KAPALI,2024,3,10
701583,2024-03-06,SAS24000880,1,D00008,320.01.0034,5000,323.0886,5000,YERLİ,2024-04-05,876,,0,2,30.8333,03,DG1,52392.8026,KAPALI,2024,3,10
701584,2024-03-06,SAS24000880,2,H00009,320.01.0034,1000,66.0634,1000,YERLİ,2024-05-05,876,,0,2,30.8333,02,HM1,2142.5991,KAPALI,2024,3,10
701585,2024-03-06,SAS24000880,3,H00002,320.01.0034,5000,19.0595,5000,YERLİ,2024-03-16,876,,0,2,30.8333,02,HM1,3090.7331,KAPALI,2024,3,10
701586,2024-03-06,SAS24000881,1,H00006,320.01.0003,1000,106.6669,1000,İTHAL,2024-04-20,876,,0,2,30.8333,02,HM1,3459.4708,KAPALI,2024,3,10
701587,2024-03-06,SAS24000882,1,H00005,320.01.0016,500,55.135,500,YERLİ,2024-05-05,876,,0,2,30.8333,02,HM1,894.082,KAPALI,2024,3,10
701588,2024-03-06,SAS24000882,2,H00015,320.01.0016,500,35.0578,250,YERLİ,2024-03-27,876,-855,250,2,30.8333,02,HM1,568.5055,ACIK,2024,3,10
701589,2024-03-06,SAS24000882,3,H00003,320.01.0016,120,73.3759,120,YERLİ,2024-05-05,876,,0,2,30.8333,02,HM1,285.5714,KAPALI,2024,3,10
701590,2024-03-06,SAS24000883,1,D00006,320.01.0035,2000,273.6537,2000,İTHAL,2024-03-16,876,,0,2,30.8333,03,DG1,17750.5295,KAPALI,2024,3,10
701591,2024-03-06,SAS24000883,2,H00005,320.01.0035,500,44.8576,500,İTHAL,2024-03-21,876,,0,2,30.8333,02,HM1,727.4213,KAPALI,2024,3,10
701592,2024-03-06,SAS24000884,1,H00002,320.01.0001,1000,18.2306,1000,YERLİ,2024-03-16,876,,0,2,30.8333,02,HM1,591.2633,KAPALI,2024,3,10
701593,2024-03-06,SAS24000884,2,H00007,320.01.0001,5000,46.5272,5000,YERLİ,2024-03-27,876,,0,2,30.8333,02,HM1,7544.9595,KAPALI,2024,3,10
701594,2024-03-07,SAS24000885,1,D00004,320.01.0023,1000,58.1926,1000,İTHAL,2024-04-06,875,,0,2,30.8333,03,DG1,1887.3296,KAPALI,2024,3,10
701595,2024-03-07,SAS24000885,2,H00002,320.01.0023,120,19.0352,120,İTHAL,2024-03-28,875,,0,2,30.8333,02,HM1,74.083,KAPALI,2024,3,10
701596,2024-03-08,SAS24000886,1,H00011,320.01.0045,120,37.2266,120,YERLİ,2024-05-07,874,,0,2,30.8333,02,HM1,144.8821,KAPALI,2024,3,10
701597,2024-03-08,SAS24000886,2,D00011,320.01.0045,2000,8.9353,1000,YERLİ,2024-03-29,874,-853,1000,2,30.8333,03,DG1,579.5877,ACIK,2024,3,10
701598,2024-03-08,SAS24000887,1,D00007,320.01.0002,10000,76.2179,10000,YERLİ,2024-05-07,874,,0,2,30.8333,03,DG1,24719.3456,KAPALI,2024,3,10
701599,2024-03-08,SAS24000888,1,H00013,320.01.0001,10000,83.3592,10000,YERLİ,2024-04-07,874,,0,2,30.8333,02,HM1,27035.4454,KAPALI,2024,3,10
701600,2024-03-08,SAS24000888,2,H00014,320.01.0001,1000,36.6821,1000,YERLİ,2024-03-29,874,,0,2,30.8333,02,HM1,1189.691,KAPALI,2024,3,10
701601,2024-03-08,SAS24000888,3,H00014,320.01.0001,120,28.7593,120,YERLİ,2024-03-18,874,,0,2,30.8333,02,HM1,111.9282,KAPALI,2024,3,10
701602,2024-03-08,SAS24000889,1,H00016,320.01.0026,250,77.4834,250,YERLİ,2024-05-07,874,,0,2,30.8333,02,HM1,628.2445,KAPALI,2024,3,10
701603,2024-03-08,SAS24000889,2,D00001,320.01.0026,2000,34.5502,2000,YERLİ,2024-04-07,874,,0,2,30.8333,03,DG1,2241.0965,KAPALI,2024,3,10
701604,2024-03-11,SAS24000890,1,D00009,320.01.0024,5000,230.1649,5000,YERLİ,2024-04-25,871,,0,2,30.8333,03,DG1,37324.0782,KAPALI,2024,3,11
701605,2024-03-11,SAS24000890,2,D00006,320.01.0024,1000,318.9296,1000,YERLİ,2024-03-26,871,,0,2,30.8333,03,DG1,10343.6739,KAPALI,2024,3,11
701606,2024-03-11,SAS24000891,1,H00013,320.01.0015,500,93.1716,500,YERLİ,2024-03-26,871,,0,2,30.8333,02,HM1,1510.8924,KAPALI,2024,3,11
701607,2024-03-11,SAS24000891,2,H00003,320.01.0015,250,72.7373,250,YERLİ,2024-03-21,871,,0,2,30.8333,02,HM1,589.7625,KAPALI,2024,3,11
701608,2024-03-11,SAS24000892,1,H00016,320.01.0004,250,77.3213,250,YERLİ,2024-04-25,871,,0,2,30.8333,02,HM1,626.9301,KAPALI,2024,3,11
701609,2024-03-11,SAS24000892,2,D00009,320.01.0004,1000,199.7921,1000,YERLİ,2024-03-21,871,,0,2,30.8333,03,DG1,6479.7508,KAPALI,2024,3,11
701610,2024-03-11,SAS24000893,1,D00001,320.01.0003,250,33.7857,250,İTHAL,2024-04-01,871,,0,2,30.8333,03,DG1,273.9384,KAPALI,2024,3,11
701611,2024-03-11,SAS24000893,2,D00005,320.01.0003,250,237.2659,0,İTHAL,2024-04-25,871,-826,250,2,30.8333,03,DG1,1923.7796,ACIK,2024,3,11
701612,2024-03-12,SAS24000894,1,H00015,320.01.0007,2000,41.4148,2000,YERLİ,2024-03-27,870,,0,2,30.8333,02,HM1,2686.3683,KAPALI,2024,3,11
701613,2024-03-12,SAS24000894,2,H00012,320.01.0007,10000,29.2803,10000,YERLİ,2024-03-22,870,,0,2,30.8333,02,HM1,9496.3238,KAPALI,2024,3,11
701614,2024-03-12,SAS24000895,1,H00010,320.01.0051,120,18.7846,120,YERLİ,2024-04-26,870,,0,2,30.8333,02,HM1,73.1077,KAPALI,2024,3,11
701615,2024-03-12,SAS24000896,1,H00005,320.01.0003,120,56.4938,120,İTHAL,2024-03-27,870,,0,2,30.8333,02,HM1,219.868,KAPALI,2024,3,11
701616,2024-03-13,SAS24000897,1,H00010,320.01.0015,1000,20.7265,1000,YERLİ,2024-04-27,869,,0,2,30.8333,02,HM1,672.2115,KAPALI,2024,3,11
701617,2024-03-13,SAS24000898,1,H00011,320.01.0001,500,38.6039,500,YERLİ,2024-04-27,869,,0,2,30.8333,02,HM1,626.0099,KAPALI,2024,3,11
701618,2024-03-13,SAS24000898,2,H00009,320.01.0001,10000,69.8787,10000,YERLİ,2024-05-12,869,,0,2,30.8333,02,HM1,22663.3867,KAPALI,2024,3,11
701619,2024-03-13,SAS24000898,3,D00011,320.01.0001,250,8.2102,250,YERLİ,2024-03-28,869,,0,2,30.8333,03,DG1,66.5693,KAPALI,2024,3,11
701620,2024-03-13,SAS24000899,1,H00011,320.01.0001,120,31.9033,0,YERLİ,2024-03-23,869,-859,120,2,30.8333,02,HM1,124.1643,ACIK,2024,3,11
701621,2024-03-13,SAS24000899,2,H00016,320.01.0001,500,73.3965,500,YERLİ,2024-03-23,869,,0,2,30.8333,02,HM1,1190.2148,KAPALI,2024,3,11
701622,2024-03-14,SAS24000900,1,H00003,320.01.0030,5000,74.132,5000,YERLİ,2024-03-24,868,,0,2,30.8333,02,HM1,12021.4184,KAPALI,2024,3,11
701623,2024-03-14,SAS24000900,2,D00004,320.01.0030,5000,66.5999,5000,YERLİ,2024-06-12,868,,0,2,30.8333,03,DG1,10799.9955,KAPALI,2024,3,11
701624,2024-03-14,SAS24000900,3,H00008,320.01.0030,120,56.8756,120,YERLİ,2024-05-13,868,,0,2,30.8333,02,HM1,221.3539,KAPALI,2024,3,11
701625,2024-03-14,SAS24000901,1,H00013,320.01.0003,2000,85.3984,2000,İTHAL,2024-04-13,868,,0,2,30.8333,02,HM1,5539.3617,KAPALI,2024,3,11
701626,2024-03-15,SAS24000902,1,H00013,320.01.0047,2000,92.901,2000,YERLİ,2024-04-14,867,,0,2,30.8333,02,HM1,6026.0173,KAPALI,2024,3,11
701627,2024-03-15,SAS24000902,2,H00010,320.01.0047,2000,23.9453,2000,YERLİ,2024-03-25,867,,0,2,30.8333,02,HM1,1553.2103,KAPALI,2024,3,11
701628,2024-03-15,SAS24000902,3,H00014,320.01.0047,500,29.9398,500,YERLİ,2024-04-05,867,,0,2,30.8333,02,HM1,485.5108,KAPALI,2024,3,11
701629,2024-03-15,SAS24000903,1,D00006,320.01.0002,1000,299.2065,1000,YERLİ,2024-06-13,867,,0,2,30.8333,03,DG1,9704.0051,KAPALI,2024,3,11
701630,2024-03-15,SAS24000903,2,H00005,320.01.0002,5000,50.7176,5000,YERLİ,2024-04-05,867,,0,2,30.8333,02,HM1,8224.4846,KAPALI,2024,3,11
701631,2024-03-15,SAS24000903,3,H00016,320.01.0002,2000,78.094,2000,YERLİ,2024-03-30,867,,0,2,30.8333,02,HM1,5065.5622,KAPALI,2024,3,11
701632,2024-03-15,SAS24000904,1,H00001,320.01.0017,250,48.1428,250,YERLİ,2024-05-14,867,,0,2,30.8333,02,HM1,390.3474,KAPALI,2024,3,11
701633,2024-03-15,SAS24000904,2,D00003,320.01.0017,10000,299.0695,5000,YERLİ,2024-03-25,867,-857,5000,2,30.8333,03,DG1,96995.6184,ACIK,2024,3,11
701634,2024-03-18,SAS24000905,1,H00006,320.01.0011,10000,111.5806,10000,YERLİ,2024-03-28,864,,0,2,30.8333,02,HM1,36188.3418,KAPALI,2024,3,12
701635,2024-03-18,SAS24000905,2,H00008,320.01.0011,250,55.9524,250,YERLİ,2024-04-02,864,,0,2,30.8333,02,HM1,453.6686,KAPALI,2024,3,12
701636,2024-03-18,SAS24000906,1,H00004,320.01.0008,1000,70.2992,1000,YERLİ,2024-04-08,864,,0,2,30.8333,02,HM1,2279.9765,KAPALI,2024,3,12
701637,2024-03-18,SAS24000906,2,H00001,320.01.0008,5000,46.7753,5000,YERLİ,2024-06-16,864,,0,2,30.8333,02,HM1,7585.192,KAPALI,2024,3,12
701638,2024-03-18,SAS24000906,3,H00010,320.01.0008,500,21.0633,500,YERLİ,2024-04-08,864,,0,2,30.8333,02,HM1,341.5674,KAPALI,2024,3,12
701639,2024-03-18,SAS24000907,1,H00004,320.01.0014,2000,64.7569,2000,YERLİ,2024-03-28,864,,0,2,30.8333,02,HM1,4200.4521,KAPALI,2024,3,12
701640,2024-03-19,SAS24000908,1,D00002,320.01.0002,1000,62.6934,500,YERLİ,2024-04-03,863,-848,500,2,30.8333,03,DG1,2033.3017,ACIK,2024,3,12
701641,2024-03-19,SAS24000908,2,H00004,320.01.0002,5000,61.9715,5000,YERLİ,2024-04-03,863,,0,2,30.8333,02,HM1,10049.4433,KAPALI,2024,3,12
701642,2024-03-19,SAS24000909,1,H00004,320.01.0017,2000,63.9068,2000,YERLİ,2024-04-18,863,,0,2,30.8333,02,HM1,4145.3104,KAPALI,2024,3,12
701643,2024-03-19,SAS24000910,1,D00007,320.01.0002,120,67.6267,120,YERLİ,2024-04-18,863,,0,2,30.8333,03,DG1,263.1961,KAPALI,2024,3,12
701644,2024-03-19,SAS24000911,1,H00009,320.01.0003,500,79.3261,500,İTHAL,2024-06-17,863,,0,2,30.8333,02,HM1,1286.3706,KAPALI,2024,3,12
701645,2024-03-20,SAS24000912,1,D00007,320.01.0020,120,67.4383,120,YERLİ,2024-04-10,862,,0,2,30.8333,03,DG1,262.4629,KAPALI,2024,3,12
701646,2024-03-20,SAS24000912,2,H00006,320.01.0020,250,106.8953,250,YERLİ,2024-03-30,862,,0,2,30.8333,02,HM1,866.7196,KAPALI,2024,3,12
701647,2024-03-20,SAS24000912,3,D00006,320.01.0020,5000,276.3321,5000,YERLİ,2024-04-04,862,,0,2,30.8333,03,DG1,44810.6593,KAPALI,2024,3,12
701648,2024-03-20,SAS24000913,1,H00005,320.01.0004,250,56.3829,250,YERLİ,2024-04-10,862,,0,2,30.8333,02,HM1,457.1591,KAPALI,2024,3,12
701649,2024-03-20,SAS24000913,2,H00003,320.01.0004,500,68.9156,500,YERLİ,2024-04-19,862,,0,2,30.8333,02,HM1,1117.5515,KAPALI,2024,3,12
701650,2024-03-20,SAS24000914,1,D00012,320.01.0018,250,131.7561,250,YERLİ,2024-03-30,862,,0,2,30.8333,03,DG1,1068.2939,KAPALI,2024,3,12
701651,2024-03-20,SAS24000915,1,H00007,320.01.0020,1000,40.865,1000,YERLİ,2024-05-19,862,,0,2,30.8333,02,HM1,1325.3528,KAPALI,2024,3,12
701652,2024-03-21,SAS24000916,1,H00015,320.01.0028,5000,38.4918,5000,YERLİ,2024-06-19,861,,0,2,30.8333,02,HM1,6241.9203,KAPALI,2024,3,12
701653,2024-03-21,SAS24000916,2,D00011,320.01.0028,500,8.7747,500,YERLİ,2024-04-20,861,,0,2,30.8333,03,DG1,142.2926,KAPALI,2024,3,12
701654,2024-03-21,SAS24000916,3,H00015,320.01.0028,2000,34.7605,2000,YERLİ,2024-05-20,861,,0,2,30.8333,02,HM1,2254.7376,KAPALI,2024,3,12
701655,2024-03-22,SAS24000917,1,D00005,320.01.0012,1000,284.6997,1000,YERLİ,2024-05-06,860,,0,2,30.8333,03,DG1,9233.5138,KAPALI,2024,3,12
701656,2024-03-22,SAS24000917,2,H00009,320.01.0012,120,67.1009,120,YERLİ,2024-06-20,860,,0,2,30.8333,02,HM1,261.1497,KAPALI,2024,3,12
701657,2024-03-22,SAS24000917,3,H00010,320.01.0012,10000,19.4667,10000,YERLİ,2024-04-01,860,,0,2,30.8333,02,HM1,6313.5311,KAPALI,2024,3,12
701658,2024-03-22,SAS24000918,1,D00005,320.01.0031,2000,265.6911,2000,YERLİ,2024-04-12,860,,0,2,30.8333,03,DG1,17234.0359,KAPALI,2024,3,12
701659,2024-03-22,SAS24000919,1,H00010,320.01.0009,1000,19.6835,0,YERLİ,2024-04-21,860,-830,1000,2,30.8333,02,HM1,638.3845,ACIK,2024,3,12
701660,2024-03-22,SAS24000919,2,D00010,320.01.0009,1000,196.4835,1000,YERLİ,2024-06-20,860,,0,2,30.8333,03,DG1,6372.4447,KAPALI,2024,3,12
701661,2024-03-22,SAS24000920,1,D00010,320.01.0004,500,202.7896,500,YERLİ,2024-04-01,860,,0,2,30.8333,03,DG1,3288.4836,KAPALI,2024,3,12
701662,2024-03-22,SAS24000921,1,D00002,320.01.0022,10000,52.2258,10000,YERLİ,2024-04-06,860,,0,2,30.8333,03,DG1,16938.1156,KAPALI,2024,3,12
701663,2024-03-22,SAS24000921,2,H00005,320.01.0022,120,56.4155,120,YERLİ,2024-04-06,860,,0,2,30.8333,02,HM1,219.5633,KAPALI,2024,3,12
701664,2024-03-25,SAS24000922,1,H00008,320.01.0002,10000,53.6842,10000,YERLİ,2024-04-24,857,,0,2,30.8333,02,HM1,17411.1107,KAPALI,2024,3,13
701665,2024-03-25,SAS24000922,2,D00012,320.01.0002,1000,125.838,1000,YERLİ,2024-04-09,857,,0,2,30.8333,03,DG1,4081.2368,KAPALI,2024,3,13
701666,2024-03-25,SAS24000922,3,H00010,320.01.0002,10000,21.1208,10000,YERLİ,2024-06-23,857,,0,2,30.8333,02,HM1,6849.9966,KAPALI,2024,3,13
701667,2024-03-26,SAS24000923,1,H00004,320.01.0003,500,71.8657,500,İTHAL,2024-05-10,856,,0,2,30.8333,02,HM1,1165.391,KAPALI,2024,3,13
701668,2024-03-26,SAS24000923,2,D00005,320.01.0003,5000,253.315,5000,İTHAL,2024-04-10,856,,0,2,30.8333,03,DG1,41078.1525,KAPALI,2024,3,13
701669,2024-03-26,SAS24000924,1,H00010,320.01.0004,120,19.9397,120,YERLİ,2024-05-10,856,,0,2,30.8333,02,HM1,77.6032,KAPALI,2024,3,13
701670,2024-03-26,SAS24000925,1,H00003,320.01.0020,250,77.3661,250,YERLİ,2024-04-16,856,,0,2,30.8333,02,HM1,627.2934,KAPALI,2024,3,13
701671,2024-03-26,SAS24000925,2,D00012,320.01.0020,10000,114.9685,10000,YERLİ,2024-04-10,856,,0,2,30.8333,03,DG1,37287.1214,KAPALI,2024,3,13
701672,2024-03-27,SAS24000926,1,H00008,320.01.0002,5000,55.372,5000,YERLİ,2024-04-26,855,,0,2,30.8333,02,HM1,8979.253,KAPALI,2024,3,13
701673,2024-03-27,SAS24000926,2,H00015,320.01.0002,10000,38.3761,10000,YERLİ,2024-04-11,855,,0,2,30.8333,02,HM1,12446.3162,KAPALI,2024,3,13
701674,2024-03-27,SAS24000926,3,H00002,320.01.0002,120,20.9933,120,YERLİ,2024-04-17,855,,0,2,30.8333,02,HM1,81.7037,KAPALI,2024,3,13
701675,2024-03-27,SAS24000927,1,H00014,320.01.0033,2000,36.0289,2000,YERLİ,2024-05-26,855,,0,2,30.8333,02,HM1,2337.0123,KAPALI,2024,3,13
701676,2024-03-27,SAS24000927,2,D00007,320.01.0033,120,66.2956,120,YERLİ,2024-06-25,855,,0,2,30.8333,03,DG1,258.0156,KAPALI,2024,3,13
701677,2024-03-27,SAS24000928,1,D00012,320.01.0007,10000,131.2067,0,YERLİ,2024-06-25,855,-765,10000,2,30.8333,03,DG1,42553.5703,ACIK,2024,3,13
701678,2024-03-27,SAS24000929,1,H00004,320.01.0048,5000,62.0223,5000,YERLİ,2024-04-26,855,,0,2,30.8333,02,HM1,10057.6811,KAPALI,2024,3,13
701679,2024-03-27,SAS24000929,2,H00011,320.01.0048,2000,34.167,2000,YERLİ,2024-04-17,855,,0,2,30.8333,02,HM1,2216.2402,KAPALI,2024,3,13
701680,2024-03-27,SAS24000929,3,H00015,320.01.0048,2000,35.0474,2000,YERLİ,2024-05-26,855,,0,2,30.8333,02,HM1,2273.3473,KAPALI,2024,3,13
701681,2024-03-28,SAS24000930,1,H00015,320.01.0016,1000,37.7396,1000,YERLİ,2024-04-07,854,,0,2,30.8333,02,HM1,1223.9884,KAPALI,2024,3,13
701682,2024-03-28,SAS24000930,2,H00011,320.01.0016,500,35.0169,500,YERLİ,2024-04-12,854,,0,2,30.8333,02,HM1,567.8422,KAPALI,2024,3,13
701683,2024-03-28,SAS24000931,1,D00005,320.01.0008,1000,283.9456,1000,YERLİ,2024-04-12,854,,0,2,30.8333,03,DG1,9209.0564,KAPALI,2024,3,13
701684,2024-03-28,SAS24000931,2,H00001,320.01.0008,10000,48.3955,10000,YERLİ,2024-04-07,854,,0,2,30.8333,02,HM1,15695.8548,KAPALI,2024,3,13
701685,2024-03-28,SAS24000932,1,D00005,320.01.0001,2000,293.1542,2000,YERLİ,2024-04-27,854,,0,2,30.8333,03,DG1,19015.4281,KAPALI,2024,3,13
701686,2024-03-28,SAS24000933,1,D00006,320.01.0008,120,254.6957,120,YERLİ,2024-04-07,854,,0,2,30.8333,03,DG1,991.2492,KAPALI,2024,3,13
701687,2024-03-29,SAS24000934,1,H00003,320.01.0021,2000,67.451,2000,YERLİ,2024-04-13,853,,0,2,30.8333,02,HM1,4375.2047,KAPALI,2024,3,13
701688,2024-03-29,SAS24000934,2,D00010,320.01.0021,2000,195.8581,2000,YERLİ,2024-04-13,853,,0,2,30.8333,03,DG1,12704.3229,KAPALI,2024,3,13
701689,2024-03-29,SAS24000935,1,H00007,320.01.0006,250,43.1165,250,YERLİ,2024-04-28,853,,0,2,30.8333,02,HM1,349.5936,KAPALI,2024,3,13
701690,2024-03-29,SAS24000935,2,D00001,320.01.0006,500,34.7203,500,YERLİ,2024-04-28,853,,0,2,30.8333,03,DG1,563.0325,KAPALI,2024,3,13
701691,2024-03-29,SAS24000935,3,H00010,320.01.0006,1000,21.8999,1000,YERLİ,2024-04-13,853,,0,2,30.8333,02,HM1,710.2678,KAPALI,2024,3,13
701692,2024-03-29,SAS24000936,1,H00010,320.01.0033,2000,20.4655,2000,YERLİ,2024-05-13,853,,0,2,30.8333,02,HM1,1327.4933,KAPALI,2024,3,13
701693,2024-03-29,SAS24000936,2,D00005,320.01.0033,250,295.5057,250,YERLİ,2024-04-08,853,,0,2,30.8333,03,DG1,2395.9948,KAPALI,2024,3,13
701694,2024-03-29,SAS24000936,3,D00002,320.01.0033,120,56.1145,120,YERLİ,2024-04-13,853,,0,2,30.8333,03,DG1,218.3918,KAPALI,2024,3,13
701695,2024-03-29,SAS24000937,1,H00004,320.01.0010,2000,72.0633,2000,YERLİ,2024-05-28,853,,0,2,30.8333,02,HM1,4674.3813,KAPALI,2024,3,13
701696,2024-03-29,SAS24000938,1,D00011,320.01.0006,10000,8.4253,10000,YERLİ,2024-06-27,853,,0,2,30.8333,03,DG1,2732.5327,KAPALI,2024,3,13
701697,2024-03-29,SAS24000938,2,D00004,320.01.0006,10000,63.1384,10000,YERLİ,2024-05-13,853,,0,2,30.8333,03,DG1,20477.3411,KAPALI,2024,3,13
701698,2024-03-29,SAS24000938,3,H00004,320.01.0006,250,69.18,250,YERLİ,2024-04-28,853,,0,2,30.8333,02,HM1,560.9195,KAPALI,2024,3,13
701699,2024-04-01,SAS24000939,1,D00005,320.01.0001,250,267.734,250,YERLİ,2024-06-30,850,,0,2,31.35,03,DG1,2135.0399,KAPALI,2024,4,14
701700,2024-04-01,SAS24000939,2,H00010,320.01.0001,120,24.2595,120,YERLİ,2024-04-22,850,,0,2,31.35,02,HM1,92.8593,KAPALI,2024,4,14
701701,2024-04-01,SAS24000939,3,H00008,320.01.0001,5000,57.4924,5000,YERLİ,2024-05-31,850,,0,2,31.35,02,HM1,9169.4418,KAPALI,2024,4,14
701702,2024-04-01,SAS24000940,1,H00012,320.01.0010,500,26.0618,500,YERLİ,2024-04-11,850,,0,2,31.35,02,HM1,415.6587,KAPALI,2024,4,14
701703,2024-04-01,SAS24000940,2,H00014,320.01.0010,5000,34.4012,5000,YERLİ,2024-04-22,850,,0,2,31.35,02,HM1,5486.6348,KAPALI,2024,4,14
701704,2024-04-03,SAS24000941,1,D00004,320.01.0003,5000,71.1869,5000,İTHAL,2024-06-02,848,,0,2,31.35,03,DG1,11353.5726,KAPALI,2024,4,14
701705,2024-04-03,SAS24000942,1,H00016,320.01.0002,250,75.4872,250,YERLİ,2024-04-24,848,,0,2,31.35,02,HM1,601.9713,KAPALI,2024,4,14
701706,2024-04-03,SAS24000942,2,H00015,320.01.0002,5000,40.5195,5000,YERLİ,2024-04-24,848,,0,2,31.35,02,HM1,6462.4402,KAPALI,2024,4,14
701707,2024-04-03,SAS24000943,1,D00002,320.01.0003,250,63.8324,250,İTHAL,2024-05-18,848,,0,2,31.35,03,DG1,509.0303,KAPALI,2024,4,14
701708,2024-04-03,SAS24000943,2,D00008,320.01.0003,1000,278.9103,1000,İTHAL,2024-04-13,848,,0,2,31.35,03,DG1,8896.6603,KAPALI,2024,4,14
701709,2024-04-03,SAS24000944,1,D00009,320.01.0003,5000,251.5299,5000,İTHAL,2024-04-13,848,,0,2,31.35,03,DG1,40116.4115,KAPALI,2024,4,14
701710,2024-04-03,SAS24000944,2,H00004,320.01.0003,1000,72.6432,1000,İTHAL,2024-04-24,848,,0,2,31.35,02,HM1,2317.1675,KAPALI,2024,4,14
701711,2024-04-03,SAS24000944,3,H00010,320.01.0003,2000,22.7655,0,İTHAL,2024-04-24,848,-827,2000,2,31.35,02,HM1,1452.3445,ACIK,2024,4,14
701712,2024-04-04,SAS24000945,1,H00006,320.01.0049,5000,103.395,5000,YERLİ,2024-05-19,847,,0,2,31.35,02,HM1,16490.4306,KAPALI,2024,4,14
701713,2024-04-04,SAS24000945,2,D00001,320.01.0049,250,32.3548,250,YERLİ,2024-05-04,847,,0,2,31.35,03,DG1,258.0128,KAPALI,2024,4,14
701714,2024-04-05,SAS24000946,1,D00008,320.01.0002,10000,264.2957,10000,YERLİ,2024-06-04,846,,0,2,31.35,03,DG1,84304.8485,KAPALI,2024,4,14
701715,2024-04-08,SAS24000947,1,H00012,320.01.0001,1000,28.9489,1000,YERLİ,2024-04-23,843,,0,2,31.35,02,HM1,923.4099,KAPALI,2024,4,15
701716,2024-04-08,SAS24000947,2,H00013,320.01.0001,1000,81.4253,1000,YERLİ,2024-05-23,843,,0,2,31.35,02,HM1,2597.2982,KAPALI,2024,4,15
701717,2024-04-08,SAS24000948,1,H00003,320.01.0035,250,71.4754,250,İTHAL,2024-05-08,843,,0,2,31.35,02,HM1,569.9793,KAPALI,2024,4,15
701718,2024-04-08,SAS24000948,2,D00008,320.01.0035,10000,273.9056,10000,İTHAL,2024-05-23,843,,0,2,31.35,03,DG1,87370.2073,KAPALI,2024,4,15
701719,2024-04-08,SAS24000948,3,H00009,320.01.0035,10000,74.2005,10000,İTHAL,2024-04-18,843,,0,2,31.35,02,HM1,23668.4211,KAPALI,2024,4,15
701720,2024-04-08,SAS24000949,1,H00009,320.01.0007,2000,81.7649,2000,YERLİ,2024-04-23,843,,0,2,31.35,02,HM1,5216.2616,KAPALI,2024,4,15
701721,2024-04-10,SAS24000950,1,D00005,320.01.0014,2000,282.502,2000,YERLİ,2024-07-09,841,,0,2,31.35,03,DG1,18022.4561,KAPALI,2024,4,15
701722,2024-04-10,SAS24000950,2,H00010,320.01.0014,250,19.7259,250,YERLİ,2024-05-25,841,,0,2,31.35,02,HM1,157.3038,KAPALI,2024,4,15
701723,2024-04-10,SAS24000950,3,H00003,320.01.0014,10000,66.3815,10000,YERLİ,2024-04-20,841,,0,2,31.35,02,HM1,21174.3222,KAPALI,2024,4,15
701724,2024-04-10,SAS24000951,1,H00003,320.01.0002,2000,75.709,2000,YERLİ,2024-05-01,841,,0,2,31.35,02,HM1,4829.9203,KAPALI,2024,4,15
701725,2024-04-10,SAS24000951,2,H00012,320.01.0002,500,28.769,500,YERLİ,2024-05-01,841,,0,2,31.35,02,HM1,458.8357,KAPALI,2024,4,15
701726,2024-04-10,SAS24000951,3,H00002,320.01.0002,1000,21.4671,1000,YERLİ,2024-05-10,841,,0,2,31.35,02,HM1,684.756,KAPALI,2024,4,15
701727,2024-04-11,SAS24000952,1,H00008,320.01.0028,120,64.767,120,YERLİ,2024-05-02,840,,0,2,31.35,02,HM1,247.912,KAPALI,2024,4,15
701728,2024-04-11,SAS24000952,2,H00008,320.01.0028,1000,56.9929,1000,YERLİ,2024-06-10,840,,0,2,31.35,02,HM1,1817.9553,KAPALI,2024,4,15
701729,2024-04-11,SAS24000953,1,H00005,320.01.0025,2000,49.4465,2000,İTHAL,2024-07-10,840,,0,2,31.35,02,HM1,3154.4817,KAPALI,2024,4,15
701730,2024-04-11,SAS24000953,2,H00016,320.01.0025,120,86.9489,120,İTHAL,2024-04-21,840,,0,2,31.35,02,HM1,332.8188,KAPALI,2024,4,15
701731,2024-04-11,SAS24000953,3,H00013,320.01.0025,5000,85.8457,5000,İTHAL,2024-04-21,840,,0,2,31.35,02,HM1,13691.4992,KAPALI,2024,4,15
701732,2024-04-11,SAS24000954,1,D00003,320.01.0014,1000,285.7212,1000,YERLİ,2024-07-10,840,,0,2,31.35,03,DG1,9113.9139,KAPALI,2024,4,15
701733,2024-04-12,SAS24000955,1,D00004,320.01.0001,5000,63.9256,5000,YERLİ,2024-04-27,839,,0,2,31.35,03,DG1,10195.4705,KAPALI,2024,4,15
701734,2024-04-12,SAS24000955,2,H00015,320.01.0001,1000,35.1063,1000,YERLİ,2024-05-03,839,,0,2,31.35,02,HM1,1119.8182,KAPALI,2024,4,15
701735,2024-04-12,SAS24000955,3,D00001,320.01.0001,500,38.9782,500,YERLİ,2024-07-11,839,,0,2,31.35,03,DG1,621.6619,KAPALI,2024,4,15
701736,2024-04-12,SAS24000956,1,H00015,320.01.0005,1000,37.5868,1000,YERLİ,2024-05-12,839,,0,2,31.35,02,HM1,1198.941,KAPALI,2024,4,15
701737,2024-04-12,SAS24000957,1,H00016,320.01.0006,120,85.1264,120,YERLİ,2024-05-27,839,,0,2,31.35,02,HM1,325.8427,KAPALI,2024,4,15
701738,2024-04-12,SAS24000958,1,H00007,320.01.0021,250,44.0811,250,YERLİ,2024-06-11,839,,0,2,31.35,02,HM1,351.5239,KAPALI,2024,4,15
701739,2024-04-15,SAS24000959,1,D00004,320.01.0001,1000,74.3989,0,YERLİ,2024-05-06,836,-815,1000,2,31.35,03,DG1,2373.1707,ACIK,2024,4,16
701740,2024-04-15,SAS24000959,2,D00004,320.01.0001,500,65.2948,500,YERLİ,2024-07-14,836,,0,2,31.35,03,DG1,1041.3844,KAPALI,2024,4,16
701741,2024-04-15,SAS24000960,1,D00011,320.01.0048,500,8.8234,500,YERLİ,2024-04-30,836,,0,2,31.35,03,DG1,140.7241,KAPALI,2024,4,16
701742,2024-04-15,SAS24000960,2,D00001,320.01.0048,500,31.1175,500,YERLİ,2024-05-06,836,,0,2,31.35,03,DG1,496.2919,KAPALI,2024,4,16
701743,2024-04-16,SAS24000961,1,D00007,320.01.0005,500,83.8722,500,YERLİ,2024-06-15,835,,0,2,31.35,03,DG1,1337.6746,KAPALI,2024,4,16
701744,2024-04-16,SAS24000962,1,D00012,320.01.0008,1000,116.7842,1000,YERLİ,2024-06-15,835,,0,2,31.35,03,DG1,3725.1738,KAPALI,2024,4,16
701745,2024-04-16,SAS24000962,2,D00004,320.01.0008,120,71.5366,120,YERLİ,2024-04-26,835,,0,2,31.35,03,DG1,273.8243,KAPALI,2024,4,16
701746,2024-04-17,SAS24000963,1,H00013,320.01.0004,500,97.5747,500,YERLİ,2024-05-02,834,,0,2,31.35,02,HM1,1556.2153,KAPALI,2024,4,16
701747,2024-04-17,SAS24000963,2,H00008,320.01.0004,5000,62.0331,5000,YERLİ,2024-06-01,834,,0,2,31.35,02,HM1,9893.6364,KAPALI,2024,4,16
701748,2024-04-17,SAS24000964,1,H00003,320.01.0042,1000,76.9028,1000,YERLİ,2024-06-16,834,,0,2,31.35,02,HM1,2453.0399,KAPALI,2024,4,16
701749,2024-04-17,SAS24000964,2,H00014,320.01.0042,2000,32.341,2000,YERLİ,2024-05-17,834,,0,2,31.35,02,HM1,2063.2217,KAPALI,2024,4,16
701750,2024-04-17,SAS24000964,3,D00003,320.01.0042,500,282.4233,500,YERLİ,2024-06-16,834,,0,2,31.35,03,DG1,4504.3589,KAPALI,2024,4,16
701751,2024-04-17,SAS24000965,1,H00013,320.01.0045,120,80.0281,120,YERLİ,2024-04-27,834,,0,2,31.35,02,HM1,306.3277,KAPALI,2024,4,16
701752,2024-04-17,SAS24000965,2,H00006,320.01.0045,250,110.3321,250,YERLİ,2024-05-08,834,,0,2,31.35,02,HM1,879.8413,KAPALI,2024,4,16
701753,2024-04-17,SAS24000965,3,D00012,320.01.0045,2000,135.1343,2000,YERLİ,2024-05-02,834,,0,2,31.35,03,DG1,8621.008,KAPALI,2024,4,16
701754,2024-04-17,SAS24000966,1,D00007,320.01.0009,120,76.7644,120,YERLİ,2024-05-02,834,,0,2,31.35,03,DG1,293.835,KAPALI,2024,4,16
701755,2024-04-17,SAS24000966,2,H00001,320.01.0009,5000,53.7982,5000,YERLİ,2024-05-02,834,,0,2,31.35,02,HM1,8580.2552,KAPALI,2024,4,16
701756,2024-04-17,SAS24000967,1,D00002,320.01.0001,10000,56.3118,10000,YERLİ,2024-05-02,834,,0,2,31.35,03,DG1,17962.2967,KAPALI,2024,4,16
701757,2024-04-17,SAS24000967,2,H00008,320.01.0001,250,52.4802,250,YERLİ,2024-04-27,834,,0,2,31.35,02,HM1,418.5024,KAPALI,2024,4,16
701758,2024-04-17,SAS24000967,3,H00005,320.01.0001,120,51.6329,120,YERLİ,2024-06-16,834,,0,2,31.35,02,HM1,197.6379,KAPALI,2024,4,16
701759,2024-04-18,SAS24000968,1,H00001,320.01.0033,2000,50.2861,2000,YERLİ,2024-04-28,833,,0,2,31.35,02,HM1,3208.0447,KAPALI,2024,4,16
701760,2024-04-18,SAS24000969,1,H00002,320.01.0004,2000,17.3348,2000,YERLİ,2024-07-17,833,,0,2,31.35,02,HM1,1105.8884,KAPALI,2024,4,16
701761,2024-04-18,SAS24000969,2,H00014,320.01.0004,1000,36.2974,1000,YERLİ,2024-05-18,833,,0,2,31.35,02,HM1,1157.8118,KAPALI,2024,4,16
701762,2024-04-18,SAS24000969,3,H00004,320.01.0004,5000,73.8981,5000,YERLİ,2024-06-17,833,,0,2,31.35,02,HM1,11785.9809,KAPALI,2024,4,16
701763,2024-04-18,SAS24000970,1,H00003,320.01.0001,10000,73.1588,10000,YERLİ,2024-05-03,833,,0,2,31.35,02,HM1,23336.1404,KAPALI,2024,4,16
701764,2024-04-18,SAS24000970,2,D00010,320.01.0001,120,196.1888,120,YERLİ,2024-07-17,833,,0,2,31.35,03,DG1,750.9619,KAPALI,2024,4,16
701765,2024-04-18,SAS24000971,1,D00004,320.01.0046,250,58.9063,250,YERLİ,2024-07-17,833,,0,2,31.35,03,DG1,469.7472,KAPALI,2024,4,16
701766,2024-04-18,SAS24000972,1,H00013,320.01.0038,250,78.8398,250,YERLİ,2024-07-17,833,,0,2,31.35,02,HM1,628.7065,KAPALI,2024,4,16
701767,2024-04-18,SAS24000972,2,H00003,320.01.0038,120,64.5238,120,YERLİ,2024-05-03,833,,0,2,31.35,02,HM1,246.9811,KAPALI,2024,4,16
701768,2024-04-18,SAS24000973,1,H00012,320.01.0019,10000,26.6523,10000,YERLİ,2024-06-17,833,,0,2,31.35,02,HM1,8501.5311,KAPALI,2024,4,16
701769,2024-04-19,SAS24000974,1,H00005,320.01.0038,1000,57.223,1000,YERLİ,2024-05-19,832,,0,2,31.35,02,HM1,1825.2951,KAPALI,2024,4,16
701770,2024-04-19,SAS24000974,2,H00015,320.01.0038,250,39.7387,250,YERLİ,2024-05-19,832,,0,2,31.35,02,HM1,316.8955,KAPALI,2024,4,16
701771,2024-04-19,SAS24000975,1,H00005,320.01.0003,2000,48.2173,2000,İTHAL,2024-04-29,832,,0,2,31.35,02,HM1,3076.0638,KAPALI,2024,4,16
701772,2024-04-19,SAS24000975,2,D00003,320.01.0003,2000,281.0184,2000,İTHAL,2024-05-19,832,,0,2,31.35,03,DG1,17927.8086,KAPALI,2024,4,16
701773,2024-04-19,SAS24000976,1,H00012,320.01.0012,120,30.246,120,YERLİ,2024-05-04,832,,0,2,31.35,02,HM1,115.7742,KAPALI,2024,4,16
701774,2024-04-19,SAS24000976,2,H00008,320.01.0012,5000,57.4757,5000,YERLİ,2024-05-04,832,,0,2,31.35,02,HM1,9166.7783,KAPALI,2024,4,16
701775,2024-04-19,SAS24000977,1,D00010,320.01.0003,1000,194.9491,1000,İTHAL,2024-05-04,832,,0,2,31.35,03,DG1,6218.4721,KAPALI,2024,4,16
701776,2024-04-19,SAS24000977,2,H00009,320.01.0003,120,75.4714,120,İTHAL,2024-05-04,832,,0,2,31.35,02,HM1,288.8857,KAPALI,2024,4,16
701777,2024-04-22,SAS24000978,1,D00011,320.01.0004,250,9.7287,250,YERLİ,2024-06-06,829,,0,2,31.35,03,DG1,77.5813,KAPALI,2024,4,17
701778,2024-04-22,SAS24000978,2,H00001,320.01.0004,500,46.9378,500,YERLİ,2024-06-21,829,,0,2,31.35,02,HM1,748.6093,KAPALI,2024,4,17
701779,2024-04-23,SAS24000979,1,D00008,320.01.0041,5000,286.3293,5000,İTHAL,2024-05-03,828,,0,2,31.35,03,DG1,45666.555,KAPALI,2024,4,17
701780,2024-04-24,SAS24000980,1,D00009,320.01.0001,250,217.3746,250,YERLİ,2024-05-04,827,,0,2,31.35,03,DG1,1733.4498,KAPALI,2024,4,17
701781,2024-04-24,SAS24000980,2,H00005,320.01.0001,120,49.9193,120,YERLİ,2024-05-04,827,,0,2,31.35,02,HM1,191.0787,KAPALI,2024,4,17
701782,2024-04-24,SAS24000980,3,H00011,320.01.0001,2000,37.8858,1000,YERLİ,2024-05-24,827,-797,1000,2,31.35,02,HM1,2416.9569,ACIK,2024,4,17
701783,2024-04-24,SAS24000981,1,D00010,320.01.0006,2000,196.4856,2000,YERLİ,2024-05-09,827,,0,2,31.35,03,DG1,12534.9665,KAPALI,2024,4,17
701784,2024-04-24,SAS24000981,2,H00015,320.01.0006,500,40.099,500,YERLİ,2024-07-23,827,,0,2,31.35,02,HM1,639.5375,KAPALI,2024,4,17
701785,2024-04-26,SAS24000982,1,H00015,320.01.0005,500,39.8568,500,YERLİ,2024-05-11,825,,0,2,31.35,02,HM1,635.6746,KAPALI,2024,4,17
701786,2024-04-26,SAS24000983,1,D00011,320.01.0002,500,8.468,500,YERLİ,2024-07-25,825,,0,2,31.35,03,DG1,135.0558,KAPALI,2024,4,17
701787,2024-04-26,SAS24000984,1,H00015,320.01.0003,1000,42.8229,1000,İTHAL,2024-06-10,825,,0,2,31.35,02,HM1,1365.9617,KAPALI,2024,4,17
701788,2024-04-26,SAS24000984,2,D00005,320.01.0003,1000,242.4244,1000,İTHAL,2024-06-10,825,,0,2,31.35,03,DG1,7732.8357,KAPALI,2024,4,17
701789,2024-04-26,SAS24000985,1,D00010,320.01.0004,1000,192.1002,1000,YERLİ,2024-06-10,825,,0,2,31.35,03,DG1,6127.5981,KAPALI,2024,4,17
701790,2024-04-26,SAS24000985,2,H00013,320.01.0004,10000,95.6084,5000,YERLİ,2024-05-17,825,-804,5000,2,31.35,02,HM1,30497.0973,ACIK,2024,4,17
701791,2024-04-29,SAS24000986,1,D00009,320.01.0033,500,223.0669,500,YERLİ,2024-05-14,822,,0,2,31.35,03,DG1,3557.6858,KAPALI,2024,4,18
701792,2024-04-29,SAS24000986,2,H00015,320.01.0033,250,37.4997,250,YERLİ,2024-05-14,822,,0,2,31.35,02,HM1,299.0407,KAPALI,2024,4,18
701793,2024-04-29,SAS24000987,1,D00012,320.01.0007,10000,112.5243,10000,YERLİ,2024-05-14,822,,0,2,31.35,03,DG1,35892.9187,KAPALI,2024,4,18
701794,2024-04-29,SAS24000988,1,H00015,320.01.0004,10000,39.8709,10000,YERLİ,2024-05-29,822,,0,2,31.35,02,HM1,12717.9904,KAPALI,2024,4,18
701795,2024-04-29,SAS24000988,2,D00003,320.01.0004,120,278.3652,120,YERLİ,2024-06-13,822,,0,2,31.35,03,DG1,1065.5127,KAPALI,2024,4,18
701796,2024-04-29,SAS24000988,3,D00009,320.01.0004,120,255.5619,120,YERLİ,2024-06-28,822,,0,2,31.35,03,DG1,978.2274,KAPALI,2024,4,18
701797,2024-04-30,SAS24000989,1,D00009,320.01.0003,120,223.8039,120,İTHAL,2024-07-29,821,,0,2,31.35,03,DG1,856.6656,KAPALI,2024,4,18
701798,2024-04-30,SAS24000989,2,D00002,320.01.0003,120,54.4343,120,İTHAL,2024-06-29,821,,0,2,31.35,03,DG1,208.361,KAPALI,2024,4,18
701799,2024-04-30,SAS24000990,1,D00009,320.01.0001,500,258.2625,500,YERLİ,2024-06-14,821,,0,2,31.35,03,DG1,4119.0191,KAPALI,2024,4,18
701800,2024-04-30,SAS24000991,1,D00012,320.01.0024,120,126.7416,120,YERLİ,2024-05-10,821,,0,2,31.35,03,DG1,485.1353,KAPALI,2024,4,18
701801,2024-04-30,SAS24000991,2,D00003,320.01.0024,10000,261.1871,10000,YERLİ,2024-06-29,821,,0,2,31.35,03,DG1,83313.2695,KAPALI,2024,4,18
701802,2024-04-30,SAS24000992,1,H00005,320.01.0016,500,46.634,500,YERLİ,2024-07-29,821,,0,2,31.35,02,HM1,743.764,KAPALI,2024,4,18
701803,2024-04-30,SAS24000992,2,H00016,320.01.0016,10000,80.811,5000,YERLİ,2024-05-30,821,-791,5000,2,31.35,02,HM1,25777.0335,ACIK,2024,4,18
701804,2024-04-30,SAS24000993,1,D00004,320.01.0009,250,74.3383,250,YERLİ,2024-05-30,821,,0,2,31.35,03,DG1,592.8094,KAPALI,2024,4,18
701805,2024-04-30,SAS24000993,2,H00009,320.01.0009,2000,74.6555,2000,YERLİ,2024-05-30,821,,0,2,31.35,02,HM1,4762.7113,KAPALI,2024,4,18
701806,2024-05-01,SAS24000994,1,H00001,320.01.0016,120,51.1214,120,YERLİ,2024-05-31,820,,0,2,31.8667,02,HM1,192.5072,KAPALI,2024,5,18
701807,2024-05-01,SAS24000994,2,D00007,320.01.0016,500,80.9344,500,YERLİ,2024-05-31,820,,0,2,31.8667,03,DG1,1269.8899,KAPALI,2024,5,18
701808,2024-05-01,SAS24000995,1,D00010,320.01.0020,5000,195.9698,5000,YERLİ,2024-05-22,820,,0,2,31.8667,03,DG1,30748.3674,KAPALI,2024,5,18
701809,2024-05-01,SAS24000996,1,D00001,320.01.0044,250,35.1617,250,YERLİ,2024-07-30,820,,0,2,31.8667,03,DG1,275.8499,KAPALI,2024,5,18
701810,2024-05-02,SAS24000997,1,D00009,320.01.0001,2000,228.9827,2000,YERLİ,2024-07-01,819,,0,2,31.8667,03,DG1,14371.2841,KAPALI,2024,5,18
701811,2024-05-02,SAS24000997,2,H00002,320.01.0001,500,18.5164,500,YERLİ,2024-05-23,819,,0,2,31.8667,02,HM1,290.529,KAPALI,2024,5,18
701812,2024-05-02,SAS24000998,1,H00002,320.01.0011,2000,18.8672,0,YERLİ,2024-06-01,819,-789,2000,2,31.8667,02,HM1,1184.1327,ACIK,2024,5,18
701813,2024-05-02,SAS24000999,1,H00007,320.01.0005,2000,48.665,2000,YERLİ,2024-05-23,819,,0,2,31.8667,02,HM1,3054.2855,KAPALI,2024,5,18
701814,2024-05-02,SAS24000999,2,H00005,320.01.0005,1000,53.3296,1000,YERLİ,2024-05-23,819,,0,2,31.8667,02,HM1,1673.5213,KAPALI,2024,5,18
701815,2024-05-02,SAS24000999,3,D00004,320.01.0005,10000,71.8521,10000,YERLİ,2024-06-16,819,,0,2,31.8667,03,DG1,22547.7065,KAPALI,2024,5,18
701816,2024-05-06,SAS24001000,1,D00009,320.01.0019,10000,210.9124,10000,YERLİ,2024-06-05,815,,0,2,31.8667,03,DG1,66185.8303,KAPALI,2024,5,19
701817,2024-05-06,SAS24001000,2,H00012,320.01.0019,500,32.057,500,YERLİ,2024-07-05,815,,0,2,31.8667,02,HM1,502.9859,KAPALI,2024,5,19
701818,2024-05-06,SAS24001000,3,H00009,320.01.0019,2000,79.9172,2000,YERLİ,2024-06-05,815,,0,2,31.8667,02,HM1,5015.7186,KAPALI,2024,5,19
701819,2024-05-06,SAS24001001,1,H00009,320.01.0001,250,85.0024,250,YERLİ,2024-08-04,815,,0,2,31.8667,02,HM1,666.8591,KAPALI,2024,5,19
701820,2024-05-06,SAS24001001,2,H00013,320.01.0001,5000,101.2053,5000,YERLİ,2024-07-05,815,,0,2,31.8667,02,HM1,15879.4761,KAPALI,2024,5,19
701821,2024-05-06,SAS24001002,1,D00001,320.01.0025,250,37.0514,250,İTHAL,2024-08-04,815,,0,2,31.8667,03,DG1,290.6749,KAPALI,2024,5,19
701822,2024-05-06,SAS24001002,2,D00003,320.01.0025,2000,296.8719,2000,İTHAL,2024-06-20,815,,0,2,31.8667,03,DG1,18632.1081,KAPALI,2024,5,19
701823,2024-05-06,SAS24001003,1,H00016,320.01.0002,10000,89.7967,10000,YERLİ,2024-05-27,815,,0,2,31.8667,02,HM1,28178.8513,KAPALI,2024,5,19
701824,2024-05-06,SAS24001003,2,D00002,320.01.0002,120,61.8156,120,YERLİ,2024-06-20,815,,0,2,31.8667,03,DG1,232.7782,KAPALI,2024,5,19
701825,2024-05-06,SAS24001004,1,D00005,320.01.0043,5000,273.6658,5000,İTHAL,2024-06-20,815,,0,2,31.8667,03,DG1,42939.1496,KAPALI,2024,5,19
701826,2024-05-06,SAS24001004,2,D00010,320.01.0043,2000,196.3431,2000,İTHAL,2024-06-05,815,,0,2,31.8667,03,DG1,12322.7758,KAPALI,2024,5,19
701827,2024-05-06,SAS24001005,1,H00001,320.01.0005,5000,53.7035,5000,YERLİ,2024-06-05,815,,0,2,31.8667,02,HM1,8426.2726,KAPALI,2024,5,19
701828,2024-05-06,SAS24001005,2,H00015,320.01.0005,2000,42.8656,2000,YERLİ,2024-06-20,815,,0,2,31.8667,02,HM1,2690.3068,KAPALI,2024,5,19
701829,2024-05-06,SAS24001005,3,H00012,320.01.0005,500,31.2441,500,YERLİ,2024-05-16,815,,0,2,31.8667,02,HM1,490.2312,KAPALI,2024,5,19
701830,2024-05-07,SAS24001006,1,H00013,320.01.0005,5000,79.4928,5000,YERLİ,2024-05-28,814,,0,2,31.8667,02,HM1,12472.7066,KAPALI,2024,5,19
701831,2024-05-07,SAS24001006,2,H00002,320.01.0005,500,19.6778,500,YERLİ,2024-08-05,814,,0,2,31.8667,02,HM1,308.7518,KAPALI,2024,5,19
701832,2024-05-07,SAS24001007,1,H00016,320.01.0001,5000,82.7196,5000,YERLİ,2024-05-17,814,,0,2,31.8667,02,HM1,12979.0032,KAPALI,2024,5,19
701833,2024-05-07,SAS24001007,2,H00004,320.01.0001,500,62.6279,500,YERLİ,2024-06-06,814,,0,2,31.8667,02,HM1,982.6543,KAPALI,2024,5,19
701834,2024-05-07,SAS24001007,3,H00005,320.01.0001,500,58.9806,500,YERLİ,2024-06-21,814,,0,2,31.8667,02,HM1,925.4269,KAPALI,2024,5,19
701835,2024-05-08,SAS24001008,1,D00004,320.01.0002,2000,68.1164,2000,YERLİ,2024-05-23,813,,0,2,31.8667,03,DG1,4275.0834,KAPALI,2024,5,19
701836,2024-05-08,SAS24001009,1,D00011,320.01.0020,1000,9.4631,1000,YERLİ,2024-05-29,813,,0,2,31.8667,03,DG1,296.9589,KAPALI,2024,5,19
701837,2024-05-08,SAS24001010,1,H00001,320.01.0029,1000,47.3993,1000,YERLİ,2024-05-29,813,,0,2,31.8667,02,HM1,1487.4242,KAPALI,2024,5,19
701838,2024-05-08,SAS24001010,2,D00006,320.01.0029,1000,304.4394,1000,YERLİ,2024-08-06,813,,0,2,31.8667,03,DG1,9553.5277,KAPALI,2024,5,19
701839,2024-05-08,SAS24001011,1,H00005,320.01.0002,250,51.2061,250,YERLİ,2024-08-06,813,,0,2,31.8667,02,HM1,401.7211,KAPALI,2024,5,19
701840,2024-05-08,SAS24001011,2,H00002,320.01.0002,120,18.3093,120,YERLİ,2024-05-23,813,,0,2,31.8667,02,HM1,68.9471,KAPALI,2024,5,19
701841,2024-05-09,SAS24001012,1,D00005,320.01.0049,250,240.8892,250,YERLİ,2024-05-30,812,,0,2,31.8667,03,DG1,1889.8192,KAPALI,2024,5,19
701842,2024-05-09,SAS24001012,2,H00011,320.01.0049,500,39.0747,500,YERLİ,2024-05-30,812,,0,2,31.8667,02,HM1,613.0961,KAPALI,2024,5,19
701843,2024-05-09,SAS24001013,1,H00005,320.01.0008,250,46.5871,250,YERLİ,2024-06-08,812,,0,2,31.8667,02,HM1,365.4842,KAPALI,2024,5,19
701844,2024-05-09,SAS24001013,2,H00006,320.01.0008,2000,94.196,0,YERLİ,2024-05-24,812,-797,2000,2,31.8667,02,HM1,5911.8767,ACIK,2024,5,19
701845,2024-05-09,SAS24001014,1,D00011,320.01.0020,500,9.6882,500,YERLİ,2024-05-19,812,,0,2,31.8667,03,DG1,152.0113,KAPALI,2024,5,19
701846,2024-05-09,SAS24001014,2,D00003,320.01.0020,250,296.9954,250,YERLİ,2024-08-07,812,,0,2,31.8667,03,DG1,2329.9824,KAPALI,2024,5,19
701847,2024-05-10,SAS24001015,1,D00002,320.01.0009,1000,56.3032,1000,YERLİ,2024-08-08,811,,0,2,31.8667,03,DG1,1766.835,KAPALI,2024,5,19
701848,2024-05-10,SAS24001016,1,H00015,320.01.0010,5000,36.8838,5000,YERLİ,2024-06-24,811,,0,2,31.8667,02,HM1,5787.2011,KAPALI,2024,5,19
701849,2024-05-10,SAS24001016,2,H00006,320.01.0010,500,111.8397,500,YERLİ,2024-06-09,811,,0,2,31.8667,02,HM1,1754.8052,KAPALI,2024,5,19
701850,2024-05-10,SAS24001016,3,H00011,320.01.0010,120,31.814,120,YERLİ,2024-05-25,811,,0,2,31.8667,02,HM1,119.8015,KAPALI,2024,5,19
701851,2024-05-13,SAS24001017,1,H00005,320.01.0002,250,57.2176,250,YERLİ,2024-07-12,808,,0,2,31.8667,02,HM1,448.8824,KAPALI,2024,5,20
701852,2024-05-13,SAS24001018,1,H00001,320.01.0005,250,45.7287,250,YERLİ,2024-06-03,808,,0,2,31.8667,02,HM1,358.7499,KAPALI,2024,5,20
701853,2024-05-13,SAS24001018,2,H00006,320.01.0005,2000,91.952,2000,YERLİ,2024-06-12,808,,0,2,31.8667,02,HM1,5771.04,KAPALI,2024,5,20
701854,2024-05-14,SAS24001019,1,D00004,320.01.0039,2000,65.6468,0,YERLİ,2024-05-24,807,-797,2000,2,31.8667,03,DG1,4120.0877,ACIK,2024,5,20
701855,2024-05-14,SAS24001020,1,H00001,320.01.0009,2000,50.7849,2000,YERLİ,2024-08-12,807,,0,2,31.8667,02,HM1,3187.3335,KAPALI,2024,5,20
701856,2024-05-14,SAS24001020,2,D00001,320.01.0009,1000,32.1923,1000,YERLİ,2024-05-24,807,,0,2,31.8667,03,DG1,1010.2176,KAPALI,2024,5,20
701857,2024-05-15,SAS24001021,1,H00012,320.01.0005,120,31.1948,120,YERLİ,2024-06-29,806,,0,2,31.8667,02,HM1,117.4698,KAPALI,2024,5,20
701858,2024-05-16,SAS24001022,1,H00001,320.01.0004,250,51.9432,250,YERLİ,2024-07-15,805,,0,2,31.8667,02,HM1,407.5038,KAPALI,2024,5,20
701859,2024-05-16,SAS24001022,2,D00012,320.01.0004,2000,121.0666,0,YERLİ,2024-06-30,805,-760,2000,2,31.8667,03,DG1,7598.3142,ACIK,2024,5,20
701860,2024-05-16,SAS24001023,1,H00006,320.01.0003,500,97.3126,500,İTHAL,2024-06-15,805,,0,2,31.8667,02,HM1,1526.8697,KAPALI,2024,5,20
701861,2024-05-16,SAS24001024,1,H00008,320.01.0002,250,55.1934,250,YERLİ,2024-06-15,805,,0,2,31.8667,02,HM1,433.0022,KAPALI,2024,5,20
701862,2024-05-16,SAS24001025,1,D00002,320.01.0021,5000,52.3133,5000,YERLİ,2024-07-15,805,,0,2,31.8667,03,DG1,8208.1452,KAPALI,2024,5,20
701863,2024-05-16,SAS24001025,2,H00003,320.01.0021,500,76.6412,500,YERLİ,2024-07-15,805,,0,2,31.8667,02,HM1,1202.528,KAPALI,2024,5,20
701864,2024-05-16,SAS24001026,1,H00012,320.01.0001,10000,33.6706,10000,YERLİ,2024-05-26,805,,0,2,31.8667,02,HM1,10566.0768,KAPALI,2024,5,20
701865,2024-05-16,SAS24001026,2,H00016,320.01.0001,10000,89.7921,10000,YERLİ,2024-08-14,805,,0,2,31.8667,02,HM1,28177.4078,KAPALI,2024,5,20
701866,2024-05-16,SAS24001026,3,H00016,320.01.0001,250,76.3516,250,YERLİ,2024-06-30,805,,0,2,31.8667,02,HM1,598.9921,KAPALI,2024,5,20
701867,2024-05-17,SAS24001027,1,H00010,320.01.0004,120,23.09,120,YERLİ,2024-05-27,804,,0,2,31.8667,02,HM1,86.9497,KAPALI,2024,5,20
701868,2024-05-17,SAS24001027,2,D00011,320.01.0004,10000,8.1288,10000,YERLİ,2024-06-07,804,,0,2,31.8667,03,DG1,2550.876,KAPALI,2024,5,20
701869,2024-05-17,SAS24001027,3,H00002,320.01.0004,5000,20.7067,5000,YERLİ,2024-05-27,804,,0,2,31.8667,02,HM1,3248.9558,KAPALI,2024,5,20
701870,2024-05-17,SAS24001028,1,D00011,320.01.0010,120,8.2381,120,YERLİ,2024-06-01,804,,0,2,31.8667,03,DG1,31.0221,KAPALI,2024,5,20
701871,2024-05-20,SAS24001029,1,D00009,320.01.0032,2000,259.6102,2000,YERLİ,2024-06-10,801,,0,2,31.8667,03,DG1,16293.5102,KAPALI,2024,5,21
701872,2024-05-20,SAS24001029,2,D00009,320.01.0032,500,248.8429,500,YERLİ,2024-07-19,801,,0,2,31.8667,03,DG1,3904.4347,KAPALI,2024,5,21
701873,2024-05-20,SAS24001030,1,H00009,320.01.0042,120,69.5501,120,YERLİ,2024-06-19,801,,0,2,31.8667,02,HM1,261.9039,KAPALI,2024,5,21
701874,2024-05-20,SAS24001030,2,D00005,320.01.0042,500,294.0168,500,YERLİ,2024-08-18,801,,0,2,31.8667,03,DG1,4613.2295,KAPALI,2024,5,21
701875,2024-05-20,SAS24001031,1,H00010,320.01.0002,1000,20.3869,1000,YERLİ,2024-08-18,801,,0,2,31.8667,02,HM1,639.7556,KAPALI,2024,5,21
701876,2024-05-20,SAS24001031,2,H00011,320.01.0002,1000,32.9725,1000,YERLİ,2024-07-19,801,,0,2,31.8667,02,HM1,1034.7008,KAPALI,2024,5,21
701877,2024-05-22,SAS24001032,1,H00012,320.01.0024,10000,29.2581,10000,YERLİ,2024-07-06,799,,0,2,31.8667,02,HM1,9181.4025,KAPALI,2024,5,21
701878,2024-05-22,SAS24001033,1,D00012,320.01.0002,5000,140.3554,5000,YERLİ,2024-06-21,799,,0,2,31.8667,03,DG1,22022.2678,KAPALI,2024,5,21
701879,2024-05-22,SAS24001034,1,D00012,320.01.0016,120,115.051,120,YERLİ,2024-06-06,799,,0,2,31.8667,03,DG1,433.246,KAPALI,2024,5,21
701880,2024-05-22,SAS24001035,1,D00010,320.01.0002,120,192.2546,120,YERLİ,2024-08-20,799,,0,2,31.8667,03,DG1,723.9705,KAPALI,2024,5,21
701881,2024-05-23,SAS24001036,1,D00007,320.01.0013,1000,78.716,1000,YERLİ,2024-07-22,798,,0,2,31.8667,03,DG1,2470.1648,KAPALI,2024,5,21
701882,2024-05-23,SAS24001036,2,H00001,320.01.0013,10000,46.5143,10000,YERLİ,2024-06-02,798,,0,2,31.8667,02,HM1,14596.5224,KAPALI,2024,5,21
701883,2024-05-23,SAS24001037,1,H00007,320.01.0002,5000,41.2987,5000,YERLİ,2024-06-02,798,,0,2,31.8667,02,HM1,6479.9148,KAPALI,2024,5,21
701884,2024-05-23,SAS24001038,1,H00009,320.01.0002,500,83.8003,500,YERLİ,2024-07-07,798,,0,2,31.8667,02,HM1,1314.8569,KAPALI,2024,5,21
701885,2024-05-23,SAS24001038,2,D00012,320.01.0002,5000,116.7762,5000,YERLİ,2024-06-02,798,,0,2,31.8667,03,DG1,18322.6064,KAPALI,2024,5,21
701886,2024-05-24,SAS24001039,1,D00009,320.01.0005,5000,225.5131,5000,YERLİ,2024-06-03,797,,0,2,31.8667,03,DG1,35383.8176,KAPALI,2024,5,21
701887,2024-05-24,SAS24001039,2,H00004,320.01.0005,5000,61.7244,5000,YERLİ,2024-07-08,797,,0,2,31.8667,02,HM1,9684.7807,KAPALI,2024,5,21
701888,2024-05-27,SAS24001040,1,D00004,320.01.0014,5000,65.1138,5000,YERLİ,2024-07-26,794,,0,2,31.8667,03,DG1,10216.5897,KAPALI,2024,5,22
701889,2024-05-27,SAS24001040,2,H00002,320.01.0014,10000,21.4304,10000,YERLİ,2024-07-26,794,,0,2,31.8667,02,HM1,6725.0139,KAPALI,2024,5,22
701890,2024-05-27,SAS24001041,1,D00011,320.01.0004,1000,10.0785,1000,YERLİ,2024-06-17,794,,0,2,31.8667,03,DG1,316.2706,KAPALI,2024,5,22
701891,2024-05-27,SAS24001041,2,D00004,320.01.0004,5000,67.2163,5000,YERLİ,2024-06-17,794,,0,2,31.8667,03,DG1,10546.4796,KAPALI,2024,5,22
701892,2024-05-27,SAS24001042,1,D00009,320.01.0007,10000,253.8615,10000,YERLİ,2024-06-26,794,,0,2,31.8667,03,DG1,79663.5673,KAPALI,2024,5,22
701893,2024-05-27,SAS24001042,2,H00013,320.01.0007,120,100.1372,120,YERLİ,2024-06-17,794,,0,2,31.8667,02,HM1,377.0853,KAPALI,2024,5,22
701894,2024-05-27,SAS24001042,3,H00003,320.01.0007,120,72.799,120,YERLİ,2024-07-26,794,,0,2,31.8667,02,HM1,274.1382,KAPALI,2024,5,22
701895,2024-05-29,SAS24001043,1,H00012,320.01.0001,120,31.3805,120,YERLİ,2024-06-19,792,,0,2,31.8667,02,HM1,118.1691,KAPALI,2024,5,22
701896,2024-05-29,SAS24001043,2,H00016,320.01.0001,500,84.5451,500,YERLİ,2024-06-08,792,,0,2,31.8667,02,HM1,1326.5431,KAPALI,2024,5,22
701897,2024-05-29,SAS24001044,1,H00009,320.01.0014,120,69.8282,120,YERLİ,2024-06-13,792,,0,2,31.8667,02,HM1,262.9511,KAPALI,2024,5,22
701898,2024-05-29,SAS24001045,1,D00002,320.01.0027,250,56.4834,250,YERLİ,2024-08-27,792,,0,2,31.8667,03,DG1,443.1224,KAPALI,2024,5,22
701899,2024-05-30,SAS24001046,1,H00001,320.01.0018,250,48.1457,250,YERLİ,2024-07-14,791,,0,2,31.8667,02,HM1,377.7117,KAPALI,2024,5,22
701900,2024-05-30,SAS24001047,1,D00007,320.01.0008,1000,80.9311,1000,YERLİ,2024-06-29,791,,0,2,31.8667,03,DG1,2539.6762,KAPALI,2024,5,22
701901,2024-05-30,SAS24001048,1,D00001,320.01.0023,250,38.2409,250,İTHAL,2024-06-29,791,,0,2,31.8667,03,DG1,300.0067,KAPALI,2024,5,22
701902,2024-05-30,SAS24001048,2,D00007,320.01.0023,2000,74.7227,2000,İTHAL,2024-06-09,791,,0,2,31.8667,03,DG1,4689.7043,KAPALI,2024,5,22
701903,2024-05-31,SAS24001049,1,H00005,320.01.0004,10000,58.1749,10000,YERLİ,2024-08-29,790,,0,2,31.8667,02,HM1,18255.7027,KAPALI,2024,5,22
701904,2024-05-31,SAS24001050,1,H00011,320.01.0001,250,39.6047,250,YERLİ,2024-06-21,790,,0,2,31.8667,02,HM1,310.706,KAPALI,2024,5,22
701905,2024-05-31,SAS24001051,1,H00016,320.01.0050,250,71.5593,250,YERLİ,2024-06-30,790,,0,2,31.8667,02,HM1,561.3956,KAPALI,2024,5,22
701906,2024-05-31,SAS24001052,1,H00012,320.01.0024,5000,30.044,5000,YERLİ,2024-08-29,790,,0,2,31.8667,02,HM1,4714.0118,KAPALI,2024,5,22
701907,2024-05-31,SAS24001052,2,H00005,320.01.0024,10000,57.9119,10000,YERLİ,2024-08-29,790,,0,2,31.8667,02,HM1,18173.1714,KAPALI,2024,5,22
701908,2024-05-31,SAS24001053,1,H00013,320.01.0024,250,96.0585,250,YERLİ,2024-07-30,790,,0,2,31.8667,02,HM1,753.5962,KAPALI,2024,5,22
701909,2024-06-03,SAS24001054,1,H00004,320.01.0004,120,67.8547,120,YERLİ,2024-06-18,787,,0,2,32.3833,02,HM1,251.4433,KAPALI,2024,6,23
701910,2024-06-03,SAS24001055,1,D00011,320.01.0004,2000,8.7075,2000,YERLİ,2024-08-02,787,,0,2,32.3833,03,DG1,537.7772,KAPALI,2024,6,23
701911,2024-06-03,SAS24001055,2,H00009,320.01.0004,250,72.8441,250,YERLİ,2024-06-18,787,,0,2,32.3833,02,HM1,562.3585,KAPALI,2024,6,23
701912,2024-06-03,SAS24001056,1,D00006,320.01.0001,250,297.3523,250,YERLİ,2024-08-02,787,,0,2,32.3833,03,DG1,2295.5682,KAPALI,2024,6,23
701913,2024-06-03,SAS24001056,2,H00007,320.01.0001,500,45.0508,500,YERLİ,2024-09-01,787,,0,2,32.3833,02,HM1,695.5869,KAPALI,2024,6,23
701914,2024-06-03,SAS24001057,1,H00008,320.01.0004,10000,60.4799,10000,YERLİ,2024-09-01,787,,0,2,32.3833,02,HM1,18676.2621,KAPALI,2024,6,23
701915,2024-06-03,SAS24001057,2,H00003,320.01.0004,5000,76.7004,2500,YERLİ,2024-06-24,787,-766,2500,2,32.3833,02,HM1,11842.5855,ACIK,2024,6,23
701916,2024-06-03,SAS24001057,3,D00009,320.01.0004,2000,221.529,2000,YERLİ,2024-08-02,787,,0,2,32.3833,03,DG1,13681.6816,KAPALI,2024,6,23
701917,2024-06-03,SAS24001058,1,D00004,320.01.0003,500,76.1316,500,İTHAL,2024-06-24,787,,0,2,32.3833,03,DG1,1175.4762,KAPALI,2024,6,23
701918,2024-06-03,SAS24001058,2,D00011,320.01.0003,500,8.8441,500,İTHAL,2024-06-13,787,,0,2,32.3833,03,DG1,136.5534,KAPALI,2024,6,23
701919,2024-06-03,SAS24001058,3,H00010,320.01.0003,250,22.979,250,İTHAL,2024-09-01,787,,0,2,32.3833,02,HM1,177.3985,KAPALI,2024,6,23
701920,2024-06-03,SAS24001059,1,H00011,320.01.0001,250,33.6574,250,YERLİ,2024-06-18,787,,0,2,32.3833,02,HM1,259.8361,KAPALI,2024,6,23
701921,2024-06-04,SAS24001060,1,H00010,320.01.0023,1000,22.1951,1000,İTHAL,2024-06-25,786,,0,2,32.3833,02,HM1,685.3872,KAPALI,2024,6,23
701922,2024-06-05,SAS24001061,1,D00009,320.01.0002,5000,225.559,5000,YERLİ,2024-07-05,785,,0,2,32.3833,03,DG1,34826.4383,KAPALI,2024,6,23
701923,2024-06-05,SAS24001062,1,H00005,320.01.0005,2000,48.2944,2000,YERLİ,2024-06-20,785,,0,2,32.3833,02,HM1,2982.6732,KAPALI,2024,6,23
701924,2024-06-05,SAS24001062,2,D00003,320.01.0005,500,272.6454,500,YERLİ,2024-07-20,785,,0,2,32.3833,03,DG1,4209.6605,KAPALI,2024,6,23
701925,2024-06-05,SAS24001063,1,D00011,320.01.0003,10000,10.3209,10000,İTHAL,2024-07-05,785,,0,2,32.3833,03,DG1,3187.1057,KAPALI,2024,6,23
701926,2024-06-05,SAS24001063,2,H00012,320.01.0003,250,31.8213,250,İTHAL,2024-06-15,785,,0,2,32.3833,02,HM1,245.6613,KAPALI,2024,6,23
701927,2024-06-05,SAS24001063,3,H00013,320.01.0003,500,86.9822,500,İTHAL,2024-07-20,785,,0,2,32.3833,02,HM1,1343.0101,KAPALI,2024,6,23
701928,2024-06-06,SAS24001064,1,H00015,320.01.0004,500,39.6386,0,YERLİ,2024-06-16,784,-774,500,2,32.3833,02,HM1,612.0222,ACIK,2024,6,23
701929,2024-06-06,SAS24001064,2,H00009,320.01.0004,500,70.618,500,YERLİ,2024-08-05,784,,0,2,32.3833,02,HM1,1090.3459,KAPALI,2024,6,23
701930,2024-06-06,SAS24001065,1,D00006,320.01.0002,500,286.0131,500,YERLİ,2024-06-27,784,,0,2,32.3833,03,DG1,4416.0586,KAPALI,2024,6,23
701931,2024-06-06,SAS24001066,1,D00003,320.01.0002,1000,257.5461,1000,YERLİ,2024-09-04,784,,0,2,32.3833,03,DG1,7953.053,KAPALI,2024,6,23
701932,2024-06-06,SAS24001066,2,H00016,320.01.0002,10000,75.2675,10000,YERLİ,2024-09-04,784,,0,2,32.3833,02,HM1,23242.6899,KAPALI,2024,6,23
701933,2024-06-06,SAS24001066,3,D00003,320.01.0002,5000,263.6495,5000,YERLİ,2024-07-06,784,,0,2,32.3833,03,DG1,40707.6333,KAPALI,2024,6,23
701934,2024-06-06,SAS24001067,1,H00016,320.01.0030,1000,91.9459,1000,YERLİ,2024-06-27,784,,0,2,32.3833,02,HM1,2839.2999,KAPALI,2024,6,23
701935,2024-06-06,SAS24001068,1,D00009,320.01.0031,250,232.0087,250,YERLİ,2024-09-04,784,,0,2,32.3833,03,DG1,1791.1138,KAPALI,2024,6,23
701936,2024-06-06,SAS24001068,2,D00012,320.01.0031,120,141.6945,120,YERLİ,2024-09-04,784,,0,2,32.3833,03,DG1,525.0651,KAPALI,2024,6,23
701937,2024-06-07,SAS24001069,1,D00009,320.01.0015,120,264.2426,120,YERLİ,2024-07-07,783,,0,2,32.3833,03,DG1,979.181,KAPALI,2024,6,23
701938,2024-06-07,SAS24001070,1,H00015,320.01.0003,10000,40.1489,10000,İTHAL,2024-07-07,783,,0,2,32.3833,02,HM1,12398.0261,KAPALI,2024,6,23
701939,2024-06-07,SAS24001070,2,H00008,320.01.0003,250,57.0014,0,İTHAL,2024-09-05,783,-693,250,2,32.3833,02,HM1,440.0524,ACIK,2024,6,23
701940,2024-06-07,SAS24001071,1,D00011,320.01.0027,1000,10.329,1000,YERLİ,2024-06-28,783,,0,2,32.3833,03,DG1,318.9607,KAPALI,2024,6,23
701941,2024-06-10,SAS24001072,1,D00004,320.01.0024,500,73.9359,500,YERLİ,2024-06-25,780,,0,2,32.3833,03,DG1,1141.5745,KAPALI,2024,6,24
701942,2024-06-10,SAS24001073,1,H00008,320.01.0030,250,61.8034,250,YERLİ,2024-06-20,780,,0,2,32.3833,02,HM1,477.124,KAPALI,2024,6,24
701943,2024-06-10,SAS24001073,2,H00003,320.01.0030,5000,69.4324,5000,YERLİ,2024-07-10,780,,0,2,32.3833,02,HM1,10720.4022,KAPALI,2024,6,24
701944,2024-06-10,SAS24001074,1,D00002,320.01.0001,10000,58.7311,10000,YERLİ,2024-06-25,780,,0,2,32.3833,03,DG1,18136.2307,KAPALI,2024,6,24
701945,2024-06-11,SAS24001075,1,D00003,320.01.0001,5000,290.0976,5000,YERLİ,2024-06-26,779,,0,2,32.3833,03,DG1,44791.235,KAPALI,2024,6,24
701946,2024-06-11,SAS24001076,1,H00010,320.01.0048,1000,21.5721,1000,YERLİ,2024-08-10,779,,0,2,32.3833,02,HM1,666.1489,KAPALI,2024,6,24
701947,2024-06-11,SAS24001076,2,H00007,320.01.0048,500,43.3547,500,YERLİ,2024-07-02,779,,0,2,32.3833,02,HM1,669.399,KAPALI,2024,6,24
701948,2024-06-11,SAS24001076,3,D00001,320.01.0048,500,38.2109,500,YERLİ,2024-09-09,779,,0,2,32.3833,03,DG1,589.9785,KAPALI,2024,6,24
701949,2024-06-11,SAS24001077,1,D00005,320.01.0030,1000,299.2395,1000,YERLİ,2024-06-21,779,,0,2,32.3833,03,DG1,9240.5499,KAPALI,2024,6,24
701950,2024-06-12,SAS24001078,1,D00006,320.01.0009,120,281.1471,120,YERLİ,2024-08-11,778,,0,2,32.3833,03,DG1,1041.8225,KAPALI,2024,6,24
701951,2024-06-12,SAS24001079,1,D00012,320.01.0006,500,118.4673,500,YERLİ,2024-09-10,778,,0,2,32.3833,03,DG1,1829.1419,KAPALI,2024,6,24
701952,2024-06-12,SAS24001079,2,H00013,320.01.0006,10000,86.6695,10000,YERLİ,2024-06-22,778,,0,2,32.3833,02,HM1,26763.6405,KAPALI,2024,6,24
701953,2024-06-13,SAS24001080,1,H00012,320.01.0037,10000,33.1231,10000,İTHAL,2024-06-23,777,,0,2,32.3833,02,HM1,10228.4511,KAPALI,2024,6,24
701954,2024-06-13,SAS24001081,1,H00011,320.01.0021,500,40.5112,250,YERLİ,2024-06-28,777,-762,250,2,32.3833,02,HM1,625.4952,ACIK,2024,6,24
701955,2024-06-13,SAS24001081,2,H00003,320.01.0021,1000,72.2554,1000,YERLİ,2024-07-13,777,,0,2,32.3833,02,HM1,2231.255,KAPALI,2024,6,24
701956,2024-06-13,SAS24001082,1,H00009,320.01.0048,10000,81.201,10000,YERLİ,2024-07-28,777,,0,2,32.3833,02,HM1,25074.9615,KAPALI,2024,6,24
701957,2024-06-13,SAS24001082,2,D00008,320.01.0048,2000,329.2464,2000,YERLİ,2024-06-23,777,,0,2,32.3833,03,DG1,20334.3328,KAPALI,2024,6,24
701958,2024-06-13,SAS24001082,3,H00015,320.01.0048,5000,36.563,5000,YERLİ,2024-08-12,777,,0,2,32.3833,02,HM1,5645.3481,KAPALI,2024,6,24
701959,2024-06-13,SAS24001083,1,D00004,320.01.0002,500,62.9023,500,YERLİ,2024-07-04,777,,0,2,32.3833,03,DG1,971.2151,KAPALI,2024,6,24
701960,2024-06-13,SAS24001083,2,H00010,320.01.0002,2000,24.0531,2000,YERLİ,2024-07-13,777,,0,2,32.3833,02,HM1,1485.5249,KAPALI,2024,6,24
701961,2024-06-14,SAS24001084,1,H00010,320.01.0005,1000,20.0758,1000,YERLİ,2024-06-29,776,,0,2,32.3833,02,HM1,619.943,KAPALI,2024,6,24
701962,2024-06-14,SAS24001085,1,D00010,320.01.0006,250,219.3955,250,YERLİ,2024-07-29,776,,0,2,32.3833,03,DG1,1693.7395,KAPALI,2024,6,24
701963,2024-06-14,SAS24001085,2,H00011,320.01.0006,2000,33.918,2000,YERLİ,2024-08-13,776,,0,2,32.3833,02,HM1,2094.7834,KAPALI,2024,6,24
701964,2024-06-14,SAS24001085,3,H00009,320.01.0006,250,76.4871,250,YERLİ,2024-08-13,776,,0,2,32.3833,02,HM1,590.4826,KAPALI,2024,6,24
701965,2024-06-14,SAS24001086,1,D00010,320.01.0033,250,199.9076,250,YERLİ,2024-06-24,776,,0,2,32.3833,03,DG1,1543.2924,KAPALI,2024,6,24
701966,2024-06-14,SAS24001086,2,H00015,320.01.0033,5000,41.5902,5000,YERLİ,2024-08-13,776,,0,2,32.3833,02,HM1,6421.5506,KAPALI,2024,6,24
701967,2024-06-17,SAS24001087,1,H00011,320.01.0006,2000,34.6859,2000,YERLİ,2024-08-01,773,,0,2,32.3833,02,HM1,2142.2091,KAPALI,2024,6,25
701968,2024-06-17,SAS24001087,2,D00004,320.01.0006,500,64.887,500,YERLİ,2024-08-01,773,,0,2,32.3833,03,DG1,1001.859,KAPALI,2024,6,25
701969,2024-06-18,SAS24001088,1,H00006,320.01.0010,2000,112.1168,2000,YERLİ,2024-07-03,772,,0,2,32.3833,02,HM1,6924.3592,KAPALI,2024,6,25
701970,2024-06-18,SAS24001089,1,D00009,320.01.0021,10000,247.5303,10000,YERLİ,2024-07-18,772,,0,2,32.3833,03,DG1,76437.6392,KAPALI,2024,6,25
701971,2024-06-18,SAS24001089,2,D00007,320.01.0021,250,74.6151,250,YERLİ,2024-07-18,772,,0,2,32.3833,03,DG1,576.0307,KAPALI,2024,6,25
701972,2024-06-19,SAS24001090,1,D00010,320.01.0034,250,190.7485,250,YERLİ,2024-07-04,771,,0,2,32.3833,03,DG1,1472.5839,KAPALI,2024,6,25
701973,2024-06-19,SAS24001090,2,H00016,320.01.0034,120,75.4334,120,YERLİ,2024-08-03,771,,0,2,32.3833,02,HM1,279.527,KAPALI,2024,6,25
701974,2024-06-19,SAS24001090,3,H00004,320.01.0034,1000,65.8461,1000,YERLİ,2024-09-17,771,,0,2,32.3833,02,HM1,2033.3351,KAPALI,2024,6,25
701975,2024-06-19,SAS24001091,1,H00002,320.01.0031,2000,19.193,2000,YERLİ,2024-08-18,771,,0,2,32.3833,02,HM1,1185.3641,KAPALI,2024,6,25
701976,2024-06-19,SAS24001091,2,D00009,320.01.0031,10000,250.3169,10000,YERLİ,2024-07-04,771,,0,2,32.3833,03,DG1,77298.1444,KAPALI,2024,6,25
701977,2024-06-19,SAS24001091,3,H00006,320.01.0031,250,116.6643,250,YERLİ,2024-07-19,771,,0,2,32.3833,02,HM1,900.6517,KAPALI,2024,6,25
701978,2024-06-20,SAS24001092,1,H00012,320.01.0032,1000,28.0843,1000,YERLİ,2024-09-18,770,,0,2,32.3833,02,HM1,867.2464,KAPALI,2024,6,25
701979,2024-06-20,SAS24001093,1,H00014,320.01.0022,120,31.3974,120,YERLİ,2024-07-05,770,,0,2,32.3833,02,HM1,116.3466,KAPALI,2024,6,25
701980,2024-06-20,SAS24001093,2,D00009,320.01.0022,120,254.2144,120,YERLİ,2024-07-20,770,,0,2,32.3833,03,DG1,942.0204,KAPALI,2024,6,25
701981,2024-06-20,SAS24001093,3,H00010,320.01.0022,10000,20.0316,10000,YERLİ,2024-09-18,770,,0,2,32.3833,02,HM1,6185.7809,KAPALI,2024,6,25
701982,2024-06-21,SAS24001094,1,D00012,320.01.0015,1000,126.871,1000,YERLİ,2024-07-01,769,,0,2,32.3833,03,DG1,3917.791,KAPALI,2024,6,25
701983,2024-06-21,SAS24001095,1,H00012,320.01.0007,250,27.1002,250,YERLİ,2024-08-05,769,,0,2,32.3833,02,HM1,209.2143,KAPALI,2024,6,25
701984,2024-06-21,SAS24001095,2,D00009,320.01.0007,120,239.33,120,YERLİ,2024-07-12,769,,0,2,32.3833,03,DG1,886.8645,KAPALI,2024,6,25
701985,2024-06-24,SAS24001096,1,H00006,320.01.0010,10000,107.1973,10000,YERLİ,2024-08-23,766,,0,2,32.3833,02,HM1,33102.6486,KAPALI,2024,6,26
701986,2024-06-24,SAS24001096,2,D00005,320.01.0010,500,275.3532,500,YERLİ,2024-08-23,766,,0,2,32.3833,03,DG1,4251.4691,KAPALI,2024,6,26
701987,2024-06-24,SAS24001096,3,H00004,320.01.0010,250,67.785,250,YERLİ,2024-08-23,766,,0,2,32.3833,02,HM1,523.3021,KAPALI,2024,6,26
701988,2024-06-24,SAS24001097,1,H00016,320.01.0001,500,85.5193,500,YERLİ,2024-07-09,766,,0,2,32.3833,02,HM1,1320.4229,KAPALI,2024,6,26
701989,2024-06-24,SAS24001098,1,H00006,320.01.0001,1000,104.841,1000,YERLİ,2024-08-23,766,,0,2,32.3833,02,HM1,3237.502,KAPALI,2024,6,26
701990,2024-06-24,SAS24001098,2,H00008,320.01.0001,2000,61.9559,2000,YERLİ,2024-07-04,766,,0,2,32.3833,02,HM1,3826.4105,KAPALI,2024,6,26
701991,2024-06-25,SAS24001099,1,H00002,320.01.0012,1000,21.3386,500,YERLİ,2024-08-09,765,-720,500,2,32.3833,02,HM1,658.9384,ACIK,2024,6,26
701992,2024-06-25,SAS24001099,2,D00011,320.01.0012,5000,10.01,5000,YERLİ,2024-07-16,765,,0,2,32.3833,03,DG1,1545.5497,KAPALI,2024,6,26
701993,2024-06-25,SAS24001099,3,D00005,320.01.0012,500,262.5957,500,YERLİ,2024-07-16,765,,0,2,32.3833,03,DG1,4054.4926,KAPALI,2024,6,26
701994,2024-06-27,SAS24001100,1,H00010,320.01.0032,1000,20.5125,0,YERLİ,2024-07-27,763,-733,1000,2,32.3833,02,HM1,633.4283,ACIK,2024,6,26
701995,2024-06-27,SAS24001101,1,D00010,320.01.0001,250,189.4187,250,YERLİ,2024-08-11,763,,0,2,32.3833,03,DG1,1462.3178,KAPALI,2024,6,26
701996,2024-06-27,SAS24001102,1,D00002,320.01.0046,2000,57.8865,2000,YERLİ,2024-07-18,763,,0,2,32.3833,03,DG1,3575.0835,KAPALI,2024,6,26
701997,2024-06-28,SAS24001103,1,H00009,320.01.0023,10000,84.6187,10000,İTHAL,2024-07-13,762,,0,2,32.3833,02,HM1,26130.3511,KAPALI,2024,6,26
701998,2024-06-28,SAS24001103,2,D00004,320.01.0023,2000,66.4006,2000,İTHAL,2024-07-08,762,,0,2,32.3833,03,DG1,4100.9162,KAPALI,2024,6,26
701999,2024-06-28,SAS24001104,1,H00004,320.01.0021,120,77.8509,120,YERLİ,2024-08-27,762,,0,2,32.3833,02,HM1,288.4854,KAPALI,2024,6,26
702000,2024-07-02,SAS24001105,1,H00006,320.01.0014,1000,101.9084,1000,YERLİ,2024-08-31,758,,0,2,32.9,02,HM1,3097.5198,KAPALI,2024,7,27
702001,2024-07-02,SAS24001106,1,H00010,320.01.0025,500,23.7703,500,İTHAL,2024-08-16,758,,0,2,32.9,02,HM1,361.2508,KAPALI,2024,7,27
702002,2024-07-02,SAS24001106,2,H00006,320.01.0025,250,117.8002,250,İTHAL,2024-08-01,758,,0,2,32.9,02,HM1,895.1383,KAPALI,2024,7,27
702003,2024-07-02,SAS24001107,1,H00001,320.01.0010,1000,51.6096,1000,YERLİ,2024-07-23,758,,0,2,32.9,02,HM1,1568.6809,KAPALI,2024,7,27
702004,2024-07-02,SAS24001107,2,D00003,320.01.0010,5000,268.1322,5000,YERLİ,2024-08-01,758,,0,2,32.9,03,DG1,40749.5745,KAPALI,2024,7,27
702005,2024-07-02,SAS24001108,1,D00003,320.01.0012,120,310.7232,120,YERLİ,2024-07-17,758,,0,2,32.9,03,DG1,1133.3369,KAPALI,2024,7,27
702006,2024-07-02,SAS24001108,2,D00002,320.01.0012,10000,62.3217,0,YERLİ,2024-09-30,758,-668,10000,2,32.9,03,DG1,18942.766,ACIK,2024,7,27
702007,2024-07-02,SAS24001108,3,D00009,320.01.0012,10000,230.491,10000,YERLİ,2024-09-30,758,,0,2,32.9,03,DG1,70058.0547,KAPALI,2024,7,27
702008,2024-07-03,SAS24001109,1,D00012,320.01.0001,500,125.8663,500,YERLİ,2024-07-24,757,,0,2,32.9,03,DG1,1912.8617,KAPALI,2024,7,27
702009,2024-07-03,SAS24001109,2,D00008,320.01.0001,120,280.5017,120,YERLİ,2024-07-18,757,,0,2,32.9,03,DG1,1023.1065,KAPALI,2024,7,27
702010,2024-07-03,SAS24001110,1,D00010,320.01.0013,1000,193.5592,1000,YERLİ,2024-09-01,757,,0,2,32.9,03,DG1,5883.2584,KAPALI,2024,7,27
702011,2024-07-03,SAS24001110,2,H00014,320.01.0013,500,35.0006,500,YERLİ,2024-08-17,757,,0,2,32.9,02,HM1,531.924,KAPALI,2024,7,27
702012,2024-07-03,SAS24001111,1,D00002,320.01.0002,10000,56.6236,10000,YERLİ,2024-08-02,757,,0,2,32.9,03,DG1,17210.8207,KAPALI,2024,7,27
702013,2024-07-03,SAS24001111,2,D00011,320.01.0002,2000,8.7601,2000,YERLİ,2024-09-01,757,,0,2,32.9,03,DG1,532.5289,KAPALI,2024,7,27
702014,2024-07-05,SAS24001112,1,D00009,320.01.0015,10000,266.0215,10000,YERLİ,2024-08-19,755,,0,2,32.9,03,DG1,80857.5988,KAPALI,2024,7,27
702015,2024-07-05,SAS24001112,2,H00006,320.01.0015,5000,95.0078,5000,YERLİ,2024-08-04,755,,0,2,32.9,02,HM1,14438.8754,KAPALI,2024,7,27
702016,2024-07-05,SAS24001113,1,D00010,320.01.0004,1000,204.5848,1000,YERLİ,2024-07-20,755,,0,2,32.9,03,DG1,6218.383,KAPALI,2024,7,27
702017,2024-07-05,SAS24001113,2,H00002,320.01.0004,5000,19.0182,5000,YERLİ,2024-07-26,755,,0,2,32.9,02,HM1,2890.304,KAPALI,2024,7,27
702018,2024-07-05,SAS24001113,3,D00010,320.01.0004,250,220.3492,250,YERLİ,2024-07-15,755,,0,2,32.9,03,DG1,1674.386,KAPALI,2024,7,27
702019,2024-07-05,SAS24001114,1,H00008,320.01.0011,250,65.5795,250,YERLİ,2024-07-15,755,,0,2,32.9,02,HM1,498.3245,KAPALI,2024,7,27
702020,2024-07-05,SAS24001115,1,D00005,320.01.0016,1000,295.6135,1000,YERLİ,2024-08-19,755,,0,2,32.9,03,DG1,8985.2128,KAPALI,2024,7,27
702021,2024-07-05,SAS24001115,2,H00004,320.01.0016,10000,77.6579,5000,YERLİ,2024-08-04,755,-725,5000,2,32.9,02,HM1,23604.2249,ACIK,2024,7,27
702022,2024-07-05,SAS24001116,1,D00009,320.01.0032,1000,228.5033,1000,YERLİ,2024-09-03,755,,0,2,32.9,03,DG1,6945.3891,KAPALI,2024,7,27
702023,2024-07-08,SAS24001117,1,H00012,320.01.0022,120,32.1821,120,YERLİ,2024-08-07,752,,0,2,32.9,02,HM1,117.3815,KAPALI,2024,7,28
702024,2024-07-08,SAS24001117,2,D00005,320.01.0022,500,267.2497,0,YERLİ,2024-07-29,752,-731,500,2,32.9,03,DG1,4061.5456,ACIK,2024,7,28
702025,2024-07-08,SAS24001118,1,D00005,320.01.0008,120,264.9348,120,YERLİ,2024-08-07,752,,0,2,32.9,03,DG1,966.3275,KAPALI,2024,7,28
702026,2024-07-08,SAS24001118,2,H00005,320.01.0008,120,52.1312,120,YERLİ,2024-07-23,752,,0,2,32.9,02,HM1,190.1442,KAPALI,2024,7,28
702027,2024-07-08,SAS24001118,3,H00012,320.01.0008,1000,31.6849,1000,YERLİ,2024-07-18,752,,0,2,32.9,02,HM1,963.0669,KAPALI,2024,7,28
702028,2024-07-08,SAS24001119,1,H00005,320.01.0002,500,59.4835,500,YERLİ,2024-07-23,752,,0,2,32.9,02,HM1,904.0046,KAPALI,2024,7,28
702029,2024-07-08,SAS24001120,1,D00004,320.01.0004,250,63.6681,250,YERLİ,2024-10-06,752,,0,2,32.9,03,DG1,483.8002,KAPALI,2024,7,28
702030,2024-07-08,SAS24001121,1,H00009,320.01.0001,5000,71.8782,5000,YERLİ,2024-08-07,752,,0,2,32.9,02,HM1,10923.7386,KAPALI,2024,7,28
702031,2024-07-09,SAS24001122,1,H00002,320.01.0006,2000,18.3123,2000,YERLİ,2024-10-07,751,,0,2,32.9,02,HM1,1113.2097,KAPALI,2024,7,28
702032,2024-07-09,SAS24001122,2,D00007,320.01.0006,10000,72.2468,10000,YERLİ,2024-07-19,751,,0,2,32.9,03,DG1,21959.5137,KAPALI,2024,7,28
702033,2024-07-10,SAS24001123,1,H00013,320.01.0021,2000,94.9167,2000,YERLİ,2024-07-20,750,,0,2,32.9,02,HM1,5770.0122,KAPALI,2024,7,28
702034,2024-07-10,SAS24001124,1,D00012,320.01.0009,500,125.1413,500,YERLİ,2024-10-08,750,,0,2,32.9,03,DG1,1901.8435,KAPALI,2024,7,28
702035,2024-07-10,SAS24001125,1,D00011,320.01.0013,1000,10.0376,1000,YERLİ,2024-08-09,750,,0,2,32.9,03,DG1,305.0942,KAPALI,2024,7,28
702036,2024-07-10,SAS24001126,1,D00007,320.01.0005,2000,82.8051,0,YERLİ,2024-07-25,750,-735,2000,2,32.9,03,DG1,5033.7447,ACIK,2024,7,28
702037,2024-07-10,SAS24001127,1,H00011,320.01.0002,500,41.3042,500,YERLİ,2024-08-24,750,,0,2,32.9,02,HM1,627.7234,KAPALI,2024,7,28
702038,2024-07-10,SAS24001127,2,H00006,320.01.0002,120,110.7517,120,YERLİ,2024-07-31,750,,0,2,32.9,02,HM1,403.9576,KAPALI,2024,7,28
702039,2024-07-11,SAS24001128,1,H00004,320.01.0002,500,71.6543,0,YERLİ,2024-10-09,749,-659,500,2,32.9,02,HM1,1088.9711,ACIK,2024,7,28
702040,2024-07-11,SAS24001129,1,H00001,320.01.0051,500,49.7957,0,YERLİ,2024-10-09,749,-659,500,2,32.9,02,HM1,756.7736,ACIK,2024,7,28
702041,2024-07-11,SAS24001129,2,H00005,320.01.0051,120,48.0614,120,YERLİ,2024-10-09,749,,0,2,32.9,02,HM1,175.2999,KAPALI,2024,7,28
702042,2024-07-11,SAS24001130,1,H00006,320.01.0002,120,118.3971,120,YERLİ,2024-07-26,749,,0,2,32.9,02,HM1,431.8435,KAPALI,2024,7,28
702043,2024-07-11,SAS24001130,2,H00004,320.01.0002,5000,62.8597,5000,YERLİ,2024-07-21,749,,0,2,32.9,02,HM1,9553.1459,KAPALI,2024,7,28
702044,2024-07-11,SAS24001130,3,D00003,320.01.0002,5000,270.1881,5000,YERLİ,2024-10-09,749,,0,2,32.9,03,DG1,41062.0213,KAPALI,2024,7,28
702045,2024-07-12,SAS24001131,1,D00006,320.01.0011,2000,337.0802,2000,YERLİ,2024-07-22,748,,0,2,32.9,03,DG1,20491.1976,KAPALI,2024,7,28
702046,2024-07-12,SAS24001132,1,H00013,320.01.0048,5000,91.6049,5000,YERLİ,2024-08-26,748,,0,2,32.9,02,HM1,13921.7173,KAPALI,2024,7,28
702047,2024-07-12,SAS24001133,1,D00002,320.01.0001,1000,58.3006,1000,YERLİ,2024-08-11,748,,0,2,32.9,03,DG1,1772.0547,KAPALI,2024,7,28
702048,2024-07-15,SAS24001134,1,D00006,320.01.0010,120,278.5135,120,YERLİ,2024-08-14,745,,0,2,32.9,03,DG1,1015.8547,KAPALI,2024,7,29
702049,2024-07-15,SAS24001134,2,H00010,320.01.0010,120,22.5135,120,YERLİ,2024-07-30,745,,0,2,32.9,02,HM1,82.1161,KAPALI,2024,7,29
702050,2024-07-15,SAS24001135,1,D00012,320.01.0003,500,123.4634,500,İTHAL,2024-08-14,745,,0,2,32.9,03,DG1,1876.3435,KAPALI,2024,7,29
702051,2024-07-15,SAS24001135,2,H00016,320.01.0003,120,93.5625,120,İTHAL,2024-10-13,745,,0,2,32.9,02,HM1,341.2614,KAPALI,2024,7,29
702052,2024-07-15,SAS24001136,1,D00010,320.01.0031,1000,215.8305,1000,YERLİ,2024-08-05,745,,0,2,32.9,03,DG1,6560.1976,KAPALI,2024,7,29
702053,2024-07-15,SAS24001136,2,H00012,320.01.0031,5000,29.3486,5000,YERLİ,2024-10-13,745,,0,2,32.9,02,HM1,4460.2736,KAPALI,2024,7,29
702054,2024-07-15,SAS24001136,3,H00012,320.01.0031,5000,34.23,5000,YERLİ,2024-08-05,745,,0,2,32.9,02,HM1,5202.1277,KAPALI,2024,7,29
702055,2024-07-15,SAS24001137,1,H00003,320.01.0025,10000,74.4763,10000,İTHAL,2024-08-14,745,,0,2,32.9,02,HM1,22637.1733,KAPALI,2024,7,29
702056,2024-07-16,SAS24001138,1,H00010,320.01.0001,120,22.175,60,YERLİ,2024-08-15,744,-714,60,2,32.9,02,HM1,80.8815,ACIK,2024,7,29
702057,2024-07-16,SAS24001138,2,H00008,320.01.0001,5000,58.3291,5000,YERLİ,2024-08-15,744,,0,2,32.9,02,HM1,8864.6049,KAPALI,2024,7,29
702058,2024-07-16,SAS24001138,3,D00002,320.01.0001,1000,59.3324,1000,YERLİ,2024-08-30,744,,0,2,32.9,03,DG1,1803.4164,KAPALI,2024,7,29
702059,2024-07-16,SAS24001139,1,H00014,320.01.0001,250,37.7478,250,YERLİ,2024-10-14,744,,0,2,32.9,02,HM1,286.8374,KAPALI,2024,7,29
702060,2024-07-16,SAS24001140,1,D00011,320.01.0011,5000,8.6661,5000,YERLİ,2024-07-31,744,,0,2,32.9,03,DG1,1317.0365,KAPALI,2024,7,29
702061,2024-07-16,SAS24001140,2,D00005,320.01.0011,120,314.7245,120,YERLİ,2024-07-31,744,,0,2,32.9,03,DG1,1147.9313,KAPALI,2024,7,29
702062,2024-07-17,SAS24001141,1,D00002,320.01.0014,250,61.9701,250,YERLİ,2024-08-07,743,,0,2,32.9,03,DG1,470.8974,KAPALI,2024,7,29
702063,2024-07-17,SAS24001142,1,D00002,320.01.0033,120,58.2292,120,YERLİ,2024-08-16,743,,0,2,32.9,03,DG1,212.3861,KAPALI,2024,7,29
702064,2024-07-17,SAS24001142,2,D00001,320.01.0033,5000,34.741,5000,YERLİ,2024-08-01,743,,0,2,32.9,03,DG1,5279.7872,KAPALI,2024,7,29
702065,2024-07-17,SAS24001143,1,H00008,320.01.0004,120,61.8714,120,YERLİ,2024-08-01,743,,0,2,32.9,02,HM1,225.6708,KAPALI,2024,7,29
702066,2024-07-18,SAS24001144,1,D00002,320.01.0005,500,56.4014,500,YERLİ,2024-09-16,742,,0,2,32.9,03,DG1,857.1641,KAPALI,2024,7,29
702067,2024-07-18,SAS24001144,2,H00014,320.01.0005,2000,31.79,1000,YERLİ,2024-07-28,742,-732,1000,2,32.9,02,HM1,1932.5228,ACIK,2024,7,29
702068,2024-07-18,SAS24001144,3,D00008,320.01.0005,500,309.9887,500,YERLİ,2024-09-16,742,,0,2,32.9,03,DG1,4711.0745,KAPALI,2024,7,29
702069,2024-07-18,SAS24001145,1,D00009,320.01.0003,2000,219.5039,2000,İTHAL,2024-09-01,742,,0,2,32.9,03,DG1,13343.7021,KAPALI,2024,7,29
702070,2024-07-18,SAS24001145,2,D00001,320.01.0003,10000,36.7693,10000,İTHAL,2024-08-02,742,,0,2,32.9,03,DG1,11176.079,KAPALI,2024,7,29
702071,2024-07-18,SAS24001145,3,H00010,320.01.0003,1000,24.6789,1000,İTHAL,2024-08-08,742,,0,2,32.9,02,HM1,750.1185,KAPALI,2024,7,29
702072,2024-07-18,SAS24001146,1,H00016,320.01.0002,120,89.9568,120,YERLİ,2024-08-08,742,,0,2,32.9,02,HM1,328.1099,KAPALI,2024,7,29
702073,2024-07-18,SAS24001146,2,D00003,320.01.0002,120,294.9489,120,YERLİ,2024-08-17,742,,0,2,32.9,03,DG1,1075.8015,KAPALI,2024,7,29
702074,2024-07-18,SAS24001146,3,D00009,320.01.0002,250,248.4068,250,YERLİ,2024-08-17,742,,0,2,32.9,03,DG1,1887.5897,KAPALI,2024,7,29
702075,2024-07-18,SAS24001147,1,H00011,320.01.0008,500,32.5446,500,YERLİ,2024-08-08,742,,0,2,32.9,02,HM1,494.5988,KAPALI,2024,7,29
702076,2024-07-18,SAS24001147,2,D00001,320.01.0008,120,37.8401,120,YERLİ,2024-08-08,742,,0,2,32.9,03,DG1,138.0186,KAPALI,2024,7,29
702077,2024-07-19,SAS24001148,1,H00008,320.01.0022,2000,55.9337,2000,YERLİ,2024-09-02,741,,0,2,32.9,02,HM1,3400.2249,KAPALI,2024,7,29
702078,2024-07-19,SAS24001148,2,D00004,320.01.0022,500,76.6569,500,YERLİ,2024-08-09,741,,0,2,32.9,03,DG1,1164.9985,KAPALI,2024,7,29
702079,2024-07-19,SAS24001148,3,H00011,320.01.0022,250,39.6154,250,YERLİ,2024-08-18,741,,0,2,32.9,02,HM1,301.0289,KAPALI,2024,7,29
702080,2024-07-19,SAS24001149,1,D00010,320.01.0006,250,212.2505,250,YERLİ,2024-08-18,741,,0,2,32.9,03,DG1,1612.8457,KAPALI,2024,7,29
702081,2024-07-19,SAS24001150,1,H00006,320.01.0020,5000,109.687,5000,YERLİ,2024-08-18,741,,0,2,32.9,02,HM1,16669.7568,KAPALI,2024,7,29
702082,2024-07-19,SAS24001150,2,D00007,320.01.0020,1000,85.2522,1000,YERLİ,2024-09-17,741,,0,2,32.9,03,DG1,2591.2523,KAPALI,2024,7,29
702083,2024-07-19,SAS24001151,1,H00011,320.01.0001,500,38.4115,500,YERLİ,2024-08-18,741,,0,2,32.9,02,HM1,583.7614,KAPALI,2024,7,29
702084,2024-07-22,SAS24001152,1,H00010,320.01.0006,2000,20.3987,2000,YERLİ,2024-09-05,738,,0,2,32.9,02,HM1,1240.0426,KAPALI,2024,7,30
702085,2024-07-22,SAS24001152,2,D00001,320.01.0006,500,37.1877,500,YERLİ,2024-08-12,738,,0,2,32.9,03,DG1,565.1626,KAPALI,2024,7,30
702086,2024-07-22,SAS24001152,3,H00015,320.01.0006,250,45.0298,250,YERLİ,2024-08-21,738,,0,2,32.9,02,HM1,342.1717,KAPALI,2024,7,30
702087,2024-07-22,SAS24001153,1,D00005,320.01.0014,10000,271.2886,10000,YERLİ,2024-09-20,738,,0,2,32.9,03,DG1,82458.541,KAPALI,2024,7,30
702088,2024-07-22,SAS24001153,2,H00006,320.01.0014,250,110.4776,250,YERLİ,2024-08-01,738,,0,2,32.9,02,HM1,839.4954,KAPALI,2024,7,30
702089,2024-07-22,SAS24001153,3,H00007,320.01.0014,5000,42.4895,5000,YERLİ,2024-08-01,738,,0,2,32.9,02,HM1,6457.3708,KAPALI,2024,7,30
702090,2024-07-23,SAS24001154,1,D00012,320.01.0001,250,132.4044,0,YERLİ,2024-08-22,737,-707,250,2,32.9,03,DG1,1006.1125,ACIK,2024,7,30
702091,2024-07-23,SAS24001154,2,D00002,320.01.0001,5000,58.7116,5000,YERLİ,2024-10-21,737,,0,2,32.9,03,DG1,8922.7356,KAPALI,2024,7,30
702092,2024-07-23,SAS24001155,1,H00002,320.01.0001,5000,21.6448,5000,YERLİ,2024-09-06,737,,0,2,32.9,02,HM1,3289.4833,KAPALI,2024,7,30
702093,2024-07-23,SAS24001156,1,D00005,320.01.0028,120,292.9454,120,YERLİ,2024-08-02,737,,0,2,32.9,03,DG1,1068.4939,KAPALI,2024,7,30
702094,2024-07-23,SAS24001156,2,H00007,320.01.0028,120,46.1983,120,YERLİ,2024-08-02,737,,0,2,32.9,02,HM1,168.5044,KAPALI,2024,7,30
702095,2024-07-23,SAS24001157,1,H00004,320.01.0006,2000,66.8557,2000,YERLİ,2024-09-21,737,,0,2,32.9,02,HM1,4064.1763,KAPALI,2024,7,30
702096,2024-07-24,SAS24001158,1,D00004,320.01.0007,1000,62.1372,1000,YERLİ,2024-10-22,736,,0,2,32.9,03,DG1,1888.6687,KAPALI,2024,7,30
702097,2024-07-25,SAS24001159,1,D00011,320.01.0043,1000,8.6597,500,İTHAL,2024-08-04,735,-725,500,2,32.9,03,DG1,263.2128,ACIK,2024,7,30
702098,2024-07-25,SAS24001159,2,H00013,320.01.0043,250,82.9072,250,İTHAL,2024-09-08,735,,0,2,32.9,02,HM1,629.9939,KAPALI,2024,7,30
702099,2024-07-25,SAS24001159,3,D00011,320.01.0043,120,8.6544,120,İTHAL,2024-08-09,735,,0,2,32.9,03,DG1,31.5662,KAPALI,2024,7,30
702100,2024-07-25,SAS24001160,1,D00002,320.01.0034,10000,57.6627,10000,YERLİ,2024-08-09,735,,0,2,32.9,03,DG1,17526.6565,KAPALI,2024,7,30
702101,2024-07-25,SAS24001161,1,H00004,320.01.0004,10000,64.8593,10000,YERLİ,2024-08-04,735,,0,2,32.9,02,HM1,19714.0729,KAPALI,2024,7,30
702102,2024-07-25,SAS24001161,2,H00016,320.01.0004,120,75.9374,120,YERLİ,2024-09-08,735,,0,2,32.9,02,HM1,276.9753,KAPALI,2024,7,30
702103,2024-07-25,SAS24001161,3,H00003,320.01.0004,120,68.2628,120,YERLİ,2024-08-04,735,,0,2,32.9,02,HM1,248.9829,KAPALI,2024,7,30
702104,2024-07-25,SAS24001162,1,H00001,320.01.0029,5000,54.5733,5000,YERLİ,2024-08-24,735,,0,2,32.9,02,HM1,8293.8146,KAPALI,2024,7,30
702105,2024-07-25,SAS24001162,2,H00006,320.01.0029,1000,119.4245,1000,YERLİ,2024-10-23,735,,0,2,32.9,02,HM1,3629.924,KAPALI,2024,7,30
702106,2024-07-25,SAS24001162,3,H00002,320.01.0029,500,21.6963,500,YERLİ,2024-10-23,735,,0,2,32.9,02,HM1,329.731,KAPALI,2024,7,30
702107,2024-07-26,SAS24001163,1,D00007,320.01.0005,5000,72.4034,5000,YERLİ,2024-08-10,734,,0,2,32.9,03,DG1,11003.5562,KAPALI,2024,7,30
702108,2024-07-26,SAS24001164,1,D00012,320.01.0033,500,132.6801,500,YERLİ,2024-08-25,734,,0,2,32.9,03,DG1,2016.4149,KAPALI,2024,7,30
702109,2024-07-26,SAS24001164,2,D00010,320.01.0033,2000,222.2148,2000,YERLİ,2024-08-10,734,,0,2,32.9,03,DG1,13508.4985,KAPALI,2024,7,30
702110,2024-07-29,SAS24001165,1,H00015,320.01.0002,5000,45.1967,5000,YERLİ,2024-08-19,731,,0,2,32.9,02,HM1,6868.7994,KAPALI,2024,7,31
702111,2024-07-29,SAS24001165,2,H00006,320.01.0002,250,108.1263,250,YERLİ,2024-08-28,731,,0,2,32.9,02,HM1,821.6284,KAPALI,2024,7,31
702112,2024-07-29,SAS24001166,1,H00006,320.01.0028,250,110.3657,250,YERLİ,2024-08-08,731,,0,2,32.9,02,HM1,838.6451,KAPALI,2024,7,31
702113,2024-07-30,SAS24001167,1,D00012,320.01.0008,10000,127.6171,10000,YERLİ,2024-08-29,730,,0,2,32.9,03,DG1,38789.3921,KAPALI,2024,7,31
702114,2024-07-30,SAS24001167,2,D00008,320.01.0008,10000,299.5479,10000,YERLİ,2024-08-29,730,,0,2,32.9,03,DG1,91047.9939,KAPALI,2024,7,31
702115,2024-07-30,SAS24001168,1,H00016,320.01.0007,500,90.7876,500,YERLİ,2024-09-28,730,,0,2,32.9,02,HM1,1379.7508,KAPALI,2024,7,31
702116,2024-07-30,SAS24001169,1,H00002,320.01.0025,5000,21.5503,5000,İTHAL,2024-08-20,730,,0,2,32.9,02,HM1,3275.1216,KAPALI,2024,7,31
702117,2024-07-30,SAS24001170,1,H00013,320.01.0050,120,100.9118,120,YERLİ,2024-08-20,730,,0,2,32.9,02,HM1,368.0674,KAPALI,2024,7,31
702118,2024-07-30,SAS24001170,2,H00003,320.01.0050,1000,71.7695,1000,YERLİ,2024-09-13,730,,0,2,32.9,02,HM1,2181.4438,KAPALI,2024,7,31
702119,2024-07-30,SAS24001170,3,H00013,320.01.0050,120,95.8689,120,YERLİ,2024-08-20,730,,0,2,32.9,02,HM1,349.6738,KAPALI,2024,7,31
702120,2024-07-31,SAS24001171,1,D00004,320.01.0010,250,73.1918,250,YERLİ,2024-08-21,729,,0,2,32.9,03,DG1,556.1687,KAPALI,2024,7,31
702121,2024-07-31,SAS24001172,1,D00005,320.01.0053,1000,286.651,1000,İTHAL,2024-09-29,729,,0,2,32.9,03,DG1,8712.7964,KAPALI,2024,7,31
702122,2024-07-31,SAS24001173,1,H00002,320.01.0044,250,21.8391,250,YERLİ,2024-10-29,729,,0,2,32.9,02,HM1,165.9506,KAPALI,2024,7,31
702123,2024-07-31,SAS24001173,2,D00010,320.01.0044,2000,192.3944,2000,YERLİ,2024-08-21,729,,0,2,32.9,03,DG1,11695.7082,KAPALI,2024,7,31
702124,2024-07-31,SAS24001174,1,H00016,320.01.0018,10000,85.5821,10000,YERLİ,2024-08-30,729,,0,2,32.9,02,HM1,26012.7964,KAPALI,2024,7,31
702125,2024-07-31,SAS24001174,2,H00012,320.01.0018,120,34.2495,120,YERLİ,2024-08-21,729,,0,2,32.9,02,HM1,124.9222,KAPALI,2024,7,31
702126,2024-08-01,SAS24001175,1,D00012,320.01.0007,10000,142.2479,10000,YERLİ,2024-08-11,728,,0,2,33.35,03,DG1,42653.0435,KAPALI,2024,8,31
702127,2024-08-01,SAS24001175,2,H00015,320.01.0007,2000,42.1445,2000,YERLİ,2024-09-15,728,,0,2,33.35,02,HM1,2527.4063,KAPALI,2024,8,31
702128,2024-08-01,SAS24001176,1,D00009,320.01.0012,10000,260.7234,10000,YERLİ,2024-09-15,728,,0,2,33.35,03,DG1,78177.931,KAPALI,2024,8,31
702129,2024-08-01,SAS24001176,2,D00005,320.01.0012,2000,253.8281,1000,YERLİ,2024-09-30,728,-668,1000,2,33.35,03,DG1,15222.075,ACIK,2024,8,31
702130,2024-08-01,SAS24001176,3,H00007,320.01.0012,1000,40.9657,1000,YERLİ,2024-08-31,728,,0,2,33.35,02,HM1,1228.3568,KAPALI,2024,8,31
702131,2024-08-02,SAS24001177,1,D00003,320.01.0005,250,302.8163,125,YERLİ,2024-08-12,727,-717,125,2,33.35,03,DG1,2269.9873,ACIK,2024,8,31
702132,2024-08-02,SAS24001178,1,H00016,320.01.0007,2000,86.2968,2000,YERLİ,2024-08-17,727,,0,2,33.35,02,HM1,5175.2204,KAPALI,2024,8,31
702133,2024-08-02,SAS24001179,1,D00011,320.01.0009,2000,8.4016,2000,YERLİ,2024-08-17,727,,0,2,33.35,03,DG1,503.8441,KAPALI,2024,8,31
702134,2024-08-05,SAS24001180,1,H00005,320.01.0001,250,54.0402,250,YERLİ,2024-09-19,724,,0,2,33.35,02,HM1,405.099,KAPALI,2024,8,32
702135,2024-08-05,SAS24001181,1,H00002,320.01.0002,1000,20.1482,1000,YERLİ,2024-08-20,724,,0,2,33.35,02,HM1,604.1439,KAPALI,2024,8,32
702136,2024-08-05,SAS24001182,1,D00008,320.01.0004,2000,290.095,2000,YERLİ,2024-09-19,724,,0,2,33.35,03,DG1,17397.0015,KAPALI,2024,8,32
702137,2024-08-06,SAS24001183,1,D00012,320.01.0003,250,145.1522,125,İTHAL,2024-11-04,723,-633,125,2,33.35,03,DG1,1088.0975,ACIK,2024,8,32
702138,2024-08-07,SAS24001184,1,H00005,320.01.0004,2000,58.2246,0,YERLİ,2024-11-05,722,-632,2000,2,33.35,02,HM1,3491.7301,ACIK,2024,8,32
702139,2024-08-07,SAS24001184,2,D00007,320.01.0004,500,86.5054,500,YERLİ,2024-08-17,722,,0,2,33.35,03,DG1,1296.9325,KAPALI,2024,8,32
702140,2024-08-07,SAS24001184,3,H00011,320.01.0004,1000,37.9251,1000,YERLİ,2024-09-06,722,,0,2,33.35,02,HM1,1137.1844,KAPALI,2024,8,32
702141,2024-08-07,SAS24001185,1,H00002,320.01.0002,120,21.5005,120,YERLİ,2024-10-06,722,,0,2,33.35,02,HM1,77.3631,KAPALI,2024,8,32
702142,2024-08-07,SAS24001185,2,D00008,320.01.0002,5000,317.4346,5000,YERLİ,2024-09-06,722,,0,2,33.35,03,DG1,47591.3943,KAPALI,2024,8,32
702143,2024-08-07,SAS24001186,1,H00002,320.01.0003,1000,20.2307,1000,İTHAL,2024-08-28,722,,0,2,33.35,02,HM1,606.6177,KAPALI,2024,8,32
702144,2024-08-07,SAS24001186,2,H00007,320.01.0003,5000,41.4514,5000,İTHAL,2024-11-05,722,,0,2,33.35,02,HM1,6214.6027,KAPALI,2024,8,32
702145,2024-08-07,SAS24001186,3,H00010,320.01.0003,10000,22.9029,10000,İTHAL,2024-08-28,722,,0,2,33.35,02,HM1,6867.4363,KAPALI,2024,8,32
702146,2024-08-07,SAS24001187,1,D00002,320.01.0002,120,63.2217,120,YERLİ,2024-09-21,722,,0,2,33.35,03,DG1,227.4844,KAPALI,2024,8,32
702147,2024-08-07,SAS24001188,1,D00005,320.01.0046,250,313.192,250,YERLİ,2024-08-22,722,,0,2,33.35,03,DG1,2347.7661,KAPALI,2024,8,32
702148,2024-08-07,SAS24001188,2,H00016,320.01.0046,5000,82.1887,5000,YERLİ,2024-08-17,722,,0,2,33.35,02,HM1,12322.1439,KAPALI,2024,8,32
702149,2024-08-07,SAS24001188,3,H00005,320.01.0046,2000,57.4894,2000,YERLİ,2024-10-06,722,,0,2,33.35,02,HM1,3447.6402,KAPALI,2024,8,32
702150,2024-08-07,SAS24001189,1,H00015,320.01.0011,1000,36.3888,1000,YERLİ,2024-11-05,722,,0,2,33.35,02,HM1,1091.1184,KAPALI,2024,8,32
702151,2024-08-07,SAS24001189,2,D00002,320.01.0011,120,60.1639,120,YERLİ,2024-08-28,722,,0,2,33.35,03,DG1,216.4818,KAPALI,2024,8,32
702152,2024-08-08,SAS24001190,1,H00014,320.01.0023,500,35.8374,500,İTHAL,2024-08-18,721,,0,2,33.35,02,HM1,537.2924,KAPALI,2024,8,32
702153,2024-08-08,SAS24001191,1,D00004,320.01.0033,10000,77.4487,10000,YERLİ,2024-09-07,721,,0,2,33.35,03,DG1,23222.9985,KAPALI,2024,8,32
702154,2024-08-08,SAS24001191,2,D00008,320.01.0033,500,347.459,500,YERLİ,2024-09-22,721,,0,2,33.35,03,DG1,5209.2804,KAPALI,2024,8,32
702155,2024-08-08,SAS24001191,3,D00004,320.01.0033,120,78.8098,120,YERLİ,2024-08-23,721,,0,2,33.35,03,DG1,283.5735,KAPALI,2024,8,32
702156,2024-08-08,SAS24001192,1,D00007,320.01.0002,2000,88.6673,2000,YERLİ,2024-08-29,721,,0,2,33.35,03,DG1,5317.3793,KAPALI,2024,8,32
702157,2024-08-08,SAS24001192,2,H00007,320.01.0002,250,43.8448,250,YERLİ,2024-09-07,721,,0,2,33.35,02,HM1,328.6717,KAPALI,2024,8,32
702158,2024-08-09,SAS24001193,1,H00014,320.01.0002,10000,34.9551,10000,YERLİ,2024-09-23,720,,0,2,33.35,02,HM1,10481.2894,KAPALI,2024,8,32
702159,2024-08-12,SAS24001194,1,D00008,320.01.0013,250,321.7614,250,YERLİ,2024-09-11,717,,0,2,33.35,03,DG1,2412.0045,KAPALI,2024,8,33
702160,2024-08-12,SAS24001195,1,H00011,320.01.0055,120,33.6492,120,İTHAL,2024-10-11,717,,0,2,33.35,02,HM1,121.0766,KAPALI,2024,8,33
702161,2024-08-12,SAS24001195,2,H00007,320.01.0055,1000,48.7996,1000,İTHAL,2024-10-11,717,,0,2,33.35,02,HM1,1463.2564,KAPALI,2024,8,33
702162,2024-08-12,SAS24001196,1,H00002,320.01.0008,500,20.9472,500,YERLİ,2024-08-22,717,,0,2,33.35,02,HM1,314.051,KAPALI,2024,8,33
702163,2024-08-12,SAS24001196,2,H00003,320.01.0008,5000,67.3585,5000,YERLİ,2024-10-11,717,,0,2,33.35,02,HM1,10098.7256,KAPALI,2024,8,33
702164,2024-08-13,SAS24001197,1,H00004,320.01.0017,2000,72.2746,2000,YERLİ,2024-09-03,716,,0,2,33.35,02,HM1,4334.3088,KAPALI,2024,8,33
702165,2024-08-13,SAS24001198,1,H00011,320.01.0004,250,38.28,250,YERLİ,2024-08-28,716,,0,2,33.35,02,HM1,286.9565,KAPALI,2024,8,33
702166,2024-08-14,SAS24001199,1,H00001,320.01.0050,5000,53.189,5000,YERLİ,2024-10-13,715,,0,2,33.35,02,HM1,7974.3628,KAPALI,2024,8,33
702167,2024-08-14,SAS24001200,1,D00002,320.01.0003,5000,56.6104,5000,İTHAL,2024-09-13,715,,0,2,33.35,03,DG1,8487.3163,KAPALI,2024,8,33
702168,2024-08-14,SAS24001201,1,H00010,320.01.0002,500,23.0842,500,YERLİ,2024-09-04,715,,0,2,33.35,02,HM1,346.09,KAPALI,2024,8,33
702169,2024-08-14,SAS24001201,2,D00003,320.01.0002,2000,294.457,2000,YERLİ,2024-08-29,715,,0,2,33.35,03,DG1,17658.5907,KAPALI,2024,8,33
702170,2024-08-15,SAS24001202,1,H00001,320.01.0024,1000,48.6588,1000,YERLİ,2024-09-29,714,,0,2,33.35,02,HM1,1459.0345,KAPALI,2024,8,33
702171,2024-08-15,SAS24001203,1,H00002,320.01.0001,2000,18.9568,2000,YERLİ,2024-10-14,714,,0,2,33.35,02,HM1,1136.8396,KAPALI,2024,8,33
702172,2024-08-15,SAS24001204,1,D00011,320.01.0013,500,9.3494,500,YERLİ,2024-11-13,714,,0,2,33.35,03,DG1,140.1709,KAPALI,2024,8,33
702173,2024-08-15,SAS24001204,2,H00005,320.01.0013,500,61.2837,500,YERLİ,2024-08-25,714,,0,2,33.35,02,HM1,918.7961,KAPALI,2024,8,33
702174,2024-08-15,SAS24001204,3,D00011,320.01.0013,5000,9.8297,5000,YERLİ,2024-09-05,714,,0,2,33.35,03,DG1,1473.7181,KAPALI,2024,8,33
702175,2024-08-16,SAS24001205,1,D00011,320.01.0004,120,9.6094,120,YERLİ,2024-09-15,713,,0,2,33.35,03,DG1,34.5766,KAPALI,2024,8,33
702176,2024-08-16,SAS24001205,2,D00001,320.01.0004,10000,35.1244,10000,YERLİ,2024-08-31,713,,0,2,33.35,03,DG1,10532.054,KAPALI,2024,8,33
702177,2024-08-16,SAS24001206,1,H00008,320.01.0013,1000,67.7533,1000,YERLİ,2024-08-31,713,,0,2,33.35,02,HM1,2031.5832,KAPALI,2024,8,33
702178,2024-08-16,SAS24001206,2,H00008,320.01.0013,10000,70.1473,10000,YERLİ,2024-09-06,713,,0,2,33.35,02,HM1,21033.6732,KAPALI,2024,8,33
702179,2024-08-16,SAS24001206,3,H00007,320.01.0013,500,44.356,500,YERLİ,2024-09-15,713,,0,2,33.35,02,HM1,665.0075,KAPALI,2024,8,33
702180,2024-08-16,SAS24001207,1,H00002,320.01.0040,120,22.6861,120,YERLİ,2024-08-31,713,,0,2,33.35,02,HM1,81.6291,KAPALI,2024,8,33
702181,2024-08-16,SAS24001208,1,H00004,320.01.0050,1000,71.461,1000,YERLİ,2024-09-06,713,,0,2,33.35,02,HM1,2142.7586,KAPALI,2024,8,33
702182,2024-08-16,SAS24001208,2,H00013,320.01.0050,10000,95.6468,10000,YERLİ,2024-09-15,713,,0,2,33.35,02,HM1,28679.7001,KAPALI,2024,8,33
702183,2024-08-19,SAS24001209,1,D00008,320.01.0015,5000,315.0531,5000,YERLİ,2024-11-17,710,,0,2,33.35,03,DG1,47234.3478,KAPALI,2024,8,34
702184,2024-08-19,SAS24001209,2,H00008,320.01.0015,250,56.2074,250,YERLİ,2024-10-18,710,,0,2,33.35,02,HM1,421.3448,KAPALI,2024,8,34
702185,2024-08-19,SAS24001210,1,D00009,320.01.0005,2000,264.6132,2000,YERLİ,2024-09-03,710,,0,2,33.35,03,DG1,15868.8576,KAPALI,2024,8,34
702186,2024-08-19,SAS24001211,1,D00011,320.01.0012,5000,9.7564,5000,YERLİ,2024-09-09,710,,0,2,33.35,03,DG1,1462.7286,KAPALI,2024,8,34
702187,2024-08-19,SAS24001212,1,D00002,320.01.0030,2000,63.27,1000,YERLİ,2024-11-17,710,-620,1000,2,33.35,03,DG1,3794.3028,ACIK,2024,8,34
702188,2024-08-19,SAS24001213,1,H00012,320.01.0003,500,29.1177,500,İTHAL,2024-11-17,710,,0,2,33.35,02,HM1,436.5472,KAPALI,2024,8,34
702189,2024-08-20,SAS24001214,1,H00013,320.01.0012,500,92.8743,500,YERLİ,2024-10-04,709,,0,2,33.35,02,HM1,1392.4183,KAPALI,2024,8,34
702190,2024-08-20,SAS24001215,1,H00003,320.01.0030,250,79.3563,250,YERLİ,2024-09-19,709,,0,2,33.35,02,HM1,594.8748,KAPALI,2024,8,34
702191,2024-08-20,SAS24001215,2,D00004,320.01.0030,10000,79.0519,10000,YERLİ,2024-09-10,709,,0,2,33.35,03,DG1,23703.7181,KAPALI,2024,8,34
702192,2024-08-20,SAS24001215,3,D00011,320.01.0030,1000,8.669,1000,YERLİ,2024-09-19,709,,0,2,33.35,03,DG1,259.94,KAPALI,2024,8,34
702193,2024-08-20,SAS24001216,1,H00016,320.01.0019,5000,82.7339,5000,YERLİ,2024-09-19,709,,0,2,33.35,02,HM1,12403.8831,KAPALI,2024,8,34
702194,2024-08-20,SAS24001216,2,D00008,320.01.0019,1000,324.9274,1000,YERLİ,2024-09-19,709,,0,2,33.35,03,DG1,9742.9505,KAPALI,2024,8,34
702195,2024-08-20,SAS24001217,1,H00002,320.01.0053,10000,20.4198,0,İTHAL,2024-09-10,709,-688,10000,2,33.35,02,HM1,6122.8786,ACIK,2024,8,34
702196,2024-08-20,SAS24001218,1,D00006,320.01.0002,500,317.5531,500,YERLİ,2024-09-19,709,,0,2,33.35,03,DG1,4760.916,KAPALI,2024,8,34
702197,2024-08-20,SAS24001218,2,H00012,320.01.0002,250,33.1184,250,YERLİ,2024-08-30,709,,0,2,33.35,02,HM1,248.2639,KAPALI,2024,8,34
702198,2024-08-21,SAS24001219,1,D00010,320.01.0001,5000,214.8123,0,YERLİ,2024-10-20,708,-648,5000,2,33.35,03,DG1,32205.7421,ACIK,2024,8,34
702199,2024-08-21,SAS24001219,2,H00004,320.01.0001,250,68.1478,250,YERLİ,2024-11-19,708,,0,2,33.35,02,HM1,510.8531,KAPALI,2024,8,34
702200,2024-08-21,SAS24001219,3,H00003,320.01.0001,500,77.3252,500,YERLİ,2024-08-31,708,,0,2,33.35,02,HM1,1159.2984,KAPALI,2024,8,34
702201,2024-08-21,SAS24001220,1,H00001,320.01.0001,250,57.6367,250,YERLİ,2024-10-20,708,,0,2,33.35,02,HM1,432.0592,KAPALI,2024,8,34
702202,2024-08-22,SAS24001221,1,D00010,320.01.0019,1000,191.6884,1000,YERLİ,2024-09-21,707,,0,2,33.35,03,DG1,5747.7781,KAPALI,2024,8,34
702203,2024-08-22,SAS24001222,1,D00009,320.01.0008,5000,270.0197,5000,YERLİ,2024-09-12,707,,0,2,33.35,03,DG1,40482.7136,KAPALI,2024,8,34
702204,2024-08-23,SAS24001223,1,H00016,320.01.0010,250,85.8916,250,YERLİ,2024-09-22,706,,0,2,33.35,02,HM1,643.8651,KAPALI,2024,8,34
702205,2024-08-23,SAS24001223,2,H00004,320.01.0010,1000,76.2873,1000,YERLİ,2024-09-02,706,,0,2,33.35,02,HM1,2287.4753,KAPALI,2024,8,34
702206,2024-08-23,SAS24001223,3,H00006,320.01.0010,120,121.1173,120,YERLİ,2024-10-07,706,,0,2,33.35,02,HM1,435.8044,KAPALI,2024,8,34
702207,2024-08-23,SAS24001224,1,H00014,320.01.0010,5000,38.3583,5000,YERLİ,2024-10-07,706,,0,2,33.35,02,HM1,5750.8696,KAPALI,2024,8,34
702208,2024-08-23,SAS24001224,2,D00003,320.01.0010,1000,324.5622,1000,YERLİ,2024-11-21,706,,0,2,33.35,03,DG1,9732,KAPALI,2024,8,34
702209,2024-08-23,SAS24001224,3,H00005,320.01.0010,1000,54.5926,1000,YERLİ,2024-10-22,706,,0,2,33.35,02,HM1,1636.9595,KAPALI,2024,8,34
702210,2024-08-26,SAS24001225,1,H00012,320.01.0013,500,30.3066,0,YERLİ,2024-09-25,703,-673,500,2,33.35,02,HM1,454.3718,ACIK,2024,8,35
702211,2024-08-27,SAS24001226,1,D00011,320.01.0002,2000,9.6853,2000,YERLİ,2024-10-26,702,,0,2,33.35,03,DG1,580.8276,KAPALI,2024,8,35
702212,2024-08-27,SAS24001227,1,D00001,320.01.0030,250,35.129,250,YERLİ,2024-10-11,702,,0,2,33.35,03,DG1,263.3358,KAPALI,2024,8,35
702213,2024-08-27,SAS24001227,2,H00003,320.01.0030,10000,75.5319,10000,YERLİ,2024-10-11,702,,0,2,33.35,02,HM1,22648.2459,KAPALI,2024,8,35
702214,2024-08-28,SAS24001228,1,H00015,320.01.0002,5000,39.6718,5000,YERLİ,2024-09-07,701,,0,2,33.35,02,HM1,5947.7961,KAPALI,2024,8,35
702215,2024-08-28,SAS24001229,1,H00007,320.01.0006,2000,49.0933,1000,YERLİ,2024-09-27,701,-671,1000,2,33.35,02,HM1,2944.1259,ACIK,2024,8,35
702216,2024-08-28,SAS24001229,2,H00014,320.01.0006,250,37.534,250,YERLİ,2024-09-18,701,,0,2,33.35,02,HM1,281.3643,KAPALI,2024,8,35
702217,2024-08-28,SAS24001229,3,D00011,320.01.0006,500,8.9614,500,YERLİ,2024-10-12,701,,0,2,33.35,03,DG1,134.3538,KAPALI,2024,8,35
702218,2024-08-28,SAS24001230,1,H00001,320.01.0008,500,49.1467,500,YERLİ,2024-09-27,701,,0,2,33.35,02,HM1,736.8321,KAPALI,2024,8,35
702219,2024-08-30,SAS24001231,1,H00006,320.01.0016,10000,111.2232,10000,YERLİ,2024-09-14,699,,0,2,33.35,02,HM1,33350.2849,KAPALI,2024,8,35
702220,2024-08-30,SAS24001231,2,H00004,320.01.0016,1000,63.4768,1000,YERLİ,2024-09-29,699,,0,2,33.35,02,HM1,1903.3523,KAPALI,2024,8,35
702221,2024-08-30,SAS24001232,1,H00011,320.01.0005,120,34.5001,120,YERLİ,2024-10-14,699,,0,2,33.35,02,HM1,124.1383,KAPALI,2024,8,35
702222,2024-08-30,SAS24001232,2,H00010,320.01.0005,2000,22.1998,0,YERLİ,2024-09-29,699,-669,2000,2,33.35,02,HM1,1331.3223,ACIK,2024,8,35
702223,2024-08-30,SAS24001233,1,H00014,320.01.0038,1000,37.1807,1000,YERLİ,2024-09-14,699,,0,2,33.35,02,HM1,1114.8636,KAPALI,2024,8,35
702224,2024-08-30,SAS24001233,2,D00008,320.01.0038,5000,335.7658,5000,YERLİ,2024-10-14,699,,0,2,33.35,03,DG1,50339.7001,KAPALI,2024,8,35
702225,2024-09-02,SAS24001234,1,H00006,320.01.0001,1000,106.7271,1000,YERLİ,2024-11-01,696,,0,2,33.8,02,HM1,3157.6065,KAPALI,2024,9,36
702226,2024-09-02,SAS24001234,2,H00003,320.01.0001,500,78.6874,500,YERLİ,2024-10-02,696,,0,2,33.8,02,HM1,1164.0148,KAPALI,2024,9,36
702227,2024-09-02,SAS24001234,3,H00013,320.01.0001,10000,99.0431,10000,YERLİ,2024-09-17,696,,0,2,33.8,02,HM1,29302.6923,KAPALI,2024,9,36
702228,2024-09-02,SAS24001235,1,H00004,320.01.0016,500,67.2059,500,YERLİ,2024-10-02,696,,0,2,33.8,02,HM1,994.1701,KAPALI,2024,9,36
702229,2024-09-02,SAS24001235,2,H00010,320.01.0016,1000,23.4134,1000,YERLİ,2024-10-02,696,,0,2,33.8,02,HM1,692.7041,KAPALI,2024,9,36
702230,2024-09-02,SAS24001236,1,H00012,320.01.0029,1000,30.6873,1000,YERLİ,2024-09-23,696,,0,2,33.8,02,HM1,907.9083,KAPALI,2024,9,36
702231,2024-09-02,SAS24001237,1,D00010,320.01.0042,1000,218.1235,1000,YERLİ,2024-09-17,696,,0,2,33.8,03,DG1,6453.358,KAPALI,2024,9,36
702232,2024-09-03,SAS24001238,1,D00008,320.01.0001,1000,344.9661,500,YERLİ,2024-11-02,695,-635,500,2,33.8,03,DG1,10206.0976,ACIK,2024,9,36
702233,2024-09-03,SAS24001239,1,H00011,320.01.0011,500,33.4002,500,YERLİ,2024-10-18,695,,0,2,33.8,02,HM1,494.0858,KAPALI,2024,9,36
702234,2024-09-03,SAS24001239,2,H00015,320.01.0011,5000,38.1139,5000,YERLİ,2024-09-13,695,,0,2,33.8,02,HM1,5638.1509,KAPALI,2024,9,36
702235,2024-09-03,SAS24001239,3,H00003,320.01.0011,10000,83.9789,10000,YERLİ,2024-09-18,695,,0,2,33.8,02,HM1,24845.8284,KAPALI,2024,9,36
702236,2024-09-04,SAS24001240,1,H00011,320.01.0026,250,34.3638,250,YERLİ,2024-09-25,694,,0,2,33.8,02,HM1,254.1701,KAPALI,2024,9,36
702237,2024-09-04,SAS24001241,1,H00016,320.01.0036,500,92.6847,500,YERLİ,2024-10-19,694,,0,2,33.8,02,HM1,1371.0754,KAPALI,2024,9,36
702238,2024-09-04,SAS24001241,2,H00012,320.01.0036,2000,28.1755,2000,YERLİ,2024-09-25,694,,0,2,33.8,02,HM1,1667.1893,KAPALI,2024,9,36
702239,2024-09-04,SAS24001242,1,D00004,320.01.0001,1000,73.8298,1000,YERLİ,2024-09-19,694,,0,2,33.8,03,DG1,2184.3136,KAPALI,2024,9,36
702240,2024-09-04,SAS24001243,1,D00007,320.01.0039,10000,91.0446,10000,YERLİ,2024-11-03,694,,0,2,33.8,03,DG1,26936.2722,KAPALI,2024,9,36
702241,2024-09-04,SAS24001244,1,H00016,320.01.0004,2000,78.756,2000,YERLİ,2024-10-04,694,,0,2,33.8,02,HM1,4660.1183,KAPALI,2024,9,36
702242,2024-09-05,SAS24001245,1,H00014,320.01.0011,5000,32.6708,5000,YERLİ,2024-10-20,693,,0,2,33.8,02,HM1,4832.9586,KAPALI,2024,9,36
702243,2024-09-05,SAS24001246,1,D00002,320.01.0018,5000,58.1453,5000,YERLİ,2024-09-20,693,,0,2,33.8,03,DG1,8601.3757,KAPALI,2024,9,36
702244,2024-09-05,SAS24001246,2,H00005,320.01.0018,10000,51.7971,10000,YERLİ,2024-09-15,693,,0,2,33.8,02,HM1,15324.5858,KAPALI,2024,9,36
702245,2024-09-05,SAS24001247,1,H00010,320.01.0026,2000,21.1928,2000,YERLİ,2024-12-04,693,,0,2,33.8,02,HM1,1254.0118,KAPALI,2024,9,36
702246,2024-09-05,SAS24001247,2,H00013,320.01.0026,250,101.7751,250,YERLİ,2024-09-15,693,,0,2,33.8,02,HM1,752.7744,KAPALI,2024,9,36
702247,2024-09-05,SAS24001247,3,H00013,320.01.0026,5000,87.8722,5000,YERLİ,2024-12-04,693,,0,2,33.8,02,HM1,12998.8462,KAPALI,2024,9,36
702248,2024-09-06,SAS24001248,1,H00007,320.01.0003,120,46.4931,120,İTHAL,2024-09-27,692,,0,2,33.8,02,HM1,165.0643,KAPALI,2024,9,36
702249,2024-09-06,SAS24001248,2,D00011,320.01.0003,500,8.6373,500,İTHAL,2024-09-16,692,,0,2,33.8,03,DG1,127.7707,KAPALI,2024,9,36
702250,2024-09-09,SAS24001249,1,D00001,320.01.0033,1000,40.6244,1000,YERLİ,2024-09-19,689,,0,2,33.8,03,DG1,1201.9053,KAPALI,2024,9,37
702251,2024-09-09,SAS24001250,1,H00010,320.01.0008,250,23.5482,250,YERLİ,2024-09-19,689,,0,2,33.8,02,HM1,174.1731,KAPALI,2024,9,37
702252,2024-09-09,SAS24001251,1,H00011,320.01.0041,250,40.0513,250,İTHAL,2024-10-24,689,,0,2,33.8,02,HM1,296.2374,KAPALI,2024,9,37
702253,2024-09-09,SAS24001251,2,H00013,320.01.0041,120,84.8287,120,İTHAL,2024-09-19,689,,0,2,33.8,02,HM1,301.167,KAPALI,2024,9,37
702254,2024-09-10,SAS24001252,1,H00005,320.01.0001,120,57.8443,120,YERLİ,2024-11-09,688,,0,2,33.8,02,HM1,205.3644,KAPALI,2024,9,37
702255,2024-09-10,SAS24001252,2,H00001,320.01.0001,250,54.5375,250,YERLİ,2024-09-25,688,,0,2,33.8,02,HM1,403.3839,KAPALI,2024,9,37
702256,2024-09-10,SAS24001252,3,H00013,320.01.0001,250,107.3261,0,YERLİ,2024-12-09,688,-598,250,2,33.8,02,HM1,793.8321,ACIK,2024,9,37
702257,2024-09-10,SAS24001253,1,D00011,320.01.0002,250,9.4865,250,YERLİ,2024-10-10,688,,0,2,33.8,03,DG1,70.1664,KAPALI,2024,9,37
702258,2024-09-10,SAS24001253,2,H00008,320.01.0002,2000,70.0754,2000,YERLİ,2024-10-25,688,,0,2,33.8,02,HM1,4146.4734,KAPALI,2024,9,37
702259,2024-09-10,SAS24001254,1,D00003,320.01.0027,2000,341.1373,2000,YERLİ,2024-09-25,688,,0,2,33.8,03,DG1,20185.6391,KAPALI,2024,9,37
702260,2024-09-10,SAS24001254,2,D00009,320.01.0027,10000,264.6104,10000,YERLİ,2024-12-09,688,,0,2,33.8,03,DG1,78287.1006,KAPALI,2024,9,37
702261,2024-09-10,SAS24001255,1,H00006,320.01.0048,500,123.6468,500,YERLİ,2024-09-20,688,,0,2,33.8,02,HM1,1829.0947,KAPALI,2024,9,37
702262,2024-09-10,SAS24001255,2,H00015,320.01.0048,2000,38.1418,2000,YERLİ,2024-09-20,688,,0,2,33.8,02,HM1,2256.9112,KAPALI,2024,9,37
702263,2024-09-10,SAS24001255,3,D00012,320.01.0048,120,146.6832,120,YERLİ,2024-12-09,688,,0,2,33.8,03,DG1,520.7688,KAPALI,2024,9,37
702264,2024-09-11,SAS24001256,1,H00005,320.01.0001,250,49.443,125,YERLİ,2024-10-11,687,-657,125,2,33.8,02,HM1,365.7027,ACIK,2024,9,37
702265,2024-09-12,SAS24001257,1,H00010,320.01.0004,1000,25.1112,1000,YERLİ,2024-09-22,686,,0,2,33.8,02,HM1,742.9349,KAPALI,2024,9,37
702266,2024-09-12,SAS24001257,2,H00003,320.01.0004,5000,80.0759,5000,YERLİ,2024-10-03,686,,0,2,33.8,02,HM1,11845.5473,KAPALI,2024,9,37
702267,2024-09-12,SAS24001258,1,H00002,320.01.0012,250,22.7769,250,YERLİ,2024-12-11,686,,0,2,33.8,02,HM1,168.4682,KAPALI,2024,9,37
702268,2024-09-13,SAS24001259,1,H00002,320.01.0012,120,21.5447,120,YERLİ,2024-09-23,685,,0,2,33.8,02,HM1,76.4901,KAPALI,2024,9,37
702269,2024-09-13,SAS24001259,2,D00004,320.01.0012,500,76.1063,500,YERLİ,2024-12-12,685,,0,2,33.8,03,DG1,1125.8328,KAPALI,2024,9,37
702270,2024-09-13,SAS24001259,3,D00012,320.01.0012,1000,141.2143,500,YERLİ,2024-11-12,685,-625,500,2,33.8,03,DG1,4177.9379,ACIK,2024,9,37
702271,2024-09-16,SAS24001260,1,D00009,320.01.0013,5000,266.031,5000,YERLİ,2024-09-26,682,,0,2,33.8,03,DG1,39353.6982,KAPALI,2024,9,38
702272,2024-09-16,SAS24001260,2,D00009,320.01.0013,120,231.961,120,YERLİ,2024-10-16,682,,0,2,33.8,03,DG1,823.5302,KAPALI,2024,9,38
702273,2024-09-16,SAS24001261,1,H00016,320.01.0020,10000,95.1514,10000,YERLİ,2024-10-16,682,,0,2,33.8,02,HM1,28151.3018,KAPALI,2024,9,38
702274,2024-09-17,SAS24001262,1,D00002,320.01.0026,2000,67.8641,2000,YERLİ,2024-10-02,681,,0,2,33.8,03,DG1,4015.6272,KAPALI,2024,9,38
702275,2024-09-17,SAS24001262,2,D00010,320.01.0026,250,229.0255,250,YERLİ,2024-11-16,681,,0,2,33.8,03,DG1,1693.9756,KAPALI,2024,9,38
702276,2024-09-17,SAS24001262,3,D00010,320.01.0026,1000,234.0957,1000,YERLİ,2024-09-27,681,,0,2,33.8,03,DG1,6925.9083,KAPALI,2024,9,38
702277,2024-09-17,SAS24001263,1,H00005,320.01.0007,250,58.3106,250,YERLİ,2024-10-17,681,,0,2,33.8,02,HM1,431.2914,KAPALI,2024,9,38
702278,2024-09-17,SAS24001263,2,H00011,320.01.0007,10000,38.2122,10000,YERLİ,2024-10-08,681,,0,2,33.8,02,HM1,11305.3846,KAPALI,2024,9,38
702279,2024-09-17,SAS24001263,3,D00001,320.01.0007,250,37.7512,250,YERLİ,2024-12-16,681,,0,2,33.8,03,DG1,279.2249,KAPALI,2024,9,38
702280,2024-09-17,SAS24001264,1,H00009,320.01.0001,10000,88.4697,10000,YERLİ,2024-10-02,681,,0,2,33.8,02,HM1,26174.4675,KAPALI,2024,9,38
702281,2024-09-17,SAS24001264,2,D00001,320.01.0001,250,35.5886,250,YERLİ,2024-11-16,681,,0,2,33.8,03,DG1,263.2293,KAPALI,2024,9,38
702282,2024-09-17,SAS24001264,3,H00006,320.01.0001,500,113.012,500,YERLİ,2024-11-01,681,,0,2,33.8,02,HM1,1671.7751,KAPALI,2024,9,38
702283,2024-09-18,SAS24001265,1,H00010,320.01.0044,5000,21.2941,5000,YERLİ,2024-12-17,680,,0,2,33.8,02,HM1,3150.0148,KAPALI,2024,9,38
702284,2024-09-18,SAS24001265,2,D00001,320.01.0044,2000,35.278,2000,YERLİ,2024-11-02,680,,0,2,33.8,03,DG1,2087.4556,KAPALI,2024,9,38
702285,2024-09-18,SAS24001266,1,H00002,320.01.0032,250,20.4713,250,YERLİ,2024-09-28,680,,0,2,33.8,02,HM1,151.4149,KAPALI,2024,9,38
702286,2024-09-18,SAS24001266,2,H00003,320.01.0032,2000,79.0534,2000,YERLİ,2024-11-17,680,,0,2,33.8,02,HM1,4677.716,KAPALI,2024,9,38
702287,2024-09-18,SAS24001266,3,H00005,320.01.0032,1000,53.0707,500,YERLİ,2024-11-02,680,-635,500,2,33.8,02,HM1,1570.1391,ACIK,2024,9,38
702288,2024-09-18,SAS24001267,1,H00014,320.01.0048,5000,33.3674,5000,YERLİ,2024-11-02,680,,0,2,33.8,02,HM1,4936.0059,KAPALI,2024,9,38
702289,2024-09-18,SAS24001267,2,H00004,320.01.0048,5000,73.8074,5000,YERLİ,2024-11-02,680,,0,2,33.8,02,HM1,10918.2544,KAPALI,2024,9,38
702290,2024-09-18,SAS24001267,3,D00010,320.01.0048,1000,207.9507,1000,YERLİ,2024-11-17,680,,0,2,33.8,03,DG1,6152.3876,KAPALI,2024,9,38
702291,2024-09-18,SAS24001268,1,H00015,320.01.0002,1000,44.3061,1000,YERLİ,2024-11-17,680,,0,2,33.8,02,HM1,1310.8314,KAPALI,2024,9,38
702292,2024-09-18,SAS24001268,2,D00010,320.01.0002,250,183.4182,250,YERLİ,2024-10-03,680,,0,2,33.8,03,DG1,1356.6435,KAPALI,2024,9,38
702293,2024-09-18,SAS24001268,3,H00004,320.01.0002,5000,67.6388,5000,YERLİ,2024-10-18,680,,0,2,33.8,02,HM1,10005.7396,KAPALI,2024,9,38
702294,2024-09-19,SAS24001269,1,D00010,320.01.0031,1000,220.7822,1000,YERLİ,2024-12-18,679,,0,2,33.8,03,DG1,6532.0178,KAPALI,2024,9,38
702295,2024-09-19,SAS24001270,1,H00009,320.01.0040,120,81.7428,120,YERLİ,2024-10-04,679,,0,2,33.8,02,HM1,290.2111,KAPALI,2024,9,38
702296,2024-09-19,SAS24001270,2,D00004,320.01.0040,2000,70.5601,2000,YERLİ,2024-10-10,679,,0,2,33.8,03,DG1,4175.1538,KAPALI,2024,9,38
702297,2024-09-20,SAS24001271,1,H00008,320.01.0001,10000,64.8993,10000,YERLİ,2024-11-04,678,,0,2,33.8,02,HM1,19200.9763,KAPALI,2024,9,38
702298,2024-09-20,SAS24001271,2,H00015,320.01.0001,120,45.4523,120,YERLİ,2024-11-19,678,,0,2,33.8,02,HM1,161.3691,KAPALI,2024,9,38
702299,2024-09-20,SAS24001272,1,D00004,320.01.0004,1000,66.1492,1000,YERLİ,2024-11-19,678,,0,2,33.8,03,DG1,1957.0769,KAPALI,2024,9,38
702300,2024-09-20,SAS24001273,1,H00013,320.01.0007,120,105.2677,120,YERLİ,2024-10-11,678,,0,2,33.8,02,HM1,373.7315,KAPALI,2024,9,38
702301,2024-09-20,SAS24001274,1,D00009,320.01.0001,250,273.8516,250,YERLİ,2024-09-30,678,,0,2,33.8,03,DG1,2025.5296,KAPALI,2024,9,38
702302,2024-09-20,SAS24001274,2,D00001,320.01.0001,2000,34.1439,2000,YERLİ,2024-09-30,678,,0,2,33.8,03,DG1,2020.3491,KAPALI,2024,9,38
702303,2024-09-23,SAS24001275,1,H00012,320.01.0001,500,28.5892,0,YERLİ,2024-11-22,675,-615,500,2,33.8,02,HM1,422.9172,ACIK,2024,9,39
702304,2024-09-23,SAS24001276,1,H00015,320.01.0001,5000,43.343,5000,YERLİ,2024-10-14,675,,0,2,33.8,02,HM1,6411.6864,KAPALI,2024,9,39
702305,2024-09-23,SAS24001276,2,H00015,320.01.0001,120,38.7349,60,YERLİ,2024-10-08,675,-660,60,2,33.8,02,HM1,137.5204,ACIK,2024,9,39
702306,2024-09-24,SAS24001277,1,H00014,320.01.0021,500,35.0762,500,YERLİ,2024-11-08,674,,0,2,33.8,02,HM1,518.8787,KAPALI,2024,9,39
702307,2024-09-24,SAS24001277,2,D00006,320.01.0021,10000,283.5552,10000,YERLİ,2024-11-23,674,,0,2,33.8,03,DG1,83892.071,KAPALI,2024,9,39
702308,2024-09-24,SAS24001278,1,H00015,320.01.0007,1000,37.4014,1000,YERLİ,2024-10-24,674,,0,2,33.8,02,HM1,1106.5503,KAPALI,2024,9,39
702309,2024-09-25,SAS24001279,1,H00003,320.01.0004,10000,85.8369,10000,YERLİ,2024-10-16,673,,0,2,33.8,02,HM1,25395.5325,KAPALI,2024,9,39
702310,2024-09-25,SAS24001279,2,H00005,320.01.0004,2000,50.2953,2000,YERLİ,2024-10-25,673,,0,2,33.8,02,HM1,2976.0533,KAPALI,2024,9,39
702311,2024-09-25,SAS24001280,1,D00003,320.01.0003,10000,288.5614,10000,İTHAL,2024-10-25,673,,0,2,33.8,03,DG1,85373.1953,KAPALI,2024,9,39
702312,2024-09-25,SAS24001281,1,H00016,320.01.0040,500,83.8365,500,YERLİ,2024-11-09,673,,0,2,33.8,02,HM1,1240.1849,KAPALI,2024,9,39
702313,2024-09-25,SAS24001281,2,H00013,320.01.0040,250,97.2483,250,YERLİ,2024-10-25,673,,0,2,33.8,02,HM1,719.2922,KAPALI,2024,9,39
702314,2024-09-25,SAS24001281,3,D00011,320.01.0040,5000,8.8913,5000,YERLİ,2024-12-24,673,,0,2,33.8,03,DG1,1315.2811,KAPALI,2024,9,39
702315,2024-09-26,SAS24001282,1,H00007,320.01.0013,250,41.3579,250,YERLİ,2024-10-11,672,,0,2,33.8,02,HM1,305.9016,KAPALI,2024,9,39
702316,2024-09-26,SAS24001283,1,D00008,320.01.0001,1000,320.1048,1000,YERLİ,2024-10-17,672,,0,2,33.8,03,DG1,9470.5562,KAPALI,2024,9,39
702317,2024-09-26,SAS24001283,2,D00001,320.01.0001,5000,41.6857,5000,YERLİ,2024-12-25,672,,0,2,33.8,03,DG1,6166.5237,KAPALI,2024,9,39
702318,2024-09-26,SAS24001283,3,H00005,320.01.0001,10000,55.6022,10000,YERLİ,2024-10-11,672,,0,2,33.8,02,HM1,16450.355,KAPALI,2024,9,39
702319,2024-09-26,SAS24001284,1,D00005,320.01.0002,10000,256.4837,10000,YERLİ,2024-11-10,672,,0,2,33.8,03,DG1,75882.7515,KAPALI,2024,9,39
702320,2024-09-26,SAS24001284,2,D00002,320.01.0002,5000,56.3754,5000,YERLİ,2024-10-06,672,,0,2,33.8,03,DG1,8339.5562,KAPALI,2024,9,39
702321,2024-09-27,SAS24001285,1,D00006,320.01.0001,5000,284.5814,5000,YERLİ,2024-12-26,671,,0,2,33.8,03,DG1,42097.8402,KAPALI,2024,9,39
702322,2024-09-27,SAS24001285,2,H00007,320.01.0001,500,45.0961,500,YERLİ,2024-11-11,671,,0,2,33.8,02,HM1,667.1021,KAPALI,2024,9,39
702323,2024-09-27,SAS24001286,1,H00003,320.01.0001,5000,70.1787,5000,YERLİ,2024-10-12,671,,0,2,33.8,02,HM1,10381.4645,KAPALI,2024,9,39
702324,2024-09-27,SAS24001286,2,H00011,320.01.0001,10000,40.5839,10000,YERLİ,2024-11-26,671,,0,2,33.8,02,HM1,12007.071,KAPALI,2024,9,39
702325,2024-09-30,SAS24001287,1,H00007,320.01.0008,250,47.3735,250,YERLİ,2024-11-29,668,,0,2,33.8,02,HM1,350.3957,KAPALI,2024,9,40
702326,2024-09-30,SAS24001288,1,D00005,320.01.0001,2000,305.4008,2000,YERLİ,2024-11-14,668,,0,2,33.8,03,DG1,18071.0533,KAPALI,2024,9,40
702327,2024-10-01,SAS24001289,1,D00010,320.01.0020,5000,215.8358,5000,YERLİ,2024-10-11,667,,0,2,34.25,03,DG1,31508.8759,KAPALI,2024,10,40
702328,2024-10-01,SAS24001289,2,H00002,320.01.0020,1000,23.6654,1000,YERLİ,2024-10-22,667,,0,2,34.25,02,HM1,690.9606,KAPALI,2024,10,40
702329,2024-10-01,SAS24001290,1,D00002,320.01.0014,2000,67.5861,2000,YERLİ,2024-11-30,667,,0,2,34.25,03,DG1,3946.6336,KAPALI,2024,10,40
702330,2024-10-01,SAS24001290,2,H00009,320.01.0014,5000,84.3284,5000,YERLİ,2024-10-16,667,,0,2,34.25,02,HM1,12310.7153,KAPALI,2024,10,40
702331,2024-10-02,SAS24001291,1,D00011,320.01.0004,500,8.9323,500,YERLİ,2024-12-01,666,,0,2,34.25,03,DG1,130.3985,KAPALI,2024,10,40
702332,2024-10-02,SAS24001292,1,D00005,320.01.0005,1000,275.2348,1000,YERLİ,2024-12-31,666,,0,2,34.25,03,DG1,8036.0526,KAPALI,2024,10,40
702333,2024-10-02,SAS24001292,2,D00005,320.01.0005,5000,263.4393,5000,YERLİ,2024-10-23,666,,0,2,34.25,03,DG1,38458.292,KAPALI,2024,10,40
702334,2024-10-02,SAS24001292,3,D00007,320.01.0005,500,86.6138,500,YERLİ,2024-10-23,666,,0,2,34.25,03,DG1,1264.435,KAPALI,2024,10,40
702335,2024-10-02,SAS24001293,1,H00005,320.01.0015,250,59.6166,250,YERLİ,2024-11-16,666,,0,2,34.25,02,HM1,435.1577,KAPALI,2024,10,40
702336,2024-10-02,SAS24001293,2,D00010,320.01.0015,2000,211.6212,2000,YERLİ,2024-12-01,666,,0,2,34.25,03,DG1,12357.4423,KAPALI,2024,10,40
702337,2024-10-02,SAS24001294,1,H00011,320.01.0019,10000,37.3068,0,YERLİ,2024-10-17,666,-651,10000,2,34.25,02,HM1,10892.4964,ACIK,2024,10,40
702338,2024-10-03,SAS24001295,1,D00004,320.01.0021,2000,73.6335,2000,YERLİ,2024-10-18,665,,0,2,34.25,03,DG1,4299.7664,KAPALI,2024,10,40
702339,2024-10-03,SAS24001296,1,H00014,320.01.0007,500,35.4664,500,YERLİ,2025-01-01,665,,0,2,34.25,02,HM1,517.7577,KAPALI,2024,10,40
702340,2024-10-03,SAS24001296,2,H00013,320.01.0007,120,98.3637,120,YERLİ,2024-10-18,665,,0,2,34.25,02,HM1,344.6319,KAPALI,2024,10,40
702341,2024-10-03,SAS24001297,1,H00003,320.01.0023,5000,72.7151,5000,İTHAL,2024-11-17,665,,0,2,34.25,02,HM1,10615.3431,KAPALI,2024,10,40
702342,2024-10-03,SAS24001297,2,D00010,320.01.0023,1000,206.2456,1000,İTHAL,2025-01-01,665,,0,2,34.25,03,DG1,6021.7693,KAPALI,2024,10,40
702343,2024-10-03,SAS24001298,1,H00007,320.01.0003,250,50.9142,250,İTHAL,2024-10-24,665,,0,2,34.25,02,HM1,371.6365,KAPALI,2024,10,40
702344,2024-10-03,SAS24001298,2,H00015,320.01.0003,5000,44.5506,5000,İTHAL,2024-11-02,665,,0,2,34.25,02,HM1,6503.7372,KAPALI,2024,10,40
702345,2024-10-03,SAS24001299,1,D00006,320.01.0042,250,350.27,250,YERLİ,2024-11-17,665,,0,2,34.25,03,DG1,2556.7153,KAPALI,2024,10,40
702346,2024-10-03,SAS24001299,2,H00009,320.01.0042,250,85.6498,250,YERLİ,2024-10-24,665,,0,2,34.25,02,HM1,625.181,KAPALI,2024,10,40
702347,2024-10-04,SAS24001300,1,D00006,320.01.0054,10000,353.0032,10000,YERLİ,2024-10-19,664,,0,2,34.25,03,DG1,103066.6277,KAPALI,2024,10,40
702348,2024-10-04,SAS24001300,2,H00009,320.01.0054,10000,78.9899,5000,YERLİ,2024-11-18,664,-619,5000,2,34.25,02,HM1,23062.7445,ACIK,2024,10,40
702349,2024-10-04,SAS24001301,1,H00012,320.01.0012,2000,31.9344,2000,YERLİ,2024-10-14,664,,0,2,34.25,02,HM1,1864.7825,KAPALI,2024,10,40
702350,2024-10-04,SAS24001301,2,D00008,320.01.0012,500,314.3459,500,YERLİ,2024-10-14,664,,0,2,34.25,03,DG1,4588.9912,KAPALI,2024,10,40
702351,2024-10-04,SAS24001301,3,D00004,320.01.0012,250,72.0279,250,YERLİ,2024-12-03,664,,0,2,34.25,03,DG1,525.7511,KAPALI,2024,10,40
702352,2024-10-04,SAS24001302,1,H00002,320.01.0044,2000,22.3412,2000,YERLİ,2024-11-03,664,,0,2,34.25,02,HM1,1304.5956,KAPALI,2024,10,40
702353,2024-10-04,SAS24001302,2,H00015,320.01.0044,120,44.2552,120,YERLİ,2024-12-03,664,,0,2,34.25,02,HM1,155.0547,KAPALI,2024,10,40
702354,2024-10-04,SAS24001303,1,H00010,320.01.0016,10000,21.5617,10000,YERLİ,2024-10-25,664,,0,2,34.25,02,HM1,6295.3869,KAPALI,2024,10,40
702355,2024-10-04,SAS24001303,2,D00004,320.01.0016,5000,71.5766,5000,YERLİ,2024-10-19,664,,0,2,34.25,03,DG1,10449.1387,KAPALI,2024,10,40
702356,2024-10-07,SAS24001304,1,D00007,320.01.0001,120,88.6579,120,YERLİ,2024-10-22,661,,0,2,34.25,03,DG1,310.6262,KAPALI,2024,10,41
702357,2024-10-07,SAS24001304,2,H00008,320.01.0001,1000,65.8,1000,YERLİ,2024-10-22,661,,0,2,34.25,02,HM1,1921.1679,KAPALI,2024,10,41
702358,2024-10-07,SAS24001305,1,H00001,320.01.0006,2000,49.1582,2000,YERLİ,2024-10-22,661,,0,2,34.25,02,HM1,2870.5518,KAPALI,2024,10,41
702359,2024-10-07,SAS24001305,2,D00012,320.01.0006,2000,152.0221,2000,YERLİ,2024-12-06,661,,0,2,34.25,03,DG1,8877.2029,KAPALI,2024,10,41
702360,2024-10-08,SAS24001306,1,H00003,320.01.0003,2000,83.2201,2000,İTHAL,2024-12-07,660,,0,2,34.25,02,HM1,4859.5679,KAPALI,2024,10,41
702361,2024-10-08,SAS24001307,1,D00007,320.01.0002,2000,88.2873,2000,YERLİ,2024-10-23,660,,0,2,34.25,03,DG1,5155.4628,KAPALI,2024,10,41
702362,2024-10-08,SAS24001307,2,H00005,320.01.0002,10000,52.5288,10000,YERLİ,2025-01-06,660,,0,2,34.25,02,HM1,15336.8759,KAPALI,2024,10,41
702363,2024-10-09,SAS24001308,1,D00009,320.01.0012,120,271.8338,120,YERLİ,2025-01-07,659,,0,2,34.25,03,DG1,952.4104,KAPALI,2024,10,41
702364,2024-10-09,SAS24001308,2,H00012,320.01.0012,5000,30.6502,5000,YERLİ,2025-01-07,659,,0,2,34.25,02,HM1,4474.4818,KAPALI,2024,10,41
702365,2024-10-09,SAS24001308,3,H00015,320.01.0012,120,41.6771,120,YERLİ,2025-01-07,659,,0,2,34.25,02,HM1,146.022,KAPALI,2024,10,41
702366,2024-10-09,SAS24001309,1,H00003,320.01.0007,10000,69.3408,10000,YERLİ,2024-10-19,659,,0,2,34.25,02,HM1,20245.4891,KAPALI,2024,10,41
702367,2024-10-09,SAS24001309,2,D00005,320.01.0007,10000,307.4097,10000,YERLİ,2024-10-30,659,,0,2,34.25,03,DG1,89754.6569,KAPALI,2024,10,41
702368,2024-10-09,SAS24001310,1,H00007,320.01.0004,1000,49.5952,500,YERLİ,2025-01-07,659,-569,500,2,34.25,02,HM1,1448.035,ACIK,2024,10,41
702369,2024-10-09,SAS24001310,2,H00007,320.01.0004,2000,47.4693,2000,YERLİ,2024-12-08,659,,0,2,34.25,02,HM1,2771.9299,KAPALI,2024,10,41
702370,2024-10-09,SAS24001310,3,D00002,320.01.0004,10000,56.7143,10000,YERLİ,2024-11-08,659,,0,2,34.25,03,DG1,16558.9197,KAPALI,2024,10,41
702371,2024-10-09,SAS24001311,1,D00001,320.01.0022,1000,37.3287,0,YERLİ,2025-01-07,659,-569,1000,2,34.25,03,DG1,1089.8891,ACIK,2024,10,41
702372,2024-10-09,SAS24001312,1,H00012,320.01.0003,5000,33.9154,5000,İTHAL,2024-10-19,659,,0,2,34.25,02,HM1,4951.1533,KAPALI,2024,10,41
702373,2024-10-10,SAS24001313,1,D00012,320.01.0001,10000,139.2115,10000,YERLİ,2024-10-25,658,,0,2,34.25,03,DG1,40645.6934,KAPALI,2024,10,41
702374,2024-10-10,SAS24001314,1,H00012,320.01.0001,250,35.5215,250,YERLİ,2024-11-24,658,,0,2,34.25,02,HM1,259.281,KAPALI,2024,10,41
702375,2024-10-10,SAS24001314,2,H00016,320.01.0001,5000,78.41,5000,YERLİ,2024-10-20,658,,0,2,34.25,02,HM1,11446.7153,KAPALI,2024,10,41
702376,2024-10-10,SAS24001314,3,H00013,320.01.0001,10000,87.7104,10000,YERLİ,2024-11-24,658,,0,2,34.25,02,HM1,25608.8759,KAPALI,2024,10,41
702377,2024-10-10,SAS24001315,1,D00006,320.01.0005,120,298.3967,120,YERLİ,2024-10-20,658,,0,2,34.25,03,DG1,1045.4775,KAPALI,2024,10,41
702378,2024-10-10,SAS24001315,2,H00003,320.01.0005,250,77.4968,250,YERLİ,2024-11-09,658,,0,2,34.25,02,HM1,565.6701,KAPALI,2024,10,41
702379,2024-10-10,SAS24001316,1,D00006,320.01.0001,1000,337.5545,1000,YERLİ,2024-10-25,658,,0,2,34.25,03,DG1,9855.6058,KAPALI,2024,10,41
702380,2024-10-10,SAS24001316,2,H00010,320.01.0001,1000,21.1109,1000,YERLİ,2024-10-25,658,,0,2,34.25,02,HM1,616.3766,KAPALI,2024,10,41
702381,2024-10-11,SAS24001317,1,D00002,320.01.0006,5000,59.6981,5000,YERLİ,2024-10-26,657,,0,2,34.25,03,DG1,8715.0511,KAPALI,2024,10,41
702382,2024-10-11,SAS24001318,1,H00007,320.01.0003,500,45.282,500,İTHAL,2024-12-10,657,,0,2,34.25,02,HM1,661.0511,KAPALI,2024,10,41
702383,2024-10-11,SAS24001318,2,D00002,320.01.0003,250,68.0762,250,İTHAL,2024-11-25,657,,0,2,34.25,03,DG1,496.9066,KAPALI,2024,10,41
702384,2024-10-11,SAS24001318,3,D00001,320.01.0003,120,33.8104,120,İTHAL,2024-11-10,657,,0,2,34.25,03,DG1,118.4598,KAPALI,2024,10,41
702385,2024-10-11,SAS24001319,1,H00010,320.01.0002,500,26.2383,500,YERLİ,2024-10-21,657,,0,2,34.25,02,HM1,383.0409,KAPALI,2024,10,41
702386,2024-10-11,SAS24001320,1,D00009,320.01.0011,1000,281.5093,1000,YERLİ,2024-11-10,657,,0,2,34.25,03,DG1,8219.2496,KAPALI,2024,10,41
702387,2024-10-14,SAS24001321,1,D00004,320.01.0007,10000,67.5519,5000,YERLİ,2024-10-24,654,-644,5000,2,34.25,03,DG1,19723.1825,ACIK,2024,10,42
702388,2024-10-14,SAS24001321,2,D00006,320.01.0007,10000,283.2136,10000,YERLİ,2024-11-04,654,,0,2,34.25,03,DG1,82690.1022,KAPALI,2024,10,42
702389,2024-10-14,SAS24001321,3,D00010,320.01.0007,500,192.7194,500,YERLİ,2024-12-13,654,,0,2,34.25,03,DG1,2813.4219,KAPALI,2024,10,42
702390,2024-10-14,SAS24001322,1,D00007,320.01.0005,10000,77.0278,10000,YERLİ,2024-11-28,654,,0,2,34.25,03,DG1,22489.8686,KAPALI,2024,10,42
702391,2024-10-14,SAS24001322,2,D00004,320.01.0005,250,74.2938,125,YERLİ,2024-10-24,654,-644,125,2,34.25,03,DG1,542.2905,ACIK,2024,10,42
702392,2024-10-14,SAS24001323,1,D00012,320.01.0001,5000,125.5861,5000,YERLİ,2024-10-29,654,,0,2,34.25,03,DG1,18333.7372,KAPALI,2024,10,42
702393,2024-10-14,SAS24001324,1,D00001,320.01.0015,10000,37.3095,0,YERLİ,2024-11-04,654,-633,10000,2,34.25,03,DG1,10893.2847,ACIK,2024,10,42
702394,2024-10-14,SAS24001324,2,D00001,320.01.0015,250,41.9667,250,YERLİ,2024-11-04,654,,0,2,34.25,03,DG1,306.3263,KAPALI,2024,10,42
702395,2024-10-15,SAS24001325,1,D00003,320.01.0005,120,336.6287,0,YERLİ,2024-12-14,653,-593,120,2,34.25,03,DG1,1179.429,ACIK,2024,10,42
702396,2024-10-16,SAS24001326,1,H00016,320.01.0015,10000,96.6242,0,YERLİ,2024-11-06,652,-631,10000,2,34.25,02,HM1,28211.4453,ACIK,2024,10,42
702397,2024-10-16,SAS24001327,1,H00010,320.01.0002,250,22.6662,250,YERLİ,2024-11-15,652,,0,2,34.25,02,HM1,165.4467,KAPALI,2024,10,42
702398,2024-10-16,SAS24001328,1,D00009,320.01.0006,2000,254.5705,2000,YERLİ,2024-10-31,652,,0,2,34.25,03,DG1,14865.4307,KAPALI,2024,10,42
702399,2024-10-17,SAS24001329,1,D00007,320.01.0045,5000,74.2612,5000,YERLİ,2024-11-16,651,,0,2,34.25,03,DG1,10841.0511,KAPALI,2024,10,42
702400,2024-10-17,SAS24001330,1,D00002,320.01.0002,250,57.5229,250,YERLİ,2024-10-27,651,,0,2,34.25,03,DG1,419.8752,KAPALI,2024,10,42
702401,2024-10-18,SAS24001331,1,D00009,320.01.0006,1000,278.8879,500,YERLİ,2024-12-02,650,-605,500,2,34.25,03,DG1,8142.7124,ACIK,2024,10,42
702402,2024-10-18,SAS24001331,2,H00001,320.01.0006,1000,51.0573,1000,YERLİ,2025-01-16,650,,0,2,34.25,02,HM1,1490.7241,KAPALI,2024,10,42
702403,2024-10-18,SAS24001332,1,H00014,320.01.0002,500,33.3834,500,YERLİ,2024-10-28,650,,0,2,34.25,02,HM1,487.3489,KAPALI,2024,10,42
702404,2024-10-18,SAS24001332,2,D00011,320.01.0002,2000,8.7652,2000,YERLİ,2024-11-17,650,,0,2,34.25,03,DG1,511.8365,KAPALI,2024,10,42
702405,2024-10-18,SAS24001333,1,H00005,320.01.0006,500,59.7601,500,YERLİ,2024-11-17,650,,0,2,34.25,02,HM1,872.4102,KAPALI,2024,10,42
702406,2024-10-18,SAS24001334,1,D00005,320.01.0012,5000,260.3715,5000,YERLİ,2024-10-28,650,,0,2,34.25,03,DG1,38010.438,KAPALI,2024,10,42
702407,2024-10-18,SAS24001335,1,D00002,320.01.0001,10000,60.7168,10000,YERLİ,2024-12-17,650,,0,2,34.25,03,DG1,17727.5328,KAPALI,2024,10,42
702408,2024-10-18,SAS24001335,2,H00009,320.01.0001,1000,73.6855,1000,YERLİ,2024-12-02,650,,0,2,34.25,02,HM1,2151.4015,KAPALI,2024,10,42
702409,2024-10-18,SAS24001336,1,D00001,320.01.0019,2000,35.0936,2000,YERLİ,2024-11-17,650,,0,2,34.25,03,DG1,2049.2613,KAPALI,2024,10,42
702410,2024-10-21,SAS24001337,1,H00013,320.01.0016,120,93.2147,120,YERLİ,2024-11-05,647,,0,2,34.25,02,HM1,326.5916,KAPALI,2024,10,43
702411,2024-10-21,SAS24001337,2,H00002,320.01.0016,1000,22.9167,1000,YERLİ,2024-10-31,647,,0,2,34.25,02,HM1,669.1007,KAPALI,2024,10,43
702412,2024-10-21,SAS24001338,1,H00006,320.01.0001,1000,105.9127,1000,YERLİ,2024-10-31,647,,0,2,34.25,02,HM1,3092.3416,KAPALI,2024,10,43
702413,2024-10-21,SAS24001338,2,H00016,320.01.0001,250,78.6655,250,YERLİ,2024-11-05,647,,0,2,34.25,02,HM1,574.2007,KAPALI,2024,10,43
702414,2024-10-21,SAS24001339,1,H00014,320.01.0052,500,32.314,500,YERLİ,2025-01-19,647,,0,2,34.25,02,HM1,471.7372,KAPALI,2024,10,43
702415,2024-10-21,SAS24001339,2,H00001,320.01.0052,5000,56.5292,5000,YERLİ,2024-10-31,647,,0,2,34.25,02,HM1,8252.438,KAPALI,2024,10,43
702416,2024-10-21,SAS24001340,1,D00004,320.01.0031,120,75.8128,120,YERLİ,2024-11-05,647,,0,2,34.25,03,DG1,265.6215,KAPALI,2024,10,43
702417,2024-10-22,SAS24001341,1,H00001,320.01.0005,250,48.5737,250,YERLİ,2024-11-01,646,,0,2,34.25,02,HM1,354.5526,KAPALI,2024,10,43
702418,2024-10-22,SAS24001341,2,D00008,320.01.0005,250,292.8354,250,YERLİ,2024-11-06,646,,0,2,34.25,03,DG1,2137.4847,KAPALI,2024,10,43
702419,2024-10-22,SAS24001342,1,D00010,320.01.0043,10000,227.9201,10000,İTHAL,2024-12-06,646,,0,2,34.25,03,DG1,66546.0146,KAPALI,2024,10,43
702420,2024-10-22,SAS24001342,2,H00014,320.01.0043,500,34.4632,500,İTHAL,2024-11-06,646,,0,2,34.25,02,HM1,503.1124,KAPALI,2024,10,43
702421,2024-10-22,SAS24001342,3,D00011,320.01.0043,500,9.0113,500,İTHAL,2024-12-06,646,,0,2,34.25,03,DG1,131.5518,KAPALI,2024,10,43
702422,2024-10-23,SAS24001343,1,H00005,320.01.0003,500,52.5584,500,İTHAL,2024-11-07,645,,0,2,34.25,02,HM1,767.2759,KAPALI,2024,10,43
702423,2024-10-23,SAS24001343,2,H00008,320.01.0003,2000,66.8262,2000,İTHAL,2025-01-21,645,,0,2,34.25,02,HM1,3902.2599,KAPALI,2024,10,43
702424,2024-10-23,SAS24001343,3,H00009,320.01.0003,1000,87.0808,1000,İTHAL,2024-11-07,645,,0,2,34.25,02,HM1,2542.5051,KAPALI,2024,10,43
702425,2024-10-24,SAS24001344,1,H00003,320.01.0025,120,75.9465,120,İTHAL,2024-11-08,644,,0,2,34.25,02,HM1,266.0899,KAPALI,2024,10,43
702426,2024-10-24,SAS24001344,2,D00012,320.01.0025,1000,148.1197,1000,İTHAL,2024-11-14,644,,0,2,34.25,03,DG1,4324.6628,KAPALI,2024,10,43
702427,2024-10-24,SAS24001345,1,H00015,320.01.0005,250,45.4286,250,YERLİ,2024-12-23,644,,0,2,34.25,02,HM1,331.5956,KAPALI,2024,10,43
702428,2024-10-24,SAS24001345,2,D00008,320.01.0005,5000,293.2665,5000,YERLİ,2025-01-22,644,,0,2,34.25,03,DG1,42812.6277,KAPALI,2024,10,43
702429,2024-10-24,SAS24001345,3,H00008,320.01.0005,250,62.0249,250,YERLİ,2024-12-23,644,,0,2,34.25,02,HM1,452.7365,KAPALI,2024,10,43
702430,2024-10-25,SAS24001346,1,H00014,320.01.0015,5000,39.6461,5000,YERLİ,2024-11-09,643,,0,2,34.25,02,HM1,5787.7518,KAPALI,2024,10,43
702431,2024-10-25,SAS24001346,2,D00008,320.01.0015,5000,303.7875,5000,YERLİ,2024-11-15,643,,0,2,34.25,03,DG1,44348.5401,KAPALI,2024,10,43
702432,2024-10-25,SAS24001347,1,H00007,320.01.0031,120,48.8213,120,YERLİ,2024-11-04,643,,0,2,34.25,02,HM1,171.0527,KAPALI,2024,10,43
702433,2024-10-25,SAS24001348,1,H00016,320.01.0025,250,86.1236,250,İTHAL,2024-11-24,643,,0,2,34.25,02,HM1,628.6394,KAPALI,2024,10,43
702434,2024-10-25,SAS24001348,2,D00008,320.01.0025,2000,303.8591,2000,İTHAL,2024-11-24,643,,0,2,34.25,03,DG1,17743.5971,KAPALI,2024,10,43
702435,2024-10-25,SAS24001349,1,D00006,320.01.0017,250,295.584,250,YERLİ,2024-11-09,643,,0,2,34.25,03,DG1,2157.5474,KAPALI,2024,10,43
702436,2024-10-25,SAS24001349,2,D00007,320.01.0017,120,75.499,120,YERLİ,2024-11-15,643,,0,2,34.25,03,DG1,264.522,KAPALI,2024,10,43
702437,2024-10-28,SAS24001350,1,H00014,320.01.0011,250,35.6168,250,YERLİ,2024-12-27,640,,0,2,34.25,02,HM1,259.9766,KAPALI,2024,10,44
702438,2024-10-28,SAS24001350,2,H00004,320.01.0011,5000,72.9407,5000,YERLİ,2024-11-18,640,,0,2,34.25,02,HM1,10648.2774,KAPALI,2024,10,44
702439,2024-10-29,SAS24001351,1,D00008,320.01.0004,10000,303.1403,10000,YERLİ,2024-11-19,639,,0,2,34.25,03,DG1,88508.1168,KAPALI,2024,10,44
702440,2024-10-29,SAS24001352,1,D00008,320.01.0001,2000,354.6283,2000,YERLİ,2024-11-08,639,,0,2,34.25,03,DG1,20708.2219,KAPALI,2024,10,44
702441,2024-10-29,SAS24001352,2,D00004,320.01.0001,2000,68.3129,2000,YERLİ,2025-01-27,639,,0,2,34.25,03,DG1,3989.0745,KAPALI,2024,10,44
702442,2024-10-29,SAS24001353,1,D00002,320.01.0010,5000,67.8778,5000,YERLİ,2024-11-08,639,,0,2,34.25,03,DG1,9909.1679,KAPALI,2024,10,44
702443,2024-10-29,SAS24001353,2,D00004,320.01.0010,2000,66.5467,0,YERLİ,2025-01-27,639,-549,2000,2,34.25,03,DG1,3885.9387,ACIK,2024,10,44
702444,2024-10-29,SAS24001353,3,D00004,320.01.0010,120,79.3867,120,YERLİ,2024-11-28,639,,0,2,34.25,03,DG1,278.1432,KAPALI,2024,10,44
702445,2024-10-29,SAS24001354,1,H00016,320.01.0019,500,76.9867,500,YERLİ,2024-12-28,639,,0,2,34.25,02,HM1,1123.8934,KAPALI,2024,10,44
702446,2024-10-29,SAS24001354,2,D00012,320.01.0019,500,151.8023,0,YERLİ,2024-11-08,639,-629,500,2,34.25,03,DG1,2216.092,ACIK,2024,10,44
702447,2024-10-29,SAS24001354,3,H00003,320.01.0019,5000,78.5926,5000,YERLİ,2024-11-19,639,,0,2,34.25,02,HM1,11473.3723,KAPALI,2024,10,44
702448,2024-10-30,SAS24001355,1,H00004,320.01.0004,120,69.8546,120,YERLİ,2024-12-29,638,,0,2,34.25,02,HM1,244.746,KAPALI,2024,10,44
702449,2024-10-30,SAS24001356,1,D00003,320.01.0020,250,288.8537,250,YERLİ,2024-12-14,638,,0,2,34.25,03,DG1,2108.4212,KAPALI,2024,10,44
702450,2024-10-30,SAS24001357,1,D00001,320.01.0025,5000,41.4267,5000,İTHAL,2024-11-29,638,,0,2,34.25,03,DG1,6047.6934,KAPALI,2024,10,44
702451,2024-10-31,SAS24001358,1,H00011,320.01.0052,500,36.9868,500,YERLİ,2024-11-21,637,,0,2,34.25,02,HM1,539.9533,KAPALI,2024,10,44
702452,2024-10-31,SAS24001358,2,D00007,320.01.0052,10000,90.1348,10000,YERLİ,2024-11-21,637,,0,2,34.25,03,DG1,26316.7299,KAPALI,2024,10,44
702453,2024-10-31,SAS24001358,3,D00004,320.01.0052,500,75.3625,500,YERLİ,2024-12-30,637,,0,2,34.25,03,DG1,1100.1825,KAPALI,2024,10,44
702454,2024-10-31,SAS24001359,1,D00004,320.01.0005,5000,77.1405,5000,YERLİ,2024-12-15,637,,0,2,34.25,03,DG1,11261.3869,KAPALI,2024,10,44
702455,2024-10-31,SAS24001360,1,D00010,320.01.0004,2000,220.0425,2000,YERLİ,2025-01-29,637,,0,2,34.25,03,DG1,12849.1971,KAPALI,2024,10,44
702456,2024-10-31,SAS24001360,2,H00008,320.01.0004,10000,57.6973,10000,YERLİ,2024-11-21,637,,0,2,34.25,02,HM1,16845.927,KAPALI,2024,10,44
702457,2024-10-31,SAS24001360,3,H00001,320.01.0004,2000,59.5544,2000,YERLİ,2025-01-29,637,,0,2,34.25,02,HM1,3477.6292,KAPALI,2024,10,44
702458,2024-10-31,SAS24001361,1,H00005,320.01.0031,500,58.7997,500,YERLİ,2024-11-10,637,,0,2,34.25,02,HM1,858.3898,KAPALI,2024,10,44
702459,2024-10-31,SAS24001362,1,H00012,320.01.0020,500,34.3334,500,YERLİ,2024-12-30,637,,0,2,34.25,02,HM1,501.2175,KAPALI,2024,10,44
702460,2024-10-31,SAS24001362,2,D00005,320.01.0020,2000,287.4474,2000,YERLİ,2025-01-29,637,,0,2,34.25,03,DG1,16785.2496,KAPALI,2024,10,44
702461,2024-11-01,SAS24001363,1,D00001,320.01.0005,1000,39.9786,1000,YERLİ,2024-12-16,636,,0,2,34.7,03,DG1,1152.121,KAPALI,2024,11,44
702462,2024-11-01,SAS24001363,2,D00006,320.01.0005,250,328.127,250,YERLİ,2024-11-11,636,,0,2,34.7,03,DG1,2364.0274,KAPALI,2024,11,44
702463,2024-11-01,SAS24001363,3,H00016,320.01.0005,1000,90.3398,1000,YERLİ,2025-01-30,636,,0,2,34.7,02,HM1,2603.4524,KAPALI,2024,11,44
702464,2024-11-01,SAS24001364,1,H00007,320.01.0004,5000,53.6079,5000,YERLİ,2024-11-16,636,,0,2,34.7,02,HM1,7724.4813,KAPALI,2024,11,44
702465,2024-11-04,SAS24001365,1,D00006,320.01.0040,500,345.2494,500,YERLİ,2024-12-19,633,,0,2,34.7,03,DG1,4974.7752,KAPALI,2024,11,45
702466,2024-11-04,SAS24001365,2,D00008,320.01.0040,5000,294.0045,5000,YERLİ,2024-11-25,633,,0,2,34.7,03,DG1,42363.7608,KAPALI,2024,11,45
702467,2024-11-04,SAS24001365,3,D00006,320.01.0040,1000,297.3657,1000,YERLİ,2025-02-02,633,,0,2,34.7,03,DG1,8569.6167,KAPALI,2024,11,45
702468,2024-11-04,SAS24001366,1,H00006,320.01.0002,1000,123.2366,1000,YERLİ,2024-11-14,633,,0,2,34.7,02,HM1,3551.487,KAPALI,2024,11,45
702469,2024-11-04,SAS24001366,2,D00004,320.01.0002,250,80.1472,250,YERLİ,2024-11-25,633,,0,2,34.7,03,DG1,577.4294,KAPALI,2024,11,45
702470,2024-11-04,SAS24001366,3,H00006,320.01.0002,120,111.3052,120,YERLİ,2024-11-19,633,,0,2,34.7,02,HM1,384.9171,KAPALI,2024,11,45
702471,2024-11-04,SAS24001367,1,H00013,320.01.0030,1000,92.6656,1000,YERLİ,2025-02-02,633,,0,2,34.7,02,HM1,2670.4784,KAPALI,2024,11,45
702472,2024-11-04,SAS24001368,1,D00007,320.01.0019,500,84.1096,500,YERLİ,2025-01-03,633,,0,2,34.7,03,DG1,1211.9539,KAPALI,2024,11,45
702473,2024-11-05,SAS24001369,1,H00010,320.01.0030,10000,22.6756,10000,YERLİ,2025-02-03,632,,0,2,34.7,02,HM1,6534.755,KAPALI,2024,11,45
702474,2024-11-05,SAS24001370,1,H00004,320.01.0001,2000,71.6523,2000,YERLİ,2024-11-15,632,,0,2,34.7,02,HM1,4129.8156,KAPALI,2024,11,45
702475,2024-11-05,SAS24001370,2,H00003,320.01.0001,10000,69.5833,10000,YERLİ,2024-12-20,632,,0,2,34.7,02,HM1,20052.8242,KAPALI,2024,11,45
702476,2024-11-05,SAS24001370,3,H00009,320.01.0001,120,74.804,120,YERLİ,2025-01-04,632,,0,2,34.7,02,HM1,258.6882,KAPALI,2024,11,45
702477,2024-11-06,SAS24001371,1,H00010,320.01.0001,10000,24.2755,10000,YERLİ,2025-01-05,631,,0,2,34.7,02,HM1,6995.8213,KAPALI,2024,11,45
702478,2024-11-06,SAS24001371,2,D00007,320.01.0001,500,74.6738,500,YERLİ,2024-11-27,631,,0,2,34.7,03,DG1,1075.9914,KAPALI,2024,11,45
702479,2024-11-06,SAS24001372,1,D00003,320.01.0011,500,292.069,500,YERLİ,2024-12-21,631,,0,2,34.7,03,DG1,4208.487,KAPALI,2024,11,45
702480,2024-11-07,SAS24001373,1,H00003,320.01.0026,2000,85.6886,2000,YERLİ,2025-01-06,630,,0,2,34.7,02,HM1,4938.8242,KAPALI,2024,11,45
702481,2024-11-07,SAS24001374,1,H00014,320.01.0032,5000,37.81,5000,YERLİ,2025-02-05,630,,0,2,34.7,02,HM1,5448.1268,KAPALI,2024,11,45
702482,2024-11-07,SAS24001374,2,H00004,320.01.0032,5000,74.63,5000,YERLİ,2025-01-06,630,,0,2,34.7,02,HM1,10753.6023,KAPALI,2024,11,45
702483,2024-11-07,SAS24001375,1,D00006,320.01.0015,1000,312.3232,1000,YERLİ,2025-01-06,630,,0,2,34.7,03,DG1,9000.6686,KAPALI,2024,11,45
702484,2024-11-07,SAS24001376,1,H00011,320.01.0009,500,35.9138,500,YERLİ,2024-11-28,630,,0,2,34.7,02,HM1,517.4899,KAPALI,2024,11,45
702485,2024-11-07,SAS24001376,2,D00011,320.01.0009,1000,9.4291,1000,YERLİ,2025-02-05,630,,0,2,34.7,03,DG1,271.732,KAPALI,2024,11,45
702486,2024-11-07,SAS24001376,3,H00011,320.01.0009,1000,38.2258,1000,YERLİ,2024-12-07,630,,0,2,34.7,02,HM1,1101.6081,KAPALI,2024,11,45
702487,2024-11-08,SAS24001377,1,H00001,320.01.0021,1000,57.8408,1000,YERLİ,2024-12-23,629,,0,2,34.7,02,HM1,1666.8818,KAPALI,2024,11,45
702488,2024-11-08,SAS24001378,1,H00005,320.01.0001,2000,51.6289,2000,YERLİ,2025-01-07,629,,0,2,34.7,02,HM1,2975.7291,KAPALI,2024,11,45
702489,2024-11-11,SAS24001379,1,D00004,320.01.0021,120,79.9293,120,YERLİ,2024-12-11,626,,0,2,34.7,03,DG1,276.4126,KAPALI,2024,11,46
702490,2024-11-11,SAS24001379,2,D00002,320.01.0021,1000,59.5047,1000,YERLİ,2025-01-10,626,,0,2,34.7,03,DG1,1714.8329,KAPALI,2024,11,46
702491,2024-11-11,SAS24001380,1,H00011,320.01.0003,250,37.3217,250,İTHAL,2025-01-10,626,,0,2,34.7,02,HM1,268.8883,KAPALI,2024,11,46
702492,2024-11-11,SAS24001381,1,H00012,320.01.0009,10000,35.6399,10000,YERLİ,2024-11-26,626,,0,2,34.7,02,HM1,10270.8646,KAPALI,2024,11,46
702493,2024-11-11,SAS24001381,2,H00016,320.01.0009,1000,79.2268,0,YERLİ,2025-01-10,626,-566,1000,2,34.7,02,HM1,2283.1931,ACIK,2024,11,46
702494,2024-11-12,SAS24001382,1,H00007,320.01.0042,10000,43.0031,10000,YERLİ,2024-12-03,625,,0,2,34.7,02,HM1,12392.8242,KAPALI,2024,11,46
702495,2024-11-12,SAS24001382,2,H00005,320.01.0042,10000,55.9322,10000,YERLİ,2024-12-03,625,,0,2,34.7,02,HM1,16118.7896,KAPALI,2024,11,46
702496,2024-11-12,SAS24001383,1,H00015,320.01.0031,10000,39.749,10000,YERLİ,2024-12-12,625,,0,2,34.7,02,HM1,11455.0432,KAPALI,2024,11,46
702497,2024-11-12,SAS24001383,2,D00007,320.01.0031,120,91.2079,120,YERLİ,2024-12-12,625,,0,2,34.7,03,DG1,315.4164,KAPALI,2024,11,46
702498,2024-11-12,SAS24001384,1,H00010,320.01.0020,2000,21.667,2000,YERLİ,2024-12-03,625,,0,2,34.7,02,HM1,1248.8184,KAPALI,2024,11,46
702499,2024-11-12,SAS24001384,2,H00010,320.01.0020,2000,26.8193,2000,YERLİ,2024-11-22,625,,0,2,34.7,02,HM1,1545.781,KAPALI,2024,11,46
702500,2024-11-12,SAS24001385,1,H00010,320.01.0005,5000,21.6698,5000,YERLİ,2024-12-27,625,,0,2,34.7,02,HM1,3122.4496,KAPALI,2024,11,46
702501,2024-11-12,SAS24001385,2,D00008,320.01.0005,1000,320.9118,1000,YERLİ,2024-11-22,625,,0,2,34.7,03,DG1,9248.1787,KAPALI,2024,11,46
702502,2024-11-13,SAS24001386,1,H00010,320.01.0007,10000,24.9206,10000,YERLİ,2024-12-28,624,,0,2,34.7,02,HM1,7181.7291,KAPALI,2024,11,46
702503,2024-11-13,SAS24001387,1,H00004,320.01.0009,500,71.3116,500,YERLİ,2024-11-23,624,,0,2,34.7,02,HM1,1027.5447,KAPALI,2024,11,46
702504,2024-11-13,SAS24001387,2,D00009,320.01.0009,5000,224.2099,5000,YERLİ,2024-12-28,624,,0,2,34.7,03,DG1,32306.902,KAPALI,2024,11,46
702505,2024-11-14,SAS24001388,1,H00003,320.01.0002,1000,87.3988,1000,YERLİ,2025-02-12,623,,0,2,34.7,02,HM1,2518.6974,KAPALI,2024,11,46
702506,2024-11-14,SAS24001388,2,H00003,320.01.0002,10000,75.8695,10000,YERLİ,2024-12-29,623,,0,2,34.7,02,HM1,21864.4092,KAPALI,2024,11,46
702507,2024-11-14,SAS24001389,1,D00007,320.01.0034,250,82.1003,250,YERLİ,2025-02-12,623,,0,2,34.7,03,DG1,591.5007,KAPALI,2024,11,46
702508,2024-11-14,SAS24001389,2,H00003,320.01.0034,120,79.9939,120,YERLİ,2024-12-29,623,,0,2,34.7,02,HM1,276.636,KAPALI,2024,11,46
702509,2024-11-15,SAS24001390,1,D00002,320.01.0030,500,66.2758,500,YERLİ,2024-11-30,622,,0,2,34.7,03,DG1,954.9827,KAPALI,2024,11,46
702510,2024-11-15,SAS24001390,2,H00014,320.01.0030,5000,35.6465,5000,YERLİ,2025-01-14,622,,0,2,34.7,02,HM1,5136.3833,KAPALI,2024,11,46
702511,2024-11-15,SAS24001391,1,D00001,320.01.0002,1000,35.3826,1000,YERLİ,2024-12-30,622,,0,2,34.7,03,DG1,1019.6715,KAPALI,2024,11,46
702512,2024-11-15,SAS24001392,1,D00004,320.01.0001,5000,73.6386,5000,YERLİ,2024-11-25,622,,0,2,34.7,03,DG1,10610.7493,KAPALI,2024,11,46
702513,2024-11-15,SAS24001392,2,D00006,320.01.0001,250,291.2461,0,YERLİ,2025-02-13,622,-532,250,2,34.7,03,DG1,2098.3148,ACIK,2024,11,46
702514,2024-11-18,SAS24001393,1,H00012,320.01.0024,2000,30.2795,2000,YERLİ,2024-11-28,619,,0,2,34.7,02,HM1,1745.2161,KAPALI,2024,11,47
702515,2024-11-18,SAS24001393,2,H00003,320.01.0024,120,79.9533,120,YERLİ,2024-11-28,619,,0,2,34.7,02,HM1,276.4956,KAPALI,2024,11,47
702516,2024-11-18,SAS24001394,1,H00016,320.01.0054,120,88.7716,120,YERLİ,2024-11-28,619,,0,2,34.7,02,HM1,306.9911,KAPALI,2024,11,47
702517,2024-11-18,SAS24001395,1,D00011,320.01.0049,2000,9.1782,2000,YERLİ,2024-12-09,619,,0,2,34.7,03,DG1,529.0029,KAPALI,2024,11,47
702518,2024-11-19,SAS24001396,1,D00011,320.01.0013,120,10.815,120,YERLİ,2025-01-03,618,,0,2,34.7,03,DG1,37.4006,KAPALI,2024,11,47
702519,2024-11-19,SAS24001396,2,H00002,320.01.0013,10000,22.6873,10000,YERLİ,2024-12-04,618,,0,2,34.7,02,HM1,6538.1268,KAPALI,2024,11,47
702520,2024-11-19,SAS24001396,3,D00011,320.01.0013,1000,9.4226,1000,YERLİ,2024-12-04,618,,0,2,34.7,03,DG1,271.5447,KAPALI,2024,11,47
702521,2024-11-19,SAS24001397,1,H00007,320.01.0024,250,48.0617,250,YERLİ,2025-01-03,618,,0,2,34.7,02,HM1,346.2659,KAPALI,2024,11,47
702522,2024-11-19,SAS24001397,2,H00001,320.01.0024,500,59.7386,500,YERLİ,2024-11-29,618,,0,2,34.7,02,HM1,860.7867,KAPALI,2024,11,47
702523,2024-11-20,SAS24001398,1,H00011,320.01.0006,5000,39.5834,5000,YERLİ,2024-12-11,617,,0,2,34.7,02,HM1,5703.6599,KAPALI,2024,11,47
702524,2024-11-20,SAS24001398,2,D00008,320.01.0006,120,318.9205,120,YERLİ,2025-01-19,617,,0,2,34.7,03,DG1,1102.8951,KAPALI,2024,11,47
702525,2024-11-20,SAS24001398,3,H00009,320.01.0006,120,76.1443,120,YERLİ,2025-02-18,617,,0,2,34.7,02,HM1,263.3232,KAPALI,2024,11,47
702526,2024-11-20,SAS24001399,1,D00002,320.01.0005,120,64.7841,120,YERLİ,2024-11-30,617,,0,2,34.7,03,DG1,224.0372,KAPALI,2024,11,47
702527,2024-11-20,SAS24001400,1,H00012,320.01.0018,250,30.1443,250,YERLİ,2024-12-11,617,,0,2,34.7,02,HM1,217.178,KAPALI,2024,11,47
702528,2024-11-20,SAS24001400,2,H00003,320.01.0018,120,85.3789,120,YERLİ,2024-12-20,617,,0,2,34.7,02,HM1,295.2584,KAPALI,2024,11,47
702529,2024-11-21,SAS24001401,1,H00013,320.01.0013,500,109.8603,500,YERLİ,2024-12-21,616,,0,2,34.7,02,HM1,1583.0014,KAPALI,2024,11,47
702530,2024-11-21,SAS24001401,2,D00003,320.01.0013,500,328.9689,500,YERLİ,2025-01-20,616,,0,2,34.7,03,DG1,4740.1859,KAPALI,2024,11,47
702531,2024-11-21,SAS24001401,3,H00012,320.01.0013,5000,35.6367,5000,YERLİ,2024-12-06,616,,0,2,34.7,02,HM1,5134.9712,KAPALI,2024,11,47
702532,2024-11-21,SAS24001402,1,H00003,320.01.0040,2000,71.1735,2000,YERLİ,2025-01-05,616,,0,2,34.7,02,HM1,4102.219,KAPALI,2024,11,47
702533,2024-11-21,SAS24001403,1,D00011,320.01.0013,1000,10.7175,0,YERLİ,2024-12-21,616,-586,1000,2,34.7,03,DG1,308.8617,ACIK,2024,11,47
702534,2024-11-22,SAS24001404,1,H00006,320.01.0028,250,126.788,250,YERLİ,2025-02-20,615,,0,2,34.7,02,HM1,913.4582,KAPALI,2024,11,47
702535,2024-11-22,SAS24001405,1,D00008,320.01.0006,2000,317.944,2000,YERLİ,2024-12-02,615,,0,2,34.7,03,DG1,18325.3026,KAPALI,2024,11,47
702536,2024-11-22,SAS24001405,2,D00012,320.01.0006,250,136.2838,250,YERLİ,2024-12-07,615,,0,2,34.7,03,DG1,981.8718,KAPALI,2024,11,47
702537,2024-11-22,SAS24001405,3,H00002,320.01.0006,500,19.8906,500,YERLİ,2024-12-22,615,,0,2,34.7,02,HM1,286.6081,KAPALI,2024,11,47
702538,2024-11-25,SAS24001406,1,D00005,320.01.0015,10000,278.6057,10000,YERLİ,2025-02-23,612,,0,2,34.7,03,DG1,80289.8271,KAPALI,2024,11,48
702539,2024-11-25,SAS24001407,1,D00011,320.01.0013,1000,9.9002,1000,YERLİ,2025-02-23,612,,0,2,34.7,03,DG1,285.3084,KAPALI,2024,11,48
702540,2024-11-26,SAS24001408,1,D00011,320.01.0027,2000,9.5495,2000,YERLİ,2025-02-24,611,,0,2,34.7,03,DG1,550.4035,KAPALI,2024,11,48
702541,2024-11-26,SAS24001408,2,H00002,320.01.0027,5000,21.265,5000,YERLİ,2024-12-06,611,,0,2,34.7,02,HM1,3064.121,KAPALI,2024,11,48
702542,2024-11-26,SAS24001409,1,D00001,320.01.0019,10000,36.2518,10000,YERLİ,2025-01-25,611,,0,2,34.7,03,DG1,10447.2046,KAPALI,2024,11,48
702543,2024-11-26,SAS24001409,2,H00013,320.01.0019,10000,108.9318,10000,YERLİ,2025-01-25,611,,0,2,34.7,02,HM1,31392.4496,KAPALI,2024,11,48
702544,2024-11-26,SAS24001410,1,H00010,320.01.0005,120,26.151,60,YERLİ,2024-12-06,611,-601,60,2,34.7,02,HM1,90.4357,ACIK,2024,11,48
702545,2024-11-26,SAS24001411,1,H00007,320.01.0017,250,49.9119,250,YERLİ,2024-12-06,611,,0,2,34.7,02,HM1,359.5958,KAPALI,2024,11,48
702546,2024-11-26,SAS24001411,2,D00009,320.01.0017,5000,279.4041,5000,YERLİ,2024-12-06,611,,0,2,34.7,03,DG1,40259.9568,KAPALI,2024,11,48
702547,2024-11-27,SAS24001412,1,D00001,320.01.0014,1000,34.7808,1000,YERLİ,2024-12-07,610,,0,2,34.7,03,DG1,1002.3285,KAPALI,2024,11,48
702548,2024-11-27,SAS24001412,2,D00006,320.01.0014,2000,348.1078,2000,YERLİ,2024-12-07,610,,0,2,34.7,03,DG1,20063.8501,KAPALI,2024,11,48
702549,2024-11-27,SAS24001413,1,H00008,320.01.0002,250,58.8194,250,YERLİ,2024-12-12,610,,0,2,34.7,02,HM1,423.7709,KAPALI,2024,11,48
702550,2024-11-27,SAS24001413,2,H00001,320.01.0002,1000,57.7569,1000,YERLİ,2024-12-27,610,,0,2,34.7,02,HM1,1664.464,KAPALI,2024,11,48
702551,2024-11-27,SAS24001414,1,H00005,320.01.0030,1000,54.8705,1000,YERLİ,2025-01-11,610,,0,2,34.7,02,HM1,1581.2824,KAPALI,2024,11,48
702552,2024-11-27,SAS24001414,2,D00009,320.01.0030,5000,272.5551,0,YERLİ,2025-01-11,610,-565,5000,2,34.7,03,DG1,39273.0692,ACIK,2024,11,48
702553,2024-11-28,SAS24001415,1,H00014,320.01.0004,500,36.9375,500,YERLİ,2024-12-13,609,,0,2,34.7,02,HM1,532.2406,KAPALI,2024,11,48
702554,2024-11-28,SAS24001416,1,H00014,320.01.0011,250,37.5498,250,YERLİ,2025-02-26,609,,0,2,34.7,02,HM1,270.5317,KAPALI,2024,11,48
702555,2024-11-28,SAS24001417,1,D00012,320.01.0026,5000,154.7267,5000,YERLİ,2025-01-27,609,,0,2,34.7,03,DG1,22294.9135,KAPALI,2024,11,48
702556,2024-11-28,SAS24001417,2,D00010,320.01.0026,2000,237.117,2000,YERLİ,2025-01-27,609,,0,2,34.7,03,DG1,13666.6859,KAPALI,2024,11,48
702557,2024-11-28,SAS24001417,3,D00003,320.01.0026,10000,284.3994,10000,YERLİ,2024-12-08,609,,0,2,34.7,03,DG1,81959.4813,KAPALI,2024,11,48
702558,2024-11-29,SAS24001418,1,D00003,320.01.0034,250,289.297,250,YERLİ,2025-02-27,608,,0,2,34.7,03,DG1,2084.2723,KAPALI,2024,11,48
702559,2024-11-29,SAS24001418,2,H00016,320.01.0034,5000,98.4299,5000,YERLİ,2025-02-27,608,,0,2,34.7,02,HM1,14182.9827,KAPALI,2024,11,48
702560,2024-11-29,SAS24001419,1,H00009,320.01.0001,500,74.4038,500,YERLİ,2025-02-27,608,,0,2,34.7,02,HM1,1072.1009,KAPALI,2024,11,48
702561,2024-12-02,SAS24001420,1,H00003,320.01.0015,120,87.161,120,YERLİ,2024-12-12,605,,0,2,35.15,02,HM1,297.5624,KAPALI,2024,12,49
702562,2024-12-02,SAS24001421,1,D00007,320.01.0012,5000,90.7768,5000,YERLİ,2025-01-16,605,,0,2,35.15,03,DG1,12912.7738,KAPALI,2024,12,49
702563,2024-12-02,SAS24001421,2,H00005,320.01.0012,2000,64.5998,2000,YERLİ,2024-12-23,605,,0,2,35.15,02,HM1,3675.6643,KAPALI,2024,12,49
702564,2024-12-03,SAS24001422,1,H00012,320.01.0002,1000,30.8086,1000,YERLİ,2024-12-24,604,,0,2,35.15,02,HM1,876.4893,KAPALI,2024,12,49
702565,2024-12-03,SAS24001422,2,H00014,320.01.0002,10000,38.1042,10000,YERLİ,2025-03-03,604,,0,2,35.15,02,HM1,10840.4552,KAPALI,2024,12,49
702566,2024-12-03,SAS24001423,1,D00007,320.01.0055,1000,82.5447,1000,İTHAL,2025-02-01,604,,0,2,35.15,03,DG1,2348.3556,KAPALI,2024,12,49
702567,2024-12-03,SAS24001423,2,H00014,320.01.0055,500,33.0733,500,İTHAL,2024-12-13,604,,0,2,35.15,02,HM1,470.4595,KAPALI,2024,12,49
702568,2024-12-04,SAS24001424,1,D00007,320.01.0044,5000,90.7278,5000,YERLİ,2025-01-03,603,,0,2,35.15,03,DG1,12905.8037,KAPALI,2024,12,49
702569,2024-12-04,SAS24001424,2,H00014,320.01.0044,250,35.4516,250,YERLİ,2024-12-19,603,,0,2,35.15,02,HM1,252.1451,KAPALI,2024,12,49
702570,2024-12-04,SAS24001425,1,H00011,320.01.0004,500,36.7428,500,YERLİ,2024-12-19,603,,0,2,35.15,02,HM1,522.6572,KAPALI,2024,12,49
702571,2024-12-05,SAS24001426,1,H00013,320.01.0006,2000,108.0032,2000,YERLİ,2025-02-03,602,,0,2,35.15,02,HM1,6145.2745,KAPALI,2024,12,49
702572,2024-12-05,SAS24001427,1,D00009,320.01.0006,500,249.1593,500,YERLİ,2025-01-04,602,,0,2,35.15,03,DG1,3544.229,KAPALI,2024,12,49
702573,2024-12-06,SAS24001428,1,H00001,320.01.0001,2000,51.305,2000,YERLİ,2025-03-06,601,,0,2,35.15,02,HM1,2919.2034,KAPALI,2024,12,49
702574,2024-12-06,SAS24001429,1,H00006,320.01.0020,120,106.3741,120,YERLİ,2025-02-04,601,,0,2,35.15,02,HM1,363.1548,KAPALI,2024,12,49
702575,2024-12-06,SAS24001429,2,D00001,320.01.0020,1000,39.0605,1000,YERLİ,2024-12-27,601,,0,2,35.15,03,DG1,1111.2518,KAPALI,2024,12,49
702576,2024-12-06,SAS24001429,3,D00008,320.01.0020,500,304.9091,500,YERLİ,2025-02-04,601,,0,2,35.15,03,DG1,4337.256,KAPALI,2024,12,49
702577,2024-12-06,SAS24001430,1,H00016,320.01.0003,250,95.3292,250,İTHAL,2025-01-05,601,,0,2,35.15,02,HM1,678.0171,KAPALI,2024,12,49
702578,2024-12-06,SAS24001430,2,D00003,320.01.0003,120,350.9344,120,İTHAL,2024-12-16,601,,0,2,35.15,03,DG1,1198.0691,KAPALI,2024,12,49
702579,2024-12-06,SAS24001430,3,H00001,320.01.0003,10000,51.9897,10000,İTHAL,2024-12-16,601,,0,2,35.15,02,HM1,14790.8108,KAPALI,2024,12,49
702580,2024-12-10,SAS24001431,1,D00010,320.01.0008,500,197.8681,500,YERLİ,2024-12-31,597,,0,2,35.15,03,DG1,2814.6245,KAPALI,2024,12,50
702581,2024-12-10,SAS24001431,2,H00008,320.01.0008,5000,66.3171,5000,YERLİ,2025-01-24,597,,0,2,35.15,02,HM1,9433.4424,KAPALI,2024,12,50
702582,2024-12-10,SAS24001431,3,D00007,320.01.0008,10000,75.5405,10000,YERLİ,2025-01-24,597,,0,2,35.15,03,DG1,21490.8962,KAPALI,2024,12,50
702583,2024-12-11,SAS24001432,1,H00013,320.01.0002,1000,104.4488,1000,YERLİ,2025-01-25,596,,0,2,35.15,02,HM1,2971.5164,KAPALI,2024,12,50
702584,2024-12-11,SAS24001432,2,D00010,320.01.0002,120,237.3665,120,YERLİ,2024-12-21,596,,0,2,35.15,03,DG1,810.355,KAPALI,2024,12,50
702585,2024-12-11,SAS24001433,1,D00009,320.01.0002,2000,289.8569,2000,YERLİ,2025-01-01,596,,0,2,35.15,03,DG1,16492.569,KAPALI,2024,12,50
702586,2024-12-11,SAS24001434,1,H00014,320.01.0022,10000,33.0217,10000,YERLİ,2024-12-26,596,,0,2,35.15,02,HM1,9394.5092,KAPALI,2024,12,50
702587,2024-12-11,SAS24001434,2,H00016,320.01.0022,2000,90.2851,2000,YERLİ,2025-01-25,596,,0,2,35.15,02,HM1,5137.1323,KAPALI,2024,12,50
702588,2024-12-11,SAS24001435,1,H00013,320.01.0020,250,91.7529,250,YERLİ,2024-12-21,596,,0,2,35.15,02,HM1,652.5811,KAPALI,2024,12,50
702589,2024-12-12,SAS24001436,1,D00007,320.01.0026,10000,89.3036,10000,YERLİ,2025-03-12,595,,0,2,35.15,03,DG1,25406.4296,KAPALI,2024,12,50
702590,2024-12-12,SAS24001437,1,H00016,320.01.0004,120,78.7038,120,YERLİ,2025-01-26,595,,0,2,35.15,02,HM1,268.6901,KAPALI,2024,12,50
702591,2024-12-12,SAS24001437,2,H00004,320.01.0004,500,75.9959,500,YERLİ,2024-12-27,595,,0,2,35.15,02,HM1,1081.0228,KAPALI,2024,12,50
702592,2024-12-12,SAS24001438,1,H00014,320.01.0002,2000,40.1865,2000,YERLİ,2025-01-26,595,,0,2,35.15,02,HM1,2286.5718,KAPALI,2024,12,50
702593,2024-12-12,SAS24001438,2,H00002,320.01.0002,120,19.243,120,YERLİ,2024-12-27,595,,0,2,35.15,02,HM1,65.6945,KAPALI,2024,12,50
702594,2024-12-12,SAS24001438,3,D00011,320.01.0002,10000,9.5447,10000,YERLİ,2025-03-12,595,,0,2,35.15,03,DG1,2715.4196,KAPALI,2024,12,50
702595,2024-12-12,SAS24001439,1,H00014,320.01.0001,10000,41.461,10000,YERLİ,2025-02-10,595,,0,2,35.15,02,HM1,11795.4481,KAPALI,2024,12,50
702596,2024-12-12,SAS24001440,1,D00005,320.01.0001,1000,307.6729,1000,YERLİ,2025-01-26,595,,0,2,35.15,03,DG1,8753.1408,KAPALI,2024,12,50
702597,2024-12-12,SAS24001440,2,D00001,320.01.0001,120,38.848,120,YERLİ,2025-01-02,595,,0,2,35.15,03,DG1,132.6248,KAPALI,2024,12,50
702598,2024-12-12,SAS24001440,3,H00015,320.01.0001,120,38.8227,60,YERLİ,2024-12-27,595,-580,60,2,35.15,02,HM1,132.5384,ACIK,2024,12,50
702599,2024-12-13,SAS24001441,1,H00009,320.01.0005,120,84.0805,120,YERLİ,2025-01-03,594,,0,2,35.15,02,HM1,287.0458,KAPALI,2024,12,50
702600,2024-12-13,SAS24001442,1,D00010,320.01.0018,120,191.4085,120,YERLİ,2025-01-03,594,,0,2,35.15,03,DG1,653.4572,KAPALI,2024,12,50
702601,2024-12-13,SAS24001442,2,H00011,320.01.0018,120,40.2788,120,YERLİ,2024-12-28,594,,0,2,35.15,02,HM1,137.5094,KAPALI,2024,12,50
702602,2024-12-16,SAS24001443,1,D00005,320.01.0018,1000,335.7387,1000,YERLİ,2025-01-15,591,,0,2,35.15,03,DG1,9551.5989,KAPALI,2024,12,51
702603,2024-12-16,SAS24001443,2,H00009,320.01.0018,2000,93.5698,2000,YERLİ,2025-02-14,591,,0,2,35.15,02,HM1,5324.0284,KAPALI,2024,12,51
702604,2024-12-16,SAS24001444,1,H00011,320.01.0004,2000,43.4161,2000,YERLİ,2024-12-26,591,,0,2,35.15,02,HM1,2470.3329,KAPALI,2024,12,51
702605,2024-12-16,SAS24001445,1,D00009,320.01.0001,10000,257.1792,10000,YERLİ,2025-03-16,591,,0,2,35.15,03,DG1,73166.202,KAPALI,2024,12,51
702606,2024-12-16,SAS24001445,2,H00010,320.01.0001,1000,23.9388,1000,YERLİ,2025-01-06,591,,0,2,35.15,02,HM1,681.0469,KAPALI,2024,12,51
702607,2024-12-16,SAS24001445,3,H00013,320.01.0001,10000,97.7582,10000,YERLİ,2025-01-15,591,,0,2,35.15,02,HM1,27811.7212,KAPALI,2024,12,51
702608,2024-12-16,SAS24001446,1,H00011,320.01.0012,120,36.7857,120,YERLİ,2024-12-31,591,,0,2,35.15,02,HM1,125.5842,KAPALI,2024,12,51
702609,2024-12-16,SAS24001446,2,H00006,320.01.0012,500,116.1851,500,YERLİ,2025-01-06,591,,0,2,35.15,02,HM1,1652.7041,KAPALI,2024,12,51
702610,2024-12-16,SAS24001446,3,H00014,320.01.0012,120,37.1628,120,YERLİ,2025-01-06,591,,0,2,35.15,02,HM1,126.8716,KAPALI,2024,12,51
702611,2024-12-17,SAS24001447,1,H00012,320.01.0015,120,32.2927,120,YERLİ,2025-01-31,590,,0,2,35.15,02,HM1,110.2453,KAPALI,2024,12,51
702612,2024-12-17,SAS24001448,1,D00010,320.01.0003,250,220.4919,250,İTHAL,2025-01-16,590,,0,2,35.15,03,DG1,1568.2212,KAPALI,2024,12,51
702613,2024-12-17,SAS24001448,2,H00016,320.01.0003,10000,80.1621,10000,İTHAL,2025-01-31,590,,0,2,35.15,02,HM1,22805.7183,KAPALI,2024,12,51
702614,2024-12-17,SAS24001448,3,D00012,320.01.0003,500,153.0078,500,İTHAL,2025-03-17,590,,0,2,35.15,03,DG1,2176.4979,KAPALI,2024,12,51
702615,2024-12-17,SAS24001449,1,D00001,320.01.0004,5000,43.3379,5000,YERLİ,2025-01-16,590,,0,2,35.15,03,DG1,6164.7084,KAPALI,2024,12,51
702616,2024-12-17,SAS24001449,2,H00013,320.01.0004,10000,99.1214,10000,YERLİ,2025-03-17,590,,0,2,35.15,02,HM1,28199.5448,KAPALI,2024,12,51
702617,2024-12-18,SAS24001450,1,H00004,320.01.0007,1000,78.251,1000,YERLİ,2024-12-28,589,,0,2,35.15,02,HM1,2226.202,KAPALI,2024,12,51
702618,2024-12-18,SAS24001451,1,H00005,320.01.0024,10000,59.9765,10000,YERLİ,2025-01-02,589,,0,2,35.15,02,HM1,17063.0156,KAPALI,2024,12,51
702619,2024-12-18,SAS24001451,2,H00004,320.01.0024,5000,67.0662,5000,YERLİ,2025-02-16,589,,0,2,35.15,02,HM1,9540,KAPALI,2024,12,51
702620,2024-12-19,SAS24001452,1,H00015,320.01.0007,5000,39.413,5000,YERLİ,2025-01-03,588,,0,2,35.15,02,HM1,5606.4011,KAPALI,2024,12,51
702621,2024-12-19,SAS24001453,1,D00002,320.01.0005,10000,60.9699,10000,YERLİ,2025-02-17,588,,0,2,35.15,03,DG1,17345.633,KAPALI,2024,12,51
702622,2024-12-19,SAS24001453,2,H00002,320.01.0005,250,22.2465,250,YERLİ,2025-01-09,588,,0,2,35.15,02,HM1,158.2255,KAPALI,2024,12,51
702623,2024-12-19,SAS24001454,1,H00013,320.01.0023,120,91.2854,120,İTHAL,2025-01-09,588,,0,2,35.15,02,HM1,311.6429,KAPALI,2024,12,51
702624,2024-12-19,SAS24001455,1,D00002,320.01.0003,1000,70.9205,1000,İTHAL,2025-03-19,588,,0,2,35.15,03,DG1,2017.6529,KAPALI,2024,12,51
702625,2024-12-19,SAS24001456,1,D00002,320.01.0025,500,62.8209,500,İTHAL,2025-01-18,588,,0,2,35.15,03,DG1,893.6117,KAPALI,2024,12,51
702626,2024-12-19,SAS24001456,2,H00007,320.01.0025,10000,46.1209,10000,İTHAL,2024-12-29,588,,0,2,35.15,02,HM1,13121.1664,KAPALI,2024,12,51
702627,2024-12-19,SAS24001457,1,D00005,320.01.0001,1000,334.8477,1000,YERLİ,2025-03-19,588,,0,2,35.15,03,DG1,9526.2504,KAPALI,2024,12,51
702628,2024-12-19,SAS24001457,2,D00010,320.01.0001,1000,231.3184,1000,YERLİ,2024-12-29,588,,0,2,35.15,03,DG1,6580.8933,KAPALI,2024,12,51
702629,2024-12-19,SAS24001457,3,H00006,320.01.0001,250,103.552,250,YERLİ,2025-01-09,588,,0,2,35.15,02,HM1,736.5007,KAPALI,2024,12,51
702630,2024-12-20,SAS24001458,1,H00005,320.01.0001,1000,56.0972,1000,YERLİ,2025-01-04,587,,0,2,35.15,02,HM1,1595.9374,KAPALI,2024,12,51
702631,2024-12-20,SAS24001458,2,D00003,320.01.0001,5000,297.6174,5000,YERLİ,2025-02-03,587,,0,2,35.15,03,DG1,42335.3343,KAPALI,2024,12,51
702632,2024-12-20,SAS24001459,1,H00010,320.01.0003,250,23.1545,250,İTHAL,2025-02-03,587,,0,2,35.15,02,HM1,164.6835,KAPALI,2024,12,51
702633,2024-12-20,SAS24001459,2,D00011,320.01.0003,500,10.3842,500,İTHAL,2025-01-10,587,,0,2,35.15,03,DG1,147.7127,KAPALI,2024,12,51
702634,2024-12-20,SAS24001460,1,D00012,320.01.0045,500,151.0097,500,YERLİ,2025-01-19,587,,0,2,35.15,03,DG1,2148.0754,KAPALI,2024,12,51
702635,2024-12-20,SAS24001460,2,H00007,320.01.0045,1000,52.1685,1000,YERLİ,2025-01-04,587,,0,2,35.15,02,HM1,1484.1679,KAPALI,2024,12,51
702636,2024-12-20,SAS24001461,1,D00008,320.01.0007,1000,361.9704,500,YERLİ,2025-02-18,587,-527,500,2,35.15,03,DG1,10297.8777,ACIK,2024,12,51
702637,2024-12-20,SAS24001461,2,H00005,320.01.0007,250,61.5465,250,YERLİ,2025-01-04,587,,0,2,35.15,02,HM1,437.7418,KAPALI,2024,12,51
702638,2024-12-23,SAS24001462,1,D00002,320.01.0019,250,63.211,250,YERLİ,2025-01-02,584,,0,2,35.15,03,DG1,449.5804,KAPALI,2024,12,52
702639,2024-12-23,SAS24001462,2,H00006,320.01.0019,10000,113.5497,10000,YERLİ,2025-01-02,584,,0,2,35.15,02,HM1,32304.3243,KAPALI,2024,12,52
702640,2024-12-23,SAS24001462,3,H00011,320.01.0019,120,42.793,120,YERLİ,2025-01-22,584,,0,2,35.15,02,HM1,146.0927,KAPALI,2024,12,52
702641,2024-12-23,SAS24001463,1,D00005,320.01.0011,500,306.2779,500,YERLİ,2025-02-21,584,,0,2,35.15,03,DG1,4356.7269,KAPALI,2024,12,52
702642,2024-12-23,SAS24001464,1,D00003,320.01.0006,5000,299.0207,5000,YERLİ,2025-01-07,584,,0,2,35.15,03,DG1,42534.9502,KAPALI,2024,12,52
702643,2024-12-23,SAS24001464,2,H00002,320.01.0006,250,19.934,0,YERLİ,2025-01-22,584,-554,250,2,35.15,02,HM1,141.7781,ACIK,2024,12,52
702644,2024-12-23,SAS24001465,1,H00013,320.01.0009,250,108.6311,250,YERLİ,2025-02-21,584,,0,2,35.15,02,HM1,772.6252,KAPALI,2024,12,52
702645,2024-12-23,SAS24001465,2,H00012,320.01.0009,2000,29.8461,2000,YERLİ,2025-01-22,584,,0,2,35.15,02,HM1,1698.2134,KAPALI,2024,12,52
702646,2024-12-23,SAS24001465,3,D00010,320.01.0009,500,220.1943,500,YERLİ,2025-03-23,584,,0,2,35.15,03,DG1,3132.2091,KAPALI,2024,12,52
702647,2024-12-24,SAS24001466,1,D00006,320.01.0011,5000,338.3855,5000,YERLİ,2025-02-22,583,,0,2,35.15,03,DG1,48134.495,KAPALI,2024,12,52
702648,2024-12-24,SAS24001466,2,H00004,320.01.0011,500,84.2824,500,YERLİ,2025-03-24,583,,0,2,35.15,02,HM1,1198.8962,KAPALI,2024,12,52
702649,2024-12-24,SAS24001466,3,D00004,320.01.0011,10000,67.4966,10000,YERLİ,2025-02-22,583,,0,2,35.15,03,DG1,19202.4467,KAPALI,2024,12,52
702650,2024-12-24,SAS24001467,1,H00006,320.01.0018,10000,116.1343,10000,YERLİ,2025-01-03,583,,0,2,35.15,02,HM1,33039.6302,KAPALI,2024,12,52
702651,2024-12-25,SAS24001468,1,D00003,320.01.0002,5000,334.6108,5000,YERLİ,2025-01-24,582,,0,2,35.15,03,DG1,47597.5533,KAPALI,2024,12,52
702652,2024-12-25,SAS24001468,2,H00004,320.01.0002,5000,75.5627,5000,YERLİ,2025-01-04,582,,0,2,35.15,02,HM1,10748.606,KAPALI,2024,12,52
702653,2024-12-25,SAS24001469,1,D00007,320.01.0048,5000,90.4385,5000,YERLİ,2025-02-08,582,,0,2,35.15,03,DG1,12864.6515,KAPALI,2024,12,52
702654,2024-12-25,SAS24001469,2,H00001,320.01.0048,1000,54.9496,1000,YERLİ,2025-01-04,582,,0,2,35.15,02,HM1,1563.2888,KAPALI,2024,12,52
702655,2024-12-25,SAS24001470,1,H00012,320.01.0011,2000,33.7573,1000,YERLİ,2025-02-23,582,-522,1000,2,35.15,02,HM1,1920.7568,ACIK,2024,12,52
702656,2024-12-25,SAS24001471,1,H00003,320.01.0030,500,83.9781,500,YERLİ,2025-01-24,582,,0,2,35.15,02,HM1,1194.5676,KAPALI,2024,12,52
702657,2024-12-26,SAS24001472,1,D00011,320.01.0001,5000,9.6432,5000,YERLİ,2025-01-25,581,,0,2,35.15,03,DG1,1371.7212,KAPALI,2024,12,52
702658,2024-12-26,SAS24001472,2,D00001,320.01.0001,2000,35.0817,2000,YERLİ,2025-03-26,581,,0,2,35.15,03,DG1,1996.1138,KAPALI,2024,12,52
702659,2024-12-27,SAS24001473,1,H00001,320.01.0055,250,59.6969,250,İTHAL,2025-03-27,580,,0,2,35.15,02,HM1,424.5868,KAPALI,2024,12,52
702660,2024-12-27,SAS24001474,1,D00008,320.01.0012,1000,310.8367,1000,YERLİ,2025-01-11,580,,0,2,35.15,03,DG1,8843.1494,KAPALI,2024,12,52
702661,2024-12-27,SAS24001474,2,H00002,320.01.0012,10000,21.4576,10000,YERLİ,2025-02-10,580,,0,2,35.15,02,HM1,6104.5804,KAPALI,2024,12,52
702662,2024-12-27,SAS24001475,1,H00009,320.01.0009,2000,84.0569,2000,YERLİ,2025-03-27,580,,0,2,35.15,02,HM1,4782.7539,KAPALI,2024,12,52
702663,2024-12-27,SAS24001476,1,H00003,320.01.0003,2000,89.1778,2000,İTHAL,2025-02-25,580,,0,2,35.15,02,HM1,5074.128,KAPALI,2024,12,52
702664,2024-12-30,SAS24001477,1,D00007,320.01.0004,1000,90.4984,1000,YERLİ,2025-02-13,577,,0,2,35.15,03,DG1,2574.6344,KAPALI,2024,12,1
702665,2024-12-30,SAS24001477,2,D00002,320.01.0004,500,62.0005,500,YERLİ,2025-03-30,577,,0,2,35.15,03,DG1,881.9417,KAPALI,2024,12,1
702666,2024-12-30,SAS24001478,1,H00010,320.01.0001,10000,25.3702,10000,YERLİ,2025-03-30,577,,0,2,35.15,02,HM1,7217.6956,KAPALI,2024,12,1
702667,2024-12-30,SAS24001478,2,D00006,320.01.0001,5000,356.2208,5000,YERLİ,2025-02-13,577,,0,2,35.15,03,DG1,50671.522,KAPALI,2024,12,1
702668,2024-12-31,SAS24001479,1,H00005,320.01.0007,1000,64.0717,1000,YERLİ,2025-01-10,576,,0,2,35.15,02,HM1,1822.808,KAPALI,2024,12,1
702669,2024-12-31,SAS24001479,2,H00002,320.01.0007,1000,19.9772,1000,YERLİ,2025-02-14,576,,0,2,35.15,02,HM1,568.3414,KAPALI,2024,12,1
702670,2024-12-31,SAS24001480,1,D00002,320.01.0021,10000,66.2737,10000,YERLİ,2025-02-14,576,,0,2,35.15,03,DG1,18854.5377,KAPALI,2024,12,1
702671,2025-01-01,SAS25001481,1,H00004,320.01.0007,250,80.4212,250,YERLİ,2025-03-02,575,,0,2,35.6,02,HM1,564.7556,KAPALI,2025,1,1
702672,2025-01-01,SAS25001481,2,D00009,320.01.0007,10000,287.8162,10000,YERLİ,2025-02-15,575,,0,2,35.6,03,DG1,80847.2472,KAPALI,2025,1,1
702673,2025-01-02,SAS25001482,1,H00004,320.01.0013,120,76.5188,120,YERLİ,2025-01-23,574,,0,2,35.6,02,HM1,257.9285,KAPALI,2025,1,1
702674,2025-01-02,SAS25001483,1,H00004,320.01.0005,500,70.0524,500,YERLİ,2025-02-16,574,,0,2,35.6,02,HM1,983.882,KAPALI,2025,1,1
702675,2025-01-03,SAS25001484,1,H00013,320.01.0055,10000,104.1457,10000,İTHAL,2025-01-13,573,,0,2,35.6,02,HM1,29254.4101,KAPALI,2025,1,1
702676,2025-01-03,SAS25001485,1,D00001,320.01.0006,1000,40.848,500,YERLİ,2025-02-02,573,-543,500,2,35.6,03,DG1,1147.4157,ACIK,2025,1,1
702677,2025-01-03,SAS25001486,1,H00001,320.01.0022,2000,50.8431,2000,YERLİ,2025-02-02,573,,0,2,35.6,02,HM1,2856.3539,KAPALI,2025,1,1
702678,2025-01-03,SAS25001487,1,H00012,320.01.0002,500,30.1766,500,YERLİ,2025-02-17,573,,0,2,35.6,02,HM1,423.8287,KAPALI,2025,1,1
702679,2025-01-03,SAS25001488,1,H00003,320.01.0020,2000,75.6859,2000,YERLİ,2025-01-18,573,,0,2,35.6,02,HM1,4252.0169,KAPALI,2025,1,1
702680,2025-01-03,SAS25001488,2,D00001,320.01.0020,5000,42.2984,2500,YERLİ,2025-01-18,573,-558,2500,2,35.6,03,DG1,5940.7865,ACIK,2025,1,1
702681,2025-01-06,SAS25001489,1,H00006,320.01.0003,120,120.0352,120,İTHAL,2025-01-27,570,,0,2,35.6,02,HM1,404.613,KAPALI,2025,1,2
702682,2025-01-06,SAS25001489,2,H00008,320.01.0003,120,66.3995,120,İTHAL,2025-02-20,570,,0,2,35.6,02,HM1,223.8185,KAPALI,2025,1,2
702683,2025-01-06,SAS25001489,3,H00003,320.01.0003,1000,88.4823,1000,İTHAL,2025-01-27,570,,0,2,35.6,02,HM1,2485.4579,KAPALI,2025,1,2
702684,2025-01-06,SAS25001490,1,D00008,320.01.0008,500,320.3578,500,YERLİ,2025-02-05,570,,0,2,35.6,03,DG1,4499.4073,KAPALI,2025,1,2
702685,2025-01-06,SAS25001490,2,H00006,320.01.0008,250,111.1384,250,YERLİ,2025-01-21,570,,0,2,35.6,02,HM1,780.4663,KAPALI,2025,1,2
702686,2025-01-06,SAS25001491,1,H00006,320.01.0051,500,110.3171,500,YERLİ,2025-02-20,570,,0,2,35.6,02,HM1,1549.3975,KAPALI,2025,1,2
702687,2025-01-06,SAS25001491,2,H00005,320.01.0051,5000,57.4923,5000,YERLİ,2025-03-07,570,,0,2,35.6,02,HM1,8074.7612,KAPALI,2025,1,2
702688,2025-01-06,SAS25001492,1,D00010,320.01.0026,2000,235.1488,2000,YERLİ,2025-04-06,570,,0,2,35.6,03,DG1,13210.6067,KAPALI,2025,1,2
702689,2025-01-06,SAS25001492,2,D00001,320.01.0026,250,41.9937,0,YERLİ,2025-04-06,570,-480,250,2,35.6,03,DG1,294.8996,ACIK,2025,1,2
702690,2025-01-06,SAS25001492,3,H00003,320.01.0026,10000,82.7224,10000,YERLİ,2025-02-05,570,,0,2,35.6,02,HM1,23236.6292,KAPALI,2025,1,2
702691,2025-01-06,SAS25001493,1,H00005,320.01.0001,500,59.5058,500,YERLİ,2025-03-07,570,,0,2,35.6,02,HM1,835.7556,KAPALI,2025,1,2
702692,2025-01-06,SAS25001493,2,D00002,320.01.0001,120,62.236,120,YERLİ,2025-02-05,570,,0,2,35.6,03,DG1,209.7843,KAPALI,2025,1,2
702693,2025-01-07,SAS25001494,1,H00002,320.01.0041,5000,21.7553,5000,İTHAL,2025-02-06,569,,0,2,35.6,02,HM1,3055.5197,KAPALI,2025,1,2
702694,2025-01-07,SAS25001495,1,D00007,320.01.0003,250,76.2473,250,İTHAL,2025-02-06,569,,0,2,35.6,03,DG1,535.4445,KAPALI,2025,1,2
702695,2025-01-07,SAS25001495,2,H00010,320.01.0003,10000,23.4149,10000,İTHAL,2025-01-17,569,,0,2,35.6,02,HM1,6577.2191,KAPALI,2025,1,2
702696,2025-01-07,SAS25001496,1,D00009,320.01.0019,500,231.9649,500,YERLİ,2025-02-21,569,,0,2,35.6,03,DG1,3257.934,KAPALI,2025,1,2
702697,2025-01-07,SAS25001496,2,D00002,320.01.0019,120,73.8401,120,YERLİ,2025-03-08,569,,0,2,35.6,03,DG1,248.8992,KAPALI,2025,1,2
702698,2025-01-08,SAS25001497,1,H00014,320.01.0001,1000,39.8485,1000,YERLİ,2025-02-22,568,,0,2,35.6,02,HM1,1119.3399,KAPALI,2025,1,2
702699,2025-01-08,SAS25001498,1,D00004,320.01.0037,500,72.7225,0,İTHAL,2025-01-29,568,-547,500,2,35.6,03,DG1,1021.3834,ACIK,2025,1,2
702700,2025-01-08,SAS25001499,1,H00007,320.01.0043,5000,50.4472,5000,İTHAL,2025-03-09,568,,0,2,35.6,02,HM1,7085.2809,KAPALI,2025,1,2
702701,2025-01-08,SAS25001499,2,D00004,320.01.0043,10000,69.2463,10000,İTHAL,2025-04-08,568,,0,2,35.6,03,DG1,19451.2079,KAPALI,2025,1,2
702702,2025-01-08,SAS25001500,1,D00006,320.01.0005,5000,356.8672,5000,YERLİ,2025-01-18,568,,0,2,35.6,03,DG1,50121.7978,KAPALI,2025,1,2
702703,2025-01-08,SAS25001501,1,H00010,320.01.0002,2000,25.8034,2000,YERLİ,2025-02-07,568,,0,2,35.6,02,HM1,1449.6292,KAPALI,2025,1,2
702704,2025-01-08,SAS25001501,2,H00015,320.01.0002,500,39.1848,500,YERLİ,2025-01-18,568,,0,2,35.6,02,HM1,550.3483,KAPALI,2025,1,2
702705,2025-01-08,SAS25001501,3,D00005,320.01.0002,120,341.0677,0,YERLİ,2025-02-07,568,-538,120,2,35.6,03,DG1,1149.6664,ACIK,2025,1,2
702706,2025-01-08,SAS25001502,1,H00013,320.01.0013,500,110.6264,500,YERLİ,2025-02-22,568,,0,2,35.6,02,HM1,1553.7416,KAPALI,2025,1,2
702707,2025-01-09,SAS25001503,1,H00003,320.01.0008,500,73.8209,0,YERLİ,2025-01-30,567,-546,500,2,35.6,02,HM1,1036.8104,ACIK,2025,1,2
702708,2025-01-09,SAS25001503,2,H00010,320.01.0008,1000,21.6982,1000,YERLİ,2025-02-23,567,,0,2,35.6,02,HM1,609.5,KAPALI,2025,1,2
702709,2025-01-09,SAS25001504,1,H00012,320.01.0013,250,30.9824,125,YERLİ,2025-02-23,567,-522,125,2,35.6,02,HM1,217.573,ACIK,2025,1,2
702710,2025-01-09,SAS25001505,1,H00008,320.01.0005,10000,64.2642,10000,YERLİ,2025-02-08,567,,0,2,35.6,02,HM1,18051.7416,KAPALI,2025,1,2
702711,2025-01-09,SAS25001505,2,H00007,320.01.0005,250,52.7838,250,YERLİ,2025-02-23,567,,0,2,35.6,02,HM1,370.6728,KAPALI,2025,1,2
702712,2025-01-09,SAS25001506,1,D00011,320.01.0002,120,9.8459,120,YERLİ,2025-04-09,567,,0,2,35.6,03,DG1,33.1884,KAPALI,2025,1,2
702713,2025-01-09,SAS25001506,2,H00009,320.01.0002,120,86.225,120,YERLİ,2025-02-23,567,,0,2,35.6,02,HM1,290.6461,KAPALI,2025,1,2
702714,2025-01-10,SAS25001507,1,H00014,320.01.0024,2000,38.9988,2000,YERLİ,2025-01-31,566,,0,2,35.6,02,HM1,2190.9438,KAPALI,2025,1,2
702715,2025-01-10,SAS25001507,2,H00010,320.01.0024,500,23.1433,500,YERLİ,2025-01-25,566,,0,2,35.6,02,HM1,325.0463,KAPALI,2025,1,2
702716,2025-01-10,SAS25001507,3,D00011,320.01.0024,120,9.526,120,YERLİ,2025-03-11,566,,0,2,35.6,03,DG1,32.1101,KAPALI,2025,1,2
702717,2025-01-10,SAS25001508,1,D00011,320.01.0036,2000,9.7344,2000,YERLİ,2025-02-24,566,,0,2,35.6,03,DG1,546.8764,KAPALI,2025,1,2
702718,2025-01-10,SAS25001509,1,H00006,320.01.0049,2000,125.6011,2000,YERLİ,2025-04-10,566,,0,2,35.6,02,HM1,7056.2416,KAPALI,2025,1,2
702719,2025-01-13,SAS25001510,1,H00010,320.01.0042,10000,26.508,10000,YERLİ,2025-01-28,563,,0,2,35.6,02,HM1,7446.0674,KAPALI,2025,1,3
702720,2025-01-13,SAS25001511,1,D00010,320.01.0026,1000,197.8401,1000,YERLİ,2025-01-28,563,,0,2,35.6,03,DG1,5557.3062,KAPALI,2025,1,3
702721,2025-01-13,SAS25001511,2,H00012,320.01.0026,5000,31.4018,5000,YERLİ,2025-02-03,563,,0,2,35.6,02,HM1,4410.3652,KAPALI,2025,1,3
702722,2025-01-13,SAS25001512,1,D00010,320.01.0014,5000,201.502,2500,YERLİ,2025-01-23,563,-553,2500,2,35.6,03,DG1,28300.8427,ACIK,2025,1,3
702723,2025-01-14,SAS25001513,1,H00006,320.01.0005,2000,117.9691,2000,YERLİ,2025-03-15,562,,0,2,35.6,02,HM1,6627.4775,KAPALI,2025,1,3
702724,2025-01-14,SAS25001513,2,D00002,320.01.0005,250,72.363,250,YERLİ,2025-01-24,562,,0,2,35.6,03,DG1,508.1671,KAPALI,2025,1,3
702725,2025-01-14,SAS25001514,1,H00004,320.01.0002,1000,75.4362,1000,YERLİ,2025-02-13,562,,0,2,35.6,02,HM1,2118.9944,KAPALI,2025,1,3
702726,2025-01-14,SAS25001514,2,H00001,320.01.0002,500,56.6665,500,YERLİ,2025-02-13,562,,0,2,35.6,02,HM1,795.8778,KAPALI,2025,1,3
702727,2025-01-14,SAS25001514,3,H00008,320.01.0002,1000,75.4671,1000,YERLİ,2025-01-29,562,,0,2,35.6,02,HM1,2119.8624,KAPALI,2025,1,3
702728,2025-01-14,SAS25001515,1,D00009,320.01.0007,500,278.942,500,YERLİ,2025-01-29,562,,0,2,35.6,03,DG1,3917.7247,KAPALI,2025,1,3
702729,2025-01-14,SAS25001515,2,H00011,320.01.0007,1000,37.4146,500,YERLİ,2025-02-13,562,-532,500,2,35.6,02,HM1,1050.9719,ACIK,2025,1,3
702730,2025-01-14,SAS25001516,1,H00014,320.01.0021,120,39.7788,120,YERLİ,2025-01-29,562,,0,2,35.6,02,HM1,134.0858,KAPALI,2025,1,3
702731,2025-01-14,SAS25001516,2,D00005,320.01.0021,1000,277.1499,1000,YERLİ,2025-01-29,562,,0,2,35.6,03,DG1,7785.1096,KAPALI,2025,1,3
702732,2025-01-14,SAS25001516,3,D00012,320.01.0021,250,152.2987,250,YERLİ,2025-01-24,562,,0,2,35.6,03,DG1,1069.5133,KAPALI,2025,1,3
702733,2025-01-14,SAS25001517,1,H00011,320.01.0036,250,44.09,250,YERLİ,2025-03-15,562,,0,2,35.6,02,HM1,309.6208,KAPALI,2025,1,3
702734,2025-01-15,SAS25001518,1,D00003,320.01.0001,5000,283.2541,5000,YERLİ,2025-02-05,561,,0,2,35.6,03,DG1,39782.8792,KAPALI,2025,1,3
702735,2025-01-15,SAS25001519,1,H00002,320.01.0007,1000,20.9913,1000,YERLİ,2025-04-15,561,,0,2,35.6,02,HM1,589.6433,KAPALI,2025,1,3
702736,2025-01-16,SAS25001520,1,D00003,320.01.0025,120,321.0122,120,İTHAL,2025-03-17,560,,0,2,35.6,03,DG1,1082.0636,KAPALI,2025,1,3
702737,2025-01-16,SAS25001520,2,H00005,320.01.0025,500,56.7553,500,İTHAL,2025-03-02,560,,0,2,35.6,02,HM1,797.125,KAPALI,2025,1,3
702738,2025-01-17,SAS25001521,1,D00011,320.01.0010,5000,10.819,5000,YERLİ,2025-02-01,559,,0,2,35.6,03,DG1,1519.5225,KAPALI,2025,1,3
702739,2025-01-17,SAS25001521,2,H00004,320.01.0010,5000,76.1933,5000,YERLİ,2025-01-27,559,,0,2,35.6,02,HM1,10701.3062,KAPALI,2025,1,3
702740,2025-01-17,SAS25001521,3,H00012,320.01.0010,1000,34.3636,1000,YERLİ,2025-02-16,559,,0,2,35.6,02,HM1,965.2697,KAPALI,2025,1,3
702741,2025-01-17,SAS25001522,1,D00006,320.01.0033,1000,347.7849,1000,YERLİ,2025-03-03,559,,0,2,35.6,03,DG1,9769.2388,KAPALI,2025,1,3
702742,2025-01-17,SAS25001522,2,H00003,320.01.0033,250,88.3908,250,YERLİ,2025-03-03,559,,0,2,35.6,02,HM1,620.7219,KAPALI,2025,1,3
702743,2025-01-17,SAS25001523,1,D00007,320.01.0018,2000,84.8148,1000,YERLİ,2025-02-16,559,-529,1000,2,35.6,03,DG1,4764.8764,ACIK,2025,1,3
702744,2025-01-17,SAS25001523,2,H00013,320.01.0018,5000,104.7041,5000,YERLİ,2025-02-07,559,,0,2,35.6,02,HM1,14705.632,KAPALI,2025,1,3
702745,2025-01-17,SAS25001523,3,D00009,320.01.0018,250,246.7946,250,YERLİ,2025-02-01,559,,0,2,35.6,03,DG1,1733.1081,KAPALI,2025,1,3
702746,2025-01-20,SAS25001524,1,D00011,320.01.0011,2000,10.6915,2000,YERLİ,2025-04-20,556,,0,2,35.6,03,DG1,600.6461,KAPALI,2025,1,4
702747,2025-01-20,SAS25001525,1,D00009,320.01.0001,250,249.3564,250,YERLİ,2025-02-04,556,,0,2,35.6,03,DG1,1751.0983,KAPALI,2025,1,4
702748,2025-01-20,SAS25001525,2,H00004,320.01.0001,1000,86.2153,1000,YERLİ,2025-02-04,556,,0,2,35.6,02,HM1,2421.7781,KAPALI,2025,1,4
702749,2025-01-20,SAS25001526,1,H00011,320.01.0018,500,38.1587,500,YERLİ,2025-03-06,556,,0,2,35.6,02,HM1,535.9368,KAPALI,2025,1,4
702750,2025-01-20,SAS25001527,1,D00004,320.01.0047,500,73.0201,500,YERLİ,2025-03-06,556,,0,2,35.6,03,DG1,1025.5632,KAPALI,2025,1,4
702751,2025-01-20,SAS25001527,2,D00008,320.01.0047,120,315.8452,120,YERLİ,2025-04-20,556,,0,2,35.6,03,DG1,1064.6467,KAPALI,2025,1,4
702752,2025-01-20,SAS25001527,3,H00010,320.01.0047,5000,23.3779,5000,YERLİ,2025-03-21,556,,0,2,35.6,02,HM1,3283.4129,KAPALI,2025,1,4
702753,2025-01-21,SAS25001528,1,H00008,320.01.0018,2000,73.0183,0,YERLİ,2025-02-05,555,-540,2000,2,35.6,02,HM1,4102.1517,ACIK,2025,1,4
702754,2025-01-21,SAS25001529,1,H00011,320.01.0005,10000,37.4458,10000,YERLİ,2025-02-11,555,,0,2,35.6,02,HM1,10518.4831,KAPALI,2025,1,4
702755,2025-01-21,SAS25001530,1,D00005,320.01.0043,10000,315.3337,10000,İTHAL,2025-03-22,555,,0,2,35.6,03,DG1,88576.882,KAPALI,2025,1,4
702756,2025-01-22,SAS25001531,1,D00001,320.01.0010,5000,39.9329,5000,YERLİ,2025-03-23,554,,0,2,35.6,03,DG1,5608.5534,KAPALI,2025,1,4
702757,2025-01-23,SAS25001532,1,H00005,320.01.0005,2000,57.959,2000,YERLİ,2025-04-23,553,,0,2,35.6,02,HM1,3256.1236,KAPALI,2025,1,4
702758,2025-01-23,SAS25001533,1,D00006,320.01.0009,1000,333.591,1000,YERLİ,2025-02-02,553,,0,2,35.6,03,DG1,9370.5337,KAPALI,2025,1,4
702759,2025-01-23,SAS25001533,2,D00005,320.01.0009,250,322.357,250,YERLİ,2025-03-24,553,,0,2,35.6,03,DG1,2263.743,KAPALI,2025,1,4
702760,2025-01-23,SAS25001533,3,D00006,320.01.0009,1000,350.5774,1000,YERLİ,2025-02-02,553,,0,2,35.6,03,DG1,9847.6798,KAPALI,2025,1,4
702761,2025-01-23,SAS25001534,1,H00016,320.01.0002,2000,86.1139,2000,YERLİ,2025-03-24,553,,0,2,35.6,02,HM1,4837.8596,KAPALI,2025,1,4
702762,2025-01-23,SAS25001534,2,H00015,320.01.0002,10000,45.9386,10000,YERLİ,2025-03-09,553,,0,2,35.6,02,HM1,12904.1011,KAPALI,2025,1,4
702763,2025-01-23,SAS25001535,1,H00012,320.01.0044,1000,30.6473,1000,YERLİ,2025-02-22,553,,0,2,35.6,02,HM1,860.8792,KAPALI,2025,1,4
702764,2025-01-24,SAS25001536,1,D00006,320.01.0012,1000,345.904,0,YERLİ,2025-02-03,552,-542,1000,2,35.6,03,DG1,9716.4045,ACIK,2025,1,4
702765,2025-01-24,SAS25001536,2,H00009,320.01.0012,10000,89.8948,10000,YERLİ,2025-03-10,552,,0,2,35.6,02,HM1,25251.3483,KAPALI,2025,1,4
702766,2025-01-24,SAS25001536,3,H00003,320.01.0012,120,71.1775,120,YERLİ,2025-04-24,552,,0,2,35.6,02,HM1,239.9242,KAPALI,2025,1,4
702767,2025-01-27,SAS25001537,1,H00011,320.01.0054,10000,40.6173,10000,YERLİ,2025-03-13,549,,0,2,35.6,02,HM1,11409.3539,KAPALI,2025,1,5
702768,2025-01-27,SAS25001537,2,H00006,320.01.0054,1000,123.5138,1000,YERLİ,2025-03-13,549,,0,2,35.6,02,HM1,3469.4888,KAPALI,2025,1,5
702769,2025-01-27,SAS25001537,3,D00004,320.01.0054,120,84.9138,120,YERLİ,2025-02-17,549,,0,2,35.6,03,DG1,286.2263,KAPALI,2025,1,5
702770,2025-01-27,SAS25001538,1,H00007,320.01.0001,5000,43.4896,5000,YERLİ,2025-02-11,549,,0,2,35.6,02,HM1,6108.0899,KAPALI,2025,1,5
702771,2025-01-27,SAS25001539,1,H00009,320.01.0024,1000,82.3279,1000,YERLİ,2025-02-11,549,,0,2,35.6,02,HM1,2312.5815,KAPALI,2025,1,5
702772,2025-01-28,SAS25001540,1,D00002,320.01.0006,250,61.1691,250,YERLİ,2025-04-28,548,,0,2,35.6,03,DG1,429.5583,KAPALI,2025,1,5
702773,2025-01-29,SAS25001541,1,D00008,320.01.0042,1000,356.3487,1000,YERLİ,2025-04-29,547,,0,2,35.6,03,DG1,10009.7949,KAPALI,2025,1,5
702774,2025-01-29,SAS25001541,2,D00001,320.01.0042,1000,40.2451,1000,YERLİ,2025-04-29,547,,0,2,35.6,03,DG1,1130.4803,KAPALI,2025,1,5
702775,2025-01-29,SAS25001542,1,H00006,320.01.0007,1000,115.5016,1000,YERLİ,2025-02-13,547,,0,2,35.6,02,HM1,3244.427,KAPALI,2025,1,5
702776,2025-01-29,SAS25001542,2,H00009,320.01.0007,120,90.9934,120,YERLİ,2025-03-15,547,,0,2,35.6,02,HM1,306.7193,KAPALI,2025,1,5
702777,2025-01-30,SAS25001543,1,H00002,320.01.0053,5000,24.656,5000,İTHAL,2025-04-30,546,,0,2,35.6,02,HM1,3462.9213,KAPALI,2025,1,5
702778,2025-01-30,SAS25001544,1,D00005,320.01.0026,500,314.579,500,YERLİ,2025-02-09,546,,0,2,35.6,03,DG1,4418.2444,KAPALI,2025,1,5
702779,2025-01-30,SAS25001545,1,D00005,320.01.0004,120,308.1351,120,YERLİ,2025-03-01,546,,0,2,35.6,03,DG1,1038.6576,KAPALI,2025,1,5
702780,2025-01-30,SAS25001545,2,D00012,320.01.0004,5000,133.7907,5000,YERLİ,2025-03-01,546,,0,2,35.6,03,DG1,18790.8287,KAPALI,2025,1,5
702781,2025-01-30,SAS25001546,1,D00005,320.01.0001,2000,305.2898,2000,YERLİ,2025-02-09,546,,0,2,35.6,03,DG1,17151.1124,KAPALI,2025,1,5
702782,2025-01-30,SAS25001546,2,D00006,320.01.0001,5000,321.0189,5000,YERLİ,2025-02-20,546,,0,2,35.6,03,DG1,45086.9242,KAPALI,2025,1,5
702783,2025-01-31,SAS25001547,1,D00007,320.01.0011,1000,93.498,1000,YERLİ,2025-05-01,545,,0,2,35.6,03,DG1,2626.3483,KAPALI,2025,1,5
702784,2025-01-31,SAS25001547,2,D00002,320.01.0011,500,65.4149,0,YERLİ,2025-03-02,545,-515,500,2,35.6,03,DG1,918.7486,ACIK,2025,1,5
702785,2025-01-31,SAS25001548,1,H00013,320.01.0014,120,107.7081,120,YERLİ,2025-04-01,545,,0,2,35.6,02,HM1,363.061,KAPALI,2025,1,5
702786,2025-01-31,SAS25001548,2,H00004,320.01.0014,120,86.4128,120,YERLİ,2025-04-01,545,,0,2,35.6,02,HM1,291.2791,KAPALI,2025,1,5
702787,2025-01-31,SAS25001548,3,H00007,320.01.0014,500,44.8521,500,YERLİ,2025-03-02,545,,0,2,35.6,02,HM1,629.9452,KAPALI,2025,1,5
702788,2025-01-31,SAS25001549,1,H00016,320.01.0011,120,93.2239,120,YERLİ,2025-02-10,545,,0,2,35.6,02,HM1,314.2379,KAPALI,2025,1,5
702789,2025-02-03,SAS25001550,1,H00007,320.01.0011,120,54.6348,120,YERLİ,2025-02-24,542,,0,2,36.3667,02,HM1,180.2797,KAPALI,2025,2,6
702790,2025-02-03,SAS25001550,2,D00003,320.01.0011,250,316.3644,250,YERLİ,2025-03-20,542,,0,2,36.3667,03,DG1,2174.822,KAPALI,2025,2,6
702791,2025-02-03,SAS25001551,1,H00008,320.01.0039,2000,65.2097,1000,YERLİ,2025-04-04,542,-482,1000,2,36.3667,02,HM1,3586.2314,ACIK,2025,2,6
702792,2025-02-03,SAS25001552,1,D00011,320.01.0008,120,10.8536,120,YERLİ,2025-02-24,542,,0,2,36.3667,03,DG1,35.8139,KAPALI,2025,2,6
702793,2025-02-04,SAS25001553,1,H00004,320.01.0003,250,77.73,250,İTHAL,2025-02-25,541,,0,2,36.3667,02,HM1,534.3487,KAPALI,2025,2,6
702794,2025-02-05,SAS25001554,1,D00005,320.01.0003,250,335.4326,250,İTHAL,2025-03-07,540,,0,2,36.3667,03,DG1,2305.9049,KAPALI,2025,2,6
702795,2025-02-05,SAS25001555,1,D00004,320.01.0018,250,85.2508,250,YERLİ,2025-02-20,540,,0,2,36.3667,03,DG1,586.0499,KAPALI,2025,2,6
702796,2025-02-05,SAS25001556,1,H00016,320.01.0009,500,89.518,500,YERLİ,2025-05-06,540,,0,2,36.3667,02,HM1,1230.7688,KAPALI,2025,2,6
702797,2025-02-05,SAS25001556,2,D00002,320.01.0009,1000,64.4536,1000,YERLİ,2025-02-15,540,,0,2,36.3667,03,DG1,1772.3247,KAPALI,2025,2,6
702798,2025-02-06,SAS25001557,1,D00001,320.01.0006,120,43.6005,120,YERLİ,2025-03-23,539,,0,2,36.3667,03,DG1,143.8695,KAPALI,2025,2,6
702799,2025-02-06,SAS25001557,2,H00010,320.01.0006,5000,25.0591,5000,YERLİ,2025-02-27,539,,0,2,36.3667,02,HM1,3445.336,KAPALI,2025,2,6
702800,2025-02-06,SAS25001558,1,H00003,320.01.0047,250,78.5456,250,YERLİ,2025-03-23,539,,0,2,36.3667,02,HM1,539.9555,KAPALI,2025,2,6
702801,2025-02-06,SAS25001558,2,H00004,320.01.0047,2000,69.8401,2000,YERLİ,2025-02-27,539,,0,2,36.3667,02,HM1,3840.8819,KAPALI,2025,2,6
702802,2025-02-06,SAS25001559,1,H00001,320.01.0015,10000,55.0977,0,YERLİ,2025-03-23,539,-494,10000,2,36.3667,02,HM1,15150.5911,ACIK,2025,2,6
702803,2025-02-07,SAS25001560,1,D00007,320.01.0001,10000,81.6445,10000,YERLİ,2025-02-17,538,,0,2,36.3667,03,DG1,22450.3461,KAPALI,2025,2,6
702804,2025-02-07,SAS25001560,2,D00009,320.01.0001,1000,239.1521,1000,YERLİ,2025-03-09,538,,0,2,36.3667,03,DG1,6576.1287,KAPALI,2025,2,6
702805,2025-02-07,SAS25001560,3,H00011,320.01.0001,1000,43.4269,1000,YERLİ,2025-03-09,538,,0,2,36.3667,02,HM1,1194.1391,KAPALI,2025,2,6
702806,2025-02-07,SAS25001561,1,H00016,320.01.0037,500,94.1599,500,İTHAL,2025-03-09,538,,0,2,36.3667,02,HM1,1294.5896,KAPALI,2025,2,6
702807,2025-02-07,SAS25001561,2,D00008,320.01.0037,5000,367.2221,5000,İTHAL,2025-02-22,538,,0,2,36.3667,03,DG1,50488.7851,KAPALI,2025,2,6
702808,2025-02-07,SAS25001562,1,D00006,320.01.0019,500,364.065,500,YERLİ,2025-04-08,538,,0,2,36.3667,03,DG1,5005.472,KAPALI,2025,2,6
702809,2025-02-07,SAS25001562,2,H00009,320.01.0019,2000,79.781,2000,YERLİ,2025-02-22,538,,0,2,36.3667,02,HM1,4387.5853,KAPALI,2025,2,6
702810,2025-02-07,SAS25001563,1,H00006,320.01.0001,1000,105.2855,1000,YERLİ,2025-03-09,538,,0,2,36.3667,02,HM1,2895.1073,KAPALI,2025,2,6
702811,2025-02-10,SAS25001564,1,H00002,320.01.0010,120,20.8079,120,YERLİ,2025-02-20,535,,0,2,36.3667,02,HM1,68.6603,KAPALI,2025,2,7
702812,2025-02-10,SAS25001564,2,H00007,320.01.0010,5000,51.0321,5000,YERLİ,2025-05-11,535,,0,2,36.3667,02,HM1,7016.3226,KAPALI,2025,2,7
702813,2025-02-10,SAS25001565,1,H00012,320.01.0022,5000,32.937,5000,YERLİ,2025-05-11,535,,0,2,36.3667,02,HM1,4528.456,KAPALI,2025,2,7
702814,2025-02-10,SAS25001565,2,H00016,320.01.0022,5000,88.8732,5000,YERLİ,2025-03-12,535,,0,2,36.3667,02,HM1,12219.0355,KAPALI,2025,2,7
702815,2025-02-10,SAS25001566,1,H00011,320.01.0024,10000,41.3355,10000,YERLİ,2025-04-11,535,,0,2,36.3667,02,HM1,11366.3049,KAPALI,2025,2,7
702816,2025-02-10,SAS25001566,2,H00008,320.01.0024,120,68.7766,120,YERLİ,2025-04-11,535,,0,2,36.3667,02,HM1,226.9437,KAPALI,2025,2,7
702817,2025-02-10,SAS25001567,1,D00006,320.01.0048,5000,377.0081,5000,YERLİ,2025-03-03,535,,0,2,36.3667,03,DG1,51834.2467,KAPALI,2025,2,7
702818,2025-02-10,SAS25001567,2,H00001,320.01.0048,120,57.6538,120,YERLİ,2025-02-25,535,,0,2,36.3667,02,HM1,190.2415,KAPALI,2025,2,7
702819,2025-02-11,SAS25001568,1,H00014,320.01.0006,2000,36.3374,2000,YERLİ,2025-02-21,534,,0,2,36.3667,02,HM1,1998.3886,KAPALI,2025,2,7
702820,2025-02-11,SAS25001568,2,H00007,320.01.0006,1000,47.4005,500,YERLİ,2025-04-12,534,-474,500,2,36.3667,02,HM1,1303.4039,ACIK,2025,2,7
702821,2025-02-11,SAS25001569,1,D00005,320.01.0028,10000,334.9449,10000,YERLİ,2025-04-12,534,,0,2,36.3667,03,DG1,92102.0879,KAPALI,2025,2,7
702822,2025-02-11,SAS25001569,2,H00014,320.01.0028,5000,40.9176,5000,YERLİ,2025-05-12,534,,0,2,36.3667,02,HM1,5625.696,KAPALI,2025,2,7
702823,2025-02-11,SAS25001570,1,H00014,320.01.0054,5000,40.1609,5000,YERLİ,2025-02-21,534,,0,2,36.3667,02,HM1,5521.6586,KAPALI,2025,2,7
702824,2025-02-11,SAS25001571,1,H00013,320.01.0001,120,97.3856,120,YERLİ,2025-02-26,534,,0,2,36.3667,02,HM1,321.3454,KAPALI,2025,2,7
702825,2025-02-12,SAS25001572,1,H00010,320.01.0001,250,24.4582,250,YERLİ,2025-04-13,533,,0,2,36.3667,02,HM1,168.136,KAPALI,2025,2,7
702826,2025-02-12,SAS25001572,2,H00015,320.01.0001,5000,39.623,5000,YERLİ,2025-03-29,533,,0,2,36.3667,02,HM1,5447.7035,KAPALI,2025,2,7
702827,2025-02-12,SAS25001573,1,H00001,320.01.0054,1000,58.0685,1000,YERLİ,2025-04-13,533,,0,2,36.3667,02,HM1,1596.7492,KAPALI,2025,2,7
702828,2025-02-12,SAS25001574,1,D00009,320.01.0026,10000,268.5726,10000,YERLİ,2025-03-29,533,,0,2,36.3667,03,DG1,73851.243,KAPALI,2025,2,7
702829,2025-02-12,SAS25001574,2,H00003,320.01.0026,250,85.0703,250,YERLİ,2025-02-22,533,,0,2,36.3667,02,HM1,584.809,KAPALI,2025,2,7
702830,2025-02-12,SAS25001575,1,H00004,320.01.0001,5000,77.4233,5000,YERLİ,2025-05-13,533,,0,2,36.3667,02,HM1,10644.8069,KAPALI,2025,2,7
702831,2025-02-12,SAS25001575,2,D00001,320.01.0001,1000,38.76,1000,YERLİ,2025-04-13,533,,0,2,36.3667,03,DG1,1065.8102,KAPALI,2025,2,7
702832,2025-02-12,SAS25001576,1,H00005,320.01.0004,250,58.6972,250,YERLİ,2025-04-13,533,,0,2,36.3667,02,HM1,403.5093,KAPALI,2025,2,7
702833,2025-02-13,SAS25001577,1,H00007,320.01.0003,5000,53.8539,5000,İTHAL,2025-05-14,532,,0,2,36.3667,02,HM1,7404.2874,KAPALI,2025,2,7
702834,2025-02-13,SAS25001577,2,D00003,320.01.0003,250,302.2234,250,İTHAL,2025-02-23,532,,0,2,36.3667,03,DG1,2077.6108,KAPALI,2025,2,7
702835,2025-02-13,SAS25001577,3,D00004,320.01.0003,2000,72.0048,2000,İTHAL,2025-02-28,532,,0,2,36.3667,03,DG1,3959.9304,KAPALI,2025,2,7
702836,2025-02-13,SAS25001578,1,H00002,320.01.0010,2000,24.007,2000,YERLİ,2025-03-15,532,,0,2,36.3667,02,HM1,1320.2738,KAPALI,2025,2,7
702837,2025-02-14,SAS25001579,1,H00001,320.01.0034,10000,53.3243,10000,YERLİ,2025-03-16,531,,0,2,36.3667,02,HM1,14662.9471,KAPALI,2025,2,7
702838,2025-02-14,SAS25001579,2,H00010,320.01.0034,1000,26.3724,1000,YERLİ,2025-03-07,531,,0,2,36.3667,02,HM1,725.1799,KAPALI,2025,2,7
702839,2025-02-14,SAS25001580,1,H00010,320.01.0002,10000,28.0904,10000,YERLİ,2025-05-15,531,,0,2,36.3667,02,HM1,7724.2092,KAPALI,2025,2,7
702840,2025-02-14,SAS25001580,2,H00011,320.01.0002,2000,44.0468,2000,YERLİ,2025-03-01,531,,0,2,36.3667,02,HM1,2422.3699,KAPALI,2025,2,7
702841,2025-02-14,SAS25001580,3,H00015,320.01.0002,1000,44.7332,1000,YERLİ,2025-04-15,531,,0,2,36.3667,02,HM1,1230.0594,KAPALI,2025,2,7
702842,2025-02-14,SAS25001581,1,H00012,320.01.0008,250,34.148,250,YERLİ,2025-03-01,531,,0,2,36.3667,02,HM1,234.7477,KAPALI,2025,2,7
702843,2025-02-17,SAS25001582,1,D00007,320.01.0002,1000,90.0806,1000,YERLİ,2025-02-27,528,,0,2,36.3667,03,DG1,2477.0078,KAPALI,2025,2,8
702844,2025-02-17,SAS25001582,2,H00008,320.01.0002,120,74.9321,120,YERLİ,2025-04-03,528,,0,2,36.3667,02,HM1,247.2551,KAPALI,2025,2,8
702845,2025-02-17,SAS25001583,1,D00003,320.01.0002,2000,360.4756,2000,YERLİ,2025-03-10,528,,0,2,36.3667,03,DG1,19824.4878,KAPALI,2025,2,8
702846,2025-02-17,SAS25001584,1,D00005,320.01.0009,500,274.651,500,YERLİ,2025-03-04,528,,0,2,36.3667,03,DG1,3776.1331,KAPALI,2025,2,8
702847,2025-02-17,SAS25001585,1,D00007,320.01.0013,250,90.1701,250,YERLİ,2025-03-19,528,,0,2,36.3667,03,DG1,619.8672,KAPALI,2025,2,8
702848,2025-02-17,SAS25001585,2,D00001,320.01.0013,250,44.095,250,YERLİ,2025-03-04,528,,0,2,36.3667,03,DG1,303.1276,KAPALI,2025,2,8
702849,2025-02-17,SAS25001586,1,D00003,320.01.0005,250,296.3163,250,YERLİ,2025-03-19,528,,0,2,36.3667,03,DG1,2037.0029,KAPALI,2025,2,8
702850,2025-02-17,SAS25001586,2,D00001,320.01.0005,120,38.0834,120,YERLİ,2025-03-10,528,,0,2,36.3667,03,DG1,125.6646,KAPALI,2025,2,8
702851,2025-02-18,SAS25001587,1,H00008,320.01.0010,5000,70.7415,5000,YERLİ,2025-02-28,527,,0,2,36.3667,02,HM1,9726.1368,KAPALI,2025,2,8
702852,2025-02-18,SAS25001588,1,D00008,320.01.0016,1000,370.8953,1000,YERLİ,2025-05-19,527,,0,2,36.3667,03,DG1,10198.7615,KAPALI,2025,2,8
702853,2025-02-18,SAS25001589,1,H00012,320.01.0012,10000,34.0638,10000,YERLİ,2025-02-28,527,,0,2,36.3667,02,HM1,9366.7559,KAPALI,2025,2,8
702854,2025-02-18,SAS25001589,2,D00008,320.01.0012,250,363.2098,250,YERLİ,2025-03-05,527,,0,2,36.3667,03,DG1,2496.857,KAPALI,2025,2,8
702855,2025-02-18,SAS25001590,1,H00010,320.01.0003,250,22.3128,250,İTHAL,2025-02-28,527,,0,2,36.3667,02,HM1,153.3876,KAPALI,2025,2,8
702856,2025-02-19,SAS25001591,1,H00012,320.01.0003,5000,32.9754,5000,İTHAL,2025-04-20,526,,0,2,36.3667,02,HM1,4533.7355,KAPALI,2025,2,8
702857,2025-02-19,SAS25001591,2,D00002,320.01.0003,5000,69.4183,5000,İTHAL,2025-05-20,526,,0,2,36.3667,03,DG1,9544.2122,KAPALI,2025,2,8
702858,2025-02-19,SAS25001592,1,H00001,320.01.0034,1000,61.3628,1000,YERLİ,2025-03-01,526,,0,2,36.3667,02,HM1,1687.3348,KAPALI,2025,2,8
702859,2025-02-19,SAS25001592,2,H00006,320.01.0034,5000,123.2941,5000,YERLİ,2025-05-20,526,,0,2,36.3667,02,HM1,16951.5106,KAPALI,2025,2,8
702860,2025-02-19,SAS25001592,3,D00006,320.01.0034,2000,326.4493,2000,YERLİ,2025-04-05,526,,0,2,36.3667,03,DG1,17953.1989,KAPALI,2025,2,8
702861,2025-02-19,SAS25001593,1,H00013,320.01.0013,250,99.6187,0,YERLİ,2025-03-12,526,-505,250,2,36.3667,02,HM1,684.8209,ACIK,2025,2,8
702862,2025-02-19,SAS25001593,2,H00010,320.01.0013,10000,22.9674,10000,YERLİ,2025-05-20,526,,0,2,36.3667,02,HM1,6315.5029,KAPALI,2025,2,8
702863,2025-02-19,SAS25001594,1,H00006,320.01.0002,1000,132.8777,1000,YERLİ,2025-03-12,526,,0,2,36.3667,02,HM1,3653.8289,KAPALI,2025,2,8
702864,2025-02-19,SAS25001594,2,D00011,320.01.0002,2000,10.058,2000,YERLİ,2025-03-21,526,,0,2,36.3667,03,DG1,553.1434,KAPALI,2025,2,8
702865,2025-02-19,SAS25001595,1,D00011,320.01.0004,10000,9.103,10000,YERLİ,2025-03-01,526,,0,2,36.3667,03,DG1,2503.1141,KAPALI,2025,2,8
702866,2025-02-19,SAS25001595,2,H00012,320.01.0004,500,31.8523,500,YERLİ,2025-03-12,526,,0,2,36.3667,02,HM1,437.9322,KAPALI,2025,2,8
702867,2025-02-20,SAS25001596,1,H00003,320.01.0002,2000,74.6591,2000,YERLİ,2025-03-13,525,,0,2,36.3667,02,HM1,4105.9046,KAPALI,2025,2,8
702868,2025-02-20,SAS25001597,1,D00001,320.01.0001,2000,45.1646,2000,YERLİ,2025-04-06,525,,0,2,36.3667,03,DG1,2483.8437,KAPALI,2025,2,8
702869,2025-02-20,SAS25001597,2,H00004,320.01.0001,1000,83.3833,1000,YERLİ,2025-03-13,525,,0,2,36.3667,02,HM1,2292.8476,KAPALI,2025,2,8
702870,2025-02-20,SAS25001597,3,D00011,320.01.0001,250,11.5279,250,YERLİ,2025-03-07,525,,0,2,36.3667,03,DG1,79.2476,KAPALI,2025,2,8
702871,2025-02-20,SAS25001598,1,D00007,320.01.0001,500,81.6646,500,YERLİ,2025-03-02,525,,0,2,36.3667,03,DG1,1122.7937,KAPALI,2025,2,8
702872,2025-02-20,SAS25001598,2,H00005,320.01.0001,120,52.9984,120,YERLİ,2025-03-07,525,,0,2,36.3667,02,HM1,174.88,KAPALI,2025,2,8
702873,2025-02-21,SAS25001599,1,D00005,320.01.0010,500,347.11,500,YERLİ,2025-03-23,524,,0,2,36.3667,03,DG1,4772.3604,KAPALI,2025,2,8
702874,2025-02-21,SAS25001600,1,D00007,320.01.0003,120,98.1637,120,İTHAL,2025-04-22,524,,0,2,36.3667,03,DG1,323.9129,KAPALI,2025,2,8
702875,2025-02-21,SAS25001601,1,D00007,320.01.0002,250,87.2962,250,YERLİ,2025-05-22,524,,0,2,36.3667,03,DG1,600.1108,KAPALI,2025,2,8
702876,2025-02-24,SAS25001602,1,D00009,320.01.0027,120,244.8352,120,YERLİ,2025-05-25,521,,0,2,36.3667,03,DG1,807.8881,KAPALI,2025,2,9
702877,2025-02-24,SAS25001602,2,D00001,320.01.0027,2000,44.8566,2000,YERLİ,2025-04-10,521,,0,2,36.3667,03,DG1,2466.9052,KAPALI,2025,2,9
702878,2025-02-24,SAS25001602,3,H00003,320.01.0027,2000,91.8269,2000,YERLİ,2025-04-10,521,,0,2,36.3667,02,HM1,5050.054,KAPALI,2025,2,9
702879,2025-02-25,SAS25001603,1,D00002,320.01.0002,2000,61.8464,2000,YERLİ,2025-03-12,520,,0,2,36.3667,03,DG1,3401.2654,KAPALI,2025,2,9
702880,2025-02-25,SAS25001603,2,H00008,320.01.0002,120,77.2625,120,YERLİ,2025-03-07,520,,0,2,36.3667,02,HM1,254.9448,KAPALI,2025,2,9
702881,2025-02-25,SAS25001603,3,D00003,320.01.0002,120,293.852,120,YERLİ,2025-03-27,520,,0,2,36.3667,03,DG1,969.6299,KAPALI,2025,2,9
702882,2025-02-25,SAS25001604,1,H00013,320.01.0001,10000,95.3437,10000,YERLİ,2025-04-26,520,,0,2,36.3667,02,HM1,26217.3087,KAPALI,2025,2,9
702883,2025-02-25,SAS25001605,1,D00011,320.01.0005,5000,11.5611,5000,YERLİ,2025-05-26,520,,0,2,36.3667,03,DG1,1589.5173,KAPALI,2025,2,9
702884,2025-02-25,SAS25001605,2,H00005,320.01.0005,250,54.605,250,YERLİ,2025-03-18,520,,0,2,36.3667,02,HM1,375.3777,KAPALI,2025,2,9
702885,2025-02-26,SAS25001606,1,D00012,320.01.0027,250,154.0365,250,YERLİ,2025-05-27,519,,0,2,36.3667,03,DG1,1058.9117,KAPALI,2025,2,9
702886,2025-02-26,SAS25001606,2,D00005,320.01.0027,1000,298.6774,1000,YERLİ,2025-04-12,519,,0,2,36.3667,03,DG1,8212.9366,KAPALI,2025,2,9
702887,2025-02-26,SAS25001607,1,D00012,320.01.0019,5000,138.7554,5000,YERLİ,2025-03-08,519,,0,2,36.3667,03,DG1,19077.2602,KAPALI,2025,2,9
702888,2025-02-26,SAS25001607,2,D00008,320.01.0019,120,345.1846,120,YERLİ,2025-03-19,519,,0,2,36.3667,03,DG1,1139.0132,KAPALI,2025,2,9
702889,2025-02-26,SAS25001607,3,H00015,320.01.0019,10000,46.1142,10000,YERLİ,2025-03-19,519,,0,2,36.3667,02,HM1,12680.3367,KAPALI,2025,2,9
702890,2025-02-26,SAS25001608,1,D00001,320.01.0001,500,40.478,500,YERLİ,2025-03-13,519,,0,2,36.3667,03,DG1,556.5256,KAPALI,2025,2,9
702891,2025-02-26,SAS25001608,2,H00012,320.01.0001,250,36.3357,250,YERLİ,2025-05-27,519,,0,2,36.3667,02,HM1,249.7869,KAPALI,2025,2,9
702892,2025-02-26,SAS25001608,3,H00015,320.01.0001,2000,41.404,2000,YERLİ,2025-03-13,519,,0,2,36.3667,02,HM1,2277.0282,KAPALI,2025,2,9
702893,2025-02-27,SAS25001609,1,D00002,320.01.0002,1000,73.0934,1000,YERLİ,2025-03-09,518,,0,2,36.3667,03,DG1,2009.8992,KAPALI,2025,2,9
702894,2025-02-27,SAS25001609,2,D00001,320.01.0002,2000,41.2155,2000,YERLİ,2025-04-28,518,,0,2,36.3667,03,DG1,2266.6615,KAPALI,2025,2,9
702895,2025-02-28,SAS25001610,1,H00014,320.01.0029,10000,34.2602,10000,YERLİ,2025-03-10,517,,0,2,36.3667,02,HM1,9420.7613,KAPALI,2025,2,9
702896,2025-02-28,SAS25001610,2,H00015,320.01.0029,500,44.7527,500,YERLİ,2025-04-29,517,,0,2,36.3667,02,HM1,615.2978,KAPALI,2025,2,9
702897,2025-02-28,SAS25001611,1,D00003,320.01.0008,1000,296.7519,1000,YERLİ,2025-04-29,517,,0,2,36.3667,03,DG1,8159.9898,KAPALI,2025,2,9
702898,2025-02-28,SAS25001611,2,H00015,320.01.0008,120,42.6606,120,YERLİ,2025-04-14,517,,0,2,36.3667,02,HM1,140.7681,KAPALI,2025,2,9
702899,2025-02-28,SAS25001612,1,H00010,320.01.0002,2000,23.4259,2000,YERLİ,2025-03-15,517,,0,2,36.3667,02,HM1,1288.316,KAPALI,2025,2,9
702900,2025-02-28,SAS25001613,1,H00003,320.01.0010,120,92.2647,120,YERLİ,2025-05-29,517,,0,2,36.3667,02,HM1,304.4479,KAPALI,2025,2,9
702901,2025-02-28,SAS25001613,2,D00007,320.01.0010,250,91.5694,250,YERLİ,2025-05-29,517,,0,2,36.3667,03,DG1,629.4866,KAPALI,2025,2,9
702902,2025-03-03,SAS25001614,1,H00009,320.01.0010,10000,81.3693,10000,YERLİ,2025-06-01,514,,0,2,37.1333,02,HM1,21912.7576,KAPALI,2025,3,10
702903,2025-03-03,SAS25001614,2,H00015,320.01.0010,250,49.8416,250,YERLİ,2025-05-02,514,,0,2,37.1333,02,HM1,335.5586,KAPALI,2025,3,10
702904,2025-03-03,SAS25001614,3,D00005,320.01.0010,1000,342.6624,1000,YERLİ,2025-03-24,514,,0,2,37.1333,03,DG1,9227.9006,KAPALI,2025,3,10
702905,2025-03-03,SAS25001615,1,H00014,320.01.0048,250,37.3973,250,YERLİ,2025-03-18,514,,0,2,37.1333,02,HM1,251.7774,KAPALI,2025,3,10
702906,2025-03-04,SAS25001616,1,H00005,320.01.0003,5000,68.8098,5000,İTHAL,2025-03-25,513,,0,2,37.1333,02,HM1,9265.2417,KAPALI,2025,3,10
702907,2025-03-04,SAS25001616,2,H00016,320.01.0003,120,105.1371,120,İTHAL,2025-03-25,513,,0,2,37.1333,02,HM1,339.7611,KAPALI,2025,3,10
702908,2025-03-05,SAS25001617,1,H00008,320.01.0025,2000,61.803,2000,İTHAL,2025-06-03,512,,0,2,37.1333,02,HM1,3328.7103,KAPALI,2025,3,10
702909,2025-03-05,SAS25001617,2,H00004,320.01.0025,10000,82.0237,10000,İTHAL,2025-03-15,512,,0,2,37.1333,02,HM1,22088.9875,KAPALI,2025,3,10
702910,2025-03-05,SAS25001617,3,H00002,320.01.0025,5000,20.3611,5000,İTHAL,2025-05-04,512,,0,2,37.1333,02,HM1,2741.6227,KAPALI,2025,3,10
702911,2025-03-05,SAS25001618,1,H00003,320.01.0055,1000,94.4403,1000,İTHAL,2025-04-04,512,,0,2,37.1333,02,HM1,2543.2779,KAPALI,2025,3,10
702912,2025-03-06,SAS25001619,1,H00014,320.01.0008,5000,36.4711,5000,YERLİ,2025-03-27,511,,0,2,37.1333,02,HM1,4910.8347,KAPALI,2025,3,10
702913,2025-03-06,SAS25001620,1,D00005,320.01.0007,120,345.8988,120,YERLİ,2025-06-04,511,,0,2,37.1333,03,DG1,1117.8068,KAPALI,2025,3,10
702914,2025-03-07,SAS25001621,1,D00010,320.01.0003,1000,247.6584,1000,İTHAL,2025-03-17,510,,0,2,37.1333,03,DG1,6669.4423,KAPALI,2025,3,10
702915,2025-03-07,SAS25001621,2,D00011,320.01.0003,250,9.6449,125,İTHAL,2025-06-05,510,-420,125,2,37.1333,03,DG1,64.9343,ACIK,2025,3,10
702916,2025-03-07,SAS25001622,1,H00006,320.01.0006,5000,135.6178,5000,YERLİ,2025-04-06,510,,0,2,37.1333,02,HM1,18260.941,KAPALI,2025,3,10
702917,2025-03-10,SAS25001623,1,D00009,320.01.0001,2000,299.9766,2000,YERLİ,2025-03-20,507,,0,2,37.1333,03,DG1,16156.7434,KAPALI,2025,3,11
702918,2025-03-10,SAS25001623,2,H00008,320.01.0001,10000,77.3403,10000,YERLİ,2025-04-24,507,,0,2,37.1333,02,HM1,20827.7476,KAPALI,2025,3,11
702919,2025-03-10,SAS25001624,1,D00002,320.01.0021,500,74.8746,500,YERLİ,2025-03-25,507,,0,2,37.1333,03,DG1,1008.1867,KAPALI,2025,3,11
702920,2025-03-10,SAS25001624,2,D00004,320.01.0021,5000,73.9121,5000,YERLİ,2025-04-24,507,,0,2,37.1333,03,DG1,9952.2666,KAPALI,2025,3,11
702921,2025-03-10,SAS25001624,3,H00007,320.01.0021,5000,52.9988,5000,YERLİ,2025-03-20,507,,0,2,37.1333,02,HM1,7136.2901,KAPALI,2025,3,11
702922,2025-03-10,SAS25001625,1,D00009,320.01.0011,2000,285.4144,2000,YERLİ,2025-06-08,507,,0,2,37.1333,03,DG1,15372.4231,KAPALI,2025,3,11
702923,2025-03-11,SAS25001626,1,D00006,320.01.0012,120,307.2785,120,YERLİ,2025-04-01,506,,0,2,37.1333,03,DG1,993.0014,KAPALI,2025,3,11
702924,2025-03-11,SAS25001626,2,H00012,320.01.0012,10000,38.7805,10000,YERLİ,2025-05-10,506,,0,2,37.1333,02,HM1,10443.5911,KAPALI,2025,3,11
702925,2025-03-11,SAS25001626,3,H00002,320.01.0012,120,22.5038,120,YERLİ,2025-03-26,506,,0,2,37.1333,02,HM1,72.7233,KAPALI,2025,3,11
702926,2025-03-11,SAS25001627,1,D00005,320.01.0013,10000,316.1024,10000,YERLİ,2025-04-01,506,,0,2,37.1333,03,DG1,85126.396,KAPALI,2025,3,11
702927,2025-03-11,SAS25001627,2,H00014,320.01.0013,1000,35.5762,1000,YERLİ,2025-03-21,506,,0,2,37.1333,02,HM1,958.0673,KAPALI,2025,3,11
702928,2025-03-11,SAS25001628,1,H00011,320.01.0002,500,44.1977,500,YERLİ,2025-04-10,506,,0,2,37.1333,02,HM1,595.1222,KAPALI,2025,3,11
702929,2025-03-11,SAS25001629,1,H00006,320.01.0021,500,132.0089,500,YERLİ,2025-03-26,506,,0,2,37.1333,02,HM1,1777.5002,KAPALI,2025,3,11
702930,2025-03-11,SAS25001629,2,H00015,320.01.0021,10000,45.6874,10000,YERLİ,2025-04-25,506,,0,2,37.1333,02,HM1,12303.6197,KAPALI,2025,3,11
702931,2025-03-12,SAS25001630,1,H00011,320.01.0040,10000,41.3441,10000,YERLİ,2025-04-26,505,,0,2,37.1333,02,HM1,11133.9687,KAPALI,2025,3,11
702932,2025-03-12,SAS25001630,2,D00002,320.01.0040,500,75.0732,500,YERLİ,2025-04-26,505,,0,2,37.1333,03,DG1,1010.8609,KAPALI,2025,3,11
702933,2025-03-12,SAS25001630,3,H00014,320.01.0040,5000,43.7021,5000,YERLİ,2025-04-26,505,,0,2,37.1333,02,HM1,5884.4891,KAPALI,2025,3,11
702934,2025-03-12,SAS25001631,1,D00003,320.01.0003,2000,341.0674,2000,İTHAL,2025-05-11,505,,0,2,37.1333,03,DG1,18369.8944,KAPALI,2025,3,11
702935,2025-03-12,SAS25001631,2,H00006,320.01.0003,500,134.3671,500,İTHAL,2025-04-26,505,,0,2,37.1333,02,HM1,1809.2534,KAPALI,2025,3,11
702936,2025-03-12,SAS25001632,1,H00005,320.01.0012,250,53.999,250,YERLİ,2025-04-26,505,,0,2,37.1333,02,HM1,363.5484,KAPALI,2025,3,11
702937,2025-03-13,SAS25001633,1,D00007,320.01.0007,5000,83.8696,5000,YERLİ,2025-03-23,504,,0,2,37.1333,03,DG1,11293.0442,KAPALI,2025,3,11
702938,2025-03-13,SAS25001633,2,H00016,320.01.0007,10000,86.8466,10000,YERLİ,2025-03-23,504,,0,2,37.1333,02,HM1,23387.7948,KAPALI,2025,3,11
702939,2025-03-13,SAS25001633,3,H00005,320.01.0007,10000,58.5659,10000,YERLİ,2025-04-03,504,,0,2,37.1333,02,HM1,15771.8005,KAPALI,2025,3,11
702940,2025-03-13,SAS25001634,1,D00004,320.01.0008,10000,70.8759,10000,YERLİ,2025-03-23,504,,0,2,37.1333,03,DG1,19086.8843,KAPALI,2025,3,11
702941,2025-03-13,SAS25001635,1,H00001,320.01.0002,10000,59.2586,10000,YERLİ,2025-05-12,504,,0,2,37.1333,02,HM1,15958.3447,KAPALI,2025,3,11
702942,2025-03-13,SAS25001635,2,D00011,320.01.0002,5000,10.6094,5000,YERLİ,2025-04-12,504,,0,2,37.1333,03,DG1,1428.556,KAPALI,2025,3,11
702943,2025-03-14,SAS25001636,1,H00004,320.01.0021,1000,85.9515,1000,YERLİ,2025-06-12,503,,0,2,37.1333,02,HM1,2314.6744,KAPALI,2025,3,11
702944,2025-03-14,SAS25001637,1,H00011,320.01.0007,2000,42.0358,2000,YERLİ,2025-03-29,503,,0,2,37.1333,02,HM1,2264.0487,KAPALI,2025,3,11
702945,2025-03-14,SAS25001638,1,H00008,320.01.0043,500,62.2971,500,İTHAL,2025-04-13,503,,0,2,37.1333,02,HM1,838.8306,KAPALI,2025,3,11
702946,2025-03-14,SAS25001638,2,H00001,320.01.0043,500,52.527,500,İTHAL,2025-03-29,503,,0,2,37.1333,02,HM1,707.2762,KAPALI,2025,3,11
702947,2025-03-17,SAS25001639,1,H00006,320.01.0017,500,134.9523,500,YERLİ,2025-03-27,500,,0,2,37.1333,02,HM1,1817.1331,KAPALI,2025,3,12
702948,2025-03-17,SAS25001639,2,H00014,320.01.0017,500,38.1941,500,YERLİ,2025-04-16,500,,0,2,37.1333,02,HM1,514.2837,KAPALI,2025,3,12
702949,2025-03-17,SAS25001640,1,D00007,320.01.0003,2000,97.884,2000,İTHAL,2025-04-01,500,,0,2,37.1333,03,DG1,5272.0335,KAPALI,2025,3,12
702950,2025-03-17,SAS25001640,2,H00012,320.01.0003,5000,37.1976,5000,İTHAL,2025-03-27,500,,0,2,37.1333,02,HM1,5008.658,KAPALI,2025,3,12
702951,2025-03-17,SAS25001641,1,H00016,320.01.0003,500,91.1146,500,İTHAL,2025-03-27,500,,0,2,37.1333,02,HM1,1226.8584,KAPALI,2025,3,12
702952,2025-03-17,SAS25001641,2,D00002,320.01.0003,1000,73.252,1000,İTHAL,2025-05-16,500,,0,2,37.1333,03,DG1,1972.6768,KAPALI,2025,3,12
702953,2025-03-18,SAS25001642,1,H00005,320.01.0007,10000,55.878,10000,YERLİ,2025-05-17,499,,0,2,37.1333,02,HM1,15047.9489,KAPALI,2025,3,12
702954,2025-03-18,SAS25001642,2,D00003,320.01.0007,2000,361.486,2000,YERLİ,2025-04-08,499,,0,2,37.1333,03,DG1,19469.6405,KAPALI,2025,3,12
702955,2025-03-18,SAS25001643,1,D00002,320.01.0002,2000,62.1222,2000,YERLİ,2025-04-17,499,,0,2,37.1333,03,DG1,3345.9025,KAPALI,2025,3,12
702956,2025-03-20,SAS25001644,1,D00012,320.01.0013,1000,162.1223,1000,YERLİ,2025-04-10,497,,0,2,37.1333,03,DG1,4365.9545,KAPALI,2025,3,12
702957,2025-03-20,SAS25001645,1,D00003,320.01.0003,10000,302.7573,10000,İTHAL,2025-05-19,497,,0,2,37.1333,03,DG1,81532.5597,KAPALI,2025,3,12
702958,2025-03-21,SAS25001646,1,H00009,320.01.0006,120,94.9142,120,YERLİ,2025-06-19,496,,0,2,37.1333,02,HM1,306.7248,KAPALI,2025,3,12
702959,2025-03-21,SAS25001647,1,D00007,320.01.0002,250,85.0447,250,YERLİ,2025-05-20,496,,0,2,37.1333,03,DG1,572.5636,KAPALI,2025,3,12
702960,2025-03-21,SAS25001648,1,D00011,320.01.0014,2000,10.5593,2000,YERLİ,2025-04-20,496,,0,2,37.1333,03,DG1,568.724,KAPALI,2025,3,12
702961,2025-03-21,SAS25001648,2,D00009,320.01.0014,120,255.3575,120,YERLİ,2025-04-20,496,,0,2,37.1333,03,DG1,825.2135,KAPALI,2025,3,12
702962,2025-03-21,SAS25001649,1,H00014,320.01.0006,1000,40.2856,1000,YERLİ,2025-04-20,496,,0,2,37.1333,02,HM1,1084.8915,KAPALI,2025,3,12
702963,2025-03-21,SAS25001649,2,D00012,320.01.0006,5000,158.7432,5000,YERLİ,2025-06-19,496,,0,2,37.1333,03,DG1,21374.7768,KAPALI,2025,3,12
702964,2025-03-21,SAS25001649,3,H00011,320.01.0006,250,39.1193,250,YERLİ,2025-03-31,496,,0,2,37.1333,02,HM1,263.3707,KAPALI,2025,3,12
702965,2025-03-24,SAS25001650,1,H00005,320.01.0005,500,65.9714,500,YERLİ,2025-04-03,493,,0,2,37.1333,02,HM1,888.3051,KAPALI,2025,3,13
702966,2025-03-24,SAS25001650,2,H00014,320.01.0005,2000,40.8485,2000,YERLİ,2025-04-08,493,,0,2,37.1333,02,HM1,2200.1007,KAPALI,2025,3,13
702967,2025-03-24,SAS25001651,1,D00003,320.01.0002,120,346.3014,120,YERLİ,2025-06-22,493,,0,2,37.1333,03,DG1,1119.1079,KAPALI,2025,3,13
702968,2025-03-24,SAS25001651,2,H00014,320.01.0002,120,40.4574,120,YERLİ,2025-04-03,493,,0,2,37.1333,02,HM1,130.7422,KAPALI,2025,3,13
702969,2025-03-24,SAS25001651,3,H00015,320.01.0002,2000,47.8522,2000,YERLİ,2025-06-22,493,,0,2,37.1333,02,HM1,2577.3201,KAPALI,2025,3,13
702970,2025-03-25,SAS25001652,1,H00008,320.01.0015,5000,65.1453,5000,YERLİ,2025-04-15,492,,0,2,37.1333,02,HM1,8771.8167,KAPALI,2025,3,13
702971,2025-03-25,SAS25001653,1,H00008,320.01.0006,1000,64.0929,1000,YERLİ,2025-04-09,492,,0,2,37.1333,02,HM1,1726.0222,KAPALI,2025,3,13
702972,2025-03-25,SAS25001653,2,D00012,320.01.0006,2000,157.2817,2000,YERLİ,2025-04-15,492,,0,2,37.1333,03,DG1,8471.1943,KAPALI,2025,3,13
702973,2025-03-25,SAS25001653,3,H00013,320.01.0006,500,106.1005,500,YERLİ,2025-04-24,492,,0,2,37.1333,02,HM1,1428.6436,KAPALI,2025,3,13
702974,2025-03-26,SAS25001654,1,H00001,320.01.0011,250,64.0735,250,YERLİ,2025-05-25,491,,0,2,37.1333,02,HM1,431.3749,KAPALI,2025,3,13
702975,2025-03-26,SAS25001654,2,H00016,320.01.0011,1000,103.4126,1000,YERLİ,2025-04-05,491,,0,2,37.1333,02,HM1,2784.902,KAPALI,2025,3,13
702976,2025-03-26,SAS25001654,3,H00006,320.01.0011,500,107.7873,500,YERLİ,2025-04-10,491,,0,2,37.1333,02,HM1,1451.3563,KAPALI,2025,3,13
702977,2025-03-28,SAS25001655,1,D00004,320.01.0015,500,84.1024,500,YERLİ,2025-04-12,489,,0,2,37.1333,03,DG1,1132.4391,KAPALI,2025,3,13
702978,2025-03-28,SAS25001656,1,H00008,320.01.0022,500,73.7009,500,YERLİ,2025-06-26,489,,0,2,37.1333,02,HM1,992.3828,KAPALI,2025,3,13
702979,2025-03-28,SAS25001656,2,D00002,320.01.0022,120,65.4308,120,YERLİ,2025-04-18,489,,0,2,37.1333,03,DG1,211.4462,KAPALI,2025,3,13
702980,2025-03-28,SAS25001656,3,D00006,320.01.0022,1000,357.1016,1000,YERLİ,2025-04-07,489,,0,2,37.1333,03,DG1,9616.7483,KAPALI,2025,3,13
702981,2025-03-28,SAS25001657,1,H00014,320.01.0043,250,37.476,250,İTHAL,2025-05-12,489,,0,2,37.1333,02,HM1,252.3072,KAPALI,2025,3,13
702982,2025-03-28,SAS25001658,1,H00005,320.01.0028,5000,59.9585,5000,YERLİ,2025-06-26,489,,0,2,37.1333,02,HM1,8073.4139,KAPALI,2025,3,13
702983,2025-03-31,SAS25001659,1,D00002,320.01.0046,120,61.5646,120,YERLİ,2025-04-21,486,,0,2,37.1333,03,DG1,198.9522,KAPALI,2025,3,14
702984,2025-03-31,SAS25001659,2,H00005,320.01.0046,5000,58.664,5000,YERLİ,2025-06-29,486,,0,2,37.1333,02,HM1,7899.1094,KAPALI,2025,3,14
702985,2025-04-01,SAS25001660,1,D00004,320.01.0008,120,71.4251,120,YERLİ,2025-04-16,485,,0,2,37.9,03,DG1,226.1481,KAPALI,2025,4,14
702986,2025-04-01,SAS25001661,1,D00005,320.01.0002,2000,353.5701,2000,YERLİ,2025-04-16,485,,0,2,37.9,03,DG1,18658.0528,KAPALI,2025,4,14
702987,2025-04-01,SAS25001661,2,D00008,320.01.0002,5000,373.7678,5000,YERLİ,2025-04-16,485,,0,2,37.9,03,DG1,49309.7361,KAPALI,2025,4,14
702988,2025-04-01,SAS25001662,1,H00007,320.01.0049,120,51.0033,120,YERLİ,2025-05-31,485,,0,2,37.9,02,HM1,161.488,KAPALI,2025,4,14
702989,2025-04-01,SAS25001662,2,D00008,320.01.0049,5000,392.7047,5000,YERLİ,2025-05-01,485,,0,2,37.9,03,DG1,51808.0079,KAPALI,2025,4,14
702990,2025-04-01,SAS25001663,1,D00011,320.01.0006,2000,11.9909,2000,YERLİ,2025-04-22,485,,0,2,37.9,03,DG1,632.7652,KAPALI,2025,4,14
702991,2025-04-02,SAS25001664,1,D00009,320.01.0042,10000,309.884,10000,YERLİ,2025-04-23,484,,0,2,37.9,03,DG1,81763.5884,KAPALI,2025,4,14
702992,2025-04-02,SAS25001664,2,H00008,320.01.0042,500,75.5041,500,YERLİ,2025-06-01,484,,0,2,37.9,02,HM1,996.0963,KAPALI,2025,4,14
702993,2025-04-02,SAS25001665,1,D00011,320.01.0006,1000,11.6607,1000,YERLİ,2025-07-01,484,,0,2,37.9,03,DG1,307.6702,KAPALI,2025,4,14
702994,2025-04-02,SAS25001665,2,D00007,320.01.0006,500,95.2718,500,YERLİ,2025-05-02,484,,0,2,37.9,03,DG1,1256.8839,KAPALI,2025,4,14
702995,2025-04-02,SAS25001666,1,H00007,320.01.0004,5000,55.4994,5000,YERLİ,2025-04-12,484,,0,2,37.9,02,HM1,7321.8206,KAPALI,2025,4,14
702996,2025-04-03,SAS25001667,1,D00009,320.01.0004,250,311.7083,250,YERLİ,2025-07-02,483,,0,2,37.9,03,DG1,2056.1234,KAPALI,2025,4,14
702997,2025-04-04,SAS25001668,1,H00004,320.01.0033,250,83.7109,250,YERLİ,2025-05-04,482,,0,2,37.9,02,HM1,552.1827,KAPALI,2025,4,14
702998,2025-04-04,SAS25001669,1,H00016,320.01.0039,5000,107.9152,5000,YERLİ,2025-05-04,482,,0,2,37.9,02,HM1,14236.8338,KAPALI,2025,4,14
702999,2025-04-04,SAS25001669,2,D00003,320.01.0039,120,314.8638,120,YERLİ,2025-04-14,482,,0,2,37.9,03,DG1,996.9302,KAPALI,2025,4,14
703000,2025-04-07,SAS25001670,1,H00009,320.01.0020,250,100.5674,250,YERLİ,2025-04-28,479,,0,2,37.9,02,HM1,663.3734,KAPALI,2025,4,15
703001,2025-04-07,SAS25001670,2,D00011,320.01.0020,5000,11.321,5000,YERLİ,2025-04-22,479,,0,2,37.9,03,DG1,1493.5356,KAPALI,2025,4,15
703002,2025-04-07,SAS25001671,1,H00014,320.01.0011,250,37.0559,250,YERLİ,2025-04-22,479,,0,2,37.9,02,HM1,244.4321,KAPALI,2025,4,15
703003,2025-04-07,SAS25001671,2,H00007,320.01.0011,10000,49.2798,10000,YERLİ,2025-04-17,479,,0,2,37.9,02,HM1,13002.5858,KAPALI,2025,4,15
703004,2025-04-07,SAS25001671,3,D00002,320.01.0011,2000,66.6654,2000,YERLİ,2025-04-28,479,,0,2,37.9,03,DG1,3517.9631,KAPALI,2025,4,15
703005,2025-04-07,SAS25001672,1,H00005,320.01.0033,10000,61.1621,10000,YERLİ,2025-07-06,479,,0,2,37.9,02,HM1,16137.7573,KAPALI,2025,4,15
703006,2025-04-07,SAS25001673,1,H00002,320.01.0001,2000,25.1288,2000,YERLİ,2025-04-28,479,,0,2,37.9,02,HM1,1326.058,KAPALI,2025,4,15
703007,2025-04-07,SAS25001674,1,H00014,320.01.0003,10000,37.0973,10000,İTHAL,2025-06-06,479,,0,2,37.9,02,HM1,9788.2058,KAPALI,2025,4,15
703008,2025-04-07,SAS25001674,2,H00014,320.01.0003,500,36.9357,500,İTHAL,2025-04-28,479,,0,2,37.9,02,HM1,487.2784,KAPALI,2025,4,15
703009,2025-04-08,SAS25001675,1,D00008,320.01.0003,500,328.7856,500,İTHAL,2025-07-07,478,,0,2,37.9,03,DG1,4337.5409,KAPALI,2025,4,15
703010,2025-04-08,SAS25001676,1,H00012,320.01.0041,120,37.6734,120,İTHAL,2025-07-07,478,,0,2,37.9,02,HM1,119.2825,KAPALI,2025,4,15
703011,2025-04-08,SAS25001676,2,H00004,320.01.0041,120,81.5554,120,İTHAL,2025-04-23,478,,0,2,37.9,02,HM1,258.2229,KAPALI,2025,4,15
703012,2025-04-08,SAS25001677,1,H00007,320.01.0003,500,58.2038,500,İTHAL,2025-06-07,478,,0,2,37.9,02,HM1,767.8602,KAPALI,2025,4,15
703013,2025-04-08,SAS25001677,2,H00010,320.01.0003,500,25.0239,500,İTHAL,2025-04-18,478,,0,2,37.9,02,HM1,330.1306,KAPALI,2025,4,15
703014,2025-04-08,SAS25001677,3,D00001,320.01.0003,250,38.4101,250,İTHAL,2025-07-07,478,,0,2,37.9,03,DG1,253.3648,KAPALI,2025,4,15
703015,2025-04-09,SAS25001678,1,D00004,320.01.0035,1000,71.9299,1000,İTHAL,2025-07-08,477,,0,2,37.9,03,DG1,1897.8865,KAPALI,2025,4,15
703016,2025-04-09,SAS25001678,2,D00008,320.01.0035,10000,367.2634,10000,İTHAL,2025-04-19,477,,0,2,37.9,03,DG1,96903.2718,KAPALI,2025,4,15
703017,2025-04-09,SAS25001679,1,D00005,320.01.0011,2000,328.5026,2000,YERLİ,2025-04-30,477,,0,2,37.9,03,DG1,17335.2296,KAPALI,2025,4,15
703018,2025-04-09,SAS25001679,2,H00004,320.01.0011,250,87.9644,250,YERLİ,2025-04-24,477,,0,2,37.9,02,HM1,580.2401,KAPALI,2025,4,15
703019,2025-04-09,SAS25001680,1,D00007,320.01.0002,120,89.6695,120,YERLİ,2025-04-24,477,,0,2,37.9,03,DG1,283.914,KAPALI,2025,4,15
703020,2025-04-09,SAS25001680,2,D00008,320.01.0002,250,359.198,250,YERLİ,2025-04-30,477,,0,2,37.9,03,DG1,2369.3799,KAPALI,2025,4,15
703021,2025-04-10,SAS25001681,1,D00009,320.01.0003,250,246.9152,250,İTHAL,2025-06-09,476,,0,2,37.9,03,DG1,1628.7282,KAPALI,2025,4,15
703022,2025-04-10,SAS25001681,2,D00010,320.01.0003,2000,243.0372,2000,İTHAL,2025-04-25,476,,0,2,37.9,03,DG1,12825.1821,KAPALI,2025,4,15
703023,2025-04-10,SAS25001682,1,D00005,320.01.0002,500,360.4245,500,YERLİ,2025-05-10,476,,0,2,37.9,03,DG1,4754.9406,KAPALI,2025,4,15
703024,2025-04-10,SAS25001682,2,D00008,320.01.0002,120,377.0989,120,YERLİ,2025-05-01,476,,0,2,37.9,03,DG1,1193.9807,KAPALI,2025,4,15
703025,2025-04-10,SAS25001683,1,H00005,320.01.0015,120,65.4034,60,YERLİ,2025-05-10,476,-446,60,2,37.9,02,HM1,207.082,ACIK,2025,4,15
703026,2025-04-11,SAS25001684,1,H00004,320.01.0004,250,83.861,250,YERLİ,2025-07-10,475,,0,2,37.9,02,HM1,553.1728,KAPALI,2025,4,15
703027,2025-04-11,SAS25001684,2,H00001,320.01.0004,10000,65.44,10000,YERLİ,2025-04-26,475,,0,2,37.9,02,HM1,17266.4908,KAPALI,2025,4,15
703028,2025-04-11,SAS25001685,1,D00001,320.01.0002,10000,46.2299,10000,YERLİ,2025-05-26,475,,0,2,37.9,03,DG1,12197.8628,KAPALI,2025,4,15
703029,2025-04-14,SAS25001686,1,H00006,320.01.0017,2000,136.3442,2000,YERLİ,2025-04-24,472,,0,2,37.9,02,HM1,7194.9446,KAPALI,2025,4,16
703030,2025-04-14,SAS25001686,2,D00012,320.01.0017,5000,158.7518,5000,YERLİ,2025-05-14,472,,0,2,37.9,03,DG1,20943.5092,KAPALI,2025,4,16
703031,2025-04-14,SAS25001686,3,D00005,320.01.0017,120,303.6134,120,YERLİ,2025-06-13,472,,0,2,37.9,03,DG1,961.3089,KAPALI,2025,4,16
703032,2025-04-14,SAS25001687,1,D00003,320.01.0051,10000,329.6981,0,YERLİ,2025-04-24,472,-462,10000,2,37.9,03,DG1,86991.5831,ACIK,2025,4,16
703033,2025-04-14,SAS25001688,1,H00008,320.01.0001,250,76.4044,250,YERLİ,2025-04-24,472,,0,2,37.9,02,HM1,503.9868,KAPALI,2025,4,16
703034,2025-04-14,SAS25001688,2,H00002,320.01.0001,120,20.8236,120,YERLİ,2025-05-14,472,,0,2,37.9,02,HM1,65.9322,KAPALI,2025,4,16
703035,2025-04-14,SAS25001688,3,H00008,320.01.0001,120,76.6016,120,YERLİ,2025-05-05,472,,0,2,37.9,02,HM1,242.538,KAPALI,2025,4,16
703036,2025-04-15,SAS25001689,1,H00007,320.01.0006,1000,53.4739,1000,YERLİ,2025-05-30,471,,0,2,37.9,02,HM1,1410.9208,KAPALI,2025,4,16
703037,2025-04-15,SAS25001689,2,D00012,320.01.0006,2000,133.0809,2000,YERLİ,2025-07-14,471,,0,2,37.9,03,DG1,7022.7388,KAPALI,2025,4,16
703038,2025-04-15,SAS25001690,1,D00004,320.01.0006,120,73.8265,120,YERLİ,2025-06-14,471,,0,2,37.9,03,DG1,233.7515,KAPALI,2025,4,16
703039,2025-04-15,SAS25001690,2,D00006,320.01.0006,500,373.7478,500,YERLİ,2025-05-15,471,,0,2,37.9,03,DG1,4930.7098,KAPALI,2025,4,16
703040,2025-04-16,SAS25001691,1,H00002,320.01.0017,5000,20.7007,5000,YERLİ,2025-05-16,470,,0,2,37.9,02,HM1,2730.9631,KAPALI,2025,4,16
703041,2025-04-16,SAS25001691,2,D00005,320.01.0017,120,311.6415,120,YERLİ,2025-04-26,470,,0,2,37.9,03,DG1,986.7277,KAPALI,2025,4,16
703042,2025-04-16,SAS25001692,1,H00013,320.01.0013,250,103.553,250,YERLİ,2025-05-16,470,,0,2,37.9,02,HM1,683.0673,KAPALI,2025,4,16
703043,2025-04-16,SAS25001693,1,D00002,320.01.0007,120,67.3048,120,YERLİ,2025-06-15,470,,0,2,37.9,03,DG1,213.1023,KAPALI,2025,4,16
703044,2025-04-16,SAS25001694,1,D00005,320.01.0002,2000,350.6996,2000,YERLİ,2025-05-07,470,,0,2,37.9,03,DG1,18506.5752,KAPALI,2025,4,16
703045,2025-04-16,SAS25001695,1,D00008,320.01.0023,2000,377.3676,2000,İTHAL,2025-05-01,470,,0,2,37.9,03,DG1,19913.8575,KAPALI,2025,4,16
703046,2025-04-16,SAS25001695,2,H00012,320.01.0023,120,38.4943,120,İTHAL,2025-05-31,470,,0,2,37.9,02,HM1,121.8817,KAPALI,2025,4,16
703047,2025-04-17,SAS25001696,1,H00014,320.01.0032,500,39.4773,500,YERLİ,2025-06-16,469,,0,2,37.9,02,HM1,520.8087,KAPALI,2025,4,16
703048,2025-04-17,SAS25001697,1,H00003,320.01.0012,500,85.4526,500,YERLİ,2025-05-08,469,,0,2,37.9,02,HM1,1127.343,KAPALI,2025,4,16
703049,2025-04-17,SAS25001697,2,H00009,320.01.0012,1000,89.9546,1000,YERLİ,2025-06-01,469,,0,2,37.9,02,HM1,2373.4723,KAPALI,2025,4,16
703050,2025-04-17,SAS25001698,1,H00004,320.01.0005,120,77.3198,120,YERLİ,2025-06-16,469,,0,2,37.9,02,HM1,244.812,KAPALI,2025,4,16
703051,2025-04-17,SAS25001698,2,D00003,320.01.0005,500,311.7705,500,YERLİ,2025-05-17,469,,0,2,37.9,03,DG1,4113.0673,KAPALI,2025,4,16
703052,2025-04-17,SAS25001699,1,H00002,320.01.0003,5000,24.4957,5000,İTHAL,2025-04-27,469,,0,2,37.9,02,HM1,3231.6227,KAPALI,2025,4,16
703053,2025-04-18,SAS25001700,1,D00009,320.01.0036,1000,277.9527,1000,YERLİ,2025-04-28,468,,0,2,37.9,03,DG1,7333.8443,KAPALI,2025,4,16
703054,2025-04-18,SAS25001700,2,D00010,320.01.0036,10000,229.2421,10000,YERLİ,2025-05-09,468,,0,2,37.9,03,DG1,60486.0422,KAPALI,2025,4,16
703055,2025-04-18,SAS25001700,3,D00011,320.01.0036,1000,9.6897,1000,YERLİ,2025-05-03,468,,0,2,37.9,03,DG1,255.6649,KAPALI,2025,4,16
703056,2025-04-21,SAS25001701,1,H00001,320.01.0001,500,53.283,500,YERLİ,2025-05-21,465,,0,2,37.9,02,HM1,702.942,KAPALI,2025,4,17
703057,2025-04-21,SAS25001701,2,H00016,320.01.0001,120,101.1106,120,YERLİ,2025-07-20,465,,0,2,37.9,02,HM1,320.1391,KAPALI,2025,4,17
703058,2025-04-21,SAS25001702,1,D00010,320.01.0007,10000,224.7103,10000,YERLİ,2025-06-05,465,,0,2,37.9,03,DG1,59290.3166,KAPALI,2025,4,17
703059,2025-04-21,SAS25001702,2,H00015,320.01.0007,120,43.5414,120,YERLİ,2025-05-12,465,,0,2,37.9,02,HM1,137.862,KAPALI,2025,4,17
703060,2025-04-21,SAS25001703,1,D00006,320.01.0008,250,333.8755,250,YERLİ,2025-05-21,465,,0,2,37.9,03,DG1,2202.345,KAPALI,2025,4,17
703061,2025-04-21,SAS25001703,2,D00003,320.01.0008,1000,357.806,500,YERLİ,2025-06-05,465,-420,500,2,37.9,03,DG1,9440.7916,ACIK,2025,4,17
703062,2025-04-21,SAS25001704,1,D00005,320.01.0009,120,333.204,120,YERLİ,2025-07-20,465,,0,2,37.9,03,DG1,1054.9995,KAPALI,2025,4,17
703063,2025-04-21,SAS25001704,2,H00005,320.01.0009,120,65.3393,120,YERLİ,2025-07-20,465,,0,2,37.9,02,HM1,206.8791,KAPALI,2025,4,17
703064,2025-04-21,SAS25001704,3,H00007,320.01.0009,1000,56.5087,1000,YERLİ,2025-06-20,465,,0,2,37.9,02,HM1,1490.9947,KAPALI,2025,4,17
703065,2025-04-21,SAS25001705,1,H00005,320.01.0003,5000,70.14,5000,İTHAL,2025-05-01,465,,0,2,37.9,02,HM1,9253.2982,KAPALI,2025,4,17
703066,2025-04-21,SAS25001705,2,D00002,320.01.0003,500,64.8591,500,İTHAL,2025-05-12,465,,0,2,37.9,03,DG1,855.6609,KAPALI,2025,4,17
703067,2025-04-21,SAS25001705,3,D00002,320.01.0003,10000,73.927,10000,İTHAL,2025-06-20,465,,0,2,37.9,03,DG1,19505.8047,KAPALI,2025,4,17
703068,2025-04-21,SAS25001706,1,D00006,320.01.0001,10000,343.1837,10000,YERLİ,2025-05-01,465,,0,2,37.9,03,DG1,90549.7889,KAPALI,2025,4,17
703069,2025-04-21,SAS25001706,2,D00006,320.01.0001,120,335.69,120,YERLİ,2025-06-20,465,,0,2,37.9,03,DG1,1062.8707,KAPALI,2025,4,17
703070,2025-04-21,SAS25001706,3,D00008,320.01.0001,10000,379.2592,10000,YERLİ,2025-05-12,465,,0,2,37.9,03,DG1,100068.3905,KAPALI,2025,4,17
703071,2025-04-22,SAS25001707,1,H00013,320.01.0010,5000,106.7902,5000,YERLİ,2025-05-07,464,,0,2,37.9,02,HM1,14088.4169,KAPALI,2025,4,17
703072,2025-04-22,SAS25001707,2,D00003,320.01.0010,1000,373.3078,1000,YERLİ,2025-05-22,464,,0,2,37.9,03,DG1,9849.81,KAPALI,2025,4,17
703073,2025-04-22,SAS25001708,1,D00012,320.01.0030,500,136.4957,500,YERLİ,2025-05-13,464,,0,2,37.9,03,DG1,1800.7348,KAPALI,2025,4,17
703074,2025-04-22,SAS25001709,1,H00002,320.01.0014,2000,25.7554,2000,YERLİ,2025-05-02,464,,0,2,37.9,02,HM1,1359.124,KAPALI,2025,4,17
703075,2025-04-23,SAS25001710,1,D00009,320.01.0028,10000,303.4155,10000,YERLİ,2025-05-08,463,,0,2,37.9,03,DG1,80056.8602,KAPALI,2025,4,17
703076,2025-04-23,SAS25001710,2,H00008,320.01.0028,120,65.4801,120,YERLİ,2025-05-23,463,,0,2,37.9,02,HM1,207.3249,KAPALI,2025,4,17
703077,2025-04-23,SAS25001710,3,H00013,320.01.0028,10000,98.2158,10000,YERLİ,2025-05-14,463,,0,2,37.9,02,HM1,25914.4591,KAPALI,2025,4,17
703078,2025-04-23,SAS25001711,1,H00003,320.01.0021,120,79.4524,120,YERLİ,2025-06-22,463,,0,2,37.9,02,HM1,251.5643,KAPALI,2025,4,17
703079,2025-04-23,SAS25001711,2,D00012,320.01.0021,500,136.5664,250,YERLİ,2025-05-08,463,-448,250,2,37.9,03,DG1,1801.6675,ACIK,2025,4,17
703080,2025-04-23,SAS25001712,1,H00015,320.01.0002,2000,46.5817,2000,YERLİ,2025-05-08,463,,0,2,37.9,02,HM1,2458.1372,KAPALI,2025,4,17
703081,2025-04-23,SAS25001712,2,H00004,320.01.0002,250,72.9535,250,YERLİ,2025-05-14,463,,0,2,37.9,02,HM1,481.2236,KAPALI,2025,4,17
703082,2025-04-24,SAS25001713,1,D00005,320.01.0028,1000,310.0377,1000,YERLİ,2025-06-23,462,,0,2,37.9,03,DG1,8180.4142,KAPALI,2025,4,17
703083,2025-04-24,SAS25001713,2,D00004,320.01.0028,10000,80.2078,10000,YERLİ,2025-06-23,462,,0,2,37.9,03,DG1,21163.0079,KAPALI,2025,4,17
703084,2025-04-24,SAS25001714,1,D00002,320.01.0001,120,68.4144,120,YERLİ,2025-05-04,462,,0,2,37.9,03,DG1,216.6155,KAPALI,2025,4,17
703085,2025-04-24,SAS25001714,2,D00010,320.01.0001,2000,218.8137,2000,YERLİ,2025-05-04,462,,0,2,37.9,03,DG1,11546.8971,KAPALI,2025,4,17
703086,2025-04-24,SAS25001715,1,H00008,320.01.0004,2000,69.2316,2000,YERLİ,2025-06-08,462,,0,2,37.9,02,HM1,3653.3826,KAPALI,2025,4,17
703087,2025-04-24,SAS25001716,1,H00010,320.01.0006,5000,26.8491,5000,YERLİ,2025-06-08,462,,0,2,37.9,02,HM1,3542.0976,KAPALI,2025,4,17
703088,2025-04-24,SAS25001716,2,H00011,320.01.0006,250,42.1836,0,YERLİ,2025-06-08,462,-417,250,2,37.9,02,HM1,278.2559,ACIK,2025,4,17
703089,2025-04-24,SAS25001717,1,D00010,320.01.0018,250,228.8293,250,YERLİ,2025-06-08,462,,0,2,37.9,03,DG1,1509.4281,KAPALI,2025,4,17
703090,2025-04-24,SAS25001717,2,D00004,320.01.0018,5000,73.2758,5000,YERLİ,2025-05-04,462,,0,2,37.9,03,DG1,9666.9921,KAPALI,2025,4,17
703091,2025-04-24,SAS25001718,1,D00011,320.01.0018,120,11.47,120,YERLİ,2025-06-08,462,,0,2,37.9,03,DG1,36.3166,KAPALI,2025,4,17
703092,2025-04-24,SAS25001718,2,D00011,320.01.0018,10000,10.3676,10000,YERLİ,2025-05-15,462,,0,2,37.9,03,DG1,2735.5145,KAPALI,2025,4,17
703093,2025-04-24,SAS25001718,3,H00001,320.01.0018,10000,61.49,10000,YERLİ,2025-05-04,462,,0,2,37.9,02,HM1,16224.2744,KAPALI,2025,4,17
703094,2025-04-25,SAS25001719,1,H00016,320.01.0004,2000,94.5428,2000,YERLİ,2025-05-25,461,,0,2,37.9,02,HM1,4989.066,KAPALI,2025,4,17
703095,2025-04-25,SAS25001719,2,D00001,320.01.0004,5000,41.1263,5000,YERLİ,2025-05-10,461,,0,2,37.9,03,DG1,5425.6332,KAPALI,2025,4,17
703096,2025-04-28,SAS25001720,1,H00007,320.01.0014,1000,58.3028,1000,YERLİ,2025-07-27,458,,0,2,37.9,02,HM1,1538.3325,KAPALI,2025,4,18
703097,2025-04-29,SAS25001721,1,D00012,320.01.0003,500,146.2488,500,İTHAL,2025-06-13,457,,0,2,37.9,03,DG1,1929.4037,KAPALI,2025,4,18
703098,2025-04-29,SAS25001721,2,D00011,320.01.0003,250,11.6002,250,İTHAL,2025-06-28,457,,0,2,37.9,03,DG1,76.5185,KAPALI,2025,4,18
703099,2025-04-29,SAS25001721,3,D00005,320.01.0003,5000,341.0112,5000,İTHAL,2025-06-28,457,,0,2,37.9,03,DG1,44988.285,KAPALI,2025,4,18
703100,2025-04-29,SAS25001722,1,H00016,320.01.0001,250,91.9478,250,YERLİ,2025-05-09,457,,0,2,37.9,02,HM1,606.5158,KAPALI,2025,4,18
703101,2025-04-29,SAS25001722,2,H00015,320.01.0001,10000,44.7875,10000,YERLİ,2025-07-28,457,,0,2,37.9,02,HM1,11817.2823,KAPALI,2025,4,18
703102,2025-04-29,SAS25001722,3,H00008,320.01.0001,5000,75.3806,5000,YERLİ,2025-06-28,457,,0,2,37.9,02,HM1,9944.6702,KAPALI,2025,4,18
703103,2025-04-29,SAS25001723,1,H00008,320.01.0001,5000,78.1311,5000,YERLİ,2025-06-28,457,,0,2,37.9,02,HM1,10307.533,KAPALI,2025,4,18
703104,2025-04-29,SAS25001723,2,H00010,320.01.0001,250,24.4721,250,YERLİ,2025-06-28,457,,0,2,37.9,02,HM1,161.4255,KAPALI,2025,4,18
703105,2025-04-29,SAS25001723,3,D00005,320.01.0001,10000,347.286,10000,YERLİ,2025-06-28,457,,0,2,37.9,03,DG1,91632.19,KAPALI,2025,4,18
703106,2025-04-29,SAS25001724,1,H00002,320.01.0030,10000,23.6911,0,YERLİ,2025-05-14,457,-442,10000,2,37.9,02,HM1,6250.9499,ACIK,2025,4,18
703107,2025-04-30,SAS25001725,1,D00010,320.01.0019,10000,215.7626,10000,YERLİ,2025-05-30,456,,0,2,37.9,03,DG1,56929.4459,KAPALI,2025,4,18
703108,2025-04-30,SAS25001725,2,D00001,320.01.0019,500,46.502,500,YERLİ,2025-05-10,456,,0,2,37.9,03,DG1,613.4828,KAPALI,2025,4,18
703109,2025-04-30,SAS25001726,1,H00014,320.01.0003,500,36.4362,500,İTHAL,2025-07-29,456,,0,2,37.9,02,HM1,480.6887,KAPALI,2025,4,18
703110,2025-04-30,SAS25001726,2,D00012,320.01.0003,250,159.8999,250,İTHAL,2025-05-15,456,,0,2,37.9,03,DG1,1054.7487,KAPALI,2025,4,18
703111,2025-04-30,SAS25001727,1,D00002,320.01.0009,500,77.357,500,YERLİ,2025-05-10,456,,0,2,37.9,03,DG1,1020.5409,KAPALI,2025,4,18
703112,2025-05-01,SAS25001728,1,H00004,320.01.0004,500,83.8161,500,YERLİ,2025-07-30,455,,0,2,38.6667,02,HM1,1083.8279,KAPALI,2025,5,18
703113,2025-05-01,SAS25001728,2,D00003,320.01.0004,2000,387.2759,2000,YERLİ,2025-06-15,455,,0,2,38.6667,03,DG1,20031.4948,KAPALI,2025,5,18
703114,2025-05-01,SAS25001729,1,H00008,320.01.0012,1000,74.6847,1000,YERLİ,2025-05-31,455,,0,2,38.6667,02,HM1,1931.4992,KAPALI,2025,5,18
703115,2025-05-01,SAS25001729,2,H00004,320.01.0012,500,78.8631,500,YERLİ,2025-05-22,455,,0,2,38.6667,02,HM1,1019.7806,KAPALI,2025,5,18
703116,2025-05-01,SAS25001730,1,H00010,320.01.0043,1000,25.5695,1000,İTHAL,2025-07-30,455,,0,2,38.6667,02,HM1,661.2796,KAPALI,2025,5,18
703117,2025-05-02,SAS25001731,1,H00014,320.01.0003,5000,38.2676,5000,İTHAL,2025-06-16,454,,0,2,38.6667,02,HM1,4948.3923,KAPALI,2025,5,18
703118,2025-05-02,SAS25001731,2,H00016,320.01.0003,1000,108.0493,1000,İTHAL,2025-05-12,454,,0,2,38.6667,02,HM1,2794.376,KAPALI,2025,5,18
703119,2025-05-02,SAS25001732,1,H00013,320.01.0014,2000,122.1383,2000,YERLİ,2025-07-31,454,,0,2,38.6667,02,HM1,6317.4928,KAPALI,2025,5,18
703120,2025-05-02,SAS25001733,1,H00014,320.01.0004,250,38.7656,250,YERLİ,2025-07-01,454,,0,2,38.6667,02,HM1,250.6394,KAPALI,2025,5,18
703121,2025-05-02,SAS25001734,1,H00013,320.01.0001,5000,106.0195,5000,YERLİ,2025-05-17,454,,0,2,38.6667,02,HM1,13709.4063,KAPALI,2025,5,18
703122,2025-05-05,SAS25001735,1,D00006,320.01.0020,250,359.5298,250,YERLİ,2025-06-04,451,,0,2,38.6667,03,DG1,2324.5441,KAPALI,2025,5,19
703123,2025-05-05,SAS25001735,2,D00006,320.01.0020,1000,331.1597,1000,YERLİ,2025-05-15,451,,0,2,38.6667,03,DG1,8564.4676,KAPALI,2025,5,19
703124,2025-05-05,SAS25001736,1,H00004,320.01.0054,500,91.9317,500,YERLİ,2025-08-03,451,,0,2,38.6667,02,HM1,1188.771,KAPALI,2025,5,19
703125,2025-05-06,SAS25001737,1,H00005,320.01.0005,10000,61.7358,10000,YERLİ,2025-07-05,450,,0,2,38.6667,02,HM1,15966.1414,KAPALI,2025,5,19
703126,2025-05-06,SAS25001737,2,D00004,320.01.0005,1000,73.2241,1000,YERLİ,2025-08-04,450,,0,2,38.6667,03,DG1,1893.7251,KAPALI,2025,5,19
703127,2025-05-06,SAS25001738,1,H00004,320.01.0002,250,80.6123,250,YERLİ,2025-06-20,450,,0,2,38.6667,02,HM1,521.1998,KAPALI,2025,5,19
703128,2025-05-06,SAS25001738,2,D00005,320.01.0002,2000,292.7377,2000,YERLİ,2025-05-16,450,,0,2,38.6667,03,DG1,15141.5921,KAPALI,2025,5,19
703129,2025-05-06,SAS25001739,1,D00006,320.01.0012,500,398.784,500,YERLİ,2025-05-27,450,,0,2,38.6667,03,DG1,5156.6852,KAPALI,2025,5,19
703130,2025-05-06,SAS25001739,2,D00009,320.01.0012,120,282.1295,120,YERLİ,2025-05-21,450,,0,2,38.6667,03,DG1,875.5736,KAPALI,2025,5,19
703131,2025-05-06,SAS25001739,3,D00009,320.01.0012,5000,296.3556,5000,YERLİ,2025-08-04,450,,0,2,38.6667,03,DG1,38321.8118,KAPALI,2025,5,19
703132,2025-05-06,SAS25001740,1,D00003,320.01.0003,10000,336.2254,10000,İTHAL,2025-06-20,450,,0,2,38.6667,03,DG1,86954.7699,KAPALI,2025,5,19
703133,2025-05-06,SAS25001740,2,H00013,320.01.0003,1000,121.3149,1000,İTHAL,2025-07-05,450,,0,2,38.6667,02,HM1,3137.4516,KAPALI,2025,5,19
703134,2025-05-07,SAS25001741,1,D00002,320.01.0036,1000,63.4593,1000,YERLİ,2025-08-05,449,,0,2,38.6667,03,DG1,1641.1874,KAPALI,2025,5,19
703135,2025-05-07,SAS25001741,2,D00009,320.01.0036,5000,298.2479,5000,YERLİ,2025-06-06,449,,0,2,38.6667,03,DG1,38566.5055,KAPALI,2025,5,19
703136,2025-05-07,SAS25001742,1,D00007,320.01.0022,5000,101.5906,5000,YERLİ,2025-05-22,449,,0,2,38.6667,03,DG1,13136.7042,KAPALI,2025,5,19
703137,2025-05-07,SAS25001743,1,D00011,320.01.0031,10000,11.8805,10000,YERLİ,2025-05-17,449,,0,2,38.6667,03,DG1,3072.5405,KAPALI,2025,5,19
703138,2025-05-08,SAS25001744,1,H00006,320.01.0004,10000,131.4568,10000,YERLİ,2025-05-23,448,,0,2,38.6667,02,HM1,33997.419,KAPALI,2025,5,19
703139,2025-05-08,SAS25001745,1,H00008,320.01.0013,1000,64.616,1000,YERLİ,2025-08-06,448,,0,2,38.6667,02,HM1,1671.102,KAPALI,2025,5,19
703140,2025-05-08,SAS25001746,1,H00012,320.01.0015,120,33.1749,120,YERLİ,2025-06-07,448,,0,2,38.6667,02,HM1,102.9565,KAPALI,2025,5,19
703141,2025-05-08,SAS25001747,1,H00004,320.01.0030,250,85.7991,250,YERLİ,2025-08-06,448,,0,2,38.6667,02,HM1,554.7351,KAPALI,2025,5,19
703142,2025-05-08,SAS25001747,2,H00014,320.01.0030,500,37.5505,500,YERLİ,2025-05-23,448,,0,2,38.6667,02,HM1,485.5664,KAPALI,2025,5,19
703143,2025-05-08,SAS25001747,3,D00009,320.01.0030,1000,302.0877,1000,YERLİ,2025-05-18,448,,0,2,38.6667,03,DG1,7812.6062,KAPALI,2025,5,19
703144,2025-05-08,SAS25001748,1,D00002,320.01.0003,10000,78.2228,10000,İTHAL,2025-05-18,448,,0,2,38.6667,03,DG1,20230.017,KAPALI,2025,5,19
703145,2025-05-09,SAS25001749,1,H00006,320.01.0051,500,131.918,500,YERLİ,2025-05-30,447,,0,2,38.6667,02,HM1,1705.8347,KAPALI,2025,5,19
703146,2025-05-12,SAS25001750,1,D00011,320.01.0001,500,12.1099,500,YERLİ,2025-06-11,444,,0,2,38.6667,03,DG1,156.5934,KAPALI,2025,5,20
703147,2025-05-12,SAS25001750,2,D00010,320.01.0001,10000,257.6328,10000,YERLİ,2025-06-02,444,,0,2,38.6667,03,DG1,66629.115,KAPALI,2025,5,20
703148,2025-05-12,SAS25001751,1,H00002,320.01.0006,120,24.7199,120,YERLİ,2025-06-11,444,,0,2,38.6667,02,HM1,76.7169,KAPALI,2025,5,20
703149,2025-05-12,SAS25001752,1,H00014,320.01.0002,250,45.3464,250,YERLİ,2025-08-10,444,,0,2,38.6667,02,HM1,293.1877,KAPALI,2025,5,20
703150,2025-05-12,SAS25001753,1,H00001,320.01.0011,250,57.5965,250,YERLİ,2025-06-11,444,,0,2,38.6667,02,HM1,372.3908,KAPALI,2025,5,20
703151,2025-05-12,SAS25001754,1,H00007,320.01.0041,120,59.6481,120,İTHAL,2025-07-11,444,,0,2,38.6667,02,HM1,185.1146,KAPALI,2025,5,20
703152,2025-05-12,SAS25001754,2,H00014,320.01.0041,10000,40.226,10000,İTHAL,2025-06-11,444,,0,2,38.6667,02,HM1,10403.2669,KAPALI,2025,5,20
703153,2025-05-13,SAS25001755,1,H00006,320.01.0006,1000,131.3731,1000,YERLİ,2025-05-28,443,,0,2,38.6667,02,HM1,3397.5772,KAPALI,2025,5,20
703154,2025-05-13,SAS25001755,2,D00007,320.01.0006,120,92.5029,120,YERLİ,2025-06-12,443,,0,2,38.6667,03,DG1,287.0777,KAPALI,2025,5,20
703155,2025-05-13,SAS25001756,1,H00001,320.01.0035,1000,61.5644,1000,İTHAL,2025-07-12,443,,0,2,38.6667,02,HM1,1592.1814,KAPALI,2025,5,20
703156,2025-05-13,SAS25001756,2,H00003,320.01.0035,250,90.7582,250,İTHAL,2025-06-27,443,,0,2,38.6667,02,HM1,586.7982,KAPALI,2025,5,20
703157,2025-05-13,SAS25001756,3,H00007,320.01.0035,1000,48.3522,1000,İTHAL,2025-05-23,443,,0,2,38.6667,02,HM1,1250.4869,KAPALI,2025,5,20
703158,2025-05-14,SAS25001757,1,H00005,320.01.0013,5000,69.0991,5000,YERLİ,2025-05-29,442,,0,2,38.6667,02,HM1,8935.2207,KAPALI,2025,5,20
703159,2025-05-14,SAS25001757,2,D00012,320.01.0013,120,146.1331,120,YERLİ,2025-07-13,442,,0,2,38.6667,03,DG1,453.5161,KAPALI,2025,5,20
703160,2025-05-14,SAS25001757,3,D00005,320.01.0013,120,370.7655,120,YERLİ,2025-05-29,442,,0,2,38.6667,03,DG1,1150.6506,KAPALI,2025,5,20
703161,2025-05-14,SAS25001758,1,D00012,320.01.0007,1000,169.6298,1000,YERLİ,2025-06-04,442,,0,2,38.6667,03,DG1,4386.9738,KAPALI,2025,5,20
703162,2025-05-14,SAS25001759,1,H00013,320.01.0001,5000,108.93,5000,YERLİ,2025-06-13,442,,0,2,38.6667,02,HM1,14085.7637,KAPALI,2025,5,20
703163,2025-05-14,SAS25001759,2,D00010,320.01.0001,5000,243.5379,5000,YERLİ,2025-06-04,442,,0,2,38.6667,03,DG1,31491.9427,KAPALI,2025,5,20
703164,2025-05-15,SAS25001760,1,H00014,320.01.0005,500,40.4107,500,YERLİ,2025-08-13,441,,0,2,38.6667,02,HM1,522.5517,KAPALI,2025,5,20
703165,2025-05-15,SAS25001761,1,H00008,320.01.0019,250,75.322,250,YERLİ,2025-05-30,441,,0,2,38.6667,02,HM1,486.9953,KAPALI,2025,5,20
703166,2025-05-15,SAS25001762,1,H00003,320.01.0017,1000,97.8182,1000,YERLİ,2025-06-05,441,,0,2,38.6667,02,HM1,2529.7789,KAPALI,2025,5,20
703167,2025-05-15,SAS25001763,1,D00012,320.01.0051,1000,159.6992,1000,YERLİ,2025-06-05,441,,0,2,38.6667,03,DG1,4130.1482,KAPALI,2025,5,20
703168,2025-05-15,SAS25001763,2,H00008,320.01.0051,10000,72.6011,10000,YERLİ,2025-05-30,441,,0,2,38.6667,02,HM1,18776.1304,KAPALI,2025,5,20
703169,2025-05-15,SAS25001763,3,H00012,320.01.0051,10000,37.2998,10000,YERLİ,2025-07-14,441,,0,2,38.6667,02,HM1,9646.4917,KAPALI,2025,5,20
703170,2025-05-16,SAS25001764,1,D00001,320.01.0045,10000,44.8166,10000,YERLİ,2025-06-30,440,,0,2,38.6667,03,DG1,11590.49,KAPALI,2025,5,20
703171,2025-05-16,SAS25001764,2,D00010,320.01.0045,10000,210.072,10000,YERLİ,2025-07-15,440,,0,2,38.6667,03,DG1,54328.9187,KAPALI,2025,5,20
703172,2025-05-16,SAS25001765,1,H00006,320.01.0015,5000,117.9514,5000,YERLİ,2025-05-31,440,,0,2,38.6667,02,HM1,15252.3231,KAPALI,2025,5,20
703173,2025-05-16,SAS25001765,2,D00005,320.01.0015,250,358.2744,125,YERLİ,2025-06-06,440,-419,125,2,38.6667,03,DG1,2316.4273,ACIK,2025,5,20
703174,2025-05-19,SAS25001766,1,H00015,320.01.0029,10000,47.5632,10000,YERLİ,2025-07-03,437,,0,2,38.6667,02,HM1,12300.817,KAPALI,2025,5,21
703175,2025-05-19,SAS25001767,1,H00012,320.01.0003,500,38.4384,500,İTHAL,2025-07-18,437,,0,2,38.6667,02,HM1,497.0478,KAPALI,2025,5,21
703176,2025-05-19,SAS25001767,2,D00004,320.01.0003,250,87.3376,250,İTHAL,2025-05-29,437,,0,2,38.6667,03,DG1,564.6823,KAPALI,2025,5,21
703177,2025-05-19,SAS25001768,1,H00002,320.01.0046,1000,24.7081,1000,YERLİ,2025-05-29,437,,0,2,38.6667,02,HM1,639.002,KAPALI,2025,5,21
703178,2025-05-19,SAS25001769,1,H00006,320.01.0001,2000,139.5315,2000,YERLİ,2025-07-03,437,,0,2,38.6667,02,HM1,7217.1403,KAPALI,2025,5,21
703179,2025-05-19,SAS25001769,2,H00014,320.01.0001,5000,37.2646,5000,YERLİ,2025-05-29,437,,0,2,38.6667,02,HM1,4818.6941,KAPALI,2025,5,21
703180,2025-05-20,SAS25001770,1,D00003,320.01.0005,5000,339.7543,5000,YERLİ,2025-06-04,436,,0,2,38.6667,03,DG1,43933.7078,KAPALI,2025,5,21
703181,2025-05-20,SAS25001770,2,H00009,320.01.0005,5000,94.2215,5000,YERLİ,2025-06-19,436,,0,2,38.6667,02,HM1,12183.8042,KAPALI,2025,5,21
703182,2025-05-21,SAS25001771,1,H00012,320.01.0018,500,33.0932,500,YERLİ,2025-08-19,435,,0,2,38.6667,02,HM1,427.9289,KAPALI,2025,5,21
703183,2025-05-21,SAS25001772,1,H00012,320.01.0043,10000,32.7501,10000,İTHAL,2025-06-05,435,,0,2,38.6667,02,HM1,8469.8461,KAPALI,2025,5,21
703184,2025-05-21,SAS25001772,2,H00016,320.01.0043,2000,95.6442,2000,İTHAL,2025-06-20,435,,0,2,38.6667,02,HM1,4947.1095,KAPALI,2025,5,21
703185,2025-05-22,SAS25001773,1,D00002,320.01.0002,10000,78.9753,10000,YERLİ,2025-06-06,434,,0,2,38.6667,03,DG1,20424.6289,KAPALI,2025,5,21
703186,2025-05-22,SAS25001774,1,H00004,320.01.0004,10000,85.2007,10000,YERLİ,2025-08-20,434,,0,2,38.6667,02,HM1,22034.6448,KAPALI,2025,5,21
703187,2025-05-22,SAS25001774,2,H00008,320.01.0004,250,74.5348,250,YERLİ,2025-06-06,434,,0,2,38.6667,02,HM1,481.9056,KAPALI,2025,5,21
703188,2025-05-22,SAS25001775,1,D00006,320.01.0019,2000,371.8297,2000,YERLİ,2025-07-06,434,,0,2,38.6667,03,DG1,19232.5541,KAPALI,2025,5,21
703189,2025-05-22,SAS25001775,2,D00007,320.01.0019,2000,86.7963,2000,YERLİ,2025-06-21,434,,0,2,38.6667,03,DG1,4489.4599,KAPALI,2025,5,21
703190,2025-05-22,SAS25001776,1,H00002,320.01.0009,5000,21.2877,2500,YERLİ,2025-06-06,434,-419,2500,2,38.6667,02,HM1,2752.7175,ACIK,2025,5,21
703191,2025-05-22,SAS25001776,2,D00005,320.01.0009,2000,357.7235,2000,YERLİ,2025-06-06,434,,0,2,38.6667,03,DG1,18502.9237,KAPALI,2025,5,21
703192,2025-05-23,SAS25001777,1,H00010,320.01.0005,10000,29.8283,10000,YERLİ,2025-07-07,433,,0,2,38.6667,02,HM1,7714.2089,KAPALI,2025,5,21
703193,2025-05-23,SAS25001778,1,D00003,320.01.0005,250,348.8535,250,YERLİ,2025-07-07,433,,0,2,38.6667,03,DG1,2255.5164,KAPALI,2025,5,21
703194,2025-05-23,SAS25001778,2,D00006,320.01.0005,5000,360.6421,5000,YERLİ,2025-06-13,433,,0,2,38.6667,03,DG1,46634.7141,KAPALI,2025,5,21
703195,2025-05-23,SAS25001778,3,H00012,320.01.0005,500,39.5424,500,YERLİ,2025-06-07,433,,0,2,38.6667,02,HM1,511.3237,KAPALI,2025,5,21
703196,2025-05-26,SAS25001779,1,H00004,320.01.0002,250,81.5532,0,YERLİ,2025-06-05,430,-420,250,2,38.6667,02,HM1,527.2832,ACIK,2025,5,22
703197,2025-05-26,SAS25001779,2,H00005,320.01.0002,1000,71.1365,1000,YERLİ,2025-07-10,430,,0,2,38.6667,02,HM1,1839.7355,KAPALI,2025,5,22
703198,2025-05-27,SAS25001780,1,H00005,320.01.0023,1000,69.9243,1000,İTHAL,2025-06-11,429,,0,2,38.6667,02,HM1,1808.3855,KAPALI,2025,5,22
703199,2025-05-28,SAS25001781,1,H00014,320.01.0020,10000,41.8935,10000,YERLİ,2025-07-27,428,,0,2,38.6667,02,HM1,10834.5165,KAPALI,2025,5,22
703200,2025-05-28,SAS25001781,2,H00004,320.01.0020,500,86.6104,500,YERLİ,2025-06-07,428,,0,2,38.6667,02,HM1,1119.9611,KAPALI,2025,5,22
703201,2025-05-28,SAS25001781,3,H00007,320.01.0020,10000,47.7604,10000,YERLİ,2025-06-27,428,,0,2,38.6667,02,HM1,12351.8169,KAPALI,2025,5,22
703202,2025-05-28,SAS25001782,1,H00001,320.01.0002,500,64.4035,500,YERLİ,2025-06-27,428,,0,2,38.6667,02,HM1,832.8032,KAPALI,2025,5,22
703203,2025-05-28,SAS25001782,2,H00014,320.01.0002,2000,37.2108,2000,YERLİ,2025-08-26,428,,0,2,38.6667,02,HM1,1924.6949,KAPALI,2025,5,22
703204,2025-05-28,SAS25001783,1,D00009,320.01.0006,500,283.3287,500,YERLİ,2025-06-18,428,,0,2,38.6667,03,DG1,3663.73,KAPALI,2025,5,22
703205,2025-05-28,SAS25001783,2,H00007,320.01.0006,5000,55.671,5000,YERLİ,2025-07-27,428,,0,2,38.6667,02,HM1,7198.83,KAPALI,2025,5,22
703206,2025-05-28,SAS25001783,3,H00002,320.01.0006,5000,21.5435,5000,YERLİ,2025-06-27,428,,0,2,38.6667,02,HM1,2785.795,KAPALI,2025,5,22
703207,2025-05-29,SAS25001784,1,H00016,320.01.0003,2000,101.437,2000,İTHAL,2025-07-13,427,,0,2,38.6667,02,HM1,5246.7369,KAPALI,2025,5,22
703208,2025-05-29,SAS25001784,2,D00002,320.01.0003,250,65.1533,250,İTHAL,2025-06-28,427,,0,2,38.6667,03,DG1,421.2494,KAPALI,2025,5,22
703209,2025-05-29,SAS25001784,3,H00011,320.01.0003,500,46.5826,500,İTHAL,2025-08-27,427,,0,2,38.6667,02,HM1,602.3607,KAPALI,2025,5,22
703210,2025-05-29,SAS25001785,1,H00016,320.01.0014,250,86.3871,250,YERLİ,2025-07-28,427,,0,2,38.6667,02,HM1,558.5368,KAPALI,2025,5,22
703211,2025-05-30,SAS25001786,1,H00015,320.01.0002,500,45.9824,500,YERLİ,2025-07-14,426,,0,2,38.6667,02,HM1,594.5995,KAPALI,2025,5,22
703212,2025-05-30,SAS25001786,2,D00004,320.01.0002,250,73.7172,250,YERLİ,2025-07-29,426,,0,2,38.6667,03,DG1,476.6194,KAPALI,2025,5,22
703213,2025-05-30,SAS25001786,3,D00009,320.01.0002,250,268.5483,250,YERLİ,2025-08-28,426,,0,2,38.6667,03,DG1,1736.3022,KAPALI,2025,5,22
703214,2025-06-02,SAS25001787,1,H00010,320.01.0010,10000,26.9654,10000,YERLİ,2025-08-31,423,,0,2,39.4333,02,HM1,6838.2306,KAPALI,2025,6,23
703215,2025-06-02,SAS25001788,1,D00001,320.01.0010,2000,39.4504,2000,YERLİ,2025-08-31,423,,0,2,39.4333,03,DG1,2000.8673,KAPALI,2025,6,23
703216,2025-06-02,SAS25001788,2,H00008,320.01.0010,1000,70.3216,1000,YERLİ,2025-07-17,423,,0,2,39.4333,02,HM1,1783.305,KAPALI,2025,6,23
703217,2025-06-03,SAS25001789,1,H00016,320.01.0022,2000,105.792,1000,YERLİ,2025-06-18,422,-407,1000,2,39.4333,02,HM1,5365.6174,ACIK,2025,6,23
703218,2025-06-03,SAS25001789,2,D00002,320.01.0022,10000,66.3582,10000,YERLİ,2025-08-02,422,,0,2,39.4333,03,DG1,16827.9601,KAPALI,2025,6,23
703219,2025-06-03,SAS25001789,3,H00005,320.01.0022,500,62.3994,500,YERLİ,2025-06-13,422,,0,2,39.4333,02,HM1,791.2019,KAPALI,2025,6,23
703220,2025-06-03,SAS25001790,1,D00012,320.01.0003,250,163.4693,250,İTHAL,2025-08-02,422,,0,2,39.4333,03,DG1,1036.3658,KAPALI,2025,6,23
703221,2025-06-03,SAS25001790,2,H00003,320.01.0003,1000,97.7554,1000,İTHAL,2025-09-01,422,,0,2,39.4333,02,HM1,2479.0063,KAPALI,2025,6,23
703222,2025-06-03,SAS25001790,3,D00004,320.01.0003,10000,88.0376,10000,İTHAL,2025-06-24,422,,0,2,39.4333,03,DG1,22325.6993,KAPALI,2025,6,23
703223,2025-06-03,SAS25001791,1,H00006,320.01.0019,250,124.0208,250,YERLİ,2025-08-02,422,,0,2,39.4333,02,HM1,786.2695,KAPALI,2025,6,23
703224,2025-06-03,SAS25001792,1,D00012,320.01.0004,2000,139.8653,2000,YERLİ,2025-07-18,422,,0,2,39.4333,03,DG1,7093.7659,KAPALI,2025,6,23
703225,2025-06-04,SAS25001793,1,H00015,320.01.0041,5000,49.1722,5000,İTHAL,2025-08-03,421,,0,2,39.4333,02,HM1,6234.8573,KAPALI,2025,6,23
703226,2025-06-04,SAS25001793,2,D00005,320.01.0041,250,299.0074,250,İTHAL,2025-06-25,421,,0,2,39.4333,03,DG1,1895.6529,KAPALI,2025,6,23
703227,2025-06-04,SAS25001794,1,H00007,320.01.0015,5000,49.5048,5000,YERLİ,2025-06-25,421,,0,2,39.4333,02,HM1,6277.0298,KAPALI,2025,6,23
703228,2025-06-04,SAS25001794,2,H00004,320.01.0015,1000,79.0888,1000,YERLİ,2025-07-04,421,,0,2,39.4333,02,HM1,2005.6348,KAPALI,2025,6,23
703229,2025-06-05,SAS25001795,1,H00005,320.01.0023,10000,71.1293,10000,İTHAL,2025-06-20,420,,0,2,39.4333,02,HM1,18037.8766,KAPALI,2025,6,23
703230,2025-06-05,SAS25001795,2,H00015,320.01.0023,10000,51.1515,10000,İTHAL,2025-06-26,420,,0,2,39.4333,02,HM1,12971.6509,KAPALI,2025,6,23
703231,2025-06-05,SAS25001795,3,H00008,320.01.0023,5000,82.4768,5000,İTHAL,2025-06-26,420,,0,2,39.4333,02,HM1,10457.7603,KAPALI,2025,6,23
703232,2025-06-05,SAS25001796,1,H00011,320.01.0034,120,39.6201,120,YERLİ,2025-06-15,420,,0,2,39.4333,02,HM1,120.5685,KAPALI,2025,6,23
703233,2025-06-05,SAS25001796,2,H00007,320.01.0034,2000,52.8113,2000,YERLİ,2025-06-26,420,,0,2,39.4333,02,HM1,2678.5128,KAPALI,2025,6,23
703234,2025-06-05,SAS25001797,1,D00003,320.01.0005,500,368.0981,500,YERLİ,2025-06-26,420,,0,2,39.4333,03,DG1,4667.3509,KAPALI,2025,6,23
703235,2025-06-05,SAS25001797,2,D00003,320.01.0005,10000,368.0346,10000,YERLİ,2025-09-03,420,,0,2,39.4333,03,DG1,93330.9157,KAPALI,2025,6,23
703236,2025-06-06,SAS25001798,1,H00016,320.01.0052,2000,98.3919,2000,YERLİ,2025-09-04,419,,0,2,39.4333,02,HM1,4990.295,KAPALI,2025,6,23
703237,2025-06-06,SAS25001798,2,H00010,320.01.0052,2000,26.0627,2000,YERLİ,2025-06-27,419,,0,2,39.4333,02,HM1,1321.8625,KAPALI,2025,6,23
703238,2025-06-06,SAS25001799,1,H00013,320.01.0003,120,116.1117,120,İTHAL,2025-07-06,419,,0,2,39.4333,02,HM1,353.3411,KAPALI,2025,6,23
703239,2025-06-09,SAS25001800,1,D00005,320.01.0002,500,341.9625,500,YERLİ,2025-07-09,416,,0,2,39.4333,03,DG1,4335.961,KAPALI,2025,6,24
703240,2025-06-09,SAS25001800,2,H00008,320.01.0002,1000,76.5377,1000,YERLİ,2025-06-19,416,,0,2,39.4333,02,HM1,1940.9408,KAPALI,2025,6,24
703241,2025-06-09,SAS25001801,1,D00010,320.01.0014,1000,260.9142,1000,YERLİ,2025-07-09,416,,0,2,39.4333,03,DG1,6616.5956,KAPALI,2025,6,24
703242,2025-06-09,SAS25001801,2,D00003,320.01.0014,250,343.4381,250,YERLİ,2025-09-07,416,,0,2,39.4333,03,DG1,2177.3355,KAPALI,2025,6,24
703243,2025-06-10,SAS25001802,1,D00004,320.01.0003,1000,77.6925,1000,İTHAL,2025-07-25,415,,0,2,39.4333,03,DG1,1970.2257,KAPALI,2025,6,24
703244,2025-06-10,SAS25001802,2,H00002,320.01.0003,10000,22.1355,5000,İTHAL,2025-06-25,415,-400,5000,2,39.4333,02,HM1,5613.4029,ACIK,2025,6,24
703245,2025-06-10,SAS25001803,1,D00006,320.01.0041,10000,408.5578,10000,İTHAL,2025-08-09,415,,0,2,39.4333,03,DG1,103607.3065,KAPALI,2025,6,24
703246,2025-06-10,SAS25001803,2,H00009,320.01.0041,5000,88.4266,5000,İTHAL,2025-07-25,415,,0,2,39.4333,02,HM1,11212.1735,KAPALI,2025,6,24
703247,2025-06-10,SAS25001803,3,D00010,320.01.0041,5000,263.4031,5000,İTHAL,2025-06-20,415,,0,2,39.4333,03,DG1,33398.5616,KAPALI,2025,6,24
703248,2025-06-11,SAS25001804,1,D00001,320.01.0005,2000,45.4576,2000,YERLİ,2025-07-02,414,,0,2,39.4333,03,DG1,2305.5438,KAPALI,2025,6,24
703249,2025-06-11,SAS25001805,1,H00002,320.01.0043,2000,22.8731,2000,İTHAL,2025-08-10,414,,0,2,39.4333,02,HM1,1160.0906,KAPALI,2025,6,24
703250,2025-06-11,SAS25001805,2,D00009,320.01.0043,1000,309.688,1000,İTHAL,2025-07-26,414,,0,2,39.4333,03,DG1,7853.464,KAPALI,2025,6,24
703251,2025-06-11,SAS25001806,1,D00009,320.01.0014,120,315.1444,120,YERLİ,2025-08-10,414,,0,2,39.4333,03,DG1,959.0201,KAPALI,2025,6,24
703252,2025-06-11,SAS25001807,1,H00007,320.01.0003,2000,54.7727,2000,İTHAL,2025-07-11,414,,0,2,39.4333,02,HM1,2777.9922,KAPALI,2025,6,24
703253,2025-06-12,SAS25001808,1,H00007,320.01.0017,500,54.1547,500,YERLİ,2025-07-27,413,,0,2,39.4333,02,HM1,686.662,KAPALI,2025,6,24
703254,2025-06-12,SAS25001808,2,H00014,320.01.0017,250,45.3821,250,YERLİ,2025-08-11,413,,0,2,39.4333,02,HM1,287.7143,KAPALI,2025,6,24
703255,2025-06-12,SAS25001809,1,H00001,320.01.0045,120,56.8358,120,YERLİ,2025-08-11,413,,0,2,39.4333,02,HM1,172.9578,KAPALI,2025,6,24
703256,2025-06-12,SAS25001809,2,D00004,320.01.0045,2000,93.5414,2000,YERLİ,2025-07-03,413,,0,2,39.4333,03,DG1,4744.2847,KAPALI,2025,6,24
703257,2025-06-12,SAS25001810,1,H00006,320.01.0022,10000,114.948,10000,YERLİ,2025-07-12,413,,0,2,39.4333,02,HM1,29149.9824,KAPALI,2025,6,24
703258,2025-06-13,SAS25001811,1,H00009,320.01.0002,120,90.9987,120,YERLİ,2025-06-23,412,,0,2,39.4333,02,HM1,276.9194,KAPALI,2025,6,24
703259,2025-06-13,SAS25001811,2,H00006,320.01.0002,1000,131.0185,500,YERLİ,2025-07-13,412,-382,500,2,39.4333,02,HM1,3322.5345,ACIK,2025,6,24
703260,2025-06-13,SAS25001812,1,D00012,320.01.0001,250,145.3527,250,YERLİ,2025-08-12,412,,0,2,39.4333,03,DG1,921.5099,KAPALI,2025,6,24
703261,2025-06-13,SAS25001812,2,H00001,320.01.0001,120,66.2486,120,YERLİ,2025-07-13,412,,0,2,39.4333,02,HM1,201.602,KAPALI,2025,6,24
703262,2025-06-13,SAS25001812,3,D00003,320.01.0001,250,398.333,250,YERLİ,2025-09-11,412,,0,2,39.4333,03,DG1,2525.3593,KAPALI,2025,6,24
703263,2025-06-16,SAS25001813,1,H00013,320.01.0012,250,113.8752,250,YERLİ,2025-08-15,409,,0,2,39.4333,02,HM1,721.9482,KAPALI,2025,6,25
703264,2025-06-17,SAS25001814,1,D00011,320.01.0009,1000,10.7201,1000,YERLİ,2025-08-01,408,,0,2,39.4333,03,DG1,271.854,KAPALI,2025,6,25
703265,2025-06-17,SAS25001814,2,H00016,320.01.0009,250,90.7443,250,YERLİ,2025-07-02,408,,0,2,39.4333,02,HM1,575.3025,KAPALI,2025,6,25
703266,2025-06-17,SAS25001815,1,H00006,320.01.0005,10000,131.2615,10000,YERLİ,2025-07-17,408,,0,2,39.4333,02,HM1,33286.9681,KAPALI,2025,6,25
703267,2025-06-17,SAS25001815,2,H00016,320.01.0005,2000,109.2283,2000,YERLİ,2025-09-15,408,,0,2,39.4333,02,HM1,5539.9016,KAPALI,2025,6,25
703268,2025-06-17,SAS25001815,3,H00002,320.01.0005,5000,26.6657,5000,YERLİ,2025-09-15,408,,0,2,39.4333,02,HM1,3381.1144,KAPALI,2025,6,25
703269,2025-06-17,SAS25001816,1,H00013,320.01.0005,5000,122.6023,5000,YERLİ,2025-07-08,408,,0,2,39.4333,02,HM1,15545.5288,KAPALI,2025,6,25
703270,2025-06-17,SAS25001817,1,H00013,320.01.0004,2000,114.3925,1000,YERLİ,2025-08-01,408,-363,1000,2,39.4333,02,HM1,5801.8223,ACIK,2025,6,25
703271,2025-06-17,SAS25001817,2,D00012,320.01.0004,120,173.694,120,YERLİ,2025-07-08,408,,0,2,39.4333,03,DG1,528.5705,KAPALI,2025,6,25
703272,2025-06-17,SAS25001817,3,H00006,320.01.0004,500,128.042,500,YERLİ,2025-09-15,408,,0,2,39.4333,02,HM1,1623.5263,KAPALI,2025,6,25
703273,2025-06-18,SAS25001818,1,H00004,320.01.0010,10000,93.1105,10000,YERLİ,2025-06-28,407,,0,2,39.4333,02,HM1,23612.1501,KAPALI,2025,6,25
703274,2025-06-18,SAS25001818,2,H00001,320.01.0010,120,64.6324,120,YERLİ,2025-07-09,407,,0,2,39.4333,02,HM1,196.6837,KAPALI,2025,6,25
703275,2025-06-18,SAS25001819,1,H00009,320.01.0005,5000,83.009,5000,YERLİ,2025-08-02,407,,0,2,39.4333,02,HM1,10525.2414,KAPALI,2025,6,25
703276,2025-06-18,SAS25001820,1,H00012,320.01.0002,500,37.542,500,YERLİ,2025-07-18,407,,0,2,39.4333,02,HM1,476.019,KAPALI,2025,6,25
703277,2025-06-18,SAS25001821,1,H00015,320.01.0013,120,43.7019,120,YERLİ,2025-07-03,407,,0,2,39.4333,02,HM1,132.9898,KAPALI,2025,6,25
703278,2025-06-18,SAS25001822,1,D00008,320.01.0004,2000,388.469,2000,YERLİ,2025-08-02,407,,0,2,39.4333,03,DG1,19702.5864,KAPALI,2025,6,25
703279,2025-06-19,SAS25001823,1,H00003,320.01.0020,5000,99.6285,5000,YERLİ,2025-07-10,406,,0,2,39.4333,02,HM1,12632.5339,KAPALI,2025,6,25
703280,2025-06-19,SAS25001823,2,H00004,320.01.0020,2000,95.3558,2000,YERLİ,2025-07-19,406,,0,2,39.4333,02,HM1,4836.3084,KAPALI,2025,6,25
703281,2025-06-19,SAS25001824,1,H00012,320.01.0008,5000,34.5277,5000,YERLİ,2025-08-18,406,,0,2,39.4333,02,HM1,4377.9876,KAPALI,2025,6,25
703282,2025-06-19,SAS25001825,1,D00002,320.01.0035,10000,75.9677,10000,İTHAL,2025-08-03,406,,0,2,39.4333,03,DG1,19264.8599,KAPALI,2025,6,25
703283,2025-06-19,SAS25001825,2,H00006,320.01.0035,500,126.1755,500,İTHAL,2025-08-18,406,,0,2,39.4333,02,HM1,1599.8598,KAPALI,2025,6,25
703284,2025-06-20,SAS25001826,1,H00009,320.01.0003,500,89.0418,500,İTHAL,2025-09-18,405,,0,2,39.4333,02,HM1,1129.0179,KAPALI,2025,6,25
703285,2025-06-20,SAS25001827,1,H00006,320.01.0002,120,120.9003,120,YERLİ,2025-08-04,405,,0,2,39.4333,02,HM1,367.9133,KAPALI,2025,6,25
703286,2025-06-20,SAS25001828,1,H00009,320.01.0051,120,96.1471,120,YERLİ,2025-07-20,405,,0,2,39.4333,02,HM1,292.5865,KAPALI,2025,6,25
703287,2025-06-20,SAS25001828,2,D00009,320.01.0051,2000,288.4477,2000,YERLİ,2025-07-05,405,,0,2,39.4333,03,DG1,14629.6506,KAPALI,2025,6,25
703288,2025-06-23,SAS25001829,1,H00002,320.01.0003,10000,23.7752,10000,İTHAL,2025-09-21,402,,0,2,39.4333,02,HM1,6029.219,KAPALI,2025,6,26
703289,2025-06-23,SAS25001829,2,D00006,320.01.0003,250,411.2476,250,İTHAL,2025-07-14,402,,0,2,39.4333,03,DG1,2607.2355,KAPALI,2025,6,26
703290,2025-06-24,SAS25001830,1,H00002,320.01.0004,120,22.5128,120,YERLİ,2025-08-23,401,,0,2,39.4333,02,HM1,68.509,KAPALI,2025,6,26
703291,2025-06-25,SAS25001831,1,D00009,320.01.0004,2000,302.5154,2000,YERLİ,2025-07-10,400,,0,2,39.4333,03,DG1,15343.144,KAPALI,2025,6,26
703292,2025-06-26,SAS25001832,1,H00012,320.01.0028,500,33.2911,500,YERLİ,2025-08-10,399,,0,2,39.4333,02,HM1,422.1191,KAPALI,2025,6,26
703293,2025-06-26,SAS25001832,2,H00007,320.01.0028,10000,50.2523,5000,YERLİ,2025-08-10,399,-354,5000,2,39.4333,02,HM1,12743.6202,ACIK,2025,6,26
703294,2025-06-26,SAS25001833,1,D00010,320.01.0021,500,251.5791,500,YERLİ,2025-07-17,399,,0,2,39.4333,03,DG1,3189.9321,KAPALI,2025,6,26
703295,2025-06-26,SAS25001833,2,H00016,320.01.0021,5000,111.1194,5000,YERLİ,2025-07-26,399,,0,2,39.4333,02,HM1,14089.5385,KAPALI,2025,6,26
703296,2025-06-26,SAS25001833,3,H00008,320.01.0021,5000,70.299,5000,YERLİ,2025-07-17,399,,0,2,39.4333,02,HM1,8913.6593,KAPALI,2025,6,26
703297,2025-06-26,SAS25001834,1,D00002,320.01.0010,120,77.3435,120,YERLİ,2025-08-25,399,,0,2,39.4333,03,DG1,235.365,KAPALI,2025,6,26
703298,2025-06-26,SAS25001834,2,D00003,320.01.0010,10000,369.8361,10000,YERLİ,2025-07-17,399,,0,2,39.4333,03,DG1,93787.7631,KAPALI,2025,6,26
703299,2025-06-27,SAS25001835,1,H00003,320.01.0043,250,84.4618,125,İTHAL,2025-07-18,398,-377,125,2,39.4333,02,HM1,535.4726,ACIK,2025,6,26
703300,2025-06-27,SAS25001836,1,H00007,320.01.0022,250,56.6278,250,YERLİ,2025-07-18,398,,0,2,39.4333,02,HM1,359.01,KAPALI,2025,6,26
703301,2025-06-27,SAS25001836,2,D00002,320.01.0022,5000,72.723,5000,YERLİ,2025-07-27,398,,0,2,39.4333,03,DG1,9221.0137,KAPALI,2025,6,26
703302,2025-06-27,SAS25001837,1,D00005,320.01.0037,500,323.4696,500,İTHAL,2025-08-26,398,,0,2,39.4333,03,DG1,4101.4777,KAPALI,2025,6,26
703303,2025-06-27,SAS25001837,2,H00001,320.01.0037,1000,63.6629,0,İTHAL,2025-07-07,398,-388,1000,2,39.4333,02,HM1,1614.4452,ACIK,2025,6,26
703304,2025-06-30,SAS25001838,1,D00005,320.01.0001,2000,326.8264,2000,YERLİ,2025-08-29,395,,0,2,39.4333,03,DG1,16576.1628,KAPALI,2025,6,27
703305,2025-06-30,SAS25001838,2,H00014,320.01.0001,2000,43.9563,2000,YERLİ,2025-07-30,395,,0,2,39.4333,02,HM1,2229.4,KAPALI,2025,6,27
703306,2025-06-30,SAS25001839,1,H00003,320.01.0020,500,84.0949,500,YERLİ,2025-08-14,395,,0,2,39.4333,02,HM1,1066.293,KAPALI,2025,6,27
703307,2025-06-30,SAS25001840,1,D00004,320.01.0001,1000,92.5376,1000,YERLİ,2025-07-21,395,,0,2,39.4333,03,DG1,2346.6867,KAPALI,2025,6,27
703308,2025-06-30,SAS25001841,1,D00005,320.01.0004,120,374.6108,120,YERLİ,2025-07-30,395,,0,2,39.4333,03,DG1,1139.9831,KAPALI,2025,6,27
703309,2025-06-30,SAS25001842,1,H00014,320.01.0039,5000,43.8079,5000,YERLİ,2025-08-29,395,,0,2,39.4333,02,HM1,5554.6835,KAPALI,2025,6,27
703310,2025-06-30,SAS25001842,2,D00007,320.01.0039,250,86.0521,0,YERLİ,2025-07-15,395,-380,250,2,39.4333,03,DG1,545.5548,ACIK,2025,6,27
703311,2025-07-01,SAS25001843,1,D00010,320.01.0017,120,264.2522,60,YERLİ,2025-08-15,394,-349,60,2,40.2,03,DG1,788.8125,ACIK,2025,7,27
703312,2025-07-01,SAS25001844,1,H00002,320.01.0004,500,22.378,500,YERLİ,2025-07-11,394,,0,2,40.2,02,HM1,278.3333,KAPALI,2025,7,27
703313,2025-07-02,SAS25001845,1,D00009,320.01.0001,120,274.195,120,YERLİ,2025-08-16,393,,0,2,40.2,03,DG1,818.4925,KAPALI,2025,7,27
703314,2025-07-02,SAS25001846,1,H00015,320.01.0006,5000,50.0575,0,YERLİ,2025-08-16,393,-348,5000,2,40.2,02,HM1,6226.0572,ACIK,2025,7,27
703315,2025-07-02,SAS25001846,2,D00005,320.01.0006,250,318.3704,250,YERLİ,2025-08-31,393,,0,2,40.2,03,DG1,1979.9154,KAPALI,2025,7,27
703316,2025-07-02,SAS25001846,3,D00012,320.01.0006,250,168.3265,250,YERLİ,2025-07-17,393,,0,2,40.2,03,DG1,1046.8066,KAPALI,2025,7,27
703317,2025-07-03,SAS25001847,1,D00009,320.01.0025,5000,298.7873,5000,İTHAL,2025-08-17,392,,0,2,40.2,03,DG1,37162.5995,KAPALI,2025,7,27
703318,2025-07-03,SAS25001848,1,H00016,320.01.0008,500,100.0917,500,YERLİ,2025-10-01,392,,0,2,40.2,02,HM1,1244.9216,KAPALI,2025,7,27
703319,2025-07-03,SAS25001849,1,D00005,320.01.0029,2000,325.0364,2000,YERLİ,2025-09-01,392,,0,2,40.2,03,DG1,16170.9652,KAPALI,2025,7,27
703320,2025-07-03,SAS25001850,1,H00011,320.01.0001,2000,43.1081,2000,YERLİ,2025-07-24,392,,0,2,40.2,02,HM1,2144.6816,KAPALI,2025,7,27
703321,2025-07-03,SAS25001850,2,H00009,320.01.0001,5000,103.7901,5000,YERLİ,2025-10-01,392,,0,2,40.2,02,HM1,12909.2164,KAPALI,2025,7,27
703322,2025-07-04,SAS25001851,1,D00012,320.01.0001,1000,143.4368,1000,YERLİ,2025-07-19,391,,0,2,40.2,03,DG1,3568.0796,KAPALI,2025,7,27
703323,2025-07-04,SAS25001851,2,H00001,320.01.0001,500,61.6762,500,YERLİ,2025-07-19,391,,0,2,40.2,02,HM1,767.1169,KAPALI,2025,7,27
703324,2025-07-04,SAS25001852,1,H00010,320.01.0001,2000,27.3052,2000,YERLİ,2025-07-25,391,,0,2,40.2,02,HM1,1358.4677,KAPALI,2025,7,27
703325,2025-07-04,SAS25001852,2,H00008,320.01.0001,500,67.4825,500,YERLİ,2025-08-03,391,,0,2,40.2,02,HM1,839.3346,KAPALI,2025,7,27
703326,2025-07-07,SAS25001853,1,H00007,320.01.0030,5000,59.308,5000,YERLİ,2025-07-17,388,,0,2,40.2,02,HM1,7376.6169,KAPALI,2025,7,28
703327,2025-07-07,SAS25001854,1,H00012,320.01.0055,120,38.819,120,İTHAL,2025-07-22,388,,0,2,40.2,02,HM1,115.8776,KAPALI,2025,7,28
703328,2025-07-07,SAS25001854,2,H00003,320.01.0055,120,90.6111,120,İTHAL,2025-07-28,388,,0,2,40.2,02,HM1,270.4809,KAPALI,2025,7,28
703329,2025-07-08,SAS25001855,1,D00002,320.01.0008,10000,81.6706,10000,YERLİ,2025-08-22,387,,0,2,40.2,03,DG1,20316.0697,KAPALI,2025,7,28
703330,2025-07-08,SAS25001856,1,D00007,320.01.0003,1000,90.2407,1000,İTHAL,2025-09-06,387,,0,2,40.2,03,DG1,2244.7935,KAPALI,2025,7,28
703331,2025-07-08,SAS25001857,1,D00010,320.01.0033,120,232.2508,120,YERLİ,2025-10-06,387,,0,2,40.2,03,DG1,693.286,KAPALI,2025,7,28
703332,2025-07-08,SAS25001857,2,D00002,320.01.0033,500,69.2582,500,YERLİ,2025-09-06,387,,0,2,40.2,03,DG1,861.4204,KAPALI,2025,7,28
703333,2025-07-08,SAS25001858,1,D00003,320.01.0004,1000,388.0062,1000,YERLİ,2025-08-07,387,,0,2,40.2,03,DG1,9651.8955,KAPALI,2025,7,28
703334,2025-07-08,SAS25001858,2,H00013,320.01.0004,5000,103.9695,5000,YERLİ,2025-09-06,387,,0,2,40.2,02,HM1,12931.5299,KAPALI,2025,7,28
703335,2025-07-08,SAS25001858,3,D00003,320.01.0004,10000,366.4221,10000,YERLİ,2025-07-23,387,,0,2,40.2,03,DG1,91149.7761,KAPALI,2025,7,28
703336,2025-07-09,SAS25001859,1,D00010,320.01.0006,2000,243.4731,2000,YERLİ,2025-08-08,386,,0,2,40.2,03,DG1,12113.0896,KAPALI,2025,7,28
703337,2025-07-10,SAS25001860,1,H00009,320.01.0018,500,92.0582,500,YERLİ,2025-07-31,385,,0,2,40.2,02,HM1,1145.0025,KAPALI,2025,7,28
703338,2025-07-10,SAS25001860,2,D00012,320.01.0018,2000,171.4202,2000,YERLİ,2025-08-09,385,,0,2,40.2,03,DG1,8528.3682,KAPALI,2025,7,28
703339,2025-07-10,SAS25001860,3,H00002,320.01.0018,120,22.5394,120,YERLİ,2025-07-31,385,,0,2,40.2,02,HM1,67.2818,KAPALI,2025,7,28
703340,2025-07-10,SAS25001861,1,H00007,320.01.0020,1000,52.6359,1000,YERLİ,2025-09-08,385,,0,2,40.2,02,HM1,1309.3507,KAPALI,2025,7,28
703341,2025-07-10,SAS25001861,2,H00005,320.01.0020,1000,72.7646,500,YERLİ,2025-07-20,385,-375,500,2,40.2,02,HM1,1810.0647,ACIK,2025,7,28
703342,2025-07-10,SAS25001862,1,D00012,320.01.0002,5000,167.019,5000,YERLİ,2025-10-08,385,,0,2,40.2,03,DG1,20773.5075,KAPALI,2025,7,28
703343,2025-07-10,SAS25001862,2,H00010,320.01.0002,120,26.922,120,YERLİ,2025-07-20,385,,0,2,40.2,02,HM1,80.3642,KAPALI,2025,7,28
703344,2025-07-10,SAS25001862,3,H00015,320.01.0002,2000,52.2844,2000,YERLİ,2025-07-25,385,,0,2,40.2,02,HM1,2601.2139,KAPALI,2025,7,28
703345,2025-07-11,SAS25001863,1,H00010,320.01.0006,500,27.6947,500,YERLİ,2025-08-25,384,,0,2,40.2,02,HM1,344.4614,KAPALI,2025,7,28
703346,2025-07-11,SAS25001864,1,D00005,320.01.0001,5000,374.7744,5000,YERLİ,2025-07-21,384,,0,2,40.2,03,DG1,46613.7313,KAPALI,2025,7,28
703347,2025-07-11,SAS25001865,1,D00004,320.01.0006,500,95.2622,500,YERLİ,2025-08-10,384,,0,2,40.2,03,DG1,1184.8532,KAPALI,2025,7,28
703348,2025-07-11,SAS25001865,2,H00002,320.01.0006,2000,25.864,2000,YERLİ,2025-10-09,384,,0,2,40.2,02,HM1,1286.7662,KAPALI,2025,7,28
703349,2025-07-11,SAS25001866,1,H00011,320.01.0005,120,46.1337,120,YERLİ,2025-08-10,384,,0,2,40.2,02,HM1,137.7125,KAPALI,2025,7,28
703350,2025-07-11,SAS25001866,2,H00014,320.01.0005,10000,40.402,10000,YERLİ,2025-08-25,384,,0,2,40.2,02,HM1,10050.2488,KAPALI,2025,7,28
703351,2025-07-11,SAS25001867,1,D00003,320.01.0026,120,406.5945,120,YERLİ,2025-08-25,384,,0,2,40.2,03,DG1,1213.7149,KAPALI,2025,7,28
703352,2025-07-11,SAS25001867,2,D00006,320.01.0026,500,381.4351,500,YERLİ,2025-08-10,384,,0,2,40.2,03,DG1,4744.2177,KAPALI,2025,7,28
703353,2025-07-14,SAS25001868,1,H00014,320.01.0001,1000,42.4114,1000,YERLİ,2025-09-12,381,,0,2,40.2,02,HM1,1055.01,KAPALI,2025,7,29
703354,2025-07-14,SAS25001868,2,H00015,320.01.0001,5000,43.862,5000,YERLİ,2025-07-24,381,,0,2,40.2,02,HM1,5455.4726,KAPALI,2025,7,29
703355,2025-07-14,SAS25001869,1,H00009,320.01.0017,250,98.7926,250,YERLİ,2025-08-04,381,,0,2,40.2,02,HM1,614.3818,KAPALI,2025,7,29
703356,2025-07-14,SAS25001869,2,H00010,320.01.0017,500,25.0673,250,YERLİ,2025-10-12,381,-291,250,2,40.2,02,HM1,311.7823,ACIK,2025,7,29
703357,2025-07-14,SAS25001870,1,H00016,320.01.0001,120,95.0299,120,YERLİ,2025-07-29,381,,0,2,40.2,02,HM1,283.6713,KAPALI,2025,7,29
703358,2025-07-14,SAS25001871,1,H00001,320.01.0008,2000,65.2162,2000,YERLİ,2025-08-28,381,,0,2,40.2,02,HM1,3244.5871,KAPALI,2025,7,29
703359,2025-07-14,SAS25001871,2,D00009,320.01.0008,2000,262.9719,2000,YERLİ,2025-08-04,381,,0,2,40.2,03,DG1,13083.1791,KAPALI,2025,7,29
703360,2025-07-14,SAS25001872,1,D00006,320.01.0021,10000,347.2277,10000,YERLİ,2025-08-13,381,,0,2,40.2,03,DG1,86375.0498,KAPALI,2025,7,29
703361,2025-07-15,SAS25001873,1,D00008,320.01.0015,10000,381.2234,10000,YERLİ,2025-10-13,380,,0,2,40.2,03,DG1,94831.6915,KAPALI,2025,7,29
703362,2025-07-15,SAS25001874,1,D00004,320.01.0001,5000,75.7632,5000,YERLİ,2025-09-13,380,,0,2,40.2,03,DG1,9423.2836,KAPALI,2025,7,29
703363,2025-07-15,SAS25001875,1,D00003,320.01.0002,2000,371.7369,2000,YERLİ,2025-08-29,380,,0,2,40.2,03,DG1,18494.3731,KAPALI,2025,7,29
703364,2025-07-15,SAS25001875,2,D00007,320.01.0002,2000,99.6664,1000,YERLİ,2025-10-13,380,-290,1000,2,40.2,03,DG1,4958.5274,ACIK,2025,7,29
703365,2025-07-15,SAS25001876,1,H00015,320.01.0031,1000,43.8415,1000,YERLİ,2025-08-29,380,,0,2,40.2,02,HM1,1090.5846,KAPALI,2025,7,29
703366,2025-07-15,SAS25001876,2,D00004,320.01.0031,10000,80.7231,10000,YERLİ,2025-08-29,380,,0,2,40.2,03,DG1,20080.3731,KAPALI,2025,7,29
703367,2025-07-16,SAS25001877,1,D00005,320.01.0003,120,358.6112,120,İTHAL,2025-09-14,379,,0,2,40.2,03,DG1,1070.4812,KAPALI,2025,7,29
703368,2025-07-16,SAS25001878,1,H00009,320.01.0002,500,94.7322,500,YERLİ,2025-07-26,379,,0,2,40.2,02,HM1,1178.2612,KAPALI,2025,7,29
703369,2025-07-16,SAS25001878,2,H00001,320.01.0002,2000,56.1797,2000,YERLİ,2025-07-31,379,,0,2,40.2,02,HM1,2795.01,KAPALI,2025,7,29
703370,2025-07-17,SAS25001879,1,D00009,320.01.0002,1000,299.2826,1000,YERLİ,2025-07-27,378,,0,2,40.2,03,DG1,7444.8408,KAPALI,2025,7,29
703371,2025-07-17,SAS25001880,1,D00011,320.01.0008,250,12.0742,250,YERLİ,2025-08-31,378,,0,2,40.2,03,DG1,75.0883,KAPALI,2025,7,29
703372,2025-07-17,SAS25001881,1,H00009,320.01.0049,10000,86.6787,10000,YERLİ,2025-08-31,378,,0,2,40.2,02,HM1,21561.8657,KAPALI,2025,7,29
703373,2025-07-17,SAS25001881,2,H00002,320.01.0049,120,26.1969,120,YERLİ,2025-08-01,378,,0,2,40.2,02,HM1,78.1997,KAPALI,2025,7,29
703374,2025-07-17,SAS25001881,3,D00002,320.01.0049,2000,79.1669,2000,YERLİ,2025-10-15,378,,0,2,40.2,03,DG1,3938.6517,KAPALI,2025,7,29
703375,2025-07-18,SAS25001882,1,H00006,320.01.0002,250,132.6385,250,YERLİ,2025-08-02,377,,0,2,40.2,02,HM1,824.8663,KAPALI,2025,7,29
703376,2025-07-18,SAS25001883,1,D00008,320.01.0048,2000,393.0859,2000,YERLİ,2025-07-28,377,,0,2,40.2,03,DG1,19556.5124,KAPALI,2025,7,29
703377,2025-07-18,SAS25001883,2,H00007,320.01.0048,1000,55.1086,1000,YERLİ,2025-09-16,377,,0,2,40.2,02,HM1,1370.8607,KAPALI,2025,7,29
703378,2025-07-18,SAS25001883,3,D00002,320.01.0048,10000,82.5004,10000,YERLİ,2025-08-08,377,,0,2,40.2,03,DG1,20522.4876,KAPALI,2025,7,29
703379,2025-07-18,SAS25001884,1,H00007,320.01.0016,10000,60.3522,10000,YERLİ,2025-10-16,377,,0,2,40.2,02,HM1,15012.9851,KAPALI,2025,7,29
703380,2025-07-18,SAS25001885,1,D00010,320.01.0002,120,225.0271,120,YERLİ,2025-07-28,377,,0,2,40.2,03,DG1,671.7227,KAPALI,2025,7,29
703381,2025-07-18,SAS25001885,2,D00006,320.01.0002,5000,415.5362,5000,YERLİ,2025-07-28,377,,0,2,40.2,03,DG1,51683.607,KAPALI,2025,7,29
703382,2025-07-21,SAS25001886,1,D00004,320.01.0004,120,90.1276,120,YERLİ,2025-09-19,374,,0,2,40.2,03,DG1,269.0376,KAPALI,2025,7,30
703383,2025-07-21,SAS25001886,2,D00011,320.01.0004,2000,10.1067,2000,YERLİ,2025-08-11,374,,0,2,40.2,03,DG1,502.8209,KAPALI,2025,7,30
703384,2025-07-21,SAS25001887,1,D00002,320.01.0004,10000,75.5366,10000,YERLİ,2025-09-04,374,,0,2,40.2,03,DG1,18790.199,KAPALI,2025,7,30
703385,2025-07-21,SAS25001888,1,D00009,320.01.0010,5000,286.1381,5000,YERLİ,2025-09-19,374,,0,2,40.2,03,DG1,35589.3159,KAPALI,2025,7,30
703386,2025-07-21,SAS25001889,1,D00004,320.01.0002,1000,82.0169,1000,YERLİ,2025-07-31,374,,0,2,40.2,03,DG1,2040.2214,KAPALI,2025,7,30
703387,2025-07-22,SAS25001890,1,H00016,320.01.0005,1000,109.7194,1000,YERLİ,2025-09-20,373,,0,2,40.2,02,HM1,2729.3383,KAPALI,2025,7,30
703388,2025-07-22,SAS25001891,1,H00003,320.01.0006,500,90.6711,500,YERLİ,2025-10-20,373,,0,2,40.2,02,HM1,1127.75,KAPALI,2025,7,30
703389,2025-07-22,SAS25001891,2,D00012,320.01.0006,1000,157.5338,1000,YERLİ,2025-08-12,373,,0,2,40.2,03,DG1,3918.7512,KAPALI,2025,7,30
703390,2025-07-22,SAS25001891,3,H00002,320.01.0006,10000,25.7979,10000,YERLİ,2025-10-20,373,,0,2,40.2,02,HM1,6417.3881,KAPALI,2025,7,30
703391,2025-07-22,SAS25001892,1,D00007,320.01.0004,250,94.4531,250,YERLİ,2025-08-21,373,,0,2,40.2,03,DG1,587.3949,KAPALI,2025,7,30
703392,2025-07-22,SAS25001892,2,H00011,320.01.0004,500,48.6964,500,YERLİ,2025-10-20,373,,0,2,40.2,02,HM1,605.6766,KAPALI,2025,7,30
703393,2025-07-22,SAS25001893,1,H00013,320.01.0020,2000,119.1664,2000,YERLİ,2025-09-20,373,,0,2,40.2,02,HM1,5928.6766,KAPALI,2025,7,30
703394,2025-07-23,SAS25001894,1,H00009,320.01.0022,120,94.7002,120,YERLİ,2025-08-07,372,,0,2,40.2,02,HM1,282.6872,KAPALI,2025,7,30
703395,2025-07-23,SAS25001894,2,H00010,320.01.0022,1000,29.422,1000,YERLİ,2025-08-22,372,,0,2,40.2,02,HM1,731.8905,KAPALI,2025,7,30
703396,2025-07-23,SAS25001895,1,D00008,320.01.0012,500,361.217,500,YERLİ,2025-10-21,372,,0,2,40.2,03,DG1,4492.7488,KAPALI,2025,7,30
703397,2025-07-24,SAS25001896,1,D00007,320.01.0041,1000,89.2012,1000,İTHAL,2025-08-23,371,,0,2,40.2,03,DG1,2218.9353,KAPALI,2025,7,30
703398,2025-07-24,SAS25001896,2,D00005,320.01.0041,250,332.0455,250,İTHAL,2025-09-22,371,,0,2,40.2,03,DG1,2064.9596,KAPALI,2025,7,30
703399,2025-07-24,SAS25001897,1,H00005,320.01.0007,1000,70.3049,1000,YERLİ,2025-10-22,371,,0,2,40.2,02,HM1,1748.8781,KAPALI,2025,7,30
703400,2025-07-24,SAS25001898,1,H00011,320.01.0024,120,39.9399,120,YERLİ,2025-10-22,371,,0,2,40.2,02,HM1,119.2236,KAPALI,2025,7,30
703401,2025-07-24,SAS25001898,2,H00004,320.01.0024,10000,92.8316,10000,YERLİ,2025-08-03,371,,0,2,40.2,02,HM1,23092.4378,KAPALI,2025,7,30
703402,2025-07-24,SAS25001899,1,H00010,320.01.0002,120,29.8127,120,YERLİ,2025-08-14,371,,0,2,40.2,02,HM1,88.9931,KAPALI,2025,7,30
703403,2025-07-24,SAS25001899,2,H00010,320.01.0002,5000,26.5857,5000,YERLİ,2025-08-14,371,,0,2,40.2,02,HM1,3306.6791,KAPALI,2025,7,30
703404,2025-07-24,SAS25001900,1,H00004,320.01.0041,2000,89.6702,2000,İTHAL,2025-09-22,371,,0,2,40.2,02,HM1,4461.204,KAPALI,2025,7,30
703405,2025-07-24,SAS25001900,2,H00010,320.01.0041,2000,26.4665,2000,İTHAL,2025-08-08,371,,0,2,40.2,02,HM1,1316.7413,KAPALI,2025,7,30
703406,2025-07-24,SAS25001900,3,H00004,320.01.0041,120,83.7024,120,İTHAL,2025-10-22,371,,0,2,40.2,02,HM1,249.8579,KAPALI,2025,7,30
703407,2025-07-24,SAS25001901,1,D00008,320.01.0002,2000,332.3225,2000,YERLİ,2025-08-08,371,,0,2,40.2,03,DG1,16533.4577,KAPALI,2025,7,30
703408,2025-07-24,SAS25001901,2,D00001,320.01.0002,250,48.5191,0,YERLİ,2025-08-14,371,-350,250,2,40.2,03,DG1,301.7357,ACIK,2025,7,30
703409,2025-07-28,SAS25001902,1,H00004,320.01.0017,10000,77.0404,0,YERLİ,2025-09-11,367,-322,10000,2,40.2,02,HM1,19164.2786,ACIK,2025,7,31
703410,2025-07-28,SAS25001902,2,D00002,320.01.0017,250,82.3356,250,YERLİ,2025-08-18,367,,0,2,40.2,03,DG1,512.0373,KAPALI,2025,7,31
703411,2025-07-28,SAS25001903,1,D00011,320.01.0001,1000,11.9191,1000,YERLİ,2025-08-07,367,,0,2,40.2,03,DG1,296.495,KAPALI,2025,7,31
703412,2025-07-28,SAS25001903,2,H00006,320.01.0001,10000,145.3448,0,YERLİ,2025-08-27,367,-337,10000,2,40.2,02,HM1,36155.4229,ACIK,2025,7,31
703413,2025-07-29,SAS25001904,1,D00004,320.01.0009,2000,91.4604,2000,YERLİ,2025-09-12,366,,0,2,40.2,03,DG1,4550.2687,KAPALI,2025,7,31
703414,2025-07-29,SAS25001904,2,H00005,320.01.0009,120,73.97,120,YERLİ,2025-09-12,366,,0,2,40.2,02,HM1,220.806,KAPALI,2025,7,31
703415,2025-07-29,SAS25001904,3,D00002,320.01.0009,1000,71.4723,1000,YERLİ,2025-09-12,366,,0,2,40.2,03,DG1,1777.9179,KAPALI,2025,7,31
703416,2025-07-29,SAS25001905,1,D00005,320.01.0004,120,305.6883,120,YERLİ,2025-10-27,366,,0,2,40.2,03,DG1,912.5024,KAPALI,2025,7,31
703417,2025-07-29,SAS25001905,2,D00008,320.01.0004,1000,419.8548,1000,YERLİ,2025-08-13,366,,0,2,40.2,03,DG1,10444.1493,KAPALI,2025,7,31
703418,2025-07-29,SAS25001906,1,D00005,320.01.0018,10000,331.4768,10000,YERLİ,2025-08-13,366,,0,2,40.2,03,DG1,82456.9154,KAPALI,2025,7,31
703419,2025-07-30,SAS25001907,1,D00002,320.01.0051,120,81.5811,120,YERLİ,2025-09-13,365,,0,2,40.2,03,DG1,243.5257,KAPALI,2025,7,31
703420,2025-07-30,SAS25001908,1,D00011,320.01.0028,2000,12.7512,2000,YERLİ,2025-08-09,365,,0,2,40.2,03,DG1,634.3881,KAPALI,2025,7,31
703421,2025-07-30,SAS25001909,1,H00003,320.01.0001,120,86.3209,120,YERLİ,2025-08-29,365,,0,2,40.2,02,HM1,257.6743,KAPALI,2025,7,31
703422,2025-07-30,SAS25001909,2,H00001,320.01.0001,5000,66.1755,5000,YERLİ,2025-09-13,365,,0,2,40.2,02,HM1,8230.7836,KAPALI,2025,7,31
703423,2025-07-30,SAS25001909,3,H00014,320.01.0001,500,41.3401,500,YERLİ,2025-08-09,365,,0,2,40.2,02,HM1,514.1803,KAPALI,2025,7,31
703424,2025-07-31,SAS25001910,1,D00004,320.01.0005,2000,80.3699,2000,YERLİ,2025-09-29,364,,0,2,40.2,03,DG1,3998.5025,KAPALI,2025,7,31
703425,2025-07-31,SAS25001911,1,D00011,320.01.0003,250,11.7683,250,İTHAL,2025-09-14,364,,0,2,40.2,03,DG1,73.1859,KAPALI,2025,7,31
703426,2025-07-31,SAS25001911,2,H00009,320.01.0003,10000,86.2625,10000,İTHAL,2025-08-21,364,,0,2,40.2,02,HM1,21458.3333,KAPALI,2025,7,31
703427,2025-07-31,SAS25001911,3,D00010,320.01.0003,500,234.1857,500,İTHAL,2025-10-29,364,,0,2,40.2,03,DG1,2912.7575,KAPALI,2025,7,31
703428,2025-07-31,SAS25001912,1,H00010,320.01.0001,120,25.1881,120,YERLİ,2025-08-21,364,,0,2,40.2,02,HM1,75.1884,KAPALI,2025,7,31
703429,2025-07-31,SAS25001912,2,D00007,320.01.0001,250,89.4213,250,YERLİ,2025-08-21,364,,0,2,40.2,03,DG1,556.1026,KAPALI,2025,7,31
703430,2025-07-31,SAS25001912,3,D00001,320.01.0001,1000,45.6107,1000,YERLİ,2025-08-10,364,,0,2,40.2,03,DG1,1134.5945,KAPALI,2025,7,31
703431,2025-08-01,SAS25001913,1,D00003,320.01.0005,500,379.1622,250,YERLİ,2025-10-30,363,-273,250,2,40.85,03,DG1,4640.9082,ACIK,2025,8,31
703432,2025-08-01,SAS25001914,1,H00015,320.01.0002,10000,54.7413,10000,YERLİ,2025-08-16,363,,0,2,40.85,02,HM1,13400.563,KAPALI,2025,8,31
703433,2025-08-01,SAS25001914,2,H00015,320.01.0002,2000,55.3882,2000,YERLİ,2025-08-16,363,,0,2,40.85,02,HM1,2711.7846,KAPALI,2025,8,31
703434,2025-08-01,SAS25001915,1,D00001,320.01.0002,2000,40.2725,2000,YERLİ,2025-08-31,363,,0,2,40.85,03,DG1,1971.7258,KAPALI,2025,8,31
703435,2025-08-01,SAS25001915,2,H00011,320.01.0002,250,43.3353,250,YERLİ,2025-10-30,363,,0,2,40.85,02,HM1,265.2099,KAPALI,2025,8,31
703436,2025-08-04,SAS25001916,1,D00001,320.01.0017,10000,44.285,10000,YERLİ,2025-10-03,360,,0,2,40.85,03,DG1,10840.8813,KAPALI,2025,8,32
703437,2025-08-04,SAS25001917,1,D00011,320.01.0008,500,11.9991,500,YERLİ,2025-08-14,360,,0,2,40.85,03,DG1,146.8678,KAPALI,2025,8,32
703438,2025-08-04,SAS25001917,2,H00012,320.01.0008,120,36.6957,120,YERLİ,2025-11-02,360,,0,2,40.85,02,HM1,107.7964,KAPALI,2025,8,32
703439,2025-08-05,SAS25001918,1,H00014,320.01.0020,500,43.1309,0,YERLİ,2025-10-04,359,-299,500,2,40.85,02,HM1,527.918,ACIK,2025,8,32
703440,2025-08-05,SAS25001918,2,H00012,320.01.0020,10000,34.6996,10000,YERLİ,2025-10-04,359,,0,2,40.85,02,HM1,8494.3941,KAPALI,2025,8,32
703441,2025-08-05,SAS25001919,1,D00005,320.01.0001,500,317.3689,500,YERLİ,2025-11-03,359,,0,2,40.85,03,DG1,3884.5643,KAPALI,2025,8,32
703442,2025-08-05,SAS25001919,2,H00014,320.01.0001,500,41.5231,500,YERLİ,2025-09-19,359,,0,2,40.85,02,HM1,508.2387,KAPALI,2025,8,32
703443,2025-08-06,SAS25001920,1,H00008,320.01.0017,1000,73.4315,1000,YERLİ,2025-09-20,358,,0,2,40.85,02,HM1,1797.5887,KAPALI,2025,8,32
703444,2025-08-06,SAS25001920,2,D00002,320.01.0017,120,73.6605,120,YERLİ,2025-08-27,358,,0,2,40.85,03,DG1,216.3834,KAPALI,2025,8,32
703445,2025-08-06,SAS25001920,3,H00006,320.01.0017,10000,134.6422,10000,YERLİ,2025-09-20,358,,0,2,40.85,02,HM1,32960.1469,KAPALI,2025,8,32
703446,2025-08-06,SAS25001921,1,H00011,320.01.0034,120,43.7335,120,YERLİ,2025-09-05,358,,0,2,40.85,02,HM1,128.4705,KAPALI,2025,8,32
703447,2025-08-06,SAS25001922,1,D00003,320.01.0015,120,402.8011,120,YERLİ,2025-09-20,358,,0,2,40.85,03,DG1,1183.259,KAPALI,2025,8,32
703448,2025-08-06,SAS25001923,1,D00008,320.01.0045,5000,347.2167,0,YERLİ,2025-08-27,358,-337,5000,2,40.85,03,DG1,42498.9841,ACIK,2025,8,32
703449,2025-08-06,SAS25001923,2,H00011,320.01.0045,1000,46.2897,1000,YERLİ,2025-10-05,358,,0,2,40.85,02,HM1,1133.1628,KAPALI,2025,8,32
703450,2025-08-06,SAS25001924,1,H00013,320.01.0029,5000,121.4579,5000,YERLİ,2025-08-21,358,,0,2,40.85,02,HM1,14866.328,KAPALI,2025,8,32
703451,2025-08-06,SAS25001924,2,D00004,320.01.0029,250,87.289,250,YERLİ,2025-09-05,358,,0,2,40.85,03,DG1,534.2044,KAPALI,2025,8,32
703452,2025-08-06,SAS25001924,3,H00004,320.01.0029,120,78.1247,120,YERLİ,2025-08-21,358,,0,2,40.85,02,HM1,229.4973,KAPALI,2025,8,32
703453,2025-08-07,SAS25001925,1,H00010,320.01.0011,2000,24.9661,2000,YERLİ,2025-10-06,357,,0,2,40.85,02,HM1,1222.3305,KAPALI,2025,8,32
703454,2025-08-07,SAS25001926,1,D00003,320.01.0001,250,388.5218,250,YERLİ,2025-08-17,357,,0,2,40.85,03,DG1,2377.7344,KAPALI,2025,8,32
703455,2025-08-07,SAS25001927,1,D00009,320.01.0002,1000,329.348,1000,YERLİ,2025-09-06,357,,0,2,40.85,03,DG1,8062.3745,KAPALI,2025,8,32
703456,2025-08-07,SAS25001928,1,D00007,320.01.0019,250,109.4554,250,YERLİ,2025-08-28,357,,0,2,40.85,03,DG1,669.8617,KAPALI,2025,8,32
703457,2025-08-07,SAS25001928,2,H00010,320.01.0019,1000,28.3988,1000,YERLİ,2025-08-22,357,,0,2,40.85,02,HM1,695.1971,KAPALI,2025,8,32
703458,2025-08-08,SAS25001929,1,D00009,320.01.0003,500,307.3428,0,İTHAL,2025-09-07,356,-326,500,2,40.85,03,DG1,3761.8458,ACIK,2025,8,32
703459,2025-08-08,SAS25001929,2,H00002,320.01.0003,10000,25.2691,10000,İTHAL,2025-08-18,356,,0,2,40.85,02,HM1,6185.8262,KAPALI,2025,8,32
703460,2025-08-08,SAS25001929,3,H00007,320.01.0003,120,56.2792,120,İTHAL,2025-08-23,356,,0,2,40.85,02,HM1,165.3245,KAPALI,2025,8,32
703461,2025-08-08,SAS25001930,1,H00012,320.01.0006,500,34.1991,500,YERLİ,2025-11-06,356,,0,2,40.85,02,HM1,418.5936,KAPALI,2025,8,32
703462,2025-08-08,SAS25001930,2,H00010,320.01.0006,2000,27.8946,2000,YERLİ,2025-09-22,356,,0,2,40.85,02,HM1,1365.7087,KAPALI,2025,8,32
703463,2025-08-08,SAS25001931,1,H00004,320.01.0049,1000,80.019,1000,YERLİ,2025-08-23,356,,0,2,40.85,02,HM1,1958.8494,KAPALI,2025,8,32
703464,2025-08-08,SAS25001931,2,H00008,320.01.0049,10000,83.7687,10000,YERLİ,2025-09-22,356,,0,2,40.85,02,HM1,20506.4137,KAPALI,2025,8,32
703465,2025-08-08,SAS25001932,1,D00006,320.01.0002,2000,396.5051,1000,YERLİ,2025-09-22,356,-311,1000,2,40.85,03,DG1,19412.7344,ACIK,2025,8,32
703466,2025-08-08,SAS25001932,2,D00012,320.01.0002,1000,158.4159,1000,YERLİ,2025-08-23,356,,0,2,40.85,03,DG1,3877.9902,KAPALI,2025,8,32
703467,2025-08-11,SAS25001933,1,D00005,320.01.0001,10000,343.4398,10000,YERLİ,2025-09-10,353,,0,2,40.85,03,DG1,84073.3905,KAPALI,2025,8,33
703468,2025-08-11,SAS25001933,2,H00008,320.01.0001,2000,80.4743,2000,YERLİ,2025-09-01,353,,0,2,40.85,02,HM1,3939.9902,KAPALI,2025,8,33
703469,2025-08-11,SAS25001934,1,H00012,320.01.0015,120,42.2004,120,YERLİ,2025-08-21,353,,0,2,40.85,02,HM1,123.9669,KAPALI,2025,8,33
703470,2025-08-11,SAS25001934,2,D00001,320.01.0015,250,39.956,250,YERLİ,2025-09-25,353,,0,2,40.85,03,DG1,244.5288,KAPALI,2025,8,33
703471,2025-08-11,SAS25001935,1,H00010,320.01.0055,5000,25.2433,5000,İTHAL,2025-08-21,353,,0,2,40.85,02,HM1,3089.7552,KAPALI,2025,8,33
703472,2025-08-11,SAS25001935,2,D00009,320.01.0055,2000,315.3799,2000,İTHAL,2025-10-10,353,,0,2,40.85,03,DG1,15440.8764,KAPALI,2025,8,33
703473,2025-08-11,SAS25001936,1,D00006,320.01.0008,120,373.479,120,YERLİ,2025-09-25,353,,0,2,40.85,03,DG1,1097.1231,KAPALI,2025,8,33
703474,2025-08-11,SAS25001936,2,D00012,320.01.0008,500,155.8684,250,YERLİ,2025-08-26,353,-338,250,2,40.85,03,DG1,1907.814,ACIK,2025,8,33
703475,2025-08-11,SAS25001937,1,H00010,320.01.0004,2000,31.6819,2000,YERLİ,2025-08-21,353,,0,2,40.85,02,HM1,1551.1334,KAPALI,2025,8,33
703476,2025-08-12,SAS25001938,1,D00012,320.01.0007,1000,153.5731,1000,YERLİ,2025-09-26,352,,0,2,40.85,03,DG1,3759.4394,KAPALI,2025,8,33
703477,2025-08-12,SAS25001938,2,H00004,320.01.0007,120,93.9331,120,YERLİ,2025-11-10,352,,0,2,40.85,02,HM1,275.9357,KAPALI,2025,8,33
703478,2025-08-12,SAS25001939,1,D00008,320.01.0007,10000,360.8145,10000,YERLİ,2025-08-22,352,,0,2,40.85,03,DG1,88326.683,KAPALI,2025,8,33
703479,2025-08-12,SAS25001939,2,D00006,320.01.0007,500,402.0856,500,YERLİ,2025-11-10,352,,0,2,40.85,03,DG1,4921.4884,KAPALI,2025,8,33
703480,2025-08-13,SAS25001940,1,D00002,320.01.0011,1000,69.0755,1000,YERLİ,2025-09-03,351,,0,2,40.85,03,DG1,1690.9547,KAPALI,2025,8,33
703481,2025-08-14,SAS25001941,1,H00012,320.01.0029,1000,36.9584,500,YERLİ,2025-11-12,350,-260,500,2,40.85,02,HM1,904.7344,ACIK,2025,8,33
703482,2025-08-14,SAS25001942,1,D00011,320.01.0028,10000,12.045,10000,YERLİ,2025-11-12,350,,0,2,40.85,03,DG1,2948.5924,KAPALI,2025,8,33
703483,2025-08-14,SAS25001943,1,H00010,320.01.0052,5000,28.8953,5000,YERLİ,2025-09-13,350,,0,2,40.85,02,HM1,3536.7564,KAPALI,2025,8,33
703484,2025-08-15,SAS25001944,1,H00004,320.01.0027,500,86.9801,500,YERLİ,2025-11-13,349,,0,2,40.85,02,HM1,1064.6279,KAPALI,2025,8,33
703485,2025-08-15,SAS25001944,2,H00005,320.01.0027,1000,72.1478,1000,YERLİ,2025-09-29,349,,0,2,40.85,02,HM1,1766.164,KAPALI,2025,8,33
703486,2025-08-15,SAS25001944,3,D00008,320.01.0027,1000,400.5907,1000,YERLİ,2025-08-30,349,,0,2,40.85,03,DG1,9806.3819,KAPALI,2025,8,33
703487,2025-08-15,SAS25001945,1,H00004,320.01.0002,5000,93.5635,5000,YERLİ,2025-11-13,349,,0,2,40.85,02,HM1,11452.0808,KAPALI,2025,8,33
703488,2025-08-15,SAS25001946,1,D00003,320.01.0036,5000,361.4587,5000,YERLİ,2025-09-05,349,,0,2,40.85,03,DG1,44242.1909,KAPALI,2025,8,33
703489,2025-08-15,SAS25001946,2,D00010,320.01.0036,500,279.4797,500,YERLİ,2025-08-25,349,,0,2,40.85,03,DG1,3420.8042,KAPALI,2025,8,33
703490,2025-08-15,SAS25001946,3,D00005,320.01.0036,1000,364.8193,1000,YERLİ,2025-11-13,349,,0,2,40.85,03,DG1,8930.705,KAPALI,2025,8,33
703491,2025-08-18,SAS25001947,1,H00015,320.01.0001,1000,53.9047,1000,YERLİ,2025-09-02,346,,0,2,40.85,02,HM1,1319.5765,KAPALI,2025,8,34
703492,2025-08-18,SAS25001947,2,D00007,320.01.0001,1000,94.3075,1000,YERLİ,2025-09-02,346,,0,2,40.85,03,DG1,2308.6291,KAPALI,2025,8,34
703493,2025-08-18,SAS25001948,1,H00016,320.01.0002,250,95.1065,250,YERLİ,2025-09-02,346,,0,2,40.85,02,HM1,582.0471,KAPALI,2025,8,34
703494,2025-08-18,SAS25001948,2,D00009,320.01.0002,2000,269.967,2000,YERLİ,2025-08-28,346,,0,2,40.85,03,DG1,13217.4786,KAPALI,2025,8,34
703495,2025-08-18,SAS25001949,1,D00005,320.01.0017,5000,353.8782,5000,YERLİ,2025-09-17,346,,0,2,40.85,03,DG1,43314.3452,KAPALI,2025,8,34
703496,2025-08-19,SAS25001950,1,H00010,320.01.0015,1000,28.0729,1000,YERLİ,2025-09-18,345,,0,2,40.85,02,HM1,687.2191,KAPALI,2025,8,34
703497,2025-08-19,SAS25001950,2,D00010,320.01.0015,500,226.0188,500,YERLİ,2025-09-09,345,,0,2,40.85,03,DG1,2766.448,KAPALI,2025,8,34
703498,2025-08-19,SAS25001951,1,D00010,320.01.0012,1000,227.1066,1000,YERLİ,2025-08-29,345,,0,2,40.85,03,DG1,5559.5251,KAPALI,2025,8,34
703499,2025-08-20,SAS25001952,1,D00008,320.01.0001,2000,418.842,2000,YERLİ,2025-09-04,344,,0,2,40.85,03,DG1,20506.3403,KAPALI,2025,8,34
703500,2025-08-20,SAS25001953,1,H00004,320.01.0049,120,87.6203,120,YERLİ,2025-08-30,344,,0,2,40.85,02,HM1,257.3913,KAPALI,2025,8,34
703501,2025-08-20,SAS25001953,2,D00012,320.01.0049,10000,145.6103,10000,YERLİ,2025-11-18,344,,0,2,40.85,03,DG1,35645.1163,KAPALI,2025,8,34
703502,2025-08-21,SAS25001954,1,H00009,320.01.0045,5000,90.7891,5000,YERLİ,2025-10-05,343,,0,2,40.85,02,HM1,11112.4969,KAPALI,2025,8,34
703503,2025-08-21,SAS25001954,2,H00010,320.01.0045,500,28.4794,500,YERLİ,2025-11-19,343,,0,2,40.85,02,HM1,348.5851,KAPALI,2025,8,34
703504,2025-08-21,SAS25001955,1,H00010,320.01.0001,1000,24.9184,1000,YERLİ,2025-09-11,343,,0,2,40.85,02,HM1,609.9976,KAPALI,2025,8,34
703505,2025-08-21,SAS25001955,2,H00010,320.01.0001,2000,30.932,2000,YERLİ,2025-09-05,343,,0,2,40.85,02,HM1,1514.4186,KAPALI,2025,8,34
703506,2025-08-21,SAS25001956,1,H00012,320.01.0011,10000,35.8103,10000,YERLİ,2025-09-20,343,,0,2,40.85,02,HM1,8766.2913,KAPALI,2025,8,34
703507,2025-08-21,SAS25001957,1,H00007,320.01.0004,500,61.1982,500,YERLİ,2025-11-19,343,,0,2,40.85,02,HM1,749.06,KAPALI,2025,8,34
703508,2025-08-21,SAS25001957,2,D00006,320.01.0004,250,358.8021,250,YERLİ,2025-09-20,343,,0,2,40.85,03,DG1,2195.8513,KAPALI,2025,8,34
703509,2025-08-21,SAS25001958,1,H00003,320.01.0004,1000,102.9815,1000,YERLİ,2025-09-05,343,,0,2,40.85,02,HM1,2520.967,KAPALI,2025,8,34
703510,2025-08-21,SAS25001958,2,D00001,320.01.0004,500,40.1024,500,YERLİ,2025-11-19,343,,0,2,40.85,03,DG1,490.8494,KAPALI,2025,8,34
703511,2025-08-21,SAS25001958,3,H00001,320.01.0004,1000,58.0477,1000,YERLİ,2025-09-05,343,,0,2,40.85,02,HM1,1420.9963,KAPALI,2025,8,34
703512,2025-08-22,SAS25001959,1,H00016,320.01.0001,10000,100.1151,10000,YERLİ,2025-11-20,342,,0,2,40.85,02,HM1,24507.9804,KAPALI,2025,8,34
703513,2025-08-22,SAS25001959,2,H00015,320.01.0001,250,56.2478,250,YERLİ,2025-09-06,342,,0,2,40.85,02,HM1,344.2338,KAPALI,2025,8,34
703514,2025-08-22,SAS25001959,3,D00009,320.01.0001,250,277.8944,250,YERLİ,2025-09-01,342,,0,2,40.85,03,DG1,1700.7001,KAPALI,2025,8,34
703515,2025-08-22,SAS25001960,1,D00012,320.01.0002,1000,155.2018,1000,YERLİ,2025-09-01,342,,0,2,40.85,03,DG1,3799.3097,KAPALI,2025,8,34
703516,2025-08-22,SAS25001961,1,H00013,320.01.0037,5000,121.8162,5000,İTHAL,2025-10-21,342,,0,2,40.85,02,HM1,14910.1836,KAPALI,2025,8,34
703517,2025-08-22,SAS25001961,2,H00005,320.01.0037,1000,70.8404,1000,İTHAL,2025-09-06,342,,0,2,40.85,02,HM1,1734.1591,KAPALI,2025,8,34
703518,2025-08-22,SAS25001962,1,D00009,320.01.0039,10000,317.926,10000,YERLİ,2025-09-21,342,,0,2,40.85,03,DG1,77827.6622,KAPALI,2025,8,34
703519,2025-08-22,SAS25001962,2,H00004,320.01.0039,1000,80.5972,1000,YERLİ,2025-09-21,342,,0,2,40.85,02,HM1,1973.0037,KAPALI,2025,8,34
703520,2025-08-25,SAS25001963,1,D00010,320.01.0006,10000,222.7035,10000,YERLİ,2025-10-09,339,,0,2,40.85,03,DG1,54517.3807,KAPALI,2025,8,35
703521,2025-08-25,SAS25001963,2,D00006,320.01.0006,2000,396.0301,2000,YERLİ,2025-09-15,339,,0,2,40.85,03,DG1,19389.4786,KAPALI,2025,8,35
703522,2025-08-25,SAS25001964,1,H00006,320.01.0002,2000,132.1365,2000,YERLİ,2025-09-09,339,,0,2,40.85,02,HM1,6469.3513,KAPALI,2025,8,35
703523,2025-08-25,SAS25001965,1,H00007,320.01.0001,5000,61.667,5000,YERLİ,2025-11-23,339,,0,2,40.85,02,HM1,7547.9804,KAPALI,2025,8,35
703524,2025-08-25,SAS25001965,2,D00010,320.01.0001,2000,233.0122,2000,YERLİ,2025-09-09,339,,0,2,40.85,03,DG1,11408.186,KAPALI,2025,8,35
703525,2025-08-25,SAS25001966,1,D00001,320.01.0008,10000,48.554,10000,YERLİ,2025-09-09,339,,0,2,40.85,03,DG1,11885.9241,KAPALI,2025,8,35
703526,2025-08-25,SAS25001966,2,H00015,320.01.0008,10000,52.9731,10000,YERLİ,2025-09-09,339,,0,2,40.85,02,HM1,12967.7111,KAPALI,2025,8,35
703527,2025-08-25,SAS25001966,3,D00010,320.01.0008,120,228.6875,120,YERLİ,2025-10-24,339,,0,2,40.85,03,DG1,671.787,KAPALI,2025,8,35
703528,2025-08-26,SAS25001967,1,H00006,320.01.0007,120,131.0397,120,YERLİ,2025-09-16,338,,0,2,40.85,02,HM1,384.9391,KAPALI,2025,8,35
703529,2025-08-26,SAS25001968,1,D00001,320.01.0001,120,49.3425,60,YERLİ,2025-09-25,338,-308,60,2,40.85,03,DG1,144.9474,ACIK,2025,8,35
703530,2025-08-26,SAS25001968,2,H00008,320.01.0001,2000,68.1161,2000,YERLİ,2025-11-24,338,,0,2,40.85,02,HM1,3334.9376,KAPALI,2025,8,35
703531,2025-08-27,SAS25001969,1,H00015,320.01.0015,2000,48.2206,2000,YERLİ,2025-09-26,337,,0,2,40.85,02,HM1,2360.8617,KAPALI,2025,8,35
703532,2025-08-27,SAS25001969,2,H00002,320.01.0015,10000,23.2096,10000,YERLİ,2025-10-11,337,,0,2,40.85,02,HM1,5681.6646,KAPALI,2025,8,35
703533,2025-08-27,SAS25001970,1,D00002,320.01.0012,5000,84.7501,5000,YERLİ,2025-09-17,337,,0,2,40.85,03,DG1,10373.3293,KAPALI,2025,8,35
703534,2025-08-27,SAS25001970,2,D00010,320.01.0012,10000,232.3453,10000,YERLİ,2025-10-26,337,,0,2,40.85,03,DG1,56877.6744,KAPALI,2025,8,35
703535,2025-08-28,SAS25001971,1,D00003,320.01.0002,2000,412.8155,2000,YERLİ,2025-09-07,336,,0,2,40.85,03,DG1,20211.2852,KAPALI,2025,8,35
703536,2025-08-28,SAS25001971,2,H00005,320.01.0002,500,66.3714,500,YERLİ,2025-09-07,336,,0,2,40.85,02,HM1,812.3794,KAPALI,2025,8,35
703537,2025-08-28,SAS25001972,1,H00015,320.01.0001,500,54.2137,500,YERLİ,2025-09-07,336,,0,2,40.85,02,HM1,663.5704,KAPALI,2025,8,35
703538,2025-08-28,SAS25001972,2,D00006,320.01.0001,1000,363.1766,1000,YERLİ,2025-10-12,336,,0,2,40.85,03,DG1,8890.492,KAPALI,2025,8,35
703539,2025-08-28,SAS25001973,1,D00003,320.01.0043,500,405.5381,500,İTHAL,2025-09-18,336,,0,2,40.85,03,DG1,4963.7466,KAPALI,2025,8,35
703540,2025-08-29,SAS25001974,1,H00008,320.01.0003,10000,72.5683,0,İTHAL,2025-09-28,335,-305,10000,2,40.85,02,HM1,17764.5777,ACIK,2025,8,35
703541,2025-08-29,SAS25001975,1,D00009,320.01.0004,1000,308.4733,1000,YERLİ,2025-11-27,335,,0,2,40.85,03,DG1,7551.366,KAPALI,2025,8,35
703542,2025-09-01,SAS25001976,1,H00013,320.01.0004,1000,123.5877,1000,YERLİ,2025-10-31,332,,0,2,41.5,02,HM1,2978.0169,KAPALI,2025,9,36
703543,2025-09-01,SAS25001976,2,D00012,320.01.0004,1000,147.888,1000,YERLİ,2025-10-16,332,,0,2,41.5,03,DG1,3563.5663,KAPALI,2025,9,36
703544,2025-09-01,SAS25001976,3,D00009,320.01.0004,500,341.9031,500,YERLİ,2025-10-31,332,,0,2,41.5,03,DG1,4119.3145,KAPALI,2025,9,36
703545,2025-09-01,SAS25001977,1,H00005,320.01.0002,1000,60.409,1000,YERLİ,2025-10-31,332,,0,2,41.5,02,HM1,1455.6386,KAPALI,2025,9,36
703546,2025-09-01,SAS25001977,2,H00008,320.01.0002,500,76.3634,500,YERLİ,2025-11-30,332,,0,2,41.5,02,HM1,920.041,KAPALI,2025,9,36
703547,2025-09-01,SAS25001978,1,H00008,320.01.0014,250,78.4755,250,YERLİ,2025-10-16,332,,0,2,41.5,02,HM1,472.744,KAPALI,2025,9,36
703548,2025-09-01,SAS25001978,2,H00003,320.01.0014,250,85.0379,250,YERLİ,2025-11-30,332,,0,2,41.5,02,HM1,512.2765,KAPALI,2025,9,36
703549,2025-09-01,SAS25001978,3,H00007,320.01.0014,250,62.249,250,YERLİ,2025-10-01,332,,0,2,41.5,02,HM1,374.994,KAPALI,2025,9,36
703550,2025-09-01,SAS25001979,1,H00004,320.01.0034,2000,91.0464,2000,YERLİ,2025-09-11,332,,0,2,41.5,02,HM1,4387.7783,KAPALI,2025,9,36
703551,2025-09-02,SAS25001980,1,H00002,320.01.0007,250,22.6868,250,YERLİ,2025-09-17,331,,0,2,41.5,02,HM1,136.6675,KAPALI,2025,9,36
703552,2025-09-02,SAS25001981,1,H00003,320.01.0016,10000,97.4702,10000,YERLİ,2025-10-02,331,,0,2,41.5,02,HM1,23486.7952,KAPALI,2025,9,36
703553,2025-09-02,SAS25001982,1,D00004,320.01.0021,2000,86.8733,2000,YERLİ,2025-12-01,331,,0,2,41.5,03,DG1,4186.6651,KAPALI,2025,9,36
703554,2025-09-02,SAS25001982,2,H00014,320.01.0021,5000,47.1639,5000,YERLİ,2025-10-17,331,,0,2,41.5,02,HM1,5682.3976,KAPALI,2025,9,36
703555,2025-09-02,SAS25001982,3,D00010,320.01.0021,500,263.7625,250,YERLİ,2025-10-17,331,-286,250,2,41.5,03,DG1,3177.8614,ACIK,2025,9,36
703556,2025-09-03,SAS25001983,1,H00002,320.01.0001,10000,26.3971,10000,YERLİ,2025-09-13,330,,0,2,41.5,02,HM1,6360.747,KAPALI,2025,9,36
703557,2025-09-03,SAS25001984,1,D00011,320.01.0038,500,12.5948,500,YERLİ,2025-12-02,330,,0,2,41.5,03,DG1,151.7446,KAPALI,2025,9,36
703558,2025-09-03,SAS25001985,1,H00011,320.01.0001,5000,43.5581,5000,YERLİ,2025-09-18,330,,0,2,41.5,02,HM1,5247.9639,KAPALI,2025,9,36
703559,2025-09-03,SAS25001985,2,D00007,320.01.0001,120,91.9076,120,YERLİ,2025-09-13,330,,0,2,41.5,03,DG1,265.7569,KAPALI,2025,9,36
703560,2025-09-04,SAS25001986,1,H00015,320.01.0001,2000,48.4051,2000,YERLİ,2025-11-03,329,,0,2,41.5,02,HM1,2332.7759,KAPALI,2025,9,36
703561,2025-09-04,SAS25001987,1,H00009,320.01.0007,2000,96.3303,2000,YERLİ,2025-09-19,329,,0,2,41.5,02,HM1,4642.4241,KAPALI,2025,9,36
703562,2025-09-04,SAS25001987,2,D00008,320.01.0007,250,347.5407,250,YERLİ,2025-09-25,329,,0,2,41.5,03,DG1,2093.6187,KAPALI,2025,9,36
703563,2025-09-04,SAS25001988,1,H00006,320.01.0019,10000,143.4683,0,YERLİ,2025-10-19,329,-284,10000,2,41.5,02,HM1,34570.6747,ACIK,2025,9,36
703564,2025-09-04,SAS25001988,2,D00011,320.01.0019,5000,11.2821,5000,YERLİ,2025-10-04,329,,0,2,41.5,03,DG1,1359.2892,KAPALI,2025,9,36
703565,2025-09-04,SAS25001988,3,H00004,320.01.0019,1000,81.988,1000,YERLİ,2025-09-19,329,,0,2,41.5,02,HM1,1975.6145,KAPALI,2025,9,36
703566,2025-09-08,SAS25001989,1,D00004,320.01.0003,250,83.9649,250,İTHAL,2025-10-08,325,,0,2,41.5,03,DG1,505.8127,KAPALI,2025,9,37
703567,2025-09-08,SAS25001989,2,H00012,320.01.0003,10000,40.5401,10000,İTHAL,2025-09-29,325,,0,2,41.5,02,HM1,9768.6988,KAPALI,2025,9,37
703568,2025-09-08,SAS25001990,1,H00005,320.01.0010,2000,73.9711,2000,YERLİ,2025-11-07,325,,0,2,41.5,02,HM1,3564.8723,KAPALI,2025,9,37
703569,2025-09-08,SAS25001991,1,H00016,320.01.0003,1000,104.2437,1000,İTHAL,2025-09-23,325,,0,2,41.5,02,HM1,2511.8964,KAPALI,2025,9,37
703570,2025-09-08,SAS25001992,1,D00011,320.01.0027,2000,10.6109,2000,YERLİ,2025-10-08,325,,0,2,41.5,03,DG1,511.3687,KAPALI,2025,9,37
703571,2025-09-08,SAS25001992,2,H00005,320.01.0027,10000,71.4962,10000,YERLİ,2025-10-23,325,,0,2,41.5,02,HM1,17228,KAPALI,2025,9,37
703572,2025-09-09,SAS25001993,1,H00010,320.01.0010,250,26.3244,250,YERLİ,2025-09-19,324,,0,2,41.5,02,HM1,158.5807,KAPALI,2025,9,37
703573,2025-09-09,SAS25001993,2,H00006,320.01.0010,2000,149.2039,2000,YERLİ,2025-12-08,324,,0,2,41.5,02,HM1,7190.5494,KAPALI,2025,9,37
703574,2025-09-09,SAS25001993,3,H00004,320.01.0010,250,100.3771,250,YERLİ,2025-10-24,324,,0,2,41.5,02,HM1,604.6813,KAPALI,2025,9,37
703575,2025-09-09,SAS25001994,1,D00012,320.01.0020,10000,157.9127,10000,YERLİ,2025-09-24,324,,0,2,41.5,03,DG1,38051.253,KAPALI,2025,9,37
703576,2025-09-09,SAS25001994,2,D00010,320.01.0020,120,285.2574,120,YERLİ,2025-10-24,324,,0,2,41.5,03,DG1,824.8407,KAPALI,2025,9,37
703577,2025-09-11,SAS25001995,1,H00013,320.01.0002,10000,120.0388,10000,YERLİ,2025-09-26,322,,0,2,41.5,02,HM1,28925.012,KAPALI,2025,9,37
703578,2025-09-11,SAS25001995,2,H00003,320.01.0002,250,101.5288,0,YERLİ,2025-10-11,322,-292,250,2,41.5,02,HM1,611.6193,ACIK,2025,9,37
703579,2025-09-11,SAS25001995,3,H00009,320.01.0002,1000,90.0929,1000,YERLİ,2025-11-10,322,,0,2,41.5,02,HM1,2170.9133,KAPALI,2025,9,37
703580,2025-09-12,SAS25001996,1,D00011,320.01.0001,10000,12.0624,10000,YERLİ,2025-10-27,321,,0,2,41.5,03,DG1,2906.6024,KAPALI,2025,9,37
703581,2025-09-12,SAS25001996,2,H00001,320.01.0001,1000,61.5277,1000,YERLİ,2025-09-27,321,,0,2,41.5,02,HM1,1482.5952,KAPALI,2025,9,37
703582,2025-09-12,SAS25001996,3,H00006,320.01.0001,10000,143.3286,10000,YERLİ,2025-11-11,321,,0,2,41.5,02,HM1,34537.012,KAPALI,2025,9,37
703583,2025-09-15,SAS25001997,1,D00011,320.01.0016,5000,11.7827,5000,YERLİ,2025-09-30,318,,0,2,41.5,03,DG1,1419.6024,KAPALI,2025,9,38
703584,2025-09-15,SAS25001997,2,H00005,320.01.0016,500,74.0861,500,YERLİ,2025-10-06,318,,0,2,41.5,02,HM1,892.6036,KAPALI,2025,9,38
703585,2025-09-15,SAS25001998,1,H00007,320.01.0028,500,63.9174,500,YERLİ,2025-11-14,318,,0,2,41.5,02,HM1,770.0892,KAPALI,2025,9,38
703586,2025-09-15,SAS25001999,1,H00005,320.01.0038,1000,68.9384,1000,YERLİ,2025-10-15,318,,0,2,41.5,02,HM1,1661.1663,KAPALI,2025,9,38
703587,2025-09-16,SAS25002000,1,D00010,320.01.0030,5000,241.2475,5000,YERLİ,2025-10-16,317,,0,2,41.5,03,DG1,29065.9639,KAPALI,2025,9,38
703588,2025-09-16,SAS25002001,1,H00008,320.01.0005,5000,86.4554,5000,YERLİ,2025-10-07,317,,0,2,41.5,02,HM1,10416.3133,KAPALI,2025,9,38
703589,2025-09-16,SAS25002002,1,H00010,320.01.0011,10000,31.7116,10000,YERLİ,2025-10-01,317,,0,2,41.5,02,HM1,7641.3494,KAPALI,2025,9,38
703590,2025-09-17,SAS25002003,1,D00008,320.01.0016,5000,420.112,5000,YERLİ,2025-10-02,316,,0,2,41.5,03,DG1,50615.9036,KAPALI,2025,9,38
703591,2025-09-17,SAS25002004,1,H00005,320.01.0005,10000,62.3313,10000,YERLİ,2025-12-16,316,,0,2,41.5,02,HM1,15019.5904,KAPALI,2025,9,38
703592,2025-09-17,SAS25002004,2,H00010,320.01.0005,500,25.5514,500,YERLİ,2025-12-16,316,,0,2,41.5,02,HM1,307.8482,KAPALI,2025,9,38
703593,2025-09-17,SAS25002005,1,H00005,320.01.0004,1000,65.0004,1000,YERLİ,2025-10-08,316,,0,2,41.5,02,HM1,1566.2747,KAPALI,2025,9,38
703594,2025-09-18,SAS25002006,1,H00004,320.01.0005,10000,100.4245,10000,YERLİ,2025-10-18,315,,0,2,41.5,02,HM1,24198.6747,KAPALI,2025,9,38
703595,2025-09-18,SAS25002006,2,H00007,320.01.0005,5000,54.8223,5000,YERLİ,2025-11-17,315,,0,2,41.5,02,HM1,6605.0964,KAPALI,2025,9,38
703596,2025-09-18,SAS25002007,1,H00011,320.01.0001,120,49.1717,120,YERLİ,2025-11-17,315,,0,2,41.5,02,HM1,142.1832,KAPALI,2025,9,38
703597,2025-09-18,SAS25002007,2,H00016,320.01.0001,1000,102.3302,1000,YERLİ,2025-10-09,315,,0,2,41.5,02,HM1,2465.788,KAPALI,2025,9,38
703598,2025-09-18,SAS25002007,3,H00004,320.01.0001,10000,80.313,10000,YERLİ,2025-10-09,315,,0,2,41.5,02,HM1,19352.5301,KAPALI,2025,9,38
703599,2025-09-19,SAS25002008,1,D00012,320.01.0003,10000,154.0232,10000,İTHAL,2025-09-29,314,,0,2,41.5,03,DG1,37114.0241,KAPALI,2025,9,38
703600,2025-09-19,SAS25002008,2,D00012,320.01.0003,1000,161.9007,1000,İTHAL,2025-11-03,314,,0,2,41.5,03,DG1,3901.2217,KAPALI,2025,9,38
703601,2025-09-19,SAS25002008,3,H00012,320.01.0003,2000,40.4391,2000,İTHAL,2025-12-18,314,,0,2,41.5,02,HM1,1948.8723,KAPALI,2025,9,38
703602,2025-09-19,SAS25002009,1,D00006,320.01.0002,5000,410.551,5000,YERLİ,2025-10-19,314,,0,2,41.5,03,DG1,49463.9759,KAPALI,2025,9,38
703603,2025-09-19,SAS25002009,2,H00008,320.01.0002,120,78.8409,120,YERLİ,2025-11-03,314,,0,2,41.5,02,HM1,227.9737,KAPALI,2025,9,38
703604,2025-09-19,SAS25002009,3,H00012,320.01.0002,5000,36.9922,5000,YERLİ,2025-11-18,314,,0,2,41.5,02,HM1,4456.8916,KAPALI,2025,9,38
703605,2025-09-22,SAS25002010,1,D00007,320.01.0014,10000,89.1191,10000,YERLİ,2025-12-21,311,,0,2,41.5,03,DG1,21474.4819,KAPALI,2025,9,39
703606,2025-09-22,SAS25002010,2,D00004,320.01.0014,250,94.7253,250,YERLİ,2025-10-22,311,,0,2,41.5,03,DG1,570.6343,KAPALI,2025,9,39
703607,2025-09-22,SAS25002011,1,D00004,320.01.0009,10000,91.4525,10000,YERLİ,2025-11-06,311,,0,2,41.5,03,DG1,22036.747,KAPALI,2025,9,39
703608,2025-09-22,SAS25002011,2,H00012,320.01.0009,2000,39.0494,2000,YERLİ,2025-11-06,311,,0,2,41.5,02,HM1,1881.8988,KAPALI,2025,9,39
703609,2025-09-24,SAS25002012,1,H00004,320.01.0034,1000,96.5705,1000,YERLİ,2025-10-15,309,,0,2,41.5,02,HM1,2327,KAPALI,2025,9,39
703610,2025-09-24,SAS25002013,1,H00003,320.01.0014,120,104.7054,120,YERLİ,2025-11-08,309,,0,2,41.5,02,HM1,302.7626,KAPALI,2025,9,39
703611,2025-09-24,SAS25002013,2,H00014,320.01.0014,10000,43.814,10000,YERLİ,2025-11-23,309,,0,2,41.5,02,HM1,10557.5904,KAPALI,2025,9,39
703612,2025-09-24,SAS25002014,1,H00008,320.01.0003,120,71.6536,120,İTHAL,2025-10-04,309,,0,2,41.5,02,HM1,207.1911,KAPALI,2025,9,39
703613,2025-09-24,SAS25002015,1,D00009,320.01.0002,10000,338.3755,10000,YERLİ,2025-10-04,309,,0,2,41.5,03,DG1,81536.2651,KAPALI,2025,9,39
703614,2025-09-24,SAS25002016,1,H00003,320.01.0001,10000,96.2454,10000,YERLİ,2025-11-23,309,,0,2,41.5,02,HM1,23191.6627,KAPALI,2025,9,39
703615,2025-09-24,SAS25002016,2,D00009,320.01.0001,250,319.2037,250,YERLİ,2025-11-08,309,,0,2,41.5,03,DG1,1922.9139,KAPALI,2025,9,39
703616,2025-09-24,SAS25002017,1,H00015,320.01.0011,5000,46.6918,5000,YERLİ,2025-11-08,309,,0,2,41.5,02,HM1,5625.5181,KAPALI,2025,9,39
703617,2025-09-24,SAS25002017,2,H00008,320.01.0011,10000,81.0935,10000,YERLİ,2025-10-24,309,,0,2,41.5,02,HM1,19540.6024,KAPALI,2025,9,39
703618,2025-09-24,SAS25002018,1,D00010,320.01.0008,250,235.6162,125,YERLİ,2025-10-15,309,-288,125,2,41.5,03,DG1,1419.3747,ACIK,2025,9,39
703619,2025-09-24,SAS25002018,2,H00015,320.01.0008,250,51.5155,250,YERLİ,2025-10-09,309,,0,2,41.5,02,HM1,310.3343,KAPALI,2025,9,39
703620,2025-09-24,SAS25002018,3,D00011,320.01.0008,1000,12.4502,1000,YERLİ,2025-10-09,309,,0,2,41.5,03,DG1,300.0048,KAPALI,2025,9,39
703621,2025-09-24,SAS25002019,1,H00016,320.01.0003,2000,107.6803,2000,İTHAL,2025-10-15,309,,0,2,41.5,02,HM1,5189.412,KAPALI,2025,9,39
703622,2025-09-24,SAS25002019,2,D00010,320.01.0003,10000,277.1994,10000,İTHAL,2025-11-08,309,,0,2,41.5,03,DG1,66795.0361,KAPALI,2025,9,39
703623,2025-09-26,SAS25002020,1,H00003,320.01.0021,1000,88.8759,1000,YERLİ,2025-10-26,307,,0,2,41.5,02,HM1,2141.588,KAPALI,2025,9,39
703624,2025-09-26,SAS25002020,2,D00003,320.01.0021,1000,351.7846,1000,YERLİ,2025-10-17,307,,0,2,41.5,03,DG1,8476.7373,KAPALI,2025,9,39
703625,2025-09-26,SAS25002021,1,H00011,320.01.0036,500,43.466,500,YERLİ,2025-10-11,307,,0,2,41.5,02,HM1,523.6867,KAPALI,2025,9,39
703626,2025-09-26,SAS25002021,2,H00009,320.01.0036,120,93.6188,60,YERLİ,2025-11-25,307,-247,60,2,41.5,02,HM1,270.705,ACIK,2025,9,39
703627,2025-09-26,SAS25002021,3,D00003,320.01.0036,1000,395.6237,1000,YERLİ,2025-10-26,307,,0,2,41.5,03,DG1,9533.1012,KAPALI,2025,9,39
703628,2025-09-26,SAS25002022,1,H00007,320.01.0002,120,54.2722,120,YERLİ,2025-10-11,307,,0,2,41.5,02,HM1,156.9317,KAPALI,2025,9,39
703629,2025-09-26,SAS25002022,2,D00008,320.01.0002,1000,411.0514,1000,YERLİ,2025-10-06,307,,0,2,41.5,03,DG1,9904.853,KAPALI,2025,9,39
703630,2025-09-26,SAS25002023,1,H00007,320.01.0002,120,53.4858,120,YERLİ,2025-10-26,307,,0,2,41.5,02,HM1,154.6577,KAPALI,2025,9,39
703631,2025-09-29,SAS25002024,1,H00012,320.01.0022,250,40.6154,250,YERLİ,2025-11-13,304,,0,2,41.5,02,HM1,244.6711,KAPALI,2025,9,40
703632,2025-09-29,SAS25002025,1,H00016,320.01.0008,10000,108.2524,10000,YERLİ,2025-10-20,304,,0,2,41.5,02,HM1,26084.9157,KAPALI,2025,9,40
703633,2025-09-29,SAS25002025,2,D00010,320.01.0008,250,255.9979,250,YERLİ,2025-12-28,304,,0,2,41.5,03,DG1,1542.156,KAPALI,2025,9,40
703634,2025-09-29,SAS25002025,3,H00002,320.01.0008,2000,28.2844,2000,YERLİ,2025-10-14,304,,0,2,41.5,02,HM1,1363.1036,KAPALI,2025,9,40
703635,2025-09-30,SAS25002026,1,H00008,320.01.0001,2000,84.2079,2000,YERLİ,2025-10-21,303,,0,2,41.5,02,HM1,4058.212,KAPALI,2025,9,40
703636,2025-09-30,SAS25002027,1,H00012,320.01.0004,10000,37.6089,10000,YERLİ,2025-10-30,303,,0,2,41.5,02,HM1,9062.3855,KAPALI,2025,9,40
703637,2025-09-30,SAS25002027,2,D00002,320.01.0004,10000,80.0046,10000,YERLİ,2025-10-21,303,,0,2,41.5,03,DG1,19278.2169,KAPALI,2025,9,40
703638,2025-09-30,SAS25002028,1,H00010,320.01.0006,10000,26.4897,10000,YERLİ,2025-11-14,303,,0,2,41.5,02,HM1,6383.0602,KAPALI,2025,9,40
703639,2025-09-30,SAS25002029,1,H00006,320.01.0017,5000,127.6745,5000,YERLİ,2025-11-29,303,,0,2,41.5,02,HM1,15382.4699,KAPALI,2025,9,40
703640,2025-10-01,SAS25002030,1,H00007,320.01.0052,5000,58.9501,5000,YERLİ,2025-10-22,302,,0,2,42.15,02,HM1,6992.8944,KAPALI,2025,10,40
703641,2025-10-01,SAS25002031,1,H00004,320.01.0004,1000,100.1663,1000,YERLİ,2025-11-30,302,,0,2,42.15,02,HM1,2376.4247,KAPALI,2025,10,40
703642,2025-10-01,SAS25002031,2,H00007,320.01.0004,120,61.8618,120,YERLİ,2025-10-22,302,,0,2,42.15,02,HM1,176.119,KAPALI,2025,10,40
703643,2025-10-01,SAS25002032,1,H00016,320.01.0012,1000,97.1253,1000,YERLİ,2025-11-30,302,,0,2,42.15,02,HM1,2304.2776,KAPALI,2025,10,40
703644,2025-10-01,SAS25002032,2,D00010,320.01.0012,120,234.3659,120,YERLİ,2025-10-16,302,,0,2,42.15,03,DG1,667.2339,KAPALI,2025,10,40
703645,2025-10-01,SAS25002032,3,D00010,320.01.0012,2000,250.3962,2000,YERLİ,2025-11-30,302,,0,2,42.15,03,DG1,11881.1957,KAPALI,2025,10,40
703646,2025-10-02,SAS25002033,1,D00007,320.01.0008,2000,103.7946,2000,YERLİ,2025-12-01,301,,0,2,42.15,03,DG1,4925.0107,KAPALI,2025,10,40
703647,2025-10-02,SAS25002033,2,H00003,320.01.0008,120,86.0667,120,YERLİ,2025-12-01,301,,0,2,42.15,02,HM1,245.0298,KAPALI,2025,10,40
703648,2025-10-02,SAS25002034,1,H00003,320.01.0002,5000,85.0101,5000,YERLİ,2025-11-16,301,,0,2,42.15,02,HM1,10084.2349,KAPALI,2025,10,40
703649,2025-10-02,SAS25002034,2,H00003,320.01.0002,500,102.3333,500,YERLİ,2025-10-23,301,,0,2,42.15,02,HM1,1213.9181,KAPALI,2025,10,40
703650,2025-10-02,SAS25002035,1,D00012,320.01.0050,2000,177.1468,2000,YERLİ,2025-10-17,301,,0,2,42.15,03,DG1,8405.5421,KAPALI,2025,10,40
703651,2025-10-02,SAS25002035,2,H00008,320.01.0050,500,87.5046,500,YERLİ,2025-11-01,301,,0,2,42.15,02,HM1,1038.0142,KAPALI,2025,10,40
703652,2025-10-02,SAS25002036,1,H00012,320.01.0004,10000,42.9261,10000,YERLİ,2025-12-01,301,,0,2,42.15,02,HM1,10184.1281,KAPALI,2025,10,40
703653,2025-10-02,SAS25002036,2,H00010,320.01.0004,500,31.6656,500,YERLİ,2025-12-31,301,,0,2,42.15,02,HM1,375.6299,KAPALI,2025,10,40
703654,2025-10-02,SAS25002036,3,D00010,320.01.0004,500,240.6236,500,YERLİ,2025-10-12,301,,0,2,42.15,03,DG1,2854.3725,KAPALI,2025,10,40
703655,2025-10-03,SAS25002037,1,H00008,320.01.0028,10000,85.6405,10000,YERLİ,2025-12-02,300,,0,2,42.15,02,HM1,20318.0308,KAPALI,2025,10,40
703656,2025-10-03,SAS25002037,2,D00006,320.01.0028,250,418.2567,250,YERLİ,2025-11-02,300,,0,2,42.15,03,DG1,2480.7633,KAPALI,2025,10,40
703657,2025-10-03,SAS25002037,3,H00001,320.01.0028,120,69.7286,0,YERLİ,2025-11-02,300,-270,120,2,42.15,02,HM1,198.5156,ACIK,2025,10,40
703658,2025-10-03,SAS25002038,1,D00008,320.01.0009,5000,380.946,2500,YERLİ,2025-10-24,300,-279,2500,2,42.15,03,DG1,45189.3238,ACIK,2025,10,40
703659,2025-10-03,SAS25002038,2,D00010,320.01.0009,250,242.7429,125,YERLİ,2026-01-01,300,-210,125,2,42.15,03,DG1,1439.7562,ACIK,2025,10,40
703660,2025-10-03,SAS25002038,3,D00002,320.01.0009,250,82.6661,250,YERLİ,2026-01-01,300,,0,2,42.15,03,DG1,490.309,KAPALI,2025,10,40
703661,2025-10-03,SAS25002039,1,H00012,320.01.0006,500,41.3782,500,YERLİ,2025-11-17,300,,0,2,42.15,02,HM1,490.8446,KAPALI,2025,10,40
703662,2025-10-03,SAS25002039,2,H00011,320.01.0006,1000,45.3539,1000,YERLİ,2025-10-24,300,,0,2,42.15,02,HM1,1076.0119,KAPALI,2025,10,40
703663,2025-10-06,SAS25002040,1,H00001,320.01.0001,120,73.1044,120,YERLİ,2025-10-16,297,,0,2,42.15,02,HM1,208.1264,KAPALI,2025,10,41
703664,2025-10-06,SAS25002040,2,H00014,320.01.0001,2000,47.7237,2000,YERLİ,2025-10-21,297,,0,2,42.15,02,HM1,2264.4698,KAPALI,2025,10,41
703665,2025-10-06,SAS25002041,1,D00001,320.01.0014,250,43.9551,250,YERLİ,2026-01-04,297,,0,2,42.15,03,DG1,260.7064,KAPALI,2025,10,41
703666,2025-10-06,SAS25002041,2,D00008,320.01.0014,120,402.7923,120,YERLİ,2025-10-27,297,,0,2,42.15,03,DG1,1146.7396,KAPALI,2025,10,41
703667,2025-10-06,SAS25002042,1,D00002,320.01.0025,500,81.4671,500,İTHAL,2025-12-05,297,,0,2,42.15,03,DG1,966.395,KAPALI,2025,10,41
703668,2025-10-06,SAS25002042,2,D00001,320.01.0025,120,46.3402,0,İTHAL,2025-10-16,297,-287,120,2,42.15,03,DG1,131.9294,ACIK,2025,10,41
703669,2025-10-06,SAS25002042,3,D00007,320.01.0025,10000,101.2958,10000,İTHAL,2025-11-20,297,,0,2,42.15,03,DG1,24032.2183,KAPALI,2025,10,41
703670,2025-10-07,SAS25002043,1,D00005,320.01.0002,500,338.6325,500,YERLİ,2025-11-21,296,,0,2,42.15,03,DG1,4016.9929,KAPALI,2025,10,41
703671,2025-10-07,SAS25002043,2,D00009,320.01.0002,1000,286.026,0,YERLİ,2025-10-17,296,-286,1000,2,42.15,03,DG1,6785.9075,ACIK,2025,10,41
703672,2025-10-07,SAS25002044,1,D00004,320.01.0004,5000,85.3855,0,YERLİ,2025-11-06,296,-266,5000,2,42.15,03,DG1,10128.7663,ACIK,2025,10,41
703673,2025-10-07,SAS25002045,1,D00011,320.01.0007,500,11.4749,500,YERLİ,2025-11-21,296,,0,2,42.15,03,DG1,136.1198,KAPALI,2025,10,41
703674,2025-10-07,SAS25002045,2,H00007,320.01.0007,10000,51.9778,10000,YERLİ,2025-11-21,296,,0,2,42.15,02,HM1,12331.6251,KAPALI,2025,10,41
703675,2025-10-07,SAS25002045,3,H00011,320.01.0007,2000,46.93,2000,YERLİ,2025-10-17,296,,0,2,42.15,02,HM1,2226.809,KAPALI,2025,10,41
703676,2025-10-07,SAS25002046,1,D00008,320.01.0004,2000,387.5097,2000,YERLİ,2026-01-05,296,,0,2,42.15,03,DG1,18387.1744,KAPALI,2025,10,41
703677,2025-10-08,SAS25002047,1,D00007,320.01.0020,1000,105.4032,1000,YERLİ,2026-01-06,295,,0,2,42.15,03,DG1,2500.669,KAPALI,2025,10,41
703678,2025-10-08,SAS25002047,2,D00002,320.01.0020,1000,73.0069,1000,YERLİ,2025-10-29,295,,0,2,42.15,03,DG1,1732.0735,KAPALI,2025,10,41
703679,2025-10-08,SAS25002048,1,H00006,320.01.0003,120,129.9348,120,İTHAL,2025-10-23,295,,0,2,42.15,02,HM1,369.9211,KAPALI,2025,10,41
703680,2025-10-08,SAS25002048,2,D00011,320.01.0003,500,13.171,500,İTHAL,2025-10-29,295,,0,2,42.15,03,DG1,156.2396,KAPALI,2025,10,41
703681,2025-10-08,SAS25002048,3,D00005,320.01.0003,2000,385.4821,2000,İTHAL,2026-01-06,295,,0,2,42.15,03,DG1,18290.9656,KAPALI,2025,10,41
703682,2025-10-08,SAS25002049,1,D00004,320.01.0008,10000,84.9363,10000,YERLİ,2025-12-07,295,,0,2,42.15,03,DG1,20150.9609,KAPALI,2025,10,41
703683,2025-10-08,SAS25002049,2,D00002,320.01.0008,500,75.3634,500,YERLİ,2025-12-07,295,,0,2,42.15,03,DG1,893.9905,KAPALI,2025,10,41
703684,2025-10-08,SAS25002049,3,H00009,320.01.0008,5000,91.2613,5000,YERLİ,2025-12-07,295,,0,2,42.15,02,HM1,10825.777,KAPALI,2025,10,41
703685,2025-10-09,SAS25002050,1,H00010,320.01.0002,1000,28.3279,1000,YERLİ,2025-11-08,294,,0,2,42.15,02,HM1,672.0735,KAPALI,2025,10,41
703686,2025-10-09,SAS25002050,2,D00004,320.01.0002,10000,79.4159,10000,YERLİ,2026-01-07,294,,0,2,42.15,03,DG1,18841.2574,KAPALI,2025,10,41
703687,2025-10-09,SAS25002050,3,H00001,320.01.0002,2000,60.5034,2000,YERLİ,2025-11-23,294,,0,2,42.15,02,HM1,2870.8612,KAPALI,2025,10,41
703688,2025-10-09,SAS25002051,1,H00015,320.01.0010,10000,47.4061,10000,YERLİ,2025-10-30,294,,0,2,42.15,02,HM1,11246.9988,KAPALI,2025,10,41
703689,2025-10-09,SAS25002051,2,H00010,320.01.0010,1000,29.5963,1000,YERLİ,2025-12-08,294,,0,2,42.15,02,HM1,702.1661,KAPALI,2025,10,41
703690,2025-10-09,SAS25002052,1,H00015,320.01.0006,120,54.9008,120,YERLİ,2025-11-23,294,,0,2,42.15,02,HM1,156.3012,KAPALI,2025,10,41
703691,2025-10-09,SAS25002053,1,D00011,320.01.0042,10000,10.8909,10000,YERLİ,2025-11-23,294,,0,2,42.15,03,DG1,2583.8434,KAPALI,2025,10,41
703692,2025-10-09,SAS25002053,2,H00016,320.01.0042,10000,101.6375,10000,YERLİ,2025-11-08,294,,0,2,42.15,02,HM1,24113.2859,KAPALI,2025,10,41
703693,2025-10-09,SAS25002053,3,D00004,320.01.0042,1000,98.1085,1000,YERLİ,2026-01-07,294,,0,2,42.15,03,DG1,2327.6038,KAPALI,2025,10,41
703694,2025-10-13,SAS25002054,1,D00008,320.01.0035,120,425.6722,120,İTHAL,2025-11-12,290,,0,2,42.15,03,DG1,1211.8781,KAPALI,2025,10,42
703695,2025-10-13,SAS25002054,2,H00016,320.01.0035,1000,106.9011,1000,İTHAL,2025-12-12,290,,0,2,42.15,02,HM1,2536.2064,KAPALI,2025,10,42
703696,2025-10-13,SAS25002055,1,H00014,320.01.0018,250,46.1679,250,YERLİ,2025-11-27,290,,0,2,42.15,02,HM1,273.831,KAPALI,2025,10,42
703697,2025-10-13,SAS25002055,2,H00003,320.01.0018,2000,95.641,2000,YERLİ,2025-10-28,290,,0,2,42.15,02,HM1,4538.1257,KAPALI,2025,10,42
703698,2025-10-13,SAS25002056,1,H00002,320.01.0002,1000,28.3954,1000,YERLİ,2025-11-03,290,,0,2,42.15,02,HM1,673.675,KAPALI,2025,10,42
703699,2025-10-13,SAS25002056,2,D00008,320.01.0002,10000,416.1781,10000,YERLİ,2025-11-12,290,,0,2,42.15,03,DG1,98737.3903,KAPALI,2025,10,42
703700,2025-10-13,SAS25002057,1,D00003,320.01.0026,5000,339.7066,5000,YERLİ,2025-11-12,290,,0,2,42.15,03,DG1,40297.3428,KAPALI,2025,10,42
703701,2025-10-14,SAS25002058,1,D00002,320.01.0035,10000,71.5923,10000,İTHAL,2025-11-13,289,,0,2,42.15,03,DG1,16985.1246,KAPALI,2025,10,42
703702,2025-10-14,SAS25002059,1,H00004,320.01.0022,2000,89.1018,2000,YERLİ,2025-12-13,289,,0,2,42.15,02,HM1,4227.8434,KAPALI,2025,10,42
703703,2025-10-14,SAS25002059,2,H00015,320.01.0022,120,57.8661,120,YERLİ,2025-10-24,289,,0,2,42.15,02,HM1,164.7433,KAPALI,2025,10,42
703704,2025-10-14,SAS25002060,1,D00011,320.01.0048,500,12.2369,500,YERLİ,2025-11-28,289,,0,2,42.15,03,DG1,145.159,KAPALI,2025,10,42
703705,2025-10-14,SAS25002060,2,H00016,320.01.0048,250,111.8861,250,YERLİ,2025-11-28,289,,0,2,42.15,02,HM1,663.6186,KAPALI,2025,10,42
703706,2025-10-14,SAS25002060,3,H00001,320.01.0048,120,72.6718,120,YERLİ,2025-11-13,289,,0,2,42.15,02,HM1,206.8948,KAPALI,2025,10,42
703707,2025-10-14,SAS25002061,1,D00010,320.01.0003,250,241.3476,250,İTHAL,2025-10-24,289,,0,2,42.15,03,DG1,1431.4804,KAPALI,2025,10,42
703708,2025-10-15,SAS25002062,1,D00010,320.01.0012,10000,233.2383,10000,YERLİ,2025-12-14,288,,0,2,42.15,03,DG1,55335.3025,KAPALI,2025,10,42
703709,2025-10-15,SAS25002062,2,H00009,320.01.0012,5000,95.9117,5000,YERLİ,2025-11-05,288,,0,2,42.15,02,HM1,11377.4259,KAPALI,2025,10,42
703710,2025-10-16,SAS25002063,1,H00014,320.01.0003,500,49.0949,500,İTHAL,2025-10-31,287,,0,2,42.15,02,HM1,582.3832,KAPALI,2025,10,42
703711,2025-10-16,SAS25002063,2,H00011,320.01.0003,1000,53.0059,1000,İTHAL,2025-12-15,287,,0,2,42.15,02,HM1,1257.554,KAPALI,2025,10,42
703712,2025-10-16,SAS25002064,1,H00011,320.01.0050,1000,49.6776,500,YERLİ,2025-11-30,287,-242,500,2,42.15,02,HM1,1178.5907,ACIK,2025,10,42
703713,2025-10-16,SAS25002065,1,D00009,320.01.0018,2000,326.4716,2000,YERLİ,2025-11-30,287,,0,2,42.15,03,DG1,15490.9419,KAPALI,2025,10,42
703714,2025-10-17,SAS25002066,1,D00003,320.01.0025,250,377.2023,250,İTHAL,2025-12-16,286,,0,2,42.15,03,DG1,2237.2616,KAPALI,2025,10,42
703715,2025-10-17,SAS25002066,2,D00004,320.01.0025,120,92.1226,120,İTHAL,2025-11-01,286,,0,2,42.15,03,DG1,262.2707,KAPALI,2025,10,42
703716,2025-10-17,SAS25002067,1,H00003,320.01.0002,1000,101.5583,500,YERLİ,2025-11-07,286,-265,500,2,42.15,02,HM1,2409.4496,ACIK,2025,10,42
703717,2025-10-17,SAS25002068,1,D00005,320.01.0017,5000,317.3282,5000,YERLİ,2025-11-07,286,,0,2,42.15,03,DG1,37642.7284,KAPALI,2025,10,42
703718,2025-10-17,SAS25002068,2,H00016,320.01.0017,2000,96.7334,2000,YERLİ,2025-10-27,286,,0,2,42.15,02,HM1,4589.9597,KAPALI,2025,10,42
703719,2025-10-17,SAS25002068,3,H00014,320.01.0017,500,43.6091,250,YERLİ,2025-11-16,286,-256,250,2,42.15,02,HM1,517.3084,ACIK,2025,10,42
703720,2025-10-20,SAS25002069,1,H00007,320.01.0010,10000,63.6536,10000,YERLİ,2025-11-04,283,,0,2,42.15,02,HM1,15101.6845,KAPALI,2025,10,43
703721,2025-10-20,SAS25002069,2,D00010,320.01.0010,2000,273.5774,2000,YERLİ,2025-11-19,283,,0,2,42.15,03,DG1,12981.134,KAPALI,2025,10,43
703722,2025-10-20,SAS25002069,3,H00009,320.01.0010,250,112.5763,250,YERLİ,2026-01-18,283,,0,2,42.15,02,HM1,667.7123,KAPALI,2025,10,43
703723,2025-10-20,SAS25002070,1,D00005,320.01.0012,10000,317.6727,10000,YERLİ,2025-11-19,283,,0,2,42.15,03,DG1,75367.1886,KAPALI,2025,10,43
703724,2025-10-20,SAS25002071,1,H00008,320.01.0003,5000,79.3367,5000,İTHAL,2025-10-30,283,,0,2,42.15,02,HM1,9411.2337,KAPALI,2025,10,43
703725,2025-10-20,SAS25002071,2,H00016,320.01.0003,10000,102.042,10000,İTHAL,2025-11-04,283,,0,2,42.15,02,HM1,24209.2527,KAPALI,2025,10,43
703726,2025-10-20,SAS25002072,1,D00012,320.01.0014,10000,153.9032,10000,YERLİ,2025-11-10,283,,0,2,42.15,03,DG1,36513.2147,KAPALI,2025,10,43
703727,2025-10-21,SAS25002073,1,D00008,320.01.0003,10000,353.3542,10000,İTHAL,2025-12-05,282,,0,2,42.15,03,DG1,83832.5504,KAPALI,2025,10,43
703728,2025-10-21,SAS25002073,2,H00011,320.01.0003,1000,51.0112,1000,İTHAL,2025-11-20,282,,0,2,42.15,02,HM1,1210.2301,KAPALI,2025,10,43
703729,2025-10-21,SAS25002074,1,H00008,320.01.0005,1000,71.0575,1000,YERLİ,2025-12-20,282,,0,2,42.15,02,HM1,1685.8244,KAPALI,2025,10,43
703730,2025-10-22,SAS25002075,1,D00005,320.01.0009,500,320.82,500,YERLİ,2025-12-21,281,,0,2,42.15,03,DG1,3805.694,KAPALI,2025,10,43
703731,2025-10-22,SAS25002076,1,H00013,320.01.0018,250,112.4822,250,YERLİ,2025-12-06,281,,0,2,42.15,02,HM1,667.1542,KAPALI,2025,10,43
703732,2025-10-23,SAS25002077,1,H00007,320.01.0004,2000,63.7238,2000,YERLİ,2025-11-02,280,,0,2,42.15,02,HM1,3023.6679,KAPALI,2025,10,43
703733,2025-10-23,SAS25002077,2,D00002,320.01.0004,500,76.6285,500,YERLİ,2026-01-21,280,,0,2,42.15,03,DG1,908.9976,KAPALI,2025,10,43
703734,2025-10-24,SAS25002078,1,D00011,320.01.0009,2000,10.8936,2000,YERLİ,2025-11-08,279,,0,2,42.15,03,DG1,516.8968,KAPALI,2025,10,43
703735,2025-10-24,SAS25002079,1,H00016,320.01.0001,500,116.7388,500,YERLİ,2025-12-23,279,,0,2,42.15,02,HM1,1384.8019,KAPALI,2025,10,43
703736,2025-10-24,SAS25002080,1,H00003,320.01.0002,500,98.1237,250,YERLİ,2026-01-22,279,-189,250,2,42.15,02,HM1,1163.9822,ACIK,2025,10,43
703737,2025-10-24,SAS25002080,2,H00016,320.01.0002,5000,112.8541,5000,YERLİ,2025-11-23,279,,0,2,42.15,02,HM1,13387.2005,KAPALI,2025,10,43
703738,2025-10-24,SAS25002081,1,D00003,320.01.0003,1000,417.9524,1000,İTHAL,2025-12-23,279,,0,2,42.15,03,DG1,9915.8339,KAPALI,2025,10,43
703739,2025-10-24,SAS25002081,2,H00001,320.01.0003,5000,68.0285,5000,İTHAL,2025-11-03,279,,0,2,42.15,02,HM1,8069.8102,KAPALI,2025,10,43
703740,2025-10-27,SAS25002082,1,D00004,320.01.0003,1000,80.1481,1000,İTHAL,2025-11-26,276,,0,2,42.15,03,DG1,1901.497,KAPALI,2025,10,44
703741,2025-10-27,SAS25002083,1,D00007,320.01.0003,500,92.625,500,İTHAL,2025-12-26,276,,0,2,42.15,03,DG1,1098.7544,KAPALI,2025,10,44
703742,2025-10-27,SAS25002083,2,H00002,320.01.0003,500,23.3888,500,İTHAL,2025-11-17,276,,0,2,42.15,02,HM1,277.4472,KAPALI,2025,10,44
703743,2025-10-27,SAS25002084,1,H00016,320.01.0005,250,98.1453,250,YERLİ,2025-12-11,276,,0,2,42.15,02,HM1,582.1192,KAPALI,2025,10,44
703744,2025-10-27,SAS25002084,2,H00008,320.01.0005,250,84.0242,250,YERLİ,2025-11-26,276,,0,2,42.15,02,HM1,498.3642,KAPALI,2025,10,44
703745,2025-10-27,SAS25002084,3,H00001,320.01.0005,250,65.0959,250,YERLİ,2025-11-26,276,,0,2,42.15,02,HM1,386.0967,KAPALI,2025,10,44
703746,2025-10-28,SAS25002085,1,H00004,320.01.0012,1000,97.7468,500,YERLİ,2026-01-26,275,-185,500,2,42.15,02,HM1,2319.0225,ACIK,2025,10,44
703747,2025-10-28,SAS25002086,1,D00009,320.01.0007,1000,294.679,1000,YERLİ,2025-11-18,275,,0,2,42.15,03,DG1,6991.1981,KAPALI,2025,10,44
703748,2025-10-28,SAS25002086,2,D00006,320.01.0007,120,370.5113,120,YERLİ,2025-11-18,275,,0,2,42.15,03,DG1,1054.8364,KAPALI,2025,10,44
703749,2025-10-29,SAS25002087,1,D00004,320.01.0004,250,79.911,250,YERLİ,2025-12-28,274,,0,2,42.15,03,DG1,473.968,KAPALI,2025,10,44
703750,2025-10-29,SAS25002087,2,H00010,320.01.0004,1000,32.6776,1000,YERLİ,2026-01-27,274,,0,2,42.15,02,HM1,775.2693,KAPALI,2025,10,44
703751,2025-10-29,SAS25002088,1,D00012,320.01.0011,10000,178.0434,10000,YERLİ,2026-01-27,274,,0,2,42.15,03,DG1,42240.427,KAPALI,2025,10,44
703752,2025-10-29,SAS25002088,2,H00008,320.01.0011,500,89.3494,500,YERLİ,2025-12-28,274,,0,2,42.15,02,HM1,1059.898,KAPALI,2025,10,44
703753,2025-10-29,SAS25002088,3,D00007,320.01.0011,500,96.0719,500,YERLİ,2025-12-28,274,,0,2,42.15,03,DG1,1139.6429,KAPALI,2025,10,44
703754,2025-10-29,SAS25002089,1,D00005,320.01.0030,10000,397.437,10000,YERLİ,2025-11-13,274,,0,2,42.15,03,DG1,94291.1032,KAPALI,2025,10,44
703755,2025-10-29,SAS25002089,2,D00007,320.01.0030,5000,109.7494,5000,YERLİ,2026-01-27,274,,0,2,42.15,03,DG1,13018.9087,KAPALI,2025,10,44
703756,2025-10-29,SAS25002090,1,D00003,320.01.0002,1000,405.8067,1000,YERLİ,2026-01-27,274,,0,2,42.15,03,DG1,9627.6797,KAPALI,2025,10,44
703757,2025-10-30,SAS25002091,1,H00007,320.01.0020,10000,56.7857,10000,YERLİ,2025-12-14,273,,0,2,42.15,02,HM1,13472.2894,KAPALI,2025,10,44
703758,2025-10-30,SAS25002092,1,H00011,320.01.0001,10000,46.2509,10000,YERLİ,2025-12-14,273,,0,2,42.15,02,HM1,10972.93,KAPALI,2025,10,44
703759,2025-10-30,SAS25002092,2,H00003,320.01.0001,250,95.6511,250,YERLİ,2026-01-28,273,,0,2,42.15,02,HM1,567.3256,KAPALI,2025,10,44
703760,2025-10-30,SAS25002092,3,H00001,320.01.0001,120,65.9092,120,YERLİ,2026-01-28,273,,0,2,42.15,02,HM1,187.6419,KAPALI,2025,10,44
703761,2025-10-31,SAS25002093,1,D00008,320.01.0040,10000,414.4366,10000,YERLİ,2026-01-29,272,,0,2,42.15,03,DG1,98324.223,KAPALI,2025,10,44
703762,2025-10-31,SAS25002093,2,H00012,320.01.0040,1000,41.0557,1000,YERLİ,2025-12-15,272,,0,2,42.15,02,HM1,974.038,KAPALI,2025,10,44
703763,2025-10-31,SAS25002094,1,D00008,320.01.0020,10000,434.5007,10000,YERLİ,2025-12-15,272,,0,2,42.15,03,DG1,103084.3891,KAPALI,2025,10,44
703764,2025-10-31,SAS25002095,1,D00010,320.01.0001,250,235.2933,250,YERLİ,2025-11-15,272,,0,2,42.15,03,DG1,1395.5712,KAPALI,2025,10,44
703765,2025-10-31,SAS25002095,2,H00014,320.01.0001,10000,41.0108,10000,YERLİ,2026-01-29,272,,0,2,42.15,02,HM1,9729.7272,KAPALI,2025,10,44
703766,2025-10-31,SAS25002095,3,H00012,320.01.0001,250,40.3295,250,YERLİ,2025-11-21,272,,0,2,42.15,02,HM1,239.2023,KAPALI,2025,10,44
703767,2025-10-31,SAS25002096,1,H00015,320.01.0004,1000,53.5746,0,YERLİ,2025-12-15,272,-227,1000,2,42.15,02,HM1,1271.0463,ACIK,2025,10,44
703768,2025-11-03,SAS25002097,1,D00011,320.01.0014,2000,13.2746,2000,YERLİ,2025-12-18,269,,0,2,42.8,03,DG1,620.3084,KAPALI,2025,11,45
703769,2025-11-03,SAS25002098,1,D00007,320.01.0034,1000,103.5123,1000,YERLİ,2025-11-24,269,,0,2,42.8,03,DG1,2418.5117,KAPALI,2025,11,45
703770,2025-11-04,SAS25002099,1,D00003,320.01.0009,120,386.5945,120,YERLİ,2025-11-25,268,,0,2,42.8,03,DG1,1083.9098,KAPALI,2025,11,45
703771,2025-11-04,SAS25002099,2,H00003,320.01.0009,500,87.0745,500,YERLİ,2025-11-14,268,,0,2,42.8,02,HM1,1017.2255,KAPALI,2025,11,45
703772,2025-11-04,SAS25002100,1,H00001,320.01.0050,5000,59.3576,2500,YERLİ,2025-11-14,268,-258,2500,2,42.8,02,HM1,6934.2991,ACIK,2025,11,45
703773,2025-11-04,SAS25002100,2,D00007,320.01.0050,10000,113.5828,10000,YERLİ,2026-02-02,268,,0,2,42.8,03,DG1,26538.0374,KAPALI,2025,11,45
703774,2025-11-04,SAS25002100,3,D00010,320.01.0050,120,263.6592,120,YERLİ,2026-02-02,268,,0,2,42.8,03,DG1,739.2314,KAPALI,2025,11,45
703775,2025-11-05,SAS25002101,1,H00008,320.01.0002,120,79.1724,0,YERLİ,2025-11-26,267,-246,120,2,42.8,02,HM1,221.9787,ACIK,2025,11,45
703776,2025-11-05,SAS25002102,1,D00002,320.01.0003,250,70.5035,250,İTHAL,2025-12-05,267,,0,2,42.8,03,DG1,411.8195,KAPALI,2025,11,45
703777,2025-11-05,SAS25002103,1,D00007,320.01.0016,500,99.3391,500,YERLİ,2025-12-05,267,,0,2,42.8,03,DG1,1160.5035,KAPALI,2025,11,45
703778,2025-11-05,SAS25002103,2,H00015,320.01.0016,120,54.7274,120,YERLİ,2025-12-05,267,,0,2,42.8,02,HM1,153.4413,KAPALI,2025,11,45
703779,2025-11-06,SAS25002104,1,H00014,320.01.0023,5000,46.2861,5000,İTHAL,2025-12-21,266,,0,2,42.8,02,HM1,5407.2547,KAPALI,2025,11,45
703780,2025-11-06,SAS25002105,1,H00009,320.01.0014,2000,103.9361,2000,YERLİ,2025-11-21,266,,0,2,42.8,02,HM1,4856.8271,KAPALI,2025,11,45
703781,2025-11-06,SAS25002105,2,H00002,320.01.0014,1000,28.069,1000,YERLİ,2025-12-21,266,,0,2,42.8,02,HM1,655.8178,KAPALI,2025,11,45
703782,2025-11-06,SAS25002106,1,H00014,320.01.0002,5000,44.9657,5000,YERLİ,2025-11-16,266,,0,2,42.8,02,HM1,5253.0023,KAPALI,2025,11,45
703783,2025-11-06,SAS25002106,2,D00003,320.01.0002,10000,383.1685,10000,YERLİ,2026-02-04,266,,0,2,42.8,03,DG1,89525.3505,KAPALI,2025,11,45
703784,2025-11-06,SAS25002107,1,D00006,320.01.0013,250,446.123,250,YERLİ,2026-02-04,266,,0,2,42.8,03,DG1,2605.8586,KAPALI,2025,11,45
703785,2025-11-06,SAS25002107,2,D00012,320.01.0013,500,162.3881,500,YERLİ,2025-12-06,266,,0,2,42.8,03,DG1,1897.0572,KAPALI,2025,11,45
703786,2025-11-06,SAS25002108,1,D00008,320.01.0039,10000,389.7602,10000,YERLİ,2025-12-21,266,,0,2,42.8,03,DG1,91065.4673,KAPALI,2025,11,45
703787,2025-11-06,SAS25002108,2,D00011,320.01.0039,1000,12.0425,1000,YERLİ,2025-12-21,266,,0,2,42.8,03,DG1,281.3668,KAPALI,2025,11,45
703788,2025-11-07,SAS25002109,1,D00011,320.01.0030,2000,11.7253,2000,YERLİ,2025-11-22,265,,0,2,42.8,03,DG1,547.9112,KAPALI,2025,11,45
703789,2025-11-07,SAS25002109,2,H00011,320.01.0030,500,42.9363,500,YERLİ,2025-11-28,265,,0,2,42.8,02,HM1,501.5923,KAPALI,2025,11,45
703790,2025-11-07,SAS25002109,3,H00003,320.01.0030,120,101.3579,120,YERLİ,2025-11-28,265,,0,2,42.8,02,HM1,284.181,KAPALI,2025,11,45
703791,2025-11-07,SAS25002110,1,H00001,320.01.0013,250,67.2766,250,YERLİ,2025-11-17,265,,0,2,42.8,02,HM1,392.9708,KAPALI,2025,11,45
703792,2025-11-07,SAS25002111,1,H00014,320.01.0029,250,49.1605,250,YERLİ,2025-11-17,265,,0,2,42.8,02,HM1,287.1525,KAPALI,2025,11,45
703793,2025-11-10,SAS25002112,1,H00001,320.01.0004,500,66.5742,500,YERLİ,2025-12-10,262,,0,2,42.8,02,HM1,777.736,KAPALI,2025,11,46
703794,2025-11-10,SAS25002112,2,D00007,320.01.0004,120,109.2928,120,YERLİ,2025-12-01,262,,0,2,42.8,03,DG1,306.4284,KAPALI,2025,11,46
703795,2025-11-10,SAS25002112,3,D00010,320.01.0004,120,266.5208,120,YERLİ,2025-11-20,262,,0,2,42.8,03,DG1,747.2546,KAPALI,2025,11,46
703796,2025-11-10,SAS25002113,1,D00009,320.01.0033,2000,296.1517,2000,YERLİ,2025-12-10,262,,0,2,42.8,03,DG1,13838.8645,KAPALI,2025,11,46
703797,2025-11-11,SAS25002114,1,H00001,320.01.0003,120,72.0421,120,İTHAL,2025-11-26,261,,0,2,42.8,02,HM1,201.9872,KAPALI,2025,11,46
703798,2025-11-11,SAS25002115,1,D00012,320.01.0019,250,162.9862,250,YERLİ,2026-02-09,261,,0,2,42.8,03,DG1,952.0222,KAPALI,2025,11,46
703799,2025-11-11,SAS25002115,2,H00004,320.01.0019,10000,99.9363,10000,YERLİ,2026-02-09,261,,0,2,42.8,02,HM1,23349.6028,KAPALI,2025,11,46
703800,2025-11-12,SAS25002116,1,H00005,320.01.0026,5000,65.1852,5000,YERLİ,2025-12-03,260,,0,2,42.8,02,HM1,7615.0935,KAPALI,2025,11,46
703801,2025-11-12,SAS25002116,2,D00009,320.01.0026,250,315.313,250,YERLİ,2026-02-10,260,,0,2,42.8,03,DG1,1841.7815,KAPALI,2025,11,46
703802,2025-11-12,SAS25002117,1,H00010,320.01.0005,1000,31.5615,1000,YERLİ,2025-12-27,260,,0,2,42.8,02,HM1,737.4182,KAPALI,2025,11,46
703803,2025-11-13,SAS25002118,1,D00010,320.01.0019,2000,294.0964,2000,YERLİ,2025-12-04,259,,0,2,42.8,03,DG1,13742.8224,KAPALI,2025,11,46
703804,2025-11-13,SAS25002118,2,D00004,320.01.0019,2000,84.2991,2000,YERLİ,2025-12-04,259,,0,2,42.8,03,DG1,3939.2103,KAPALI,2025,11,46
703805,2025-11-13,SAS25002119,1,D00003,320.01.0001,250,389.8929,250,YERLİ,2026-01-12,259,,0,2,42.8,03,DG1,2277.4118,KAPALI,2025,11,46
703806,2025-11-13,SAS25002119,2,D00011,320.01.0001,250,11.8519,0,YERLİ,2025-12-13,259,-229,250,2,42.8,03,DG1,69.2284,ACIK,2025,11,46
703807,2025-11-13,SAS25002120,1,D00006,320.01.0010,500,357.4006,500,YERLİ,2025-11-23,259,,0,2,42.8,03,DG1,4175.2407,KAPALI,2025,11,46
703808,2025-11-13,SAS25002120,2,D00005,320.01.0010,1000,354.2213,1000,YERLİ,2025-12-04,259,,0,2,42.8,03,DG1,8276.1986,KAPALI,2025,11,46
703809,2025-11-13,SAS25002121,1,D00010,320.01.0001,10000,296.0878,10000,YERLİ,2025-12-28,259,,0,2,42.8,03,DG1,69179.3925,KAPALI,2025,11,46
703810,2025-11-14,SAS25002122,1,D00010,320.01.0028,250,281.3908,250,YERLİ,2026-01-13,258,,0,2,42.8,03,DG1,1643.6379,KAPALI,2025,11,46
703811,2025-11-14,SAS25002122,2,D00009,320.01.0028,2000,329.6157,2000,YERLİ,2025-12-05,258,,0,2,42.8,03,DG1,15402.6028,KAPALI,2025,11,46
703812,2025-11-14,SAS25002123,1,D00006,320.01.0001,250,430.3208,250,YERLİ,2025-12-05,258,,0,2,42.8,03,DG1,2513.5561,KAPALI,2025,11,46
703813,2025-11-17,SAS25002124,1,H00014,320.01.0005,500,46.9575,500,YERLİ,2026-02-15,255,,0,2,42.8,02,HM1,548.5689,KAPALI,2025,11,47
703814,2025-11-17,SAS25002124,2,H00006,320.01.0005,1000,127.2703,1000,YERLİ,2025-12-08,255,,0,2,42.8,02,HM1,2973.6051,KAPALI,2025,11,47
703815,2025-11-17,SAS25002124,3,D00001,320.01.0005,1000,47.6805,500,YERLİ,2025-12-02,255,-240,500,2,42.8,03,DG1,1114.0304,ACIK,2025,11,47
703816,2025-11-17,SAS25002125,1,D00012,320.01.0017,5000,162.9106,5000,YERLİ,2026-02-15,255,,0,2,42.8,03,DG1,19031.6121,KAPALI,2025,11,47
703817,2025-11-17,SAS25002125,2,H00012,320.01.0017,2000,35.8448,2000,YERLİ,2025-12-08,255,,0,2,42.8,02,HM1,1674.9907,KAPALI,2025,11,47
703818,2025-11-17,SAS25002125,3,D00003,320.01.0017,500,430.2851,500,YERLİ,2025-12-02,255,,0,2,42.8,03,DG1,5026.6951,KAPALI,2025,11,47
703819,2025-11-17,SAS25002126,1,D00009,320.01.0010,250,298.3323,250,YERLİ,2025-12-02,255,,0,2,42.8,03,DG1,1742.5952,KAPALI,2025,11,47
703820,2025-11-17,SAS25002126,2,H00003,320.01.0010,500,87.6304,500,YERLİ,2025-12-17,255,,0,2,42.8,02,HM1,1023.7196,KAPALI,2025,11,47
703821,2025-11-17,SAS25002127,1,D00005,320.01.0042,2000,362.0185,2000,YERLİ,2025-11-27,255,,0,2,42.8,03,DG1,16916.7523,KAPALI,2025,11,47
703822,2025-11-18,SAS25002128,1,H00003,320.01.0002,2000,107.399,2000,YERLİ,2025-12-03,254,,0,2,42.8,02,HM1,5018.6449,KAPALI,2025,11,47
703823,2025-11-19,SAS25002129,1,H00004,320.01.0040,2000,84.67,2000,YERLİ,2025-12-10,253,,0,2,42.8,02,HM1,3956.5421,KAPALI,2025,11,47
703824,2025-11-19,SAS25002129,2,H00010,320.01.0040,120,28.0137,0,YERLİ,2025-12-10,253,-232,120,2,42.8,02,HM1,78.5431,ACIK,2025,11,47
703825,2025-11-19,SAS25002130,1,H00010,320.01.0005,1000,31.5615,0,YERLİ,2025-12-19,253,-223,1000,2,42.8,02,HM1,737.4182,ACIK,2025,11,47
703826,2025-11-19,SAS25002130,2,D00012,320.01.0005,120,170.8587,120,YERLİ,2026-01-18,253,,0,2,42.8,03,DG1,479.0431,KAPALI,2025,11,47
703827,2025-11-19,SAS25002131,1,H00001,320.01.0012,2000,73.3095,1000,YERLİ,2026-01-18,253,-193,1000,2,42.8,02,HM1,3425.6776,ACIK,2025,11,47
703828,2025-11-19,SAS25002131,2,D00007,320.01.0012,5000,106.1355,5000,YERLİ,2025-11-29,253,,0,2,42.8,03,DG1,12399.007,KAPALI,2025,11,47
703829,2025-11-20,SAS25002132,1,D00004,320.01.0017,120,87.3827,120,YERLİ,2025-11-30,252,,0,2,42.8,03,DG1,244.9982,KAPALI,2025,11,47
703830,2025-11-20,SAS25002132,2,D00010,320.01.0017,120,239.2244,120,YERLİ,2025-12-11,252,,0,2,42.8,03,DG1,670.7226,KAPALI,2025,11,47
703831,2025-11-20,SAS25002133,1,D00001,320.01.0011,1000,41.8611,1000,YERLİ,2026-02-18,252,,0,2,42.8,03,DG1,978.0631,KAPALI,2025,11,47
703832,2025-11-20,SAS25002133,2,D00002,320.01.0011,2000,77.8991,2000,YERLİ,2025-12-11,252,,0,2,42.8,03,DG1,3640.1449,KAPALI,2025,11,47
703833,2025-11-20,SAS25002133,3,H00007,320.01.0011,1000,63.9993,1000,YERLİ,2025-12-11,252,,0,2,42.8,02,HM1,1495.3107,KAPALI,2025,11,47
703834,2025-11-20,SAS25002134,1,H00006,320.01.0028,1000,148.0702,1000,YERLİ,2025-12-05,252,,0,2,42.8,02,HM1,3459.5841,KAPALI,2025,11,47
703835,2025-11-21,SAS25002135,1,D00011,320.01.0028,2000,10.8523,2000,YERLİ,2025-12-01,251,,0,2,42.8,03,DG1,507.1168,KAPALI,2025,11,47
703836,2025-11-21,SAS25002136,1,D00005,320.01.0002,1000,339.1975,1000,YERLİ,2026-02-19,251,,0,2,42.8,03,DG1,7925.1752,KAPALI,2025,11,47
703837,2025-11-21,SAS25002137,1,H00010,320.01.0009,120,31.8806,120,YERLİ,2025-12-12,251,,0,2,42.8,02,HM1,89.3849,KAPALI,2025,11,47
703838,2025-11-21,SAS25002138,1,D00009,320.01.0049,2000,325.1927,2000,YERLİ,2025-12-06,251,,0,2,42.8,03,DG1,15195.9206,KAPALI,2025,11,47
703839,2025-11-21,SAS25002138,2,D00003,320.01.0049,10000,415.8286,10000,YERLİ,2025-12-01,251,,0,2,42.8,03,DG1,97156.215,KAPALI,2025,11,47
703840,2025-11-24,SAS25002139,1,D00006,320.01.0017,5000,367.8601,5000,YERLİ,2025-12-15,248,,0,2,42.8,03,DG1,42974.3107,KAPALI,2025,11,48
703841,2025-11-24,SAS25002139,2,H00005,320.01.0017,500,65.566,500,YERLİ,2026-01-23,248,,0,2,42.8,02,HM1,765.9579,KAPALI,2025,11,48
703842,2025-11-24,SAS25002139,3,D00008,320.01.0017,10000,434.6651,0,YERLİ,2025-12-24,248,-218,10000,2,42.8,03,DG1,101557.2664,ACIK,2025,11,48
703843,2025-11-24,SAS25002140,1,H00005,320.01.0022,10000,63.3883,10000,YERLİ,2026-02-22,248,,0,2,42.8,02,HM1,14810.3505,KAPALI,2025,11,48
703844,2025-11-24,SAS25002140,2,H00015,320.01.0022,250,46.4454,250,YERLİ,2025-12-24,248,,0,2,42.8,02,HM1,271.2932,KAPALI,2025,11,48
703845,2025-11-24,SAS25002140,3,D00007,320.01.0022,120,108.4113,120,YERLİ,2025-12-24,248,,0,2,42.8,03,DG1,303.9569,KAPALI,2025,11,48
703846,2025-11-24,SAS25002141,1,D00005,320.01.0002,1000,364.2844,1000,YERLİ,2025-12-15,248,,0,2,42.8,03,DG1,8511.3178,KAPALI,2025,11,48
703847,2025-11-24,SAS25002141,2,H00013,320.01.0002,250,123.2623,0,YERLİ,2026-01-23,248,-188,250,2,42.8,02,HM1,719.9901,ACIK,2025,11,48
703848,2025-11-24,SAS25002142,1,H00009,320.01.0002,120,110.8353,120,YERLİ,2025-12-15,248,,0,2,42.8,02,HM1,310.7532,KAPALI,2025,11,48
703849,2025-11-24,SAS25002142,2,D00005,320.01.0002,2000,353.5615,2000,YERLİ,2025-12-04,248,,0,2,42.8,03,DG1,16521.5654,KAPALI,2025,11,48
703850,2025-11-24,SAS25002143,1,D00011,320.01.0001,10000,12.4584,10000,YERLİ,2025-12-15,248,,0,2,42.8,03,DG1,2910.8411,KAPALI,2025,11,48
703851,2025-11-24,SAS25002143,2,H00005,320.01.0001,120,73.3104,120,YERLİ,2026-01-08,248,,0,2,42.8,02,HM1,205.5432,KAPALI,2025,11,48
703852,2025-11-24,SAS25002143,3,D00012,320.01.0001,120,153.4795,120,YERLİ,2026-02-22,248,,0,2,42.8,03,DG1,430.3164,KAPALI,2025,11,48
703853,2025-11-25,SAS25002144,1,H00015,320.01.0046,120,46.4924,120,YERLİ,2025-12-16,247,,0,2,42.8,02,HM1,130.3525,KAPALI,2025,11,48
703854,2025-11-26,SAS25002145,1,H00013,320.01.0013,10000,110.7783,10000,YERLİ,2026-02-24,246,,0,2,42.8,02,HM1,25882.7804,KAPALI,2025,11,48
703855,2025-11-26,SAS25002145,2,D00004,320.01.0013,10000,94.0168,10000,YERLİ,2026-01-10,246,,0,2,42.8,03,DG1,21966.5421,KAPALI,2025,11,48
703856,2025-11-27,SAS25002146,1,D00009,320.01.0010,5000,328.8395,5000,YERLİ,2025-12-18,245,,0,2,42.8,03,DG1,38415.8294,KAPALI,2025,11,48
703857,2025-11-27,SAS25002146,2,H00014,320.01.0010,1000,47.9384,1000,YERLİ,2026-02-25,245,,0,2,42.8,02,HM1,1120.0561,KAPALI,2025,11,48
703858,2025-11-27,SAS25002146,3,H00011,320.01.0010,1000,52.5452,1000,YERLİ,2026-02-25,245,,0,2,42.8,02,HM1,1227.6916,KAPALI,2025,11,48
703859,2025-11-28,SAS25002147,1,H00015,320.01.0002,500,51.1998,500,YERLİ,2025-12-13,244,,0,2,42.8,02,HM1,598.1285,KAPALI,2025,11,48
703860,2025-11-28,SAS25002147,2,D00004,320.01.0002,250,90.3027,250,YERLİ,2026-01-12,244,,0,2,42.8,03,DG1,527.469,KAPALI,2025,11,48
703861,2025-11-28,SAS25002148,1,H00013,320.01.0001,2000,107.9464,0,YERLİ,2026-01-27,244,-184,2000,2,42.8,02,HM1,5044.2243,ACIK,2025,11,48
703862,2025-12-01,SAS25002149,1,D00009,320.01.0004,2000,345.8728,2000,YERLİ,2025-12-31,241,,0,2,43.45,03,DG1,15920.4971,KAPALI,2025,12,49
703863,2025-12-01,SAS25002149,2,D00009,320.01.0004,5000,340.1795,5000,YERLİ,2025-12-11,241,,0,2,43.45,03,DG1,39146.0875,KAPALI,2025,12,49
703864,2025-12-01,SAS25002150,1,H00016,320.01.0041,500,118.842,500,İTHAL,2025-12-11,241,,0,2,43.45,02,HM1,1367.5719,KAPALI,2025,12,49
703865,2025-12-01,SAS25002150,2,H00013,320.01.0041,2000,121.6853,2000,İTHAL,2025-12-22,241,,0,2,43.45,02,HM1,5601.1646,KAPALI,2025,12,49
703866,2025-12-01,SAS25002151,1,H00005,320.01.0008,120,66.0097,120,YERLİ,2026-01-15,241,,0,2,43.45,02,HM1,182.3053,KAPALI,2025,12,49
703867,2025-12-01,SAS25002151,2,H00009,320.01.0008,2000,109.817,2000,YERLİ,2025-12-31,241,,0,2,43.45,02,HM1,5054.8677,KAPALI,2025,12,49
703868,2025-12-01,SAS25002151,3,D00002,320.01.0008,10000,71.8456,10000,YERLİ,2025-12-22,241,,0,2,43.45,03,DG1,16535.2359,KAPALI,2025,12,49
703869,2025-12-02,SAS25002152,1,D00004,320.01.0006,10000,98.9083,10000,YERLİ,2025-12-12,240,,0,2,43.45,03,DG1,22763.7054,KAPALI,2025,12,49
703870,2025-12-02,SAS25002152,2,H00002,320.01.0006,5000,26.0075,5000,YERLİ,2025-12-17,240,,0,2,43.45,02,HM1,2992.8078,KAPALI,2025,12,49
703871,2025-12-03,SAS25002153,1,D00003,320.01.0001,10000,428.4259,10000,YERLİ,2026-01-02,239,,0,2,43.45,03,DG1,98602.0483,KAPALI,2025,12,49
703872,2025-12-03,SAS25002154,1,H00011,320.01.0002,2000,49.3529,2000,YERLİ,2026-01-02,239,,0,2,43.45,02,HM1,2271.71,KAPALI,2025,12,49
703873,2025-12-03,SAS25002154,2,H00005,320.01.0002,120,75.2221,120,YERLİ,2025-12-24,239,,0,2,43.45,02,HM1,207.748,KAPALI,2025,12,49
703874,2025-12-03,SAS25002155,1,D00009,320.01.0019,5000,353.9053,5000,YERLİ,2026-03-03,239,,0,2,43.45,03,DG1,40725.5811,KAPALI,2025,12,49
703875,2025-12-04,SAS25002156,1,D00005,320.01.0045,5000,331.7278,5000,YERLİ,2026-01-18,238,,0,2,43.45,03,DG1,38173.5098,KAPALI,2025,12,49
703876,2025-12-04,SAS25002156,2,D00012,320.01.0045,2000,168.9869,2000,YERLİ,2025-12-19,238,,0,2,43.45,03,DG1,7778.4534,KAPALI,2025,12,49
703877,2025-12-04,SAS25002157,1,D00003,320.01.0004,120,361.1755,120,YERLİ,2026-01-18,238,,0,2,43.45,03,DG1,997.4928,KAPALI,2025,12,49
703878,2025-12-04,SAS25002157,2,D00010,320.01.0004,1000,265.0017,500,YERLİ,2025-12-25,238,-217,500,2,43.45,03,DG1,6099.0035,ACIK,2025,12,49
703879,2025-12-04,SAS25002157,3,D00012,320.01.0004,250,179.7245,250,YERLİ,2026-02-02,238,,0,2,43.45,03,DG1,1034.088,KAPALI,2025,12,49
703880,2025-12-05,SAS25002158,1,D00001,320.01.0014,120,51.1486,120,YERLİ,2026-01-19,237,,0,2,43.45,03,DG1,141.262,KAPALI,2025,12,49
703881,2025-12-05,SAS25002159,1,D00007,320.01.0023,5000,94.5259,5000,İTHAL,2025-12-26,237,,0,2,43.45,03,DG1,10877.5489,KAPALI,2025,12,49
703882,2025-12-05,SAS25002159,2,D00007,320.01.0023,10000,108.5479,10000,İTHAL,2026-03-05,237,,0,2,43.45,03,DG1,24982.2555,KAPALI,2025,12,49
703883,2025-12-05,SAS25002159,3,H00001,320.01.0023,2000,61.1205,2000,İTHAL,2025-12-15,237,,0,2,43.45,02,HM1,2813.3717,KAPALI,2025,12,49
703884,2025-12-05,SAS25002160,1,D00008,320.01.0001,120,449.3535,60,YERLİ,2026-02-03,237,-177,60,2,43.45,03,DG1,1241.0223,ACIK,2025,12,49
703885,2025-12-05,SAS25002160,2,H00002,320.01.0001,2000,28.015,2000,YERLİ,2025-12-15,237,,0,2,43.45,02,HM1,1289.5282,KAPALI,2025,12,49
703886,2025-12-05,SAS25002160,3,H00008,320.01.0001,250,82.6082,250,YERLİ,2025-12-15,237,,0,2,43.45,02,HM1,475.3061,KAPALI,2025,12,49
703887,2025-12-08,SAS25002161,1,D00001,320.01.0005,120,51.501,0,YERLİ,2025-12-29,234,-213,120,2,43.45,03,DG1,142.2352,ACIK,2025,12,50
703888,2025-12-08,SAS25002162,1,D00009,320.01.0001,10000,312.4658,10000,YERLİ,2025-12-23,234,,0,2,43.45,03,DG1,71913.878,KAPALI,2025,12,50
703889,2025-12-08,SAS25002163,1,H00009,320.01.0022,10000,96.8862,10000,YERLİ,2025-12-23,234,,0,2,43.45,02,HM1,22298.3199,KAPALI,2025,12,50
703890,2025-12-08,SAS25002164,1,D00012,320.01.0002,250,183.8399,250,YERLİ,2025-12-18,234,,0,2,43.45,03,DG1,1057.767,KAPALI,2025,12,50
703891,2025-12-08,SAS25002164,2,D00007,320.01.0002,500,94.526,500,YERLİ,2026-02-06,234,,0,2,43.45,03,DG1,1087.756,KAPALI,2025,12,50
703892,2025-12-08,SAS25002165,1,H00001,320.01.0003,5000,67.5627,5000,İTHAL,2025-12-18,234,,0,2,43.45,02,HM1,7774.7641,KAPALI,2025,12,50
703893,2025-12-08,SAS25002165,2,H00002,320.01.0003,1000,28.3873,1000,İTHAL,2025-12-23,234,,0,2,43.45,02,HM1,653.3326,KAPALI,2025,12,50
703894,2025-12-09,SAS25002166,1,H00006,320.01.0003,120,143.4816,120,İTHAL,2025-12-19,233,,0,2,43.45,02,HM1,396.2668,KAPALI,2025,12,50
703895,2025-12-09,SAS25002167,1,D00005,320.01.0002,5000,412.9933,5000,YERLİ,2025-12-19,233,,0,2,43.45,03,DG1,47525.1208,KAPALI,2025,12,50
703896,2025-12-09,SAS25002168,1,H00016,320.01.0038,10000,113.1644,10000,YERLİ,2026-02-07,233,,0,2,43.45,02,HM1,26044.7411,KAPALI,2025,12,50
703897,2025-12-10,SAS25002169,1,H00006,320.01.0055,5000,133.1054,5000,İTHAL,2025-12-31,232,,0,2,43.45,02,HM1,15317.0771,KAPALI,2025,12,50
703898,2025-12-10,SAS25002169,2,H00013,320.01.0055,120,112.3304,120,İTHAL,2026-01-24,232,,0,2,43.45,02,HM1,310.2336,KAPALI,2025,12,50
703899,2025-12-10,SAS25002170,1,D00010,320.01.0022,5000,281.8505,5000,YERLİ,2025-12-20,232,,0,2,43.45,03,DG1,32433.8895,KAPALI,2025,12,50
703900,2025-12-10,SAS25002170,2,D00006,320.01.0022,120,368.4929,120,YERLİ,2025-12-31,232,,0,2,43.45,03,DG1,1017.7019,KAPALI,2025,12,50
703901,2025-12-10,SAS25002171,1,H00001,320.01.0046,250,74.9716,250,YERLİ,2026-02-08,232,,0,2,43.45,02,HM1,431.3671,KAPALI,2025,12,50
703902,2025-12-10,SAS25002171,2,D00006,320.01.0046,10000,425.7404,10000,YERLİ,2026-02-08,232,,0,2,43.45,03,DG1,97983.9816,KAPALI,2025,12,50
703903,2025-12-11,SAS25002172,1,D00007,320.01.0007,500,98.2241,0,YERLİ,2026-01-01,231,-210,500,2,43.45,03,DG1,1130.3119,ACIK,2025,12,50
703904,2025-12-11,SAS25002172,2,D00001,320.01.0007,500,53.5944,0,YERLİ,2026-01-25,231,-186,500,2,43.45,03,DG1,616.7365,ACIK,2025,12,50
703905,2025-12-11,SAS25002173,1,D00005,320.01.0026,500,381.0491,500,YERLİ,2025-12-21,231,,0,2,43.45,03,DG1,4384.9148,KAPALI,2025,12,50
703906,2025-12-11,SAS25002173,2,H00010,320.01.0026,5000,26.8404,2500,YERLİ,2026-01-25,231,-186,2500,2,43.45,02,HM1,3088.6536,ACIK,2025,12,50
703907,2025-12-11,SAS25002173,3,H00014,320.01.0026,120,49.938,120,YERLİ,2026-02-09,231,,0,2,43.45,02,HM1,137.9185,KAPALI,2025,12,50
703908,2025-12-11,SAS25002174,1,H00005,320.01.0005,500,75.7711,500,YERLİ,2026-01-01,231,,0,2,43.45,02,HM1,871.9344,KAPALI,2025,12,50
703909,2025-12-11,SAS25002174,2,D00005,320.01.0005,120,352.2464,120,YERLİ,2026-01-25,231,,0,2,43.45,03,DG1,972.8324,KAPALI,2025,12,50
703910,2025-12-15,SAS25002175,1,H00015,320.01.0033,10000,58.6582,10000,YERLİ,2025-12-30,227,,0,2,43.45,02,HM1,13500.1611,KAPALI,2025,12,51
703911,2025-12-15,SAS25002175,2,D00009,320.01.0033,250,298.7599,250,YERLİ,2025-12-25,227,,0,2,43.45,03,DG1,1718.9868,KAPALI,2025,12,51
703912,2025-12-15,SAS25002176,1,H00005,320.01.0040,10000,64.8142,10000,YERLİ,2026-03-15,227,,0,2,43.45,02,HM1,14916.962,KAPALI,2025,12,51
703913,2025-12-15,SAS25002176,2,H00005,320.01.0040,2000,65.874,2000,YERLİ,2026-01-05,227,,0,2,43.45,02,HM1,3032.1749,KAPALI,2025,12,51
703914,2025-12-16,SAS25002177,1,D00006,320.01.0012,10000,425.3555,10000,YERLİ,2026-01-06,226,,0,2,43.45,03,DG1,97895.397,KAPALI,2025,12,51
703915,2025-12-16,SAS25002178,1,H00012,320.01.0007,2000,45.4775,2000,YERLİ,2026-01-15,226,,0,2,43.45,02,HM1,2093.3257,KAPALI,2025,12,51
703916,2025-12-16,SAS25002179,1,H00010,320.01.0009,120,27.2127,120,YERLİ,2026-02-14,226,,0,2,43.45,02,HM1,75.1559,KAPALI,2025,12,51
703917,2025-12-16,SAS25002180,1,D00008,320.01.0008,10000,361.0163,10000,YERLİ,2026-01-06,226,,0,2,43.45,03,DG1,83087.756,KAPALI,2025,12,51
703918,2025-12-16,SAS25002180,2,H00002,320.01.0008,120,28.0794,120,YERLİ,2026-01-15,226,,0,2,43.45,02,HM1,77.5496,KAPALI,2025,12,51
703919,2025-12-16,SAS25002180,3,H00008,320.01.0008,120,78.5602,120,YERLİ,2025-12-26,226,,0,2,43.45,02,HM1,216.9672,KAPALI,2025,12,51
703920,2025-12-16,SAS25002181,1,H00007,320.01.0008,1000,57.7277,1000,YERLİ,2026-02-14,226,,0,2,43.45,02,HM1,1328.6007,KAPALI,2025,12,51
703921,2025-12-17,SAS25002182,1,D00004,320.01.0019,500,98.2055,500,YERLİ,2026-01-16,225,,0,2,43.45,03,DG1,1130.0978,KAPALI,2025,12,51
703922,2025-12-17,SAS25002182,2,H00011,320.01.0019,120,46.9103,120,YERLİ,2026-03-17,225,,0,2,43.45,02,HM1,129.5566,KAPALI,2025,12,51
703923,2025-12-17,SAS25002183,1,H00009,320.01.0014,500,97.3744,500,YERLİ,2026-03-17,225,,0,2,43.45,02,HM1,1120.5339,KAPALI,2025,12,51
703924,2025-12-17,SAS25002183,2,D00003,320.01.0014,120,379.8512,60,YERLİ,2026-03-17,225,-135,60,2,43.45,03,DG1,1049.0712,ACIK,2025,12,51
703925,2025-12-17,SAS25002184,1,D00008,320.01.0045,10000,424.2086,10000,YERLİ,2026-03-17,225,,0,2,43.45,03,DG1,97631.4384,KAPALI,2025,12,51
703926,2025-12-18,SAS25002185,1,D00002,320.01.0025,250,78.8738,250,İTHAL,2026-01-02,224,,0,2,43.45,03,DG1,453.8193,KAPALI,2025,12,51
703927,2025-12-18,SAS25002186,1,H00004,320.01.0001,1000,97.0706,1000,YERLİ,2026-01-02,224,,0,2,43.45,02,HM1,2234.0759,KAPALI,2025,12,51
703928,2025-12-18,SAS25002186,2,H00006,320.01.0001,1000,141.688,1000,YERLİ,2025-12-28,224,,0,2,43.45,02,HM1,3260.9436,KAPALI,2025,12,51
703929,2025-12-18,SAS25002187,1,H00011,320.01.0003,120,48.944,120,İTHAL,2026-02-16,224,,0,2,43.45,02,HM1,135.1733,KAPALI,2025,12,51
703930,2025-12-18,SAS25002187,2,H00007,320.01.0003,120,64.3547,120,İTHAL,2026-02-01,224,,0,2,43.45,02,HM1,177.7345,KAPALI,2025,12,51
703931,2025-12-18,SAS25002188,1,H00012,320.01.0004,500,40.3887,500,YERLİ,2026-01-17,224,,0,2,43.45,02,HM1,464.7722,KAPALI,2025,12,51
703932,2025-12-18,SAS25002188,2,D00003,320.01.0004,250,431.1357,250,YERLİ,2026-02-01,224,,0,2,43.45,03,DG1,2480.6427,KAPALI,2025,12,51
703933,2025-12-18,SAS25002188,3,D00010,320.01.0004,2000,299.2532,2000,YERLİ,2026-02-01,224,,0,2,43.45,03,DG1,13774.6007,KAPALI,2025,12,51
703934,2025-12-18,SAS25002189,1,H00014,320.01.0003,250,40.5051,250,İTHAL,2026-03-18,224,,0,2,43.45,02,HM1,233.0558,KAPALI,2025,12,51
703935,2025-12-18,SAS25002189,2,H00012,320.01.0003,10000,44.157,10000,İTHAL,2025-12-28,224,,0,2,43.45,02,HM1,10162.7158,KAPALI,2025,12,51
703936,2025-12-19,SAS25002190,1,H00004,320.01.0026,500,100.6886,500,YERLİ,2026-01-18,223,,0,2,43.45,02,HM1,1158.672,KAPALI,2025,12,51
703937,2025-12-19,SAS25002190,2,H00001,320.01.0026,2000,68.6615,2000,YERLİ,2026-01-18,223,,0,2,43.45,02,HM1,3160.4833,KAPALI,2025,12,51
703938,2025-12-19,SAS25002191,1,H00016,320.01.0007,5000,112.4527,5000,YERLİ,2026-02-02,223,,0,2,43.45,02,HM1,12940.4718,KAPALI,2025,12,51
703939,2025-12-19,SAS25002191,2,H00005,320.01.0007,250,63.9437,250,YERLİ,2026-01-09,223,,0,2,43.45,02,HM1,367.9154,KAPALI,2025,12,51
703940,2025-12-19,SAS25002191,3,D00011,320.01.0007,120,13.135,120,YERLİ,2026-03-19,223,,0,2,43.45,03,DG1,36.2762,KAPALI,2025,12,51
703941,2025-12-19,SAS25002192,1,D00012,320.01.0009,250,183.844,250,YERLİ,2026-01-18,223,,0,2,43.45,03,DG1,1057.7906,KAPALI,2025,12,51
703942,2025-12-19,SAS25002192,2,D00006,320.01.0009,500,402.3992,500,YERLİ,2026-02-02,223,,0,2,43.45,03,DG1,4630.6007,KAPALI,2025,12,51
703943,2025-12-19,SAS25002192,3,H00010,320.01.0009,5000,31.9288,0,YERLİ,2026-01-09,223,-202,5000,2,43.45,02,HM1,3674.2002,ACIK,2025,12,51
703944,2025-12-19,SAS25002193,1,H00012,320.01.0010,1000,41.8399,1000,YERLİ,2026-01-09,223,,0,2,43.45,02,HM1,962.9436,KAPALI,2025,12,51
703945,2025-12-19,SAS25002194,1,D00009,320.01.0015,5000,328.2419,5000,YERLİ,2026-01-18,223,,0,2,43.45,03,DG1,37772.3705,KAPALI,2025,12,51
703946,2025-12-19,SAS25002194,2,D00012,320.01.0015,2000,193.8294,2000,YERLİ,2026-02-17,223,,0,2,43.45,03,DG1,8921.9517,KAPALI,2025,12,51
703947,2025-12-22,SAS25002195,1,D00008,320.01.0013,2000,380.7302,2000,YERLİ,2026-02-05,220,,0,2,43.45,03,DG1,17524.9804,KAPALI,2025,12,52
703948,2025-12-22,SAS25002196,1,D00006,320.01.0004,250,451.5474,250,YERLİ,2026-01-06,220,,0,2,43.45,03,DG1,2598.0863,KAPALI,2025,12,52
703949,2025-12-22,SAS25002196,2,H00011,320.01.0004,500,48.1935,500,YERLİ,2026-01-12,220,,0,2,43.45,02,HM1,554.5857,KAPALI,2025,12,52
703950,2025-12-22,SAS25002196,3,H00007,320.01.0004,10000,61.8592,10000,YERLİ,2026-03-22,220,,0,2,43.45,02,HM1,14236.87,KAPALI,2025,12,52
703951,2025-12-22,SAS25002197,1,H00007,320.01.0007,10000,55.8854,10000,YERLİ,2026-01-06,220,,0,2,43.45,02,HM1,12862.0023,KAPALI,2025,12,52
703952,2025-12-23,SAS25002198,1,H00003,320.01.0007,2000,101.0203,2000,YERLİ,2026-03-23,219,,0,2,43.45,02,HM1,4649.9563,KAPALI,2025,12,52
703953,2025-12-23,SAS25002198,2,D00010,320.01.0007,500,271.8855,500,YERLİ,2026-01-02,219,,0,2,43.45,03,DG1,3128.7169,KAPALI,2025,12,52
703954,2025-12-23,SAS25002199,1,H00007,320.01.0002,120,62.6948,120,YERLİ,2026-02-06,219,,0,2,43.45,02,HM1,173.1502,KAPALI,2025,12,52
703955,2025-12-23,SAS25002199,2,H00006,320.01.0002,5000,146.558,5000,YERLİ,2026-02-06,219,,0,2,43.45,02,HM1,16865.1323,KAPALI,2025,12,52
703956,2025-12-23,SAS25002200,1,H00004,320.01.0028,5000,101.6058,5000,YERLİ,2026-02-21,219,,0,2,43.45,02,HM1,11692.267,KAPALI,2025,12,52
703957,2025-12-23,SAS25002201,1,D00004,320.01.0003,500,97.7063,500,İTHAL,2026-02-21,219,,0,2,43.45,03,DG1,1124.3533,KAPALI,2025,12,52
703958,2025-12-23,SAS25002201,2,D00009,320.01.0003,1000,328.0255,1000,İTHAL,2026-02-21,219,,0,2,43.45,03,DG1,7549.4937,KAPALI,2025,12,52
703959,2025-12-23,SAS25002202,1,H00009,320.01.0005,500,107.0103,500,YERLİ,2026-03-23,219,,0,2,43.45,02,HM1,1231.4189,KAPALI,2025,12,52
703960,2025-12-23,SAS25002202,2,H00008,320.01.0005,10000,90.1745,10000,YERLİ,2026-01-02,219,,0,2,43.45,02,HM1,20753.6249,KAPALI,2025,12,52
703961,2025-12-24,SAS25002203,1,H00008,320.01.0003,10000,86.0631,10000,İTHAL,2026-01-03,218,,0,2,43.45,02,HM1,19807.3878,KAPALI,2025,12,52
703962,2025-12-24,SAS25002203,2,D00012,320.01.0003,10000,185.1523,10000,İTHAL,2026-01-14,218,,0,2,43.45,03,DG1,42612.7273,KAPALI,2025,12,52
703963,2025-12-24,SAS25002204,1,D00001,320.01.0005,5000,45.2517,5000,YERLİ,2026-01-23,218,,0,2,43.45,03,DG1,5207.3303,KAPALI,2025,12,52
703964,2025-12-24,SAS25002205,1,D00012,320.01.0049,5000,191.9693,5000,YERLİ,2026-01-08,218,,0,2,43.45,03,DG1,22090.8285,KAPALI,2025,12,52
703965,2025-12-24,SAS25002205,2,D00008,320.01.0049,5000,364.5324,5000,YERLİ,2026-02-07,218,,0,2,43.45,03,DG1,41948.4925,KAPALI,2025,12,52
703966,2025-12-24,SAS25002206,1,H00002,320.01.0036,1000,28.1292,1000,YERLİ,2026-02-22,218,,0,2,43.45,02,HM1,647.3924,KAPALI,2025,12,52
703967,2025-12-25,SAS25002207,1,D00009,320.01.0007,2000,292.8922,2000,YERLİ,2026-01-24,217,,0,2,43.45,03,DG1,13481.8044,KAPALI,2025,12,52
703968,2025-12-25,SAS25002208,1,H00010,320.01.0003,500,32.8184,500,İTHAL,2026-02-08,217,,0,2,43.45,02,HM1,377.6571,KAPALI,2025,12,52
703969,2025-12-25,SAS25002209,1,D00007,320.01.0011,500,104.2119,500,YERLİ,2026-01-24,217,,0,2,43.45,03,DG1,1199.2163,KAPALI,2025,12,52
703970,2025-12-26,SAS25002210,1,D00011,320.01.0001,5000,13.1876,5000,YERLİ,2026-02-09,216,,0,2,43.45,03,DG1,1517.5604,KAPALI,2025,12,52
703971,2025-12-26,SAS25002210,2,H00004,320.01.0001,5000,90.0212,5000,YERLİ,2026-02-24,216,,0,2,43.45,02,HM1,10359.1715,KAPALI,2025,12,52
703972,2025-12-26,SAS25002211,1,D00011,320.01.0023,5000,11.538,5000,İTHAL,2026-02-09,216,,0,2,43.45,03,DG1,1327.733,KAPALI,2025,12,52
703973,2025-12-26,SAS25002211,2,D00001,320.01.0023,250,49.3269,250,İTHAL,2026-01-16,216,,0,2,43.45,03,DG1,283.8142,KAPALI,2025,12,52
703974,2025-12-26,SAS25002212,1,H00011,320.01.0017,1000,43.0488,1000,YERLİ,2026-01-05,216,,0,2,43.45,02,HM1,990.7664,KAPALI,2025,12,52
703975,2025-12-26,SAS25002212,2,D00003,320.01.0017,5000,427.0006,5000,YERLİ,2026-02-09,216,,0,2,43.45,03,DG1,49137.0081,KAPALI,2025,12,52
703976,2025-12-26,SAS25002212,3,H00009,320.01.0017,500,115.8031,500,YERLİ,2026-01-16,216,,0,2,43.45,02,HM1,1332.6018,KAPALI,2025,12,52
703977,2025-12-26,SAS25002213,1,D00011,320.01.0003,5000,11.7365,0,İTHAL,2026-02-09,216,-171,5000,2,43.45,03,DG1,1350.5754,ACIK,2025,12,52
703978,2025-12-26,SAS25002213,2,D00003,320.01.0003,1000,397.838,500,İTHAL,2026-03-26,216,-126,500,2,43.45,03,DG1,9156.2255,ACIK,2025,12,52
703979,2025-12-29,SAS25002214,1,H00001,320.01.0025,120,72.9854,120,İTHAL,2026-01-08,213,,0,2,43.45,02,HM1,201.5707,KAPALI,2025,12,1
703980,2025-12-29,SAS25002214,2,H00006,320.01.0025,120,138.5942,120,İTHAL,2026-01-19,213,,0,2,43.45,02,HM1,382.7688,KAPALI,2025,12,1
703981,2025-12-29,SAS25002215,1,D00005,320.01.0034,250,407.2743,250,YERLİ,2026-01-28,213,,0,2,43.45,03,DG1,2343.3504,KAPALI,2025,12,1
703982,2025-12-29,SAS25002215,2,D00003,320.01.0034,500,357.8131,250,YERLİ,2026-01-28,213,-183,250,2,43.45,03,DG1,4117.527,ACIK,2025,12,1
703983,2025-12-29,SAS25002215,3,H00008,320.01.0034,5000,83.5884,5000,YERLİ,2026-01-19,213,,0,2,43.45,02,HM1,9618.9183,KAPALI,2025,12,1
703984,2025-12-29,SAS25002216,1,H00001,320.01.0025,500,60.1109,500,İTHAL,2026-03-29,213,,0,2,43.45,02,HM1,691.725,KAPALI,2025,12,1
703985,2025-12-30,SAS25002217,1,H00011,320.01.0009,120,42.9783,120,YERLİ,2026-02-28,212,,0,2,43.45,02,HM1,118.6973,KAPALI,2025,12,1
703986,2025-12-30,SAS25002218,1,D00001,320.01.0025,120,45.3743,0,İTHAL,2026-01-20,212,-191,120,2,43.45,03,DG1,125.3145,ACIK,2025,12,1
703987,2025-12-30,SAS25002219,1,D00010,320.01.0016,2000,270.3755,2000,YERLİ,2026-01-29,212,,0,2,43.45,03,DG1,12445.3625,KAPALI,2025,12,1
703988,2025-12-31,SAS25002220,1,H00012,320.01.0002,120,44.6903,120,YERLİ,2026-03-01,211,,0,2,43.45,02,HM1,123.4255,KAPALI,2025,12,1
703989,2025-12-31,SAS25002220,2,D00004,320.01.0002,2000,95.9425,2000,YERLİ,2026-02-14,211,,0,2,43.45,03,DG1,4416.2255,KAPALI,2025,12,1
703990,2025-12-31,SAS25002221,1,H00004,320.01.0004,250,85.6067,250,YERLİ,2026-02-14,211,,0,2,43.45,02,HM1,492.5587,KAPALI,2025,12,1
703991,2025-12-31,SAS25002222,1,H00002,320.01.0054,2000,24.5625,2000,YERLİ,2026-03-31,211,,0,2,43.45,02,HM1,1130.6099,KAPALI,2025,12,1
703992,2025-12-31,SAS25002222,2,D00003,320.01.0054,1000,403.9172,1000,YERLİ,2026-02-14,211,,0,2,43.45,03,DG1,9296.1381,KAPALI,2025,12,1
703993,2025-12-31,SAS25002223,1,H00003,320.01.0029,10000,96.3843,10000,YERLİ,2026-02-14,211,,0,2,43.45,02,HM1,22182.8078,KAPALI,2025,12,1
703994,2025-12-31,SAS25002223,2,D00003,320.01.0029,2000,399.2986,2000,YERLİ,2026-01-10,211,,0,2,43.45,03,DG1,18379.6824,KAPALI,2025,12,1
703995,2025-12-31,SAS25002223,3,H00008,320.01.0029,250,81.4513,250,YERLİ,2026-01-15,211,,0,2,43.45,02,HM1,468.6496,KAPALI,2025,12,1
703996,2026-01-01,SAS26002224,1,D00006,320.01.0045,500,409.8576,500,YERLİ,2026-02-15,210,,0,2,44.1,03,DG1,4646.9116,KAPALI,2026,1,1
703997,2026-01-01,SAS26002225,1,H00006,320.01.0003,250,140.6655,250,İTHAL,2026-01-31,210,,0,2,44.1,02,HM1,797.4235,KAPALI,2026,1,1
703998,2026-01-01,SAS26002225,2,D00008,320.01.0003,250,400.9086,250,İTHAL,2026-01-16,210,,0,2,44.1,03,DG1,2272.7245,KAPALI,2026,1,1
703999,2026-01-01,SAS26002226,1,H00014,320.01.0017,5000,51.653,5000,YERLİ,2026-03-02,210,,0,2,44.1,02,HM1,5856.3492,KAPALI,2026,1,1
704000,2026-01-01,SAS26002226,2,H00010,320.01.0017,120,30.6201,120,YERLİ,2026-02-15,210,,0,2,44.1,02,HM1,83.32,KAPALI,2026,1,1
704001,2026-01-02,SAS26002227,1,H00006,320.01.0009,1000,156.9119,1000,YERLİ,2026-01-12,209,,0,2,44.1,02,HM1,3558.093,KAPALI,2026,1,1
704002,2026-01-02,SAS26002227,2,D00003,320.01.0009,250,353.0375,250,YERLİ,2026-04-02,209,,0,2,44.1,03,DG1,2001.3464,KAPALI,2026,1,1
704003,2026-01-02,SAS26002227,3,H00007,320.01.0009,120,62.3993,120,YERLİ,2026-01-12,209,,0,2,44.1,02,HM1,169.794,KAPALI,2026,1,1
704004,2026-01-02,SAS26002228,1,H00007,320.01.0024,120,58.0822,120,YERLİ,2026-02-01,209,,0,2,44.1,02,HM1,158.0468,KAPALI,2026,1,1
704005,2026-01-02,SAS26002228,2,H00004,320.01.0024,2000,89.5513,2000,YERLİ,2026-02-01,209,,0,2,44.1,02,HM1,4061.2834,KAPALI,2026,1,1
704006,2026-01-02,SAS26002229,1,H00003,320.01.0004,250,108.5768,250,YERLİ,2026-01-12,209,,0,2,44.1,02,HM1,615.5147,KAPALI,2026,1,1
704007,2026-01-02,SAS26002230,1,H00013,320.01.0053,2000,124.6492,2000,İTHAL,2026-01-12,209,,0,2,44.1,02,HM1,5653.0249,KAPALI,2026,1,1
704008,2026-01-02,SAS26002231,1,H00005,320.01.0014,500,66.9319,250,YERLİ,2026-01-12,209,-199,250,2,44.1,02,HM1,758.8651,ACIK,2026,1,1
704009,2026-01-02,SAS26002232,1,D00004,320.01.0001,5000,104.4202,5000,YERLİ,2026-04-02,209,,0,2,44.1,03,DG1,11839.0249,KAPALI,2026,1,1
704010,2026-01-02,SAS26002232,2,D00006,320.01.0001,250,377.0424,250,YERLİ,2026-03-03,209,,0,2,44.1,03,DG1,2137.4286,KAPALI,2026,1,1
704011,2026-01-05,SAS26002233,1,D00010,320.01.0034,2000,257.607,2000,YERLİ,2026-01-15,206,,0,2,44.1,03,DG1,11682.8571,KAPALI,2026,1,2
704012,2026-01-05,SAS26002233,2,H00011,320.01.0034,1000,49.321,500,YERLİ,2026-03-06,206,-146,500,2,44.1,02,HM1,1118.39,ACIK,2026,1,2
704013,2026-01-06,SAS26002234,1,D00008,320.01.0010,10000,411.5769,10000,YERLİ,2026-01-16,205,,0,2,44.1,03,DG1,93328.0952,KAPALI,2026,1,2
704014,2026-01-06,SAS26002235,1,H00015,320.01.0004,1000,54.8543,1000,YERLİ,2026-01-21,205,,0,2,44.1,02,HM1,1243.8617,KAPALI,2026,1,2
704015,2026-01-08,SAS26002236,1,H00016,320.01.0008,1000,109.8195,1000,YERLİ,2026-02-07,203,,0,2,44.1,02,HM1,2490.2381,KAPALI,2026,1,2
704016,2026-01-08,SAS26002237,1,D00004,320.01.0002,1000,101.0279,1000,YERLİ,2026-01-18,203,,0,2,44.1,03,DG1,2290.8821,KAPALI,2026,1,2
704017,2026-01-09,SAS26002238,1,H00003,320.01.0018,500,102.0371,500,YERLİ,2026-01-24,202,,0,2,44.1,02,HM1,1156.8832,KAPALI,2026,1,2
704018,2026-01-09,SAS26002239,1,H00004,320.01.0005,2000,97.6872,2000,YERLİ,2026-03-10,202,,0,2,44.1,02,HM1,4430.2585,KAPALI,2026,1,2
704019,2026-01-12,SAS26002240,1,H00004,320.01.0013,5000,91.99,5000,YERLİ,2026-02-26,199,,0,2,44.1,02,HM1,10429.7052,KAPALI,2026,1,3
704020,2026-01-12,SAS26002241,1,D00009,320.01.0053,120,348.0972,120,İTHAL,2026-01-22,199,,0,2,44.1,03,DG1,947.2033,KAPALI,2026,1,3
704021,2026-01-12,SAS26002241,2,H00015,320.01.0053,120,54.6928,120,İTHAL,2026-02-26,199,,0,2,44.1,02,HM1,148.8239,KAPALI,2026,1,3
704022,2026-01-12,SAS26002242,1,H00015,320.01.0007,1000,48.4163,1000,YERLİ,2026-02-26,199,,0,2,44.1,02,HM1,1097.8753,KAPALI,2026,1,3
704023,2026-01-13,SAS26002243,1,D00001,320.01.0003,1000,49.9232,1000,İTHAL,2026-02-03,198,,0,2,44.1,03,DG1,1132.0454,KAPALI,2026,1,3
704024,2026-01-13,SAS26002243,2,H00006,320.01.0003,1000,144.1329,1000,İTHAL,2026-04-13,198,,0,2,44.1,02,HM1,3268.3197,KAPALI,2026,1,3
704025,2026-01-13,SAS26002243,3,H00009,320.01.0003,2000,96.8765,1000,İTHAL,2026-01-23,198,-188,1000,2,44.1,02,HM1,4393.4921,ACIK,2026,1,3
704026,2026-01-13,SAS26002244,1,H00010,320.01.0028,1000,29.665,1000,YERLİ,2026-03-14,198,,0,2,44.1,02,HM1,672.6757,KAPALI,2026,1,3
704027,2026-01-13,SAS26002244,2,D00004,320.01.0028,250,83.9464,250,YERLİ,2026-04-13,198,,0,2,44.1,03,DG1,475.8866,KAPALI,2026,1,3
704028,2026-01-13,SAS26002245,1,H00003,320.01.0003,120,110.5971,120,İTHAL,2026-02-03,198,,0,2,44.1,02,HM1,300.9445,KAPALI,2026,1,3
704029,2026-01-13,SAS26002246,1,D00003,320.01.0002,250,417.9295,0,YERLİ,2026-02-12,198,-168,250,2,44.1,03,DG1,2369.2149,ACIK,2026,1,3
704030,2026-01-13,SAS26002246,2,H00011,320.01.0002,1000,55.1384,1000,YERLİ,2026-02-12,198,,0,2,44.1,02,HM1,1250.3039,KAPALI,2026,1,3
704031,2026-01-13,SAS26002246,3,H00012,320.01.0002,250,40.3058,250,YERLİ,2026-02-27,198,,0,2,44.1,02,HM1,228.4909,KAPALI,2026,1,3
704032,2026-01-14,SAS26002247,1,D00006,320.01.0025,1000,417.565,1000,İTHAL,2026-02-13,197,,0,2,44.1,03,DG1,9468.5941,KAPALI,2026,1,3
704033,2026-01-14,SAS26002248,1,H00012,320.01.0013,5000,46.2033,5000,YERLİ,2026-03-15,197,,0,2,44.1,02,HM1,5238.4694,KAPALI,2026,1,3
704034,2026-01-14,SAS26002248,2,D00010,320.01.0013,5000,253.2378,5000,YERLİ,2026-04-14,197,,0,2,44.1,03,DG1,28711.7687,KAPALI,2026,1,3
704035,2026-01-14,SAS26002248,3,H00005,320.01.0013,250,70.5944,250,YERLİ,2026-02-13,197,,0,2,44.1,02,HM1,400.195,KAPALI,2026,1,3
704036,2026-01-14,SAS26002249,1,H00013,320.01.0014,500,128.8544,500,YERLİ,2026-02-04,197,,0,2,44.1,02,HM1,1460.9342,KAPALI,2026,1,3
704037,2026-01-14,SAS26002249,2,D00001,320.01.0014,10000,53.0447,10000,YERLİ,2026-02-28,197,,0,2,44.1,03,DG1,12028.2766,KAPALI,2026,1,3
704038,2026-01-14,SAS26002249,3,D00002,320.01.0014,120,75.9005,60,YERLİ,2026-03-15,197,-137,60,2,44.1,03,DG1,206.532,ACIK,2026,1,3
704039,2026-01-14,SAS26002250,1,H00006,320.01.0007,1000,149.073,1000,YERLİ,2026-02-28,197,,0,2,44.1,02,HM1,3380.3401,KAPALI,2026,1,3
704040,2026-01-15,SAS26002251,1,D00008,320.01.0003,10000,420.4964,10000,İTHAL,2026-02-14,196,,0,2,44.1,03,DG1,95350.6576,KAPALI,2026,1,3
704041,2026-01-15,SAS26002251,2,H00002,320.01.0003,120,25.6332,120,İTHAL,2026-01-30,196,,0,2,44.1,02,HM1,69.7502,KAPALI,2026,1,3
704042,2026-01-15,SAS26002252,1,H00002,320.01.0051,500,26.6981,500,YERLİ,2026-03-01,196,,0,2,44.1,02,HM1,302.6995,KAPALI,2026,1,3
704043,2026-01-15,SAS26002252,2,D00002,320.01.0051,2000,83.6557,2000,YERLİ,2026-03-01,196,,0,2,44.1,03,DG1,3793.9093,KAPALI,2026,1,3
704044,2026-01-16,SAS26002253,1,H00011,320.01.0021,250,46.3109,250,YERLİ,2026-03-17,195,,0,2,44.1,02,HM1,262.5334,KAPALI,2026,1,3
704045,2026-01-16,SAS26002253,2,D00004,320.01.0021,1000,84.1861,1000,YERLİ,2026-03-17,195,,0,2,44.1,03,DG1,1908.9819,KAPALI,2026,1,3
704046,2026-01-19,SAS26002254,1,H00010,320.01.0006,120,27.9676,120,YERLİ,2026-03-05,192,,0,2,44.1,02,HM1,76.1023,KAPALI,2026,1,4
704047,2026-01-19,SAS26002255,1,D00011,320.01.0013,10000,11.4072,10000,YERLİ,2026-03-05,192,,0,2,44.1,03,DG1,2586.6667,KAPALI,2026,1,4
704048,2026-01-19,SAS26002255,2,H00008,320.01.0013,120,80.8544,120,YERLİ,2026-03-20,192,,0,2,44.1,02,HM1,220.012,KAPALI,2026,1,4
704049,2026-01-19,SAS26002256,1,H00010,320.01.0025,2000,26.9395,2000,İTHAL,2026-02-18,192,,0,2,44.1,02,HM1,1221.746,KAPALI,2026,1,4
704050,2026-01-19,SAS26002257,1,D00011,320.01.0003,2000,12.1708,2000,İTHAL,2026-02-18,192,,0,2,44.1,03,DG1,551.9637,KAPALI,2026,1,4
704051,2026-01-20,SAS26002258,1,H00002,320.01.0022,250,30.2219,125,YERLİ,2026-04-20,191,-101,125,2,44.1,02,HM1,171.326,ACIK,2026,1,4
704052,2026-01-20,SAS26002258,2,H00008,320.01.0022,500,84.316,500,YERLİ,2026-02-04,191,,0,2,44.1,02,HM1,955.9637,KAPALI,2026,1,4
704053,2026-01-20,SAS26002258,3,D00007,320.01.0022,500,109.681,500,YERLİ,2026-02-10,191,,0,2,44.1,03,DG1,1243.5488,KAPALI,2026,1,4
704054,2026-01-20,SAS26002259,1,H00008,320.01.0034,5000,78.2088,0,YERLİ,2026-02-10,191,-170,5000,2,44.1,02,HM1,8867.2109,ACIK,2026,1,4
704055,2026-01-20,SAS26002259,2,H00001,320.01.0034,5000,69.224,5000,YERLİ,2026-02-19,191,,0,2,44.1,02,HM1,7848.5261,KAPALI,2026,1,4
704056,2026-01-20,SAS26002260,1,H00009,320.01.0014,500,93.8468,0,YERLİ,2026-02-10,191,-170,500,2,44.1,02,HM1,1064.0227,ACIK,2026,1,4
704057,2026-01-20,SAS26002260,2,D00007,320.01.0014,500,107.8308,500,YERLİ,2026-02-04,191,,0,2,44.1,03,DG1,1222.5714,KAPALI,2026,1,4
704058,2026-01-20,SAS26002261,1,H00016,320.01.0034,5000,115.9103,5000,YERLİ,2026-01-30,191,,0,2,44.1,02,HM1,13141.7574,KAPALI,2026,1,4
704059,2026-01-21,SAS26002262,1,D00012,320.01.0002,120,159.7238,120,YERLİ,2026-01-31,190,,0,2,44.1,03,DG1,434.6226,KAPALI,2026,1,4
704060,2026-01-21,SAS26002262,2,H00014,320.01.0002,500,45.9771,500,YERLİ,2026-04-21,190,,0,2,44.1,02,HM1,521.2823,KAPALI,2026,1,4
704061,2026-01-21,SAS26002263,1,D00012,320.01.0009,5000,163.7505,5000,YERLİ,2026-03-07,190,,0,2,44.1,03,DG1,18565.8163,KAPALI,2026,1,4
704062,2026-01-21,SAS26002264,1,D00004,320.01.0004,1000,102.9847,1000,YERLİ,2026-03-22,190,,0,2,44.1,03,DG1,2335.254,KAPALI,2026,1,4
704063,2026-01-21,SAS26002264,2,D00010,320.01.0004,10000,263.4519,10000,YERLİ,2026-03-22,190,,0,2,44.1,03,DG1,59739.6599,KAPALI,2026,1,4
704064,2026-01-21,SAS26002264,3,D00001,320.01.0004,250,51.8222,250,YERLİ,2026-03-22,190,,0,2,44.1,03,DG1,293.7766,KAPALI,2026,1,4
704065,2026-01-22,SAS26002265,1,D00002,320.01.0012,250,77.8592,250,YERLİ,2026-04-22,189,,0,2,44.1,03,DG1,441.3787,KAPALI,2026,1,4
704066,2026-01-22,SAS26002266,1,D00008,320.01.0011,5000,380.4599,5000,YERLİ,2026-03-08,189,,0,2,44.1,03,DG1,43136.0431,KAPALI,2026,1,4
704067,2026-01-22,SAS26002266,2,H00011,320.01.0011,250,49.2402,250,YERLİ,2026-02-12,189,,0,2,44.1,02,HM1,279.1395,KAPALI,2026,1,4
704068,2026-01-23,SAS26002267,1,H00016,320.01.0053,2000,114.8082,2000,İTHAL,2026-02-07,188,,0,2,44.1,02,HM1,5206.7211,KAPALI,2026,1,4
704069,2026-01-23,SAS26002267,2,H00012,320.01.0053,250,40.0234,250,İTHAL,2026-02-22,188,,0,2,44.1,02,HM1,226.89,KAPALI,2026,1,4
704070,2026-01-23,SAS26002267,3,H00004,320.01.0053,10000,100.2376,10000,İTHAL,2026-02-07,188,,0,2,44.1,02,HM1,22729.6145,KAPALI,2026,1,4
704071,2026-01-23,SAS26002268,1,D00010,320.01.0033,2000,280.4734,2000,YERLİ,2026-03-24,188,,0,2,44.1,03,DG1,12719.8821,KAPALI,2026,1,4
704072,2026-01-23,SAS26002268,2,H00012,320.01.0033,500,45.2834,500,YERLİ,2026-02-22,188,,0,2,44.1,02,HM1,513.4172,KAPALI,2026,1,4
704073,2026-01-23,SAS26002269,1,D00006,320.01.0002,500,461.3079,500,YERLİ,2026-02-07,188,,0,2,44.1,03,DG1,5230.2483,KAPALI,2026,1,4
704074,2026-01-23,SAS26002269,2,H00007,320.01.0002,1000,61.6411,1000,YERLİ,2026-03-24,188,,0,2,44.1,02,HM1,1397.7574,KAPALI,2026,1,4
704075,2026-01-23,SAS26002269,3,H00009,320.01.0002,1000,106.8104,1000,YERLİ,2026-02-02,188,,0,2,44.1,02,HM1,2422.0045,KAPALI,2026,1,4
704076,2026-01-23,SAS26002270,1,H00001,320.01.0007,250,63.3823,250,YERLİ,2026-04-23,188,,0,2,44.1,02,HM1,359.3101,KAPALI,2026,1,4
704077,2026-01-23,SAS26002270,2,H00003,320.01.0007,500,100.5598,500,YERLİ,2026-03-09,188,,0,2,44.1,02,HM1,1140.1338,KAPALI,2026,1,4
704078,2026-01-23,SAS26002270,3,H00010,320.01.0007,120,30.6665,120,YERLİ,2026-04-23,188,,0,2,44.1,02,HM1,83.4463,KAPALI,2026,1,4
704079,2026-01-23,SAS26002271,1,D00005,320.01.0010,120,369.879,120,YERLİ,2026-04-23,188,,0,2,44.1,03,DG1,1006.4735,KAPALI,2026,1,4
704080,2026-01-26,SAS26002272,1,D00001,320.01.0006,120,46.0089,120,YERLİ,2026-02-10,185,,0,2,44.1,03,DG1,125.1943,KAPALI,2026,1,5
704081,2026-01-26,SAS26002273,1,H00015,320.01.0036,1000,53.7183,1000,YERLİ,2026-02-05,185,,0,2,44.1,02,HM1,1218.102,KAPALI,2026,1,5
704082,2026-01-27,SAS26002274,1,D00008,320.01.0034,120,422.0494,120,YERLİ,2026-02-26,184,,0,2,44.1,03,DG1,1148.4337,KAPALI,2026,1,5
704083,2026-01-27,SAS26002274,2,H00012,320.01.0034,500,37.7166,500,YERLİ,2026-02-06,184,,0,2,44.1,02,HM1,427.6259,KAPALI,2026,1,5
704084,2026-01-27,SAS26002274,3,D00012,320.01.0034,120,164.1194,120,YERLİ,2026-02-11,184,,0,2,44.1,03,DG1,446.5834,KAPALI,2026,1,5
704085,2026-01-27,SAS26002275,1,H00009,320.01.0015,1000,107.0522,1000,YERLİ,2026-02-11,184,,0,2,44.1,02,HM1,2427.4875,KAPALI,2026,1,5
704086,2026-01-27,SAS26002276,1,H00009,320.01.0033,1000,97.3328,1000,YERLİ,2026-03-28,184,,0,2,44.1,02,HM1,2207.093,KAPALI,2026,1,5
704087,2026-01-28,SAS26002277,1,H00009,320.01.0012,500,118.0488,500,YERLİ,2026-02-27,183,,0,2,44.1,02,HM1,1338.4218,KAPALI,2026,1,5
704088,2026-01-28,SAS26002278,1,H00014,320.01.0010,1000,46.2329,1000,YERLİ,2026-03-14,183,,0,2,44.1,02,HM1,1048.3651,KAPALI,2026,1,5
704089,2026-01-28,SAS26002279,1,D00011,320.01.0013,10000,13.3101,10000,YERLİ,2026-04-28,183,,0,2,44.1,03,DG1,3018.1633,KAPALI,2026,1,5
704090,2026-01-28,SAS26002279,2,H00016,320.01.0013,10000,120.3675,10000,YERLİ,2026-02-18,183,,0,2,44.1,02,HM1,27294.2177,KAPALI,2026,1,5
704091,2026-01-28,SAS26002280,1,D00001,320.01.0002,5000,54.0458,5000,YERLİ,2026-02-12,183,,0,2,44.1,03,DG1,6127.6417,KAPALI,2026,1,5
704092,2026-01-28,SAS26002280,2,H00005,320.01.0002,1000,70.5029,1000,YERLİ,2026-03-14,183,,0,2,44.1,02,HM1,1598.7052,KAPALI,2026,1,5
704093,2026-01-28,SAS26002280,3,D00012,320.01.0002,10000,160.7415,5000,YERLİ,2026-02-07,183,-173,5000,2,44.1,03,DG1,36449.3197,ACIK,2026,1,5
704094,2026-01-28,SAS26002281,1,D00003,320.01.0039,250,443.5841,250,YERLİ,2026-03-14,183,,0,2,44.1,03,DG1,2514.6491,KAPALI,2026,1,5
704095,2026-01-29,SAS26002282,1,D00006,320.01.0014,120,418.8633,120,YERLİ,2026-02-08,182,,0,2,44.1,03,DG1,1139.7641,KAPALI,2026,1,5
704096,2026-01-29,SAS26002282,2,H00005,320.01.0014,5000,79.1017,5000,YERLİ,2026-02-08,182,,0,2,44.1,02,HM1,8968.4467,KAPALI,2026,1,5
704097,2026-01-29,SAS26002282,3,H00013,320.01.0014,120,138.2928,120,YERLİ,2026-02-19,182,,0,2,44.1,02,HM1,376.3069,KAPALI,2026,1,5
704098,2026-01-29,SAS26002283,1,H00013,320.01.0001,5000,113.9863,5000,YERLİ,2026-02-28,182,,0,2,44.1,02,HM1,12923.6168,KAPALI,2026,1,5
704099,2026-01-29,SAS26002283,2,H00011,320.01.0001,500,48.7032,500,YERLİ,2026-03-30,182,,0,2,44.1,02,HM1,552.1905,KAPALI,2026,1,5
704100,2026-01-30,SAS26002284,1,D00003,320.01.0043,5000,355.6651,5000,İTHAL,2026-04-30,181,,0,2,44.1,03,DG1,40324.8413,KAPALI,2026,1,5
704101,2026-01-30,SAS26002284,2,D00003,320.01.0043,1000,415.4871,1000,İTHAL,2026-03-31,181,,0,2,44.1,03,DG1,9421.4762,KAPALI,2026,1,5
704102,2026-01-30,SAS26002285,1,D00001,320.01.0006,250,50.4475,250,YERLİ,2026-04-30,181,,0,2,44.1,03,DG1,285.9836,KAPALI,2026,1,5
704103,2026-01-30,SAS26002286,1,H00005,320.01.0025,500,78.3271,500,İTHAL,2026-02-09,181,,0,2,44.1,02,HM1,888.0624,KAPALI,2026,1,5
704104,2026-02-02,SAS26002287,1,D00005,320.01.0053,120,384.8135,120,İTHAL,2026-02-23,178,,0,2,44.6833,03,DG1,1033.4425,KAPALI,2026,2,6
704105,2026-02-02,SAS26002287,2,D00012,320.01.0053,1000,166.5444,1000,İTHAL,2026-03-19,178,,0,2,44.6833,03,DG1,3727.218,KAPALI,2026,2,6
704106,2026-02-02,SAS26002288,1,D00008,320.01.0015,1000,398.4239,1000,YERLİ,2026-03-19,178,,0,2,44.6833,03,DG1,8916.6176,KAPALI,2026,2,6
704107,2026-02-02,SAS26002288,2,H00005,320.01.0015,120,77.2226,120,YERLİ,2026-05-03,178,,0,2,44.6833,02,HM1,207.3865,KAPALI,2026,2,6
704108,2026-02-02,SAS26002288,3,D00002,320.01.0015,2000,79.1465,2000,YERLİ,2026-03-04,178,,0,2,44.6833,03,DG1,3542.5539,KAPALI,2026,2,6
704109,2026-02-02,SAS26002289,1,H00015,320.01.0024,5000,53.0637,5000,YERLİ,2026-03-04,178,,0,2,44.6833,02,HM1,5937.7553,KAPALI,2026,2,6
704110,2026-02-02,SAS26002289,2,H00001,320.01.0024,250,73.9641,250,YERLİ,2026-02-17,178,,0,2,44.6833,02,HM1,413.8241,KAPALI,2026,2,6
704111,2026-02-02,SAS26002289,3,H00010,320.01.0024,120,30.2414,120,YERLİ,2026-02-17,178,,0,2,44.6833,02,HM1,81.2153,KAPALI,2026,2,6
704112,2026-02-02,SAS26002290,1,H00014,320.01.0013,2000,47.8307,2000,YERLİ,2026-03-19,178,,0,2,44.6833,02,HM1,2140.8759,KAPALI,2026,2,6
704113,2026-02-02,SAS26002290,2,D00012,320.01.0013,500,186.7519,500,YERLİ,2026-04-03,178,,0,2,44.6833,03,DG1,2089.7282,KAPALI,2026,2,6
704114,2026-02-02,SAS26002291,1,H00008,320.01.0009,5000,78.3026,0,YERLİ,2026-05-03,178,-88,5000,2,44.6833,02,HM1,8761.9536,ACIK,2026,2,6
704115,2026-02-03,SAS26002292,1,H00014,320.01.0020,250,48.2232,250,YERLİ,2026-04-04,177,,0,2,44.6833,02,HM1,269.8055,KAPALI,2026,2,6
704116,2026-02-03,SAS26002292,2,D00005,320.01.0020,5000,388.274,5000,YERLİ,2026-04-04,177,,0,2,44.6833,03,DG1,43447.3282,KAPALI,2026,2,6
704117,2026-02-03,SAS26002293,1,H00007,320.01.0001,120,57.2972,120,YERLİ,2026-05-04,177,,0,2,44.6833,02,HM1,153.8755,KAPALI,2026,2,6
704118,2026-02-03,SAS26002293,2,D00010,320.01.0001,250,309.1508,250,YERLİ,2026-02-18,177,,0,2,44.6833,03,DG1,1729.6775,KAPALI,2026,2,6
704119,2026-02-03,SAS26002293,3,D00006,320.01.0001,120,399.5154,120,YERLİ,2026-04-04,177,,0,2,44.6833,03,DG1,1072.9254,KAPALI,2026,2,6
704120,2026-02-03,SAS26002294,1,D00001,320.01.0006,5000,44.5061,5000,YERLİ,2026-02-24,177,,0,2,44.6833,03,DG1,4980.1716,KAPALI,2026,2,6
704121,2026-02-03,SAS26002294,2,D00008,320.01.0006,250,417.8705,250,YERLİ,2026-02-13,177,,0,2,44.6833,03,DG1,2337.9568,KAPALI,2026,2,6
704122,2026-02-03,SAS26002294,3,H00016,320.01.0006,10000,123.9227,10000,YERLİ,2026-03-05,177,,0,2,44.6833,02,HM1,27733.5604,KAPALI,2026,2,6
704123,2026-02-03,SAS26002295,1,H00016,320.01.0005,10000,113.8317,5000,YERLİ,2026-04-04,177,-117,5000,2,44.6833,02,HM1,25475.2223,ACIK,2026,2,6
704124,2026-02-03,SAS26002295,2,H00009,320.01.0005,1000,104.1953,1000,YERLİ,2026-03-05,177,,0,2,44.6833,02,HM1,2331.8622,KAPALI,2026,2,6
704125,2026-02-03,SAS26002295,3,H00010,320.01.0005,250,34.5794,250,YERLİ,2026-05-04,177,,0,2,44.6833,02,HM1,193.4694,KAPALI,2026,2,6
704126,2026-02-04,SAS26002296,1,H00007,320.01.0019,120,67.5001,120,YERLİ,2026-02-25,176,,0,2,44.6833,02,HM1,181.276,KAPALI,2026,2,6
704127,2026-02-04,SAS26002297,1,H00015,320.01.0038,5000,58.8231,5000,YERLİ,2026-04-05,176,,0,2,44.6833,02,HM1,6582.2242,KAPALI,2026,2,6
704128,2026-02-04,SAS26002297,2,H00005,320.01.0038,1000,74.5044,1000,YERLİ,2026-03-21,176,,0,2,44.6833,02,HM1,1667.388,KAPALI,2026,2,6
704129,2026-02-04,SAS26002298,1,H00002,320.01.0055,5000,27.7105,5000,İTHAL,2026-02-19,176,,0,2,44.6833,02,HM1,3100.767,KAPALI,2026,2,6
704130,2026-02-04,SAS26002298,2,D00010,320.01.0055,5000,308.3232,5000,İTHAL,2026-04-05,176,,0,2,44.6833,03,DG1,34500.9433,KAPALI,2026,2,6
704131,2026-02-04,SAS26002299,1,H00015,320.01.0042,120,52.3207,120,YERLİ,2026-02-25,176,,0,2,44.6833,02,HM1,140.5108,KAPALI,2026,2,6
704132,2026-02-04,SAS26002299,2,D00006,320.01.0042,5000,376.2324,5000,YERLİ,2026-02-25,176,,0,2,44.6833,03,DG1,42099.8897,KAPALI,2026,2,6
704133,2026-02-05,SAS26002300,1,H00004,320.01.0008,250,100.2335,250,YERLİ,2026-02-15,175,,0,2,44.6833,02,HM1,560.7996,KAPALI,2026,2,6
704134,2026-02-05,SAS26002301,1,D00002,320.01.0033,500,80.1151,500,YERLİ,2026-02-26,175,,0,2,44.6833,03,DG1,896.477,KAPALI,2026,2,6
704135,2026-02-05,SAS26002302,1,H00002,320.01.0005,5000,24.952,5000,YERLİ,2026-02-15,175,,0,2,44.6833,02,HM1,2792.0946,KAPALI,2026,2,6
704136,2026-02-05,SAS26002302,2,D00003,320.01.0005,1000,382.767,1000,YERLİ,2026-02-20,175,,0,2,44.6833,03,DG1,8566.2205,KAPALI,2026,2,6
704137,2026-02-05,SAS26002302,3,H00008,320.01.0005,500,74.6937,500,YERLİ,2026-05-06,175,,0,2,44.6833,02,HM1,835.8123,KAPALI,2026,2,6
704138,2026-02-06,SAS26002303,1,D00008,320.01.0002,2000,438.5692,2000,YERLİ,2026-02-16,174,,0,2,44.6833,03,DG1,19630.1168,KAPALI,2026,2,6
704139,2026-02-06,SAS26002303,2,H00010,320.01.0002,5000,29.3312,5000,YERLİ,2026-02-21,174,,0,2,44.6833,02,HM1,3282.1211,KAPALI,2026,2,6
704140,2026-02-06,SAS26002304,1,H00002,320.01.0002,500,29.1656,500,YERLİ,2026-04-07,174,,0,2,44.6833,02,HM1,326.3591,KAPALI,2026,2,6
704141,2026-02-06,SAS26002304,2,D00001,320.01.0002,500,43.5434,500,YERLİ,2026-04-07,174,,0,2,44.6833,03,DG1,487.2447,KAPALI,2026,2,6
704142,2026-02-09,SAS26002305,1,D00012,320.01.0024,10000,182.2618,10000,YERLİ,2026-04-10,171,,0,2,44.6833,03,DG1,40789.691,KAPALI,2026,2,7
704143,2026-02-10,SAS26002306,1,H00006,320.01.0001,250,130.9235,250,YERLİ,2026-03-12,170,,0,2,44.6833,02,HM1,732.508,KAPALI,2026,2,7
704144,2026-02-10,SAS26002306,2,H00012,320.01.0001,500,45.0792,500,YERLİ,2026-03-27,170,,0,2,44.6833,02,HM1,504.4301,KAPALI,2026,2,7
704145,2026-02-10,SAS26002307,1,H00008,320.01.0012,10000,77.45,10000,YERLİ,2026-02-20,170,,0,2,44.6833,02,HM1,17333.0976,KAPALI,2026,2,7
704146,2026-02-10,SAS26002307,2,D00005,320.01.0012,5000,423.3513,5000,YERLİ,2026-03-12,170,,0,2,44.6833,03,DG1,47372.43,KAPALI,2026,2,7
704147,2026-02-10,SAS26002307,3,H00009,320.01.0012,5000,109.9684,5000,YERLİ,2026-04-11,170,,0,2,44.6833,02,HM1,12305.3132,KAPALI,2026,2,7
704148,2026-02-10,SAS26002308,1,D00012,320.01.0001,500,166.9674,500,YERLİ,2026-02-25,170,,0,2,44.6833,03,DG1,1868.3423,KAPALI,2026,2,7
704149,2026-02-10,SAS26002308,2,H00013,320.01.0001,500,120.4751,500,YERLİ,2026-03-27,170,,0,2,44.6833,02,HM1,1348.0998,KAPALI,2026,2,7
704150,2026-02-10,SAS26002309,1,D00001,320.01.0005,2000,50.0711,2000,YERLİ,2026-03-03,170,,0,2,44.6833,03,DG1,2241.155,KAPALI,2026,2,7
704151,2026-02-10,SAS26002309,2,H00006,320.01.0005,10000,155.8159,10000,YERLİ,2026-02-20,170,,0,2,44.6833,02,HM1,34871.1711,KAPALI,2026,2,7
704152,2026-02-10,SAS26002310,1,D00001,320.01.0004,1000,43.648,1000,YERLİ,2026-04-11,170,,0,2,44.6833,03,DG1,976.8303,KAPALI,2026,2,7
704153,2026-02-10,SAS26002310,2,D00007,320.01.0004,250,100.4676,250,YERLİ,2026-05-11,170,,0,2,44.6833,03,DG1,562.1093,KAPALI,2026,2,7
704154,2026-02-11,SAS26002311,1,H00013,320.01.0006,5000,124.2756,2500,YERLİ,2026-03-04,169,-148,2500,2,44.6833,02,HM1,13906.2692,ACIK,2026,2,7
704155,2026-02-11,SAS26002312,1,H00002,320.01.0008,1000,26.232,1000,YERLİ,2026-03-13,169,,0,2,44.6833,02,HM1,587.065,KAPALI,2026,2,7
704156,2026-02-11,SAS26002312,2,D00001,320.01.0008,10000,45.9873,10000,YERLİ,2026-04-12,169,,0,2,44.6833,03,DG1,10291.8316,KAPALI,2026,2,7
704157,2026-02-11,SAS26002312,3,H00011,320.01.0008,250,53.117,250,YERLİ,2026-03-28,169,,0,2,44.6833,02,HM1,297.186,KAPALI,2026,2,7
704158,2026-02-11,SAS26002313,1,H00011,320.01.0014,500,55.6474,500,YERLİ,2026-02-21,169,,0,2,44.6833,02,HM1,622.6868,KAPALI,2026,2,7
704159,2026-02-11,SAS26002314,1,H00013,320.01.0005,5000,113.2708,5000,YERLİ,2026-05-12,169,,0,2,44.6833,02,HM1,12674.8472,KAPALI,2026,2,7
704160,2026-02-12,SAS26002315,1,H00003,320.01.0015,1000,93.2566,1000,YERLİ,2026-05-13,168,,0,2,44.6833,02,HM1,2087.0571,KAPALI,2026,2,7
704161,2026-02-12,SAS26002315,2,D00005,320.01.0015,120,416.3292,120,YERLİ,2026-02-27,168,,0,2,44.6833,03,DG1,1118.08,KAPALI,2026,2,7
704162,2026-02-12,SAS26002315,3,D00003,320.01.0015,10000,401.9405,10000,YERLİ,2026-03-14,168,,0,2,44.6833,03,DG1,89953.1816,KAPALI,2026,2,7
704163,2026-02-12,SAS26002316,1,D00005,320.01.0055,250,356.426,0,İTHAL,2026-03-14,168,-138,250,2,44.6833,03,DG1,1994.179,ACIK,2026,2,7
704164,2026-02-12,SAS26002316,2,D00011,320.01.0055,5000,12.1733,5000,İTHAL,2026-02-27,168,,0,2,44.6833,03,DG1,1362.1756,KAPALI,2026,2,7
704165,2026-02-12,SAS26002316,3,D00012,320.01.0055,5000,186.4726,5000,İTHAL,2026-04-13,168,,0,2,44.6833,03,DG1,20866.0282,KAPALI,2026,2,7
704166,2026-02-12,SAS26002317,1,H00008,320.01.0011,2000,82.1878,2000,YERLİ,2026-02-27,168,,0,2,44.6833,02,HM1,3678.6808,KAPALI,2026,2,7
704167,2026-02-12,SAS26002318,1,H00004,320.01.0027,500,98.3499,500,YERLİ,2026-02-22,168,,0,2,44.6833,02,HM1,1100.5219,KAPALI,2026,2,7
704168,2026-02-13,SAS26002319,1,D00007,320.01.0005,10000,116.3662,10000,YERLİ,2026-05-14,167,,0,2,44.6833,03,DG1,26042.4364,KAPALI,2026,2,7
704169,2026-02-13,SAS26002320,1,H00015,320.01.0025,120,60.7533,60,İTHAL,2026-04-14,167,-107,60,2,44.6833,02,HM1,163.1571,ACIK,2026,2,7
704170,2026-02-13,SAS26002321,1,D00012,320.01.0025,1000,196.4388,1000,İTHAL,2026-04-14,167,,0,2,44.6833,03,DG1,4396.2465,KAPALI,2026,2,7
704171,2026-02-13,SAS26002321,2,H00016,320.01.0025,250,116.5142,250,İTHAL,2026-03-15,167,,0,2,44.6833,02,HM1,651.889,KAPALI,2026,2,7
704172,2026-02-16,SAS26002322,1,D00008,320.01.0033,2000,400.892,0,YERLİ,2026-02-26,164,-154,2000,2,44.6833,03,DG1,17943.706,ACIK,2026,2,8
704173,2026-02-16,SAS26002322,2,H00008,320.01.0033,250,84.9316,250,YERLİ,2026-04-17,164,,0,2,44.6833,02,HM1,475.1865,KAPALI,2026,2,8
704174,2026-02-16,SAS26002322,3,H00011,320.01.0033,1000,55.5734,1000,YERLİ,2026-02-26,164,,0,2,44.6833,02,HM1,1243.7175,KAPALI,2026,2,8
704175,2026-02-16,SAS26002323,1,D00006,320.01.0036,120,384.3557,120,YERLİ,2026-02-26,164,,0,2,44.6833,03,DG1,1032.213,KAPALI,2026,2,8
704176,2026-02-16,SAS26002324,1,H00002,320.01.0029,1000,25.0599,1000,YERLİ,2026-05-17,164,,0,2,44.6833,02,HM1,560.8337,KAPALI,2026,2,8
704177,2026-02-17,SAS26002325,1,D00008,320.01.0007,500,440.7162,500,YERLİ,2026-03-04,163,,0,2,44.6833,03,DG1,4931.5538,KAPALI,2026,2,8
704178,2026-02-17,SAS26002326,1,D00010,320.01.0001,120,271.0413,120,YERLİ,2026-02-27,163,,0,2,44.6833,03,DG1,727.8996,KAPALI,2026,2,8
704179,2026-02-17,SAS26002326,2,H00014,320.01.0001,5000,45.6355,5000,YERLİ,2026-04-18,163,,0,2,44.6833,02,HM1,5106.5499,KAPALI,2026,2,8
704180,2026-02-18,SAS26002327,1,H00010,320.01.0005,10000,28.9958,10000,YERLİ,2026-04-04,162,,0,2,44.6833,02,HM1,6489.1805,KAPALI,2026,2,8
704181,2026-02-18,SAS26002327,2,D00010,320.01.0005,10000,286.1129,10000,YERLİ,2026-03-11,162,,0,2,44.6833,03,DG1,64031.2824,KAPALI,2026,2,8
704182,2026-02-18,SAS26002328,1,H00011,320.01.0041,250,51.7301,250,İTHAL,2026-05-19,162,,0,2,44.6833,02,HM1,289.4264,KAPALI,2026,2,8
704183,2026-02-18,SAS26002329,1,H00015,320.01.0053,250,60.4158,250,İTHAL,2026-03-05,162,,0,2,44.6833,02,HM1,338.0223,KAPALI,2026,2,8
704184,2026-02-19,SAS26002330,1,H00006,320.01.0045,5000,156.2558,5000,YERLİ,2026-05-20,161,,0,2,44.6833,02,HM1,17484.8098,KAPALI,2026,2,8
704185,2026-02-19,SAS26002331,1,D00009,320.01.0001,500,305.3131,500,YERLİ,2026-05-20,161,,0,2,44.6833,03,DG1,3416.4117,KAPALI,2026,2,8
704186,2026-02-19,SAS26002331,2,H00001,320.01.0001,1000,65.2611,1000,YERLİ,2026-03-06,161,,0,2,44.6833,02,HM1,1460.5255,KAPALI,2026,2,8
704187,2026-02-20,SAS26002332,1,H00013,320.01.0002,120,130.3587,120,YERLİ,2026-03-02,160,,0,2,44.6833,02,HM1,350.087,KAPALI,2026,2,8
704188,2026-02-20,SAS26002333,1,H00011,320.01.0009,250,50.2915,250,YERLİ,2026-04-06,160,,0,2,44.6833,02,HM1,281.3775,KAPALI,2026,2,8
704189,2026-02-20,SAS26002333,2,H00003,320.01.0009,1000,104.7981,1000,YERLİ,2026-03-13,160,,0,2,44.6833,02,HM1,2345.3527,KAPALI,2026,2,8
704190,2026-02-20,SAS26002333,3,D00003,320.01.0009,2000,405.2355,2000,YERLİ,2026-04-06,160,,0,2,44.6833,03,DG1,18138.1187,KAPALI,2026,2,8
704191,2026-02-20,SAS26002334,1,H00007,320.01.0033,250,58.5161,250,YERLİ,2026-03-13,160,,0,2,44.6833,02,HM1,327.3936,KAPALI,2026,2,8
704192,2026-02-20,SAS26002335,1,D00008,320.01.0043,120,469.2541,120,İTHAL,2026-03-13,160,,0,2,44.6833,03,DG1,1260.2134,KAPALI,2026,2,8
704193,2026-02-23,SAS26002336,1,H00008,320.01.0053,2000,83.9335,2000,İTHAL,2026-04-24,157,,0,2,44.6833,02,HM1,3756.8174,KAPALI,2026,2,9
704194,2026-02-23,SAS26002336,2,D00005,320.01.0053,1000,384.7485,1000,İTHAL,2026-03-05,157,,0,2,44.6833,03,DG1,8610.5659,KAPALI,2026,2,9
704195,2026-02-23,SAS26002336,3,D00008,320.01.0053,1000,446.1081,1000,İTHAL,2026-04-09,157,,0,2,44.6833,03,DG1,9983.7769,KAPALI,2026,2,9
704196,2026-02-23,SAS26002337,1,D00010,320.01.0003,1000,246.2865,1000,İTHAL,2026-05-24,157,,0,2,44.6833,03,DG1,5511.8243,KAPALI,2026,2,9
704197,2026-02-23,SAS26002338,1,D00002,320.01.0003,10000,92.0138,10000,İTHAL,2026-04-24,157,,0,2,44.6833,03,DG1,20592.4361,KAPALI,2026,2,9
704198,2026-02-23,SAS26002339,1,H00007,320.01.0017,120,68.3215,120,YERLİ,2026-04-24,157,,0,2,44.6833,02,HM1,183.482,KAPALI,2026,2,9
704199,2026-02-23,SAS26002340,1,H00002,320.01.0023,2000,25.1818,0,İTHAL,2026-03-05,157,-147,2000,2,44.6833,02,HM1,1127.1236,ACIK,2026,2,9
704200,2026-02-23,SAS26002340,2,D00010,320.01.0023,250,265.6913,250,İTHAL,2026-04-09,157,,0,2,44.6833,03,DG1,1486.5246,KAPALI,2026,2,9
704201,2026-02-24,SAS26002341,1,H00010,320.01.0001,500,31.4687,500,YERLİ,2026-03-17,156,,0,2,44.6833,02,HM1,352.1304,KAPALI,2026,2,9
704202,2026-02-24,SAS26002341,2,D00009,320.01.0001,500,334.9076,500,YERLİ,2026-03-17,156,,0,2,44.6833,03,DG1,3747.5701,KAPALI,2026,2,9
704203,2026-02-24,SAS26002342,1,H00010,320.01.0003,120,33.9628,120,İTHAL,2026-05-25,156,,0,2,44.6833,02,HM1,91.2094,KAPALI,2026,2,9
704204,2026-02-24,SAS26002342,2,H00001,320.01.0003,500,66.1883,0,İTHAL,2026-04-25,156,-96,500,2,44.6833,02,HM1,740.638,ACIK,2026,2,9
704205,2026-02-24,SAS26002343,1,D00003,320.01.0034,5000,419.9636,5000,YERLİ,2026-03-26,156,,0,2,44.6833,03,DG1,46993.351,KAPALI,2026,2,9
704206,2026-02-24,SAS26002344,1,H00013,320.01.0024,2000,113.8213,2000,YERLİ,2026-05-25,156,,0,2,44.6833,02,HM1,5094.579,KAPALI,2026,2,9
704207,2026-02-25,SAS26002345,1,H00012,320.01.0004,250,41.6563,250,YERLİ,2026-05-26,155,,0,2,44.6833,02,HM1,233.0641,KAPALI,2026,2,9
704208,2026-02-25,SAS26002345,2,H00009,320.01.0004,500,98.7014,500,YERLİ,2026-04-11,155,,0,2,44.6833,02,HM1,1104.4551,KAPALI,2026,2,9
704209,2026-02-25,SAS26002346,1,D00011,320.01.0007,500,12.7627,500,YERLİ,2026-03-12,155,,0,2,44.6833,03,DG1,142.8129,KAPALI,2026,2,9
704210,2026-02-26,SAS26002347,1,H00015,320.01.0004,500,54.0257,500,YERLİ,2026-04-27,154,,0,2,44.6833,02,HM1,604.5402,KAPALI,2026,2,9
704211,2026-02-27,SAS26002348,1,D00005,320.01.0014,10000,407.9879,10000,YERLİ,2026-04-28,153,,0,2,44.6833,03,DG1,91306.5731,KAPALI,2026,2,9
704212,2026-02-27,SAS26002349,1,D00009,320.01.0011,500,314.6501,500,YERLİ,2026-05-28,153,,0,2,44.6833,03,DG1,3520.8915,KAPALI,2026,2,9
704213,2026-03-02,SAS26002350,1,H00007,320.01.0003,5000,59.9782,5000,İTHAL,2026-05-01,150,,0,2,45.2667,02,HM1,6624.9804,KAPALI,2026,3,10
704214,2026-03-02,SAS26002350,2,D00001,320.01.0003,1000,46.1751,1000,İTHAL,2026-04-16,150,,0,2,45.2667,03,DG1,1020.0677,KAPALI,2026,3,10
704215,2026-03-02,SAS26002351,1,H00015,320.01.0001,500,62.374,500,YERLİ,2026-03-12,150,,0,2,45.2667,02,HM1,688.9612,KAPALI,2026,3,10
704216,2026-03-02,SAS26002352,1,H00002,320.01.0040,10000,30.3347,10000,YERLİ,2026-05-01,150,,0,2,45.2667,02,HM1,6701.3279,KAPALI,2026,3,10
704217,2026-03-02,SAS26002352,2,H00013,320.01.0040,5000,137.9287,5000,YERLİ,2026-04-16,150,,0,2,45.2667,02,HM1,15235.1176,KAPALI,2026,3,10
704218,2026-03-03,SAS26002353,1,H00003,320.01.0021,120,114.6488,120,YERLİ,2026-04-02,149,,0,2,45.2667,02,HM1,303.9288,KAPALI,2026,3,10
704219,2026-03-03,SAS26002354,1,H00015,320.01.0026,120,49.3628,120,YERLİ,2026-06-01,149,,0,2,45.2667,02,HM1,130.8586,KAPALI,2026,3,10
704220,2026-03-03,SAS26002354,2,H00016,320.01.0026,10000,106.0148,10000,YERLİ,2026-03-13,149,,0,2,45.2667,02,HM1,23420.0417,KAPALI,2026,3,10
704221,2026-03-04,SAS26002355,1,D00009,320.01.0039,120,301.7813,120,YERLİ,2026-04-03,148,,0,2,45.2667,03,DG1,800.0087,KAPALI,2026,3,10
704222,2026-03-04,SAS26002356,1,H00007,320.01.0003,5000,62.4551,5000,İTHAL,2026-04-18,148,,0,2,45.2667,02,HM1,6898.57,KAPALI,2026,3,10
704223,2026-03-04,SAS26002356,2,D00009,320.01.0003,2000,334.4372,2000,İTHAL,2026-04-03,148,,0,2,45.2667,03,DG1,14776.3013,KAPALI,2026,3,10
704224,2026-03-04,SAS26002357,1,D00011,320.01.0043,250,11.8003,250,İTHAL,2026-03-25,148,,0,2,45.2667,03,DG1,65.171,KAPALI,2026,3,10
704225,2026-03-04,SAS26002358,1,H00003,320.01.0004,500,115.1391,500,YERLİ,2026-03-14,148,,0,2,45.2667,02,HM1,1271.7859,KAPALI,2026,3,10
704226,2026-03-04,SAS26002358,2,D00002,320.01.0004,120,79.1593,120,YERLİ,2026-03-14,148,,0,2,45.2667,03,DG1,209.8478,KAPALI,2026,3,10
704227,2026-03-05,SAS26002359,1,D00001,320.01.0004,10000,48.7177,10000,YERLİ,2026-03-26,147,,0,2,45.2667,03,DG1,10762.3706,KAPALI,2026,3,10
704228,2026-03-05,SAS26002359,2,D00002,320.01.0004,250,84.8694,250,YERLİ,2026-03-15,147,,0,2,45.2667,03,DG1,468.7187,KAPALI,2026,3,10
704229,2026-03-05,SAS26002360,1,D00009,320.01.0004,1000,334.7944,1000,YERLİ,2026-03-20,147,,0,2,45.2667,03,DG1,7396.0417,KAPALI,2026,3,10
704230,2026-03-05,SAS26002361,1,H00016,320.01.0012,500,107.1471,500,YERLİ,2026-03-20,147,,0,2,45.2667,02,HM1,1183.5091,KAPALI,2026,3,10
704231,2026-03-05,SAS26002361,2,H00007,320.01.0012,1000,59.5893,1000,YERLİ,2026-04-04,147,,0,2,45.2667,02,HM1,1316.4048,KAPALI,2026,3,10
704232,2026-03-06,SAS26002362,1,D00006,320.01.0017,5000,472.9434,0,YERLİ,2026-03-16,146,-136,5000,2,45.2667,03,DG1,52239.6596,ACIK,2026,3,10
704233,2026-03-06,SAS26002362,2,H00012,320.01.0017,10000,42.0031,10000,YERLİ,2026-04-05,146,,0,2,45.2667,02,HM1,9279.0285,KAPALI,2026,3,10
704234,2026-03-06,SAS26002363,1,H00012,320.01.0004,120,42.9077,120,YERLİ,2026-03-16,146,,0,2,45.2667,02,HM1,113.7464,KAPALI,2026,3,10
704235,2026-03-06,SAS26002364,1,D00007,320.01.0019,5000,119.1447,5000,YERLİ,2026-04-05,146,,0,2,45.2667,03,DG1,13160.3033,KAPALI,2026,3,10
704236,2026-03-06,SAS26002365,1,H00015,320.01.0011,500,55.4937,500,YERLİ,2026-06-04,146,,0,2,45.2667,02,HM1,612.9638,KAPALI,2026,3,10
704237,2026-03-06,SAS26002366,1,H00003,320.01.0003,10000,95.749,10000,İTHAL,2026-03-27,146,,0,2,45.2667,02,HM1,21152.1936,KAPALI,2026,3,10
704238,2026-03-09,SAS26002367,1,D00002,320.01.0046,1000,90.9828,1000,YERLİ,2026-05-08,143,,0,2,45.2667,03,DG1,2009.9278,KAPALI,2026,3,11
704239,2026-03-09,SAS26002367,2,H00013,320.01.0046,120,131.1082,120,YERLİ,2026-05-08,143,,0,2,45.2667,02,HM1,347.562,KAPALI,2026,3,11
704240,2026-03-09,SAS26002368,1,D00007,320.01.0026,2000,111.5169,2000,YERLİ,2026-04-23,143,,0,2,45.2667,03,DG1,4927.1054,KAPALI,2026,3,11
704241,2026-03-09,SAS26002368,2,D00001,320.01.0026,10000,56.1488,10000,YERLİ,2026-05-08,143,,0,2,45.2667,03,DG1,12403.9968,KAPALI,2026,3,11
704242,2026-03-09,SAS26002368,3,D00005,320.01.0026,10000,433.1253,10000,YERLİ,2026-04-23,143,,0,2,45.2667,03,DG1,95682.9855,KAPALI,2026,3,11
704243,2026-03-09,SAS26002369,1,H00013,320.01.0014,2000,123.852,2000,YERLİ,2026-04-08,143,,0,2,45.2667,02,HM1,5472.102,KAPALI,2026,3,11
704244,2026-03-09,SAS26002370,1,H00009,320.01.0013,1000,108.4926,1000,YERLİ,2026-03-24,143,,0,2,45.2667,02,HM1,2396.742,KAPALI,2026,3,11
704245,2026-03-09,SAS26002370,2,D00010,320.01.0013,5000,256.122,5000,YERLİ,2026-03-24,143,,0,2,45.2667,03,DG1,28290.3326,KAPALI,2026,3,11
704246,2026-03-10,SAS26002371,1,D00006,320.01.0047,1000,391.5922,1000,YERLİ,2026-03-31,142,,0,2,45.2667,03,DG1,8650.7786,KAPALI,2026,3,11
704247,2026-03-10,SAS26002372,1,D00005,320.01.0008,120,432.5072,60,YERLİ,2026-06-08,142,-52,60,2,45.2667,03,DG1,1146.5573,ACIK,2026,3,11
704248,2026-03-11,SAS26002373,1,H00005,320.01.0008,2000,68.1024,2000,YERLİ,2026-04-01,141,,0,2,45.2667,02,HM1,3008.9403,KAPALI,2026,3,11
704249,2026-03-11,SAS26002373,2,D00010,320.01.0008,2000,281.1551,2000,YERLİ,2026-04-25,141,,0,2,45.2667,03,DG1,12422.1602,KAPALI,2026,3,11
704250,2026-03-11,SAS26002373,3,H00002,320.01.0008,250,26.5905,250,YERLİ,2026-04-01,141,,0,2,45.2667,02,HM1,146.8546,KAPALI,2026,3,11
704251,2026-03-11,SAS26002374,1,H00005,320.01.0006,1000,76.9487,1000,YERLİ,2026-06-09,141,,0,2,45.2667,02,HM1,1699.8964,KAPALI,2026,3,11
704252,2026-03-11,SAS26002375,1,H00003,320.01.0001,1000,110.5437,1000,YERLİ,2026-06-09,141,,0,2,45.2667,02,HM1,2442.0534,KAPALI,2026,3,11
704253,2026-03-11,SAS26002375,2,D00008,320.01.0001,500,468.507,500,YERLİ,2026-03-21,141,,0,2,45.2667,03,DG1,5174.9631,KAPALI,2026,3,11
704254,2026-03-12,SAS26002376,1,H00003,320.01.0022,5000,103.2121,5000,YERLİ,2026-04-26,140,,0,2,45.2667,02,HM1,11400.4445,KAPALI,2026,3,11
704255,2026-03-13,SAS26002377,1,D00012,320.01.0001,120,195.5196,120,YERLİ,2026-04-03,139,,0,2,45.2667,03,DG1,518.3137,KAPALI,2026,3,11
704256,2026-03-13,SAS26002378,1,D00010,320.01.0007,250,291.9765,125,YERLİ,2026-06-11,139,-49,125,2,45.2667,03,DG1,1612.5347,ACIK,2026,3,11
704257,2026-03-13,SAS26002379,1,H00012,320.01.0001,250,40.7219,125,YERLİ,2026-04-27,139,-94,125,2,45.2667,02,HM1,224.8999,ACIK,2026,3,11
704258,2026-03-13,SAS26002379,2,H00001,320.01.0001,5000,66.0771,5000,YERLİ,2026-05-12,139,,0,2,45.2667,02,HM1,7298.6434,KAPALI,2026,3,11
704259,2026-03-16,SAS26002380,1,H00015,320.01.0004,500,61.7419,500,YERLİ,2026-04-30,136,,0,2,45.2667,02,HM1,681.9792,KAPALI,2026,3,12
704260,2026-03-16,SAS26002380,2,D00011,320.01.0004,2000,11.7747,2000,YERLİ,2026-03-31,136,,0,2,45.2667,03,DG1,520.2367,KAPALI,2026,3,12
704261,2026-03-16,SAS26002381,1,H00013,320.01.0049,2000,126.4541,2000,YERLİ,2026-03-31,136,,0,2,45.2667,02,HM1,5587.0695,KAPALI,2026,3,12
704262,2026-03-16,SAS26002381,2,H00010,320.01.0049,1000,35.1194,1000,YERLİ,2026-03-31,136,,0,2,45.2667,02,HM1,775.833,KAPALI,2026,3,12
704263,2026-03-16,SAS26002381,3,H00001,320.01.0049,120,74.6902,120,YERLİ,2026-04-15,136,,0,2,45.2667,02,HM1,198.0004,KAPALI,2026,3,12
704264,2026-03-17,SAS26002382,1,H00003,320.01.0038,1000,93.0276,1000,YERLİ,2026-05-16,135,,0,2,45.2667,02,HM1,2055.1001,KAPALI,2026,3,12
704265,2026-03-17,SAS26002382,2,H00006,320.01.0038,10000,155.5674,5000,YERLİ,2026-03-27,135,-125,5000,2,45.2667,02,HM1,34366.8525,ACIK,2026,3,12
704266,2026-03-17,SAS26002383,1,H00003,320.01.0001,500,98.6868,500,YERLİ,2026-03-27,135,,0,2,45.2667,02,HM1,1090.0596,KAPALI,2026,3,12
704267,2026-03-17,SAS26002384,1,D00010,320.01.0007,2000,302.1919,2000,YERLİ,2026-05-01,135,,0,2,45.2667,03,DG1,13351.6205,KAPALI,2026,3,12
704268,2026-03-17,SAS26002385,1,H00003,320.01.0010,500,96.5235,500,YERLİ,2026-04-16,135,,0,2,45.2667,02,HM1,1066.1645,KAPALI,2026,3,12
704269,2026-03-18,SAS26002386,1,H00004,320.01.0001,250,90.2238,250,YERLİ,2026-04-08,134,,0,2,45.2667,02,HM1,498.2901,KAPALI,2026,3,12
704270,2026-03-18,SAS26002386,2,D00009,320.01.0001,250,371.1984,250,YERLİ,2026-03-28,134,,0,2,45.2667,03,DG1,2050.0633,KAPALI,2026,3,12
704271,2026-03-18,SAS26002387,1,H00008,320.01.0004,2000,77.0203,2000,YERLİ,2026-04-17,134,,0,2,45.2667,02,HM1,3402.9563,KAPALI,2026,3,12
704272,2026-03-18,SAS26002387,2,H00015,320.01.0004,2000,54.3012,2000,YERLİ,2026-05-02,134,,0,2,45.2667,02,HM1,2399.1676,KAPALI,2026,3,12
704273,2026-03-18,SAS26002387,3,H00010,320.01.0004,2000,30.6337,2000,YERLİ,2026-03-28,134,,0,2,45.2667,02,HM1,1353.4762,KAPALI,2026,3,12
704274,2026-03-18,SAS26002388,1,H00016,320.01.0006,250,125.3969,250,YERLİ,2026-05-17,134,,0,2,45.2667,02,HM1,692.545,KAPALI,2026,3,12
704275,2026-03-18,SAS26002388,2,H00012,320.01.0006,250,42.8293,250,YERLİ,2026-06-16,134,,0,2,45.2667,02,HM1,236.5387,KAPALI,2026,3,12
704276,2026-03-19,SAS26002389,1,H00015,320.01.0005,500,51.7856,500,YERLİ,2026-04-09,133,,0,2,45.2667,02,HM1,572.0055,KAPALI,2026,3,12
704277,2026-03-19,SAS26002389,2,D00003,320.01.0005,10000,379.2073,10000,YERLİ,2026-04-09,133,,0,2,45.2667,03,DG1,83771.8013,KAPALI,2026,3,12
704278,2026-03-19,SAS26002389,3,D00002,320.01.0005,500,81.3183,500,YERLİ,2026-04-03,133,,0,2,45.2667,03,DG1,898.2133,KAPALI,2026,3,12
704279,2026-03-19,SAS26002390,1,D00009,320.01.0002,1000,345.1684,1000,YERLİ,2026-04-18,133,,0,2,45.2667,03,DG1,7625.2168,KAPALI,2026,3,12
704280,2026-03-19,SAS26002391,1,H00014,320.01.0038,500,46.9179,500,YERLİ,2026-04-18,133,,0,2,45.2667,02,HM1,518.2386,KAPALI,2026,3,12
704281,2026-03-19,SAS26002391,2,D00011,320.01.0038,120,14.0499,120,YERLİ,2026-05-18,133,,0,2,45.2667,03,DG1,37.2457,KAPALI,2026,3,12
704282,2026-03-19,SAS26002392,1,H00005,320.01.0042,500,69.945,500,YERLİ,2026-05-03,133,,0,2,45.2667,02,HM1,772.5878,KAPALI,2026,3,12
704283,2026-03-19,SAS26002392,2,H00004,320.01.0042,5000,89.5659,5000,YERLİ,2026-06-17,133,,0,2,45.2667,02,HM1,9893.1334,KAPALI,2026,3,12
704284,2026-03-20,SAS26002393,1,D00011,320.01.0029,5000,11.3233,5000,YERLİ,2026-04-19,132,,0,2,45.2667,03,DG1,1250.7318,KAPALI,2026,3,12
704285,2026-03-20,SAS26002393,2,H00001,320.01.0029,10000,65.0905,10000,YERLİ,2026-05-19,132,,0,2,45.2667,02,HM1,14379.334,KAPALI,2026,3,12
704286,2026-03-20,SAS26002393,3,D00001,320.01.0029,250,44.2798,250,YERLİ,2026-06-18,132,,0,2,45.2667,03,DG1,244.5495,KAPALI,2026,3,12
704287,2026-03-20,SAS26002394,1,H00005,320.01.0002,250,77.8309,250,YERLİ,2026-05-04,132,,0,2,45.2667,02,HM1,429.8463,KAPALI,2026,3,12
704288,2026-03-20,SAS26002394,2,H00006,320.01.0002,5000,163.8408,5000,YERLİ,2026-03-30,132,,0,2,45.2667,02,HM1,18097.2768,KAPALI,2026,3,12
704289,2026-03-20,SAS26002395,1,H00014,320.01.0010,10000,43.4356,10000,YERLİ,2026-06-18,132,,0,2,45.2667,02,HM1,9595.4863,KAPALI,2026,3,12
704290,2026-03-20,SAS26002396,1,H00013,320.01.0001,250,129.0386,250,YERLİ,2026-03-30,132,,0,2,45.2667,02,HM1,712.6574,KAPALI,2026,3,12
704291,2026-03-20,SAS26002397,1,H00016,320.01.0003,5000,106.4441,5000,İTHAL,2026-04-10,132,,0,2,45.2667,02,HM1,11757.4398,KAPALI,2026,3,12
704292,2026-03-20,SAS26002397,2,D00003,320.01.0003,120,376.7651,120,İTHAL,2026-04-19,132,,0,2,45.2667,03,DG1,998.7875,KAPALI,2026,3,12
704293,2026-03-20,SAS26002397,3,D00002,320.01.0003,2000,88.1893,2000,İTHAL,2026-04-10,132,,0,2,45.2667,03,DG1,3896.4316,KAPALI,2026,3,12
704294,2026-03-23,SAS26002398,1,D00012,320.01.0001,5000,159.9481,5000,YERLİ,2026-05-22,129,,0,2,45.2667,03,DG1,17667.3029,KAPALI,2026,3,13
704295,2026-03-23,SAS26002398,2,D00005,320.01.0001,120,348.6995,120,YERLİ,2026-04-07,129,,0,2,45.2667,03,DG1,924.3868,KAPALI,2026,3,13
704296,2026-03-23,SAS26002399,1,D00006,320.01.0005,5000,374.8043,5000,YERLİ,2026-05-07,129,,0,2,45.2667,03,DG1,41399.5608,KAPALI,2026,3,13
704297,2026-03-23,SAS26002399,2,D00001,320.01.0005,500,45.3316,500,YERLİ,2026-04-22,129,,0,2,45.2667,03,DG1,500.7169,KAPALI,2026,3,13
704298,2026-03-23,SAS26002399,3,D00005,320.01.0005,1000,342.0691,1000,YERLİ,2026-04-22,129,,0,2,45.2667,03,DG1,7556.7492,KAPALI,2026,3,13
704299,2026-03-23,SAS26002400,1,H00009,320.01.0013,10000,98.9631,10000,YERLİ,2026-04-22,129,,0,2,45.2667,02,HM1,21862.2299,KAPALI,2026,3,13
704300,2026-03-23,SAS26002400,2,H00007,320.01.0013,5000,62.6973,5000,YERLİ,2026-04-07,129,,0,2,45.2667,02,HM1,6925.3226,KAPALI,2026,3,13
704301,2026-03-24,SAS26002401,1,D00009,320.01.0019,10000,304.4485,10000,YERLİ,2026-05-08,128,,0,2,45.2667,03,DG1,67256.6147,KAPALI,2026,3,13
704302,2026-03-24,SAS26002401,2,D00010,320.01.0019,500,305.958,500,YERLİ,2026-04-03,128,,0,2,45.2667,03,DG1,3379.5041,KAPALI,2026,3,13
704303,2026-03-24,SAS26002402,1,H00012,320.01.0033,2000,45.4357,2000,YERLİ,2026-05-08,128,,0,2,45.2667,02,HM1,2007.4669,KAPALI,2026,3,13
704304,2026-03-24,SAS26002402,2,D00006,320.01.0033,10000,415.0596,10000,YERLİ,2026-04-03,128,,0,2,45.2667,03,DG1,91692.0385,KAPALI,2026,3,13
704305,2026-03-24,SAS26002403,1,H00008,320.01.0003,10000,82.2861,10000,İTHAL,2026-04-08,128,,0,2,45.2667,02,HM1,18178.0647,KAPALI,2026,3,13
704306,2026-03-24,SAS26002404,1,D00008,320.01.0006,10000,442.1692,10000,YERLİ,2026-06-22,128,,0,2,45.2667,03,DG1,97680.9001,KAPALI,2026,3,13
704307,2026-03-25,SAS26002405,1,D00004,320.01.0011,5000,85.5686,5000,YERLİ,2026-04-24,127,,0,2,45.2667,03,DG1,9451.6057,KAPALI,2026,3,13
704308,2026-03-25,SAS26002406,1,H00007,320.01.0007,250,56.6696,250,YERLİ,2026-06-23,127,,0,2,45.2667,02,HM1,312.9762,KAPALI,2026,3,13
704309,2026-03-25,SAS26002406,2,D00002,320.01.0007,1000,83.4638,1000,YERLİ,2026-04-04,127,,0,2,45.2667,03,DG1,1843.8234,KAPALI,2026,3,13
704310,2026-03-25,SAS26002406,3,H00016,320.01.0007,250,125.424,250,YERLİ,2026-04-15,127,,0,2,45.2667,02,HM1,692.6946,KAPALI,2026,3,13
704311,2026-03-26,SAS26002407,1,H00004,320.01.0001,2000,87.901,2000,YERLİ,2026-04-25,126,,0,2,45.2667,02,HM1,3883.6938,KAPALI,2026,3,13
704312,2026-03-26,SAS26002407,2,D00002,320.01.0001,120,88.6702,120,YERLİ,2026-04-25,126,,0,2,45.2667,03,DG1,235.0607,KAPALI,2026,3,13
704313,2026-03-26,SAS26002407,3,H00012,320.01.0001,250,41.3621,250,YERLİ,2026-04-25,126,,0,2,45.2667,02,HM1,228.4356,KAPALI,2026,3,13
704314,2026-03-27,SAS26002408,1,D00008,320.01.0011,10000,424.8694,10000,YERLİ,2026-04-11,125,,0,2,45.2667,03,DG1,93859.1503,KAPALI,2026,3,13
704315,2026-03-27,SAS26002409,1,H00001,320.01.0024,250,69.9132,250,YERLİ,2026-05-11,125,,0,2,45.2667,02,HM1,386.1183,KAPALI,2026,3,13
704316,2026-03-30,SAS26002410,1,H00008,320.01.0001,120,95.1525,120,YERLİ,2026-04-09,122,,0,2,45.2667,02,HM1,252.245,KAPALI,2026,3,14
704317,2026-03-30,SAS26002411,1,D00001,320.01.0001,120,47.5,120,YERLİ,2026-05-14,122,,0,2,45.2667,03,DG1,125.9204,KAPALI,2026,3,14
704318,2026-03-30,SAS26002411,2,H00010,320.01.0001,10000,28.3985,5000,YERLİ,2026-04-14,122,-107,5000,2,45.2667,02,HM1,6273.5963,ACIK,2026,3,14
704319,2026-03-30,SAS26002412,1,D00005,320.01.0015,500,426.2188,500,YERLİ,2026-04-20,122,,0,2,45.2667,03,DG1,4707.8625,KAPALI,2026,3,14
704320,2026-03-30,SAS26002413,1,D00005,320.01.0024,500,427.1607,500,YERLİ,2026-04-09,122,,0,2,45.2667,03,DG1,4718.2664,KAPALI,2026,3,14
704321,2026-03-30,SAS26002413,2,H00007,320.01.0024,1000,57.2731,1000,YERLİ,2026-05-14,122,,0,2,45.2667,02,HM1,1265.2369,KAPALI,2026,3,14
704322,2026-03-31,SAS26002414,1,D00003,320.01.0021,10000,368.0756,10000,YERLİ,2026-04-21,121,,0,2,45.2667,03,DG1,81312.6647,KAPALI,2026,3,14
704323,2026-03-31,SAS26002414,2,H00012,320.01.0021,5000,44.2752,5000,YERLİ,2026-04-15,121,,0,2,45.2667,02,HM1,4890.4824,KAPALI,2026,3,14
704324,2026-03-31,SAS26002414,3,H00010,320.01.0021,120,31.7391,120,YERLİ,2026-04-30,121,,0,2,45.2667,02,HM1,84.1389,KAPALI,2026,3,14
704325,2026-03-31,SAS26002415,1,D00010,320.01.0012,10000,268.0071,10000,YERLİ,2026-05-30,121,,0,2,45.2667,03,DG1,59206.2377,KAPALI,2026,3,14
704326,2026-03-31,SAS26002415,2,D00011,320.01.0012,250,14.0488,250,YERLİ,2026-04-30,121,,0,2,45.2667,03,DG1,77.589,KAPALI,2026,3,14
704327,2026-03-31,SAS26002415,3,H00013,320.01.0012,2000,117.1932,2000,YERLİ,2026-04-30,121,,0,2,45.2667,02,HM1,5177.899,KAPALI,2026,3,14
704328,2026-03-31,SAS26002416,1,H00008,320.01.0002,2000,77.8644,2000,YERLİ,2026-06-29,121,,0,2,45.2667,02,HM1,3440.2508,KAPALI,2026,3,14
704329,2026-03-31,SAS26002416,2,H00015,320.01.0002,500,58.7955,500,YERLİ,2026-04-15,121,,0,2,45.2667,02,HM1,649.4344,KAPALI,2026,3,14
704330,2026-03-31,SAS26002416,3,H00005,320.01.0002,10000,73.7566,10000,YERLİ,2026-04-10,121,,0,2,45.2667,02,HM1,16293.7877,KAPALI,2026,3,14
704331,2026-03-31,SAS26002417,1,D00005,320.01.0022,10000,411.7165,10000,YERLİ,2026-04-30,121,,0,2,45.2667,03,DG1,90953.5045,KAPALI,2026,3,14
704332,2026-04-01,SAS26002418,1,D00002,320.01.0003,5000,95.3991,5000,İTHAL,2026-05-31,120,,0,2,45.85,03,DG1,10403.3915,KAPALI,2026,4,14
704333,2026-04-01,SAS26002418,2,D00011,320.01.0003,250,12.6218,250,İTHAL,2026-05-16,120,,0,2,45.85,03,DG1,68.8212,KAPALI,2026,4,14
704334,2026-04-01,SAS26002419,1,H00003,320.01.0052,10000,99.021,10000,YERLİ,2026-05-31,120,,0,2,45.85,02,HM1,21596.7285,KAPALI,2026,4,14
704335,2026-04-01,SAS26002419,2,D00007,320.01.0052,120,119.7615,120,YERLİ,2026-05-16,120,,0,2,45.85,03,DG1,313.4434,KAPALI,2026,4,14
704336,2026-04-01,SAS26002420,1,D00006,320.01.0012,10000,400.164,10000,YERLİ,2026-06-30,120,,0,2,45.85,03,DG1,87276.7721,KAPALI,2026,4,14
704337,2026-04-01,SAS26002420,2,H00012,320.01.0012,5000,45.3756,2500,YERLİ,2026-05-01,120,-90,2500,2,45.85,02,HM1,4948.2661,ACIK,2026,4,14
704338,2026-04-01,SAS26002420,3,D00009,320.01.0012,10000,345.9938,10000,YERLİ,2026-06-30,120,,0,2,45.85,03,DG1,75462.1156,KAPALI,2026,4,14
704339,2026-04-01,SAS26002421,1,D00003,320.01.0007,500,390.9919,500,YERLİ,2026-04-22,120,,0,2,45.85,03,DG1,4263.8157,KAPALI,2026,4,14
704340,2026-04-01,SAS26002421,2,D00011,320.01.0007,500,13.1729,500,YERLİ,2026-04-16,120,,0,2,45.85,03,DG1,143.6521,KAPALI,2026,4,14
704341,2026-04-01,SAS26002422,1,H00013,320.01.0024,120,123.9072,120,YERLİ,2026-04-22,120,,0,2,45.85,02,HM1,324.2937,KAPALI,2026,4,14
704342,2026-04-01,SAS26002422,2,D00008,320.01.0024,5000,385.5786,5000,YERLİ,2026-05-01,120,,0,2,45.85,03,DG1,42047.8299,KAPALI,2026,4,14
704343,2026-04-01,SAS26002422,3,H00004,320.01.0024,120,104.8738,120,YERLİ,2026-04-11,120,,0,2,45.85,02,HM1,274.4789,KAPALI,2026,4,14
704344,2026-04-01,SAS26002423,1,H00001,320.01.0036,120,74.3529,120,YERLİ,2026-04-16,120,,0,2,45.85,02,HM1,194.5986,KAPALI,2026,4,14
704345,2026-04-01,SAS26002423,2,H00002,320.01.0036,250,27.5039,0,YERLİ,2026-05-16,120,-75,250,2,45.85,02,HM1,149.9667,ACIK,2026,4,14
704346,2026-04-02,SAS26002424,1,D00001,320.01.0015,10000,45.241,10000,YERLİ,2026-04-23,119,,0,2,45.85,03,DG1,9867.1756,KAPALI,2026,4,14
704347,2026-04-02,SAS26002424,2,H00003,320.01.0015,5000,108.9469,5000,YERLİ,2026-04-12,119,,0,2,45.85,02,HM1,11880.7961,KAPALI,2026,4,14
704348,2026-04-02,SAS26002425,1,H00014,320.01.0014,2000,51.0895,2000,YERLİ,2026-06-01,119,,0,2,45.85,02,HM1,2228.5496,KAPALI,2026,4,14
704349,2026-04-02,SAS26002426,1,D00011,320.01.0032,120,12.8976,120,YERLİ,2026-04-12,119,,0,2,45.85,03,DG1,33.756,KAPALI,2026,4,14
704350,2026-04-02,SAS26002426,2,D00006,320.01.0032,5000,399.9564,2500,YERLİ,2026-05-17,119,-74,2500,2,45.85,03,DG1,43615.747,ACIK,2026,4,14
704351,2026-04-02,SAS26002427,1,H00014,320.01.0007,10000,48.7083,10000,YERLİ,2026-05-02,119,,0,2,45.85,02,HM1,10623.4024,KAPALI,2026,4,14
704352,2026-04-03,SAS26002428,1,H00012,320.01.0012,500,38.0026,500,YERLİ,2026-07-02,118,,0,2,45.85,02,HM1,414.4231,KAPALI,2026,4,14
704353,2026-04-06,SAS26002429,1,H00013,320.01.0047,5000,118.8016,5000,YERLİ,2026-07-05,115,,0,2,45.85,02,HM1,12955.4635,KAPALI,2026,4,15
704354,2026-04-06,SAS26002430,1,D00007,320.01.0004,120,124.3065,120,YERLİ,2026-04-16,115,,0,2,45.85,03,DG1,325.3387,KAPALI,2026,4,15
704355,2026-04-06,SAS26002431,1,H00016,320.01.0006,120,114.0853,120,YERLİ,2026-07-05,115,,0,2,45.85,02,HM1,298.5875,KAPALI,2026,4,15
704356,2026-04-06,SAS26002431,2,H00007,320.01.0006,2000,60.8982,2000,YERLİ,2026-04-27,115,,0,2,45.85,02,HM1,2656.41,KAPALI,2026,4,15
704357,2026-04-06,SAS26002431,3,H00014,320.01.0006,500,46.3382,500,YERLİ,2026-07-05,115,,0,2,45.85,02,HM1,505.3239,KAPALI,2026,4,15
704358,2026-04-06,SAS26002432,1,H00007,320.01.0017,1000,69.4819,1000,YERLİ,2026-04-21,115,,0,2,45.85,02,HM1,1515.4177,KAPALI,2026,4,15
704359,2026-04-07,SAS26002433,1,H00001,320.01.0009,1000,74.1409,1000,YERLİ,2026-04-28,114,,0,2,45.85,02,HM1,1617.0316,KAPALI,2026,4,15
704360,2026-04-07,SAS26002433,2,D00005,320.01.0009,250,362.1505,250,YERLİ,2026-04-28,114,,0,2,45.85,03,DG1,1974.6483,KAPALI,2026,4,15
704361,2026-04-07,SAS26002434,1,H00015,320.01.0012,10000,56.9585,10000,YERLİ,2026-05-22,114,,0,2,45.85,02,HM1,12422.7917,KAPALI,2026,4,15
704362,2026-04-07,SAS26002434,2,D00003,320.01.0012,1000,403.7783,1000,YERLİ,2026-05-22,114,,0,2,45.85,03,DG1,8806.506,KAPALI,2026,4,15
704363,2026-04-07,SAS26002435,1,H00002,320.01.0004,1000,27.9091,1000,YERLİ,2026-06-06,114,,0,2,45.85,02,HM1,608.7045,KAPALI,2026,4,15
704364,2026-04-07,SAS26002436,1,D00011,320.01.0048,1000,12.743,1000,YERLİ,2026-05-07,114,,0,2,45.85,03,DG1,277.928,KAPALI,2026,4,15
704365,2026-04-07,SAS26002437,1,D00004,320.01.0045,10000,98.7519,10000,YERLİ,2026-04-28,114,,0,2,45.85,03,DG1,21538.0371,KAPALI,2026,4,15
704366,2026-04-07,SAS26002437,2,D00008,320.01.0045,500,451.3392,500,YERLİ,2026-04-28,114,,0,2,45.85,03,DG1,4921.9106,KAPALI,2026,4,15
704367,2026-04-08,SAS26002438,1,H00004,320.01.0009,500,98.8326,250,YERLİ,2026-04-18,113,-103,250,2,45.85,02,HM1,1077.7819,ACIK,2026,4,15
704368,2026-04-08,SAS26002438,2,H00009,320.01.0009,250,111.9617,250,YERLİ,2026-05-08,113,,0,2,45.85,02,HM1,610.4782,KAPALI,2026,4,15
704369,2026-04-08,SAS26002438,3,H00007,320.01.0009,120,59.5653,120,YERLİ,2026-05-23,113,,0,2,45.85,02,HM1,155.8961,KAPALI,2026,4,15
704370,2026-04-08,SAS26002439,1,D00006,320.01.0003,500,463.5785,500,İTHAL,2026-07-07,113,,0,2,45.85,03,DG1,5055.3817,KAPALI,2026,4,15
704371,2026-04-08,SAS26002440,1,D00011,320.01.0015,120,12.5114,120,YERLİ,2026-05-23,113,,0,2,45.85,03,DG1,32.7452,KAPALI,2026,4,15
704372,2026-04-08,SAS26002440,2,H00005,320.01.0015,120,70.2283,120,YERLİ,2026-06-07,113,,0,2,45.85,02,HM1,183.8036,KAPALI,2026,4,15
704373,2026-04-09,SAS26002441,1,D00001,320.01.0004,120,50.1508,120,YERLİ,2026-05-24,112,,0,2,45.85,03,DG1,131.2562,KAPALI,2026,4,15
704374,2026-04-09,SAS26002441,2,H00003,320.01.0004,2000,113.5685,2000,YERLİ,2026-04-30,112,,0,2,45.85,02,HM1,4953.9149,KAPALI,2026,4,15
704375,2026-04-09,SAS26002441,3,H00016,320.01.0004,10000,114.2098,10000,YERLİ,2026-07-08,112,,0,2,45.85,02,HM1,24909.4438,KAPALI,2026,4,15
704376,2026-04-09,SAS26002442,1,H00012,320.01.0012,2000,40.6919,2000,YERLİ,2026-07-08,112,,0,2,45.85,02,HM1,1775.0011,KAPALI,2026,4,15
704377,2026-04-09,SAS26002443,1,D00005,320.01.0004,5000,377.4993,5000,YERLİ,2026-05-09,112,,0,2,45.85,03,DG1,41166.7721,KAPALI,2026,4,15
704378,2026-04-09,SAS26002443,2,H00009,320.01.0004,250,103.5863,125,YERLİ,2026-04-30,112,-91,125,2,45.85,02,HM1,564.8108,ACIK,2026,4,15
704379,2026-04-09,SAS26002444,1,H00005,320.01.0025,250,80.1103,250,İTHAL,2026-05-24,112,,0,2,45.85,02,HM1,436.8064,KAPALI,2026,4,15
704380,2026-04-10,SAS26002445,1,H00003,320.01.0001,120,109.2457,120,YERLİ,2026-05-25,111,,0,2,45.85,02,HM1,285.9211,KAPALI,2026,4,15
704381,2026-04-10,SAS26002445,2,D00011,320.01.0001,10000,12.8323,10000,YERLİ,2026-05-10,111,,0,2,45.85,03,DG1,2798.7568,KAPALI,2026,4,15
704382,2026-04-10,SAS26002446,1,D00005,320.01.0003,5000,361.0188,5000,İTHAL,2026-04-20,111,,0,2,45.85,03,DG1,39369.5529,KAPALI,2026,4,15
704383,2026-04-10,SAS26002446,2,H00001,320.01.0003,500,69.17,500,İTHAL,2026-04-25,111,,0,2,45.85,02,HM1,754.3075,KAPALI,2026,4,15
704384,2026-04-10,SAS26002447,1,H00011,320.01.0010,5000,55.8896,5000,YERLİ,2026-05-10,111,,0,2,45.85,02,HM1,6094.831,KAPALI,2026,4,15
704385,2026-04-13,SAS26002448,1,H00011,320.01.0010,120,55.6134,120,YERLİ,2026-06-12,108,,0,2,45.85,02,HM1,145.5531,KAPALI,2026,4,16
704386,2026-04-13,SAS26002449,1,D00011,320.01.0001,120,12.7545,120,YERLİ,2026-05-04,108,,0,2,45.85,03,DG1,33.3815,KAPALI,2026,4,16
704387,2026-04-13,SAS26002450,1,H00010,320.01.0018,1000,35.1235,1000,YERLİ,2026-06-12,108,,0,2,45.85,02,HM1,766.0523,KAPALI,2026,4,16
704388,2026-04-15,SAS26002451,1,D00011,320.01.0048,1000,11.9022,1000,YERLİ,2026-07-14,106,,0,2,45.85,03,DG1,259.59,KAPALI,2026,4,16
704389,2026-04-15,SAS26002452,1,D00004,320.01.0037,10000,96.2955,10000,İTHAL,2026-05-06,106,,0,2,45.85,03,DG1,21002.2901,KAPALI,2026,4,16
704390,2026-04-15,SAS26002453,1,H00016,320.01.0035,120,123.6,120,İTHAL,2026-04-25,106,,0,2,45.85,02,HM1,323.4896,KAPALI,2026,4,16
704391,2026-04-15,SAS26002453,2,D00012,320.01.0035,1000,193.2981,1000,İTHAL,2026-05-06,106,,0,2,45.85,03,DG1,4215.88,KAPALI,2026,4,16
704392,2026-04-16,SAS26002454,1,D00010,320.01.0006,5000,267.8861,5000,YERLİ,2026-06-15,105,,0,2,45.85,03,DG1,29213.3152,KAPALI,2026,4,16
704393,2026-04-16,SAS26002455,1,H00011,320.01.0007,120,57.4311,120,YERLİ,2026-04-26,105,,0,2,45.85,02,HM1,150.3104,KAPALI,2026,4,16
704394,2026-04-17,SAS26002456,1,D00007,320.01.0025,1000,109.8533,1000,İTHAL,2026-06-16,104,,0,2,45.85,03,DG1,2395.928,KAPALI,2026,4,16
704395,2026-04-17,SAS26002456,2,D00012,320.01.0025,2000,174.0583,0,İTHAL,2026-06-01,104,-59,2000,2,45.85,03,DG1,7592.5104,ACIK,2026,4,16
704396,2026-04-17,SAS26002457,1,D00006,320.01.0002,250,459.0908,250,YERLİ,2026-06-01,104,,0,2,45.85,03,DG1,2503.2214,KAPALI,2026,4,16
704397,2026-04-20,SAS26002458,1,D00002,320.01.0001,250,94.1224,250,YERLİ,2026-05-11,101,,0,2,45.85,03,DG1,513.2083,KAPALI,2026,4,17
704398,2026-04-20,SAS26002459,1,H00002,320.01.0008,10000,29.4066,10000,YERLİ,2026-05-11,101,,0,2,45.85,02,HM1,6413.6532,KAPALI,2026,4,17
704399,2026-04-20,SAS26002459,2,D00011,320.01.0008,250,13.2842,250,YERLİ,2026-05-20,101,,0,2,45.85,03,DG1,72.4329,KAPALI,2026,4,17
704400,2026-04-20,SAS26002459,3,H00004,320.01.0008,5000,101.835,5000,YERLİ,2026-04-30,101,,0,2,45.85,02,HM1,11105.2345,KAPALI,2026,4,17
704401,2026-04-21,SAS26002460,1,D00006,320.01.0001,500,442.3216,500,YERLİ,2026-06-05,100,,0,2,45.85,03,DG1,4823.5725,KAPALI,2026,4,17
704402,2026-04-21,SAS26002460,2,H00015,320.01.0001,120,58.0389,0,YERLİ,2026-06-05,100,-55,120,2,45.85,02,HM1,151.9012,ACIK,2026,4,17
704403,2026-04-21,SAS26002461,1,H00001,320.01.0050,10000,78.1892,10000,YERLİ,2026-05-01,100,,0,2,45.85,02,HM1,17053.2606,KAPALI,2026,4,17
704404,2026-04-21,SAS26002461,2,D00002,320.01.0050,5000,87.1237,5000,YERLİ,2026-05-01,100,,0,2,45.85,03,DG1,9500.9487,KAPALI,2026,4,17
704405,2026-04-21,SAS26002461,3,D00006,320.01.0050,120,386.9142,120,YERLİ,2026-05-12,100,,0,2,45.85,03,DG1,1012.6435,KAPALI,2026,4,17
704406,2026-04-21,SAS26002462,1,D00005,320.01.0014,250,376.4008,250,YERLİ,2026-05-06,100,,0,2,45.85,03,DG1,2052.349,KAPALI,2026,4,17
704407,2026-04-21,SAS26002462,2,D00001,320.01.0014,250,49.4197,250,YERLİ,2026-07-20,100,,0,2,45.85,03,DG1,269.464,KAPALI,2026,4,17
704408,2026-04-21,SAS26002462,3,H00013,320.01.0014,1000,131.2937,1000,YERLİ,2026-05-12,100,,0,2,45.85,02,HM1,2863.5485,KAPALI,2026,4,17
704409,2026-04-21,SAS26002463,1,D00001,320.01.0010,5000,44.9611,5000,YERLİ,2026-05-12,100,,0,2,45.85,03,DG1,4903.0643,KAPALI,2026,4,17
704410,2026-04-21,SAS26002464,1,D00010,320.01.0014,250,268.2097,250,YERLİ,2026-05-21,100,,0,2,45.85,03,DG1,1462.4302,KAPALI,2026,4,17
704411,2026-04-21,SAS26002464,2,D00003,320.01.0014,250,448.6318,250,YERLİ,2026-05-12,100,,0,2,45.85,03,DG1,2446.193,KAPALI,2026,4,17
704412,2026-04-21,SAS26002464,3,D00003,320.01.0014,250,413.679,250,YERLİ,2026-05-01,100,,0,2,45.85,03,DG1,2255.6107,KAPALI,2026,4,17
704413,2026-04-22,SAS26002465,1,H00007,320.01.0002,250,71.1336,250,YERLİ,2026-06-06,99,,0,2,45.85,02,HM1,387.8604,KAPALI,2026,4,17
704414,2026-04-22,SAS26002465,2,D00012,320.01.0002,1000,166.5816,1000,YERLİ,2026-05-13,99,,0,2,45.85,03,DG1,3633.1865,KAPALI,2026,4,17
704415,2026-04-22,SAS26002466,1,H00013,320.01.0002,10000,117.0131,10000,YERLİ,2026-05-07,99,,0,2,45.85,02,HM1,25520.8506,KAPALI,2026,4,17
704416,2026-04-22,SAS26002467,1,D00006,320.01.0003,250,437.8796,250,İTHAL,2026-06-06,99,,0,2,45.85,03,DG1,2387.566,KAPALI,2026,4,17
704417,2026-04-22,SAS26002468,1,H00011,320.01.0011,10000,51.8822,10000,YERLİ,2026-06-21,99,,0,2,45.85,02,HM1,11315.6379,KAPALI,2026,4,17
704418,2026-04-22,SAS26002468,2,D00007,320.01.0011,1000,124.1268,1000,YERLİ,2026-05-22,99,,0,2,45.85,03,DG1,2707.2366,KAPALI,2026,4,17
704419,2026-04-23,SAS26002469,1,H00012,320.01.0002,250,41.8125,250,YERLİ,2026-06-22,98,,0,2,45.85,02,HM1,227.9853,KAPALI,2026,4,17
704420,2026-04-23,SAS26002469,2,D00012,320.01.0002,10000,201.2442,10000,YERLİ,2026-06-22,98,,0,2,45.85,03,DG1,43891.8648,KAPALI,2026,4,17
704421,2026-04-23,SAS26002469,3,H00008,320.01.0002,500,91.9989,0,YERLİ,2026-05-03,98,-88,500,2,45.85,02,HM1,1003.2595,ACIK,2026,4,17
704422,2026-04-23,SAS26002470,1,D00006,320.01.0001,250,410.801,0,YERLİ,2026-05-23,98,-68,250,2,45.85,03,DG1,2239.9182,ACIK,2026,4,17
704423,2026-04-23,SAS26002470,2,D00001,320.01.0001,500,48.2793,500,YERLİ,2026-05-14,98,,0,2,45.85,03,DG1,526.4918,KAPALI,2026,4,17
704424,2026-04-23,SAS26002471,1,D00006,320.01.0002,5000,440.2737,5000,YERLİ,2026-05-14,98,,0,2,45.85,03,DG1,48012.3991,KAPALI,2026,4,17
704425,2026-04-23,SAS26002471,2,D00008,320.01.0002,250,457.133,250,YERLİ,2026-05-14,98,,0,2,45.85,03,DG1,2492.5463,KAPALI,2026,4,17
704426,2026-04-23,SAS26002472,1,H00001,320.01.0007,2000,64.0629,2000,YERLİ,2026-07-22,98,,0,2,45.85,02,HM1,2794.4558,KAPALI,2026,4,17
704427,2026-04-23,SAS26002472,2,H00009,320.01.0007,5000,108.2599,5000,YERLİ,2026-05-14,98,,0,2,45.85,02,HM1,11805.8779,KAPALI,2026,4,17
704428,2026-04-23,SAS26002472,3,H00015,320.01.0007,500,55.6493,0,YERLİ,2026-07-22,98,-8,500,2,45.85,02,HM1,606.8626,ACIK,2026,4,17
704429,2026-04-24,SAS26002473,1,H00013,320.01.0004,500,119.8215,0,YERLİ,2026-07-23,97,-7,500,2,45.85,02,HM1,1306.6685,ACIK,2026,4,17
704430,2026-04-24,SAS26002474,1,D00006,320.01.0008,250,420.5067,250,YERLİ,2026-05-24,97,,0,2,45.85,03,DG1,2292.8391,KAPALI,2026,4,17
704431,2026-04-24,SAS26002474,2,H00002,320.01.0008,10000,27.9864,10000,YERLİ,2026-07-23,97,,0,2,45.85,02,HM1,6103.904,KAPALI,2026,4,17
704432,2026-04-24,SAS26002475,1,H00002,320.01.0004,5000,27.0253,5000,YERLİ,2026-05-09,97,,0,2,45.85,02,HM1,2947.1429,KAPALI,2026,4,17
704433,2026-04-24,SAS26002475,2,H00014,320.01.0004,500,44.7759,500,YERLİ,2026-05-09,97,,0,2,45.85,02,HM1,488.2868,KAPALI,2026,4,17
704434,2026-04-24,SAS26002475,3,D00007,320.01.0004,120,118.7671,120,YERLİ,2026-06-23,97,,0,2,45.85,03,DG1,310.8408,KAPALI,2026,4,17
704435,2026-04-27,SAS26002476,1,H00010,320.01.0003,10000,31.732,10000,İTHAL,2026-06-11,94,,0,2,45.85,02,HM1,6920.8288,KAPALI,2026,4,18
704436,2026-04-27,SAS26002476,2,D00005,320.01.0003,500,351.765,500,İTHAL,2026-06-11,94,,0,2,45.85,03,DG1,3836.0414,KAPALI,2026,4,18
704437,2026-04-27,SAS26002477,1,H00007,320.01.0008,120,59.613,120,YERLİ,2026-05-27,94,,0,2,45.85,02,HM1,156.0209,KAPALI,2026,4,18
704438,2026-04-27,SAS26002477,2,H00011,320.01.0008,120,54.8315,120,YERLİ,2026-05-18,94,,0,2,45.85,02,HM1,143.5067,KAPALI,2026,4,18
704439,2026-04-27,SAS26002478,1,D00011,320.01.0009,1000,13.6392,1000,YERLİ,2026-05-18,94,,0,2,45.85,03,DG1,297.4744,KAPALI,2026,4,18
704440,2026-04-27,SAS26002478,2,H00011,320.01.0009,10000,57.7171,10000,YERLİ,2026-07-26,94,,0,2,45.85,02,HM1,12588.2443,KAPALI,2026,4,18
704441,2026-04-27,SAS26002479,1,D00009,320.01.0034,250,363.7714,250,YERLİ,2026-05-18,94,,0,2,45.85,03,DG1,1983.4864,KAPALI,2026,4,18
704442,2026-04-27,SAS26002479,2,H00006,320.01.0034,250,165.2933,250,YERLİ,2026-05-12,94,,0,2,45.85,02,HM1,901.2721,KAPALI,2026,4,18
704443,2026-04-27,SAS26002479,3,D00003,320.01.0034,5000,393.5412,5000,YERLİ,2026-06-11,94,,0,2,45.85,03,DG1,42916.1614,KAPALI,2026,4,18
704444,2026-04-27,SAS26002480,1,H00008,320.01.0006,1000,76.4054,1000,YERLİ,2026-05-12,94,,0,2,45.85,02,HM1,1666.4209,KAPALI,2026,4,18
704445,2026-04-27,SAS26002480,2,H00006,320.01.0006,500,146.1456,500,YERLİ,2026-05-18,94,,0,2,45.85,02,HM1,1593.7361,KAPALI,2026,4,18
704446,2026-04-27,SAS26002481,1,D00001,320.01.0002,10000,53.0923,10000,YERLİ,2026-05-18,94,,0,2,45.85,03,DG1,11579.5638,KAPALI,2026,4,18
704447,2026-04-28,SAS26002482,1,D00012,320.01.0007,10000,195.4959,10000,YERLİ,2026-05-13,93,,0,2,45.85,03,DG1,42638.1461,KAPALI,2026,4,18
704448,2026-04-28,SAS26002482,2,D00005,320.01.0007,500,361.266,500,YERLİ,2026-06-12,93,,0,2,45.85,03,DG1,3939.651,KAPALI,2026,4,18
704449,2026-04-28,SAS26002482,3,H00002,320.01.0007,5000,31.4322,5000,YERLİ,2026-05-08,93,,0,2,45.85,02,HM1,3427.7208,KAPALI,2026,4,18
704450,2026-04-28,SAS26002483,1,D00010,320.01.0041,5000,253.3522,5000,İTHAL,2026-05-19,93,,0,2,45.85,03,DG1,27628.3751,KAPALI,2026,4,18
704451,2026-04-28,SAS26002483,2,H00007,320.01.0041,2000,61.9434,1000,İTHAL,2026-05-19,93,-72,1000,2,45.85,02,HM1,2702.0022,ACIK,2026,4,18
704452,2026-04-28,SAS26002483,3,D00011,320.01.0041,5000,13.3574,5000,İTHAL,2026-05-19,93,,0,2,45.85,03,DG1,1456.6412,KAPALI,2026,4,18
704453,2026-04-28,SAS26002484,1,H00006,320.01.0001,250,160.8138,250,YERLİ,2026-06-27,93,,0,2,45.85,02,HM1,876.8473,KAPALI,2026,4,18
704454,2026-04-29,SAS26002485,1,D00012,320.01.0003,120,199.0434,120,İTHAL,2026-05-29,92,,0,2,45.85,03,DG1,520.9424,KAPALI,2026,4,18
704455,2026-04-29,SAS26002486,1,H00001,320.01.0007,250,79.3059,250,YERLİ,2026-07-28,92,,0,2,45.85,02,HM1,432.4204,KAPALI,2026,4,18
704456,2026-04-29,SAS26002486,2,D00010,320.01.0007,2000,299.8805,2000,YERLİ,2026-07-28,92,,0,2,45.85,03,DG1,13080.9378,KAPALI,2026,4,18
704457,2026-04-29,SAS26002487,1,D00009,320.01.0002,1000,372.5085,1000,YERLİ,2026-05-09,92,,0,2,45.85,03,DG1,8124.5038,KAPALI,2026,4,18
704458,2026-04-29,SAS26002487,2,D00012,320.01.0002,500,186.7291,500,YERLİ,2026-05-14,92,,0,2,45.85,03,DG1,2036.3043,KAPALI,2026,4,18
704459,2026-04-29,SAS26002487,3,H00011,320.01.0002,500,56.3578,500,YERLİ,2026-05-14,92,,0,2,45.85,02,HM1,614.5889,KAPALI,2026,4,18
704460,2026-04-29,SAS26002488,1,H00006,320.01.0012,10000,133.5002,10000,YERLİ,2026-05-29,92,,0,2,45.85,02,HM1,29116.7285,KAPALI,2026,4,18
704461,2026-04-29,SAS26002488,2,H00009,320.01.0012,1000,122.4406,1000,YERLİ,2026-05-14,92,,0,2,45.85,02,HM1,2670.4602,KAPALI,2026,4,18
704462,2026-04-30,SAS26002489,1,H00010,320.01.0014,1000,33.4972,0,YERLİ,2026-05-10,91,-81,1000,2,45.85,02,HM1,730.5823,ACIK,2026,4,18
704463,2026-04-30,SAS26002489,2,H00010,320.01.0014,250,32.5228,250,YERLİ,2026-06-29,91,,0,2,45.85,02,HM1,177.3326,KAPALI,2026,4,18
704464,2026-04-30,SAS26002489,3,H00004,320.01.0014,2000,90.2541,2000,YERLİ,2026-05-15,91,,0,2,45.85,02,HM1,3936.9291,KAPALI,2026,4,18
704465,2026-04-30,SAS26002490,1,H00014,320.01.0007,2000,50.3378,2000,YERLİ,2026-07-29,91,,0,2,45.85,02,HM1,2195.7601,KAPALI,2026,4,18
704466,2026-04-30,SAS26002490,2,D00011,320.01.0007,10000,12.9527,10000,YERLİ,2026-06-29,91,,0,2,45.85,03,DG1,2825.0164,KAPALI,2026,4,18
704467,2026-04-30,SAS26002491,1,D00002,320.01.0003,500,89.1761,500,İTHAL,2026-05-15,91,,0,2,45.85,03,DG1,972.4766,KAPALI,2026,4,18
704468,2026-04-30,SAS26002491,2,H00007,320.01.0003,250,57.4307,250,İTHAL,2026-07-29,91,,0,2,45.85,02,HM1,313.1445,KAPALI,2026,4,18
704469,2026-04-30,SAS26002491,3,H00014,320.01.0003,250,53.6237,250,İTHAL,2026-05-30,91,,0,2,45.85,02,HM1,292.3866,KAPALI,2026,4,18
704470,2026-05-01,SAS26002492,1,H00015,320.01.0008,5000,62.9192,5000,YERLİ,2026-05-16,90,,0,2,46.4333,02,HM1,6775.2238,KAPALI,2026,5,18
704471,2026-05-01,SAS26002492,2,D00003,320.01.0008,2000,408.3093,2000,YERLİ,2026-07-30,90,,0,2,46.4333,03,DG1,17586.9171,KAPALI,2026,5,18
704472,2026-05-04,SAS26002493,1,D00012,320.01.0013,10000,200.9041,10000,YERLİ,2026-08-02,87,,0,2,46.4333,03,DG1,43267.2457,KAPALI,2026,5,19
704473,2026-05-04,SAS26002493,2,D00012,320.01.0013,500,178.4781,500,YERLİ,2026-05-25,87,,0,2,46.4333,03,DG1,1921.8761,KAPALI,2026,5,19
704474,2026-05-04,SAS26002494,1,D00003,320.01.0001,500,462.7637,500,YERLİ,2026-05-14,87,,0,2,46.4333,03,DG1,4983.1016,KAPALI,2026,5,19
704475,2026-05-04,SAS26002494,2,H00004,320.01.0001,2000,109.8557,2000,YERLİ,2026-06-18,87,,0,2,46.4333,02,HM1,4731.7636,KAPALI,2026,5,19
704476,2026-05-04,SAS26002495,1,H00005,320.01.0003,5000,72.0695,5000,İTHAL,2026-05-14,87,,0,2,46.4333,02,HM1,7760.5404,KAPALI,2026,5,19
704477,2026-05-05,SAS26002496,1,H00010,320.01.0032,500,35.3315,500,YERLİ,2026-06-19,86,,0,2,46.4333,02,HM1,380.4543,KAPALI,2026,5,19
704478,2026-05-05,SAS26002496,2,D00006,320.01.0032,2000,460.988,2000,YERLİ,2026-07-04,86,,0,2,46.4333,03,DG1,19855.9224,KAPALI,2026,5,19
704479,2026-05-05,SAS26002496,3,D00003,320.01.0032,250,430.4348,250,YERLİ,2026-05-15,86,,0,2,46.4333,03,DG1,2317.4898,KAPALI,2026,5,19
704480,2026-05-05,SAS26002497,1,H00008,320.01.0003,2000,82.0158,2000,İTHAL,2026-05-20,86,,0,2,46.4333,02,HM1,3532.6285,KAPALI,2026,5,19
704481,2026-05-05,SAS26002497,2,D00009,320.01.0003,120,313.7499,120,İTHAL,2026-05-15,86,,0,2,46.4333,03,DG1,810.8402,KAPALI,2026,5,19
704482,2026-05-06,SAS26002498,1,D00001,320.01.0020,250,45.8222,250,YERLİ,2026-05-27,85,,0,2,46.4333,03,DG1,246.7098,KAPALI,2026,5,19
704483,2026-05-06,SAS26002499,1,H00015,320.01.0024,500,55.5816,250,YERLİ,2026-07-05,85,-25,250,2,46.4333,02,HM1,598.5101,ACIK,2026,5,19
704484,2026-05-06,SAS26002499,2,H00015,320.01.0024,250,61.0751,250,YERLİ,2026-07-05,85,,0,2,46.4333,02,HM1,328.8324,KAPALI,2026,5,19
704485,2026-05-07,SAS26002500,1,H00012,320.01.0012,1000,44.5609,1000,YERLİ,2026-06-06,84,,0,2,46.4333,02,HM1,959.6755,KAPALI,2026,5,19
704486,2026-05-07,SAS26002500,2,H00013,320.01.0012,500,128.1288,500,YERLİ,2026-06-06,84,,0,2,46.4333,02,HM1,1379.7081,KAPALI,2026,5,19
704487,2026-05-07,SAS26002500,3,H00012,320.01.0012,250,39.4485,0,YERLİ,2026-05-22,84,-69,250,2,46.4333,02,HM1,212.3934,ACIK,2026,5,19
704488,2026-05-07,SAS26002501,1,H00009,320.01.0005,1000,117.4084,1000,YERLİ,2026-08-05,84,,0,2,46.4333,02,HM1,2528.5388,KAPALI,2026,5,19
704489,2026-05-07,SAS26002501,2,H00014,320.01.0005,1000,53.0416,1000,YERLİ,2026-07-06,84,,0,2,46.4333,02,HM1,1142.3181,KAPALI,2026,5,19
704490,2026-05-07,SAS26002502,1,H00003,320.01.0001,2000,97.1733,2000,YERLİ,2026-07-06,84,,0,2,46.4333,02,HM1,4185.5005,KAPALI,2026,5,19
704491,2026-05-08,SAS26002503,1,H00007,320.01.0003,250,60.7602,250,İTHAL,2026-06-22,83,,0,2,46.4333,02,HM1,327.137,KAPALI,2026,5,19
704492,2026-05-08,SAS26002503,2,H00002,320.01.0003,10000,28.711,10000,İTHAL,2026-05-23,83,,0,2,46.4333,02,HM1,6183.2779,KAPALI,2026,5,19
704493,2026-05-08,SAS26002503,3,H00007,320.01.0003,5000,60.203,0,İTHAL,2026-06-07,83,-53,5000,2,46.4333,02,HM1,6482.7398,ACIK,2026,5,19
704494,2026-05-08,SAS26002504,1,H00009,320.01.0009,500,115.4104,500,YERLİ,2026-06-22,83,,0,2,46.4333,02,HM1,1242.7547,KAPALI,2026,5,19
704495,2026-05-08,SAS26002504,2,D00005,320.01.0009,2000,421.8656,2000,YERLİ,2026-05-18,83,,0,2,46.4333,03,DG1,18170.8214,KAPALI,2026,5,19
704496,2026-05-11,SAS26002505,1,D00008,320.01.0021,1000,421.4142,1000,YERLİ,2026-06-10,80,,0,2,46.4333,03,DG1,9075.6892,KAPALI,2026,5,20
704497,2026-05-11,SAS26002505,2,H00005,320.01.0021,250,83.5331,250,YERLİ,2026-06-25,80,,0,2,46.4333,02,HM1,449.7478,KAPALI,2026,5,20
704498,2026-05-11,SAS26002506,1,H00012,320.01.0007,120,39.9311,120,YERLİ,2026-06-01,80,,0,2,46.4333,02,HM1,103.196,KAPALI,2026,5,20
704499,2026-05-11,SAS26002506,2,D00003,320.01.0007,1000,411.93,1000,YERLİ,2026-06-01,80,,0,2,46.4333,03,DG1,8871.4349,KAPALI,2026,5,20
704500,2026-05-11,SAS26002506,3,H00016,320.01.0007,500,125.1671,500,YERLİ,2026-06-01,80,,0,2,46.4333,02,HM1,1347.8161,KAPALI,2026,5,20
704501,2026-05-11,SAS26002507,1,D00001,320.01.0006,1000,52.7433,1000,YERLİ,2026-06-25,80,,0,2,46.4333,03,DG1,1135.8939,KAPALI,2026,5,20
704502,2026-05-11,SAS26002507,2,D00001,320.01.0006,2000,54.1519,0,YERLİ,2026-07-10,80,-20,2000,2,46.4333,03,DG1,2332.4597,ACIK,2026,5,20
704503,2026-05-11,SAS26002507,3,H00011,320.01.0006,500,57.2032,500,YERLİ,2026-06-25,80,,0,2,46.4333,02,HM1,615.9717,KAPALI,2026,5,20
704504,2026-05-12,SAS26002508,1,D00002,320.01.0001,250,80.5481,250,YERLİ,2026-05-22,79,,0,2,46.4333,03,DG1,433.6764,KAPALI,2026,5,20
704505,2026-05-12,SAS26002508,2,H00011,320.01.0001,500,51.2002,500,YERLİ,2026-08-10,79,,0,2,46.4333,02,HM1,551.3306,KAPALI,2026,5,20
704506,2026-05-12,SAS26002508,3,D00006,320.01.0001,500,468.0357,500,YERLİ,2026-05-22,79,,0,2,46.4333,03,DG1,5039.8712,KAPALI,2026,5,20
704507,2026-05-12,SAS26002509,1,H00013,320.01.0026,5000,117.3015,5000,YERLİ,2026-05-22,79,,0,2,46.4333,02,HM1,12631.1828,KAPALI,2026,5,20
704508,2026-05-12,SAS26002509,2,H00010,320.01.0026,5000,32.9693,5000,YERLİ,2026-06-02,79,,0,2,46.4333,02,HM1,3550.1784,KAPALI,2026,5,20
704509,2026-05-12,SAS26002509,3,D00006,320.01.0026,2000,485.1417,2000,YERLİ,2026-06-26,79,,0,2,46.4333,03,DG1,20896.2835,KAPALI,2026,5,20
704510,2026-05-12,SAS26002510,1,D00001,320.01.0008,250,54.0275,250,YERLİ,2026-05-27,79,,0,2,46.4333,03,DG1,290.8877,KAPALI,2026,5,20
704511,2026-05-13,SAS26002511,1,H00007,320.01.0021,500,69.0691,500,YERLİ,2026-06-03,78,,0,2,46.4333,02,HM1,743.7453,KAPALI,2026,5,20
704512,2026-05-13,SAS26002511,2,H00015,320.01.0021,5000,60.0656,0,YERLİ,2026-08-11,78,12,5000,2,46.4333,02,HM1,6467.9443,ACIK,2026,5,20
704513,2026-05-13,SAS26002512,1,H00012,320.01.0040,250,46.4251,250,YERLİ,2026-07-12,78,,0,2,46.4333,02,HM1,249.9559,KAPALI,2026,5,20
704514,2026-05-13,SAS26002513,1,D00002,320.01.0009,120,92.2085,120,YERLİ,2026-07-12,78,,0,2,46.4333,03,DG1,238.2992,KAPALI,2026,5,20
704515,2026-05-13,SAS26002514,1,D00004,320.01.0010,2000,99.3238,2000,YERLİ,2026-07-12,78,,0,2,46.4333,03,DG1,4278.128,KAPALI,2026,5,20
704516,2026-05-13,SAS26002514,2,H00001,320.01.0010,250,76.902,250,YERLİ,2026-06-27,78,,0,2,46.4333,02,HM1,414.0455,KAPALI,2026,5,20
704517,2026-05-13,SAS26002515,1,D00006,320.01.0001,2000,388.6829,0,YERLİ,2026-05-28,78,-63,2000,2,46.4333,03,DG1,16741.5583,ACIK,2026,5,20
704518,2026-05-13,SAS26002515,2,H00011,320.01.0001,2000,55.4164,0,YERLİ,2026-08-11,78,12,2000,2,46.4333,02,HM1,2386.9249,ACIK,2026,5,20
704519,2026-05-14,SAS26002516,1,H00005,320.01.0006,120,73.0101,120,YERLİ,2026-05-29,77,,0,2,46.4333,02,HM1,188.6838,KAPALI,2026,5,20
704520,2026-05-14,SAS26002516,2,D00002,320.01.0006,5000,89.6122,5000,YERLİ,2026-06-28,77,,0,2,46.4333,03,DG1,9649.5618,KAPALI,2026,5,20
704521,2026-05-14,SAS26002517,1,D00009,320.01.0020,10000,346.0277,10000,YERLİ,2026-06-04,77,,0,2,46.4333,03,DG1,74521.4534,KAPALI,2026,5,20
704522,2026-05-14,SAS26002517,2,D00005,320.01.0020,250,387.7069,250,YERLİ,2026-06-13,77,,0,2,46.4333,03,DG1,2087.4399,KAPALI,2026,5,20
704523,2026-05-14,SAS26002518,1,D00005,320.01.0035,5000,401.804,5000,İTHAL,2026-05-29,77,,0,2,46.4333,03,DG1,43266.7934,KAPALI,2026,5,20
704524,2026-05-14,SAS26002518,2,H00011,320.01.0035,5000,46.6901,5000,İTHAL,2026-06-28,77,,0,2,46.4333,02,HM1,5027.6526,KAPALI,2026,5,20
704525,2026-05-14,SAS26002518,3,H00003,320.01.0035,10000,94.9253,5000,İTHAL,2026-08-12,77,13,5000,2,46.4333,02,HM1,20443.3672,ACIK,2026,5,20
704526,2026-05-14,SAS26002519,1,D00009,320.01.0003,250,348.811,250,İTHAL,2026-06-13,77,,0,2,46.4333,03,DG1,1878.0218,KAPALI,2026,5,20
704527,2026-05-14,SAS26002519,2,D00006,320.01.0003,1000,435.4886,0,İTHAL,2026-08-12,77,13,1000,2,46.4333,03,DG1,9378.7993,ACIK,2026,5,20
704528,2026-05-14,SAS26002520,1,H00004,320.01.0015,500,105.084,500,YERLİ,2026-06-04,77,,0,2,46.4333,02,HM1,1131.5586,KAPALI,2026,5,20
704529,2026-05-14,SAS26002520,2,H00014,320.01.0015,2000,50.3915,2000,YERLİ,2026-05-24,77,,0,2,46.4333,02,HM1,2170.4897,KAPALI,2026,5,20
704530,2026-05-14,SAS26002521,1,D00005,320.01.0030,2000,368.0374,2000,YERLİ,2026-06-04,77,,0,2,46.4333,03,DG1,15852.3043,KAPALI,2026,5,20
704531,2026-05-14,SAS26002521,2,H00009,320.01.0030,500,104.948,500,YERLİ,2026-05-24,77,,0,2,46.4333,02,HM1,1130.0941,KAPALI,2026,5,20
704532,2026-05-14,SAS26002521,3,D00010,320.01.0030,120,292.5983,120,YERLİ,2026-07-13,77,,0,2,46.4333,03,DG1,756.1771,KAPALI,2026,5,20
704533,2026-05-15,SAS26002522,1,D00006,320.01.0012,5000,416.3276,2500,YERLİ,2026-08-13,76,14,2500,2,46.4333,03,DG1,44830.7142,ACIK,2026,5,20
704534,2026-05-15,SAS26002522,2,H00013,320.01.0012,250,131.896,250,YERLİ,2026-06-29,76,,0,2,46.4333,02,HM1,710.1369,KAPALI,2026,5,20
704535,2026-05-15,SAS26002523,1,H00015,320.01.0037,10000,50.5172,10000,İTHAL,2026-06-14,76,,0,2,46.4333,02,HM1,10879.5197,KAPALI,2026,5,20
704536,2026-05-15,SAS26002523,2,H00012,320.01.0037,5000,39.4521,5000,İTHAL,2026-06-29,76,,0,2,46.4333,02,HM1,4248.255,KAPALI,2026,5,20
704537,2026-05-15,SAS26002523,3,H00002,320.01.0037,5000,30.3701,0,İTHAL,2026-08-13,76,14,5000,2,46.4333,02,HM1,3270.2931,ACIK,2026,5,20
704538,2026-05-15,SAS26002524,1,H00007,320.01.0012,5000,70.0603,5000,YERLİ,2026-07-14,76,,0,2,46.4333,02,HM1,7544.187,KAPALI,2026,5,20
704539,2026-05-15,SAS26002524,2,D00010,320.01.0012,5000,301.5074,0,YERLİ,2026-08-13,76,14,5000,2,46.4333,03,DG1,32466.7211,ACIK,2026,5,20
704540,2026-05-18,SAS26002525,1,D00006,320.01.0014,5000,387.7858,5000,YERLİ,2026-07-02,73,,0,2,46.4333,03,DG1,41757.2949,KAPALI,2026,5,21
704541,2026-05-18,SAS26002525,2,H00002,320.01.0014,500,31.6703,500,YERLİ,2026-07-02,73,,0,2,46.4333,02,HM1,341.03,KAPALI,2026,5,21
704542,2026-05-18,SAS26002525,3,D00001,320.01.0014,120,55.1666,120,YERLİ,2026-06-17,73,,0,2,46.4333,03,DG1,142.5699,KAPALI,2026,5,21
704543,2026-05-18,SAS26002526,1,D00009,320.01.0006,120,371.1812,120,YERLİ,2026-06-17,73,,0,2,46.4333,03,DG1,959.2629,KAPALI,2026,5,21
704544,2026-05-18,SAS26002526,2,D00001,320.01.0006,2000,52.5538,1000,YERLİ,2026-08-16,73,17,1000,2,46.4333,03,DG1,2263.6255,ACIK,2026,5,21
704545,2026-05-19,SAS26002527,1,H00005,320.01.0027,2000,78.1992,2000,YERLİ,2026-06-03,72,,0,2,46.4333,02,HM1,3368.2379,KAPALI,2026,5,21
704546,2026-05-19,SAS26002527,2,D00004,320.01.0027,5000,102.6115,5000,YERLİ,2026-06-03,72,,0,2,46.4333,03,DG1,11049.3439,KAPALI,2026,5,21
704547,2026-05-19,SAS26002527,3,H00002,320.01.0027,120,27.1248,120,YERLİ,2026-07-03,72,,0,2,46.4333,02,HM1,70.1,KAPALI,2026,5,21
704548,2026-05-19,SAS26002528,1,H00014,320.01.0020,2000,52.1734,2000,YERLİ,2026-05-29,72,,0,2,46.4333,02,HM1,2247.2407,KAPALI,2026,5,21
704549,2026-05-20,SAS26002529,1,D00009,320.01.0016,120,306.576,120,YERLİ,2026-06-10,71,,0,2,46.4333,03,DG1,792.3004,KAPALI,2026,5,21
704550,2026-05-20,SAS26002529,2,H00016,320.01.0016,5000,125.6704,5000,YERLİ,2026-06-04,71,,0,2,46.4333,02,HM1,13532.3572,KAPALI,2026,5,21
704551,2026-05-20,SAS26002529,3,H00006,320.01.0016,120,149.2847,120,YERLİ,2026-07-04,71,,0,2,46.4333,02,HM1,385.8042,KAPALI,2026,5,21
704552,2026-05-20,SAS26002530,1,D00010,320.01.0044,5000,279.3052,5000,YERLİ,2026-07-04,71,,0,2,46.4333,03,DG1,30075.9584,KAPALI,2026,5,21
704553,2026-05-20,SAS26002531,1,H00003,320.01.0001,2000,114.3314,2000,YERLİ,2026-07-19,71,,0,2,46.4333,02,HM1,4924.5434,KAPALI,2026,5,21
704554,2026-05-20,SAS26002532,1,H00002,320.01.0039,500,25.6798,500,YERLİ,2026-06-04,71,,0,2,46.4333,02,HM1,276.5235,KAPALI,2026,5,21
704555,2026-05-20,SAS26002532,2,H00013,320.01.0039,1000,137.7073,1000,YERLİ,2026-06-10,71,,0,2,46.4333,02,HM1,2965.7013,KAPALI,2026,5,21
704556,2026-05-20,SAS26002533,1,D00004,320.01.0040,5000,106.0628,5000,YERLİ,2026-06-19,71,,0,2,46.4333,03,DG1,11420.9845,KAPALI,2026,5,21
704557,2026-05-20,SAS26002533,2,D00009,320.01.0040,120,331.8234,120,YERLİ,2026-08-18,71,,0,2,46.4333,03,DG1,857.5485,KAPALI,2026,5,21
704558,2026-05-20,SAS26002533,3,D00006,320.01.0040,10000,471.7714,10000,YERLİ,2026-06-10,71,,0,2,46.4333,03,DG1,101601.9538,KAPALI,2026,5,21
704559,2026-05-20,SAS26002534,1,D00005,320.01.0041,1000,423.6592,1000,İTHAL,2026-06-04,71,,0,2,46.4333,03,DG1,9124.0381,KAPALI,2026,5,21
704560,2026-05-20,SAS26002534,2,H00008,320.01.0041,1000,80.1707,1000,İTHAL,2026-06-10,71,,0,2,46.4333,02,HM1,1726.5777,KAPALI,2026,5,21
704561,2026-05-21,SAS26002535,1,H00010,320.01.0033,500,28.3732,500,YERLİ,2026-07-20,70,,0,2,46.4333,02,HM1,305.5264,KAPALI,2026,5,21
704562,2026-05-21,SAS26002536,1,H00016,320.01.0017,10000,126.5481,10000,YERLİ,2026-07-05,70,,0,2,46.4333,02,HM1,27253.7382,KAPALI,2026,5,21
704563,2026-05-21,SAS26002536,2,D00007,320.01.0017,1000,121.4032,1000,YERLİ,2026-07-05,70,,0,2,46.4333,03,DG1,2614.5719,KAPALI,2026,5,21
704564,2026-05-21,SAS26002536,3,H00014,320.01.0017,10000,52.867,10000,YERLİ,2026-05-31,70,,0,2,46.4333,02,HM1,11385.5789,KAPALI,2026,5,21
704565,2026-05-21,SAS26002537,1,D00003,320.01.0001,500,376.1875,0,YERLİ,2026-08-19,70,20,500,2,46.4333,03,DG1,4050.8374,ACIK,2026,5,21
704566,2026-05-21,SAS26002537,2,D00007,320.01.0001,500,118.1997,500,YERLİ,2026-05-31,70,,0,2,46.4333,03,DG1,1272.7902,KAPALI,2026,5,21
704567,2026-05-21,SAS26002538,1,D00010,320.01.0035,120,310.5492,120,İTHAL,2026-06-20,70,,0,2,46.4333,03,DG1,802.5685,KAPALI,2026,5,21
704568,2026-05-21,SAS26002538,2,D00006,320.01.0035,500,473.7287,500,İTHAL,2026-05-31,70,,0,2,46.4333,03,DG1,5101.1742,KAPALI,2026,5,21
704569,2026-05-21,SAS26002539,1,H00007,320.01.0005,500,59.488,500,YERLİ,2026-07-05,70,,0,2,46.4333,02,HM1,640.5748,KAPALI,2026,5,21
704570,2026-05-22,SAS26002540,1,H00002,320.01.0018,500,30.2524,500,YERLİ,2026-07-21,69,,0,2,46.4333,02,HM1,325.7619,KAPALI,2026,5,21
704571,2026-05-22,SAS26002540,2,H00003,320.01.0018,250,97.8776,250,YERLİ,2026-07-06,69,,0,2,46.4333,02,HM1,526.9796,KAPALI,2026,5,21
704572,2026-05-22,SAS26002541,1,H00004,320.01.0053,2000,89.7433,2000,İTHAL,2026-07-06,69,,0,2,46.4333,02,HM1,3865.4715,KAPALI,2026,5,21
704573,2026-05-22,SAS26002541,2,H00009,320.01.0053,2000,106.4312,2000,İTHAL,2026-07-21,69,,0,2,46.4333,02,HM1,4584.2617,KAPALI,2026,5,21
704574,2026-05-22,SAS26002542,1,H00014,320.01.0015,120,48.798,120,YERLİ,2026-06-21,69,,0,2,46.4333,02,HM1,126.1112,KAPALI,2026,5,21
704575,2026-05-25,SAS26002543,1,H00007,320.01.0002,500,59.9948,500,YERLİ,2026-06-15,66,,0,2,46.4333,02,HM1,646.0321,KAPALI,2026,5,22
704576,2026-05-25,SAS26002543,2,D00010,320.01.0002,5000,273.1117,2500,YERLİ,2026-08-23,66,24,2500,2,46.4333,03,DG1,29409.034,ACIK,2026,5,22
704577,2026-05-25,SAS26002544,1,H00004,320.01.0004,10000,104.879,10000,YERLİ,2026-06-09,66,,0,2,46.4333,02,HM1,22587.0227,KAPALI,2026,5,22
704578,2026-05-25,SAS26002544,2,D00010,320.01.0004,120,311.8312,120,YERLİ,2026-07-09,66,,0,2,46.4333,03,DG1,805.8816,KAPALI,2026,5,22
704579,2026-05-25,SAS26002544,3,D00006,320.01.0004,1000,383.5389,500,YERLİ,2026-08-23,66,24,500,2,46.4333,03,DG1,8259.9966,ACIK,2026,5,22
704580,2026-05-25,SAS26002545,1,H00006,320.01.0004,2000,152.679,2000,YERLİ,2026-06-24,66,,0,2,46.4333,02,HM1,6576.2718,KAPALI,2026,5,22
704581,2026-05-25,SAS26002546,1,D00007,320.01.0002,250,101.0531,250,YERLİ,2026-07-24,66,,0,2,46.4333,03,DG1,544.0767,KAPALI,2026,5,22
704582,2026-05-25,SAS26002546,2,H00006,320.01.0002,1000,143.2661,1000,YERLİ,2026-06-15,66,,0,2,46.4333,02,HM1,3085.4171,KAPALI,2026,5,22
704583,2026-05-26,SAS26002547,1,H00007,320.01.0018,10000,63.113,0,YERLİ,2026-08-24,65,25,10000,2,46.4333,02,HM1,13592.1849,ACIK,2026,5,22
704584,2026-05-26,SAS26002548,1,D00003,320.01.0018,10000,449.5135,10000,YERLİ,2026-06-10,65,,0,2,46.4333,03,DG1,96808.4327,KAPALI,2026,5,22
704585,2026-05-26,SAS26002548,2,D00005,320.01.0018,250,440.5864,250,YERLİ,2026-07-10,65,,0,2,46.4333,03,DG1,2372.1467,KAPALI,2026,5,22
704586,2026-05-26,SAS26002549,1,H00006,320.01.0028,1000,155.5358,1000,YERLİ,2026-06-16,65,,0,2,46.4333,02,HM1,3349.6607,KAPALI,2026,5,22
704587,2026-05-26,SAS26002549,2,H00007,320.01.0028,500,65.9866,500,YERLİ,2026-06-16,65,,0,2,46.4333,02,HM1,710.5526,KAPALI,2026,5,22
704588,2026-05-26,SAS26002550,1,D00003,320.01.0003,120,423.3873,120,İTHAL,2026-06-16,65,,0,2,46.4333,03,DG1,1094.1819,KAPALI,2026,5,22
704589,2026-05-26,SAS26002550,2,D00009,320.01.0003,1000,323.9659,1000,İTHAL,2026-08-24,65,,0,2,46.4333,03,DG1,6977.0165,KAPALI,2026,5,22
704590,2026-05-27,SAS26002551,1,D00004,320.01.0002,2000,95.2606,2000,YERLİ,2026-06-26,64,,0,2,46.4333,03,DG1,4103.1157,KAPALI,2026,5,22
704591,2026-05-27,SAS26002552,1,D00008,320.01.0024,500,433.5316,500,YERLİ,2026-07-26,64,,0,2,46.4333,03,DG1,4668.3264,KAPALI,2026,5,22
704592,2026-05-27,SAS26002552,2,H00001,320.01.0024,10000,75.5978,10000,YERLİ,2026-06-26,64,,0,2,46.4333,02,HM1,16280.9449,KAPALI,2026,5,22
704593,2026-05-27,SAS26002552,3,H00005,320.01.0024,120,85.9974,120,YERLİ,2026-06-17,64,,0,2,46.4333,02,HM1,222.2476,KAPALI,2026,5,22
704594,2026-05-27,SAS26002553,1,D00008,320.01.0007,500,437.3109,500,YERLİ,2026-06-06,64,,0,2,46.4333,03,DG1,4709.0224,KAPALI,2026,5,22
704595,2026-05-27,SAS26002553,2,D00006,320.01.0007,120,449.5353,120,YERLİ,2026-07-26,64,,0,2,46.4333,03,DG1,1161.7575,KAPALI,2026,5,22
704596,2026-05-27,SAS26002554,1,D00001,320.01.0005,500,56.6237,500,YERLİ,2026-07-11,64,,0,2,46.4333,03,DG1,609.7316,KAPALI,2026,5,22
704597,2026-05-28,SAS26002555,1,H00013,320.01.0001,120,124.4762,120,YERLİ,2026-06-07,63,,0,2,46.4333,02,HM1,321.6903,KAPALI,2026,5,22
704598,2026-05-28,SAS26002556,1,D00007,320.01.0001,2000,111.8647,2000,YERLİ,2026-07-27,63,,0,2,46.4333,03,DG1,4818.2964,KAPALI,2026,5,22
704599,2026-05-28,SAS26002556,2,H00004,320.01.0001,500,92.9695,500,YERLİ,2026-06-27,63,,0,2,46.4333,02,HM1,1001.108,KAPALI,2026,5,22
704600,2026-05-28,SAS26002557,1,H00011,320.01.0046,500,51.0385,0,YERLİ,2026-08-26,63,27,500,2,46.4333,02,HM1,549.5894,ACIK,2026,5,22
704601,2026-05-28,SAS26002558,1,H00013,320.01.0001,5000,132.7212,5000,YERLİ,2026-06-27,63,,0,2,46.4333,02,HM1,14291.5968,KAPALI,2026,5,22
704602,2026-05-28,SAS26002559,1,D00009,320.01.0001,2000,351.0857,2000,YERLİ,2026-06-18,63,,0,2,46.4333,03,DG1,15122.1516,KAPALI,2026,5,22
704603,2026-05-29,SAS26002560,1,D00006,320.01.0012,250,385.2051,250,YERLİ,2026-06-19,62,,0,2,46.4333,03,DG1,2073.9701,KAPALI,2026,5,22
704604,2026-05-29,SAS26002560,2,H00011,320.01.0012,500,54.5574,500,YERLİ,2026-06-13,62,,0,2,46.4333,02,HM1,587.4814,KAPALI,2026,5,22
704605,2026-05-29,SAS26002560,3,H00015,320.01.0012,1000,51.5742,500,YERLİ,2026-06-13,62,-47,500,2,46.4333,02,HM1,1110.7158,ACIK,2026,5,22
704606,2026-05-29,SAS26002561,1,H00006,320.01.0044,500,147.1518,500,YERLİ,2026-06-28,62,,0,2,46.4333,02,HM1,1584.5503,KAPALI,2026,5,22
704607,2026-05-29,SAS26002562,1,D00002,320.01.0007,250,78.7743,250,YERLİ,2026-07-13,62,,0,2,46.4333,03,DG1,424.1261,KAPALI,2026,5,22
704608,2026-05-29,SAS26002563,1,H00009,320.01.0001,10000,107.9221,10000,YERLİ,2026-07-13,62,,0,2,46.4333,02,HM1,23242.3929,KAPALI,2026,5,22
704609,2026-06-01,SAS26002564,1,H00004,320.01.0030,5000,106.925,5000,YERLİ,2026-06-16,59,,0,2,47.0167,02,HM1,11370.9597,KAPALI,2026,6,23
704610,2026-06-01,SAS26002565,1,D00012,320.01.0010,5000,197.3413,0,YERLİ,2026-07-31,59,1,5000,2,47.0167,03,DG1,20986.2985,ACIK,2026,6,23
704611,2026-06-01,SAS26002565,2,H00014,320.01.0010,120,54.0394,0,YERLİ,2026-07-31,59,1,120,2,47.0167,02,HM1,137.9239,ACIK,2026,6,23
704612,2026-06-01,SAS26002565,3,D00007,320.01.0010,250,102.8623,125,YERLİ,2026-06-11,59,-49,125,2,47.0167,03,DG1,546.9456,ACIK,2026,6,23
704613,2026-06-01,SAS26002566,1,H00007,320.01.0001,2000,72.8362,2000,YERLİ,2026-06-22,59,,0,2,47.0167,02,HM1,3098.3119,KAPALI,2026,6,23
704614,2026-06-02,SAS26002567,1,D00006,320.01.0028,500,439.3777,500,YERLİ,2026-07-02,58,,0,2,47.0167,03,DG1,4672.5706,KAPALI,2026,6,23
704615,2026-06-02,SAS26002568,1,H00011,320.01.0004,2000,52.3961,2000,YERLİ,2026-06-12,58,,0,2,47.0167,02,HM1,2228.8293,KAPALI,2026,6,23
704616,2026-06-02,SAS26002568,2,D00001,320.01.0004,2000,58.1957,2000,YERLİ,2026-08-01,58,,0,2,47.0167,03,DG1,2475.5332,KAPALI,2026,6,23
704617,2026-06-02,SAS26002568,3,H00013,320.01.0004,5000,117.726,0,YERLİ,2026-08-31,58,32,5000,2,47.0167,02,HM1,12519.5941,ACIK,2026,6,23
704618,2026-06-03,SAS26002569,1,H00012,320.01.0015,5000,40.2907,5000,YERLİ,2026-08-02,57,,0,2,47.0167,02,HM1,4284.7222,KAPALI,2026,6,23
704619,2026-06-03,SAS26002569,2,H00016,320.01.0015,500,128.2803,250,YERLİ,2026-09-01,57,33,250,2,47.0167,02,HM1,1364.1993,ACIK,2026,6,23
704620,2026-06-03,SAS26002570,1,D00006,320.01.0003,120,405.8128,120,İTHAL,2026-06-13,57,,0,2,47.0167,03,DG1,1035.7498,KAPALI,2026,6,23
704621,2026-06-03,SAS26002570,2,H00007,320.01.0003,500,67.0778,0,İTHAL,2026-09-01,57,33,500,2,47.0167,02,HM1,713.3402,ACIK,2026,6,23
704622,2026-06-03,SAS26002570,3,D00011,320.01.0003,250,12.3926,125,İTHAL,2026-09-01,57,33,125,2,47.0167,03,DG1,65.8947,ACIK,2026,6,23
704623,2026-06-03,SAS26002571,1,D00009,320.01.0004,10000,349.0884,10000,YERLİ,2026-09-01,57,,0,2,47.0167,03,DG1,74247.746,KAPALI,2026,6,23
704624,2026-06-03,SAS26002571,2,D00005,320.01.0004,120,440.6343,120,YERLİ,2026-09-01,57,,0,2,47.0167,03,DG1,1124.6241,KAPALI,2026,6,23
704625,2026-06-03,SAS26002572,1,H00013,320.01.0004,250,124.3621,250,YERLİ,2026-06-24,57,,0,2,47.0167,02,HM1,661.2656,KAPALI,2026,6,23
704626,2026-06-05,SAS26002573,1,H00010,320.01.0024,2000,34.6035,2000,YERLİ,2026-06-20,55,,0,2,47.0167,02,HM1,1471.9663,KAPALI,2026,6,23
704627,2026-06-05,SAS26002573,2,D00001,320.01.0024,10000,57.0252,5000,YERLİ,2026-08-04,55,5,5000,2,47.0167,03,DG1,12128.7117,ACIK,2026,6,23
704628,2026-06-05,SAS26002574,1,H00009,320.01.0010,120,114.0359,120,YERLİ,2026-07-05,55,,0,2,47.0167,02,HM1,291.0521,KAPALI,2026,6,23
704629,2026-06-08,SAS26002575,1,H00015,320.01.0028,2000,64.3409,2000,YERLİ,2026-06-18,52,,0,2,47.0167,02,HM1,2736.9382,KAPALI,2026,6,24
704630,2026-06-08,SAS26002575,2,D00012,320.01.0028,2000,173.0634,2000,YERLİ,2026-06-23,52,,0,2,47.0167,03,DG1,7361.7842,KAPALI,2026,6,24
704631,2026-06-08,SAS26002576,1,D00009,320.01.0031,2000,388.1098,2000,YERLİ,2026-07-08,52,,0,2,47.0167,03,DG1,16509.4445,KAPALI,2026,6,24
704632,2026-06-08,SAS26002577,1,H00012,320.01.0013,10000,47.8787,0,YERLİ,2026-09-06,52,38,10000,2,47.0167,02,HM1,10183.3391,ACIK,2026,6,24
704633,2026-06-08,SAS26002577,2,H00012,320.01.0013,10000,43.237,10000,YERLİ,2026-06-29,52,,0,2,47.0167,02,HM1,9196.0942,KAPALI,2026,6,24
704634,2026-06-08,SAS26002577,3,H00006,320.01.0013,1000,135.9417,0,YERLİ,2026-08-07,52,8,1000,2,47.0167,02,HM1,2891.3492,ACIK,2026,6,24
704635,2026-06-08,SAS26002578,1,H00014,320.01.0004,120,50.436,120,YERLİ,2026-06-23,52,,0,2,47.0167,02,HM1,128.727,KAPALI,2026,6,24
704636,2026-06-09,SAS26002579,1,H00010,320.01.0010,1000,31.8236,1000,YERLİ,2026-06-19,51,,0,2,47.0167,02,HM1,676.8574,KAPALI,2026,6,24
704637,2026-06-09,SAS26002579,2,D00007,320.01.0010,2000,114.0042,2000,YERLİ,2026-09-07,51,,0,2,47.0167,03,DG1,4849.5194,KAPALI,2026,6,24
704638,2026-06-09,SAS26002580,1,H00006,320.01.0002,5000,145.5983,5000,YERLİ,2026-06-19,51,,0,2,47.0167,02,HM1,15483.6792,KAPALI,2026,6,24
704639,2026-06-09,SAS26002580,2,H00011,320.01.0002,5000,46.4848,0,YERLİ,2026-09-07,51,39,5000,2,47.0167,02,HM1,4943.435,ACIK,2026,6,24
704640,2026-06-09,SAS26002581,1,D00012,320.01.0001,10000,199.6408,10000,YERLİ,2026-09-07,51,,0,2,47.0167,03,DG1,42461.6785,KAPALI,2026,6,24
704641,2026-06-10,SAS26002582,1,H00012,320.01.0004,1000,40.1242,1000,YERLİ,2026-07-10,50,,0,2,47.0167,02,HM1,853.4032,KAPALI,2026,6,24
704642,2026-06-10,SAS26002582,2,D00005,320.01.0004,2000,370.4012,1000,YERLİ,2026-06-25,50,-35,1000,2,47.0167,03,DG1,15756.1547,ACIK,2026,6,24
704643,2026-06-10,SAS26002583,1,H00006,320.01.0018,10000,152.4329,10000,YERLİ,2026-07-25,50,,0,2,47.0167,02,HM1,32421.0121,KAPALI,2026,6,24
704644,2026-06-10,SAS26002583,2,H00014,320.01.0018,120,44.6723,0,YERLİ,2026-08-09,50,10,120,2,47.0167,02,HM1,114.0164,ACIK,2026,6,24
704645,2026-06-10,SAS26002584,1,H00014,320.01.0014,1000,53.2191,1000,YERLİ,2026-06-20,50,,0,2,47.0167,02,HM1,1131.9191,KAPALI,2026,6,24
704646,2026-06-10,SAS26002585,1,D00006,320.01.0004,5000,439.1115,2500,YERLİ,2026-08-09,50,10,2500,2,47.0167,03,DG1,46697.3969,ACIK,2026,6,24
704647,2026-06-10,SAS26002585,2,H00010,320.01.0004,5000,30.8471,5000,YERLİ,2026-06-20,50,,0,2,47.0167,02,HM1,3280.4408,KAPALI,2026,6,24
704648,2026-06-10,SAS26002585,3,H00009,320.01.0004,120,109.3107,120,YERLİ,2026-07-10,50,,0,2,47.0167,02,HM1,278.992,KAPALI,2026,6,24
704649,2026-06-10,SAS26002586,1,D00010,320.01.0005,10000,288.0267,10000,YERLİ,2026-06-25,50,,0,2,47.0167,03,DG1,61260.5096,KAPALI,2026,6,24
704650,2026-06-10,SAS26002586,2,D00005,320.01.0005,10000,416.7966,10000,YERLİ,2026-07-01,50,,0,2,47.0167,03,DG1,88648.6291,KAPALI,2026,6,24
704651,2026-06-10,SAS26002586,3,H00010,320.01.0005,500,35.4343,500,YERLİ,2026-07-25,50,,0,2,47.0167,02,HM1,376.8267,KAPALI,2026,6,24
704652,2026-06-11,SAS26002587,1,D00003,320.01.0016,2000,445.2673,1000,YERLİ,2026-08-10,49,11,1000,2,47.0167,03,DG1,18940.8146,ACIK,2026,6,24
704653,2026-06-11,SAS26002588,1,H00009,320.01.0001,5000,100.0068,5000,YERLİ,2026-06-26,49,,0,2,47.0167,02,HM1,10635.2424,KAPALI,2026,6,24
704654,2026-06-15,SAS26002589,1,D00004,320.01.0014,5000,99.0362,5000,YERLİ,2026-07-15,45,,0,2,47.0167,03,DG1,10532.0237,KAPALI,2026,6,25
704655,2026-06-15,SAS26002589,2,D00010,320.01.0014,10000,257.0895,10000,YERLİ,2026-07-30,45,,0,2,47.0167,03,DG1,54680.4646,KAPALI,2026,6,25
704656,2026-06-15,SAS26002590,1,D00007,320.01.0003,500,125.9235,500,İTHAL,2026-08-14,45,,0,2,47.0167,03,DG1,1339.1359,KAPALI,2026,6,25
704657,2026-06-15,SAS26002590,2,D00007,320.01.0003,1000,101.0348,1000,İTHAL,2026-08-14,45,,0,2,47.0167,03,DG1,2148.913,KAPALI,2026,6,25
704658,2026-06-15,SAS26002591,1,H00003,320.01.0032,1000,119.1985,0,YERLİ,2026-09-13,45,45,1000,2,47.0167,02,HM1,2535.2375,ACIK,2026,6,25
704659,2026-06-15,SAS26002592,1,H00007,320.01.0048,120,69.3824,0,YERLİ,2026-08-14,45,15,120,2,47.0167,02,HM1,177.0836,ACIK,2026,6,25
704660,2026-06-15,SAS26002592,2,H00002,320.01.0048,500,31.1286,500,YERLİ,2026-07-06,45,,0,2,47.0167,02,HM1,331.0377,KAPALI,2026,6,25
704661,2026-06-15,SAS26002593,1,D00010,320.01.0011,10000,320.0234,5000,YERLİ,2026-08-14,45,15,5000,2,47.0167,03,DG1,68065.9,ACIK,2026,6,25
704662,2026-06-15,SAS26002593,2,H00014,320.01.0011,2000,47.6481,2000,YERLİ,2026-07-06,45,,0,2,47.0167,02,HM1,2026.8585,KAPALI,2026,6,25
704663,2026-06-16,SAS26002594,1,D00002,320.01.0008,2000,94.733,0,YERLİ,2026-07-01,44,-29,2000,2,47.0167,03,DG1,4029.7596,ACIK,2026,6,25
704664,2026-06-16,SAS26002594,2,H00002,320.01.0008,120,29.6993,120,YERLİ,2026-09-14,44,,0,2,47.0167,02,HM1,75.8011,KAPALI,2026,6,25
704665,2026-06-17,SAS26002595,1,H00011,320.01.0002,5000,52.734,0,YERLİ,2026-09-15,43,47,5000,2,47.0167,02,HM1,5608.0074,ACIK,2026,6,25
704666,2026-06-17,SAS26002595,2,H00005,320.01.0002,120,74.6497,120,YERLİ,2026-07-08,43,,0,2,47.0167,02,HM1,190.5273,KAPALI,2026,6,25
704667,2026-06-17,SAS26002595,3,D00006,320.01.0002,2000,452.4737,1000,YERLİ,2026-08-01,43,2,1000,2,47.0167,03,DG1,19247.361,ACIK,2026,6,25
704668,2026-06-17,SAS26002596,1,H00006,320.01.0013,500,159.369,0,YERLİ,2026-08-16,43,17,500,2,47.0167,02,HM1,1694.8127,ACIK,2026,6,25
704669,2026-06-17,SAS26002597,1,D00006,320.01.0035,120,481.9559,120,İTHAL,2026-06-27,43,,0,2,47.0167,03,DG1,1230.0886,KAPALI,2026,6,25
704670,2026-06-17,SAS26002598,1,H00013,320.01.0003,120,123.0989,60,İTHAL,2026-08-01,43,2,60,2,47.0167,02,HM1,314.1834,ACIK,2026,6,25
704671,2026-06-17,SAS26002598,2,D00004,320.01.0003,500,109.5878,500,İTHAL,2026-07-17,43,,0,2,47.0167,03,DG1,1165.4136,KAPALI,2026,6,25
704672,2026-06-17,SAS26002599,1,H00007,320.01.0038,5000,58.7063,0,YERLİ,2026-09-15,43,47,5000,2,47.0167,02,HM1,6243.1328,ACIK,2026,6,25
704673,2026-06-17,SAS26002599,2,H00001,320.01.0038,500,74.884,250,YERLİ,2026-08-01,43,2,250,2,47.0167,02,HM1,796.3553,ACIK,2026,6,25
704674,2026-06-17,SAS26002599,3,D00008,320.01.0038,1000,442.8941,500,YERLİ,2026-08-01,43,2,500,2,47.0167,03,DG1,9419.9316,ACIK,2026,6,25
704675,2026-06-18,SAS26002600,1,H00006,320.01.0022,5000,161.3185,5000,YERLİ,2026-07-09,42,,0,2,47.0167,02,HM1,17155.4469,KAPALI,2026,6,25
704676,2026-06-18,SAS26002600,2,D00012,320.01.0022,5000,166.4752,5000,YERLİ,2026-07-09,42,,0,2,47.0167,03,DG1,17703.8371,KAPALI,2026,6,25
704677,2026-06-18,SAS26002600,3,H00010,320.01.0022,1000,30.4342,1000,YERLİ,2026-07-09,42,,0,2,47.0167,02,HM1,647.3062,KAPALI,2026,6,25
704678,2026-06-18,SAS26002601,1,D00003,320.01.0003,500,410.6677,500,İTHAL,2026-07-18,42,,0,2,47.0167,03,DG1,4367.2536,KAPALI,2026,6,25
704679,2026-06-18,SAS26002601,2,D00011,320.01.0003,500,14.9904,500,İTHAL,2026-07-03,42,,0,2,47.0167,03,DG1,159.4157,KAPALI,2026,6,25
704680,2026-06-18,SAS26002602,1,D00012,320.01.0011,2000,201.4668,0,YERLİ,2026-08-17,42,18,2000,2,47.0167,03,DG1,8570.0102,ACIK,2026,6,25
704681,2026-06-18,SAS26002602,2,H00009,320.01.0011,1000,110.182,1000,YERLİ,2026-07-18,42,,0,2,47.0167,02,HM1,2343.4652,KAPALI,2026,6,25
704682,2026-06-18,SAS26002603,1,H00005,320.01.0001,1000,72.3125,1000,YERLİ,2026-07-03,42,,0,2,47.0167,02,HM1,1538.0173,KAPALI,2026,6,25
704683,2026-06-18,SAS26002604,1,H00006,320.01.0016,1000,143.3958,0,YERLİ,2026-08-17,42,18,1000,2,47.0167,02,HM1,3049.8908,ACIK,2026,6,25
704684,2026-06-18,SAS26002604,2,H00009,320.01.0016,1000,102.8078,500,YERLİ,2026-08-17,42,18,500,2,47.0167,02,HM1,2186.6231,ACIK,2026,6,25
704685,2026-06-18,SAS26002605,1,D00012,320.01.0001,2000,204.7554,2000,YERLİ,2026-06-28,42,,0,2,47.0167,03,DG1,8709.901,KAPALI,2026,6,25
704686,2026-06-18,SAS26002605,2,H00004,320.01.0001,10000,114.0949,10000,YERLİ,2026-07-03,42,,0,2,47.0167,02,HM1,24266.8881,KAPALI,2026,6,25
704687,2026-06-19,SAS26002606,1,D00011,320.01.0008,10000,12.3434,10000,YERLİ,2026-07-19,41,,0,2,47.0167,03,DG1,2625.3225,KAPALI,2026,6,25
704688,2026-06-19,SAS26002606,2,D00003,320.01.0008,500,394.5072,500,YERLİ,2026-06-29,41,,0,2,47.0167,03,DG1,4195.3944,KAPALI,2026,6,25
704689,2026-06-19,SAS26002606,3,D00004,320.01.0008,1000,108.4064,1000,YERLİ,2026-06-29,41,,0,2,47.0167,03,DG1,2305.6999,KAPALI,2026,6,25
704690,2026-06-19,SAS26002607,1,H00005,320.01.0026,5000,86.9257,2500,YERLİ,2026-08-18,41,19,2500,2,47.0167,02,HM1,9244.1303,ACIK,2026,6,25
704691,2026-06-19,SAS26002607,2,H00004,320.01.0026,1000,110.1255,1000,YERLİ,2026-08-18,41,,0,2,47.0167,02,HM1,2342.2635,KAPALI,2026,6,25
704692,2026-06-19,SAS26002607,3,H00007,320.01.0026,1000,72.9071,500,YERLİ,2026-09-17,41,49,500,2,47.0167,02,HM1,1550.6639,ACIK,2026,6,25
704693,2026-06-22,SAS26002608,1,H00014,320.01.0023,120,54.051,120,İTHAL,2026-07-22,38,,0,2,47.0167,02,HM1,137.9535,KAPALI,2026,6,26
704694,2026-06-22,SAS26002609,1,D00005,320.01.0005,1000,358.15,1000,YERLİ,2026-07-07,38,,0,2,47.0167,03,DG1,7617.5061,KAPALI,2026,6,26
704695,2026-06-22,SAS26002609,2,H00009,320.01.0005,1000,100.7879,1000,YERLİ,2026-07-07,38,,0,2,47.0167,02,HM1,2143.6617,KAPALI,2026,6,26
704696,2026-06-22,SAS26002609,3,H00015,320.01.0005,10000,56.6848,10000,YERLİ,2026-07-13,38,,0,2,47.0167,02,HM1,12056.3119,KAPALI,2026,6,26
704697,2026-06-23,SAS26002610,1,D00001,320.01.0003,500,54.9496,500,İTHAL,2026-08-07,37,,0,2,47.0167,03,DG1,584.3626,KAPALI,2026,6,26
704698,2026-06-23,SAS26002611,1,D00011,320.01.0004,120,14.9587,120,YERLİ,2026-07-14,37,,0,2,47.0167,03,DG1,38.1789,KAPALI,2026,6,26
704699,2026-06-23,SAS26002612,1,D00003,320.01.0005,5000,470.7563,5000,YERLİ,2026-07-08,37,,0,2,47.0167,03,DG1,50062.6692,KAPALI,2026,6,26
704700,2026-06-23,SAS26002612,2,D00005,320.01.0005,1000,368.4939,1000,YERLİ,2026-07-08,37,,0,2,47.0167,03,DG1,7837.5109,KAPALI,2026,6,26
704701,2026-06-23,SAS26002612,3,D00003,320.01.0005,2000,396.798,2000,YERLİ,2026-07-14,37,,0,2,47.0167,03,DG1,16879.0238,KAPALI,2026,6,26
704702,2026-06-23,SAS26002613,1,H00006,320.01.0050,500,156.2121,250,YERLİ,2026-08-07,37,8,250,2,47.0167,02,HM1,1661.2406,ACIK,2026,6,26
704703,2026-06-23,SAS26002613,2,H00008,320.01.0050,5000,92.8535,5000,YERLİ,2026-07-08,37,,0,2,47.0167,02,HM1,9874.5233,KAPALI,2026,6,26
704704,2026-06-23,SAS26002614,1,H00010,320.01.0006,5000,35.6527,5000,YERLİ,2026-07-14,37,,0,2,47.0167,02,HM1,3791.4932,KAPALI,2026,6,26
704705,2026-06-23,SAS26002614,2,D00006,320.01.0006,5000,439.5004,5000,YERLİ,2026-07-23,37,,0,2,47.0167,03,DG1,46738.7545,KAPALI,2026,6,26
704706,2026-06-24,SAS26002615,1,H00009,320.01.0001,10000,124.4562,10000,YERLİ,2026-07-24,36,,0,2,47.0167,02,HM1,26470.637,KAPALI,2026,6,26
704707,2026-06-24,SAS26002615,2,D00001,320.01.0001,2000,56.5421,0,YERLİ,2026-08-08,36,9,2000,2,47.0167,03,DG1,2405.1922,ACIK,2026,6,26
704708,2026-06-24,SAS26002615,3,H00003,320.01.0001,120,102.4055,120,YERLİ,2026-07-15,36,,0,2,47.0167,02,HM1,261.368,KAPALI,2026,6,26
704709,2026-06-24,SAS26002616,1,H00002,320.01.0047,500,32.1661,500,YERLİ,2026-07-09,36,,0,2,47.0167,02,HM1,342.071,KAPALI,2026,6,26
704710,2026-06-24,SAS26002616,2,D00002,320.01.0047,250,93.7546,250,YERLİ,2026-07-04,36,,0,2,47.0167,03,DG1,498.5175,KAPALI,2026,6,26
704711,2026-06-24,SAS26002617,1,H00015,320.01.0024,120,56.5451,120,YERLİ,2026-07-09,36,,0,2,47.0167,02,HM1,144.3192,KAPALI,2026,6,26
704712,2026-06-24,SAS26002617,2,H00010,320.01.0024,250,35.483,250,YERLİ,2026-07-24,36,,0,2,47.0167,02,HM1,188.6723,KAPALI,2026,6,26
704713,2026-06-24,SAS26002617,3,H00005,320.01.0024,250,79.7408,0,YERLİ,2026-08-23,36,24,250,2,47.0167,02,HM1,424.0025,ACIK,2026,6,26
704714,2026-06-24,SAS26002618,1,H00002,320.01.0001,120,25.6504,120,YERLİ,2026-07-09,36,,0,2,47.0167,02,HM1,65.4671,KAPALI,2026,6,26
704715,2026-06-24,SAS26002619,1,D00009,320.01.0048,2000,382.3526,2000,YERLİ,2026-08-23,36,,0,2,47.0167,03,DG1,16264.5443,KAPALI,2026,6,26
704716,2026-06-24,SAS26002620,1,D00004,320.01.0011,2000,91.2064,2000,YERLİ,2026-07-15,36,,0,2,47.0167,03,DG1,3879.7449,KAPALI,2026,6,26
704717,2026-06-25,SAS26002621,1,D00012,320.01.0001,2000,174.5999,0,YERLİ,2026-09-23,35,55,2000,2,47.0167,03,DG1,7427.144,ACIK,2026,6,26
704718,2026-06-25,SAS26002621,2,H00012,320.01.0001,10000,46.3579,5000,YERLİ,2026-09-23,35,55,5000,2,47.0167,02,HM1,9859.8796,ACIK,2026,6,26
704719,2026-06-25,SAS26002621,3,H00009,320.01.0001,500,119.6666,500,YERLİ,2026-07-05,35,,0,2,47.0167,02,HM1,1272.5968,KAPALI,2026,6,26
704720,2026-06-25,SAS26002622,1,H00015,320.01.0010,1000,57.879,1000,YERLİ,2026-07-25,35,,0,2,47.0167,02,HM1,1231.0307,KAPALI,2026,6,26
704721,2026-06-25,SAS26002623,1,D00004,320.01.0022,500,89.1852,500,YERLİ,2026-07-05,35,,0,2,47.0167,03,DG1,948.4417,KAPALI,2026,6,26
704722,2026-06-25,SAS26002623,2,D00001,320.01.0022,1000,56.0117,1000,YERLİ,2026-07-10,35,,0,2,47.0167,03,DG1,1191.315,KAPALI,2026,6,26
704723,2026-06-25,SAS26002624,1,H00006,320.01.0002,10000,156.0143,10000,YERLİ,2026-08-09,35,,0,2,47.0167,02,HM1,33182.7415,KAPALI,2026,6,26
704724,2026-06-26,SAS26002625,1,D00007,320.01.0002,500,108.4866,250,YERLİ,2026-08-10,34,11,250,2,47.0167,03,DG1,1153.7028,ACIK,2026,6,26
704725,2026-06-29,SAS26002626,1,H00009,320.01.0024,500,102.4087,250,YERLİ,2026-07-14,31,-16,250,2,47.0167,02,HM1,1089.0673,ACIK,2026,6,27
704726,2026-06-29,SAS26002626,2,H00002,320.01.0024,1000,27.1278,1000,YERLİ,2026-07-20,31,,0,2,47.0167,02,HM1,576.9822,KAPALI,2026,6,27
704727,2026-06-29,SAS26002627,1,H00004,320.01.0002,120,113.8066,0,YERLİ,2026-08-13,31,14,120,2,47.0167,02,HM1,290.4668,ACIK,2026,6,27
704728,2026-06-29,SAS26002628,1,H00009,320.01.0003,120,100.2484,120,İTHAL,2026-07-09,31,,0,2,47.0167,02,HM1,255.8624,KAPALI,2026,6,27
704729,2026-06-29,SAS26002628,2,D00009,320.01.0003,500,384.4129,0,İTHAL,2026-08-13,31,14,500,2,47.0167,03,DG1,4088.0464,ACIK,2026,6,27
704730,2026-06-29,SAS26002628,3,D00010,320.01.0003,2000,278.9051,2000,İTHAL,2026-09-27,31,,0,2,47.0167,03,DG1,11864.0866,KAPALI,2026,6,27
704731,2026-06-30,SAS26002629,1,D00009,320.01.0046,1000,338.23,500,YERLİ,2026-08-14,30,15,500,2,47.0167,03,DG1,7193.8269,ACIK,2026,6,27
704732,2026-06-30,SAS26002629,2,H00012,320.01.0046,10000,41.2567,0,YERLİ,2026-08-14,30,15,10000,2,47.0167,02,HM1,8774.9034,ACIK,2026,6,27
704733,2026-06-30,SAS26002629,3,H00003,320.01.0046,1000,103.2315,1000,YERLİ,2026-07-10,30,,0,2,47.0167,02,HM1,2195.6347,KAPALI,2026,6,27
704734,2026-06-30,SAS26002630,1,H00005,320.01.0003,10000,69.623,10000,İTHAL,2026-07-30,30,,0,2,47.0167,02,HM1,14808.1426,KAPALI,2026,6,27
704735,2026-06-30,SAS26002630,2,H00009,320.01.0003,120,105.8622,120,İTHAL,2026-07-10,30,,0,2,47.0167,02,HM1,270.1905,KAPALI,2026,6,27
704736,2026-06-30,SAS26002631,1,D00010,320.01.0001,5000,324.6572,5000,YERLİ,2026-07-30,30,,0,2,47.0167,03,DG1,34525.7323,KAPALI,2026,6,27
704737,2026-07-01,SAS26002632,1,H00016,320.01.0001,10000,108.3743,0,YERLİ,2026-09-29,29,61,10000,2,47.6,02,HM1,22767.7101,ACIK,2026,7,27
704738,2026-07-01,SAS26002632,2,D00010,320.01.0001,2000,287.6182,2000,YERLİ,2026-07-11,29,,0,2,47.6,03,DG1,12084.7983,KAPALI,2026,7,27
704739,2026-07-01,SAS26002633,1,D00012,320.01.0018,500,179.719,500,YERLİ,2026-07-31,29,,0,2,47.6,03,DG1,1887.8046,KAPALI,2026,7,27
704740,2026-07-01,SAS26002634,1,H00015,320.01.0013,2000,56.7119,1000,YERLİ,2026-08-15,29,16,1000,2,47.6,02,HM1,2382.8529,ACIK,2026,7,27
704741,2026-07-01,SAS26002635,1,D00002,320.01.0002,10000,90.9604,10000,YERLİ,2026-07-22,29,,0,2,47.6,03,DG1,19109.3277,KAPALI,2026,7,27
704742,2026-07-01,SAS26002635,2,D00012,320.01.0002,2000,189.8612,2000,YERLİ,2026-09-29,29,,0,2,47.6,03,DG1,7977.3613,KAPALI,2026,7,27
704743,2026-07-02,SAS26002636,1,H00015,320.01.0010,120,59.0319,120,YERLİ,2026-07-23,28,,0,2,47.6,02,HM1,148.8199,KAPALI,2026,7,27
704744,2026-07-02,SAS26002636,2,H00008,320.01.0010,250,80.322,0,YERLİ,2026-09-30,28,62,250,2,47.6,02,HM1,421.8592,ACIK,2026,7,27
704745,2026-07-02,SAS26002636,3,D00003,320.01.0010,2000,391.503,2000,YERLİ,2026-07-23,28,,0,2,47.6,03,DG1,16449.7059,KAPALI,2026,7,27
704746,2026-07-02,SAS26002637,1,H00011,320.01.0011,250,56.0139,250,YERLİ,2026-08-16,28,,0,2,47.6,02,HM1,294.1907,KAPALI,2026,7,27
704747,2026-07-02,SAS26002638,1,D00003,320.01.0027,120,414.7116,120,YERLİ,2026-08-31,28,,0,2,47.6,03,DG1,1045.4914,KAPALI,2026,7,27
704748,2026-07-03,SAS26002639,1,D00006,320.01.0003,1000,460.95,1000,İTHAL,2026-10-01,27,,0,2,47.6,03,DG1,9683.8235,KAPALI,2026,7,27
704749,2026-07-03,SAS26002639,2,D00009,320.01.0003,250,375.4872,0,İTHAL,2026-07-24,27,-6,250,2,47.6,03,DG1,1972.0966,ACIK,2026,7,27
704750,2026-07-06,SAS26002640,1,H00006,320.01.0003,120,145.7345,120,İTHAL,2026-07-16,24,,0,2,47.6,02,HM1,367.3979,KAPALI,2026,7,28
704751,2026-07-06,SAS26002640,2,H00011,320.01.0003,5000,50.703,5000,İTHAL,2026-09-04,24,,0,2,47.6,02,HM1,5325.9454,KAPALI,2026,7,28
704752,2026-07-06,SAS26002640,3,H00006,320.01.0003,250,161.0848,250,İTHAL,2026-07-27,24,,0,2,47.6,02,HM1,846.0336,KAPALI,2026,7,28
704753,2026-07-06,SAS26002641,1,H00004,320.01.0002,2000,96.8972,1000,YERLİ,2026-08-20,24,21,1000,2,47.6,02,HM1,4071.3109,ACIK,2026,7,28
704754,2026-07-06,SAS26002642,1,H00015,320.01.0017,10000,52.4072,0,YERLİ,2026-08-05,24,6,10000,2,47.6,02,HM1,11009.916,ACIK,2026,7,28
704755,2026-07-06,SAS26002642,2,H00001,320.01.0017,5000,74.4913,5000,YERLİ,2026-07-21,24,,0,2,47.6,02,HM1,7824.7164,KAPALI,2026,7,28
704756,2026-07-07,SAS26002643,1,H00003,320.01.0012,500,97.1037,500,YERLİ,2026-07-28,23,,0,2,47.6,02,HM1,1019.9968,KAPALI,2026,7,28
704757,2026-07-08,SAS26002644,1,H00014,320.01.0023,500,46.391,500,İTHAL,2026-07-18,22,,0,2,47.6,02,HM1,487.3004,KAPALI,2026,7,28
704758,2026-07-08,SAS26002644,2,D00001,320.01.0023,120,55.7735,60,İTHAL,2026-08-22,22,23,60,2,47.6,03,DG1,140.6055,ACIK,2026,7,28
704759,2026-07-08,SAS26002645,1,D00008,320.01.0001,120,406.8828,120,YERLİ,2026-07-29,22,,0,2,47.6,03,DG1,1025.755,KAPALI,2026,7,28
704760,2026-07-08,SAS26002646,1,H00007,320.01.0013,250,72.4509,250,YERLİ,2026-07-23,22,,0,2,47.6,02,HM1,380.5194,KAPALI,2026,7,28
704761,2026-07-08,SAS26002646,2,H00008,320.01.0013,2000,87.0624,0,YERLİ,2026-09-06,22,38,2000,2,47.6,02,HM1,3658.084,ACIK,2026,7,28
704762,2026-07-08,SAS26002647,1,D00006,320.01.0004,2000,394.5578,2000,YERLİ,2026-07-23,22,,0,2,47.6,03,DG1,16578.0588,KAPALI,2026,7,28
704763,2026-07-10,SAS26002648,1,H00010,320.01.0002,250,33.1627,0,YERLİ,2026-08-09,20,10,250,2,47.6,02,HM1,174.1738,ACIK,2026,7,28
704764,2026-07-10,SAS26002648,2,H00004,320.01.0002,500,94.0418,0,YERLİ,2026-08-24,20,25,500,2,47.6,02,HM1,987.834,ACIK,2026,7,28
704765,2026-07-10,SAS26002648,3,H00001,320.01.0002,5000,79.6004,0,YERLİ,2026-08-24,20,25,5000,2,47.6,02,HM1,8361.3866,ACIK,2026,7,28
704766,2026-07-10,SAS26002649,1,H00007,320.01.0004,120,68.6537,0,YERLİ,2026-09-08,20,40,120,2,47.6,02,HM1,173.0766,ACIK,2026,7,28
704767,2026-07-10,SAS26002649,2,H00005,320.01.0004,2000,80.6342,2000,YERLİ,2026-07-25,20,,0,2,47.6,02,HM1,3387.9916,KAPALI,2026,7,28
704768,2026-07-10,SAS26002649,3,D00006,320.01.0004,1000,478.6854,0,YERLİ,2026-10-08,20,70,1000,2,47.6,03,DG1,10056.416,ACIK,2026,7,28
704769,2026-07-10,SAS26002650,1,D00007,320.01.0009,5000,119.6892,0,YERLİ,2026-09-08,20,40,5000,2,47.6,03,DG1,12572.395,ACIK,2026,7,28
704770,2026-07-13,SAS26002651,1,H00008,320.01.0013,5000,95.2973,5000,YERLİ,2026-07-28,17,,0,2,47.6,02,HM1,10010.2206,KAPALI,2026,7,29
704771,2026-07-14,SAS26002652,1,H00014,320.01.0004,10000,49.6107,0,YERLİ,2026-08-04,16,5,10000,2,47.6,02,HM1,10422.416,ACIK,2026,7,29
704772,2026-07-14,SAS26002652,2,H00008,320.01.0004,10000,81.8241,0,YERLİ,2026-09-12,16,44,10000,2,47.6,02,HM1,17189.937,ACIK,2026,7,29
704773,2026-07-14,SAS26002652,3,H00016,320.01.0004,120,118.888,0,YERLİ,2026-09-12,16,44,120,2,47.6,02,HM1,299.7176,ACIK,2026,7,29
704774,2026-07-14,SAS26002653,1,D00003,320.01.0003,120,438.9253,0,İTHAL,2026-10-12,16,74,120,2,47.6,03,DG1,1106.5344,ACIK,2026,7,29
704775,2026-07-14,SAS26002654,1,D00001,320.01.0039,120,47.0828,0,YERLİ,2026-09-12,16,44,120,2,47.6,03,DG1,118.6961,ACIK,2026,7,29
704776,2026-07-14,SAS26002654,2,H00015,320.01.0039,5000,63.9351,0,YERLİ,2026-08-04,16,5,5000,2,47.6,02,HM1,6715.8718,ACIK,2026,7,29
704777,2026-07-15,SAS26002655,1,D00001,320.01.0005,5000,51.5971,5000,YERLİ,2026-07-25,15,,0,2,47.6,03,DG1,5419.8634,KAPALI,2026,7,29
704778,2026-07-15,SAS26002655,2,H00009,320.01.0005,500,127.3493,0,YERLİ,2026-08-29,15,30,500,2,47.6,02,HM1,1337.7027,ACIK,2026,7,29
704779,2026-07-15,SAS26002656,1,D00005,320.01.0001,1000,425.8888,0,YERLİ,2026-08-05,15,6,1000,2,47.6,03,DG1,8947.2437,ACIK,2026,7,29
704780,2026-07-16,SAS26002657,1,H00016,320.01.0005,120,113.3345,0,YERLİ,2026-08-06,14,7,120,2,47.6,02,HM1,285.7172,ACIK,2026,7,29
704781,2026-07-16,SAS26002657,2,H00004,320.01.0005,10000,91.8296,0,YERLİ,2026-08-06,14,7,10000,2,47.6,02,HM1,19291.9328,ACIK,2026,7,29
704782,2026-07-16,SAS26002658,1,H00002,320.01.0011,250,32.1346,0,YERLİ,2026-10-14,14,76,250,2,47.6,02,HM1,168.7742,ACIK,2026,7,29
704783,2026-07-16,SAS26002658,2,H00011,320.01.0011,500,53.5414,0,YERLİ,2026-07-31,14,1,500,2,47.6,02,HM1,562.4097,ACIK,2026,7,29
704784,2026-07-17,SAS26002659,1,D00008,320.01.0001,1000,413.1984,0,YERLİ,2026-08-16,13,17,1000,2,47.6,03,DG1,8680.6387,ACIK,2026,7,29
704785,2026-07-17,SAS26002660,1,D00006,320.01.0002,120,397.6299,0,YERLİ,2026-08-16,13,17,120,2,47.6,03,DG1,1002.4283,ACIK,2026,7,29
704786,2026-07-17,SAS26002661,1,H00005,320.01.0003,120,72.3929,0,İTHAL,2026-08-01,13,2,120,2,47.6,02,HM1,182.5031,ACIK,2026,7,29
704787,2026-07-20,SAS26002662,1,H00008,320.01.0003,10000,100.4474,0,İTHAL,2026-09-18,10,50,10000,2,47.6,02,HM1,21102.395,ACIK,2026,7,30
704788,2026-07-20,SAS26002662,2,D00008,320.01.0003,2000,466.9447,0,İTHAL,2026-09-18,10,50,2000,2,47.6,03,DG1,19619.5252,ACIK,2026,7,30
704789,2026-07-20,SAS26002663,1,D00006,320.01.0004,2000,429.9288,0,YERLİ,2026-10-18,10,80,2000,2,47.6,03,DG1,18064.2353,ACIK,2026,7,30
704790,2026-07-20,SAS26002663,2,D00001,320.01.0004,5000,53.049,0,YERLİ,2026-07-30,10,0,5000,2,47.6,03,DG1,5572.3739,ACIK,2026,7,30
704791,2026-07-20,SAS26002663,3,H00006,320.01.0004,1000,169.8325,0,YERLİ,2026-08-10,10,11,1000,2,47.6,02,HM1,3567.9097,ACIK,2026,7,30
704792,2026-07-21,SAS26002664,1,H00007,320.01.0003,120,61.8738,0,İTHAL,2026-09-04,9,36,120,2,47.6,02,HM1,155.9844,ACIK,2026,7,30
704793,2026-07-21,SAS26002665,1,H00011,320.01.0002,500,59.4074,0,YERLİ,2026-08-05,9,6,500,2,47.6,02,HM1,624.0273,ACIK,2026,7,30
704794,2026-07-21,SAS26002665,2,D00011,320.01.0002,120,13.4003,0,YERLİ,2026-10-19,9,81,120,2,47.6,03,DG1,33.7823,ACIK,2026,7,30
704795,2026-07-21,SAS26002665,3,D00010,320.01.0002,250,305.0306,0,YERLİ,2026-09-04,9,36,250,2,47.6,03,DG1,1602.0515,ACIK,2026,7,30
704796,2026-07-21,SAS26002666,1,H00010,320.01.0014,500,29.8937,0,YERLİ,2026-09-19,9,51,500,2,47.6,02,HM1,314.0095,ACIK,2026,7,30
704797,2026-07-22,SAS26002667,1,H00010,320.01.0015,120,30.0705,0,YERLİ,2026-08-06,8,7,120,2,47.6,02,HM1,75.808,ACIK,2026,7,30
704798,2026-07-22,SAS26002667,2,H00015,320.01.0015,1000,60.8771,0,YERLİ,2026-08-01,8,2,1000,2,47.6,02,HM1,1278.9307,ACIK,2026,7,30
704799,2026-07-22,SAS26002668,1,H00007,320.01.0044,5000,71.1249,0,YERLİ,2026-10-20,8,82,5000,2,47.6,02,HM1,7471.1029,ACIK,2026,7,30
704800,2026-07-22,SAS26002669,1,H00011,320.01.0004,250,47.8051,0,YERLİ,2026-08-21,8,22,250,2,47.6,02,HM1,251.0772,ACIK,2026,7,30
704801,2026-07-22,SAS26002669,2,D00001,320.01.0004,2000,46.7387,0,YERLİ,2026-08-21,8,22,2000,2,47.6,03,DG1,1963.8109,ACIK,2026,7,30
704802,2026-07-23,SAS26002670,1,D00005,320.01.0007,2000,375.7408,0,YERLİ,2026-08-13,7,14,2000,2,47.6,03,DG1,15787.4286,ACIK,2026,7,30
704803,2026-07-24,SAS26002671,1,H00016,320.01.0045,1000,123.607,0,YERLİ,2026-09-22,6,54,1000,2,47.6,02,HM1,2596.7857,ACIK,2026,7,30
704804,2026-07-24,SAS26002671,2,D00008,320.01.0045,2000,438.0997,0,YERLİ,2026-10-22,6,84,2000,2,47.6,03,DG1,18407.5504,ACIK,2026,7,30
704805,2026-07-24,SAS26002671,3,H00004,320.01.0045,500,114.4386,0,YERLİ,2026-08-03,6,4,500,2,47.6,02,HM1,1202.0861,ACIK,2026,7,30
704806,2026-07-24,SAS26002672,1,H00008,320.01.0001,500,84.636,0,YERLİ,2026-10-22,6,84,500,2,47.6,02,HM1,889.0336,ACIK,2026,7,30
704807,2026-07-24,SAS26002672,2,D00008,320.01.0001,500,492.6782,0,YERLİ,2026-08-14,6,15,500,2,47.6,03,DG1,5175.1912,ACIK,2026,7,30
704808,2026-07-24,SAS26002673,1,H00001,320.01.0027,5000,80.8915,0,YERLİ,2026-08-14,6,15,5000,2,47.6,02,HM1,8497.0063,ACIK,2026,7,30
704809,2026-07-24,SAS26002673,2,H00002,320.01.0027,10000,33.0332,0,YERLİ,2026-08-03,6,4,10000,2,47.6,02,HM1,6939.7479,ACIK,2026,7,30
704810,2026-07-24,SAS26002673,3,D00009,320.01.0027,10000,329.5449,0,YERLİ,2026-09-22,6,54,10000,2,47.6,03,DG1,69232.1218,ACIK,2026,7,30
704811,2026-07-24,SAS26002674,1,D00004,320.01.0001,250,101.295,0,YERLİ,2026-08-14,6,15,250,2,47.6,03,DG1,532.0116,ACIK,2026,7,30
704812,2026-07-27,SAS26002675,1,D00006,320.01.0014,500,417.2043,0,YERLİ,2026-08-26,3,27,500,2,47.6,03,DG1,4382.3981,ACIK,2026,7,31
704813,2026-07-27,SAS26002675,2,H00007,320.01.0014,2000,66.9877,0,YERLİ,2026-08-06,3,7,2000,2,47.6,02,HM1,2814.6092,ACIK,2026,7,31
704814,2026-07-27,SAS26002675,3,D00007,320.01.0014,120,106.0739,0,YERLİ,2026-09-25,3,57,120,2,47.6,03,DG1,267.4132,ACIK,2026,7,31
704815,2026-07-27,SAS26002676,1,H00007,320.01.0001,10000,60.8316,0,YERLİ,2026-09-10,3,42,10000,2,47.6,02,HM1,12779.7479,ACIK,2026,7,31
704816,2026-07-27,SAS26002677,1,H00002,320.01.0018,2000,27.8254,0,YERLİ,2026-08-11,3,12,2000,2,47.6,02,HM1,1169.1345,ACIK,2026,7,31
704817,2026-07-27,SAS26002677,2,D00010,320.01.0018,10000,305.8624,0,YERLİ,2026-08-26,3,27,10000,2,47.6,03,DG1,64256.8067,ACIK,2026,7,31
704818,2026-07-27,SAS26002677,3,D00011,320.01.0018,500,13.2612,0,YERLİ,2026-08-06,3,7,500,2,47.6,03,DG1,139.2983,ACIK,2026,7,31
704819,2026-07-27,SAS26002678,1,H00013,320.01.0021,2000,120.2776,0,YERLİ,2026-09-10,3,42,2000,2,47.6,02,HM1,5053.6807,ACIK,2026,7,31
704820,2026-07-27,SAS26002678,2,H00002,320.01.0021,500,31.3247,0,YERLİ,2026-08-17,3,18,500,2,47.6,02,HM1,329.041,ACIK,2026,7,31
704821,2026-07-28,SAS26002679,1,D00005,320.01.0025,120,443.5089,0,İTHAL,2026-08-07,2,8,120,2,47.6,03,DG1,1118.0897,ACIK,2026,7,31
704822,2026-07-28,SAS26002679,2,H00005,320.01.0025,500,74.2669,0,İTHAL,2026-08-12,2,13,500,2,47.6,02,HM1,780.1145,ACIK,2026,7,31
704823,2026-07-28,SAS26002680,1,D00006,320.01.0014,2000,394.9846,0,YERLİ,2026-10-26,2,88,2000,2,47.6,03,DG1,16595.9916,ACIK,2026,7,31
704824,2026-07-28,SAS26002680,2,H00014,320.01.0014,250,49.421,0,YERLİ,2026-08-18,2,19,250,2,47.6,02,HM1,259.5641,ACIK,2026,7,31
704825,2026-07-29,SAS26002681,1,H00002,320.01.0010,10000,31.2129,0,YERLİ,2026-08-08,1,9,10000,2,47.6,02,HM1,6557.3319,ACIK,2026,7,31
704826,2026-07-29,SAS26002681,2,D00012,320.01.0010,2000,185.868,0,YERLİ,2026-08-28,1,29,2000,2,47.6,03,DG1,7809.5798,ACIK,2026,7,31
704827,2026-07-29,SAS26002681,3,D00012,320.01.0010,5000,205.2725,0,YERLİ,2026-09-27,1,59,5000,2,47.6,03,DG1,21562.2374,ACIK,2026,7,31
704828,2026-07-29,SAS26002682,1,H00008,320.01.0006,120,85.4581,0,YERLİ,2026-08-13,1,14,120,2,47.6,02,HM1,215.4406,ACIK,2026,7,31
704829,2026-07-29,SAS26002682,2,H00015,320.01.0006,1000,54.8416,0,YERLİ,2026-08-19,1,20,1000,2,47.6,02,HM1,1152.1345,ACIK,2026,7,31
704830,2026-07-29,SAS26002683,1,D00002,320.01.0008,120,88.3583,0,YERLİ,2026-09-27,1,59,120,2,47.6,03,DG1,222.752,ACIK,2026,7,31
704831,2026-07-29,SAS26002684,1,D00009,320.01.0003,5000,374.2072,0,İTHAL,2026-09-12,1,44,5000,2,47.6,03,DG1,39307.479,ACIK,2026,7,31
704832,2026-07-29,SAS26002684,2,H00003,320.01.0003,250,115.1435,0,İTHAL,2026-09-12,1,44,250,2,47.6,02,HM1,604.7453,ACIK,2026,7,31
704833,2026-07-29,SAS26002685,1,H00011,320.01.0023,2000,59.392,0,İTHAL,2026-08-19,1,20,2000,2,47.6,02,HM1,2495.4622,ACIK,2026,7,31
704834,2026-07-29,SAS26002686,1,H00005,320.01.0010,500,82.6695,0,YERLİ,2026-09-27,1,59,500,2,47.6,02,HM1,868.3771,ACIK,2026,7,31
704835,2026-07-30,SAS26002687,1,H00016,320.01.0026,500,134.1787,0,YERLİ,2026-08-14,0,15,500,2,47.6,02,HM1,1409.4401,ACIK,2026,7,31
704836,2026-07-30,SAS26002688,1,H00008,320.01.0002,250,93.4085,0,YERLİ,2026-08-20,0,21,250,2,47.6,02,HM1,490.5909,ACIK,2026,7,31
704837,2026-07-30,SAS26002688,2,D00007,320.01.0002,10000,103.0928,0,YERLİ,2026-08-20,0,21,10000,2,47.6,03,DG1,21658.1513,ACIK,2026,7,31
